date,QQQ,QLD,XLU,IAU,TLT,BIL,SVXY
2006-01-03,35.2737693787,,7.9023427963,10.6420001984,47.4923286438,,
2006-01-04,35.6409301758,,7.9146895409,10.6619997025,47.6062202454,,
2006-01-05,35.7946243286,,7.8628315926,10.4720001221,47.5492591858,,
2006-01-06,36.4435844421,,7.9467921257,10.7639999390,47.4612770081,,
2006-01-09,36.5887413025,,7.8974013329,10.9300003052,47.4923286438,,
2006-01-10,36.6143569946,,7.9097495079,10.8219995499,47.1094131470,,
2006-01-11,36.8961257935,,7.8974013329,10.9099998474,47.0318107605,,
2006-01-12,36.7168121338,,7.8974013329,10.8959999084,47.3474502563,,
2006-01-13,36.6997528076,,7.9517331123,11.1079998016,47.6216888428,,
2006-01-17,36.4606590271,,8.0356979370,11.0679998398,47.8338356018,,
2006-01-18,36.0422401428,,8.0529794693,10.8199996948,47.8183441162,,
2006-01-19,36.3069534302,,8.1245965958,11.1199998856,47.6786270142,,
2006-01-20,35.2225341797,,8.0776739120,11.0459995270,47.8028335571,,
2006-01-23,35.2310638428,,8.0653257370,11.1660003662,47.7873039246,,
2006-01-24,35.3847770691,,8.1369409561,11.1540002823,47.5544357300,,
2006-01-25,35.2310638428,,8.0258121490,11.2480001450,47.0370101929,,
2006-01-26,35.4786872864,,7.9541993141,11.1700000763,46.8351821899,,
2006-01-27,35.9568939209,,7.9986481667,11.1420001984,46.8351821899,,
2006-01-30,36.0251655579,,7.9443225861,11.3540000916,46.7886161804,,
2006-01-31,35.8629531860,,7.9393854141,11.3579998016,46.9179344177,,
2006-02-01,35.9910278320,,7.9616088867,11.3660001755,46.7574996948,,
2006-02-02,35.3762321472,,7.8578906059,11.4160003662,46.8457641602,,
2006-02-03,34.9407310486,,7.8183765411,11.3159999847,47.1781387329,,
2006-02-06,34.8468132019,,7.8652977943,11.3699998856,47.2715835571,,
2006-02-07,34.6931343079,,7.8183765411,10.9320001602,47.0482940674,,
2006-02-08,35.0944328308,,7.8159098625,10.9820003510,46.9392280579,,
2006-02-09,34.7614364624,,7.8430719376,11.2500000000,47.1521339417,,
2006-02-10,34.9749069214,,7.8480148315,10.9759998322,46.8925361633,,
2006-02-13,34.5735969543,,7.8381352425,10.7419996262,46.8977012634,,
2006-02-14,34.9236869812,,7.8307271004,10.9139995575,46.7315139771,,
2006-02-15,35.1456718445,,7.8430719376,10.7639999390,46.8457641602,,
2006-02-16,35.4701728821,,7.9048132896,10.9219999313,46.8561553955,,
2006-02-17,35.1883773804,,7.9764237404,11.0080003738,47.2300300598,,
2006-02-21,34.7955894470,,7.9887733459,11.0299997330,47.1521339417,,
2006-02-22,35.2310638428,,8.0184068680,11.0679998398,47.4741210938,,
2006-02-23,35.1371383667,,8.0085296631,10.9460000992,47.3546943665,,
2006-02-24,35.2310638428,,8.0332260132,11.1499996185,47.2820014954,,
2006-02-27,35.6238632202,,8.0974330902,11.0500001907,47.2041282654,,
2006-02-28,35.0944328308,,8.0431003571,11.2100000381,47.4377899170,,
2006-03-01,35.5726089478,,8.0208749771,11.2320003510,47.1511344910,,
2006-03-02,35.5982322693,,8.0159358978,11.3599996567,46.8228569031,,
2006-03-03,35.3932952881,,7.9764237404,11.2799997330,46.5518493652,,
2006-03-06,35.0859031677,,7.8480148315,11.0679998398,46.1453781128,,
2006-03-07,34.8809700012,,7.8109712601,11.0120000839,46.1766281128,,
2006-03-08,34.8980484009,,7.8035597801,10.7980003357,46.1610488892,,
2006-03-09,34.5991935730,,7.7813377380,10.8699998856,46.1766281128,,
2006-03-10,34.6333503723,,7.8307271004,10.7799997330,46.0046653748,,
2006-03-13,34.7358207703,,7.8406071663,10.8739995956,45.9681930542,,
2006-03-14,35.3250045776,,7.9245634079,10.9960002899,46.2756652832,,
2006-03-15,35.6238632202,,7.9764237404,11.0419998169,46.0255317688,,
2006-03-16,35.3250045776,,8.0184068680,11.0679998398,46.4424438477,,
2006-03-17,35.4181404114,,7.9989981651,11.0399999619,46.3017120361,,
2006-03-20,35.5035858154,,7.8820657730,11.0459995270,46.3746604919,,
2006-03-21,35.1276168823,,7.8223514557,10.9840002060,46.1349754333,,
2006-03-22,35.2130661011,,7.8596739769,10.9659996033,46.2340049744,,
2006-03-23,35.1105155945,,7.8497209549,10.9600000381,46.0880966187,,
2006-03-24,35.2899551392,,7.8347887993,11.1540002823,46.4268074036,,
2006-03-27,35.2985076904,,7.7825436592,11.2880001068,46.2548294067,,
2006-03-28,35.1532440186,,7.7501988411,11.2279996872,45.8223342896,,
2006-03-29,35.8197326660,,7.7974729538,11.4340000153,45.6033935547,,
2006-03-30,35.9308128357,,7.7278065681,11.7259998322,45.2855224609,,
2006-03-31,35.8282890320,,7.6705822945,11.6459999084,45.2698974609,,
2006-04-03,35.8710021973,,7.6805329323,11.7119998932,45.2845611572,,
2006-04-04,36.0675277710,,7.7626399994,11.6999998093,45.2374839783,,
2006-04-05,36.4093284607,,7.8372788429,11.7539997101,45.3002738953,,
2006-04-06,36.5118560791,,7.7402477264,11.8739995956,44.9549903870,,
2006-04-07,36.1615219116,,7.6307749748,11.7440004349,44.5156059265,,
2006-04-10,36.1102676392,,7.6282854080,11.9379997253,44.5992660522,,
2006-04-11,35.8197326660,,7.5412020683,11.8339996338,44.7562141418,,
2006-04-12,35.8282890320,,7.5586180687,11.9040002823,44.4842109680,,
2006-04-13,35.9735527039,,7.5237879753,11.9359998703,44.1703453064,,
2006-04-17,35.5975608826,,7.5163249969,12.2460002899,44.3325195312,,
2006-04-18,36.2811622620,,7.6606297493,12.3999996185,44.4109992981,,
2006-04-19,36.4435195923,,7.6855096817,12.7519998550,44.1389770508,,
2006-04-20,36.3153572083,,7.7402477264,12.2100000381,44.1023483276,,
2006-04-21,35.8881111145,,7.7750816345,12.6639995575,44.3586883545,,
2006-04-24,35.8539085388,,7.8472299576,12.3400001526,44.5364990234,,
2006-04-25,35.7770195007,,7.7352714539,12.5860004425,44.0081901550,,
2006-04-26,35.7684631348,,7.6581382751,12.7600002289,43.9349403381,,
2006-04-27,36.1102676392,,7.7601490021,12.6020002365,43.9925193787,,
2006-04-28,35.7599449158,,7.7924966812,13.0360002518,44.0238800049,,
2006-05-01,35.4095954895,,7.7203392982,13.0439996719,43.6930274963,,
2006-05-02,35.5035858154,,7.8447422981,13.3380002975,43.8085784912,,
2006-05-03,35.4523048401,,7.8198571205,13.3240003586,43.7140808105,,
2006-05-04,35.7428321838,,7.8298149109,13.5159997940,43.6405563354,,
2006-05-05,36.0248107910,,8.0064630508,13.6099996567,43.9031639099,,
2006-05-08,36.0589866638,,7.9442620277,13.5360002518,43.9293518066,,
2006-05-09,35.9222602844,,7.8770890236,13.9460000992,43.9031639099,,
2006-05-10,35.6061134338,,7.9392881393,14.1099996567,43.9818840027,,
2006-05-11,34.8114662170,,7.8646454811,14.2539997101,43.7665252686,,
2006-05-12,34.3414840698,,7.7775702477,14.2440004349,43.4042053223,,
2006-05-15,34.3158531189,,7.8273282051,13.5059995651,43.5775184631,,
2006-05-16,34.0595092773,,7.7924966812,13.7180004120,43.9031639099,,
2006-05-17,33.5980873108,,7.6730690002,13.6300001144,43.6300315857,,
2006-05-18,33.3673820496,,7.6705822945,13.5159997940,44.2234458923,,
2006-05-19,33.6237144470,,7.7352714539,13.1400003433,44.3389396667,,
2006-05-22,33.2990188599,,7.7949814796,13.0939998627,44.4334907532,,
2006-05-23,32.9743232727,,7.6855096817,13.2600002289,44.4072494507,,
2006-05-24,33.1964950562,,7.7128772736,12.8159999847,44.4282531738,,
2006-05-25,33.6322746277,,7.7850294113,12.9560003281,44.2549705505,,
2006-05-26,33.7433547974,,7.8696241379,13.0200004578,44.2234458923,,
2006-05-30,33.0170669556,,7.7900099754,13.0640001297,44.2024345398,,
2006-05-31,33.1708564758,,7.9193835258,12.8400001526,43.9398880005,,
2006-06-01,33.9569778442,,7.9989981651,12.5399999619,44.1359786987,,
2006-06-02,33.8715324402,,8.0960330963,12.7200002670,44.7054138184,,
2006-06-05,33.1366767883,,7.9989981651,12.6759996414,44.6474266052,,
2006-06-06,33.1110420227,,8.0139245987,12.5080003738,44.8583297729,,
2006-06-07,32.8632507324,,7.9840707779,12.4600000381,44.8688812256,,
2006-06-08,32.8119773865,,8.0114440918,12.1820001602,44.9584960938,,
2006-06-09,32.5983581543,,8.0786199570,12.0559997559,45.1957588196,,
2006-06-12,31.9575080872,,8.0960330963,12.0159997940,45.2326583862,,
2006-06-13,31.8293113708,,7.9989981651,11.1739997864,45.2643051147,,
2006-06-14,32.1540336609,,7.9392881393,11.1199998856,44.8109016418,,
2006-06-15,33.0255928040,,8.0612010956,11.4300003052,44.5525360107,,
2006-06-16,32.7827568054,,8.0559329987,11.5380001068,44.4523582458,,
2006-06-19,32.5176696777,,7.9455423355,11.2899999619,44.3890914917,,
2006-06-20,32.5604324341,,7.9656157494,11.4499998093,44.3152885437,,
2006-06-21,33.0734901428,0.9827165604,7.9580874443,11.6899995804,44.3257789612,,
2006-06-22,32.6544990540,0.9595946074,7.9304904938,11.5500001907,44.0726966858,,
2006-06-23,32.6203041077,0.9567382932,7.9430317879,11.6199998856,43.9831008911,,
2006-06-26,32.7058029175,0.9602743387,7.9756484032,11.6520004272,43.8987274170,,
2006-06-27,32.0901756287,0.9243664742,7.9455423355,11.5539999008,44.1148834229,,
2006-06-28,32.3295707703,0.9356557727,7.9681215286,11.5200004578,43.8829307556,,
2006-06-29,33.3128814697,0.9922382236,8.0709848404,11.9200000763,44.0305709839,,
2006-06-30,33.1504325867,0.9827165604,8.1010913849,12.2460002899,44.4576301575,,
2006-07-03,33.3470726013,0.9941422343,8.1914091110,12.4840002060,44.4136924744,,
2006-07-05,32.6203041077,0.9549694657,8.1362161636,12.4960002899,44.0590629578,,
2006-07-06,32.5861015320,0.9493930340,8.0935621262,12.6099996567,44.3289947510,,
2006-07-07,32.2269783020,0.9285832047,8.1562843323,12.5399999619,44.6148376465,,
2006-07-10,31.9448013306,0.9132130742,8.2014465332,12.4300003052,44.6571807861,,
2006-07-11,32.1842269897,0.9281747341,8.2641668320,12.7980003357,44.8000679016,,
2006-07-12,31.5771389008,0.8914507031,8.2240238190,12.9899997711,44.8106460571,,
2006-07-13,31.0470123291,0.8630227447,8.1939172745,13.1199998856,44.9853591919,,
2006-07-14,30.7306385040,0.8453409672,8.1939172745,13.2159996033,45.0117797852,,
2006-07-17,30.8075847626,0.8494209647,8.2164993286,12.8059997559,45.0805854797,,
2006-07-18,30.9101943970,0.8541818261,8.2290449142,12.5719995499,44.6942176819,,
2006-07-19,31.3120727539,0.8726801276,8.3544855118,12.8380002975,45.1176719666,,
2006-07-20,30.8503379822,0.8488769531,8.3745555878,12.5159997940,45.2499961853,,
2006-07-21,30.5254154205,0.8296989799,8.3946313858,12.3699998856,45.1652946472,,
2006-07-24,31.1325073242,0.8603023887,8.4724006653,12.2159996033,45.1388511658,,
2006-07-25,31.3120727539,0.8687359095,8.5075216293,12.3380002975,45.0065155029,,
2006-07-26,31.2864189148,0.8705037236,8.5376310349,12.3999996185,45.1705970764,,
2006-07-27,31.0812015533,0.8616629243,8.4698963165,12.5920000076,45.1017761230,,
2006-07-28,31.7310485840,0.8960747719,8.5275945663,12.6300001144,45.3611030579,,
2006-07-31,31.7224864960,0.8943067789,8.4899654388,12.6520004272,45.4193916321,,
2006-08-01,31.1923427582,0.8637032509,8.5953369141,12.8879995346,45.4150848389,,
2006-08-02,31.5429439545,0.8796169758,8.5878105164,12.9460000992,45.5851364136,,
2006-08-03,31.7395839691,0.8943067789,8.5451602936,12.8299999237,45.5957603455,,
2006-08-04,31.5942420959,0.8861460686,8.5476665497,12.8719997406,45.8720970154,,
2006-08-07,31.3890247345,0.8754003644,8.4473161697,12.9259996414,45.8987274170,,
2006-08-08,31.1923427582,0.8643832207,8.5275945663,12.8219995499,45.7977676392,,
2006-08-09,31.2351055145,0.8639751673,8.5301046371,12.9420003891,45.6489372253,,
2006-08-10,31.4574298859,0.8749920130,8.5175600052,12.6639995575,45.5798377991,,
2006-08-11,31.2351055145,0.8664236665,8.4974899292,12.5600004196,45.3831787109,,
2006-08-14,31.4403305054,0.8743122816,8.5551910400,12.4560003281,45.3034820557,,
2006-08-15,32.2355232239,0.9198777676,8.6103897095,12.3999996185,45.6861457825,,
2006-08-16,32.9965209961,0.9636746049,8.5301046371,12.4799995422,45.9943618774,,
2006-08-17,33.1162185669,0.9697961211,8.5200748444,12.2299995422,45.9783897400,,
2006-08-18,33.1675186157,0.9684354067,8.6154108047,12.2200002670,46.1112670898,,
2006-08-21,32.8511657715,0.9507539868,8.6329736710,12.4940004349,46.2760009766,,
2006-08-22,32.8597106934,0.9532015920,8.6630744934,12.4280004501,46.2919502258,,
2006-08-23,32.6117477417,0.9371521473,8.5727529526,12.3859996796,46.3132171631,,
2006-08-24,32.7058029175,0.9443607330,8.6078824997,12.3520002365,46.3982048035,,
2006-08-25,32.7656555176,0.9480334520,8.6078824997,12.3500003815,46.4673423767,,
2006-08-28,33.0136222839,0.9616351128,8.6731138229,12.1899995804,46.5098152161,,
2006-08-29,33.1162185669,0.9677554965,8.6806344986,12.2100000381,46.5736007690,,
2006-08-30,33.2701416016,0.9763247371,8.6354742050,12.3120002747,46.6958732605,,
2006-08-31,33.2359275818,0.9752367139,8.7232894897,12.4639997482,46.8074150085,,
2006-09-01,33.4154930115,0.9840776920,8.7308158875,12.4560003281,46.8234214783,,
2006-09-05,33.7404022217,1.0017591715,8.6379871368,12.7139997482,46.5299720764,,
2006-09-06,33.0649223328,0.9627231956,8.6053705215,12.5819997787,46.4659576416,,
2006-09-07,32.9110145569,0.9541538358,8.6179132462,12.2620000839,46.5566482544,,
2006-09-08,33.1076736450,0.9636746049,8.6179132462,12.1359996796,46.5940017700,,
2006-09-11,33.3128814697,0.9765965343,8.5878105164,11.7180004120,46.5513420105,,
2006-09-12,33.9285430908,1.0145449638,8.5426502228,11.6979999542,46.7860832214,,
2006-09-13,34.1594047546,1.0262421370,8.5602159500,11.7320003510,46.8074150085,,
2006-09-14,34.1935958862,1.0251541138,8.5250835419,11.4440002441,46.7007217407,,
2006-09-15,34.3159332275,1.0350834131,8.5281248093,11.4879999161,46.6633567810,,
2006-09-18,34.3244972229,1.0342671871,8.5028333664,11.6619997025,46.5886459351,,
2006-09-19,34.0934867859,1.0217536688,8.5205373764,11.3819999695,47.1115531921,,
2006-09-20,34.5897140503,1.0520856380,8.5078878403,11.4600000381,47.1809005737,,
2006-09-21,34.3758201599,1.0384838581,8.4952421188,11.6040000916,47.6130599976,,
2006-09-22,34.1106224060,1.0205295086,8.4851245880,11.7119998932,47.8478317261,,
2006-09-25,34.7095069885,1.0582058430,8.6039953232,11.6899995804,48.1839752197,,
2006-09-26,34.8806190491,1.0669112206,8.5913524628,11.7500000000,47.9812393188,,
2006-09-27,34.8378257751,1.0614705086,8.7102184296,11.9700002670,47.8425102234,,
2006-09-28,34.9319114685,1.0677279234,8.6824007034,11.9600000381,47.7624893188,,
2006-09-29,34.7779312134,1.0595664978,8.5964107513,11.9040002823,47.7037811279,,
2006-10-02,34.3415832520,1.0337233543,8.6596364975,11.8199996948,47.8345069885,,
2006-10-03,34.4870491028,1.0410685539,8.6950445175,11.4300003052,47.7702445984,,
2006-10-04,35.3340530396,1.0888097286,8.7304544449,11.2740001678,48.1183967590,,
2006-10-05,35.5051689148,1.1030917168,8.7026348114,11.3920001984,47.7808990479,,
2006-10-06,35.4281501770,1.0969707966,8.6545782089,11.3699998856,47.2827377319,,
2006-10-09,35.5479278564,1.1024107933,8.6469888687,11.4340000153,47.4113006592,,
2006-10-10,35.6078071594,1.1085325480,8.7102184296,11.3859996796,47.0363464355,,
2006-10-11,35.5393753052,1.1044516563,8.7304544449,11.3699998856,46.8970870972,,
2006-10-12,36.1040344238,1.1411765814,8.7279214859,11.4840002060,46.9238510132,,
2006-10-13,36.3008003235,1.1498817205,8.7380399704,11.7200002670,46.6881561279,,
2006-10-16,36.3350334167,1.1520577669,8.7810335159,11.8360004425,46.8970870972,,
2006-10-17,35.9329299927,1.1296145916,8.8189678192,11.7259998322,46.9345703125,,
2006-10-18,35.7618217468,1.1139734983,8.9150781631,11.7119998932,47.0309791565,,
2006-10-19,35.8473701477,1.1234937906,8.9504852295,11.9079999924,46.9452896118,,
2006-10-20,35.9329299927,1.1262141466,9.0061216354,11.7419996262,46.8970870972,,
2006-10-23,36.3008003235,1.1463445425,9.0162372589,11.5459995270,46.7095947266,,
2006-10-24,36.0526924133,1.1354635954,9.0238285065,11.6400003433,46.7095947266,,
2006-10-25,36.3008003235,1.1493374109,9.1199350357,11.7460002899,47.0791740417,,
2006-10-26,36.6344757080,1.1676989794,9.0794658661,11.8459997177,47.3845252991,,
2006-10-27,36.1125831604,1.1346476078,9.0465888977,11.8900003433,47.6041526794,,
2006-10-30,36.3435859680,1.1479767561,9.0415277481,11.9820003510,47.7380638123,,
2006-10-31,36.4291534424,1.1547778845,9.0516462326,12.0260000229,48.1076316833,,
2006-11-01,35.9329299927,1.1234937906,9.1072883606,12.2980003357,48.3738441467,,
2006-11-02,35.9671516418,1.1245818138,9.0642957687,12.3999996185,48.1748886108,,
2006-11-03,35.8730239868,1.1180533171,8.9985361099,12.4779996872,47.6048851013,,
2006-11-06,36.3949241638,1.1432160139,8.9580688477,12.3940000534,47.7446937561,,
2006-11-07,36.6430282593,1.1663393974,8.9277210236,12.4200000763,47.9651489258,,
2006-11-08,36.8141517639,1.1821173429,9.0162372589,12.2360000610,48.1372375488,,
2006-11-09,36.6430282593,1.1656595469,9.0137071609,12.6059999466,48.1103477478,,
2006-11-10,36.8141517639,1.1785802841,9.0819988251,12.4960002899,48.3200454712,,
2006-11-13,37.1905784607,1.1976226568,9.0794658661,12.4259996414,48.3093109131,,
2006-11-14,37.5841140747,1.2282266617,9.1022262573,12.3319997787,48.4975280762,,
2006-11-15,37.7381248474,1.2359796762,9.0718822479,12.3780002594,48.3146858215,,
2006-11-16,37.9006690979,1.2486289740,9.1047582626,12.2659997940,48.0942344666,,
2006-11-17,37.9006690979,1.2459082603,9.1148748398,12.3540000916,48.3684883118,,
2006-11-20,37.9776802063,1.2506691217,9.0845251083,12.3540000916,48.4437522888,,
2006-11-21,38.0290031433,1.2540695667,9.0997009277,12.4700002670,48.5620384216,,
2006-11-22,38.2685585022,1.2698473930,9.1199350357,12.5439996719,48.6426734924,,
2006-11-24,38.2001152039,1.2618223429,9.1553373337,12.6979999542,48.7287330627,,
2006-11-27,37.3360099792,1.2049680948,9.0541763306,12.7399997711,48.9061698914,,
2006-11-28,37.4472427368,1.2085038424,9.1199350357,12.7080001831,49.0083503723,,
2006-11-29,37.7039222717,1.2282266617,9.2337446213,12.6479997635,48.8954238892,,
2006-11-30,37.6782493591,1.2244185209,9.2919120789,12.8839998245,49.2180519104,,
2006-12-01,37.3531379700,1.2080967426,9.2868547440,12.8299999237,49.3432884216,,
2006-12-04,37.8664512634,1.2384276390,9.3601989746,12.8360004425,49.4296607971,,
2006-12-05,38.0033378601,1.2444124222,9.3829593658,12.7779998779,49.1975631714,,
2006-12-06,37.8664512634,1.2352995872,9.3374366760,12.5360002518,49.1003952026,,
2006-12-07,37.3873519897,1.2051037550,9.3273181915,12.5520000458,49.0625839233,,
2006-12-08,37.5584640503,1.2173454762,9.2994995117,12.4139995575,48.7063980103,,
2006-12-11,37.6953468323,1.2268662453,9.3500843048,12.5279998779,48.9168930054,,
2006-12-12,37.4729042053,1.2108166218,9.3854875565,12.5179996490,49.0194206238,,
2006-12-13,37.5413436890,1.2139440775,9.4208965302,12.4940004349,48.5822868347,,
2006-12-14,37.9605751038,1.2397878170,9.4360761642,12.4280004501,48.4041519165,,
2006-12-15,38.0582275391,1.2479488850,9.4273939133,12.2220001221,48.4311027527,,
2006-12-18,37.6813125610,1.2193851471,9.3610410690,12.2200002670,48.4473304749,,
2006-12-19,37.5613975525,1.2146252394,9.4018735886,12.3699998856,48.3825721741,,
2006-12-20,37.4243583679,1.2062405348,9.3712482452,12.3400001526,48.3771705627,,
2006-12-21,37.1588172913,1.1895878315,9.3661403656,12.2840003967,48.6199951172,,
2006-12-22,36.7733230591,1.1671425104,9.3329677582,12.3179998398,48.2475852966,,
2006-12-26,36.9275283813,1.1729351282,9.3789043427,12.3940000534,48.3933334351,,
2006-12-27,37.1159667969,1.1843743324,9.4299449921,12.4759998322,48.0375442505,,
2006-12-28,36.9360923767,1.1743828058,9.3737993240,12.6099996567,47.9292106628,,
2006-12-29,36.9703483582,1.1735137701,9.3712482452,12.6499996185,47.8913078308,,
2007-01-03,37.0388946533,1.1772797108,9.3967638016,12.4600000381,48.2324943542,,
2007-01-04,37.7412757874,1.2195628881,9.3840093613,12.3439998627,48.5249710083,,
2007-01-05,37.5613975525,1.2018963099,9.2155694962,12.0419998169,48.3137207031,,
2007-01-08,37.5870819092,1.2094258070,9.2104663849,12.1079998016,48.4003715515,,
2007-01-09,37.7755470276,1.2241970301,9.2181224823,12.1879997253,48.4003715515,,
2007-01-10,38.2209739685,1.2561990023,9.2206716537,12.1400003433,48.1837501526,,
2007-01-11,38.6150131226,1.2771958113,9.2308797836,12.1499996185,47.9020957947,,
2007-01-12,38.8120346069,1.2902288437,9.1543207169,12.4399995804,47.6800994873,,
2007-01-16,38.7863082886,1.2902288437,9.1823930740,12.3999996185,47.7829933167,,
2007-01-17,38.4693641663,1.2667695284,9.2028093338,12.5520000458,47.6367950439,,
2007-01-18,37.7584190369,1.2149293423,9.1977062225,12.4499998093,47.7829933167,,
2007-01-19,37.8354911804,1.2185492516,9.2002582550,12.6239995956,47.6529922485,,
2007-01-22,37.4243583679,1.1946561337,9.1977062225,12.5679998398,47.7667427063,,
2007-01-23,37.3300933838,1.1890085936,9.2513017654,12.8559999466,47.4526519775,,
2007-01-24,37.9468688965,1.2250653505,9.2819242477,12.8819999695,47.4472084045,,
2007-01-25,37.4586105347,1.1917603016,9.2742691040,12.8260002136,47.1060066223,,
2007-01-26,37.3215522766,1.1835054159,9.2513017654,12.8360004425,47.0681076050,,
2007-01-29,37.3558273315,1.1904560328,9.2819242477,12.7720003128,46.9651985168,,
2007-01-30,37.3729515076,1.1936424971,9.3099966049,12.8599996567,47.0193557739,,
2007-01-31,37.7498550415,1.2084121704,9.3380670547,12.9700002670,47.4147300720,,
2007-02-01,37.6899070740,1.2098605633,9.4171800613,13.0559997559,47.3576393127,,
2007-02-02,37.8269309998,1.2202868462,9.4682273865,12.8699998856,47.4174385071,,
2007-02-05,37.7926673889,1.2160875797,9.5703086853,12.8680000305,47.4826927185,,
2007-02-06,37.7412757874,1.2105846405,9.6213493347,12.9739999771,47.7437248230,,
2007-02-07,38.0839042664,1.2394013405,9.6570816040,12.9479999542,47.8851089478,,
2007-02-08,38.0753555298,1.2398360968,9.6749439240,13.1160001755,47.9231414795,,
2007-02-09,37.5870819092,1.2011723518,9.7081232071,13.2399997711,47.6512489319,,
2007-02-12,37.4414634705,1.1916151047,9.6723899841,13.1459999084,47.5425262451,,
2007-02-13,37.5699653625,1.2046478987,9.7566127777,13.1840000153,47.4391860962,,
2007-02-14,38.2038307190,1.2407041788,9.8255147934,13.2899999619,47.8905143738,,
2007-02-15,38.4265556335,1.2538824081,9.7412977219,13.3000001907,48.0319137573,,
2007-02-16,38.2980766296,1.2496830225,9.7591629028,13.2840003967,48.2004547119,,
2007-02-20,38.5893135071,1.2641634941,9.7846860886,13.0740003586,48.3092269897,,
2007-02-21,38.7092285156,1.2724174261,9.7438497543,13.4720001221,48.2276992798,,
2007-02-22,38.9062461853,1.2858843803,9.7566127777,13.4540004730,47.9666328430,,
2007-02-23,38.7691574097,1.2742996216,9.8689022064,13.5559997559,48.3092269897,,
2007-02-26,38.5807418823,1.2627147436,10.1036920547,13.6479997635,48.6300544739,,
2007-02-27,36.9960556030,1.1410770416,9.7361927032,13.1499996185,49.2445220947,,
2007-02-28,37.1159667969,1.1655491590,9.8331747055,13.2959995270,49.0215873718,,
2007-03-01,36.9446563721,1.1533854008,9.8637952805,13.1739997864,48.9904747009,,
2007-03-02,36.3878631592,1.1129853725,9.7106761932,12.7379999161,49.2360687256,,
2007-03-05,36.1051979065,1.0976353884,9.5881729126,12.6040000916,49.3179626465,,
2007-03-06,36.7048110962,1.1377465725,9.7310857773,12.8559999466,49.1705780029,,
2007-03-07,36.5591888428,1.1273207664,9.7106761932,12.8900003433,49.3616294861,,
2007-03-08,36.8075981140,1.1483178139,9.7617168427,12.9280004501,49.3179626465,,
2007-03-09,36.7733230591,1.1442632675,9.7489519119,12.8900003433,48.7994003296,,
2007-03-12,37.0131835938,1.1548340321,9.8459310532,12.9060001373,48.9904747009,,
2007-03-13,36.2936515808,1.1111018658,9.7132263184,12.7679996490,49.2852554321,,
2007-03-14,36.8247375488,1.1419464350,9.7617168427,12.8120002747,49.0614242554,,
2007-03-15,36.7390747070,1.1387602091,9.8867673874,12.8240003586,49.0559883118,,
2007-03-16,36.7107887268,1.1345609426,9.8529005051,12.9399995804,49.0450401306,,
2007-03-19,37.0879325867,1.1574401855,9.9247388840,12.9820003510,48.9413604736,,
2007-03-20,37.3536338806,1.1729351282,10.0684328079,13.0500001907,48.9686470032,,
2007-03-21,38.0736083984,1.2163769007,10.1864595413,13.1680002213,48.9904747009,,
2007-03-22,37.9364776611,1.2091369629,10.1761941910,13.1700000763,48.6029434204,,
2007-03-23,37.8164749146,1.1985650063,10.2249479294,13.0459995270,48.4664459229,,
2007-03-26,37.9707870483,1.2078329325,10.2685670853,13.1800003052,48.5265083313,,
2007-03-27,37.7050552368,1.1949734688,10.2531690598,13.1520004272,48.4446411133,,
2007-03-28,37.3022117615,1.1702077389,10.2326431274,13.2299995422,48.3463325500,,
2007-03-29,37.3450737000,1.1687595844,10.2916574478,13.1379995346,48.2808341980,,
2007-03-30,37.3107948303,1.1728142500,10.1864595413,13.1660003662,48.1880683899,,
2007-04-02,37.3621940613,1.1684694290,10.4302158356,13.1820001602,48.2680435181,,
2007-04-03,37.8507728577,1.2022141218,10.4430465698,13.1820001602,48.2077827454,,
2007-04-04,38.0050430298,1.2093116045,10.3968591690,13.3780002594,48.2571029663,,
2007-04-05,38.1936264038,1.2223453522,10.4430465698,13.3900003433,48.0762710571,,
2007-04-09,38.0993347168,1.2164075375,10.5200233459,13.3199996948,47.7585105896,,
2007-04-10,38.2964782715,1.2258212566,10.5225849152,13.4239997864,47.9009742737,,
2007-04-11,37.8936195374,1.2007662058,10.4969282150,13.4239997864,47.8680877686,,
2007-04-12,38.1936264038,1.2216209173,10.4507446289,13.4119997025,47.8790550232,,
2007-04-13,38.2707595825,1.2259660959,10.4481792450,13.5819997787,47.7311477661,,
2007-04-16,38.6221809387,1.2474004030,10.5097589493,13.6879997253,47.9941101074,,
2007-04-17,38.7078819275,1.2524695396,10.5585088730,13.6199998856,48.2625808716,,
2007-04-18,38.5793380737,1.2476905584,10.6354875565,13.6899995804,48.5036277771,,
2007-04-19,38.6993370056,1.2487044334,10.5841674805,13.5299997330,48.4214782715,,
2007-04-20,38.9136123657,1.2675317526,10.6662721634,13.7340002060,48.2954635620,,
2007-04-23,38.9736099243,1.2681103945,10.7458200455,13.6680002213,48.4707489014,,
2007-04-24,39.1707611084,1.2782496214,10.8227949142,13.5679998398,48.6516036987,,
2007-04-25,39.6935958862,1.3150348663,10.8535823822,13.5979995728,48.4817276001,,
2007-04-26,39.8992958069,1.3287936449,10.8176574707,13.3819999695,48.1310958862,,
2007-04-27,39.9164466858,1.3302417994,10.7278556824,13.5200004578,48.1201438904,,
2007-04-30,39.3935966492,1.2954829931,10.6868028641,13.4399995804,48.6241455078,,
2007-05-01,39.3592987061,1.3034486771,10.7740430832,13.3599996567,48.6593666077,,
2007-05-02,39.7878799438,1.3201043606,10.8330554962,13.3479995728,48.6318626404,,
2007-05-03,39.9335899353,1.3302417994,10.8202304840,13.5159997940,48.5219001770,,
2007-05-04,39.9678764343,1.3334285021,10.7997035980,13.6520004272,48.7198448181,,
2007-05-07,39.9678764343,1.3303871155,10.9279937744,13.6639995575,48.8518180847,,
2007-05-08,40.0535926819,1.3296626806,10.8792419434,13.5920000076,48.7418174744,,
2007-05-09,40.1393127441,1.3395105600,10.8869409561,13.5059995651,48.5493927002,,
2007-05-10,39.5907249451,1.3059105873,10.7766094208,13.2159996033,48.6648521423,,
2007-05-11,40.0964584351,1.3366141319,10.8279294968,13.3100004196,48.4944000244,,
2007-05-14,39.8221740723,1.3173521757,10.8715476990,13.2740001678,48.3679161072,,
2007-05-15,39.5135955811,1.2983796597,10.9305582047,13.3319997787,48.3514480591,,
2007-05-16,39.8992958069,1.3225660324,10.9562158585,13.1379995346,48.3184394836,,
2007-05-17,39.7107391357,1.3083735704,10.9305582047,13.0340003967,48.1204643250,,
2007-05-18,40.0364456177,1.3298076391,10.9895744324,13.1199998856,47.8015632629,,
2007-05-21,40.2935791016,1.3483458757,10.9741773605,13.1540002823,47.9445152283,,
2007-05-22,40.3278579712,1.3499382734,10.9536542892,13.0679998398,47.6970291138,,
2007-05-23,40.1393127441,1.3380628824,10.7817411423,13.1280002594,47.5596122742,,
2007-05-24,39.5650100708,1.3002628088,10.5405492783,12.9680004120,47.6035461426,,
2007-05-25,39.8136062622,1.3141661882,10.5456771851,12.9980001450,47.4936218262,,
2007-05-29,40.1221504211,1.3309662342,10.5764713287,13.0419998169,47.4881286621,,
2007-05-30,40.4478683472,1.3545728922,10.7073259354,12.9580001831,47.5870895386,70.3773345947,
2007-05-31,40.6364250183,1.3716628551,10.7355556488,13.1180000305,47.4990921021,70.3773345947,
2007-06-01,40.6621475220,1.3705043793,10.6765422821,13.3120002747,47.2495880127,70.3927459717,
2007-06-04,40.7821350098,1.3744146824,10.6354875565,13.3100004196,47.4648857117,70.4080810547,
2007-06-05,40.7821350098,1.3762972355,10.4943618774,13.2779998779,47.1667747498,70.4080810547,
2007-06-06,40.3450050354,1.3448703289,10.3275833130,13.3000001907,47.1446952820,70.4388198853,
2007-06-07,39.7193260193,1.2999728918,10.0068483353,13.0699996948,46.3000640869,70.4234771729,
2007-06-08,40.2078666687,1.3348762989,10.0786924362,12.8479995728,46.2614402771,70.4388198853,
2007-06-11,40.1307411194,1.3295178413,10.2121133804,12.9619998932,46.1289405823,70.4695587158,
2007-06-12,39.8907318115,1.3115590811,10.0453414917,12.8360004425,45.4609794617,70.4080810547,
2007-06-13,40.3278579712,1.3374835253,10.2454748154,12.9239997864,46.0019493103,70.4695587158,
2007-06-14,40.5935592651,1.3610906601,10.3096199036,12.9300003052,45.8860168457,70.5002746582,
2007-06-15,40.9684333801,1.3867247105,10.4481029510,12.9860000610,46.2006835938,70.5617523193,
2007-06-18,40.9770050049,1.3852761984,10.3344211578,13.0120000839,46.1068038940,70.5771255493,
2007-06-19,40.9684333801,1.3835387230,10.4015951157,13.1059999466,46.5374488831,70.5771255493,
2007-06-20,40.5824317932,1.3587733507,10.1303205490,12.9399995804,46.1620597839,70.5924987793,
2007-06-21,40.9512863159,1.3842631578,10.1949119568,12.9079999924,45.9412155151,70.5924987793,
2007-06-22,40.5652580261,1.3571805954,10.0011386871,12.9799995422,46.2393379211,70.6539306641,
2007-06-25,40.3937034607,1.3505178690,10.0553941727,12.9060001373,46.4932479858,70.6231536865,
2007-06-26,40.1621017456,1.3353114128,10.0011386871,12.7460002899,46.5043029785,70.6385726929,
2007-06-27,40.7797241211,1.3657250404,10.1484012604,12.7600002289,46.5484809875,70.6231536865,
2007-06-28,40.7625617981,1.3692010641,10.1458234787,12.8839998245,46.5374488831,70.6539306641,
2007-06-29,40.8311843872,1.3777450323,10.2259149551,12.8819999695,47.0177154541,70.6847000122,
2007-07-02,41.2000465393,1.3952701092,10.3731775284,13.0200004578,47.2648658752,70.7047729492,
2007-07-03,41.4402275085,1.4113454819,10.3731775284,12.9600000381,46.9767227173,70.7047729492,
2007-07-05,41.7404518127,1.4274214506,10.3525075912,12.8999996185,46.4502868652,70.7047729492,
2007-07-06,41.9120140076,1.4446562529,10.2982530594,13.0159997940,46.2618370056,70.7356414795,
2007-07-09,41.9377441406,1.4459588528,10.3137521744,13.0900001526,46.4280815125,70.7510528564,
2007-07-10,41.5860481262,1.4223520756,10.2181606293,13.1420001984,47.2149810791,70.7664489746,
2007-07-11,41.8691253662,1.4463942051,10.2439937592,13.0860004425,46.7273330688,70.7664489746,
2007-07-12,42.5124626160,1.4837591648,10.3731775284,13.1999998093,46.5666427612,70.7819213867,
2007-07-13,42.8041191101,1.5056283474,10.5281896591,13.2019996643,46.6940765381,70.7973403931,
2007-07-16,42.7612228394,1.5040346384,10.3757629395,13.1820001602,47.1429824829,70.8127746582,
2007-07-17,43.0871696472,1.5190972090,10.3861017227,13.1619997025,47.0431938171,70.8436279297,
2007-07-18,43.0357284546,1.5206904411,10.4636030197,13.3400001526,47.2205352783,70.8282318115,
2007-07-19,43.1643943787,1.5273525715,10.6315383911,13.4239997864,47.2094650269,70.8436279297,
2007-07-20,42.9327964783,1.5144624710,10.5152711868,13.5299997330,47.6361732483,70.8745269775,
2007-07-23,42.9499473572,1.5120005608,10.5256147385,13.4860000610,47.5585823059,70.8745269775,
2007-07-24,42.3151741028,1.4708696604,10.2104072571,13.5039997101,47.7358741760,70.8745269775,
2007-07-25,42.3752250671,1.4728976488,10.2310771942,13.3760004044,47.8301010132,70.8899688721,
2007-07-26,42.0149459839,1.4403105974,9.9985523224,13.1339998245,48.2290992737,70.9054107666,
2007-07-27,41.1657447815,1.3829586506,9.7014389038,13.1000003815,48.3676795959,70.9362030029,
2007-07-30,41.6460876465,1.4219183922,9.8357877731,13.1540002823,48.2290992737,70.8745269775,
2007-07-31,40.7711448669,1.3613799810,9.8177022934,13.1820001602,48.5782814026,70.9671096802,
2007-08-01,41.0885391235,1.3778907061,10.0398960114,13.1940002441,48.4730949402,70.9438400269,
2007-08-02,41.4659767151,1.4051184654,10.1484012604,13.1840000153,48.5955200195,70.9594039917,
2007-08-03,40.6767807007,1.3493589163,9.8047857285,13.3660001755,48.9181861877,70.9283752441,
2007-08-06,41.1485671997,1.3758624792,10.1122331619,13.3159999847,48.5621223450,71.0058822632,
2007-08-07,41.4402275085,1.3928077221,10.2956705093,13.3100004196,48.5231781006,71.0213775635,
2007-08-08,41.8948440552,1.4336489439,10.4455175400,13.3500003815,47.9334411621,70.9903945923,
2007-08-09,40.9255409241,1.3621035814,10.2569141388,13.1020002365,48.0002174377,71.0523376465,
2007-08-10,40.5566787720,1.3364695311,10.0786466599,13.3339996338,47.8889617920,71.0988311768,
2007-08-13,40.8311843872,1.3538488150,10.1303205490,13.2539997101,48.0280380249,71.1143493652,
2007-08-14,40.1363792419,1.3106906414,9.9597978592,13.2539997101,48.1559524536,71.0988311768,
2007-08-15,39.3729209900,1.2621732950,9.8254470825,13.2279996872,47.9835472107,71.1143493652,
2007-08-16,38.9869155884,1.2332077026,9.8952093124,12.9239997864,48.4786758423,71.2073135376,
2007-08-17,39.7246360779,1.2770906687,9.9804677963,13.0279998779,48.2839775085,71.2537994385,
2007-08-20,39.9133491516,1.2853456736,10.0347261429,13.0159997940,48.3117752075,71.3158416748,
2007-08-21,40.3336830139,1.3215521574,10.0243883133,13.0340003967,48.5454101562,71.3003234863,
2007-08-22,40.8826446533,1.3524012566,10.1406526566,13.1000003815,48.4675254822,71.3003234863,
2007-08-23,40.7711448669,1.3468973637,10.1716585159,13.0520000458,48.6344490051,71.2537994385,
2007-08-24,41.3458747864,1.3867247105,10.2336616516,13.2379999161,48.8736724854,71.2382888794,
2007-08-27,41.0713806152,1.3594974279,9.9727182388,13.2220001221,49.1296119690,71.1453399658,
2007-08-28,40.0934829712,1.3012762070,9.8177022934,13.1180000305,49.2130355835,71.2227783203,
2007-08-29,41.2429389954,1.3728214502,10.0114746094,13.2299995422,49.0794982910,71.2693252563,
2007-08-30,41.4573745728,1.3939660788,9.9933872223,13.1719999313,49.4077529907,71.2848281860,
2007-08-31,41.9205856323,1.4182970524,9.9727182388,13.3280000687,49.4467124939,71.2693252563,
2007-09-04,42.6154174805,1.4678282738,10.1664886475,13.5080003738,49.4701271057,71.2802200317,
2007-09-05,42.1865234375,1.4375597239,10.1406526566,13.5240001678,49.8667488098,71.2957763672,
2007-09-06,42.1521987915,1.4337937832,10.1535692215,13.7939996719,49.7382659912,71.2957763672,
2007-09-07,41.3715896606,1.3864344358,10.0786466599,13.8859996796,50.4421119690,71.3424530029,
2007-09-10,41.3458747864,1.3842631578,10.0863933563,13.9359998703,50.8331298828,71.3579635620,
2007-09-11,41.9720573425,1.4193112850,10.1535692215,14.1059999466,50.7940330505,71.2802200317,
2007-09-12,41.9806289673,1.4255387783,10.2388286591,14.1059999466,50.6041183472,71.3891067505,
2007-09-13,42.1865234375,1.4317663908,10.2594966888,14.0299997330,50.1516494751,71.3735198975,
2007-09-14,42.2208137512,1.4316209555,10.2569141388,14.0360002518,50.2242813110,71.4202194214,
2007-09-17,41.8691253662,1.4075800180,10.2646665573,14.2139997482,50.4644699097,71.4513168335,
2007-09-18,42.9242019653,1.4810081720,10.5023565292,14.3400001526,50.0846366882,71.4046478271,
2007-09-19,43.0357284546,1.4898424149,10.6186189651,14.3159999847,49.6209983826,71.4357452393,
2007-09-20,42.9156455994,1.4802832603,10.4739341736,14.5640001297,48.6825332642,71.3891067505,
2007-09-21,43.2211761475,1.4982416630,10.4905881882,14.4919996262,49.0958824158,71.4202194214,
2007-09-24,43.4185638428,1.5144624710,10.5296182632,14.4759998322,49.2355537415,71.4824218750,
2007-09-25,43.8305473328,1.5408210754,10.5426254272,14.4919996262,49.0623931885,71.4979476929,
2007-09-26,44.0450859070,1.5545805693,10.5946598053,14.4359998703,49.1070861816,71.4202194214,
2007-09-27,44.2682380676,1.5750008821,10.5192070007,14.5459995270,49.4477920532,71.4357452393,
2007-09-28,44.1223182678,1.5655871630,10.3552923203,14.7259998322,49.5595359802,71.4046478271,
2007-10-01,44.6286849976,1.5923801661,10.4957962036,14.8079996109,49.8427467346,71.4827346802,
2007-10-02,44.6372680664,1.5960006714,10.5348205566,14.5019998550,49.9997367859,71.4358367920,
2007-10-03,44.3283233643,1.5713803768,10.5009927750,14.4219999313,49.8539543152,71.4514694214,
2007-10-04,44.4312934875,1.5786210299,10.5582361221,14.6199998856,50.0446166992,71.5295486450,
2007-10-05,45.3324394226,1.6516146660,10.6414947510,14.7080001831,49.5062561035,71.4514694214,
2007-10-08,45.6156921387,1.6640701294,10.6258850098,14.5220003128,49.4670028687,71.5607452393,
2007-10-09,45.8130722046,1.6828972101,10.7429742813,14.6140003204,49.4053153992,71.5139541626,
2007-10-10,45.9246406555,1.6923108101,10.6623106003,14.6920003891,49.4333610535,71.5763626099,
2007-10-11,45.1951293945,1.6430695057,10.7715873718,14.8059997559,49.3828697205,71.5607452393,
2007-10-12,45.9417877197,1.6905728579,10.7429742813,14.8579998016,49.1417312622,71.5763626099,
2007-10-15,45.5899162292,1.6623325348,10.6649169922,15.0419998169,49.1529693604,71.5451660156,
2007-10-16,45.3753700256,1.6546559334,10.6388950348,15.0360002518,49.1697921753,71.5920028687,
2007-10-17,45.9589691162,1.6899939775,10.6675167084,14.9420003891,49.7080879211,71.6231842041,
2007-10-18,46.1563529968,1.7014353275,10.5738487244,15.1899995804,49.9829521179,71.6231842041,
2007-10-19,45.0063018799,1.6200423241,10.3396835327,15.1660003662,50.7287750244,71.6856460571,
2007-10-22,45.5470085144,1.6542221308,10.4125337601,14.9379997253,50.7343826294,71.6544189453,
2007-10-23,46.4996643066,1.7115736008,10.4177389145,15.0439996719,50.6670684814,71.6544189453,
2007-10-24,46.1477851868,1.7010006905,10.4073333740,15.1379995346,51.0428085327,71.6856460571,
2007-10-25,45.5298576355,1.6817388535,10.6623106003,15.2320003510,50.8689765930,71.6700363159,
2007-10-26,46.2851066589,1.7028839588,10.8080129623,15.5579996109,50.7511901855,71.6388244629,
2007-10-29,46.4739151001,1.7195383310,10.9042825699,15.6479997635,50.9474945068,71.7012634277,
2007-10-30,46.5683059692,1.7198287249,10.9172906876,15.4980001450,50.9194335938,71.6700363159,
2007-10-31,47.2291641235,1.7737045288,11.0447807312,15.7200002670,50.4595985413,71.6856460571,
2007-11-01,46.3451919556,1.7205524445,10.8184242249,15.6239995956,51.1152534485,71.7342071533,
2007-11-02,46.7056465149,1.7388013601,10.9068822861,15.9879999161,51.2785835266,71.7812347412,
2007-11-05,46.4052658081,1.7176558971,11.0265693665,15.9720001221,51.2560691833,71.7812347412,
2007-11-06,46.9287910461,1.7458975315,11.0369777679,16.2819995880,51.0081863403,71.7812347412,
2007-11-07,45.7873001099,1.6642147303,10.7845973969,16.4880008698,51.0983390808,71.8281936646,
2007-11-08,44.3969650269,1.5453115702,10.9953460693,16.4139995575,51.0081863403,71.7812347412,
2007-11-09,42.9122009277,1.4574010372,10.9094867706,16.4860000610,51.4419250488,71.8438339233,
2007-11-12,41.8222465515,1.3809319735,10.7195539474,15.6960000992,51.6277885437,71.8751602173,
2007-11-13,43.5473060608,1.4927389622,10.8106174469,15.8380002975,51.4362487793,71.8594741821,
2007-11-14,42.9894409180,1.4724628925,10.7455701828,16.0380001068,51.4926261902,71.8281936646,
2007-11-15,42.7577133179,1.4446562529,10.8418359756,15.5920000076,51.9769554138,71.8751602173,
2007-11-16,43.1525115967,1.4730418921,10.8444414139,15.5459995270,52.0502433777,71.8751602173,
2007-11-19,42.6547431946,1.4355316162,10.8756637573,15.4779996872,52.3881683350,71.9065093994,
2007-11-20,42.8263854980,1.4462493658,11.0083580017,15.9219999313,52.3318290710,71.9221496582,
2007-11-21,42.3200187683,1.4019314051,10.9172906876,15.8520002365,52.6360015869,71.9534912109,
2007-11-23,42.7748908997,1.4361109734,10.9068822861,16.2980003357,52.7937469482,71.9691543579,
2007-11-26,42.0367889404,1.3975875378,10.8886680603,16.2700004578,53.8356971741,71.9221496582,
2007-11-27,42.8778877258,1.4407457113,10.9302997589,16.0599994659,53.3231544495,71.9847717285,
2007-11-28,44.1823997498,1.5272073746,11.1202325821,15.9420003891,52.9626731873,72.0004272461,
2007-11-29,44.3712272644,1.5387935638,11.0447807312,15.6759996414,53.4188957214,71.9534912109,
2007-11-30,44.0365066528,1.5273525715,11.1176347733,15.4980001450,53.1598396301,71.9691543579,
2007-12-03,43.6674575806,1.4994001389,11.2269115448,15.6660003662,53.5816993713,71.9518508911,
2007-12-04,43.4872207642,1.4850635529,11.3075628281,15.8800001144,53.5760307312,71.9675750732,
2007-12-05,44.2682380676,1.5376346111,11.5026998520,15.7720003128,52.9370346069,71.9675750732,
2007-12-06,44.9033203125,1.5719596148,11.4350614548,15.8900003433,52.4732704163,71.9832916260,
2007-12-07,44.9119148254,1.5825320482,11.4948997498,15.7580003738,51.8851699829,72.0461349487,
2007-12-10,45.0921401978,1.5918011665,11.5469350815,16.0219993591,51.5741615295,71.9989700317,
2007-12-11,44.0450859070,1.5231521130,11.2789506912,15.7919998169,52.5863952637,72.0932693481,
2007-12-12,44.4398765564,1.5435736179,11.2815456390,16.0919990540,52.0434913635,72.0775299072,
2007-12-13,44.1995582581,1.5208350420,11.4480638504,15.7860002518,51.4780158997,72.1089859009,
2007-12-14,43.7447128296,1.4975179434,11.2347135544,15.7320003510,51.2405319214,72.0618362427,
2007-12-17,42.6804847717,1.4288704395,11.1306428909,15.6300001144,51.6985778809,72.0932693481,
2007-12-18,42.8177986145,1.4314769506,11.2295084000,15.8559999466,52.0322265625,72.0932693481,
2007-12-19,42.8092155457,1.4446562529,11.2008876801,15.8800001144,52.7221107483,72.1246871948,
2007-12-20,43.6846275330,1.5044497252,11.2503213882,15.7519998550,52.6090583801,72.1560974121,
2007-12-21,44.5463409424,1.5566424131,11.2731342316,16.0340003967,51.8399429321,72.1560974121,
2007-12-24,44.8814086914,1.5749559402,11.3281879425,16.0480003357,51.5967750549,72.1560974121,
2007-12-26,45.1047668457,1.5909799337,11.2705135345,16.3360004425,51.1443824768,72.1246871948,
2007-12-27,44.5635337830,1.5467228889,11.1708908081,16.3180007935,51.7019119263,72.1560974121,
2007-12-28,44.5205688477,1.5424495935,11.2521629333,16.6060009003,52.5081443787,72.1544952393,
2007-12-31,44.0050735474,1.5142172575,11.0974845886,16.4899997711,52.8260879517,72.1387863159,
2008-01-02,43.3091697693,1.4658375978,11.0345649719,16.9780006409,53.5869331360,72.2017974854,
2008-01-03,43.4895935059,1.4742319584,11.0188341141,17.1140003204,53.5131416321,72.1544952393,
2008-01-04,41.5823173523,1.3466483355,11.1027288437,17.0520000458,53.5244789124,72.1387863159,
2008-01-07,41.3846931458,1.3292510509,11.3334341049,16.9839992523,53.7572593689,72.2017974854,
2008-01-08,40.3107757568,1.2680528164,11.3360557556,17.3759994507,53.6947975159,72.1544952393,
2008-01-09,41.1699218750,1.3086484671,11.4592714310,17.3680000305,53.7970352173,72.1072769165,
2008-01-10,41.2300758362,1.3094110489,11.3884849548,17.6720008850,53.0702972412,72.1387863159,
2008-01-11,40.4224777222,1.2732419968,11.3858661652,17.7360000610,53.4847297668,72.1702728271,
2008-01-14,41.1269607544,1.3065106869,11.4015951157,17.9300003052,53.6835021973,72.2332839966,
2008-01-15,39.9928970337,1.2468404770,11.2809972763,17.6499996185,54.2853050232,72.2174987793,
2008-01-16,39.5633354187,1.2102137804,11.0791301727,17.3400001526,53.8935050964,72.2174987793,
2008-01-17,39.0134773254,1.1769438982,10.6518001556,17.3439998627,54.5918769836,72.1860198975,
2008-01-18,38.9619407654,1.1705348492,10.4944982529,17.5240001678,54.2171897888,72.2332839966,
2008-01-22,37.9567337036,1.1068946123,10.1327152252,17.6599998474,54.7963371277,72.2647933960,
2008-01-23,37.8106842041,1.1166621447,10.4027442932,17.5879993439,54.6714210510,72.3435745239,
2008-01-24,38.5839271545,1.1491690874,10.1196050644,18.0480003357,53.5755805969,72.3751220703,
2008-01-25,37.7935028076,1.0988067389,10.0094890594,18.0720005035,54.4783401489,72.2963409424,
2008-01-28,38.0856246948,1.1155942678,10.1667938232,18.3959999084,54.2739334106,72.3278274536,
2008-01-29,38.1543426514,1.1207826138,10.2008762360,18.2619991302,53.9048957825,72.3908691406,
2008-01-30,38.1199722290,1.1194092035,10.1484422684,18.3799991608,53.5528602600,72.4223098755,
2008-01-31,38.7729225159,1.1453530788,10.2821474075,18.2999992371,53.9332733154,72.4223098755,
2008-02-01,39.1681098938,1.1827439070,10.5495586395,17.8600006104,54.2574844360,72.4144287109,
2008-02-04,38.6182785034,1.1413856745,10.7016096115,17.8099994659,53.6991386414,72.4302597046,
2008-02-05,37.5185928345,1.0870556831,10.3791513443,17.5580005646,54.1093101501,72.3828582764,
2008-02-06,36.7797241211,1.0408136845,10.3607940674,17.8159999847,53.9441032410,72.4460372925,
2008-02-07,37.0374641418,1.0621796846,10.3057422638,17.9780006409,52.7818527222,72.4302597046,
2008-02-08,37.4584426880,1.0759148598,10.2244653702,18.2000007629,53.3857192993,72.4302597046,
2008-02-11,37.8622436523,1.1000274420,10.3083600998,18.3020000458,53.6079635620,72.4460372925,
2008-02-12,37.6474571228,1.0919394493,10.4840135574,17.9020004272,53.2888832092,72.4302597046,
2008-02-13,38.4722251892,1.1308550835,10.4342050552,17.9279994965,52.7248191833,72.4460372925,
2008-02-14,37.7763404846,1.0951439142,10.3031177521,17.9619998932,51.9499740601,72.4617919922,
2008-02-15,37.6474571228,1.0911761522,10.4473133087,17.8500003815,52.3488235474,72.4617919922,
2008-02-19,37.5787506104,1.0807988644,10.3634185791,18.3379993439,51.8189544678,72.4617919922,
2008-02-20,37.7505531311,1.0907186270,10.3843927383,18.6760005951,52.1779136658,72.4302597046,
2008-02-21,37.3897132874,1.0740838051,10.1563091278,18.6739997864,52.7305984497,72.4934234619,
2008-02-22,37.5271644592,1.0835455656,10.3345775604,18.7080001831,52.4285507202,72.4934234619,
2008-02-25,37.7161827087,1.0879710913,10.3450727463,18.5720005035,51.8930244446,72.4617919922,
2008-02-26,37.8622436523,1.0980435610,10.4787673950,18.7779998779,51.9101028442,72.5092086792,
2008-02-27,38.0512504578,1.1050634384,10.2270898819,18.9899997711,51.9557266235,72.5249938965,
2008-02-28,37.9051704407,1.0812560320,10.1589298248,19.1800003052,52.8786735535,72.5249938965,
2008-02-29,36.9000091553,1.0490554571,9.8600587845,19.2719993591,53.6877288818,72.5407638550,
2008-03-03,36.6594467163,1.0263155699,10.0094890594,19.4799995422,53.5493240356,72.5677108765,
2008-03-04,36.8656349182,1.0347096920,10.1825265884,18.9500007629,53.0289306641,72.5677108765,
2008-03-05,37.0460433960,1.0545495749,10.1536865234,19.5860004425,52.3941955566,72.5519027710,
2008-03-06,36.2298774719,1.0008300543,9.9465732574,19.2980003357,52.6743812561,72.5834960938,
2008-03-07,36.1439628601,0.9954884648,9.8836498260,19.2579994202,52.7430038452,72.5834960938,
2008-03-10,35.4480628967,0.9558090568,9.8705501556,19.2220001221,53.5207595825,72.5834960938,
2008-03-11,36.7969055176,1.0424926281,10.0409555435,19.2420005798,53.0632476807,72.5834960938,
2008-03-12,36.6938209534,1.0221958160,10.0409555435,19.4440002441,54.0868644714,72.5993194580,
2008-03-13,36.9773330688,1.0386779308,10.0094890594,19.7040004730,53.6637420654,72.5834960938,
2008-03-14,36.2986106873,0.9968616366,9.9360876083,19.8299999237,54.3270759583,72.6784210205,
2008-03-17,35.6370582581,0.9712226391,9.9413337708,19.8780002594,54.7445449829,72.6626281738,
2008-03-18,37.2264785767,1.0553123951,10.1169757843,19.3299999237,54.5329246521,72.7417373657,
2008-03-19,36.3071937561,1.0026614666,9.9177408218,18.7040004730,55.4365272522,72.7575836182,
2008-03-20,37.0492057800,1.0310467482,9.8889551163,18.0340003967,55.5737304688,72.7417373657,
2008-03-24,38.3303375244,1.1155942678,9.9206390381,18.0279998779,54.4986381531,72.6784210205,
2008-03-25,38.5452880859,1.1239876747,9.8915958405,18.5419998169,54.7273635864,72.6310043335,
2008-03-26,38.4335212708,1.1018584967,9.9285640717,18.7380008698,54.4986381531,72.6784210205,
2008-03-27,37.5822868347,1.0792720318,10.0289039612,18.7259998322,54.1154441833,72.6942825317,
2008-03-28,37.3931541443,1.0629425049,9.9364833832,18.3999996185,54.6416130066,72.6310043335,
2008-03-31,37.5909004211,1.0675213337,10.0183429718,18.1340007782,54.8360176086,72.7101440430,
2008-04-01,39.1987266541,1.1572573185,10.2771158218,17.4099998474,53.9435920715,72.6625747681,
2008-04-02,39.1127586365,1.1651930809,10.4091463089,17.8339996338,54.0584297180,72.6625747681,
2008-04-03,39.1987266541,1.1671772003,10.3536958694,17.9099998474,54.1789970398,72.6625747681,
2008-04-04,39.4308891296,1.1729764938,10.3431310654,18.0659999847,54.6729354858,72.6942291260,
2008-04-07,39.3449096680,1.1664136648,10.3880271912,18.2500000000,54.3857498169,72.6625747681,
2008-04-08,39.0439758301,1.1560361385,10.4566755295,18.1100006104,54.1962776184,72.7101058960,
2008-04-09,38.6054725647,1.1308550835,10.4302740097,18.4379997253,54.7590408325,72.7101058960,
2008-04-10,39.1557579041,1.1577152014,10.3563365936,18.3719997406,54.5752639771,72.7101058960,
2008-04-11,38.0723876953,1.0956019163,10.3695354462,18.2859992981,54.9428558350,72.7101058960,
2008-04-14,37.9004478455,1.0797303915,10.3536958694,18.2399997711,54.6212234497,72.7418136597,
2008-04-15,37.9520149231,1.0812560320,10.4672422409,18.3360004425,53.9435920715,72.7418136597,
2008-04-16,39.0095939636,1.1612247229,10.6864080429,18.6660003662,53.4152450562,72.6942291260,
2008-04-17,38.9235839844,1.1636666059,10.7075281143,18.5319995880,53.3233299255,72.6942291260,
2008-04-18,40.1617469788,1.2100601196,10.7418642044,18.1560001373,53.2774009705,72.6466827393,
2008-04-21,40.4454689026,1.2262375355,10.6441612244,18.0659999847,53.4898948669,72.6784362793,
2008-04-22,39.8435935974,1.2025828362,10.6124706268,18.0580005646,53.6736831665,72.6942291260,
2008-04-23,40.2820892334,1.2154018879,10.6283149719,17.8339996338,53.4956092834,72.6942291260,
2008-04-24,40.6432113647,1.2318843603,10.6177511215,17.4360008240,53.0419616699,72.7101058960,
2008-04-25,40.5400352478,1.2331055403,10.6520833969,17.4379997253,52.7317695618,72.7101058960,
2008-04-28,40.6174240112,1.2373781204,10.5490951538,17.6200008392,52.8925971985,72.6625747681,
2008-04-29,40.9269561768,1.2526392937,10.5992717743,17.1700000763,53.0935783386,72.7418136597,
2008-04-30,40.5916366577,1.2338675261,10.5306148529,17.2980003357,53.4726257324,72.6625747681,
2008-05-01,41.8727531433,1.3110899925,10.6547203064,16.7679996490,53.4761276245,72.7164840698,
2008-05-02,41.9329452515,1.3254350424,10.8316440582,16.9039993286,52.8017463684,72.6689071655,
2008-05-05,41.8125648499,1.3083423376,10.6758489609,17.2460002899,52.8017463684,72.6847457886,
2008-05-06,42.0705070496,1.3370336294,10.6732063293,17.3479995728,52.4213447571,72.6530609131,
2008-05-07,41.3052749634,1.2849932909,10.5121297836,17.1380004883,52.6461143494,72.7006607056,
2008-05-08,41.6148185730,1.2866719961,10.5385398865,17.4540004730,53.1188125610,72.6689071655,
2008-05-09,41.4514541626,1.2859096527,10.5728607178,17.4659996033,53.3147315979,72.7006607056,
2008-05-12,42.2080802917,1.3339811563,10.6758489609,17.4400005341,53.2340087891,72.7006607056,
2008-05-13,42.3198547363,1.3417645693,10.6600046158,17.0860004425,52.6518936157,72.6689071655,
2008-05-14,42.2252655029,1.3306239843,10.6996097565,17.0499992371,52.6749801636,72.6689071655,
2008-05-15,42.9646987915,1.3826645613,10.6890506744,17.4260005951,53.1532859802,72.6689071655,
2008-05-16,42.9990997314,1.3826645613,10.7682666779,17.8279991150,52.9342918396,72.6847457886,
2008-05-19,42.6895637512,1.3692350388,10.8897342682,17.8920001984,53.0034599304,72.6847457886,
2008-05-20,42.3628273010,1.3443589211,10.9636688232,18.1599998474,53.2801361084,72.6530609131,
2008-05-21,41.4256629944,1.2891138792,10.9082174301,18.3880004883,53.2916679382,72.6530609131,
2008-05-22,41.5718231201,1.2865197659,10.9715862274,18.2080001831,52.6633949280,72.7006607056,
2008-05-23,41.4428520203,1.2822467089,10.8025970459,18.2560005188,52.8939247131,72.7006607056,
2008-05-27,42.1737022400,1.3255885839,10.8580427170,17.8899993896,52.5365562439,72.7006607056,
2008-05-28,42.3456535339,1.3410019875,10.8659696579,17.8199996948,52.0697517395,72.7323608398,
2008-05-29,42.7239723206,1.3654202223,10.9821548462,17.3299999237,51.6951141357,72.7006607056,
2008-05-30,42.9990997314,1.3811391592,10.9082174301,17.4939994812,52.0351600647,72.7323608398,
2008-06-02,42.4746170044,1.3501588106,10.8289995193,17.5939998627,52.2359008789,72.7911148071,
2008-06-03,42.2424621582,1.3336760998,10.7339420319,17.3740005493,52.6118850708,72.7911148071,
2008-06-04,42.7841453552,1.3564156294,10.8633260727,17.3279991150,52.1433563232,72.7752914429,
2008-06-05,43.4634094238,1.4076930285,10.9927158356,17.3360004425,51.8309516907,72.7276229858,
2008-06-06,42.1564636230,1.3144466877,10.7048921585,17.7940006256,52.5019721985,72.7434768677,
2008-06-09,41.9329452515,1.3118525743,10.8712463379,17.5739994049,52.5019721985,72.7752914429,
2008-06-10,41.7351760864,1.2947601080,10.8606872559,17.0879993439,52.1607017517,72.8229064941,
2008-06-11,40.7292098999,1.2353942394,10.8501224518,17.4060001373,52.0392150879,72.8705673218,
2008-06-12,40.7721824646,1.2376840115,10.8052301407,17.1359996796,51.5185546875,72.8229064941,
2008-06-13,41.5890197754,1.2840777636,10.9029350281,17.1720008850,51.4086837769,72.8705673218,
2008-06-16,41.9587402344,1.3025435209,10.9135017395,17.3920001984,51.4202537537,72.8705673218,
2008-06-17,41.7351760864,1.2961338758,10.9742336273,17.4300003052,51.5243492126,72.8546447754,
2008-06-18,41.2880783081,1.2674427032,10.9319829941,17.6499996185,51.9582443237,72.8864364624,
2008-06-19,41.9329452515,1.3033066988,10.9451837540,17.7360000610,51.6516189575,72.8705673218,
2008-06-20,40.8006401062,1.2392095327,10.8188238144,17.8040008545,51.9524726868,72.9023132324,
2008-06-23,40.4822921753,1.2115868330,10.9491758347,17.4279994965,52.0623474121,72.9023132324,
2008-06-24,40.2757873535,1.2039996386,10.8587284088,17.5279998779,52.4094200134,72.9023132324,
2008-06-25,40.9296951294,1.2299538851,10.9864158630,17.4880008698,52.4325675964,72.9182052612,
2008-06-26,39.2777099609,1.1429291964,10.6592168808,18.0860004425,52.7854309082,72.9182052612,
2008-06-27,39.2777099609,1.1461355686,10.5687704086,18.3139991760,53.4044303894,72.9499816895,
2008-06-30,38.8647232056,1.1198750734,10.8268117905,18.2460002899,53.4160079956,72.9023132324,
2008-07-01,39.4153709412,1.1491888762,10.8826713562,18.5079994202,53.2894630432,72.9277725220,
2008-07-02,38.4689331055,1.0928519964,10.8534059525,18.6760005951,53.5681190491,72.9277725220,
2008-07-03,38.4001045227,1.0870499611,10.7416810989,18.4360008240,53.4519538879,72.9277725220,
2008-07-07,38.6324005127,1.1035386324,10.6352758408,18.2700004578,53.6957931519,72.9118423462,
2008-07-08,39.5530471802,1.1426234245,10.6911373138,18.1919994354,54.0441360474,72.8800201416,
2008-07-09,38.5033302307,1.0991113186,10.8188238144,18.3040008545,54.2821769714,72.8959121704,
2008-07-10,38.9593582153,1.1180433035,10.8454275131,18.6679992676,54.2763977051,72.9595642090,
2008-07-11,38.3398590088,1.0835379362,10.7629632950,19.0000000000,53.5042724609,73.0073089600,
2008-07-14,38.0559539795,1.0678130388,10.6884813309,19.2199993134,53.9744987488,73.0073089600,
2008-07-15,38.0645332336,1.0632323027,10.6139936447,19.2579994202,53.9570808411,73.0231552124,
2008-07-16,39.0109710693,1.1140729189,10.4038457870,18.8899993896,52.9816856384,73.0390930176,
2008-07-17,39.2690963745,1.1093407869,10.2389125824,18.8759994507,52.7088699341,72.9277725220,
2008-07-18,38.3656692505,1.0952941179,10.2495546341,18.8560009003,52.5114822388,73.0231552124,
2008-07-21,38.5291519165,1.0962103605,10.4304456711,19.0620002747,52.7146911621,72.9595642090,
2008-07-22,38.5291519165,1.0952941179,10.3958635330,18.6219997406,52.4534111023,72.9913558960,
2008-07-23,39.0368041992,1.1203334332,10.1431522369,18.1319999695,52.3489151001,73.0231552124,
2008-07-24,38.4517211914,1.0820118189,10.1271886826,18.3099994659,52.8597984314,73.0073089600,
2008-07-25,38.9507522583,1.1110193729,10.0048217773,18.3299999237,52.3315086365,73.0231552124,
2008-07-28,38.2194061279,1.0772783756,10.0287609100,18.3659992218,52.8597984314,73.0231552124,
2008-07-29,39.0109710693,1.1094932556,10.0420608521,18.1480007172,52.6450080872,73.0231552124,
2008-07-30,39.2088699341,1.1285772324,10.2389125824,17.9220008850,52.6972618103,73.0390930176,
2008-07-31,39.1142425537,1.1247606277,10.1298484802,18.0240001678,53.2197456360,73.0390930176,
2008-08-01,38.6151809692,1.0975840092,9.8398981094,17.9500007629,53.3374176025,73.0167846680,
2008-08-04,38.2280158997,1.0755984783,9.7334842682,17.6420001984,53.2151184082,73.0327224731,
2008-08-05,39.5186386108,1.1417081356,9.8132915497,17.2420005798,52.8189048767,73.0486145020,
2008-08-06,40.1209182739,1.1759077311,9.8664989471,17.3299999237,52.6032791138,73.0167846680,
2008-08-07,39.8111839294,1.1636931896,9.8585147858,17.1959991455,53.4598236084,73.0645828247,
2008-08-08,40.7145996094,1.2093425989,9.8877725601,16.8680000305,53.6054725647,73.0486145020,
2008-08-11,41.0845794678,1.2320920229,9.9968395233,16.2619991302,53.0927314758,73.0645828247,
2008-08-12,41.1275978088,1.2369774580,9.8797950745,16.1280002594,53.5880050659,73.0167846680,
2008-08-13,41.0415573120,1.2310227156,9.8797950745,16.3479995728,53.4015235901,73.0804672241,
2008-08-14,41.5147781372,1.2604891062,9.7946701050,15.8699998856,53.7453269958,73.0645828247,
2008-08-15,41.4373283386,1.2612520456,9.8292531967,15.5019998550,54.2114334106,73.0804672241,
2008-08-18,40.9555015564,1.2339240313,9.8425531387,15.7980003357,54.4270172119,73.0327224731,
2008-08-19,40.4478683472,1.2030832767,9.8957605362,16.1180000305,54.2173042297,73.0963821411,
2008-08-20,40.5167198181,1.1962130070,9.9330005646,15.9820003510,54.3688011169,73.0963821411,
2008-08-21,40.3274040222,1.1820144653,10.0287609100,16.4740009308,54.2696952820,73.1123504639,
2008-08-22,40.8608589172,1.2152974606,10.0686702728,16.2500000000,54.2347335815,73.1282424927,
2008-08-25,40.0004463196,1.1701050997,9.9622564316,16.2000007629,54.7766342163,73.1123504639,
2008-08-26,39.9488296509,1.1653721333,10.0713272095,16.2679996490,54.8232536316,73.1282424927,
2008-08-27,40.2069549561,1.1769753695,10.1431522369,16.2800006866,54.9164695740,73.1282424927,
2008-08-28,40.5339012146,1.1833884716,10.1591100693,16.4699993134,54.9222946167,73.1282424927,
2008-08-29,39.6821060181,1.1462877989,10.0181226730,16.3939990997,54.6775932312,73.0963821411,
2008-09-02,39.1916694641,1.1174325943,9.8957605362,15.8159999847,55.1863784790,73.1490173340,
2008-09-03,38.8216934204,1.0969733000,9.7388076782,15.8280000687,55.4202728271,73.1490173340,
2008-09-04,37.5654869080,1.0262854099,9.6164369583,15.6879997253,55.8647346497,73.1490173340,
2008-09-05,37.3847885132,1.0227736235,9.4142713547,15.7779998779,55.8354759216,73.1649932861,
2008-09-08,37.3159790039,1.0111701488,9.6510190964,15.7799997330,56.0693511963,73.1649932861,
2008-09-09,36.5244026184,0.9731543064,9.3477649689,15.2799997330,56.6249580383,73.1490173340,
2008-09-10,36.8255424500,0.9820090532,9.4515123367,14.8800001144,56.2740898132,73.1809539795,
2008-09-11,37.5138626099,1.0217046738,9.5259962082,14.6000003815,56.2448196411,73.1649932861,
2008-09-12,37.3675880432,1.0256742239,9.7042255402,15.1160001755,55.5196990967,73.1968612671,
2008-09-15,36.2060508728,0.9586497545,9.3663825989,15.5159997940,57.3208274841,73.2766418457,
2008-09-16,36.4899978638,0.9649091959,9.2253980637,15.3179998398,57.3091354370,73.3085098267,
2008-09-17,34.5970726013,0.8687241077,8.7784919739,17.1100006104,57.5956764221,73.6274261475,
2008-09-18,35.7672348022,0.9314731956,9.1003694534,16.6480007172,56.7535743713,73.4201202393,
2008-09-19,36.9364547729,0.9670470357,9.3928918839,17.2520008087,54.9524269104,73.1649932861,
2008-09-22,35.1972503662,0.8939153552,9.1594123840,17.8239994049,54.9465789795,73.1968612671,
2008-09-23,34.9303588867,0.8763574958,9.0010747910,17.7119998932,54.7360763550,73.4360733032,
2008-09-24,35.1714439392,0.8945260644,9.0842676163,17.3980007172,54.9758605957,73.2128295898,
2008-09-25,35.7310714722,0.9036866426,9.2640752792,17.3299999237,54.8647117615,73.2925643921,
2008-09-26,35.3694458008,0.8977320790,9.2667589188,17.3859996796,55.2623786926,73.4201202393,
2008-09-29,32.5626296997,0.7244451642,8.7810115814,17.8880004883,56.8705177307,73.7390975952,
2008-09-30,33.5011253357,0.7997150421,8.9178829193,17.0939998627,55.4846305847,73.4679794312,
2008-10-01,33.1481323242,0.7787975073,8.8803081512,17.2500000000,56.1826095581,73.4568176270,
2008-10-02,31.6413669586,0.7160486579,8.7514896393,16.4340000153,56.6342391968,73.4248428345,
2008-10-03,31.1506137848,0.6832231283,8.6199903488,16.5499992371,57.1328430176,73.4248428345,
2008-10-06,30.0141143799,0.6192518473,8.1986541748,16.9220008850,58.1710929871,73.4089126587,
2008-10-07,28.1113204956,0.5572660565,7.8631920815,17.3999996185,57.9951782227,73.3929138184,
2008-10-08,27.8874588013,0.5430666208,7.7263231277,17.9500007629,57.1621818542,73.3290557861,
2008-10-09,27.1384029388,0.5010815859,7.2056913376,18.2000007629,56.6812324524,73.4408569336,
2008-10-10,26.9661960602,0.5085624456,6.9131698608,16.6539993286,56.2823677063,73.5047073364,
2008-10-13,30.2465572357,0.6336039901,7.7477941513,16.3740005493,55.5608367920,73.2172546387,
2008-10-14,28.9378604889,0.5748231411,7.6833844185,16.4479999542,55.2030296326,73.3449859619,
2008-10-15,26.3462963104,0.4697822928,7.1117610931,16.7159996033,55.7309761047,73.3609848022,
2008-10-16,27.7755355835,0.5232192874,7.3184046745,15.8780002594,55.4435272217,73.3290557861,
2008-10-17,27.8099670410,0.5221503377,7.3559770584,15.4040002823,55.0622749329,73.1693801880,
2008-10-20,28.5848560333,0.5572660565,7.9759058952,15.7220001221,55.5021591187,73.3449859619,
2008-10-21,27.1039638519,0.5012339950,7.7236404419,15.2559995651,55.7954750061,73.3449859619,
2008-10-22,26.3549041748,0.4673395753,7.3962311745,14.3920001984,56.9276390076,73.2491836548,
2008-10-23,26.2515792847,0.4630646408,7.5733542442,14.2100000381,57.3499259949,73.3449859619,
2008-10-24,25.4078121185,0.4363470972,7.3720798492,14.4239997864,56.7398567200,73.2651824951,
2008-10-27,24.7017974854,0.4108501077,7.0849237442,14.4820003510,56.7809715271,73.3769912720,
2008-10-28,27.4311332703,0.4968066514,7.7987809181,14.7519998550,55.9538764954,73.3609848022,
2008-10-29,27.3622550964,0.5021495223,7.5492038727,14.8579998016,55.6723327637,73.2811660767,
2008-10-30,28.2748985291,0.5282571912,7.9705386162,14.5200004578,55.1678237915,73.3769912720,
2008-10-31,28.3179473877,0.5310059786,7.7585282326,14.3159999847,54.4521980286,73.2970886230,
2008-11-03,28.2576847076,0.5334486365,7.8390383720,14.2500000000,54.5994529724,73.2762985229,
2008-11-04,29.0583992004,0.5638304949,7.9866409302,15.1300001144,55.6241950989,73.3083190918,
2008-11-05,27.5430679321,0.5023029447,7.8390383720,14.6000003815,56.2837715149,73.3402938843,
2008-11-06,26.3118457794,0.4548206031,7.4713778496,14.4980001450,55.8774032593,73.4521484375,
2008-11-07,26.8542728424,0.4746679664,7.7987809181,14.5179996490,55.5122833252,73.4521484375,
2008-11-10,26.4926586151,0.4667287171,7.6109290123,14.7500000000,55.7831764221,73.4361801147,
2008-11-11,25.9157943726,0.4482553005,7.6109290123,14.4499998093,55.9480857849,73.4361801147,
2008-11-12,24.7190189362,0.4029109776,7.3586592674,14.0679998398,56.3073463440,73.4521484375,
2008-11-13,26.2257518768,0.4500874579,7.9168672562,14.4799995422,54.9586868286,73.4521484375,
2008-11-14,24.9514789581,0.4058120251,7.7290062904,14.6739997864,56.0482521057,73.4521484375,
2008-11-17,24.4262790680,0.3900861442,7.7155909538,14.5959997177,56.2955627441,73.4841308594,
2008-11-18,24.4004631042,0.3865743279,7.6323981285,14.5220003128,57.0199241638,73.4041976929,
2008-11-19,23.1261882782,0.3465739489,7.4686927795,14.5200004578,58.4804954529,73.3882446289,
2008-11-20,22.0069046021,0.3149698079,7.0339355469,14.7519998550,61.5017127991,73.4361801147,
2008-11-21,22.9625968933,0.3397028446,7.7370605469,15.8299999237,60.6124153137,73.4202194214,
2008-11-24,24.3660049438,0.3801624477,7.8148875237,16.2259998322,59.6642379761,73.4361801147,
2008-11-25,24.2540874481,0.3775663674,7.9705386162,16.1819992065,61.4192123413,73.4521484375,
2008-11-26,25.2700519562,0.4087120295,7.9437036514,16.1000003815,61.5017127991,73.4841308594,
2008-11-28,25.0720272064,0.4036741257,8.0832557678,16.0680007935,62.2613639832,73.2603378296,
2008-12-01,23.1864528656,0.3436727524,7.5465173721,15.1579999924,64.6457366943,73.4618911743,
2008-12-02,23.9613437653,0.3656580150,7.7424273491,15.4040002823,64.8938674927,73.5258331299,
2008-12-03,24.6415309906,0.3839791715,7.8766117096,15.2379999161,65.0771026611,73.4139099121,
2008-12-04,23.9441242218,0.3633677065,7.5921411514,15.1120004654,66.3593978882,73.3819122314,
2008-12-05,24.9170494080,0.3925290406,7.6404461861,14.9340000153,65.2838745117,73.3819122314,
2008-12-08,25.8985786438,0.4236748219,7.7638959885,15.2480001450,65.1420974731,73.3978958130,
2008-12-09,25.8383064270,0.4203154445,7.6538662910,15.2819995880,66.4302520752,73.3659133911,
2008-12-10,25.7522106171,0.4198582172,7.7692632675,15.9600000381,66.2707290649,73.4139099121,
2008-12-11,25.0461997986,0.3966514766,7.7075400352,16.1480007172,66.4007034302,73.3339080811,
2008-12-12,25.5541725159,0.4120715261,7.7558436394,16.1760005951,66.4007034302,73.3659133911,
2008-12-15,25.1064682007,0.3977194428,7.6350784302,16.5279998779,67.1570892334,73.3499298096,
2008-12-16,26.3118457794,0.4351256192,7.8953933716,16.9220008850,68.8175354004,73.3978958130,
2008-12-17,25.9932842255,0.4248962700,7.6565494537,17.0900001526,70.6848220825,73.3499298096,
2008-12-18,25.5369625092,0.4111549258,7.7209591866,16.7819995880,72.1680374146,73.3019104004,
2008-12-19,25.7464809418,0.4157356024,7.7668857574,16.5119991302,72.2448501587,73.3499298096,
2008-12-22,25.1860256195,0.3995515704,7.6636142731,16.7019996643,71.6893844604,73.4458923340,
2008-12-23,25.0566787720,0.3945135176,7.5766515732,16.5440006256,71.5948638916,73.3659133911,
2008-12-24,25.1256618500,0.3955824971,7.6146974564,16.7000007629,71.4411697388,73.4458923340,
2008-12-26,25.1170406342,0.3958873749,7.6310043335,17.1399993896,71.6775817871,73.4458923340,
2008-12-29,24.9101066589,0.3858113885,7.6473102570,17.2900009155,71.5915908813,73.1866073608,
2008-12-30,25.4274539948,0.4033691287,7.7641654015,17.1879997253,72.2734222412,73.4426879883,
2008-12-31,25.6430110931,0.4105441570,7.8891782761,17.3320007324,70.7615814209,73.2826614380,
2009-01-02,26.7553081512,0.4467290938,8.0739755630,17.2700004578,68.9828567505,73.2986221313,
2009-01-05,26.7466831207,0.4467290938,8.1881132126,16.9080009460,67.2042083740,73.2986221313,
2009-01-06,27.0139751434,0.4558895528,8.0712575912,17.0440006256,66.5283126831,73.3146209717,
2009-01-07,26.2465896606,0.4303925931,8.0060319901,16.5620002747,66.7891998291,73.4266815186,
2009-01-08,26.5224876404,0.4397054613,7.9652686119,16.8880004883,66.7357940674,73.3466415405,
2009-01-09,25.9275569916,0.4201631546,7.9027662277,16.8040008545,66.8366622925,73.3946838379,
2009-01-12,25.4533214569,0.4045906365,7.9054822922,16.1760005951,67.5302886963,73.3626480103,
2009-01-13,25.4619407654,0.4041323960,7.7560172081,16.1919994354,67.6014709473,73.4586944580,
2009-01-14,24.6859340668,0.3798567653,7.6609005928,15.9720001221,68.7160415649,73.4746856689,
2009-01-15,25.0911808014,0.3910017312,7.7016630173,16.0779991150,68.8287277222,73.4906692505,
2009-01-16,25.3670978546,0.4007730186,7.8538470268,16.5559997559,67.7674789429,73.4426879883,
2009-01-20,24.1082305908,0.3626046181,7.7179703712,16.9020004272,67.7555770874,73.3146209717,
2009-01-21,25.1342926025,0.3903910220,7.8049321175,16.8299999237,65.6152648926,73.4426879883,
2009-01-22,24.7980213165,0.3821470439,7.8022127151,16.9340000153,64.3524322510,73.4586944580,
2009-01-23,24.9187259674,0.3836733103,7.8185181618,17.6979999542,63.8484306335,73.4426879883,
2009-01-26,25.0998058319,0.3894754946,8.0060319901,17.8059997559,63.2911376953,73.4266815186,
2009-01-27,25.2808666229,0.3958873749,8.0440778732,17.6739997864,64.7792587280,73.3946838379,
2009-01-28,26.1689834595,0.4223009944,8.0957183838,17.4740009308,63.1606674194,73.3626480103,
2009-01-29,25.5050582886,0.4019943774,8.0359306335,17.9160003662,61.7081146240,73.3626480103,
2009-01-30,25.0566787720,0.3867268562,7.8755893707,18.2719993591,61.5124435425,73.4266815186,
2009-02-02,25.3584728241,0.3968039453,7.9190683365,17.7619991302,62.6569061279,73.4714813232,
2009-02-03,25.7551040649,0.4094762206,7.9544000626,17.7000007629,61.1646308899,73.4075012207,
2009-02-04,25.7896003723,0.4097810388,8.0141878128,17.8379993439,60.9506187439,73.4554367065,
2009-02-05,26.3586673737,0.4284079373,8.0712575912,18.0380001068,61.0041465759,73.4234390259,
2009-02-06,27.0484638214,0.4502398372,8.1228914261,17.9260005951,60.8138580322,73.3114013672,
2009-02-09,27.1605548859,0.4552789330,8.0766906738,17.6739997864,61.0100517273,73.4075012207,
2009-02-10,26.1603546143,0.4210796058,7.8484153748,18.0599994659,62.3358955383,73.3914718628,
2009-02-11,26.0396442413,0.4180260301,7.8239521980,18.4759998322,63.1444587708,73.3754425049,
2009-02-12,26.3586673737,0.4274914265,7.7560172081,18.6480007172,62.5498809814,73.3754425049,
2009-02-13,26.2379589081,0.4229116738,7.7098169327,18.5219993591,60.8852272034,73.4394912720,
2009-02-17,25.1946468353,0.3908493817,7.3755531311,19.1079998016,62.7817230225,73.4394912720,
2009-02-18,25.2118892670,0.3897803426,7.2641296387,19.3799991608,62.2466812134,73.4554367065,
2009-02-19,24.8238906860,0.3786353469,7.2967414856,19.1520004272,61.1884727478,73.4554367065,
2009-02-20,24.8928680420,0.3797042072,7.1309695244,19.5699996948,61.7829933167,73.4554367065,
2009-02-23,24.0220069885,0.3535964787,6.9597601891,19.5499992371,62.3536682129,73.4394912720,
2009-02-24,24.8152618408,0.3755817413,7.1608605385,18.9599990845,62.2883148193,73.3914718628,
2009-02-25,24.6514415741,0.3713068664,7.1146631241,18.6539993286,61.5689239502,73.3594284058,
2009-02-26,23.9616451263,0.3511536717,6.9978046417,18.6100006104,60.9208793640,73.3754425049,
2009-02-27,23.7374668121,0.3438253403,6.8891019821,18.5319995880,60.5701484680,73.4234390259,
2009-03-02,22.9700737000,0.3221459091,6.6716942787,18.2040004730,61.5728721619,73.4666595459,
2009-03-03,22.9528274536,0.3215351701,6.4325480461,18.0060005188,61.1615829468,73.4506988525,
2009-03-04,23.5650138855,0.3378707170,6.4923319817,17.8139991760,60.8813247681,73.4506988525,
2009-03-05,22.8579750061,0.3183282614,6.3075375557,18.4139995575,62.5744743347,73.4666595459,
2009-03-06,22.6769008636,0.3134426177,6.2993798256,18.4920005798,62.1571235657,73.4506988525,
2009-03-09,22.1940517426,0.2992440164,6.1798076630,18.1319999695,61.7935333252,73.4506988525,
2009-03-10,23.5650138855,0.3357336223,6.2613396645,17.6480007172,60.6071128845,73.4506988525,
2009-03-11,23.9271564484,0.3458098471,6.2504663467,17.8400001526,61.2629013062,73.4506988525,
2009-03-12,24.7204113007,0.3691698909,6.3319954872,18.2240009308,61.5550422668,73.4186782837,
2009-03-13,24.7807788849,0.3719175756,6.4189605713,18.2600002289,61.2449684143,73.4026794434,
2009-03-16,24.3669052124,0.3583298028,6.5928816795,18.1779994965,60.2792282104,73.3866348267,
2009-03-17,25.2895050049,0.3853529096,6.6961507797,18.0319995880,59.9512939453,73.4346694946,
2009-03-18,25.6085281372,0.3951242268,6.9135594368,18.6439990997,62.2227249146,73.4506988525,
2009-03-19,25.5912780762,0.3949718773,7.0141100883,18.8659992218,62.3002281189,73.4026794434,
2009-03-20,25.2017688751,0.3835208714,6.9652037621,18.7280006409,61.9544754028,73.4346694946,
2009-03-23,26.6872711182,0.4287129343,7.2344717979,18.4319992065,61.4179077148,73.4506988525,
2009-03-24,26.1949748993,0.4135977030,7.0778574944,18.2280006409,62.0020980835,73.4346694946,
2009-03-25,26.3159027100,0.4163463116,7.0751061440,18.4080009460,61.1674880981,73.4666595459,
2009-03-26,27.1277408600,0.4424541593,7.1602835655,18.3859996796,61.8769378662,73.4506988525,
2009-03-27,26.6181812286,0.4247437716,7.0888447762,18.1739997864,62.3359870911,73.4666595459,
2009-03-30,25.9617862701,0.4032158852,6.9487175941,18.0240001678,62.5744743347,73.4506988525,
2009-03-31,26.1863479614,0.4123763144,7.0201549530,18.0779991150,63.0215759277,73.4186782837,
2009-04-01,26.5749912262,0.4238272011,7.0476336479,18.2180004120,63.5967407227,73.4314575195,
2009-04-02,27.4300231934,0.4510040283,7.1383032799,17.7740001678,62.8194808960,73.3834304810,
2009-04-03,27.9395942688,0.4674929678,7.1850132942,17.5480003357,61.5340156555,73.4314575195,
2009-04-06,27.8704910278,0.4647442997,7.1245665550,17.0739994049,61.2710075378,73.4154510498,
2009-04-07,27.1363735199,0.4392472208,7.0915918350,17.3560009003,61.4264907837,73.4154510498,
2009-04-08,27.5941219330,0.4558895528,7.1602835655,17.3339996338,61.9705390930,73.4474563599,
2009-04-09,28.4491519928,0.4832178056,7.1630320549,17.2779998779,61.1932640076,73.3994369507,
2009-04-13,28.4059543610,0.4819963574,7.0696129799,17.5939998627,61.7552680969,73.4474563599,
2009-04-14,28.0605010986,0.4696298838,6.9789438248,17.5020008087,62.0781631470,73.4154510498,
2009-04-15,27.9827728271,0.4690192044,7.0448851585,17.5380001068,61.9705390930,73.4154510498,
2009-04-16,28.7082557678,0.4922260046,7.0943417549,17.1919994354,61.4802513123,73.4634857178,
2009-04-17,28.7686996460,0.4925317466,7.0833506584,17.0540008545,60.8046646118,73.3834304810,
2009-04-20,27.8445873260,0.4607751369,7.0036730766,17.4020004272,61.7253646851,73.4154510498,
2009-04-21,28.2332439423,0.4740573466,7.0283994675,17.3840007782,61.1155357361,73.3994369507,
2009-04-22,28.3195991516,0.4783321321,6.9542126656,17.4899997711,60.7448387146,73.4474563599,
2009-04-23,28.5959682465,0.4882568121,6.9789438248,17.7719993591,60.7388839722,73.4794998169,
2009-04-24,29.0969047546,0.5044397712,6.9679512978,17.9540004730,60.1290321350,73.4794998169,
2009-04-27,29.1314468384,0.5048981905,7.0174078941,17.8180007935,60.3861007690,73.4634857178,
2009-04-28,28.9155330658,0.4978746474,7.0448851585,17.5820007324,59.3996009827,73.4794998169,
2009-04-29,29.3128128052,0.5111576319,7.0970902443,17.6900005341,58.8734703064,73.4634857178,
2009-04-30,29.6064529419,0.5209289193,7.1025843620,17.4680004120,58.6402587891,73.4634857178,
2009-05-01,29.6841869354,0.5236774683,7.2894206047,17.4120006561,58.2367477417,73.4875030518,
2009-05-04,30.2714843750,0.5458151102,7.3993287086,17.7399997711,58.4286346436,73.3914184570,
2009-05-05,30.2455730438,0.5441356301,7.3855886459,17.6800003052,58.3566436768,73.4074630737,
2009-05-06,30.2542133331,0.5439831614,7.3416271210,17.9300003052,58.2187347412,73.3914184570,
2009-05-07,29.5459957123,0.5180278420,7.3800935745,17.8859996796,56.7974357605,73.3914184570,
2009-05-08,29.5632743835,0.5198599100,7.4872503281,18.0060005188,56.9353866577,73.4074630737,
2009-05-11,29.6669158936,0.5230668187,7.4542775154,17.9640007019,57.7449722290,73.3914184570,
2009-05-12,29.3041687012,0.5100886822,7.5064859390,18.1499996185,57.9548950195,73.4554443359,
2009-05-13,28.5182418823,0.4818440080,7.3059086800,18.2299995422,58.5845069885,73.4074630737,
2009-05-14,28.8378009796,0.4922260046,7.3004126549,18.2080001831,58.8123626709,73.4234237671,
2009-05-15,28.8205242157,0.4911568165,7.1273145676,18.3199996948,58.7944412231,73.4234237671,
2009-05-18,29.5719089508,0.5172646046,7.1273145676,18.0839996338,57.8828811646,73.4715042114,
2009-05-19,29.7101001740,0.5232192874,7.2564492226,18.2040004730,57.5770606995,73.4554443359,
2009-05-20,29.6064529419,0.5189442635,7.1245665550,18.4580001831,58.1827278137,73.3914184570,
2009-05-21,29.0623550415,0.5000126958,7.0393905640,18.7800006866,56.7194976807,73.4394531250,
2009-05-22,28.9673538208,0.4961958528,7.0970902443,18.8260002136,56.0898132324,73.4554443359,
2009-05-26,30.0469360352,0.5340595245,7.3031611443,18.7460002899,55.2442169189,73.4715042114,
2009-05-27,29.8396663666,0.5252040625,7.1547927856,18.6959991455,54.2667007446,73.4715042114,
2009-05-28,30.1851100922,0.5394023657,7.3031611443,18.8519992828,55.0522994995,73.4554443359,
2009-05-29,30.5565013885,0.5511590242,7.3553662300,19.2560005188,56.4736061096,73.4715042114,
2009-06-01,31.4287967682,0.5844419003,7.5916595459,19.1580009460,54.8040466309,73.4138565063,
2009-06-02,31.4719867706,0.5844419003,7.5009903908,19.2959995270,55.0988273621,73.4138565063,
2009-06-03,31.3769779205,0.5829156041,7.3746018410,18.9020004272,55.6162490845,73.4459228516,
2009-06-04,31.7310848236,0.5946715474,7.4432902336,19.2619991302,54.4670677185,73.4459228516,
2009-06-05,31.7656135559,0.5961974859,7.4515318871,18.7500000000,54.0519599915,73.4298629761,
2009-06-08,31.6706218719,0.5916179419,7.4048247337,18.7180004120,53.9135932922,73.4459228516,
2009-06-09,31.9124507904,0.6015416384,7.3855886459,18.7819995880,53.9075469971,73.4298629761,
2009-06-10,31.8001518250,0.5968083739,7.5009903908,18.7800006866,53.0592384338,73.4459228516,
2009-06-11,31.8001518250,0.5961974859,7.6466150284,18.7520008087,53.6488876343,73.3978500366,
2009-06-12,31.6533355713,0.5919227004,7.7427759171,18.4519996643,54.1301994324,73.4618911743,
2009-06-15,31.0055942535,0.5664265752,7.5861673355,18.2380008698,54.6175231934,73.4618911743,
2009-06-16,30.7033100128,0.5565020442,7.5339612961,18.3959999084,55.5680961609,73.4779129028,
2009-06-17,30.9969654083,0.5658161640,7.5559401512,18.4599990845,55.2552299500,73.4779129028,
2009-06-18,30.9365081787,0.5629148483,7.7262954712,18.3379993439,54.4189872742,73.4618911743,
2009-06-19,31.2685585022,0.5755872130,7.6337552071,18.3840007782,55.1650276184,73.4779129028,
2009-06-22,30.3346576691,0.5430666208,7.6115241051,18.1159992218,55.7004928589,73.4779129028,
2009-06-23,30.2654762268,0.5400130749,7.5448260307,18.2019996643,56.3562889099,73.4779129028,
2009-06-24,30.7756710052,0.5575708747,7.6087446213,18.2980003357,55.7907333374,73.4779129028,
2009-06-25,31.3809700012,0.5803195238,7.7365736961,18.4699993134,56.8135185242,73.4779129028,
2009-06-26,31.4501686096,0.5824573636,7.7087879181,18.4820003510,56.9098281860,73.4779129028,
2009-06-29,31.5193386078,0.5841369629,7.8088293076,18.4340000153,56.9940147400,73.4779129028,
2009-06-30,31.4588127136,0.5816942453,7.7504706383,18.2500000000,56.8977546692,73.4618911743,
2009-07-01,31.4761047363,0.5826097727,7.8505129814,18.4860000610,56.7848739624,73.4634780884,
2009-07-02,30.7843036652,0.5575708747,7.6254162788,18.2819995880,56.9176826477,73.4795150757,
2009-07-06,30.6200199127,0.5523805618,7.6698803902,18.1739997864,56.8090248108,73.4634780884,
2009-07-07,29.8590679169,0.5247454047,7.5170392990,18.1639995575,57.1892929077,73.4634780884,
2009-07-08,30.0146961212,0.5294787288,7.4836907387,17.8640003204,58.2455444336,73.4795150757,
2009-07-09,30.0665855408,0.5305476189,7.4864745140,17.9239997864,57.5514297485,73.4634780884,
2009-07-10,30.1962947845,0.5358915329,7.4781346321,17.9319992065,58.0825691223,73.4634780884,
2009-07-13,30.7756710052,0.5557388663,7.6087446213,18.0659999847,57.7566604614,73.4795150757,
2009-07-14,30.8880653381,0.5597087741,7.6671037674,18.1860008240,56.7969665527,73.4795150757,
2009-07-15,31.9257450104,0.5969617367,7.8199400902,18.4659996033,55.3362960815,73.4475021362,
2009-07-16,32.3062477112,0.6113128066,7.8227238655,18.4099998474,55.9338569641,73.4795150757,
2009-07-17,32.4791793823,0.6178780198,7.7865958214,18.3920001984,55.0707168579,73.4795150757,
2009-07-20,32.7904777527,0.6299396157,7.8449540138,18.6800003052,55.3604469299,73.4475021362,
2009-07-21,33.0153083801,0.6397110224,7.9227643013,18.6380004883,56.4650192261,73.4475021362,
2009-07-22,33.2920303345,0.6488715410,7.8810815811,18.6959991455,55.9579887390,73.4634780884,
2009-07-23,34.0270462036,0.6781851649,8.0867242813,18.6720008850,54.9318885803,73.4475021362,
2009-07-24,33.7676200867,0.6775744557,8.2145547867,18.6959991455,55.1974639893,73.4314727783,
2009-07-27,34.0270462036,0.6786424518,8.1951026917,18.7579994202,54.5637168884,73.4314727783,
2009-07-28,33.7935523987,0.6830707192,8.0617103577,18.4340000153,55.0465698242,73.4475021362,
2009-07-29,34.0183830261,0.6775744557,8.0228109360,18.2479991913,55.3483390808,73.4475021362,
2009-07-30,34.2173004150,0.6853600740,8.1450805664,18.3379993439,56.1329994202,73.4634780884,
2009-07-31,34.1135101318,0.6806278825,8.0422592163,18.7000007629,57.2254981995,73.4154586792,
2009-08-03,34.6237068176,0.7012383342,8.1228504181,18.7980003357,56.3582344055,73.4346923828,
2009-08-04,34.6237068176,0.7007812262,8.0033559799,18.9640007019,55.9101219177,73.4507064819,
2009-08-05,34.3556442261,0.6911623478,7.9477734566,18.9640007019,55.0743904114,73.4346923828,
2009-08-06,34.0529861450,0.6791008115,7.9616684914,18.9260005951,55.2620925903,73.4346923828,
2009-08-07,34.4853363037,0.6946740150,8.0367012024,18.7520008087,54.8018074036,73.4346923828,
2009-08-10,34.2432250977,0.6871922612,8.0533771515,18.5879993439,55.4862060547,73.4346923828,
2009-08-11,33.9492149353,0.6748257875,8.0589294434,18.5760002136,56.1281433105,73.4346923828,
2009-08-12,34.4767036438,0.6955898404,8.0978374481,18.5900001526,55.5285682678,73.4666900635,
2009-08-13,34.6669464111,0.7026131153,8.0700483322,18.7460002899,56.3158760071,73.4346923828,
2009-08-14,34.2691688538,0.6865815520,8.0700483322,18.6060009003,56.5338745117,73.4666900635,
2009-08-17,33.2747383118,0.6465809345,7.9588871002,18.3479995728,57.3696517944,73.4346923828,
2009-08-18,33.7503356934,0.6647496223,7.9755673409,18.4239997864,57.0365791321,73.4666900635,
2009-08-19,33.9838104248,0.6740629077,8.0339250565,18.5240001678,57.5089111328,73.4346923828,
2009-08-20,34.3815765381,0.6903991699,8.1006164551,18.4759998322,57.9812927246,73.4507064819,
2009-08-21,34.8398857117,0.7074988484,8.2590160370,18.7399997711,56.7882080078,73.4346923828,
2009-08-24,34.8052940369,0.7064298391,8.2729101181,18.4720001221,57.8178062439,73.4346923828,
2009-08-25,34.9090652466,0.7111629248,8.2201108932,18.5639991760,58.1448287964,73.4346923828,
2009-08-26,34.8485260010,0.7093310952,8.2117757797,18.5799999237,58.4112548828,73.4507064819,
2009-08-27,34.9350128174,0.7122310400,8.2117757797,18.6459999084,58.1811523438,73.4507064819,
2009-08-28,34.9695663452,0.7139105797,8.1923236847,18.7800006866,58.4476432800,73.4666900635,
2009-08-31,34.6150588989,0.6987957954,8.1228504181,18.6900005341,58.5021133423,73.4666900635,
2009-09-01,33.9665107727,0.6728412509,8.0589294434,18.7859992981,58.3606109619,73.4218444824,
2009-09-02,33.9405555725,0.6714672446,8.0033559799,19.2479991913,59.2111549377,73.4859466553,
2009-09-03,34.1653862000,0.6806278825,7.9977908134,19.4979991913,58.8466186523,73.4859466553,
2009-09-04,34.9004287720,0.7093310952,8.0367012024,19.5200004578,57.8441581726,73.4859466553,
2009-09-08,35.2290077209,0.7235295773,8.0561532974,19.5119991302,57.4370803833,73.4859466553,
2009-09-09,35.5316734314,0.7355911136,8.0450372696,19.4479999542,57.3702659607,73.4378814697,
2009-09-10,35.8688964844,0.7493315339,8.0450372696,19.5520000458,58.4274177551,73.4539108276,
2009-09-11,35.9035148621,0.7505529523,8.0422592163,19.7560005188,58.7493782043,73.4378814697,
2009-09-14,36.0418586731,0.7565073371,8.1589736938,19.6119995117,58.1661796570,73.4378814697,
2009-09-15,36.1542778015,0.7615455985,8.2201108932,19.7940006256,57.8684844971,73.4378814697,
2009-09-16,36.6817550659,0.7838366628,8.3507232666,19.9899997711,57.9717559814,73.4378814697,
2009-09-17,36.6731071472,0.7832260132,8.2951478958,19.8920001984,58.7008323669,73.4539108276,
2009-09-18,36.7345733643,0.7870425582,8.3330459595,19.7660007477,58.1783142090,73.4378814697,
2009-09-21,36.8470954895,0.7904009819,8.2937355042,19.7000007629,58.3119888306,73.4859466553,
2009-09-22,36.9163360596,0.7937602997,8.2712774277,19.9440002441,58.4335327148,73.4378814697,
2009-09-23,36.7432212830,0.7855154276,8.2432012558,19.7859992981,58.6096916199,73.4699172974,
2009-09-24,36.4143028259,0.7720798254,8.2207374573,19.5219993591,58.7797660828,73.4378814697,
2009-09-25,36.0940551758,0.7586444020,8.1982793808,19.4260005951,59.5270423889,73.4699172974,
2009-09-28,36.7086143494,0.7842940688,8.2684698105,19.4260005951,60.0495376587,73.4859466553,
2009-09-29,36.5441551208,0.7777296305,8.2853145599,19.4939994812,59.9949035645,73.4859466553,
2009-09-30,36.5701103210,0.7781867981,8.2347812653,19.7859992981,59.9402046204,73.4859466553,
2009-10-01,35.4881477356,0.7328425050,8.0943984985,19.6040000916,60.7610969543,73.4410781860,
2009-10-02,35.3842887878,0.7278044820,8.0073595047,19.6840000153,60.3405380249,73.4410781860,
2009-10-05,35.6699218750,0.7398660183,8.0943984985,19.9659996033,60.3466873169,73.4731445312,
2009-10-06,36.3017807007,0.7655156255,8.1561679840,20.4659996033,59.7493934631,73.4410781860,
2009-10-07,36.4056510925,0.7699428797,8.1617774963,20.4820003510,60.4503173828,73.4731445312,
2009-10-08,36.5614624023,0.7769653797,8.1617774963,20.7420005798,59.8164749146,73.4410781860,
2009-10-09,36.7691841125,0.7849046588,8.2123165131,20.5839996338,58.4452209473,73.4571075439,
2009-10-12,36.8470954895,0.7887221575,8.2965450287,20.7240009308,58.5367050171,73.4571075439,
2009-10-13,36.8557701111,0.7885687351,8.2375888824,20.8540000916,58.8413467407,73.4571075439,
2009-10-14,37.3577690125,0.8102492690,8.2432012558,20.8439998627,57.9699172974,73.4410781860,
2009-10-15,37.2712173462,0.8073482513,8.3077754974,20.5979995728,57.7017707825,73.4410781860,
2009-10-16,37.0288543701,0.7969662547,8.3358535767,20.6639995575,58.1709709167,73.4731445312,
2009-10-19,37.4010581970,0.8116230369,8.4537763596,20.8619995117,58.6280784607,73.4571075439,
2009-10-20,37.4097213745,0.8125396967,8.3695478439,20.7040004730,58.9450035095,73.4410781860,
2009-10-21,37.3404617310,0.8093326092,8.3807783127,20.7600002289,58.5915184021,73.4410781860,
2009-10-22,37.4876098633,0.8165087104,8.4004268646,20.7980003357,58.3050613403,73.4410781860,
2009-10-23,37.3318099976,0.8099433184,8.2628555298,20.7140007019,57.8662872314,73.4410781860,
2009-10-26,37.2106399536,0.8041422367,8.1533555984,20.3899993896,57.1166381836,73.4410781860,
2009-10-27,36.6480064392,0.7803248763,8.1337051392,20.3819999695,57.8967437744,73.4410781860,
2009-10-28,35.8257255554,0.7447516918,8.0522842407,20.1639995575,58.1709709167,73.4410781860,
2009-10-29,36.4316177368,0.7693321109,8.1224727631,20.5520000458,57.5371513367,73.4571075439,
2009-10-30,35.4535408020,0.7282627821,7.9708609581,20.5340003967,58.3720703125,73.4891357422,
2009-11-02,35.6006813049,0.7340638638,7.9568214417,20.7900009155,58.1140708923,73.4907379150,
2009-11-03,35.7131881714,0.7391020060,7.9399766922,21.3080005646,57.5332603455,73.4907379150,
2009-11-04,35.7737884521,0.7415448427,7.9933185577,21.4360008240,57.0074386597,73.4747467041,
2009-11-05,36.6566658020,0.7774237394,8.1280899048,21.4020004272,57.0074386597,73.4747467041,
2009-11-06,36.8730506897,0.7870425582,8.1196651459,21.5079994202,57.0624694824,73.4907379150,
2009-11-09,37.6607437134,0.8207836747,8.2656602859,21.6480007172,57.1297569275,73.4907379150,
2009-11-10,37.7559127808,0.8233787417,8.3049688339,21.6900005341,57.0257911682,73.4426803589,
2009-11-11,37.9982910156,0.8346773386,8.2853145599,21.9340000153,57.2642478943,73.4426803589,
2009-11-12,37.7818984985,0.8259750605,8.1702022552,21.6620006561,57.1602897644,73.4426803589,
2009-11-13,38.0934982300,0.8398677707,8.2432012558,21.9699993134,57.4232215881,73.4426803589,
2009-11-16,38.4829940796,0.8569673896,8.3583154678,22.3439998627,58.0957641602,73.4426803589,
2009-11-17,38.6041755676,0.8615481853,8.3133916855,22.4160003662,58.4076080322,73.4426803589,
2009-11-18,38.3877906799,0.8526926637,8.2768907547,22.4780006409,58.0651779175,73.4426803589,
2009-11-19,37.7905540466,0.8252109289,8.1758203506,22.4759998322,58.1691131592,73.4426803589,
2009-11-20,37.6001358032,0.8180360794,8.2123165131,22.5919990540,58.1569366455,73.4426803589,
2009-11-23,38.2060165405,0.8427688479,8.3161973953,22.8700008392,58.0835189819,73.4426803589,
2009-11-24,38.0761909485,0.8374249339,8.3330459595,22.9659996033,58.4503631592,73.4426803589,
2009-11-25,38.2406501770,0.8444485068,8.4285058975,23.3540000916,58.7193756104,73.4426803589,
2009-11-27,37.6607437134,0.8192572594,8.2853145599,23.0359992981,58.9394836426,73.4587097168,
2009-11-30,37.7040138245,0.8201728463,8.3555088043,23.1480007172,59.0801086426,73.4587097168,
2009-12-01,38.0934982300,0.8375782371,8.5127315521,23.4979991913,58.4219932556,73.4587097168,
2009-12-02,38.1454467773,0.8404784799,8.6278448105,23.8519992828,58.4710273743,73.4426803589,
2009-12-03,37.9896430969,0.8336083293,8.6559228897,23.7660007477,57.8638267517,73.4426803589,
2009-12-04,38.1887207031,0.8418533802,8.6025762558,22.7740001678,57.2504844666,73.4747467041,
2009-12-07,38.0069541931,0.8336083293,8.6783847809,22.6340007782,57.3240623474,73.4426803589,
2009-12-08,37.7732582092,0.8233787417,8.6418828964,22.1979999542,57.4099464417,73.4426803589,
2009-12-09,38.1540870667,0.8398677707,8.6727695465,22.1860008240,57.1461830139,73.4747467041,
2009-12-10,38.3445320129,0.8484175801,8.7822647095,22.1800003052,56.4899635315,73.4426803589,
2009-12-11,38.1973648071,0.8423106074,8.9338760376,21.8700008392,56.4837417603,73.4426803589,
2009-12-14,38.5609054565,0.8577316403,8.9759931564,22.0599994659,56.5512580872,73.4266662598,
2009-12-15,38.3445320129,0.8487232924,8.9198379517,22.0599994659,56.2997932434,73.4266662598,
2009-12-16,38.3964500427,0.8510138392,8.8805341721,22.3299999237,56.2323074341,73.4426803589,
2009-12-17,37.9290466309,0.8305547833,8.8299970627,21.4960002899,57.1585044861,73.4426803589,
2009-12-18,38.5472297668,0.8565102816,8.9064159393,21.8139991760,56.9131011963,73.4426803589,
2009-12-21,38.9807167053,0.8763574958,8.9319877625,21.3980007172,55.9010620117,73.4426803589,
2009-12-22,39.2148246765,0.8867393732,8.8581237793,21.2439994812,55.5882453918,73.4426803589,
2009-12-23,39.5009307861,0.8992593288,8.8780069351,21.3320007324,55.6005439758,73.4426803589,
2009-12-24,39.8650703430,0.9157482386,8.9433517456,21.6800003052,55.0239982605,73.4587097168,
2009-12-28,40.0731620789,0.9249089956,8.9490337372,21.7299995422,54.8706703186,73.4426803589,
2009-12-29,39.9084243774,0.9177327752,8.9433517456,21.5079994202,55.2325668335,73.4490737915,
2009-12-30,40.0298156738,0.9230766892,8.9405078888,21.4039993286,55.5957565308,73.4650955200,
2009-12-31,39.6656684875,0.9081140757,8.8126678467,21.4740009308,55.3310852051,73.4811401367,
2010-01-04,40.2465667725,0.9323894978,8.8297119141,21.9780006409,55.2818870544,73.4490737915,
2010-01-05,40.2465667725,0.9330004454,8.7245979309,21.9540004730,55.6388168335,73.4330139160,
2010-01-06,40.0038070679,0.9227707982,8.7757349014,22.3260002136,54.8940277100,73.4330139160,
2010-01-07,40.0298156738,0.9229232669,8.7359571457,22.1819992065,54.9863662720,73.4330139160,
2010-01-08,40.3592567444,0.9378859997,8.7274351120,22.2900009155,54.9617843628,73.4330139160,
2010-01-11,40.1945457458,0.9310158491,8.8183498383,22.5979995728,54.6601524353,73.4330139160,
2010-01-12,39.6916732788,0.9078091979,8.7814159393,22.1119995117,55.5957565308,73.4330139160,
2010-01-13,40.1858520508,0.9294885993,8.8780069351,22.3260002136,54.9494438171,73.4650955200,
2010-01-14,40.2205619812,0.9307098985,8.8382368088,22.4260005951,55.7188606262,73.4490737915,
2010-01-15,39.7523689270,0.9099461436,8.7814159393,22.1940002441,56.0635833740,73.4490737915,
2010-01-19,40.3939514160,0.9384968281,8.8836908340,22.3339996338,55.9035873413,73.4490737915,
2010-01-20,39.8130416870,0.9122365117,8.7899389267,21.8020000458,56.4698371887,73.4490737915,
2010-01-21,39.4402503967,0.8943737149,8.6620941162,21.4920005798,56.7283782959,73.4490737915,
2010-01-22,38.2871208191,0.8429213762,8.4717473984,21.4440002441,56.6299362183,73.4490737915,
2010-01-25,38.4171829224,0.8478070498,8.5285711288,21.5119991302,56.3713493347,73.4650955200,
2010-01-26,38.4518585205,0.8496389389,8.5626602173,21.5259990692,56.3898429871,73.4650955200,
2010-01-27,38.7553062439,0.8623113036,8.5058403015,21.3220005035,56.3590087891,73.4811401367,
2010-01-28,37.7582397461,0.8192572594,8.4404993057,21.3059997559,56.3282928467,73.4650955200,
2010-01-29,37.0993080139,0.7899437547,8.3893594742,21.2040004730,56.8206710815,73.4811401367,
2010-02-01,37.5068092346,0.8064327240,8.4433393478,21.6800003052,56.3048858643,73.4650955200,
2010-02-02,37.8449630737,0.8212418556,8.5115251541,21.8360004425,56.4654998779,73.4490737915,
2010-02-03,38.0530281067,0.8307073116,8.4518623352,21.7439994812,55.8106956482,73.4811401367,
2010-02-04,36.9519386292,0.7835305929,8.2302703857,20.8899993896,56.6940383911,73.4811401367,
2010-02-05,37.2640457153,0.7946757674,8.2160634995,20.9279994965,56.8176231384,73.4811401367,
2010-02-08,36.9952812195,0.7845995426,8.1223115921,20.8199996948,56.8917732239,73.4811401367,
2010-02-09,37.3767547607,0.8007826805,8.2047033310,21.0939998627,56.3234710693,73.4811401367,
2010-02-10,37.2987327576,0.7974243164,8.1677694321,21.0300006866,55.7860412598,73.4811401367,
2010-02-11,37.8622741699,0.8207836747,8.2160634995,21.4419994354,55.4833450317,73.4811401367,
2010-02-12,37.9403266907,0.8247536421,8.1848134995,21.4220008850,55.7118988037,73.4811401367,
2010-02-16,38.4258346558,0.8455175161,8.3268613815,21.9360008240,55.8169174194,73.4811401367,
2010-02-17,38.6426010132,0.8545245528,8.2927722931,21.8659992218,55.1806449890,73.4330139160,
2010-02-18,38.8853569031,0.8655171394,8.3382272720,22.0100002289,54.9583129883,73.4650955200,
2010-02-19,38.8680191040,0.8644493222,8.4547080994,21.9120006561,55.2547721863,73.4330139160,
2010-02-22,38.7900009155,0.8607851863,8.4092493057,21.8339996338,55.0262489319,73.4650955200,
2010-02-23,38.2871208191,0.8389521837,8.3524293900,21.5919990540,55.8848686218,73.4330139160,
2010-02-24,38.6772766113,0.8554411530,8.3609533310,21.4839992523,56.0207023621,73.4650955200,
2010-02-25,38.6685943604,0.8572732210,8.3439044952,21.6679992676,56.3357658386,73.4650955200,
2010-02-26,38.8073425293,0.8623113036,8.2785634995,21.8920001984,56.6261558533,73.4650955200,
2010-03-01,39.3708992004,0.8865870833,8.3978872299,21.8959999084,56.6013107300,73.4330139160,
2010-03-02,39.4922637939,0.8919308186,8.4234552383,22.2199993134,56.5269699097,73.4490737915,
2010-03-03,39.5356140137,0.8940679431,8.4092493057,22.3360004425,56.3844833374,73.4330139160,
2010-03-04,39.6656684875,0.8997166753,8.4262971878,22.1900005341,56.6819000244,73.4330139160,
2010-03-05,40.2639083862,0.9262824655,8.5115251541,22.1800003052,55.9382820129,73.4330139160,
2010-03-08,40.3419265747,0.9305574894,8.5115251541,21.9920005798,55.6470298767,73.4330139160,
2010-03-09,40.5673713684,0.9432299137,8.5001592636,21.9580001831,55.6594276428,73.4330139160,
2010-03-10,40.8968200684,0.9560546279,8.5030002594,21.7000007629,55.5169258118,73.4490737915,
2010-03-11,41.0528831482,0.9629247189,8.5314102173,21.7280006409,55.7214317322,73.4330139160,
2010-03-12,41.0615463257,0.9642985463,8.4774322510,21.6100006104,56.0683822632,73.4330139160,
2010-03-15,40.9575042725,0.9603295326,8.5086851120,21.6919994354,55.9940605164,73.4330139160,
2010-03-16,41.2176055908,0.9720851779,8.6081161499,22.0879993439,56.4402236938,73.4330139160,
2010-03-17,41.3303070068,0.9755970836,8.6365270615,21.9279994965,56.6819000244,73.4330139160,
2010-03-18,41.4690551758,0.9824671149,8.5967521667,22.0760002136,56.4959945679,73.4330139160,
2010-03-19,41.2182159424,0.9711688161,8.5872945786,21.6720008850,56.5517730713,73.4330139160,
2010-03-22,41.5914154053,0.9885741472,8.5299701691,21.5620002747,56.6137351990,73.4490737915,
2010-03-23,41.8778266907,1.0027728081,8.5643625259,21.6760005951,56.3472557068,73.4490737915,
2010-03-24,41.6782112122,0.9931544065,8.4755115509,21.2840003967,55.3185882568,73.4330139160,
2010-03-25,41.6174736023,0.9888793230,8.4210519791,21.3680000305,54.9653587341,73.4650955200,
2010-03-26,41.6608619690,0.9923907518,8.4411134720,21.7299995422,55.1203155518,73.4650955200,
2010-03-29,41.8604850769,1.0012465715,8.5443000793,21.7660007477,54.9096183777,73.4330139160,
2010-03-30,41.9993515015,1.0076584816,8.5213680267,21.6079998016,55.0830955505,73.4330139160,
2010-03-31,41.7997207642,0.9991086125,8.5013093948,21.8059997559,55.4611167908,73.4650955200,
2010-04-01,41.7997207642,0.9981932044,8.6188220978,22.0659999847,55.3255653381,73.4650955200,
2010-04-05,42.1903114319,1.0159033537,8.6704177856,22.1840000153,54.4049911499,73.4330139160,
2010-04-06,42.3118019104,1.0215522051,8.7420701981,22.2240009308,54.4920692444,73.4330139160,
2010-04-07,42.2076454163,1.0177353621,8.6560831070,22.5060005188,55.1886749268,73.4330139160,
2010-04-08,42.3031158447,1.0206356049,8.6044950485,22.5440006256,55.2135963440,73.4330139160,
2010-04-09,42.5548248291,1.0333081484,8.6675491333,22.7479991913,55.3442306519,73.4330139160,
2010-04-12,42.5895423889,1.0348352194,8.6904792786,22.6259994507,55.6365394592,73.4330139160,
2010-04-13,42.8065376282,1.0455220938,8.6446189880,22.5459995270,55.8169021606,73.4330139160,
2010-04-14,43.3186035156,1.0707128048,8.6532192230,22.6200008392,55.4250564575,73.4330139160,
2010-04-15,43.5095710754,1.0800271034,8.6503534317,22.7420005798,55.4872550964,73.4330139160,
2010-04-16,42.9887924194,1.0545296669,8.5500307083,22.2679996490,55.8915252686,73.4330139160,
2010-04-19,42.9627456665,1.0526978970,8.5586261749,22.2420005798,55.7547225952,73.4490737915,
2010-04-20,43.1797370911,1.0636905432,8.6675491333,22.3080005646,55.9537353516,73.4330139160,
2010-04-21,43.4227638245,1.0755984783,8.6761484146,22.4820003510,56.4140243530,73.4330139160,
2010-04-22,43.6657791138,1.0868972540,8.7048120499,22.3840007782,56.2460594177,73.4330139160,
2010-04-23,43.8480300903,1.0962103605,8.7735967636,22.6459999084,56.0470466614,73.4330139160,
2010-04-26,43.7525749207,1.0908660889,8.7420701981,22.5680007935,56.1091918945,73.4490737915,
2010-04-27,42.8238906860,1.0459805727,8.5930280685,22.9419994354,56.8991127014,73.4330139160,
2010-04-28,42.8499183655,1.0468957424,8.6818799973,22.8719997406,56.4140243530,73.4490737915,
2010-04-29,43.5963439941,1.0821642876,8.6904792786,22.8700008392,56.6503601074,73.4490737915,
2010-04-30,42.7370948792,1.0412467718,8.7248754501,23.0839996338,57.3034591675,73.4330139160,
2010-05-03,43.3359642029,1.0691871643,8.8366575241,23.1639995575,57.2285194397,73.4490737915,
2010-05-04,42.0340728760,1.0046049356,8.6847476959,22.9899997711,58.2584114075,73.4330139160,
2010-05-05,41.8170814514,0.9948335290,8.6245546341,23.0340003967,58.6016731262,73.4490737915,
2010-05-06,40.4197158813,0.9290302396,8.3866567612,23.7040004730,60.4117202759,73.4650955200,
2010-05-07,39.4129180908,0.8842964172,8.3407955170,23.6700000763,59.6564865112,73.4650955200,
2010-05-10,41.4612350464,0.9725435376,8.5987586975,23.5179996490,58.4206428528,73.4650955200,
2010-05-11,41.4178237915,0.9714746475,8.6159563065,24.1399993896,58.2708740234,73.4650955200,
2010-05-12,42.1989746094,1.0076584816,8.6876125336,24.2900009155,57.8277854919,73.4650955200,
2010-05-13,41.5306587219,0.9762078524,8.6503534317,24.1319999695,58.2084617615,73.4490737915,
2010-05-14,40.7321662903,0.9395655990,8.5786972046,24.0960006714,59.2195701599,73.4650955200,
2010-05-17,40.8623733521,0.9453669190,8.5872945786,23.8880004883,59.0011520386,73.4650955200,
2010-05-18,40.2981910706,0.9192590117,8.5041723251,23.9060001373,59.9061546326,73.4490737915,
2010-05-19,39.9770698547,0.9030760527,8.4181842804,23.3519992828,60.1058769226,73.4650955200,
2010-05-20,38.4929046631,0.8378831744,8.1659545898,23.1760005951,61.3729209900,73.4650955200,
2010-05-21,38.9181785583,0.8551354408,8.2032175064,23.0599994659,61.4352912903,73.4650955200,
2010-05-24,38.7619590759,0.8473496437,8.1258258820,23.3759994507,61.2231559753,73.4650955200,
2010-05-25,38.7966804504,0.8493341208,8.0828323364,23.4799995422,61.5227241516,73.4650955200,
2010-05-26,38.3627014160,0.8287228346,8.0799703598,23.7119998932,61.3479080200,73.4811401367,
2010-05-27,39.8121604919,0.8937630057,8.2347469330,23.7500000000,59.9561119080,73.4490737915,
2010-05-28,39.5777969360,0.8823120594,8.2433443069,23.7779998779,60.2307167053,73.4650955200,
2010-06-01,39.2132835388,0.8653647900,8.0513067245,23.9860000610,60.6540489197,73.4650955200,
2010-06-02,40.1419601440,0.9078091979,8.2204122543,23.9699993134,60.0779418945,73.4811401367,
2010-06-03,40.5238647461,0.9238399267,8.3064002991,23.6019992828,59.6395378113,73.4490737915,
2010-06-04,39.1351776123,0.8630744219,8.0599050522,23.8579998016,61.2427825928,73.4811401367,
2010-06-07,38.4234580994,0.8308606744,8.1086311340,24.3059997559,61.7124900818,73.4650955200,
2010-06-08,38.3540344238,0.8273488879,8.2146797180,24.2159996033,61.4055099487,73.4811401367,
2010-06-09,38.0328826904,0.8126920462,8.1688241959,24.1259994507,61.3367042542,73.4811401367,
2010-06-10,39.1177940369,0.8589529395,8.3694591522,23.8040008545,60.2407302856,73.4811401367,
2010-06-11,39.4910202026,0.8749836087,8.3751907349,24.0240001678,61.0047798157,73.4811401367,
2010-06-14,39.4823417664,0.8751360774,8.4239168167,23.9400005341,60.6916503906,73.4490737915,
2010-06-15,40.5412216187,0.9217020273,8.5872945786,24.2159996033,60.4411735535,73.4490737915,
2010-06-16,40.7061195374,0.9305574894,8.6417531967,24.0820007324,60.7855987549,73.4490737915,
2010-06-17,40.8363227844,0.9359015226,8.7048120499,24.3920001984,61.2803001404,73.4490737915,
2010-06-18,40.8702354431,0.9384968281,8.7126331329,24.5839996338,61.1801872253,73.4650955200,
2010-06-21,40.5224037170,0.9249089956,8.6518011093,24.0960006714,61.0047798157,73.4490737915,
2010-06-22,40.2093467712,0.9067400694,8.4374666214,24.3040008545,61.7312965393,73.4650955200,
2010-06-23,40.0441322327,0.9003273249,8.3621559143,24.2119998932,62.1508026123,73.4650955200,
2010-06-24,39.4354209900,0.8722348809,8.3158102036,24.2800006866,61.7813606262,73.4650955200,
2010-06-25,39.4432716370,0.8687241077,8.3534669876,24.5799999237,62.0318565369,73.4650955200,
2010-06-28,39.3038749695,0.8633804917,8.4085016251,24.2199993134,62.6142883301,73.4650955200,
2010-06-29,37.7878112793,0.7968137860,8.2376079559,24.2800006866,63.2969284058,73.4650955200,
2010-06-30,37.2127723694,0.7725381255,8.1854696274,24.3400001526,63.7227897644,73.4811401367,
2010-07-01,37.1082344055,0.7679583430,8.1478166580,23.4200000763,63.8232841492,73.4650955200,
2010-07-02,37.0036659241,0.7635301352,8.1565046310,23.7000007629,63.3145294189,73.4650955200,
2010-07-06,37.1169395447,0.7674999237,8.2520866394,23.3199996948,63.8359222412,73.4490737915,
2010-07-07,38.3018608093,0.8162035942,8.5069789886,23.5599994659,63.0883483887,73.4490737915,
2010-07-08,38.5109977722,0.8247536421,8.5735998154,23.4799995422,62.6863136292,73.4650955200,
2010-07-09,38.8769378662,0.8412427306,8.6315288544,23.6800003052,62.3282203674,73.4490737915,
2010-07-12,38.9902191162,0.8458223939,8.6604938507,23.5000000000,62.3031082153,73.4650955200,
2010-07-13,39.4955406189,0.8665861487,8.6894626617,23.6800003052,61.7691421509,73.4650955200,
2010-07-14,39.6959609985,0.8766633272,8.6923542023,23.6800003052,62.3910636902,73.4650955200,
2010-07-15,39.7307853699,0.8788003325,8.7502851486,23.6599998474,63.0129280090,73.4650955200,
2010-07-16,38.6329727173,0.8304024935,8.5996665955,23.3600006104,63.3207626343,73.4650955200,
2010-07-19,38.9640655518,0.8438379765,8.7329053879,23.1599998474,62.9312858582,73.4490737915,
2010-07-20,39.4345512390,0.8632279634,8.8111076355,23.3600006104,63.0255393982,73.4490737915,
2010-07-21,38.8943557739,0.8407842517,8.6749773026,23.1800003052,64.0933914185,73.4490737915,
2010-07-22,39.8789253235,0.8829227090,8.8140106201,23.3799991608,63.3521270752,73.4490737915,
2010-07-23,40.1315917969,0.8942203522,8.8284902573,23.2199993134,62.6799850464,73.4650955200,
2010-07-26,40.4626846313,0.9081140757,8.8922109604,23.1200008392,62.5731887817,73.4330139160,
2010-07-27,40.4452552795,0.9075031281,9.0225534439,22.7399997711,61.9701766968,73.4330139160,
2010-07-28,40.1228752136,0.8936094046,8.9791069031,22.7800006866,62.1711807251,73.4490737915,
2010-07-29,39.8266525269,0.8801741004,8.8400764465,22.8600006104,62.1523017883,73.4330139160,
2010-07-30,39.9137611389,0.8846023679,8.7966289520,23.1200008392,63.1197662354,73.4490737915,
2010-08-02,40.6630744934,0.9169697762,8.9791069031,23.1399993896,62.2335891724,73.4330139160,
2010-08-03,40.4888267517,0.9097935557,8.9356632233,23.2199993134,62.5929107666,73.4330139160,
2010-08-04,40.8983039856,0.9282671213,8.9733114243,23.3600006104,62.1139335632,73.4330139160,
2010-08-05,40.8024864197,0.9238399267,8.9588346481,23.3999996185,62.4038352966,73.4330139160,
2010-08-06,40.7415046692,0.9207863212,8.9762096405,23.6000003815,63.0844993591,73.4330139160,
2010-08-09,41.0203094482,0.9325421453,9.0080728531,23.5000000000,62.8512573242,73.4330139160,
2010-08-10,40.6630744934,0.9180377126,9.0602102280,23.5799999237,62.9835586548,73.4490737915,
2010-08-11,39.5565490723,0.8671970963,8.8777275085,23.5000000000,63.8281364441,73.4650955200,
2010-08-12,39.2428817749,0.8525401354,8.8603544235,23.7800006866,63.6705207825,73.4650955200,
2010-08-13,38.9640655518,0.8406319022,8.8922109604,23.7800006866,64.4646453857,73.4650955200,
2010-08-16,39.0337677002,0.8438379765,8.8922109604,23.9400005341,66.0779418945,73.4490737915,
2010-08-17,39.5304069519,0.8652125001,8.9791069031,23.9599990845,65.6998291016,73.4650955200,
2010-08-18,39.6872291565,0.8716242909,8.9298686981,24.0599994659,65.8762741089,73.4490737915,
2010-08-19,39.0860404968,0.8455175161,8.8024215698,24.0799999237,66.9035263062,73.4490737915,
2010-08-20,39.1383209229,0.8476544023,8.8255958557,24.0200004578,66.8279037476,73.4650955200,
2010-08-23,38.7549667358,0.8310130835,8.8835229874,23.9799995422,66.8405151367,73.4490737915,
2010-08-24,38.0317878723,0.8009363413,8.8980026245,24.1000003815,67.9118804932,73.4490737915,
2010-08-25,38.3977279663,0.8151347637,8.8922109604,24.2800006866,67.6912841797,73.4650955200,
2010-08-26,37.9359397888,0.7963554859,8.8516616821,24.2000007629,68.3278198242,73.4490737915,
2010-08-27,38.3977279663,0.8163561225,9.0196590424,24.2399997711,66.3930664062,73.4490737915,
2010-08-30,37.9969291687,0.7986459136,8.8835229874,24.2000007629,67.6660842896,73.4650955200,
2010-08-31,37.8662261963,0.7942186594,8.9240770340,24.4400005341,68.4160156250,73.4490737915,
2010-09-01,38.9989280701,0.8397154212,9.1181373596,24.3799991608,67.0014419556,73.4490737915,
2010-09-02,39.4345512390,0.8592577577,9.1181373596,24.4799995422,66.2934570312,73.4650955200,
2010-09-03,40.0880241394,0.8885715604,9.1586866379,24.3799991608,65.4717788696,73.4650955200,
2010-09-07,39.8179244995,0.8754418492,9.1123437881,24.5799999237,66.8118133545,73.4490737915,
2010-09-08,40.2971267700,0.8962059021,9.0688991547,24.5799999237,66.2807922363,73.4490737915,
2010-09-09,40.4539642334,0.9029235244,9.1586866379,24.3400001526,64.9724197388,73.4490737915,
2010-09-10,40.6020889282,0.9094878435,9.1065540314,24.3600006104,64.6753463745,73.4490737915,
2010-09-13,41.1684150696,0.9355955124,9.1384115219,24.3600006104,64.9913864136,73.4490737915,
2010-09-14,41.3426780701,0.9430764914,9.1268281937,24.8199996948,65.6171951294,73.4650955200,
2010-09-15,41.6040611267,0.9551380873,9.0746898651,24.7999992371,64.6437301636,73.4650955200,
2010-09-16,41.7696342468,0.9624664783,9.0428295135,24.9599990845,64.0053329468,73.4650955200,
2010-09-17,41.9110946655,0.9687258005,9.0273208618,24.9400005341,64.2644729614,73.4490737915,
2010-09-20,42.6446876526,1.0024679899,9.1472930908,25.0200004578,64.6374053955,73.4490737915,
2010-09-21,42.6359596252,1.0001771450,9.1004753113,25.2399997711,65.5350341797,73.4490737915,
2010-09-22,42.5224113464,0.9968184233,9.1648521423,25.2800006866,66.1228485107,73.4490737915,
2010-09-23,42.5049667358,0.9960552454,9.0595083237,25.2800006866,66.3124389648,73.4490737915,
2010-09-24,43.3695602417,1.0362092257,9.2058200836,25.3400001526,65.4211883545,73.4650955200,
2010-09-27,43.1337547302,1.0255211592,9.2233753204,25.3799991608,66.5589599609,73.4650955200,
2010-09-28,43.1162872314,1.0270485878,9.2292299271,25.6200008392,67.0140914917,73.4490737915,
2010-09-29,43.0464134216,1.0210934877,9.2116718292,25.6000003815,66.7359771729,73.4490737915,
2010-09-30,42.8542976379,1.0120857954,9.1824102402,25.6000003815,66.6917266846,73.4490737915,
2010-10-01,42.8018836975,1.0099487305,9.2321557999,25.8199996948,66.3694381714,73.4490737915,
2010-10-04,42.3390274048,0.9878111482,9.2145986557,25.7399997711,66.5406875610,73.4650955200,
2010-10-05,43.3695602417,1.0352923870,9.3170166016,26.2399997711,66.1409759521,73.4490737915,
2010-10-06,42.9940414429,1.0188034773,9.2731218338,26.3999996185,66.9721145630,73.4490737915,
2010-10-07,43.1512222290,1.0244529247,9.2906808853,26.1000003815,66.4138183594,73.4490737915,
2010-10-08,43.4481506348,1.0369721651,9.3199405670,26.3600006104,66.1219329834,73.4490737915,
2010-10-11,43.4656219482,1.0400254726,9.3228673935,26.4799995422,66.1346893311,73.4490737915,
2010-10-12,43.7625541687,1.0552930832,9.2848262787,26.4200000763,65.4811859131,73.4490737915,
2010-10-13,44.1206054688,1.0716300011,9.3199405670,26.8600006104,65.3796844482,73.4490737915,
2010-10-14,44.0332717896,1.0675071478,9.3053131104,27.0000000000,64.4026412964,73.4650955200,
2010-10-15,44.9677429199,1.1125465631,9.3345737457,26.7600002289,63.6159057617,73.4490737915,
2010-10-18,44.8018112183,1.1093407869,9.3345737457,26.8799991608,64.1298370361,73.4650955200,
2010-10-19,44.3826026917,1.0829269886,9.3521289825,26.0799999237,64.5168075562,73.4490737915,
2010-10-20,44.7057495117,1.0988055468,9.4282102585,26.2800006866,64.6564331055,73.4490737915,
2010-10-21,44.7930717468,1.1032342911,9.3872423172,25.9400005341,63.8887138367,73.4490737915,
2010-10-22,45.0987358093,1.1185014248,9.3257923126,25.9599990845,64.3201446533,73.4650955200,
2010-10-25,45.3170814514,1.1276619434,9.3053131104,26.2199993134,64.5041046143,73.4490737915,
2010-10-26,45.4393386841,1.1343796253,9.2819023132,26.2000007629,63.5080566406,73.4650955200,
2010-10-27,45.5790786743,1.1424711943,9.2438592911,25.9200000763,62.9497642517,73.4650955200,
2010-10-28,45.6751403809,1.1468985081,9.2672672272,26.2800006866,63.1210212708,73.4490737915,
2010-10-29,45.5703468323,1.1430814266,9.2819023132,26.5599994659,63.7110633850,73.4650955200,
2010-11-01,45.6052780151,1.1433868408,9.1911916733,26.4200000763,63.4367561340,73.4650955200,
2010-11-02,46.0943412781,1.1673578024,9.2994565964,26.5400009155,64.2705764771,73.4330139160,
2010-11-03,46.3039398193,1.1788073778,9.2819023132,26.3400001526,62.9594917297,73.4490737915,
2010-11-04,46.8715972900,1.2065949440,9.3813962936,27.2199993134,63.4494819641,73.4490737915,
2010-11-05,46.8715972900,1.2068997622,9.3784627914,27.2999992371,62.3611412048,73.4490737915,
2010-11-08,46.9327430725,1.2099534273,9.3257923126,27.6000003815,62.6411170959,73.4490737915,
2010-11-09,46.6794738770,1.1946858168,9.2936067581,27.1399993896,61.2600364685,73.4490737915,
2010-11-10,46.9152755737,1.1908689737,9.2526397705,27.4799995422,61.3427886963,73.4490737915,
2010-11-11,46.6183471680,1.1937700510,9.2467851639,27.5400009155,61.3109550476,73.4330139160,
2010-11-12,45.8585472107,1.1536164284,9.1707038879,26.7600002289,60.9800300598,73.4650955200,
2010-11-15,45.6838836670,1.1464400291,9.2028923035,26.5000000000,59.7070655823,73.4650955200,
2010-11-16,44.9328079224,1.1079663038,9.0946216583,26.2399997711,61.1900444031,73.4650955200,
2010-11-17,45.0638160706,1.1140729189,9.0917015076,26.1399993896,60.8527488708,73.4650955200,
2010-11-18,45.7886695862,1.1497995853,9.1443719864,26.4599990845,61.1008872986,73.4490737915,
2010-11-19,45.8236083984,1.1514791250,9.1092548370,26.4599990845,61.4764595032,73.4490737915,
2010-11-22,46.2078857422,1.1716322899,9.1355905533,26.7399997711,61.7373924255,73.4490737915,
2010-11-23,45.4742774963,1.1349908113,9.0361013412,26.9200000763,62.0429077148,73.4490737915,
2010-11-24,46.3912849426,1.1797240973,9.0917015076,26.8799991608,60.9354209900,73.4650955200,
2010-11-26,46.0856018066,1.1638456583,9.0302457809,26.5799999237,61.7819595337,73.4650955200,
2010-11-29,46.0506629944,1.1633874178,9.0126943588,26.7199993134,62.3102569580,73.4650955200,
2010-11-30,45.4917602539,1.1334630251,9.0009880066,27.1200008392,62.6347846985,73.4650955200,
2010-12-01,46.4523963928,1.1815559864,9.1063327789,27.1399993896,61.2424774170,73.4490737915,
2010-12-02,46.9240074158,1.2064428329,9.1326608658,27.0599994659,61.0828590393,73.4490737915,
2010-12-03,47.0462837219,1.2119389772,9.1531486511,27.6399993896,60.6038513184,73.4650955200,
2010-12-06,47.0288009644,1.2108699083,9.1268138885,27.8799991608,61.4596786499,73.4490737915,
2010-12-07,47.0550003052,1.2133123875,9.0653619766,27.3400001526,60.1439514160,73.4490737915,
2010-12-08,47.2296676636,1.2227780819,9.0331735611,27.0000000000,59.5627670288,73.4490737915,
2010-12-09,47.2733306885,1.2238470316,9.0712156296,27.1200008392,59.8566017151,73.4650955200,
2010-12-10,47.5877456665,1.2401834726,9.1063327789,27.1200008392,59.4925117493,73.4650955200,
2010-12-13,47.4217910767,1.2319388390,9.1502227783,27.2399997711,59.7160758972,73.4650955200,
2010-12-14,47.5091362000,1.2345347404,9.1736335754,27.2600002289,58.8474769592,73.4650955200,
2010-12-15,47.2995414734,1.2249159813,9.0946216583,27.0000000000,58.0810279846,73.4490737915,
2010-12-16,47.6663436890,1.2423206568,9.1765604019,26.8199996948,58.4834251404,73.4490737915,
2010-12-17,47.7083396912,1.2461384535,9.2242326736,26.8799991608,59.5500221252,73.4650955200,
2010-12-20,47.7433395386,1.2487335205,9.2360801697,27.0599994659,59.4861717224,73.4650955200,
2010-12-21,48.0321235657,1.2618629932,9.2390384674,27.1000003815,59.9012985229,73.4650955200,
2010-12-22,48.0233535767,1.2630844116,9.2804956436,27.0400009155,59.4733619690,73.4490737915,
2010-12-23,47.9008522034,1.2563668489,9.2864217758,26.9799995422,59.3520736694,73.4490737915,
2010-12-27,47.9270973206,1.2565202713,9.2923402786,27.0400009155,59.8821296692,73.4490737915,
2010-12-28,47.8395919800,1.2528556585,9.3249158859,27.4799995422,58.7093658447,73.4650955200,
2010-12-29,47.9446144104,1.2578935623,9.2923402786,27.5799999237,59.7026863098,73.4490737915,
2010-12-30,47.8308448792,1.2514806986,9.2775354385,27.4400005341,59.6578063965,73.4650955200,
2010-12-31,47.6558265686,1.2432368994,9.2804956436,27.7999992371,60.3179435730,73.4490737915,
2011-01-03,48.3996467590,1.2814052105,9.3249158859,27.6399993896,59.8629302979,73.4650955200,
2011-01-04,48.3646278381,1.2791157961,9.3693351746,27.0000000000,59.9333877563,73.4650955200,
2011-01-05,48.7758979797,1.3014062643,9.3101119995,26.9200000763,58.6132164001,73.4650955200,
2011-01-06,48.9334297180,1.3093452454,9.3189954758,26.8199996948,58.8695564270,73.4650955200,
2011-01-07,48.8896751404,1.3076655865,9.3515644073,26.7800006866,59.1835861206,73.4490737915,
2011-01-10,49.0734291077,1.3163691759,9.3012256622,26.8799991608,59.5040397644,73.4650955200,
2011-01-11,49.1434440613,1.3198796511,9.3160333633,27.0000000000,59.1707649231,73.4650955200,
2011-01-12,49.4934692383,1.3385065794,9.3634099960,27.1200008392,58.7093658447,73.4490737915,
2011-01-13,49.5109596252,1.3415598869,9.3545255661,26.8600006104,59.2348747253,73.4490737915,
2011-01-14,49.8784866333,1.3607968092,9.3989496231,26.6000003815,58.8567543030,73.4490737915,
2011-01-18,50.0185050964,1.3681252003,9.4226379395,26.7199993134,58.5811805725,73.4490737915,
2011-01-19,49.4497070312,1.3374376297,9.3989496231,26.7800006866,59.0041313171,73.4650955200,
2011-01-20,49.0996704102,1.3165216446,9.4700174332,26.2600002289,58.1902427673,73.4650955200,
2011-01-21,48.7233886719,1.2968263626,9.4611330032,26.2600002289,58.6516723633,73.4490737915,
2011-01-24,49.3972091675,1.3333151340,9.5144357681,26.1000003815,58.6772766113,73.4490737915,
2011-01-25,49.4672088623,1.3362158537,9.4996271133,26.0599994659,59.2348747253,73.4650955200,
2011-01-26,49.7297248840,1.3517898321,9.4640941620,26.2800006866,58.3376312256,73.4490737915,
2011-01-27,50.0360069275,1.3679727316,9.4996271133,25.6399993896,58.6004104614,73.4650955200,
2011-01-28,48.7671508789,1.2985050678,9.3722972870,26.0799999237,58.9080123901,73.4490737915,
2011-01-31,49.0034217834,1.3114830256,9.3930244446,26.0200004578,58.4594154358,73.4490737915,
2011-02-01,49.9222450256,1.3597289324,9.4877853394,26.1800003052,58.1699981689,73.4490737915,
2011-02-02,49.8434944153,1.3554537296,9.4374427795,26.1399993896,58.1828880310,73.4490737915,
2011-02-03,49.9309997559,1.3594229221,9.4759368896,26.4599990845,57.7005310059,73.4490737915,
2011-02-04,50.2110061646,1.3759120703,9.4167156219,26.3799991608,57.1152992249,73.4650955200,
2011-02-07,50.4472846985,1.3891946077,9.4789009094,26.3999996185,57.4111366272,73.4490737915,
2011-02-08,50.7798080444,1.4088897705,9.4759368896,26.6800003052,56.8837318420,73.4490737915,
2011-02-09,50.6922912598,1.4026302099,9.4759368896,26.6800003052,57.3790054321,73.4650955200,
2011-02-10,50.7710647583,1.4076685905,9.4937076569,26.6399993896,56.7165870667,73.4490737915,
2011-02-11,51.1385803223,1.4267524481,9.4759368896,26.5200004578,57.5333251953,73.4490737915,
2011-02-14,51.2610816956,1.4336236715,9.4078264236,26.6399993896,57.5719223022,73.4490737915,
2011-02-15,51.1910743713,1.4301121235,9.4374427795,26.8199996948,57.8291549683,73.4650955200,
2011-02-16,51.5236053467,1.4490436316,9.4167156219,26.8600006104,57.6426734924,73.4650955200,
2011-02-17,51.5060997009,1.4478224516,9.4344778061,27.0599994659,57.7326927185,73.4650955200,
2011-02-18,51.3923416138,1.4418678284,9.4492883682,27.1200008392,57.5525970459,73.4490737915,
2011-02-22,49.9047431946,1.3565213680,9.4078264236,27.3199996948,58.4143791199,73.4490737915,
2011-02-23,49.4934692383,1.3345363140,9.3871040344,27.5599994659,58.6266021729,73.4650955200,
2011-02-24,49.7559814453,1.3475147486,9.3515644073,27.3600006104,58.9995841980,73.4650955200,
2011-02-25,50.4472846985,1.3858356476,9.4048690796,27.5400009155,59.3469085693,73.4650955200,
2011-02-28,50.5522766113,1.3928591013,9.5085124969,27.5799999237,59.4240951538,73.4490737915,
2011-03-01,49.7384796143,1.3484299183,9.4137535095,28.0599994659,59.5963439941,73.4490737915,
2011-03-02,50.0009918213,1.3615607023,9.4285573959,28.0400009155,58.6802024841,73.4650955200,
2011-03-03,50.9898300171,1.4149967432,9.5351619720,27.6800003052,58.1059875488,73.4490737915,
2011-03-04,50.7272987366,1.3994246721,9.4789009094,27.9200000763,58.5898551941,73.4650955200,
2011-03-07,50.0447578430,1.3632392883,9.5144357681,28.0000000000,58.2156677246,73.4490737915,
2011-03-08,50.2460098267,1.3734691143,9.6210374832,27.9200000763,57.8607978821,73.4490737915,
2011-03-09,49.9047431946,1.3542325497,9.7187604904,27.9400005341,58.4221038818,73.4490737915,
2011-03-10,49.1259498596,1.3133153915,9.6091928482,27.6200008392,59.4028396606,73.4490737915,
2011-03-11,49.4322090149,1.3282771111,9.6299247742,27.7000007629,59.0673408508,73.4650955200,
2011-03-14,49.2572059631,1.3186583519,9.5025882721,27.8400001526,59.0415153503,73.4650955200,
2011-03-15,48.5571327209,1.2827805281,9.3219547272,27.3199996948,59.9254264832,73.4811401367,
2011-03-16,47.3845748901,1.2209458351,9.1768541336,27.2999992371,60.6028442383,73.4811401367,
2011-03-17,47.8220901489,1.2421683073,9.1886987686,27.4400005341,60.1383094788,73.4811401367,
2011-03-18,47.7143058777,1.2371302843,9.2344522476,27.7199993134,60.2996101379,73.4811401367,
2011-03-21,48.6344223022,1.2824743986,9.3421058655,27.8999996185,59.9447746277,73.4811401367,
2011-03-22,48.5467910767,1.2809480429,9.3570604324,27.8799991608,60.1447486877,73.4490737915,
2011-03-23,48.8184394836,1.2937728167,9.3510770798,28.1200008392,60.0673522949,73.4650955200,
2011-03-24,49.6859626770,1.3427814245,9.3899555206,27.8799991608,59.6157188416,73.4490737915,
2011-03-25,49.8086585999,1.3461400270,9.3869628906,27.8999996185,59.4673309326,73.4490737915,
2011-03-28,49.5370101929,1.3301092386,9.3540678024,27.7399997711,59.5512351990,73.4650955200,
2011-03-29,50.0189743042,1.3562169075,9.4467716217,27.7199993134,59.0931053162,73.4490737915,
2011-03-30,50.2555770874,1.3695001602,9.5544290543,27.7800006866,59.5640716553,73.4650955200,
2011-03-31,50.3256721497,1.3736214638,9.5305042267,28.0400009155,59.4415092468,73.4490737915,
2011-04-01,50.3519630432,1.3746900558,9.6052665710,27.8999996185,59.7304573059,73.4490737915,
2011-04-04,50.1854705811,1.3664462566,9.5992841721,28.0000000000,59.7952957153,73.4490737915,
2011-04-05,50.0540275574,1.3580491543,9.5604066849,28.4599990845,59.5554962158,73.4490737915,
2011-04-06,50.1767158508,1.3646142483,9.6291913986,28.5400009155,58.6614074707,73.4490737915,
2011-04-07,50.1416397095,1.3640035391,9.5903158188,28.5400009155,58.5447845459,73.4650955200,
2011-04-08,49.9050636292,1.3507207632,9.5634002686,28.7800006866,58.2338294983,73.4490737915,
2011-04-11,49.7385635376,1.3417125940,9.4378032684,28.6000003815,58.2856369019,73.4490737915,
2011-04-12,49.3967933655,1.3238494396,9.4138793945,28.3999996185,58.9140739441,73.4650955200,
2011-04-13,49.8174133301,1.3456825018,9.4378032684,28.4599990845,59.2834167480,73.4650955200,
2011-04-14,49.7297859192,1.3398804665,9.4946203232,28.8199996948,59.2380867004,73.4490737915,
2011-04-15,49.6421508789,1.3356052637,9.5992841721,29.0599994659,60.0414466858,73.4650955200,
2011-04-18,49.2916450500,1.3163691759,9.5155515671,29.2399997711,60.1775283813,73.4490737915,
2011-04-19,49.5983543396,1.3330103159,9.5185432434,29.2600002289,60.4366722107,73.4490737915,
2011-04-20,50.7200164795,1.3924005032,9.6411485672,29.3400001526,60.0479850769,73.4490737915,
2011-04-21,51.1231079102,1.4145385027,9.6411485672,29.3999996185,59.9961700439,73.4490737915,
2011-04-25,51.2545509338,1.4226307869,9.6531105042,29.4400005341,60.2229461670,73.4490737915,
2011-04-26,51.5437316895,1.4375928640,9.7308664322,29.3400001526,60.8060035706,73.4490737915,
2011-04-27,51.8942451477,1.4577459097,9.8086156845,29.8999996185,60.1839752197,73.4490737915,
2011-04-28,51.8153953552,1.4540817738,9.8953371048,30.0200004578,60.6440429688,73.4490737915,
2011-04-29,51.7715682983,1.4528603554,9.9162740707,30.5400009155,60.8319625854,73.4490737915,
2011-05-02,51.6751785278,1.4466004372,9.9192638397,30.1200008392,60.9294700623,73.4490737915,
2011-05-03,51.4298019409,1.4316381216,9.9820613861,30.0200004578,61.2743682861,73.4490737915,
2011-05-04,51.3509521484,1.4285845757,9.9700965881,29.6200008392,61.5476722717,73.4811401367,
2011-05-05,51.0705375671,1.4113327265,9.8983249664,28.7600002289,62.1332778931,73.4811401367,
2011-05-06,51.2370147705,1.4223248959,9.9551458359,29.1399993896,61.8599891663,73.4811401367,
2011-05-09,51.4298019409,1.4325548410,9.9760799408,29.5599994659,61.7949638367,73.4811401367,
2011-05-10,51.8679618835,1.4560660124,10.1196222305,29.6399993896,61.3524551392,73.4811401367,
2011-05-11,51.4911384583,1.4346917868,10.0867223740,29.3799991608,61.7038574219,73.4811401367,
2011-05-12,51.7978515625,1.4508757591,10.1883983612,29.3799991608,61.3134422302,73.4811401367,
2011-05-13,51.1844520569,1.4172875881,10.1405544281,29.1800003052,61.8664550781,73.4650955200,
2011-05-16,50.2993888855,1.3679727316,10.1525135040,29.1399993896,62.2113571167,73.4650955200,
2011-05-17,50.4395980835,1.3749961853,10.2272777557,29.0000000000,62.8490142822,73.4650955200,
2011-05-18,50.8602218628,1.3992711306,10.1943807602,29.1800003052,62.0161476135,73.4490737915,
2011-05-19,51.0091934204,1.4069054127,10.2183008194,29.2000007629,61.9901313782,73.4811401367,
2011-05-20,50.6236038208,1.3855305910,10.2063417435,29.5799999237,62.0226745605,73.4650955200,
2011-05-23,49.8787727356,1.3459874392,10.0867223740,29.6399993896,62.3219490051,73.4650955200,
2011-05-24,49.5720558167,1.3287354708,10.0777530670,29.7999992371,62.5562057495,73.4650955200,
2011-05-25,49.7648544312,1.3386589289,10.0568199158,29.7999992371,62.2634124756,73.4650955200,
2011-05-26,50.0715332031,1.3557587862,10.0538291931,29.7199993134,62.7970199585,73.4650955200,
2011-05-27,50.3256721497,1.3690416813,10.0538291931,30.0200004578,62.7709732056,73.4650955200,
2011-05-31,51.1406288147,1.4114850760,10.1285877228,29.9799995422,62.9140510559,73.4650955200,
2011-06-01,50.0277404785,1.3507207632,10.0239248276,30.0400009155,63.7643432617,73.4490737915,
2011-06-02,50.1328849792,1.3571325541,9.9940185547,29.9799995422,62.5496711731,73.4490737915,
2011-06-03,49.3792762756,1.3168261051,9.9252395630,30.1000003815,62.9088745117,73.4490737915,
2011-06-06,48.9761734009,1.2939255238,9.8803882599,30.1599998474,62.4321327209,73.4490737915,
2011-06-07,48.8885459900,1.2902612686,9.8923482895,30.1399993896,62.7194786072,73.4650955200,
2011-06-08,48.5380401611,1.2707188129,9.9162740707,30.0200004578,63.2092590332,73.4650955200,
2011-06-09,48.6256561279,1.2743827105,9.9252395630,30.1599998474,62.9545783997,73.4490737915,
2011-06-10,47.8808135986,1.2368242741,9.8594503403,29.9200000763,63.4378433228,73.4650955200,
2011-06-13,47.8808135986,1.2349922657,9.9043092728,29.6000003815,63.1178321838,73.4490737915,
2011-06-14,48.4942169189,1.2659853697,9.9431819916,29.7999992371,62.1643676758,73.4650955200,
2011-06-15,47.5741195679,1.2215567827,9.8205757141,29.8999996185,63.2941703796,73.4650955200,
2011-06-16,47.3900871277,1.2111746073,9.8983249664,29.8400001526,63.5815315247,73.4650955200,
2011-06-17,47.2416496277,1.2029305696,9.9659976959,30.0599994659,63.2810974121,73.4650955200,
2011-06-20,47.4875679016,1.2146862745,10.0233926773,30.0799999237,63.3594818115,73.4650955200,
2011-06-21,48.5063629150,1.2664433718,10.0294361115,30.2000007629,63.0786628723,73.4490737915,
2011-06-22,48.1550483704,1.2494962215,9.9629726410,30.2800006866,63.1178321838,73.4650955200,
2011-06-23,48.6029663086,1.2727032900,9.8783941269,29.7399997711,63.6010627747,73.4650955200,
2011-06-24,47.7598342896,1.2282743454,9.9085988998,29.3199996948,63.3333702087,73.4490737915,
2011-06-27,48.5239219666,1.2681237459,9.9811029434,29.2199993134,62.4648094177,73.4490737915,
2011-06-28,49.2440948486,1.3047654629,10.0264148712,29.3199996948,61.9619216919,73.4490737915,
2011-06-29,49.4460983276,1.3162155151,10.0928716660,29.5200004578,61.5504875183,73.4650955200,
2011-06-30,50.1047935486,1.3501098156,10.1140203476,29.2800006866,61.4525337219,73.4650955200,
2011-07-01,50.8601036072,1.3914852142,10.2348594666,29.0400009155,61.3542442322,73.4490737915,
2011-07-05,51.1147804260,1.4046146870,10.1744384766,29.6000003815,61.4918441772,73.4490737915,
2011-07-06,51.2816543579,1.4127062559,10.1955862045,29.8600006104,61.8064346313,73.4650955200,
2011-07-07,51.9842720032,1.4534708261,10.2378778458,29.9200000763,61.6229286194,73.4490737915,
2011-07-08,51.8437500000,1.4444628954,10.1986055374,30.1399993896,62.4944305420,73.4490737915,
2011-07-11,50.9040145874,1.3937746286,10.0898551941,30.3799991608,63.4314880371,73.4330139160,
2011-07-12,50.5175743103,1.3705680370,10.1351671219,30.6399993896,63.6477622986,73.4490737915,
2011-07-13,50.7283477783,1.3824771643,10.1079816818,30.8999996185,63.8247070312,73.4650955200,
2011-07-14,50.1399154663,1.3507207632,10.0626640320,31.0000000000,62.9138259888,73.4650955200,
2011-07-15,50.8074073792,1.3862938881,10.0777702332,31.1200008392,63.0186882019,73.4650955200,
2011-07-18,50.5351448059,1.3719426394,9.9811029434,31.3799991608,62.4092864990,73.4650955200,
2011-07-19,51.6856575012,1.4346917868,10.0687093735,31.0000000000,63.7066841125,73.4650955200,
2011-07-20,51.4660987854,1.4212561846,10.1291255951,31.2600002289,62.9531440735,73.4490737915,
2011-07-21,51.8086204529,1.4420201778,10.2801742554,31.0599994659,62.4681854248,73.4490737915,
2011-07-22,52.3443450928,1.4707232714,10.2167339325,31.2999992371,62.9400062561,73.4650955200,
2011-07-25,52.2389640808,1.4656850100,10.2529830933,31.5400009155,62.2520103455,73.4650955200,
2011-07-26,52.3707122803,1.4708764553,10.2167339325,31.6399993896,62.6779403687,73.4650955200,
2011-07-27,51.0181846619,1.3965234756,10.1865234375,31.5000000000,62.6844596863,73.4650955200,
2011-07-28,51.1059951782,1.4009504318,10.1230840683,31.5400009155,62.9203758240,73.4650955200,
2011-07-29,50.9391250610,1.3910266161,10.0203762054,31.7399997711,64.1654129028,73.4650955200,
2011-08-01,50.7019920349,1.3809498549,10.0505828857,31.6200008392,64.8130493164,73.4650955200,
2011-08-02,49.4197425842,1.3096510172,9.8783941269,32.3800010681,66.7591247559,73.4650955200,
2011-08-03,49.8940010071,1.3328576088,9.8783941269,32.3800010681,66.8906402588,73.4650955200,
2011-08-04,47.5753822327,1.2107172012,9.5551538467,32.2200012207,69.2706451416,73.4650955200,
2011-08-05,47.2767906189,1.1943809986,9.6336975098,32.4399986267,67.2719192505,73.4650955200,
2011-08-08,44.4312057495,1.0545296669,9.1231603622,33.4799995422,69.3955993652,73.4650955200,
2011-08-09,46.5741767883,1.1520899534,9.4222297668,33.7999992371,69.6059722900,73.4650955200,
2011-08-10,44.6683425903,1.0577361584,9.2439966202,35.0000000000,71.6769866943,73.4650955200,
2011-08-11,46.6356391907,1.1507149935,9.6336975098,34.2400016785,68.0609283447,73.4650955200,
2011-08-12,47.0484390259,1.1699528694,9.5762977600,34.0800018311,69.4087371826,73.4650955200,
2011-08-15,47.7422637939,1.2043043375,9.9025564194,34.4599990845,68.7052459717,73.4650955200,
2011-08-16,47.3382606506,1.1839988232,9.8904724121,34.8800010681,69.8426742554,73.4650955200,
2011-08-17,47.0572319031,1.1710218191,9.9629726410,34.9799995422,71.0655288696,73.4650955200,
2011-08-18,44.7474021912,1.0569729805,9.8451623917,35.6399993896,72.5251693726,73.4330139160,
2011-08-19,43.9394111633,1.0183464289,9.7847442627,36.0800018311,73.1102600098,73.4650955200,
2011-08-22,44.0974807739,1.0249105692,9.7605762482,37.0000000000,72.9261932373,73.4330139160,
2011-08-23,45.9154815674,1.1082717180,9.9357919693,35.6199989319,71.9201965332,73.4650955200,
2011-08-24,46.2755622864,1.1253716946,10.1502733231,34.4199981689,69.8755187988,73.4650955200,
2011-08-25,45.5202827454,1.0899505615,9.9841232300,34.5600013733,70.6316070557,73.4330139160,
2011-08-26,46.6619987488,1.1430814266,9.9690170288,35.5999984741,71.3285140991,73.4650955200,
2011-08-29,47.9618072510,1.2091902494,10.1653795242,34.8800010681,70.3423385620,73.4650955200,
2011-08-30,48.2780113220,1.2236945629,10.1714143753,35.9199981689,71.4731445312,73.4650955200,
2011-08-31,48.3570404053,1.2293435335,10.2378778458,35.6399993896,70.3686370850,73.4650955200,
2011-09-01,47.9179267883,1.2052211761,10.1714143753,35.6599998474,71.8602905273,73.4650955200,
2011-09-02,46.7937507629,1.1488829851,10.0566244125,36.7400016785,74.1947326660,73.4650955200,
2011-09-06,46.8025283813,1.1493411064,10.0082902908,36.6800003052,74.9663085938,73.4490737915,
2011-09-07,47.9881820679,1.2070533037,10.1200609207,35.5000000000,73.5353012085,73.4330139160,
2011-09-08,47.7686080933,1.1959068775,10.1140203476,36.4599990845,74.1947326660,73.4330139160,
2011-09-09,46.7059097290,1.1427760124,9.9085988998,36.2400016785,74.9860916138,73.4490737915,
2011-09-12,47.3031387329,1.1731587648,9.9901628494,35.4199981689,75.0651779175,73.4490737915,
2011-09-13,47.9354972839,1.2032357454,10.0566244125,35.7999992371,73.9969100952,73.4330139160,
2011-09-14,48.6205177307,1.2377407551,10.1261043549,35.5400009155,74.6233673096,73.4330139160,
2011-09-15,49.3407058716,1.2743827105,10.2529830933,34.9599990845,73.4825210571,73.4330139160,
2011-09-16,49.7929687500,1.2960622311,10.3698616028,35.2599983215,74.0167160034,73.4330139160,
2011-09-19,49.8105621338,1.2989635468,10.3118829727,34.7200012207,75.4279327393,73.4490737915,
2011-09-20,49.5905876160,1.2878180742,10.4614200592,35.2400016785,75.7444915771,73.4490737915,
2011-09-21,48.7282791138,1.2424740791,10.2691602707,34.7999992371,78.2503433228,73.4490737915,
2011-09-22,47.1444816589,1.1621661186,10.0952081680,33.9399986267,81.1915054321,73.4330139160,
2011-09-23,47.6460266113,1.1861360073,10.1959114075,32.0400009155,79.6813964844,73.4490737915,
2011-09-26,48.2003593445,1.2133123875,10.2783117294,31.5799999237,78.4020538330,73.4490737915,
2011-09-27,48.7019195557,1.2386561632,10.3149394989,32.2200012207,77.2018127441,73.4330139160,
2011-09-28,47.9803924561,1.2020140886,10.2111778259,31.2999992371,77.1754608154,73.4490737915,
2011-09-29,47.4084663391,1.1742274761,10.3759660721,31.6200008392,77.7096481323,73.4490737915,
2011-09-30,46.1854057312,1.1137679815,10.2600021362,31.6599998474,79.6616058350,73.4490737915,
2011-10-03,44.9975585938,1.0555988550,10.0158634186,32.2599983215,81.8538818359,73.4490737915,
2011-10-04,45.9214668274,1.0988055468,9.9670314789,31.6200008392,80.8158950806,73.4490737915,10.5249996185
2011-10-05,47.1005096436,1.1552960873,9.9731378555,31.9799995422,80.2341613770,73.4490737915,11.3474998474
2011-10-06,47.8924026489,1.1934640408,10.1501388550,32.1800003052,78.7532272339,73.4330139160,11.5825004578
2011-10-07,47.5756340027,1.1785027981,10.1928634644,31.9400005341,78.1714019775,73.4490737915,11.6724996567
2011-10-10,49.2210388184,1.2591153383,10.3912296295,32.7400016785,77.0673141479,73.4330139160,12.1499996185
2011-10-11,49.5553932190,1.2749935389,10.2966251373,32.5000000000,76.8095092773,73.4490737915,12.3149995804
2011-10-12,49.8017730713,1.2896502018,10.2722120285,32.7200012207,75.6922225952,73.4330139160,13.1724996567
2011-10-13,50.2592887878,1.3137725592,10.2722120285,32.5600013733,76.4458770752,73.4490737915,13.0675001144
2011-10-14,51.1919937134,1.3611025810,10.3698616028,32.7799987793,75.3351440430,73.4330139160,13.9375000000
2011-10-17,50.4000892639,1.3214068413,10.3271427155,32.5999984741,76.6376037598,73.4330139160,12.4049997330
2011-10-18,51.0248184204,1.3522465229,10.4003839493,32.4799995422,76.1616287231,73.4490737915,12.8350000381
2011-10-19,50.0393257141,1.3001850843,10.4095420837,32.0400009155,76.1351318359,73.4490737915,11.9799995422
2011-10-20,49.7929687500,1.2885816097,10.4675216675,31.6399993896,75.5930557251,73.4490737915,11.8774995804
2011-10-21,50.4176750183,1.3197273016,10.6445255280,31.9799995422,74.7930526733,73.4330139160,12.4624996185
2011-10-24,51.4647560120,1.3742321730,10.5987415314,32.2799987793,74.9187011719,73.4330139160,13.2650003433
2011-10-25,50.4528846741,1.3211010695,10.4797296524,33.2200012207,76.8227233887,73.4490737915,12.3649997711
2011-10-26,50.3913040161,1.3172842264,10.5224523544,33.5600013733,75.4806442261,73.4490737915,12.7799997330
2011-10-27,51.7815170288,1.3907210827,10.7726974487,33.9799995422,72.9220886230,73.4330139160,14.4575004578
2011-10-28,51.8607101440,1.3936221600,10.6841964722,34.0200004578,73.6890029907,73.4330139160,14.6949996948
2011-10-31,50.9896202087,1.3476668596,10.6353673935,33.5400009155,76.6111679077,73.4170455933,13.1099996567
2011-11-01,49.6609764099,1.2766733170,10.4125909805,33.5400009155,79.1756744385,73.4490737915,11.1575002670
2011-11-02,50.0833282471,1.2972837687,10.5956964493,33.9000015259,78.1880264282,73.4330139160,11.5275001526
2011-11-03,51.1216125488,1.3517898321,10.7238693237,34.4199981689,77.1142196655,73.4170455933,12.0900001526
2011-11-04,50.8576278687,1.3383543491,10.6750421524,34.2799987793,77.2071228027,73.4330139160,11.8524999619
2011-11-07,51.2183876038,1.3568279743,10.7330284119,35.0800018311,77.6975860596,73.4490737915,11.9300003052
2011-11-08,51.8079147339,1.3879734278,10.8032150269,34.8199996948,76.7032852173,73.4490737915,12.5024995804
2011-11-09,49.9865493774,1.2920928001,10.5682306290,34.5200004578,78.2940826416,73.4330139160,10.1049995422
2011-11-10,49.9601478577,1.2885816097,10.6384220123,34.3400001526,77.1275100708,73.4490737915,10.7250003815
2011-11-11,50.9016227722,1.3366739750,10.7910089493,34.8800010681,76.6569137573,73.4330139160,11.1875000000
2011-11-14,50.5848770142,1.3214068413,10.6628322601,34.7200012207,77.8897857666,73.4490737915,10.9099998474
2011-11-15,51.1480064392,1.3501098156,10.6811447144,34.7799987793,77.7837295532,73.4330139160,11.0225000381
2011-11-16,50.3033027649,1.3043073416,10.5529708862,34.3800010681,78.4929809570,73.4490737915,10.4975004196
2011-11-17,49.1242446899,1.2465953827,10.4980411530,33.5000000000,79.1226348877,73.4490737915,9.9925003052
2011-11-18,48.7458953857,1.2253744602,10.5712823868,33.6399993896,79.1027526855,73.4490737915,10.3125000000
2011-11-21,47.8132133484,1.1789605618,10.4400548935,32.8199996948,79.5733718872,73.4490737915,10.2100000381
2011-11-22,47.9715957642,1.1849143505,10.3118829727,33.1599998474,80.4615936279,73.4330139160,10.4174995422
2011-11-23,46.8893318176,1.1313257217,10.1501388550,33.0800018311,81.2503509521,73.4490737915,9.9449996948
2011-11-25,46.5285835266,1.1149892807,10.2020206451,32.7799987793,80.0704727173,73.4490737915,9.8125000000
2011-11-28,48.1475677490,1.1916322708,10.3301944733,33.4199981689,80.0307235718,73.4490737915,10.2524995804
2011-11-29,47.8483924866,1.1774336100,10.4431056976,33.4599990845,79.3745651245,73.4170455933,10.4449996948
2011-11-30,49.6169967651,1.2643059492,10.7452297211,34.1199989319,78.1349945068,73.4330139160,11.4049997330
2011-12-01,49.9601478577,1.2820159197,10.7147130966,34.0400009155,77.7429885864,73.4170455933,11.6374998093
2011-12-02,49.8193702698,1.2727032900,10.6048498154,34.0600013733,78.8327255249,73.4330139160,11.6899995804
2011-12-05,50.3648910522,1.3020167351,10.6872472763,33.5600013733,78.6732406616,73.4330139160,11.7049999237
2011-12-06,50.2241096497,1.2957574129,10.7177629471,33.7400016785,77.9224014282,73.4490737915,11.7524995804
2011-12-07,50.2241096497,1.2969788313,10.7025070190,33.9599990845,78.2014694214,73.4330139160,11.3900003433
2011-12-08,49.3794097900,1.2525498867,10.5468721390,33.2999992371,79.1782608032,73.4330139160,10.8699998856
2011-12-09,50.1713256836,1.2920928001,10.6811447144,33.3600006104,77.5502777100,73.4170455933,11.6149997711
2011-12-12,49.6081886292,1.2638485432,10.5895938873,32.5000000000,78.4140853882,73.4170455933,11.5299997330
2011-12-13,49.0626411438,1.2346873283,10.6292638779,31.7999992371,79.1450347900,73.4170455933,11.5550003052
2011-12-14,48.2971611023,1.1975870132,10.5621252060,30.6399993896,80.6400985718,73.4330139160,11.5600004196
2011-12-15,48.1651763916,1.1899535656,10.6902971268,30.5599994659,80.3410873413,73.4170455933,11.9899997711
2011-12-16,48.4131507874,1.2007930279,10.6588220596,31.1399993896,81.2779769897,73.4330139160,12.0874996185
2011-12-19,47.9365959167,1.1794184446,10.5785903931,31.0799999237,82.3078613281,73.4330139160,12.1750001907
2011-12-20,49.3574180603,1.2481223345,10.8038616180,31.5000000000,80.2546844482,73.4330139160,12.9300003052
2011-12-21,48.6514167786,1.2116329670,10.9643325806,31.5000000000,79.1383666992,73.4330139160,13.8100004196
2011-12-22,49.0661926270,1.2323969603,10.9766740799,31.2800006866,79.4705734253,73.4330139160,13.7449998856
2011-12-23,49.4897918701,1.2540771961,11.0476541519,31.3400001526,78.5869140625,73.4330139160,13.4250001907
2011-12-27,49.6743774414,1.2614058256,11.1371459961,31.0599994659,78.9601516724,73.4170455933,13.5074996948
2011-12-28,49.1002845764,1.2345347404,11.0970296860,30.2999992371,80.4200439453,73.4202499390,12.9300003052
2011-12-29,49.4535713196,1.2496489286,11.1834316254,30.1399993896,80.5667266846,73.4202499390,13.2574996948
2011-12-30,49.3122482300,1.2436952591,11.1031970978,30.4599990845,80.8266601562,73.4202499390,13.0699996948
2012-01-03,50.2573280334,1.2890397310,10.9056987762,31.2800006866,79.6134490967,73.4042434692,13.7224998474
2012-01-04,50.4693069458,1.3001850843,10.8439817429,31.4400005341,78.6668472290,73.4042434692,13.9774999619
2012-01-05,50.8844299316,1.3223224878,10.8655815125,31.6200008392,78.5268402100,73.4042434692,14.3074998856
2012-01-06,51.0610847473,1.3307200670,10.8069467545,31.5200004578,79.1467819214,73.4042434692,14.5399999619
2012-01-09,50.8932647705,1.3230866194,10.8223743439,31.3999996185,79.0068664551,73.4202499390,14.7399997711
2012-01-10,51.2642517090,1.3421711922,10.8378057480,31.8400001526,78.8735122681,73.4202499390,15.0249996185
2012-01-11,51.3702392578,1.3482774496,10.7884330750,32.0200004578,79.9001007080,73.4042434692,14.7700004578
2012-01-12,51.5733795166,1.3592704535,10.7730054855,32.1599998474,79.7867507935,73.4042434692,14.9750003815
2012-01-13,51.3878974915,1.3496515751,10.7668323517,31.9400005341,80.5800247192,73.4042434692,14.5950002670
2012-01-17,51.8560295105,1.3717893362,10.7575740814,32.1800003052,80.9533462524,73.4042434692,14.7174997330
2012-01-18,52.5449600220,1.4084311724,10.7544851303,32.4000015259,79.9734191895,73.4042434692,15.2449998856
2012-01-19,52.8717689514,1.4270583391,10.6649999619,32.3199996948,78.8735122681,73.4042434692,15.6625003815
2012-01-20,52.7922706604,1.4232419729,10.6804237366,32.4799995422,77.9802703857,73.4042434692,16.1324996948
2012-01-23,52.8099555969,1.4235465527,10.7236280441,32.7400016785,77.4869613647,73.4042434692,16.5349998474
2012-01-24,52.7127876282,1.4185087681,10.6372222900,32.4799995422,77.6269073486,73.4042434692,16.4524993896
2012-01-25,53.3752136230,1.4536232948,10.8131189346,33.4000015259,77.4402923584,73.4042434692,17.1949996948
2012-01-26,53.1897430420,1.4430892467,10.8501491547,33.5400009155,78.4668731689,73.4042434692,17.1250000000
2012-01-27,53.3487243652,1.4533184767,10.7174520493,33.9000015259,78.7135467529,73.4042434692,17.5550003052
2012-01-30,53.3928947449,1.4549980164,10.6495637894,33.7200012207,79.6401214600,73.4202499390,17.0000000000
2012-01-31,53.4635620117,1.4585092068,10.7020301819,33.9599990845,80.5600509644,73.4042434692,17.0300006866
2012-02-01,53.8963470459,1.4814107418,10.7390575409,34.0200004578,79.6372680664,73.4042434692,17.4624996185
2012-02-02,54.0641593933,1.4916403294,10.7205438614,34.2999992371,79.6038131714,73.4042434692,17.9899997711
2012-02-03,54.8061218262,1.5322514772,10.7483177185,33.6399993896,77.8931961060,73.4042434692,18.9549999237
2012-02-06,54.7619323730,1.5308777094,10.7020301819,33.5400009155,78.6683731079,73.4202499390,19.1424999237
2012-02-07,54.8767585754,1.5368324518,10.7791757584,34.0400009155,77.6927566528,73.4042434692,19.0025005341
2012-02-08,55.1682472229,1.5510306358,10.7915201187,33.7999992371,77.7528991699,73.4202499390,18.5925006866
2012-02-09,55.5657234192,1.5748476982,10.7606620789,33.7000007629,77.1715545654,73.4042434692,17.6474990845
2012-02-10,55.1770668030,1.5527106524,10.7390575409,33.5400009155,78.1738510132,73.4202499390,16.0550003052
2012-02-13,55.6893577576,1.5800386667,10.7267112732,33.6199989319,78.2740783691,73.4042434692,17.4200000763
2012-02-14,55.8306808472,1.5887421370,10.7297992706,33.5200004578,78.6883850098,73.4202499390,16.8325004578
2012-02-15,55.4420547485,1.5658400059,10.7082014084,33.7400016785,78.5480117798,73.4042434692,15.8474998474
2012-02-16,56.2016487122,1.6099629402,10.8223743439,33.7000007629,77.9199218750,73.4202499390,16.4249992371
2012-02-17,56.0250053406,1.6000396013,10.8162069321,33.5999984741,77.8998794556,73.4042434692,16.6700000763
2012-02-21,56.1839866638,1.6079784632,10.7760896683,34.3199996948,77.0378952026,73.4042434692,16.6825008392
2012-02-22,55.9278259277,1.5942381620,10.7884330750,34.6800003052,78.0068359375,73.4042434692,17.1175003052
2012-02-23,56.2988204956,1.6156127453,10.7791757584,34.7000007629,78.0068359375,73.4042434692,18.2500000000
2012-02-24,56.4931335449,1.6262996197,10.8254671097,34.5600013733,78.5146331787,73.4202499390,17.5524997711
2012-02-27,56.5726165771,1.6302695274,10.8223743439,34.4599990845,79.2095870972,73.4042434692,17.4125003815
2012-02-28,57.1467437744,1.6632477045,10.7699174881,34.8199996948,78.9489746094,73.4042434692,17.5900001526
2012-02-29,56.8905868530,1.6496589184,10.7668323517,32.9599990845,78.4678878784,73.4202499390,17.8649997711
2012-03-01,57.3410606384,1.6739345789,10.7946014404,33.4399986267,77.7291412354,73.4042434692,18.2124996185
2012-03-02,57.2968864441,1.6721020937,10.7884330750,33.3600006104,78.4591598511,73.4042434692,18.0900001526
2012-03-05,56.7051010132,1.6385135651,10.8131189346,33.2599983215,77.8363189697,73.4042434692,18.1250000000
2012-03-06,56.1486549377,1.6056882143,10.7699174881,32.6199989319,78.7806472778,73.4042434692,16.7024993896
2012-03-07,56.5814399719,1.6293532848,10.7760896683,32.8400001526,78.2984161377,73.4042434692,17.5125007629
2012-03-08,57.1909103394,1.6652325392,10.8100280762,33.1399993896,77.5148391724,73.4202499390,18.1800003052
2012-03-09,57.4293746948,1.6792783737,10.8532390594,33.3600006104,77.6688995361,73.4202499390,18.5450000763
2012-03-12,57.4558868408,1.6806526184,10.9766740799,33.0999984741,77.6554870605,73.4202499390,19.3850002289
2012-03-13,58.5246124268,1.7423331738,11.0137071609,32.5400009155,76.2892532349,73.4202499390,20.2999992371
2012-03-14,58.7277603149,1.7559210062,10.8501491547,32.0000000000,74.3670883179,73.4042434692,19.5974998474
2012-03-15,58.8955917358,1.7641657591,10.8408946991,32.3400001526,74.4809951782,73.4042434692,19.8549995422
2012-03-16,58.8539924622,1.7612648010,10.8321771622,32.3800010681,74.6282882690,73.4042434692,19.9099998474
2012-03-19,59.2698211670,1.7888987064,10.7574234009,32.4199981689,73.7375488281,73.4202499390,21.1324996948
2012-03-20,59.3760032654,1.7940905094,10.7698860168,32.1199989319,74.0322494507,73.4202499390,22.0849990845
2012-03-21,59.3848495483,1.7950059175,10.7480802536,32.1399993896,74.8694229126,73.4202499390,23.1499996185
2012-03-22,59.2610054016,1.7866095304,10.7730007172,32.0200004578,75.1104965210,73.4202499390,22.8349990845
2012-03-23,59.2256050110,1.7861508131,10.7761116028,32.4000015259,75.8204574585,73.4202499390,24.4300003052
2012-03-26,60.2607460022,1.8473736048,10.8508605957,32.9799995422,75.4319992065,73.4202499390,26.7525005341
2012-03-27,60.3492317200,1.8519548178,10.9038057327,32.7599983215,75.9744186401,73.4042434692,24.1224994659
2012-03-28,60.1103668213,1.8372979164,10.8134880066,32.4000015259,75.8673248291,73.4202499390,23.8174991608
2012-03-29,59.8803329468,1.8253884315,10.8570890427,32.3800010681,76.4365692139,73.4042434692,23.9624996185
2012-03-30,59.7653083801,1.8160752058,10.9131469727,32.5400009155,75.1440048218,73.4042434692,24.5324993134
2012-04-02,60.3846397400,1.8531762362,10.9692134857,32.6800003052,75.5603408813,73.3882064819,24.5524997711
2012-04-03,60.3669242859,1.8534806967,10.9629812241,32.0999984741,74.2509155273,73.4042434692,24.1175003052
2012-04-04,59.5441055298,1.8032506704,10.9474105835,31.5400009155,75.2715454102,73.3882064819,23.5499992371
2012-04-05,59.9157180786,1.8240143061,10.8664331436,31.7600002289,75.8154907227,73.4042434692,23.0125007629
2012-04-09,59.4644889832,1.7976018190,10.8103723526,31.9799995422,77.5881271362,73.4202499390,21.6124992371
2012-04-10,58.5089416504,1.7382104397,10.6702175140,32.3400001526,78.4677810669,73.4202499390,19.8575000763
2012-04-11,58.7920608521,1.7565315962,10.6951341629,32.2999992371,77.5277175903,73.4202499390,20.3525009155
2012-04-12,59.4644889832,1.7951593399,10.7293939590,32.6399993896,77.2053833008,73.4042434692,22.1450004578
2012-04-13,58.5620384216,1.7418748140,10.6920242310,32.2799987793,78.4543228149,73.3882064819,20.7749996185
2012-04-16,57.9073104858,1.7047755718,10.7916831970,32.2000007629,78.3402023315,73.4042434692,21.1000003815
2012-04-17,59.0840415955,1.7716467381,10.8477458954,32.1399993896,78.2931518555,73.4042434692,22.2500000000
2012-04-18,58.9336128235,1.7617230415,10.8290596008,31.9400005341,78.5214691162,73.4042434692,21.8525009155
2012-04-19,58.2700576782,1.7253859043,10.8010292053,32.0000000000,78.5953140259,73.4202499390,21.6900005341
2012-04-20,58.1107978821,1.7136297226,10.9069223404,32.0200004578,78.6087570190,73.4042434692,22.3974990845
2012-04-23,57.5799598694,1.6843165159,10.8602046967,31.9400005341,79.1794891357,73.4202499390,21.6700000763
2012-04-24,57.2702865601,1.6641631126,10.9349536896,31.9599990845,78.6222000122,73.4202499390,22.1550006866
2012-04-25,58.7920608521,1.7525627613,10.9910106659,32.0200004578,78.2193069458,73.4042434692,23.5400009155
2012-04-26,59.1371154785,1.7734787464,11.0532989502,32.2999992371,78.6893234253,73.4202499390,24.3349990845
2012-04-27,59.4910392761,1.7945487499,11.0906763077,32.4000015259,78.7565078735,73.4042434692,24.3899993896
2012-04-30,59.0663490295,1.7693566084,11.1062488556,32.4599990845,78.7766265869,73.4202499390,23.8425006866
2012-05-01,59.1636657715,1.7745478153,11.1623115540,32.3800010681,78.3680725098,73.4202499390,24.5499992371
2012-05-02,59.3317718506,1.7827919722,11.0969009399,32.2400016785,78.9200210571,73.4202499390,24.3700008392
2012-05-03,58.7035675049,1.7456923723,11.0626478195,31.9200000763,78.8998107910,73.4042434692,23.8525009155
2012-05-04,57.2437438965,1.6591248512,11.0782165527,32.0000000000,79.5190658569,73.4042434692,22.7849998474
2012-05-07,57.2968368530,1.6614155769,11.0564184189,31.9200000763,79.5325088501,73.4202499390,23.1049995422
2012-05-08,57.0845031738,1.6488956213,11.0751028061,31.2999992371,79.9565887451,73.4202499390,22.9099998474
2012-05-09,56.9075393677,1.6433994770,11.0813341141,30.9799995422,80.0104293823,73.4202499390,22.0000000000
2012-05-10,56.7925224304,1.6311851740,11.1841087341,31.0400009155,79.7748413086,73.4202499390,22.7049999237
2012-05-11,56.7836799622,1.6321018934,11.1903371811,30.8199996948,80.4344558716,73.4202499390,22.3400001526
2012-05-14,56.2528228760,1.6021775007,11.1778802872,30.3600006104,81.5585250854,73.4202499390,21.0200004578
2012-05-15,56.0670204163,1.5905740261,11.1000185013,30.0400009155,81.8883438110,73.4202499390,20.0000000000
2012-05-16,55.6865615845,1.5688940287,11.1155920029,29.9799995422,82.1239471436,73.4202499390,19.2549991608
2012-05-17,54.5098457336,1.5026330948,11.0532989502,30.6599998474,83.5778274536,73.4202499390,18.3299999237
2012-05-18,53.8020591736,1.4647692442,11.0314989090,31.0200004578,83.5980453491,73.4202499390,17.1000003815
2012-05-21,55.3061294556,1.5435498953,11.0439605713,31.0599994659,83.4229431152,73.4202499390,18.9524993896
2012-05-22,55.2442054749,1.5408012867,11.1218204498,30.5200004578,82.4940795898,73.3882064819,18.1900005341
2012-05-23,55.3503646851,1.5493509769,11.0626478195,30.4400005341,83.0662536621,73.3882064819,18.5400009155
2012-05-24,54.9876327515,1.5291978121,11.1062488556,30.3799991608,82.7499084473,73.4202499390,18.3750000000
2012-05-25,54.9168395996,1.5230911970,11.1436176300,30.6399993896,83.0595169067,73.4202499390,18.6075000763
2012-05-29,55.6157875061,1.5612602234,11.1778802872,30.2999992371,82.8037490845,73.4202499390,19.4549999237
2012-05-30,55.1468772888,1.5359156132,11.1093635559,30.5000000000,84.9037933350,73.4202499390,18.1450004578
2012-05-31,54.9079933167,1.5227857828,11.1685409546,30.4200000763,85.8865051270,73.4202499390,17.7999992371
2012-06-01,53.4481430054,1.4409521818,11.1218204498,31.6200008392,87.9254608154,73.4202499390,16.3274993896
2012-06-04,53.8551254272,1.4623270035,11.1591949463,31.5599994659,87.2307891846,73.4202499390,17.0275001526
2012-06-05,54.0763092041,1.4751514196,11.1996850967,31.5400009155,86.0638961792,73.4202499390,17.3500003815
2012-06-06,55.3149757385,1.5438548326,11.3554039001,31.5599994659,84.3439559937,73.4042434692,18.6350002289
2012-06-07,55.0937843323,1.5301145315,11.4426126480,31.0000000000,84.4721145630,73.4042434692,18.8274993896
2012-06-08,55.6246452332,1.5612602234,11.4675283432,31.0799999237,84.4518890381,73.4042434692,19.8325004578
2012-06-11,54.6867904663,1.5114877224,11.4581832886,31.1599998474,84.8363494873,73.4042434692,18.1100006104
2012-06-12,55.3503646851,1.5435498953,11.4706401825,31.3999996185,84.0606765747,73.4202499390,18.3400001526
2012-06-13,54.9699134827,1.5227857828,11.4737586975,31.5400009155,84.8903045654,73.4202499390,17.3824996948
2012-06-14,55.1734161377,1.5343896151,11.5516166687,31.6599998474,84.7823486328,73.4202499390,18.4974994659
2012-06-15,55.8589096069,1.5719469786,11.6088314056,31.6800003052,85.2544860840,73.4042434692,19.2299995422
2012-06-18,56.3821105957,1.6015663147,11.6528387070,31.7000007629,85.7131576538,73.4202499390,20.8675003052
2012-06-19,56.9673919678,1.6342387199,11.6276931763,31.5599994659,84.5934982300,73.3882064819,21.2399997711
2012-06-20,57.0117225647,1.6388195753,11.5145292282,31.2999992371,85.0116806030,73.3882064819,22.1224994659
2012-06-21,55.5928535461,1.5554581881,11.3950757980,30.5000000000,85.4636001587,73.4202499390,19.4599990845
2012-06-22,56.1781501770,1.5875205994,11.3982181549,30.6399993896,84.3237380981,73.4042434692,21.5200004578
2012-06-25,55.0962677002,1.5258402824,11.3762121201,30.8400001526,85.5512924194,73.4202499390,19.9325008392
2012-06-26,55.4421195984,1.5466036797,11.3919277191,30.6399993896,85.2140731812,73.4202499390,20.5799999237
2012-06-27,55.7790908813,1.5646188259,11.5208120346,30.6800003052,85.3489532471,73.4042434692,20.3899993896
2012-06-28,55.1583404541,1.5310301781,11.5616779327,30.3199996948,85.5580062866,73.4202499390,21.0349998474
2012-06-29,56.8964462280,1.6256887913,11.6276931763,31.1200008392,84.4451522827,73.3882064819,22.4575004578
2012-07-02,57.0649337769,1.6360712051,11.6999902725,31.1200008392,85.3164215088,73.3882064819,23.8775005341
2012-07-03,57.5438156128,1.6629413366,11.6716995239,31.6000003815,84.6607360840,73.3882064819,24.3575000763
2012-07-05,57.5792732239,1.6647740602,11.6025438309,31.2600002289,85.0933303833,73.3882064819,23.4599990845
2012-07-06,56.8609848022,1.6229411364,11.5773925781,30.8400001526,85.8842086792,73.3882064819,23.6224994659
2012-07-09,56.7545433044,1.6183605194,11.5396766663,30.9400005341,86.6412429810,73.3882064819,23.8600006104
2012-07-10,56.1958847046,1.5859932899,11.5585327148,30.5400009155,86.8170013428,73.3882064819,23.1975002289
2012-07-11,55.8855133057,1.5676723719,11.6182584763,30.7000007629,86.9251480103,73.3882064819,23.8875007629
2012-07-12,55.3623046875,1.5398857594,11.6339778900,30.6000003815,87.5402832031,73.3882064819,23.6574993134
2012-07-13,56.2047615051,1.5844668150,11.7377109528,30.9400005341,87.3104324341,73.4042434692,25.0424995422
2012-07-16,56.0451316833,1.5765279531,11.7314243317,30.9400005341,87.7159576416,73.3882064819,25.3225002289
2012-07-17,56.3377685547,1.5914894342,11.7565736771,30.7999992371,87.0265274048,73.3882064819,26.2299995422
2012-07-18,57.1004142761,1.6354603767,11.7942924500,30.7399997711,87.0738143921,73.3882064819,25.9475002289
2012-07-19,57.7300033569,1.6708807945,11.8162927628,30.7800006866,86.8507690430,73.4042434692,26.5375003815
2012-07-20,56.9673919678,1.6284378767,11.8414478302,30.8400001526,87.9120025635,73.3882064819,25.1250000000
2012-07-23,56.2756843567,1.5899633169,11.7628593445,30.7399997711,88.4054489136,73.3882064819,23.3724994659
2012-07-24,55.8322906494,1.5627865791,11.6591234207,30.8199996948,89.1016921997,73.4042434692,22.4850006104
2012-07-25,55.4598426819,1.5411074162,11.6528387070,31.2399997711,89.3314361572,73.4202499390,22.7075004578
2012-07-26,56.1958847046,1.5808027983,11.8351612091,31.4599990845,88.5135726929,73.4042434692,24.4699993134
2012-07-27,57.5260658264,1.6601938009,11.9734725952,31.6399993896,86.8440322876,73.4202499390,25.0650005341
2012-07-30,57.4817276001,1.6550027132,12.0174789429,31.6000003815,87.4928894043,73.4202499390,24.5424995422
2012-07-31,57.4640197754,1.6522550583,11.9200305939,31.4400005341,87.6686477661,73.3882064819,23.8150005341
2012-08-01,57.2955284119,1.6437056065,11.8288755417,31.1599998474,87.2303771973,73.4042434692,24.3299999237
2012-08-02,57.0915336609,1.6324062347,11.7628593445,30.9400005341,87.7249221802,73.4042434692,24.8750000000
2012-08-03,58.1734275818,1.6925610304,11.9011716843,31.2199993134,86.3092117310,73.4042434692,26.6149997711
2012-08-06,58.6168060303,1.7197369337,11.8728799820,31.3600006104,86.3430862427,73.4202499390,27.2224998474
2012-08-07,59.1045608521,1.7487460375,11.7502870560,31.3799991608,85.2322158813,73.4042434692,26.4249992371
2012-08-08,59.0779533386,1.7453863621,11.7660026550,31.3999996185,84.7783279419,73.3882064819,27.5025005341
2012-08-09,59.2553024292,1.7560743093,11.7660026550,31.5200004578,84.7173995972,73.3882064819,27.6124992371
2012-08-10,59.2907981873,1.7597385645,11.8005847931,31.5599994659,85.1441345215,73.3882064819,28.1049995422
2012-08-13,59.4326858521,1.7673720121,11.7880105972,31.3199996948,85.0018386841,73.3882064819,28.8724994659
2012-08-14,59.4592857361,1.7695096731,11.7754325867,31.1599998474,83.8503799438,73.3882064819,27.3799991608
2012-08-15,59.6100387573,1.7783646584,11.7188510895,31.2399997711,82.6717681885,73.3882064819,27.3850002289
2012-08-16,60.3194541931,1.8198922873,11.6905603409,31.4200000763,81.9673156738,73.3882064819,27.9325008392
2012-08-17,60.5854911804,1.8357702494,11.6591234207,31.4799995422,82.3669281006,73.3882064819,28.6749992371
2012-08-20,60.6741600037,1.8418773413,11.6811275482,31.5799999237,82.5362777710,73.3882064819,28.6975002289
2012-08-21,60.4347381592,1.8278315067,11.5962533951,31.8799991608,82.9020996094,73.3882064819,27.9200000763
2012-08-22,60.6830406189,1.8415726423,11.5773925781,32.2200012207,84.2703781128,73.3882064819,27.7150001526
2012-08-23,60.1864471436,1.8125637770,11.4579448700,32.5000000000,84.6225891113,73.3882064819,27.1375007629
2012-08-24,60.5588798523,1.8333276510,11.5113792419,32.5200004578,84.5412445068,73.3882064819,28.2175006866
2012-08-27,60.6564445496,1.8397402763,11.5365333557,32.3800010681,85.0357513428,73.3882064819,28.0575008392
2012-08-28,60.6564445496,1.8397402763,11.5145292282,32.4599990845,85.2389831543,73.3882064819,27.5300006866
2012-08-29,60.6564445496,1.8394347429,11.4956617355,32.2599983215,84.8664398193,73.3882064819,27.3950004578
2012-08-30,60.0445518494,1.8027926683,11.4390830994,32.2400016785,85.3066787720,73.3882064819,26.8299999237
2012-08-31,60.4436149597,1.8281370401,11.4265069962,32.9599990845,86.5124282837,73.3882064819,27.6324996948
2012-09-04,60.3815231323,1.8235564232,11.4705190659,33.0200004578,86.4255371094,73.3882064819,27.9174995422
2012-09-05,60.3194541931,1.8189766407,11.4202241898,33.0000000000,86.0182342529,73.4042434692,28.6175003052
2012-09-06,61.6584892273,1.8986728191,11.5491056442,33.1199989319,84.5859527588,73.4042434692,31.6450004578
2012-09-07,61.5698432922,1.8934822083,11.5113792419,33.8199996948,84.1922531128,73.3882064819,33.4300003052
2012-09-10,60.7805824280,1.8464584351,11.4988079071,33.5999984741,84.3959045410,73.3882064819,31.5275001526
2012-09-11,60.6830406189,1.8403512239,11.4705190659,33.7200012207,83.8664779663,73.3882064819,31.6700000763
2012-09-12,60.8604087830,1.8519548178,11.4045057297,33.7400016785,82.8210906982,73.3882064819,32.5000000000
2012-09-13,61.6851119995,1.8992830515,11.5648183823,34.4199981689,82.4952774048,73.3882064819,34.8600006104
2012-09-14,62.2349205017,1.9350103140,11.4862375259,34.5000000000,80.3027343750,73.3882064819,33.6650009155
2012-09-17,62.2615280151,1.9362312555,11.4139356613,34.2200012207,81.2665863037,73.3882064819,33.8375015259
2012-09-18,62.3147468567,1.9398955107,11.3793554306,34.5000000000,81.6739044189,73.3882064819,34.7249984741
2012-09-19,62.4299964905,1.9460024834,11.3919277191,34.4599990845,82.2101211548,73.3882064819,34.7849998474
2012-09-20,62.3679046631,1.9429492950,11.4390830994,34.4399986267,82.4137802124,73.3882064819,35.1300010681
2012-09-21,62.3857192993,1.9444754124,11.4457569122,34.5400009155,82.5087890625,73.3882064819,35.3424987793
2012-09-24,62.0210914612,1.9188258648,11.5537595749,34.3400001526,83.1536407471,73.3882064819,35.8175010681
2012-09-25,61.1495742798,1.8660008907,11.5283479691,34.2799987793,83.9750442505,73.3882064819,33.1399993896
2012-09-26,60.6515502930,1.8369919062,11.5537595749,34.0800018311,84.8778381348,73.3882064819,31.8150005341
2012-09-27,61.4875221252,1.8864588737,11.5061130524,34.5999984741,84.2737121582,73.4042434692,34.7374992371
2012-09-28,60.9805984497,1.8574507236,11.5601167679,34.5400009155,84.3212127686,73.3882064819,33.6850013733
2012-10-01,60.8916854858,1.8489009142,11.5061130524,34.5800018311,84.6341476440,73.3882064819,33.3650016785
2012-10-02,61.0695343018,1.8617260456,11.5664720535,34.5800018311,84.5184783936,73.4042434692,34.0325012207
2012-10-03,61.4608345032,1.8827947378,11.6236505508,34.6199989319,84.5457153320,73.3882064819,34.1575012207
2012-10-04,61.6742591858,1.8968405724,11.6903619766,34.8800010681,83.4913787842,73.3882064819,34.9749984741
2012-10-05,61.3452415466,1.8757719994,11.6712999344,34.6800003052,82.4097824097,73.3882064819,35.4350013733
2012-10-08,60.7849388123,1.8440153599,11.6903619766,34.5600013733,83.1035995483,73.3882064819,35.0400009155
2012-10-09,59.8156013489,1.7856929302,11.6681232452,34.3400001526,82.9539413452,73.3882064819,33.5149993896
2012-10-10,59.5132369995,1.7673720121,11.6490640640,34.2999992371,83.5389633179,73.4042434692,33.8950004578
2012-10-11,59.3264846802,1.7536315918,11.6617727280,34.4199981689,84.1170959473,73.4042434692,34.2200012207
2012-10-12,59.2997932434,1.7527149916,11.5950593948,34.1599998474,84.3280334473,73.3882064819,34.0000000000
2012-10-15,59.7355651855,1.7774486542,11.6427135468,33.8199996948,84.1375656128,73.4042434692,35.1599998474
2012-10-16,60.5804100037,1.8290529251,11.6871833801,34.0400009155,82.9743881226,73.3882064819,35.9449996948
2012-10-17,60.5448417664,1.8278315067,11.8301410675,34.0400009155,82.2057113647,73.4042434692,36.4249992371
2012-10-18,59.8422851562,1.7859984636,11.8841428757,33.9000015259,81.7023239136,73.3882064819,36.4749984741
2012-10-19,58.4104919434,1.6998898983,11.7888402939,33.5400009155,82.8111419678,73.3882064819,34.1800003052
2012-10-22,58.7128334045,1.7182110548,11.7570705414,33.6399993896,82.2804946899,73.3882064819,34.6199989319
2012-10-23,58.1525688171,1.6840115786,11.6490640640,33.2400016785,83.4573135376,73.4042434692,31.8400001526
2012-10-24,57.9480323792,1.6693546772,11.5632934570,33.0999984741,82.6342315674,73.4042434692,31.5699996948
2012-10-25,57.9480323792,1.6714918613,11.6204757690,33.3400001526,82.2125167847,73.3882064819,32.3849983215
2012-10-26,58.1169967651,1.6812628508,11.6204757690,33.3400001526,83.4233169556,73.3882064819,32.4700012207
2012-10-31,57.7612724304,1.6601938009,11.7221269608,33.5200004578,83.9131164551,73.4042434692,31.7749996185
2012-11-01,58.5794487000,1.7078287601,11.5982389450,33.3600006104,83.2260665894,73.4042434692,34.3400001526
2012-11-02,57.9569358826,1.6669117212,11.5188188553,32.6599998474,83.1648864746,73.4042434692,33.4399986267
2012-11-05,58.3393363953,1.6925610304,11.3313884735,32.7799987793,83.6341857910,73.3882064819,32.7949981689
2012-11-06,58.4460296631,1.6998898983,11.3377466202,33.4000015259,82.8451538086,73.3882064819,33.9300003052
2012-11-07,57.0676002502,1.6183605194,11.0994920731,33.4199981689,84.3484649658,73.4042434692,31.2299995422
2012-11-08,56.1693763733,1.5707254410,11.0804290771,33.7400016785,85.6000595093,73.4042434692,30.9650001526
2012-11-09,56.4095039368,1.5826348066,11.0137157440,33.6800003052,85.6953048706,73.4042434692,30.9850006104
2012-11-12,56.4006042480,1.5798865557,10.9215936661,33.6399993896,85.8381118774,73.4042434692,32.9850006104
2012-11-13,56.0093116760,1.5600394011,10.9628877640,33.5800018311,86.1238021851,73.4042434692,32.9150009155
2012-11-14,55.3512153625,1.5215644836,10.8866539001,33.5800018311,86.2054443359,73.4042434692,31.7999992371
2012-11-15,55.1644592285,1.5102663040,10.8231124878,33.3400001526,86.0354385376,73.4042434692,31.4549999237
2012-11-16,55.4045753479,1.5230911970,10.9152393341,33.2999992371,85.9605331421,73.4042434692,32.9099998474
2012-11-19,56.7207756042,1.5963751078,10.9247684479,33.7000007629,85.4776763916,73.4042434692,35.7299995422
2012-11-20,56.7385444641,1.5972918272,10.9057092667,33.6399993896,84.6205139160,73.3882064819,36.3100013733
2012-11-21,56.8541641235,1.6049253941,10.8580608368,33.6599998474,84.5729675293,73.3882064819,36.0699996948
2012-11-23,57.7168083191,1.6525598764,10.8294677734,34.0600013733,84.4912872314,73.3882064819,37.6450004578
2012-11-26,57.9658088684,1.6690489054,10.9660692215,34.0200004578,84.8925933838,73.3882064819,37.9550018311
2012-11-27,57.7701683044,1.6559191942,10.9946584702,33.9000015259,85.2259216309,73.3882064819,37.1150016785
2012-11-28,58.2681922913,1.6843165159,11.0391340256,33.4599990845,85.1035003662,73.3882064819,38.1250000000
2012-11-29,58.6150169373,1.7041643858,11.1026687622,33.5800018311,85.1171112061,73.3882064819,38.6399993896
2012-11-30,58.5171966553,1.7001944780,11.2202033997,33.3600006104,84.8858413696,73.3882064819,37.8849983215
2012-12-03,58.4015731812,1.6943936348,11.1503152847,33.3800010681,84.9642181396,73.3882064819,37.1800003052
2012-12-04,58.3660049438,1.6873695850,11.0931358337,33.0400009155,85.4549331665,73.3882064819,36.4799995422
2012-12-05,57.7168083191,1.6519490480,11.2615060806,32.9799995422,85.4140777588,73.3882064819,37.0849990845
2012-12-06,58.0903167725,1.6730188131,11.2551488876,33.0400009155,85.5980758667,73.3882064819,36.6549987793
2012-12-07,57.7434959412,1.6528657675,11.2646818161,33.1800003052,84.8074645996,73.3882064819,37.9150009155
2012-12-10,57.9124488831,1.6632477045,11.2678556442,33.2999992371,85.1822586060,73.3882064819,37.4550018311
2012-12-11,58.6683883667,1.7069121599,11.2932729721,33.2799987793,84.5348052979,73.3882064819,38.6850013733
2012-12-12,58.5438690186,1.6977519989,11.2742128372,33.2999992371,83.5533447266,73.3882064819,37.7249984741
2012-12-13,58.0814285278,1.6717973948,11.2297334671,33.0000000000,83.6146774292,73.3882064819,37.0050010681
2012-12-14,57.5300445557,1.6406514645,11.1852588654,32.9599990845,84.2417755127,73.3882064819,36.7599983215
2012-12-17,58.2948532104,1.6855376959,11.3568086624,33.0400009155,82.9808502197,73.3882064819,38.0000000000
2012-12-18,59.1842117310,1.7353105545,11.4362211227,32.5600013733,82.1357040405,73.4042434692,39.4199981689
2012-12-19,58.9262771606,1.7200430632,11.3504505157,32.4599990845,82.4083480835,73.3882064819,37.0800018311
2012-12-20,58.9262771606,1.7188218832,11.3854007721,32.0999984741,82.4219360352,73.3882064819,36.2249984741
2012-12-21,58.3065376282,1.6849269867,11.3436336517,32.1800003052,83.3216323853,73.3882064819,33.8499984741
2012-12-24,58.1902847290,1.6757663488,11.2954416275,32.2599983215,83.1717071533,73.3882064819,34.4749984741
2012-12-26,57.6805534363,1.6492234468,11.1990661621,32.2999992371,83.4708633423,73.3882064819,32.6250000000
2012-12-27,57.5911293030,1.6431070566,11.1797924042,32.4000015259,83.7509155273,73.3882064819,32.6049995422
2012-12-28,57.0366859436,1.6109969616,11.0673513412,32.2599983215,84.2290649414,73.4042434692,30.9249992371
2012-12-31,58.2439460754,1.6761345863,11.2183399200,32.5600013733,82.7741165161,73.3882064819,32.7249984741
2013-01-02,60.0950851440,1.7843904495,11.4239482880,32.7999992371,81.6675720215,73.3882064819,36.7299995422
2013-01-03,59.7820777893,1.7678766251,11.4239482880,32.3800010681,80.5609664917,73.3882064819,36.4249992371
2013-01-04,59.5853538513,1.7550328970,11.4817743301,32.2200012207,80.8751754761,73.4042434692,37.1650009155
2013-01-07,59.6032333374,1.7583963871,11.3693361282,32.0400009155,80.9093475342,73.3722000122,37.1500015259
2013-01-08,59.4869880676,1.7535034418,11.3339977264,32.2400016785,81.4421386719,73.3722000122,37.5750007629
2013-01-09,59.7105484009,1.7614543438,11.3115024567,32.2599983215,81.3670501709,73.3722000122,37.5200004578
2013-01-10,60.0682678223,1.7831674814,11.3596982956,32.5400009155,81.1415634155,73.3722000122,38.4550018311
2013-01-11,60.1487426758,1.7889773846,11.3725461960,32.3400001526,81.8656387329,73.3722000122,38.5699996948
2013-01-14,59.8804626465,1.7721579075,11.3500595093,32.4399986267,81.6402511597,73.3722000122,39.2400016785
2013-01-15,59.5853538513,1.7553381920,11.3821821213,32.6399993896,82.0159072876,73.3722000122,39.2249984741
2013-01-16,59.8268203735,1.7687938213,11.3275699615,32.6800003052,82.1867218018,73.3722000122,40.1049995422
2013-01-17,60.1129798889,1.7850021124,11.3725461960,32.8199996948,81.3670501709,73.3882064819,39.8199996948
2013-01-18,59.9788475037,1.7785797119,11.4624986649,32.7799987793,81.9954605103,73.3722000122,42.3199996948
2013-01-22,60.0771980286,1.7850021124,11.5588769913,32.9000015259,82.1525421143,73.3722000122,43.6100006104
2013-01-23,60.4438438416,1.8027391434,11.5299596786,32.7799987793,82.0295867920,73.3722000122,44.7449989319
2013-01-24,59.6121864319,1.7556445599,11.5813646317,32.4399986267,81.7427215576,73.3882064819,44.4799995422
2013-01-25,59.9162292480,1.7733813524,11.6391935349,32.2799987793,80.6224670410,73.3722000122,44.1399993896
2013-01-28,60.0503883362,1.7807207108,11.6327638626,32.1800003052,80.3287200928,73.3722000122,42.9000015259
2013-01-29,60.0593299866,1.7739931345,11.7130775452,32.3400001526,79.8847656250,73.3722000122,44.2550010681
2013-01-30,59.9341049194,1.7755218744,11.7227172852,32.5800018311,79.7481460571,73.3722000122,41.4700012207
2013-01-31,59.7999801636,1.7651240826,11.7516336441,32.4000015259,80.1375350952,73.3882064819,41.2799987793
2013-02-01,60.5064430237,1.8064086437,11.7837581635,32.4399986267,79.0968704224,73.3722000122,43.3650016785
2013-02-04,59.4512138367,1.7431057692,11.7034387589,32.5400009155,80.1101074219,73.3722000122,40.5400009155
2013-02-05,60.3276062012,1.7972344160,11.7355632782,32.5600013733,79.3981781006,73.3882064819,42.2999992371
2013-02-06,60.1308517456,1.7837786674,11.7709083557,32.6399993896,80.0485229492,73.3882064819,42.4949989319
2013-02-07,60.1845397949,1.7874487638,11.7869691849,32.5200004578,79.8704757690,73.3882064819,42.6450004578
2013-02-08,60.8015708923,1.8238394260,11.7869691849,32.4399986267,80.1785812378,73.3882064819,43.4650001526
2013-02-11,60.8194503784,1.8241456747,11.8158845901,32.0999984741,80.1169281006,73.3882064819,44.0750007629
2013-02-12,60.5690536499,1.8091607094,11.8672838211,32.1199989319,79.9184265137,73.3882064819,44.6500015259
2013-02-13,60.7836723328,1.8220044374,11.8672838211,31.9599990845,79.2680587769,73.3722000122,44.4900016785
2013-02-14,60.7657928467,1.8198642731,11.7709083557,31.7999992371,79.9868927002,73.3882064819,45.1150016785
2013-02-15,60.5869216919,1.8109955788,11.7966070175,31.2999992371,79.7541198730,73.3722000122,45.4650001526
2013-02-19,61.0251159668,1.8363777399,11.8994102478,31.2000007629,79.3571014404,73.3722000122,47.3699989319
2013-02-20,60.0861473083,1.7798027992,11.8769207001,30.4200000763,79.5966873169,73.3882064819,42.7550010681
2013-02-21,59.4422683716,1.7415777445,11.8255233765,30.6599998474,80.0622177124,73.3722000122,42.3600006104
2013-02-22,60.0414543152,1.7761330605,11.9443855286,30.7199993134,80.1169281006,73.3882064819,43.7900009155
2013-02-25,59.2991676331,1.7317913771,11.8383684158,31.0000000000,81.6915130615,73.3722000122,37.6699981689
2013-02-26,59.5227622986,1.7443292141,11.8737087250,31.3999996185,81.2191390991,73.3722000122,38.3100013733
2013-02-27,60.1308517456,1.7794977427,11.9829406738,31.0599994659,80.9795227051,73.3882064819,40.7550010681
2013-02-28,60.0056571960,1.7736868858,12.0247020721,30.7399997711,81.1301727295,73.3882064819,39.5600013733
2013-03-01,60.2560539246,1.7880603075,12.0471868515,30.6399993896,81.5719451904,73.3882064819,38.9500007629
2013-03-04,60.5243568420,1.8045737743,12.1692667007,30.6200008392,81.1397476196,73.3722000122,40.9650001526
2013-03-05,61.4186325073,1.8590077162,12.2335157394,30.6399993896,80.9064712524,73.3882064819,42.2849998474
2013-03-06,61.2666015625,1.8486102819,12.2270956039,30.7999992371,80.1724319458,73.3722000122,42.0200004578
2013-03-07,61.4275436401,1.8590077162,12.1724796295,30.6800003052,79.5549392700,73.3882064819,42.9099998474
2013-03-08,61.4990844727,1.8611477613,12.1981811523,30.6800003052,78.7248001099,73.3722000122,43.4749984741
2013-03-11,61.6779479980,1.8739916086,12.2270956039,30.7399997711,78.8002853394,73.3882064819,45.2949981689
2013-03-12,61.4543762207,1.8608425856,12.1949691772,30.9599990845,79.3697280884,73.3722000122,44.4949989319
2013-03-13,61.3739318848,1.8544200659,12.2495813370,30.8799991608,79.2874145508,73.3882064819,44.7449989319
2013-03-14,61.5795822144,1.8675699234,12.2752838135,30.8999996185,79.0472869873,73.3882064819,45.5849990845
2013-03-15,61.4083900452,1.8571729660,12.3559722900,30.9599990845,79.4177169800,73.3882064819,45.6250000000
2013-03-18,61.2739219666,1.8473867178,12.2879190445,31.2000007629,80.0214843750,73.3722000122,43.2649993896
2013-03-19,61.1573867798,1.8421878815,12.3203210831,31.3600006104,80.5634689331,73.3722000122,43.0750007629
2013-03-20,61.5876770020,1.8652043343,12.4110565186,31.2399997711,79.6647262573,73.3722000122,45.5050010681
2013-03-21,60.8884811401,1.8256692886,12.3494911194,31.3799991608,80.4330749512,73.3722000122,44.1399993896
2013-03-22,61.4800949097,1.8596875668,12.3689308167,31.2399997711,80.4948883057,73.3882064819,44.2849998474
2013-03-25,61.2559890747,1.8452837467,12.3430089951,31.2000007629,80.4194183350,73.3722000122,44.6949996948
2013-03-26,61.5876770020,1.8667370081,12.4596662521,31.1000003815,80.5154571533,73.3882064819,45.9900016785
2013-03-27,61.6683425903,1.8713337183,12.5179948807,31.2000007629,81.2015075684,73.3722000122,45.6300010681
2013-03-28,61.8206977844,1.8814475536,12.6702966690,31.0400009155,80.7898254395,73.3882064819,45.5400009155
2013-04-01,61.3994178772,1.8544782400,12.6411275864,31.1000003815,81.3983078003,73.3722000122,45.5900001526
2013-04-02,61.8834381104,1.8838999271,12.6832561493,30.6399993896,81.0683288574,73.3882064819,47.0299987793
2013-04-03,61.3187484741,1.8495745659,12.6476135254,30.2999992371,81.7971267700,73.3722000122,45.3050003052
2013-04-04,61.3366508484,1.8511065245,12.7675132751,30.2000007629,82.7734375000,73.3722000122,46.0750007629
2013-04-05,60.8257522583,1.8195400238,12.8226032257,30.7000007629,84.4441375732,73.3882064819,45.8950004578
2013-04-08,61.1484489441,1.8391542435,12.9198102951,30.5599994659,83.7978439331,73.3882064819,47.0550003052
2013-04-09,61.5607719421,1.8624463081,12.8809309006,30.7999992371,83.5916137695,73.3882064819,47.7099990845
2013-04-10,62.7618446350,1.9360004663,12.9846248627,30.2800006866,82.4433822632,73.3882064819,48.9049987793
2013-04-11,62.7349472046,1.9323225021,13.0137901306,30.3600006104,82.6015472412,73.3722000122,49.1749992371
2013-04-12,62.6901473999,1.9307899475,13.0688781738,28.9400005341,83.8322296143,73.3882064819,50.0499992371
2013-04-15,61.4531936646,1.8550913334,12.8809309006,26.3799991608,84.5610427856,73.3882064819,44.2500000000
2013-04-16,62.2688903809,1.9047403336,13.0364732742,26.7000007629,83.8666152954,73.3882064819,46.2249984741
2013-04-17,61.0498313904,1.8302661180,12.9619417191,26.6800003052,84.4235305786,73.3882064819,41.2200012207
2013-04-18,60.2072868347,1.7787786722,13.0040693283,26.9799995422,84.6297836304,73.3722000122,39.1049995422
2013-04-19,61.0318870544,1.8281211853,13.1984939575,27.2199993134,84.4510650635,73.3882064819,41.6850013733
2013-04-22,61.6593551636,1.8633651733,13.1822986603,27.7000007629,84.5128860474,73.3882064819,42.8199996948
2013-04-23,62.2509460449,1.8995294571,13.2146978378,27.5200004578,84.2172393799,73.3882064819,44.8950004578
2013-04-24,62.2240409851,1.8979974985,13.2568264008,27.8199996948,84.4304351807,73.3882064819,44.8650016785
2013-04-25,62.5556945801,1.9182249308,13.2600584030,28.4599990845,84.0659942627,73.3722000122,44.3300018311
2013-04-26,62.3585090637,1.9074981213,13.2795076370,28.3199996948,84.8360061646,73.3722000122,44.2949981689
2013-04-29,62.9321441650,1.9421298504,13.3896875381,28.5799999237,84.5266952515,73.3722000122,44.5349998474
2013-04-30,63.3893089294,1.9690996408,13.4253273010,28.7000007629,84.5747451782,73.3722000122,44.9900016785
2013-05-01,63.0934867859,1.9525500536,13.2924718857,28.3600006104,85.4435958862,73.3722000122,43.0200004578
2013-05-02,63.8912544250,2.0009732246,13.2762689590,28.5200004578,85.3333969116,73.3882064819,44.5699996948
2013-05-03,64.6441650391,2.0484762192,13.2503461838,28.5599994659,83.3215255737,73.3722000122,45.5250015259
2013-05-06,64.8951644897,2.0634939671,13.0656375885,28.5599994659,83.1147994995,73.3722000122,46.2849998474
2013-05-07,64.8592834473,2.0610420704,13.1920108795,28.2000007629,82.7909317017,73.3722000122,46.6500015259
2013-05-08,65.1730422974,2.0815751553,13.0753564835,28.6200008392,82.9218521118,73.3882064819,46.3950004578
2013-05-09,65.0833663940,2.0775914192,12.8776903152,28.2999992371,82.7082366943,73.3882064819,45.5099983215
2013-05-10,65.4778060913,2.0996582508,12.9068536758,28.0799999237,81.8195114136,73.3722000122,45.9350013733
2013-05-13,65.5584487915,2.1067063808,12.8388051987,27.8199996948,81.1924667358,73.3882064819,46.2849998474
2013-05-14,65.8990402222,2.1278536320,12.9262971878,27.7000007629,80.3105468750,73.3722000122,46.6349983215
2013-05-15,66.0334930420,2.1361274719,13.0494356155,27.0799999237,80.8479309082,73.3722000122,46.3149986267
2013-05-16,65.9617767334,2.1324501038,12.9425001144,26.9599990845,81.6885223389,73.3722000122,45.8149986267
2013-05-17,66.5981826782,2.1713726521,13.0656375885,26.3400001526,80.6550979614,73.3882064819,47.0299987793
2013-05-20,66.4996185303,2.1652431488,13.0008277893,27.1399993896,80.5585174561,73.3722000122,46.3899993896
2013-05-21,66.5712966919,2.1692266464,13.0267515182,26.7000007629,81.1924667358,73.3882064819,46.0550003052
2013-05-22,65.9886474609,2.1345965862,12.8063974380,26.5200004578,79.9867095947,73.3882064819,45.5250015259
2013-05-23,65.8363113403,2.1211109161,12.7189092636,27.0599994659,80.3656463623,73.3882064819,45.0950012207
2013-05-24,65.8004608154,2.1208038330,12.5828084946,26.8999996185,80.4759445190,73.3882064819,45.1399993896
2013-05-28,66.2306900024,2.1477744579,12.4369831085,26.8400001526,78.4363937378,73.3722000122,46.3950004578
2013-05-29,65.9169845581,2.1269335747,12.2522706985,27.0799999237,79.3183517456,73.3882064819,45.7050018311
2013-05-30,66.2665557861,2.1489996910,12.2846775055,27.4599990845,79.1254272461,73.3722000122,45.7500000000
2013-05-31,65.6570510864,2.1091580391,12.2101497650,26.9200000763,78.8567276001,73.3882064819,44.0499992371
2013-06-03,65.7735366821,2.1180460453,12.2360725403,27.4200000763,79.2745742798,73.3882064819,44.2249984741
2013-06-04,65.4329452515,2.0959804058,12.1939458847,27.1599998474,78.5424575806,73.3882064819,43.7449989319
2013-06-05,64.5814514160,2.0426535606,12.0870113373,27.2399997711,79.6268234253,73.3882064819,41.7750015259
2013-06-06,64.8951644897,2.0576698780,12.2295885086,27.4599990845,79.5784683228,73.3722000122,42.2550010681
2013-06-07,65.7824859619,2.1159009933,12.3041229248,26.7999992371,78.1557006836,73.3882064819,44.2750015259
2013-06-10,65.8094329834,2.1189651489,12.3008823395,26.9400005341,77.7827453613,73.3722000122,44.7449989319
2013-06-11,65.1550750732,2.0763661861,12.2198724747,26.7999992371,78.7081985474,73.3882064819,41.8450012207
2013-06-12,64.4021530151,2.0279428959,12.0999689102,26.9799995422,77.5824356079,73.3722000122,39.3400001526
2013-06-13,65.2178497314,2.0775914192,12.2976369858,26.8999996185,78.7980194092,73.3882064819,41.2099990845
2013-06-14,64.7875747681,2.0521531105,12.3138427734,27.0200004578,78.6115646362,73.3722000122,40.1500015259
2013-06-17,65.4150619507,2.0898501873,12.3527297974,26.8999996185,78.1971359253,73.3722000122,40.7449989319
2013-06-18,65.9528503418,2.1244819164,12.4369831085,26.5799999237,78.2385711670,73.3722000122,41.3800010681
2013-06-19,65.2178497314,2.0769786835,12.1518239975,26.2600002289,77.4304504395,73.3722000122,41.2649993896
2013-06-20,63.6671524048,1.9755352736,11.8083286285,24.8600006104,76.1596221924,73.3722000122,36.6949996948
2013-06-21,63.3290634155,1.9583728313,11.9625263214,25.1599998474,74.8681182861,73.3882064819,37.9150009155
2013-06-24,62.6996612549,1.9188377857,11.9527044296,24.8999996185,75.1789627075,73.3882064819,35.7350006104
2013-06-25,63.1582260132,1.9455007315,12.1098461151,24.8199996948,74.5089950562,73.3882064819,36.6599998474
2013-06-26,63.7246932983,1.9785997868,12.2637205124,23.7800006866,74.9924621582,73.3882064819,37.5250015259
2013-06-27,63.9944648743,1.9982141256,12.2899074554,23.2999992371,75.7590789795,73.3722000122,39.0149993896
2013-06-28,64.0843811035,2.0000536442,12.3193712234,23.9799995422,76.2770767212,73.3722000122,39.2249984741
2013-07-01,64.4800186157,2.0288612843,12.1655006409,24.3400001526,76.4307708740,73.3882064819,40.5250015259
2013-07-02,64.5070037842,2.0294752121,12.1622285843,24.1200008392,76.3823089600,73.3722000122,39.8349990845
2013-07-03,64.7677536011,2.0466372967,12.1163911819,24.2800006866,76.1538619995,73.3882064819,40.4300003052
2013-07-05,65.2622985840,2.0763661861,12.0803804398,23.7399997711,73.5579452515,73.3882064819,42.5050010681
2013-07-08,65.3252716064,2.0800437927,12.2538957596,24.0400009155,74.2709960938,73.3561782837,44.2999992371
2013-07-09,65.7209014893,2.1054797173,12.3422899246,24.2399997711,74.3471374512,73.3561782837,45.2550010681
2013-07-10,66.0985107422,2.1309185028,12.4110393524,24.3199996948,73.7655944824,73.3561782837,45.6699981689
2013-07-11,67.4113235474,2.2188756466,12.6107406616,24.9799995422,74.6308898926,73.3561782837,46.9749984741
2013-07-12,67.7080841064,2.2351195812,12.6500253677,24.9400005341,74.5686111450,73.3561782837,46.5050010681
2013-07-15,67.8609313965,2.2455399036,12.8562803268,24.9400005341,74.9631805420,73.3561782837,47.4850006104
2013-07-16,67.7710113525,2.2397162914,12.7875232697,25.1000003815,75.2193679810,73.3561782837,46.1899986267
2013-07-17,67.9418792725,2.2498297691,12.7809772491,24.7800006866,75.3577804565,73.3561782837,47.7200012207
2013-07-18,67.7710113525,2.2384901047,12.8922882080,24.9200000763,74.4163742065,73.3722000122,48.5099983215
2013-07-19,67.0696487427,2.1931319237,12.8955593109,25.1399993896,75.5931167603,73.3722000122,49.5449981689
2013-07-22,67.2674713135,2.2038595676,12.8824653625,25.9200000763,75.7039108276,73.3722000122,50.7099990845
2013-07-23,66.7729110718,2.1735174656,12.9152050018,26.1000003815,75.3854904175,73.3722000122,50.9350013733
2013-07-24,66.9887313843,2.1866960526,12.7187681198,25.6399993896,74.4301681519,73.3882064819,50.3450012207
2013-07-25,67.4113235474,2.2127466202,12.8366384506,25.8799991608,74.4024734497,73.3561782837,51.5099983215
2013-07-26,67.7710113525,2.2366518974,12.8824653625,25.8999996185,74.8593750000,73.3561782837,51.6250000000
2013-07-29,67.6451110840,2.2286834717,12.9053812027,25.8400001526,74.3125000000,73.3722000122,51.0349998474
2013-07-30,68.0047760010,2.2513623238,12.9479465485,25.7800006866,74.2848587036,73.3561782837,51.9150009155
2013-07-31,68.1306686401,2.2611694336,12.8530044556,25.7199993134,74.5548019409,73.3722000122,53.0999984741
2013-08-01,68.8230438232,2.3059146404,12.9610357285,25.4599990845,73.1182556152,73.3561782837,54.8100013733
2013-08-02,69.2097015381,2.3328840733,12.9446706772,25.3999996185,73.9232711792,73.3722000122,56.2400016785
2013-08-05,69.2546615601,2.3362557888,12.8595514297,25.2800006866,73.3541793823,73.3722000122,56.8800010681
2013-08-06,68.8410568237,2.3083662987,12.7940740585,24.9200000763,73.5692977905,73.3722000122,55.2000007629
2013-08-07,68.7151107788,2.2997853756,12.8530044556,24.9400005341,74.1175765991,73.3561782837,54.5000000000
2013-08-08,69.0568389893,2.3206262589,12.9021100998,25.5000000000,74.3188400269,73.3561782837,55.3349990845
2013-08-09,68.7780838013,2.3037700653,12.8137130737,25.5000000000,74.4367828369,73.3722000122,54.6199989319
2013-08-12,68.9399414062,2.3123507500,12.7449703217,25.9799995422,73.9301910400,73.3722000122,54.8450012207
2013-08-13,69.3266220093,2.3380951881,12.6762161255,25.6800003052,72.8614730835,73.3722000122,55.4749984741
2013-08-14,69.0658264160,2.3218517303,12.5943737030,25.9400005341,72.9725265503,73.3722000122,54.8400001526
2013-08-15,67.8969116211,2.2446196079,12.4339551926,26.4799995422,71.9870300293,73.3722000122,52.0550003052
2013-08-16,67.8699035645,2.2403295040,12.2899074554,26.6599998474,71.7372360229,73.3722000122,53.0050010681
2013-08-19,67.7530212402,2.2332804203,12.1851425171,26.5599994659,71.1126022339,73.3561782837,51.7050018311
2013-08-20,68.0497741699,2.2528951168,12.2997274399,26.6200008392,71.6608810425,73.3722000122,52.0400009155
2013-08-21,67.8159484863,2.2372639179,12.1589565277,26.5400009155,70.8766708374,73.3722000122,51.0800018311
2013-08-22,68.4813766479,2.2795584202,12.2277059555,26.7199993134,71.5983810425,73.3561782837,52.3650016785
2013-08-23,68.9399414062,2.3120446205,12.3291931152,27.1200008392,72.3756713867,73.3722000122,53.5800018311
2013-08-26,68.9758758545,2.3126571178,12.2375240326,27.2399997711,72.7365493774,73.3561782837,51.7099990845
2013-08-27,67.5642166138,2.2170362473,12.2309751511,27.5000000000,73.6525802612,73.3561782837,47.4799995422
2013-08-28,67.8249740601,2.2369580269,12.2735395432,27.5000000000,73.0557785034,73.3561782837,47.5200004578
2013-08-29,68.3015213013,2.2672986984,12.2015104294,27.3400001526,73.6387252808,73.3722000122,46.6150016785
2013-08-30,67.8609313965,2.2375719547,12.2113370895,27.0599994659,73.5554428101,73.3722000122,46.0750007629
2013-09-03,68.2475662231,2.2608633041,12.0705614090,27.4200000763,72.5180130005,73.3722000122,47.7050018311
2013-09-04,68.9758758545,2.3117377758,12.0705614090,27.0599994659,72.3579711914,73.3722000122,47.8349990845
2013-09-05,69.0927963257,2.3197069168,12.0214538574,26.6000003815,71.3489913940,73.3722000122,48.9850006104
2013-09-06,69.1737442017,2.3249156475,12.1065750122,26.9799995422,71.7038345337,73.3722000122,48.6100006104
2013-09-09,69.9829788208,2.3782427311,12.1491317749,26.9200000763,71.7386856079,73.3401489258,50.4049987793
2013-09-10,70.3246688843,2.4024543762,12.2440738678,26.4799995422,71.2376632690,73.3561782837,52.2400016785
2013-09-11,70.1898117065,2.3935658932,12.1229419708,26.4799995422,71.8708648682,73.3561782837,53.9150009155
2013-09-12,70.1448287964,2.3889696598,12.0902042389,25.7000007629,71.7734527588,73.3561782837,53.0000000000
2013-09-13,70.1898117065,2.3932604790,12.1818733215,25.7000007629,72.0518188477,73.3722000122,53.9650001526
2013-09-16,70.0009384155,2.3794684410,12.2146062851,25.4400005341,71.5716857910,73.3561782837,54.2900009155
2013-09-17,70.4685440063,2.4119555950,12.2866325378,25.4400005341,72.1630859375,73.3561782837,54.9099998474
2013-09-18,71.3137664795,2.4692659378,12.6532983780,26.5599994659,73.0537490845,73.3722000122,57.0299987793
2013-09-19,71.4846267700,2.4806051254,12.5943737030,26.4799995422,72.6223602295,73.3722000122,57.2500000000
2013-09-20,71.2393035889,2.4628295898,12.4043207169,25.7199993134,73.0050964355,73.3561782837,56.0900001526
2013-09-23,71.0950164795,2.4524092674,12.5530567169,25.6399993896,73.5408325195,73.3561782837,55.5299987793
2013-09-24,71.0950164795,2.4533290863,12.5464506149,25.6800003052,74.3340759277,73.3561782837,55.5750007629
2013-09-25,70.8514862061,2.4386184216,12.4605131149,25.8999996185,74.4871749878,73.3561782837,55.9150009155
2013-09-26,71.4016265869,2.4747824669,12.4439859390,25.6800003052,73.9652938843,73.3561782837,56.8899993896
2013-09-27,71.3114547729,2.4692659378,12.3646574020,25.9200000763,74.1461715698,73.3561782837,54.5999984741
2013-09-30,71.1400909424,2.4514913559,12.3514432907,25.7800006866,74.0348587036,73.3561782837,52.5699996948
2013-10-01,71.8616027832,2.5063488483,12.3878002167,25.0400009155,73.8102264404,73.3722000122,54.4000015259
2013-10-02,71.8345260620,2.5035915375,12.4010238647,25.5400009155,73.9218063354,73.3722000122,52.7649993896
2013-10-03,70.9958038330,2.4459745884,12.2555980682,25.5599994659,73.8032455444,73.3722000122,50.7350006104
2013-10-04,71.6090774536,2.4867351055,12.2787265778,25.4400005341,73.7474746704,73.3722000122,50.9249992371
2013-10-07,71.0138320923,2.4456670284,12.2192382812,25.6800003052,74.0474014282,73.3722000122,47.1549987793
2013-10-08,69.6429824829,2.3543369770,12.3051681519,25.6200008392,74.0683593750,73.3722000122,44.8100013733
2013-10-09,69.4265594482,2.3371756077,12.3547458649,25.3400001526,73.4753875732,73.3561782837,46.3750000000
2013-10-10,70.8965759277,2.4340209961,12.5398387909,24.9799995422,73.5939483643,73.3401489258,50.7799987793
2013-10-11,71.4557495117,2.4741697311,12.5993270874,24.6399993896,73.5729675293,73.3241271973,51.8199996948
2013-10-14,71.9608078003,2.5081875324,12.5299186707,24.7000007629,72.9800262451,73.3241271973,51.1650009155
2013-10-15,71.6812286377,2.4894931316,12.3547458649,24.8999996185,72.9311828613,73.3241271973,48.0200004578
2013-10-16,72.4929275513,2.5455780029,12.4671230316,24.8600006104,73.8451004028,73.3401489258,53.7200012207
2013-10-17,72.9077529907,2.5746936798,12.6687374115,25.6200008392,74.5148544312,73.3401489258,56.9049987793
2013-10-18,74.0892410278,2.6577477455,12.7017908096,25.5200004578,74.6752777100,73.3561782837,57.1650009155
2013-10-21,74.2515716553,2.6687810421,12.6753444672,25.5400009155,74.4380874634,73.3561782837,56.8600006104
2013-10-22,74.3597946167,2.6733782291,12.8373031616,26.0000000000,75.2683105469,73.3561782837,56.7649993896
2013-10-23,73.9088592529,2.6454882622,12.8472156525,25.8999996185,75.5613021851,73.3561782837,56.3650016785
2013-10-24,74.2335510254,2.6675548553,12.8207798004,26.1399993896,75.2683105469,73.3401489258,57.1450004578
2013-10-25,74.7656478882,2.7046382427,12.9562873840,26.2399997711,75.5473861694,73.3561782837,57.3750000000
2013-10-28,74.7836990356,2.7073967457,12.9298477173,26.2600002289,75.2892074585,73.3561782837,56.9449996948
2013-10-29,74.9099273682,2.7150592804,12.9463729858,26.1200008392,75.3868865967,73.3401489258,57.4449996948
2013-10-30,74.8377914429,2.7104618549,12.8637428284,26.0799999237,74.9334564209,73.3401489258,56.6949996948
2013-10-31,74.6664276123,2.6982028484,12.8174657822,25.7000007629,75.0938491821,73.3401489258,56.9949989319
2013-11-01,74.6844787598,2.6991221905,12.9100189209,25.5400009155,74.2810592651,73.3401489258,57.3450012207
2013-11-04,74.7927017212,2.7055583000,12.9364576340,25.5000000000,74.3509826660,73.3401489258,58.7700004578
2013-11-05,74.8738861084,2.7132208347,12.8439111710,25.4599990845,73.4626235962,73.3401489258,58.9799995422
2013-11-06,74.8558425903,2.7116868496,13.0190887451,25.5799999237,73.4976119995,73.3561782837,59.8899993896
2013-11-07,73.4488830566,2.6102445126,12.8967962265,25.3600006104,74.1201248169,73.3401489258,57.7949981689
2013-11-08,74.4409637451,2.6807327271,12.8736572266,24.9799995422,72.3364181519,73.3401489258,60.1250000000
2013-11-11,74.3237304688,2.6724584103,12.8703565598,24.8999996185,72.0635986328,73.3561782837,60.4099998474
2013-11-12,74.4409637451,2.6795079708,12.7612857819,24.6200008392,72.3993682861,73.3561782837,60.5349998474
2013-11-13,75.3428421021,2.7450928688,12.8240795135,24.7199993134,72.6651763916,73.3561782837,60.7449989319
2013-11-14,75.5773468018,2.7601103783,12.9364576340,25.0000000000,73.1128311157,73.3401489258,61.4550018311
2013-11-15,75.7216262817,2.7708368301,13.0124740601,24.9799995422,73.2597579956,73.3401489258,62.2700004578
2013-11-18,74.9821014404,2.7199628353,12.9959487915,24.7199993134,73.7004776001,73.3401489258,62.1800003052
2013-11-19,74.7656478882,2.7012662888,12.9001045227,24.7199993134,73.1408233643,73.3401489258,61.4300003052
2013-11-20,74.5852661133,2.6908464432,12.7579813004,24.1399993896,71.8956985474,73.3401489258,62.6599998474
2013-11-21,75.3428421021,2.7417221069,12.7877216339,24.1200008392,72.0146408081,73.3561782837,64.8150024414
2013-11-22,75.7486724854,2.7729816437,12.7778129578,24.1200008392,72.6861572266,73.3401489258,65.6999969482
2013-11-25,75.9290542603,2.7852404118,12.7282323837,24.2399997711,72.8960266113,73.3401489258,65.4300003052
2013-11-26,76.3258819580,2.8143563271,12.6026372910,24.1000003815,73.1688232422,73.3401489258,65.0599975586
2013-11-27,76.8580398560,2.8529729843,12.5761928558,24.0400009155,73.0429306030,73.3561782837,65.0250015259
2013-11-29,77.3179397583,2.8845386505,12.5695858002,24.2600002289,73.0639038086,73.3241271973,64.2450027466
2013-12-02,77.0924987793,2.8698287010,12.5167036057,23.6399993896,72.4956207275,73.3401489258,63.7599983215
2013-12-03,77.0293655396,2.8652312756,12.5795001984,23.7399997711,72.7622070312,73.3561782837,62.1049995422
2013-12-04,77.1015090942,2.8707480431,12.6356792450,24.1200008392,72.0676040649,73.3561782837,62.7799987793
2013-12-05,77.0022735596,2.8655374050,12.5332250595,23.8199996948,71.8641510010,73.3561782837,62.2949981689
2013-12-06,77.5614547729,2.9056861401,12.7050943375,23.8600006104,72.2079391479,73.3561782837,64.4749984741
2013-12-09,77.8771438599,2.9283652306,12.6290760040,24.0599994659,72.3763885498,73.3561782837,64.9449996948
2013-12-10,77.8229980469,2.9249939919,12.5034818649,24.5000000000,72.8955383301,73.3401489258,64.6250000000
2013-12-11,76.8219146729,2.8502140045,12.4010238647,24.3199996948,72.3342361450,73.3561782837,61.5900001526
2013-12-12,76.6234817505,2.8364229202,12.4175453186,23.7999992371,72.0606002808,73.3561782837,61.3250007629
2013-12-13,76.5243072510,2.8272285461,12.3977165222,24.0200004578,72.4114227295,73.3561782837,61.1850013733
2013-12-16,76.9481887817,2.8581819534,12.4638156891,24.0599994659,72.1448440552,73.3401489258,61.1699981689
2013-12-17,76.7948226929,2.8480691910,12.4406805038,23.8600006104,72.4675674438,73.3401489258,61.3349990845
2013-12-18,77.6877136230,2.9142680168,12.6059370041,23.6800003052,72.1027297974,73.3561782837,65.6650009155
2013-12-19,77.4713058472,2.8952655792,12.5133943558,23.0799999237,72.0325927734,73.3561782837,65.0100021362
2013-12-20,78.2602081299,2.9534966946,12.6373281479,23.2999992371,73.1410751343,73.3401489258,64.6699981689
2013-12-23,79.0835266113,3.0160171986,12.5872192383,23.2399997711,72.7271575928,73.3401489258,67.0149993896
2013-12-24,79.1197052002,3.0200004578,12.6373281479,23.3400001526,72.1448440552,73.3401489258,68.3050003052
2013-12-26,79.3820953369,3.0386958122,12.5805387497,23.4599990845,71.8667526245,73.3401489258,69.5049972534
2013-12-27,79.1830673218,3.0230655670,12.6306467056,23.5599994659,71.6626434326,73.3561782837,68.4899978638
2013-12-30,79.0654296875,3.0138709545,12.6607141495,23.2000007629,72.1553649902,73.3561782837,67.4300003052
2013-12-31,79.5811386108,3.0524868965,12.6840944290,23.3600006104,71.6978073120,73.3241271973,67.4700012207
2014-01-02,78.9568557739,3.0055963993,12.4903440475,23.7600002289,71.9160766602,73.3241271973,66.1149978638
2014-01-03,78.3868560791,2.9629960060,12.4502582550,24.0200004578,71.9160766602,73.3401489258,66.5149993896
2014-01-06,78.0973434448,2.9387855530,12.4703025818,24.0200004578,72.2187118530,73.3241271973,67.3099975586
2014-01-07,78.8211441040,2.9924173355,12.5805387497,23.8999996185,72.4017791748,73.3401489258,68.8850021362
2014-01-08,78.9930343628,3.0077419281,12.5137300491,23.7800006866,72.2046661377,73.3401489258,68.7699966431
2014-01-09,78.7306900024,2.9862878323,12.5872192383,23.8400001526,72.6269760132,73.3241271973,68.5899963379
2014-01-10,78.9840087891,3.0055963993,12.7676124573,24.1800003052,73.4927368164,73.3401489258,70.1999969482
2014-01-13,77.8168869019,2.9145734310,12.6373281479,24.3400001526,73.8587799072,73.3401489258,67.7649993896
2014-01-14,79.3006668091,3.0282759666,12.6540355682,24.1000003815,73.5208740234,73.3401489258,70.4649963379
2014-01-15,79.9520950317,3.0763921738,12.6306467056,24.0599994659,73.4434509277,73.3401489258,70.2399978638
2014-01-16,79.9611282349,3.0797638893,12.7175016403,24.1000003815,73.9362258911,73.3401489258,69.8750000000
2014-01-17,79.5087203979,3.0435996056,12.7141647339,24.3199996948,74.2459106445,73.3241271973,69.7549972534
2014-01-21,80.1149291992,3.0895700455,12.8544664383,24.0799999237,74.3021697998,73.3401489258,70.5449981689
2014-01-22,80.3230209351,3.1076524258,12.8678283691,23.9799995422,74.1192169189,73.3401489258,71.6299972534
2014-01-23,80.0516128540,3.0852801800,12.8310861588,24.5000000000,75.1680068970,73.3401489258,69.6900024414
2014-01-24,78.4773559570,2.9596254826,12.6874361038,24.6200008392,75.6537170410,73.3241271973,63.3899993896
2014-01-27,77.7173614502,2.9066042900,12.7175016403,24.3400001526,75.1258087158,73.3241271973,61.8100013733
2014-01-28,77.6721267700,2.9023134708,12.7642698288,24.3400001526,75.3088150024,73.3241271973,64.3199996948
2014-01-29,76.8397598267,2.8407135010,12.7575874329,24.6599998474,75.9281768799,73.3401489258,60.0299987793
2014-01-30,78.2602081299,2.9406242371,12.9546756744,24.1200008392,75.7100067139,73.3401489258,60.8600006104
2014-01-31,78.0521011353,2.9280581474,13.0615816116,24.1399993896,76.2167510986,73.3241271973,56.2599983215
2014-02-03,76.2607192993,2.7965805531,12.9580259323,24.3999996185,77.1454467773,73.3241271973,52.2200012207
2014-02-04,76.8216552734,2.8342771530,12.8811864853,24.3400001526,76.3268814087,73.3401489258,53.0699996948
2014-02-05,76.6226272583,2.8195657730,12.8244018555,24.4200000763,75.6211929321,73.3241271973,51.1800003052
2014-02-06,77.5997619629,2.8888292313,12.9179382324,24.3999996185,75.2965545654,73.3241271973,56.1599998474
2014-02-07,78.9840087891,2.9921121597,12.9880857468,24.6000003815,75.3601303101,73.3401489258,59.5200004578
2014-02-10,79.4363784790,3.0273556709,13.0849647522,24.7199993134,75.5718154907,73.3241271973,59.4599990845
2014-02-11,80.3411331177,3.0960059166,13.2085618973,25.0400009155,75.1342773438,73.3241271973,61.7099990845
2014-02-12,80.4949493408,3.1082653999,13.2252655029,25.0599994659,74.7461318970,73.3401489258,62.9599990845
2014-02-13,81.0920639038,3.1536235809,13.3689126968,25.2800006866,75.1695556641,73.3401489258,63.4599990845
2014-02-14,81.2549057007,3.1677210331,13.4557657242,25.6000003815,75.2119140625,73.3401489258,64.4000015259
2014-02-18,81.6529998779,3.1986756325,13.5025329590,25.6599998474,75.3812713623,73.3241271973,65.2300033569
2014-02-19,81.0920639038,3.1551566124,13.4257020950,25.4200000763,75.0636978149,73.3401489258,60.7799987793
2014-02-20,81.4720153809,3.1809000969,13.5292549133,25.6800003052,74.8802185059,73.3401489258,63.0999984741
2014-02-21,81.3634719849,3.1720123291,13.5459651947,25.6800003052,75.2754364014,73.3241271973,62.4799995422
2014-02-24,81.7977523804,3.2100145817,13.5125570297,25.9400005341,75.0848999023,73.3401489258,62.9199981689
2014-02-25,81.7072906494,3.2002081871,13.4958534241,26.0000000000,75.7552871704,73.3401489258,62.8800010681
2014-02-26,81.6349105835,3.1949980259,13.4524250031,25.7600002289,76.1575088501,73.3401489258,62.0499992371
2014-02-27,82.1645507812,3.2372906208,13.4190187454,25.7999992371,76.5738677979,73.3241271973,62.2299995422
2014-02-28,82.0736846924,3.2284030914,13.5125570297,25.7000007629,76.6162033081,73.3401489258,61.2000007629
2014-03-03,81.4650039673,3.1812062263,13.3789348602,26.2399997711,77.1276473999,73.3401489258,57.7299995422
2014-03-04,82.5007019043,3.2624220848,13.4758100510,25.9200000763,75.9675140381,73.3241271973,61.3199996948
2014-03-05,82.7277984619,3.2805032730,13.3856134415,25.9200000763,76.1302032471,73.3401489258,61.2500000000
2014-03-06,82.6551208496,3.2728421688,13.3188018799,26.1800003052,75.3804016113,73.3401489258,61.7000007629
2014-03-07,82.2463302612,3.2409687042,13.3588886261,25.9799995422,74.9064407349,73.3241271973,60.2700004578
2014-03-10,82.3189926147,3.2458729744,13.3254871368,26.0000000000,75.0125503540,73.3241271973,60.5900001526
2014-03-11,81.9647140503,3.2195160389,13.2887392044,26.1200008392,75.2106475830,73.3241271973,59.7299995422
2014-03-12,82.2735748291,3.2418873310,13.4557657242,26.5400009155,75.7340698242,73.3241271973,59.8300018311
2014-03-13,81.1106719971,3.1520919800,13.5960721970,26.6200008392,76.7527694702,73.3241271973,57.3499984741
2014-03-14,80.5565185547,3.1067330837,13.6595392227,26.7999992371,76.7668762207,73.3241271973,55.7700004578
2014-03-17,81.2651672363,3.1634299755,13.7497348785,26.5000000000,76.1938476562,73.3241271973,58.2799987793
2014-03-18,82.2463302612,3.2391304970,13.7296962738,26.2800006866,76.4698028564,73.3241271973,60.4500007629
2014-03-19,81.8011322021,3.2054178715,13.5125570297,25.7600002289,75.8755950928,73.3401489258,59.2799987793
2014-03-20,82.0282592773,3.2210474014,13.5426187515,25.7399997711,75.7411727905,73.3241271973,59.6800003052
2014-03-21,81.0411911011,3.1425902843,13.6453571320,25.8600006104,76.5617523193,73.3401489258,59.2400016785
2014-03-24,80.3309555054,3.0898766518,13.6824083328,25.3999996185,77.1064071655,73.3401489258,59.0800018311
2014-03-25,80.5950393677,3.1079592705,13.7396736145,25.4200000763,76.8164138794,73.3401489258,59.8499984741
2014-03-26,79.5569686890,3.0279693604,13.6824083328,25.2199993134,77.4177093506,73.3241271973,58.7599983215
2014-03-27,79.1108093262,2.9942567348,13.7935657501,25.0799999237,77.8067398071,73.3241271973,59.5099983215
2014-03-28,79.2655868530,3.0068225861,13.8137760162,25.0599994659,77.3681640625,73.3241271973,60.1100006104
2014-03-31,79.8301544189,3.0478899479,13.9653482437,24.8799991608,77.1771850586,73.3241271973,61.9700012207
2014-04-01,81.2324295044,3.1542367935,13.8676710129,24.8199996948,76.5176086426,73.3241271973,64.0699996948
2014-04-02,81.4418716431,3.1710929871,13.8474569321,25.0000000000,76.0779037476,73.3241271973,63.6199989319
2014-04-03,80.7953491211,3.1214439869,13.8912496567,24.9400005341,76.4111862183,73.3401489258,63.7099990845
2014-04-04,78.6464157104,2.9528834820,13.9653482437,25.2600002289,76.9218521118,73.3241271973,62.3600006104
2014-04-07,77.8997344971,2.9001693726,13.9417753220,25.1399993896,77.3828201294,73.3241271973,60.9799995422
2014-04-08,78.6190948486,2.9510436058,14.1405124664,25.3600006104,77.5672607422,73.3241271973,62.0900001526
2014-04-09,79.9667434692,3.0530996323,14.1101961136,25.4400005341,77.1842803955,73.3241271973,63.5699996948
2014-04-10,77.4899597168,2.8646180630,14.0563039780,25.5599994659,77.9005966187,73.3241271973,59.7599983215
2014-04-11,76.5885391235,2.7981128693,14.0428256989,25.5400009155,78.5317535400,73.3241271973,57.8899993896
2014-04-14,77.1894683838,2.8407135010,14.1270389557,25.7399997711,78.3261260986,73.3241271973,58.3699989319
2014-04-15,77.4444274902,2.8587946892,14.3224058151,25.2800006866,78.8154678345,73.3241271973,59.0200004578
2014-04-16,78.4733810425,2.9332690239,14.4268283844,25.2600002289,78.9148101807,73.3241271973,61.1100006104
2014-04-17,78.4916076660,2.9351077080,14.2483024597,25.1200008392,78.0495376587,73.3401489258,61.9900016785
2014-04-21,79.0743637085,2.9795451164,14.2314558029,25.0200004578,77.9856948853,73.3241271973,63.1800003052
2014-04-22,79.7026519775,3.0276629925,14.2516689301,24.8999996185,78.2481002808,73.3080749512,63.3499984741
2014-04-23,79.0015487671,2.9731106758,14.2584047318,24.9200000763,78.6949386597,73.3241271973,63.0200004578
2014-04-24,79.7573165894,3.0310332775,14.3560905457,25.0799999237,78.8438415527,73.3241271973,62.2799987793
2014-04-25,78.4825057983,2.9332690239,14.5211353302,25.2399997711,78.9572753906,73.3241271973,61.8300018311
2014-04-28,78.7374649048,2.9544146061,14.5918750763,25.1399993896,78.5743331909,73.3241271973,63.1699981689
2014-04-29,79.3657684326,2.9988541603,14.5312433243,25.1200008392,78.4679565430,73.3241271973,64.3099975586
2014-04-30,79.5751953125,3.0147905350,14.5548191071,25.0000000000,78.7942047119,73.3241271973,64.2200012207
2014-05-01,79.8119430542,3.0340981483,14.6154565811,24.9200000763,79.6395339966,73.3080749512,64.2900009155
2014-05-02,79.6662368774,3.0224528313,14.3156690598,25.1599998474,80.1300277710,73.3241271973,64.6500015259
2014-05-05,80.0851211548,3.0530996323,14.4436645508,25.4200000763,79.6465682983,73.3241271973,65.3000030518
2014-05-06,79.0470581055,2.9734158516,14.3729238510,25.3400001526,79.9665069580,73.3080749512,64.7200012207
2014-05-07,78.8193893433,2.9553346634,14.6053476334,24.9799995422,79.6821517944,73.3080749512,66.0800018311
2014-05-08,78.7465515137,2.9507377148,14.4470338821,25.0000000000,79.3409194946,73.3080749512,65.8899993896
2014-05-09,79.0379409790,2.9734158516,14.2348241806,25.0000000000,79.0850067139,73.3241271973,67.3499984741
2014-05-12,80.3400726318,3.0687303543,14.1034584045,25.1399993896,78.7650604248,73.3080749512,69.2900009155
2014-05-13,80.3947219849,3.0727136135,14.1371412277,25.0799999237,79.4475784302,73.3241271973,69.1299972534
2014-05-14,79.9758605957,3.0405349731,14.2078752518,25.3199996948,80.3077926636,73.3241271973,69.5199966431
2014-05-15,79.3475265503,2.9945640564,14.1506137848,25.1200008392,80.9476623535,73.3241271973,68.6900024414
2014-05-16,79.8665847778,3.0331790447,14.1944036484,25.0799999237,80.7201461792,73.3241271973,70.3600006104
2014-05-19,80.4220199585,3.0770051479,13.9754629135,25.0599994659,80.1229171753,73.3241271973,71.2099990845
2014-05-20,80.1306838989,3.0540204048,13.9754629135,25.0799999237,80.3006896973,73.3241271973,71.8300018311
2014-05-21,80.8955307007,3.1116366386,13.9855613708,25.0200004578,79.8101501465,73.3080749512,72.8799972534
2014-05-22,81.2506332397,3.1370739937,14.1000909805,25.0799999237,79.6963653564,73.3080749512,72.9499969482
2014-05-23,81.8424987793,3.1842710972,14.0664072037,25.0599994659,80.1229171753,73.3241271973,73.5100021362
2014-05-27,82.8623657227,3.2645666599,14.1775608063,24.5200004578,80.5921859741,73.3080749512,75.7799987793
2014-05-28,82.6074295044,3.2428078651,14.2617702484,24.3799991608,81.5875015259,73.3241271973,75.9899978638
2014-05-29,83.1355590820,3.2835690975,14.3021879196,24.3400001526,81.1538391113,73.3080749512,76.2600021362
2014-05-30,83.1446228027,3.2857139111,14.3965101242,24.2600002289,81.1182479858,73.3241271973,76.3899993896
2014-06-02,83.0626831055,3.2774391174,14.3931407928,24.0799999237,80.5152511597,73.3080749512,76.9199981689
2014-06-03,83.0262908936,3.2759070396,14.4470338821,24.1399993896,79.5245361328,73.3080749512,76.5800018311
2014-06-04,83.3358764648,3.2979733944,14.4402952194,24.1000003815,79.5031127930,73.3080749512,77.3899993896
2014-06-05,84.0370025635,3.3546707630,14.5615615845,24.2800006866,79.5387268066,73.3080749512,80.0999984741
2014-06-06,84.5196151733,3.3926739693,14.5110349655,24.2800006866,79.5387268066,73.3080749512,84.1100006104
2014-06-09,84.4558639526,3.3874642849,14.4133491516,24.2800006866,79.4247360229,73.3241271973,83.0000000000
2014-06-10,84.6015472412,3.3978838921,14.3796625137,24.4200000763,79.1324768066,73.3241271973,84.4700012207
2014-06-11,84.5833435059,3.3960454464,14.1977739334,24.4200000763,79.2750320435,73.3080749512,82.5999984741
2014-06-12,83.8184585571,3.3381211758,14.2415599823,24.7000007629,79.9806976318,73.3241271973,78.5400009155
2014-06-13,84.0643234253,3.3562033176,14.3325052261,24.7600002289,79.9379348755,73.3080749512,79.9100036621
2014-06-16,84.1371765137,3.3614132404,14.4301910400,24.6599998474,80.1375122070,73.3241271973,80.0400009155
2014-06-17,84.1827087402,3.3647844791,14.4099807739,24.6200008392,79.5031127930,73.3080749512,82.6600036621
2014-06-18,84.6561813354,3.4058525562,14.7367134094,24.7000007629,80.1160888672,73.3241271973,87.1800003052
2014-06-19,84.6015472412,3.3984978199,14.8579826355,25.5599994659,79.0897598267,73.3241271973,86.8300018311
2014-06-20,84.7010803223,3.4049324989,14.7676095963,25.4599990845,79.6884384155,73.3241271973,85.6200027466
2014-06-23,84.7193603516,3.4067714214,14.7166509628,25.5599994659,79.4389495850,73.3241271973,87.7200012207
2014-06-24,84.6371765137,3.4006419182,14.7608222961,25.5799999237,80.2443466187,73.3241271973,84.5000000000
2014-06-25,85.1758728027,3.4445385933,14.8151721954,25.5799999237,80.4511260986,73.3080749512,87.6900024414
2014-06-26,85.2215194702,3.4473018646,14.8593406677,25.5000000000,80.8360061646,73.3080749512,86.6600036621
2014-06-27,85.5958557129,3.4761562347,14.9170932770,25.5000000000,80.7148437500,73.3241271973,87.3899993896
2014-06-30,85.7419433594,3.4902782440,15.0359926224,25.7600002289,80.9144439697,73.3080749512,88.2699966431
2014-07-01,86.6823425293,3.5673282146,14.8865175247,25.7199993134,80.2369995117,73.3241271973,90.5100021362
2014-07-02,86.8284072876,3.5780727863,14.5977525711,25.7000007629,79.3794250488,73.3241271973,91.4100036621
2014-07-03,87.3762130737,3.6201283932,14.4380836487,25.5599994659,79.0935821533,73.3080749512,92.6999969482
2014-07-07,87.1114349365,3.5992536545,14.5060319901,25.5599994659,79.6724395752,73.3241271973,90.6999969482
2014-07-08,86.0614929199,3.5142216682,14.6045446396,25.5799999237,80.5656433105,73.3241271973,89.2699966431
2014-07-09,86.7006072998,3.5657932758,14.5637760162,25.7399997711,80.6299438477,73.3080749512,91.0400009155
2014-07-10,86.4267044067,3.5436909199,14.6623029709,25.8999996185,80.6514663696,73.3080749512,87.7799987793
2014-07-11,86.9836120605,3.5857465267,14.5501985550,25.9400005341,81.1659545898,73.3080749512,88.8600006104
2014-07-14,87.5040664673,3.6327137947,14.3837327957,25.3199996948,80.8158035278,73.3080749512,91.2099990845
2014-07-15,87.2027740479,3.6075413227,14.4584655762,25.0799999237,80.6514663696,73.3080749512,89.5199966431
2014-07-16,87.5496978760,3.6348626614,14.5060319901,25.1399993896,81.0802612305,73.3080749512,91.7699966431
2014-07-17,86.3901824951,3.5390868187,14.3735389709,25.6000003815,82.1020812988,73.3080749512,83.0999984741
2014-07-18,87.7597351074,3.6474483013,14.5196208954,25.4200000763,81.8376922607,73.2920913696,89.0999984741
2014-07-21,87.6501235962,3.6391599178,14.5060319901,25.4400005341,82.2449874878,73.3080749512,87.0400009155
2014-07-22,88.2070922852,3.6885824203,14.4754571915,25.3199996948,82.4165573120,73.2920913696,88.7600021362
2014-07-23,88.7731552124,3.7337081432,14.4890413284,25.2800006866,82.3093566895,73.3080749512,87.9599990845
2014-07-24,88.6727294922,3.7263400555,14.5332069397,25.0599994659,81.6947479248,73.3080749512,88.5899963379
2014-07-25,88.3257980347,3.6934938431,14.4177045822,25.3400001526,82.6594772339,73.3080749512,85.9199981689
2014-07-28,88.3531646729,3.6977910995,14.6181335449,25.2999992371,82.5451736450,73.3080749512,86.3099975586
2014-07-29,88.1979751587,3.6867401600,14.4822454453,25.2000007629,82.8453063965,73.3080749512,86.5299987793
2014-07-30,88.5448913574,3.7149820328,14.2376470566,25.1399993896,81.6947479248,73.3080749512,85.0899963379
2014-07-31,86.7553787231,3.5633368492,14.0134372711,24.8400001526,81.4517974854,73.2920913696,77.8199996948
2014-08-01,86.4358291626,3.5378587246,14.0677881241,25.0400009155,82.0822906494,73.3080749512,74.0100021362
2014-08-04,87.0292739868,3.5842118263,13.9930486679,24.9599990845,81.8673477173,73.3080749512,77.1299972534
2014-08-05,86.3627471924,3.5311059952,13.8231887817,24.9400005341,82.1325149536,73.2920913696,71.7399978638
2014-08-06,86.2988510132,3.5240447521,13.6465396881,25.3400001526,82.1826477051,73.2920913696,71.4599990845
2014-08-07,86.0249633789,3.5031707287,13.8028068542,25.4200000763,82.9493484497,73.3080749512,69.9899978638
2014-08-08,86.6458282471,3.5519795418,14.0779790878,25.4200000763,82.7701492310,73.2920913696,72.6299972534
2014-08-11,87.1571044922,3.5949559212,14.0270223618,25.3600006104,82.7630004883,73.2920913696,75.6200027466
2014-08-12,87.1206054688,3.5897369385,14.0168313980,25.3600006104,82.2256393433,73.2920913696,76.0999984741
2014-08-13,88.0427169800,3.6680154800,14.0813817978,25.4200000763,82.7630004883,73.3080749512,80.4000015259
2014-08-14,88.4992675781,3.7057728767,14.2036762238,25.4400005341,83.4293594360,73.2920913696,82.9300003052
2014-08-15,88.9283905029,3.7401533127,14.2580327988,25.2600002289,84.3392944336,73.3080749512,82.9499969482
2014-08-18,89.6131515503,3.7993998528,14.2206640244,25.1800003052,83.5009841919,73.2920913696,86.1800003052
2014-08-19,90.1153182983,3.8411481380,14.4007177353,25.1000003815,83.2430572510,73.3080749512,86.9400024414
2014-08-20,90.1153182983,3.8432967663,14.4312896729,25.0000000000,83.1069107056,73.2920913696,86.2799987793
2014-08-21,90.2979202271,3.8564968109,14.4652624130,24.7399997711,83.5726318359,73.3080749512,86.0699996948
2014-08-22,90.4348678589,3.8672406673,14.4210977554,24.7999992371,84.0383758545,73.3080749512,86.4199981689
2014-08-25,90.7544174194,3.8954818249,14.5196208954,24.7000007629,84.3536376953,73.3080749512,87.2500000000
2014-08-26,90.8457183838,3.9046907425,14.3463582993,24.8199996948,84.0813369751,73.3080749512,86.4300003052
2014-08-27,90.8639831543,3.9049983025,14.5026302338,24.8199996948,84.7978363037,73.2920913696,85.9100036621
2014-08-28,90.7635498047,3.8936395645,14.6079416275,24.9799995422,85.2421188354,73.3080749512,84.4700012207
2014-08-29,91.1013641357,3.9249513149,14.7030668259,24.9200000763,85.2994232178,73.3080749512,85.0299987793
2014-09-02,91.3661270142,3.9473605156,14.5705766678,24.5200004578,83.8279953003,73.2920913696,84.4599990845
2014-09-03,90.8274688721,3.9010076523,14.6419181824,24.5799999237,84.2947769165,73.3080749512,85.4499969482
2014-09-04,90.7452926636,3.8905696869,14.6351222992,24.4599990845,83.2678070068,73.2920913696,85.2900009155
2014-09-05,91.2017822266,3.9341607094,14.8185701370,24.5799999237,83.1098632812,73.3080749512,87.0100021362
2014-09-08,91.3752670288,3.9467468262,14.7302446365,24.2999992371,83.1457443237,73.2920913696,86.8399963379
2014-09-09,90.6174850464,3.8822822571,14.5603752136,24.3400001526,83.0810775757,73.2920913696,84.4599990845
2014-09-10,91.3661270142,3.9424488544,14.4958343506,24.2000007629,82.5568161011,73.3080749512,85.0500030518
2014-09-11,91.2930908203,3.9393787384,14.6181335449,24.0799999237,82.2839584351,73.2920913696,85.2900009155
2014-09-12,90.8274688721,3.8976311684,14.3565521240,23.8199996948,81.4221878052,73.2920913696,83.4300003052
2014-09-15,89.9509429932,3.8208880424,14.4007177353,23.8799991608,81.5442886353,73.2920913696,81.2900009155
2014-09-16,90.7361679077,3.8881146908,14.5841655731,23.9200000763,81.2139358521,73.2920913696,85.1999969482
2014-09-17,90.8731002808,3.9022345543,14.5569915771,23.6599998474,81.0056991577,73.2920913696,85.9499969482
2014-09-18,91.5578918457,3.9587185383,14.4516744614,23.7199993134,81.2641601562,73.3080749512,87.1900024414
2014-09-19,91.5011596680,3.9516584873,14.5819320679,23.5799999237,82.2982864380,73.3080749512,87.1399993896
2014-09-22,90.6500244141,3.8810548782,14.4722414017,23.5200004578,82.3988647461,73.3080749512,84.1200027466
2014-09-23,90.4029312134,3.8595662117,14.4311037064,23.6599998474,82.9087677002,73.3080749512,81.0000000000
2014-09-24,91.3729934692,3.9418351650,14.3796901703,23.5799999237,82.4491348267,73.3080749512,83.5199966431
2014-09-25,89.4510879517,3.7766840458,14.2939968109,23.6599998474,83.4257965088,73.3080749512,77.2500000000
2014-09-26,90.4029312134,3.8589522839,14.3145599365,23.5799999237,83.3037185669,73.3080749512,79.9000015259
2014-09-29,90.2839355469,3.8475933075,14.4071121216,23.5599994659,83.9715728760,73.2920913696,76.0800018311
2014-09-30,90.4120635986,3.8592588902,14.4276762009,23.3999996185,83.4976043701,73.3080749512,74.9400024414
2014-10-01,88.9660797119,3.7343211174,14.5099515915,23.5400009155,85.1167221069,73.3080749512,73.3799972534
2014-10-02,88.9660797119,3.7318656445,14.4893808365,23.5000000000,84.3751754761,73.3080749512,73.9400024414
2014-10-03,89.8446578979,3.8067669868,14.5819320679,23.0599994659,84.7351608276,73.2760696411,78.4199981689
2014-10-06,89.6524429321,3.7901909351,14.5819320679,23.3799991608,84.7855529785,73.2760696411,77.0500030518
2014-10-07,88.3803329468,3.6830565929,14.5613641739,23.4400005341,85.9302520752,73.2920913696,71.6200027466
2014-10-08,90.1009063721,3.8294827938,14.8904314041,23.6599998474,85.9518432617,73.2920913696,77.4400024414
2014-10-09,88.6457443237,3.7008609772,14.6470565796,23.6800003052,85.5774688721,73.2920913696,70.2399978638
2014-10-10,86.4309692383,3.5154500008,14.7156181335,23.7000007629,86.4269714355,73.2920913696,62.4599990845
2014-10-13,85.0764694214,3.4070885181,14.7019052505,23.8600006104,86.9525375366,73.2920913696,56.3499984741
2014-10-14,85.0856475830,3.4055533409,14.8355894089,23.8799991608,87.5212860107,73.2760696411,56.7099990845
2014-10-15,84.5365295410,3.3644185066,14.6402063370,23.9599990845,88.2123641968,73.2760696411,55.5900001526
2014-10-16,84.0057067871,3.3199079037,14.6539173126,24.0000000000,87.6508331299,73.2920913696,53.2599983215
2014-10-17,85.1130752563,3.4086234570,14.7396087646,23.9799995422,87.1613006592,73.2920913696,55.5099983215
2014-10-20,86.3852081299,3.5093097687,14.9452810287,24.1399993896,87.4781417847,73.2920913696,59.7999992371
2014-10-21,88.6548690796,3.6928801537,14.9966993332,24.1599998474,86.7797393799,73.2760696411,64.2300033569
2014-10-22,88.1972885132,3.6535871029,15.0892486572,24.0599994659,86.8733596802,73.2920913696,59.0400009155
2014-10-23,89.5243225098,3.7656331062,15.1166687012,23.8799991608,86.1030197144,73.2760696411,62.7599983215
2014-10-24,90.2564849854,3.8230357170,15.2640619278,23.8400001526,86.1894149780,73.2760696411,63.4300003052
2014-10-27,90.3205413818,3.8331661224,15.2297849655,23.7999992371,86.3477554321,73.2760696411,64.3000030518
2014-10-28,91.6841583252,3.9464395046,15.3360424042,23.7999992371,85.8078384399,73.2760696411,68.5800018311
2014-10-29,91.3455429077,3.9160490036,15.2469310760,23.4599990845,86.0022277832,73.2920913696,67.3799972534
2014-10-30,91.5377578735,3.9350817204,15.5828561783,23.2000007629,86.0742416382,73.2760696411,67.0599975586
2014-10-31,92.8007049561,4.0416007042,15.5862770081,22.7000007629,85.8510360718,73.2920913696,68.8199996948
2014-11-03,93.0752716064,4.0649309158,15.6891126633,22.5799999237,85.8510437012,73.2760696411,67.6800003052
2014-11-04,92.7641220093,4.0397591591,15.6068506241,22.6000003815,86.1180801392,73.2920913696,68.1600036621
2014-11-05,92.7732620239,4.0373020172,15.9599142075,22.1200008392,85.9953994751,73.2760696411,69.0599975586
2014-11-06,93.0661315918,4.0643162727,15.6891126633,22.1399993896,85.4396820068,73.2920913696,70.7799987793
2014-11-07,92.9837417603,4.0551071167,15.8536481857,22.7399997711,86.4211578369,73.2760696411,71.8000030518
2014-11-10,93.3132247925,4.0861120224,15.9324941635,22.2600002289,85.6273269653,73.2920913696,74.4800033569
2014-11-11,93.6060791016,4.1094417572,15.8742179871,22.5799999237,85.6850738525,73.2920913696,74.5800018311
2014-11-12,93.7708282471,4.1247892380,15.5965642929,22.4400005341,85.6129074097,73.2920913696,73.6200027466
2014-11-13,94.1735076904,4.1591711044,15.4697351456,22.4799995422,85.8149490356,73.2760696411,72.7200012207
2014-11-14,94.4663543701,4.1840357780,15.4046068192,23.0599994659,86.2335205078,73.2760696411,72.5000000000
2014-11-17,94.1826477051,4.1582498550,15.6068506241,22.9599990845,86.0170440674,73.2920913696,72.5999984741
2014-11-18,94.8873443604,4.2230210304,15.6514062881,23.1800003052,86.2551345825,73.2760696411,73.9599990845
2014-11-19,94.4572601318,4.1840357780,15.6376934052,22.8999996185,85.7066879272,73.2760696411,72.1100006104
2014-11-20,94.8781814575,4.2217931747,15.6034231186,23.1200008392,86.1541137695,73.2760696411,72.8700027466
2014-11-21,95.0612640381,4.2374491692,15.6651210785,23.2399997711,86.6737823486,73.2760696411,74.3399963379
2014-11-24,95.8025512695,4.3049845695,15.5348606110,23.1800003052,86.7459411621,73.2920913696,75.8899993896
2014-11-25,95.9489898682,4.3178753853,15.5348606110,23.2399997711,87.4675827026,73.2920913696,76.5000000000
2014-11-26,96.5713272095,4.3740534782,15.6034231186,23.2000007629,87.7057418823,73.2760696411,77.6999969482
2014-11-28,97.0197525024,4.4130368233,15.7679576874,22.5799999237,88.3985214233,73.2920913696,75.5999984741
2014-12-01,95.9215164185,4.3123517036,15.7988033295,23.5000000000,87.8828582764,73.2760696411,72.3799972534
2014-12-02,96.3059310913,4.3467311859,15.9050655365,23.2199993134,87.0293884277,73.2760696411,76.1999969482
2014-12-03,96.4797821045,4.3642296791,15.8605127335,23.4400005341,87.3693008423,73.2760696411,77.3799972534
2014-12-04,96.4340515137,4.3574748039,15.8467931747,23.3400001526,88.0998611450,73.2760696411,77.2799987793
2014-12-05,96.4431610107,4.3596253395,15.7233924866,23.0799999237,87.5862960815,73.2920913696,78.5400009155
2014-12-08,95.7567672729,4.2948536873,15.8502216339,23.3199996948,88.6567840576,73.2920913696,75.4199981689
2014-12-09,96.0587921143,4.3264718056,15.9290590286,23.7999992371,89.1125030518,73.2760696411,74.4800033569
2014-12-10,94.5487136841,4.1883339882,15.7302494049,23.7600002289,89.7634506226,73.2760696411,66.8399963379
2014-12-11,94.9972000122,4.2285475731,15.8879241943,23.7199993134,90.1323471069,73.2760696411,62.5600013733
2014-12-12,93.9630432129,4.1364564896,15.7371025085,23.6599998474,91.3547439575,73.2920913696,59.0000000000
2014-12-15,92.9929199219,4.0520381927,15.6034231186,23.0400009155,91.1667175293,73.2600021362,60.3600006104
2014-12-16,91.5011596680,3.9185051918,15.5897092819,23.1800003052,92.2950820923,73.2600021362,57.5699996948
2014-12-17,93.1667633057,4.0578699112,15.8673591614,23.0200004578,91.4632644653,73.2600021362,62.8300018311
2014-12-18,95.4090118408,4.2583246231,16.1792888641,23.1800003052,89.8357925415,73.2760696411,64.8499984741
2014-12-19,95.8288192749,4.2868733406,16.2059211731,23.1399993896,91.0437240601,73.2600021362,65.3199996948
2014-12-22,96.0676345825,4.3163585663,16.2474231720,22.7000007629,91.1667175293,73.2600021362,68.5000000000
2014-12-23,95.7277374268,4.2881007195,16.2889194489,22.7199993134,89.3584671021,73.2600021362,68.3700027466
2014-12-24,95.8104934692,4.2930154800,16.5898036957,22.7199993134,89.8447875977,73.2760696411,68.8799972534
2014-12-26,96.4902191162,4.3538308144,16.7903804779,23.1399993896,90.1782302856,73.2600021362,68.2200012207
2014-12-29,96.4718627930,4.3519864082,16.9840545654,22.9200000763,90.8523178101,73.2600021362,68.3300018311
2014-12-30,95.8288192749,4.2902498245,16.6312999725,23.2000007629,91.0987548828,73.2600021362,66.6299972534
2014-12-31,94.8459014893,4.1999492645,16.3304271698,22.8799991608,91.2727203369,73.2760696411,61.1599998474
2015-01-02,94.5611495972,4.1824421883,16.4065055847,23.0000000000,92.2874984741,73.2600021362,62.2700004578
2015-01-05,93.1740570068,4.0549745560,16.2059211731,23.3600006104,93.7372512817,73.2760696411,57.9599990845
2015-01-06,91.9247360229,3.9480862617,16.2162971497,23.5799999237,95.4261474609,73.2600021362,56.4799995422
2015-01-07,93.1097640991,4.0466814041,16.3753814697,23.4599990845,95.2376708984,73.2600021362,58.3199996948
2015-01-08,94.8918762207,4.2014851570,16.4895095825,23.3799991608,93.9764251709,73.2600021362,61.9399986267
2015-01-09,94.2672119141,4.1474275589,16.3857593536,23.6399993896,95.0056838989,73.2600021362,59.6599998474
2015-01-12,93.2843093872,4.0620398521,16.3477172852,23.8799991608,95.5493469238,73.2600021362,56.7599983215
2015-01-13,93.2567214966,4.0558962822,16.3926734924,23.8199996948,95.5493469238,73.2600021362,55.1199989319
2015-01-14,92.7423248291,4.0156598091,16.5344657898,23.7600002289,96.2741851807,73.2600021362,54.0999984741
2015-01-15,91.5389328003,3.9096937180,16.6658802032,24.3600006104,97.7891311646,73.2600021362,52.4799995422
2015-01-16,92.6137313843,4.0018367767,16.8145923615,24.7000007629,96.5423736572,73.2600021362,53.4199981689
2015-01-20,93.3486099243,4.0635757446,16.8560981750,25.0400009155,97.8253631592,73.2600021362,53.9199981689
2015-01-21,93.8263015747,4.1047329903,17.0186405182,25.0400009155,96.6946029663,73.2760696411,56.4900016785
2015-01-22,95.5624237061,4.2564635277,16.9460144043,25.2399997711,96.3466720581,73.2600021362,60.1699981689
2015-01-23,95.7737045288,4.2748923302,16.9944305420,25.0400009155,97.6876602173,73.2760696411,58.5999984741
2015-01-26,95.6634750366,4.2662930489,16.9840545654,24.7800006866,97.3904495239,73.2760696411,61.2299995422
2015-01-27,93.1832504272,4.0476021767,17.0082683563,25.0599994659,97.5426635742,73.2760696411,58.2999992371
2015-01-28,92.7055587769,4.0033740997,16.8630065918,24.8799991608,99.1373062134,73.2600021362,53.2599983215
2015-01-29,93.5966339111,4.0767817497,17.0878028870,24.3199996948,98.4849777222,73.2600021362,54.5200004578
2015-01-30,92.8709335327,4.0171957016,16.7108421326,24.8600006104,100.2318115234,73.2600021362,48.8499984741
2015-02-02,93.6792831421,4.0853838921,16.7834663391,24.6800003052,99.8534317017,73.2600021362,51.8699989319
2015-02-03,94.5795211792,4.1637048721,16.8457241058,24.3999996185,97.7398529053,73.2760696411,54.3800010681
2015-02-04,94.4968261719,4.1541829109,16.6416759491,24.5000000000,97.9069137573,73.2600021362,52.8100013733
2015-02-05,95.3143920898,4.2269783020,16.7938442230,24.5599994659,96.8319473267,73.2600021362,54.6199989319
2015-02-06,94.7356872559,4.1756839752,16.1021690369,23.9200000763,95.1178970337,73.2600021362,52.3199996948
2015-02-09,94.4325180054,4.1486549377,15.9603815079,24.0000000000,94.9653396606,73.2440261841,52.0600013733
2015-02-10,95.9023208618,4.2782711983,16.2889194489,23.8799991608,94.2099456787,73.2600021362,54.0099983215
2015-02-11,96.2513732910,4.3102159500,15.9361677170,23.6000003815,94.3842697144,73.2440261841,53.6300010681
2015-02-12,97.3720703125,4.4085040092,15.8635387421,23.6599998474,94.0719680786,73.2440261841,57.0099983215
2015-02-13,98.2080078125,4.4837527275,15.6214590073,23.7800006866,93.1059951782,73.2600021362,57.7400016785
2015-02-17,98.2998504639,4.4926624298,15.6076231003,23.3999996185,91.7042007446,73.2600021362,57.5600013733
2015-02-18,98.4376831055,4.5058679581,15.9776659012,23.4599990845,92.2489395142,73.2600021362,57.9500007629
2015-02-19,98.9245071411,4.5497922897,15.7978343964,23.3799991608,91.6388626099,73.2600021362,59.3899993896
2015-02-20,99.5859146118,4.6103000641,15.8012933731,23.2199993134,91.9075393677,73.2440261841,61.4199981689
2015-02-23,99.6869506836,4.6210494041,15.9084987640,23.2600002289,92.9607009888,73.2600021362,61.1199989319
2015-02-24,99.7604522705,4.6268858910,16.0260868073,23.2399997711,94.1809463501,73.2440261841,63.7200012207
2015-02-25,99.5124282837,4.6029281616,15.7632513046,23.3199996948,94.5876770020,73.2600021362,63.2200012207
2015-02-26,100.0176544189,4.6496152878,15.6595001221,23.3799991608,93.2948455811,73.2440261841,63.9300003052
2015-02-27,99.5767211914,4.6090707779,15.6422109604,23.4200000763,94.0792770386,73.2600021362,64.3300018311
2015-03-02,100.4769668579,4.6919994354,15.3413305283,23.2999992371,92.3268966675,73.2440261841,66.4599990845
2015-03-03,100.0084915161,4.6459293365,15.4347047806,23.2800006866,91.9920959473,73.2600021362,64.9800033569
2015-03-04,99.6226577759,4.6124501228,15.3482494354,23.2000007629,92.0212097168,73.2600021362,65.1399993896
2015-03-05,99.7971878052,4.6265778542,15.4692878723,23.2000007629,91.9047927856,73.2600021362,65.9300003052
2015-03-06,98.6673126221,4.5196905136,15.0058660507,22.5599994659,89.8744277954,73.2440261841,62.9799995422
2015-03-09,98.9520797729,4.5448770523,15.0335388184,22.5599994659,90.7040557861,73.2600021362,63.8800010681
2015-03-10,97.1148910522,4.3817811012,15.0058660507,22.4400005341,91.8975143433,73.2600021362,61.7999992371
2015-03-11,96.5545272827,4.3286442757,14.9090318680,22.3199996948,92.5670471191,73.2600021362,60.2599983215
2015-03-12,97.1883621216,4.3873085976,15.1926212311,22.2999992371,92.5015258789,73.2440261841,63.8400001526
2015-03-13,96.7657928467,4.3467659950,15.0369911194,22.3400001526,92.2177352905,73.2600021362,62.3800010681
2015-03-16,98.0151062012,4.4613323212,15.2963724136,22.3400001526,93.1055908203,73.2600021362,63.8600006104
2015-03-17,98.1712799072,4.4723887444,15.2721595764,22.2000007629,93.8769226074,73.2600021362,64.1699981689
2015-03-18,99.1358108521,4.5617704391,15.6837091446,22.6399993896,95.6889801025,73.2600021362,66.9899978638
2015-03-19,99.2827758789,4.5740561485,15.5384626389,22.6200008392,95.2014160156,73.2600021362,66.8600006104
2015-03-20,99.9254150391,4.6370215416,15.6782283783,22.8799991608,95.7035064697,73.2600021362,67.9800033569
2015-03-23,99.7320785522,4.6139831543,15.6886854172,23.0200004578,95.5870666504,73.2440261841,69.1999969482
2015-03-24,99.3729934692,4.5811204910,15.5144052505,23.1000003815,96.5112457275,73.2600021362,69.4800033569
2015-03-25,97.0988311768,4.3708887100,15.3331518173,23.1200008392,95.6962585449,73.2440261841,66.3600006104
2015-03-26,96.7673797607,4.3416943550,15.2041883469,23.2999992371,94.2044372559,73.2440261841,66.9000015259
2015-03-27,97.1540832520,4.3770356178,15.2948122025,23.2000007629,95.3760910034,73.2440261841,67.7300033569
2015-03-30,98.2681427002,4.4836716652,15.4830369949,22.9200000763,94.9030456543,73.2279815674,69.7399978638
2015-03-31,97.2277221680,4.3807229996,15.4865150452,22.8999996185,95.1067962646,73.2600021362,68.0400009155
2015-04-01,96.7213516235,4.3355484009,15.5004653931,23.2999992371,96.3560256958,73.2279815674,68.0199966431
2015-04-02,96.7857971191,4.3398504257,15.5283498764,23.2399997711,95.3350524902,73.2440261841,69.4400024414
2015-04-06,97.5776062012,4.4111471176,15.7444515228,23.5200004578,94.8027038574,73.2440261841,70.9899978638
2015-04-07,97.4118652344,4.3957805634,15.5632076263,23.3999996185,95.5975799561,73.2600021362,71.1200027466
2015-04-08,98.1852951050,4.4655408859,15.5178909302,23.2800006866,95.6267395020,73.2600021362,72.4400024414
2015-04-09,98.8021926880,4.5214719772,15.4516687393,23.1200008392,94.3870391846,73.2440261841,74.8600006104
2015-04-10,99.2072830200,4.5577335358,15.5666866302,23.3600006104,94.5255661011,73.2440261841,78.3399963379
2015-04-13,98.9586715698,4.5343790054,15.4133272171,23.2199993134,94.6568679810,73.2279815674,75.9100036621
2015-04-14,98.6732788086,4.5091795921,15.4900035858,23.0599994659,95.3277740479,73.2440261841,76.7500000000
2015-04-15,99.2901458740,4.5620369911,15.5283498764,23.2600002289,95.2474975586,73.2279815674,78.4499969482
2015-04-16,99.1520233154,4.5509729385,15.4272632599,23.2000007629,94.7735519409,73.2440261841,80.0100021362
2015-04-17,97.6052398682,4.4108400345,15.3714923859,23.2800006866,95.8601150513,73.2279815674,77.1900024414
2015-04-20,99.0691528320,4.5420608521,15.6015453339,23.1200008392,95.0141906738,73.2279815674,79.8799972534
2015-04-21,99.4926910400,4.5795540810,15.4621191025,23.2600002289,94.5839462280,73.2440261841,79.8099975586
2015-04-22,100.0359344482,4.6290316582,15.4934921265,22.9599990845,93.1400070190,73.2279815674,80.7399978638
2015-04-23,100.4134216309,4.6662135124,15.5806369781,23.1200008392,93.5411224365,73.2279815674,81.5100021362
2015-04-24,101.7760620117,4.7897539139,15.7374858856,22.7999992371,94.1244812012,73.2279815674,82.3099975586
2015-04-27,101.5182800293,4.7679338455,15.5492639542,23.2600002289,94.1244812012,73.2440261841,79.9199981689
2015-04-28,101.3157196045,4.7455005646,15.6608018875,23.4599990845,92.8264312744,73.2440261841,82.6699981689
2015-04-29,100.6804275513,4.6886482239,15.5945739746,23.2800006866,91.6887969971,73.2440261841,80.4000015259
2015-04-30,99.0968093872,4.5377597809,15.4133272171,22.8799991608,91.8491973877,73.2440261841,78.1800003052
2015-05-01,100.4042358398,4.6612968445,15.5004653931,22.7800006866,90.6128005981,73.2279815674,81.9599990845
2015-05-04,100.5699386597,4.6738977432,15.6154880524,22.9799995422,89.7578277588,73.2440261841,81.8700027466
2015-05-05,98.9310760498,4.5254650116,15.2669286728,23.0599994659,89.6335906982,73.2440261841,79.0500030518
2015-05-06,98.2497482300,4.4649267197,15.1832742691,23.0599994659,88.0990447998,73.2440261841,77.7300033569
2015-05-07,98.8389892578,4.5134811401,15.2390413284,22.8799991608,89.2828445435,73.2279815674,78.3399963379
2015-05-08,100.0727767944,4.6244206429,15.3470973969,23.0000000000,89.5240097046,73.2440261841,82.4499969482
2015-05-11,99.6860580444,4.5869288445,15.2425308228,22.8799991608,87.3463516235,73.2279815674,80.1999969482
2015-05-12,99.2348785400,4.5485143661,15.2251024246,23.0799999237,87.5729141235,73.2440261841,80.5500030518
2015-05-13,99.4374771118,4.5660314560,15.0752172470,23.4799995422,86.8713989258,73.2440261841,81.9700012207
2015-05-14,100.8921890259,4.6981759071,15.2495069504,23.6200008392,87.1052169800,73.2279815674,83.6399993896
2015-05-15,100.8921890259,4.7003259659,15.4481840134,23.6800003052,88.8516998291,73.2279815674,84.3000030518
2015-05-18,101.3341140747,4.7405848503,15.5074367523,23.6800003052,87.3609619141,73.2279815674,87.1500015259
2015-05-19,101.2236480713,4.7279844284,15.5422878265,23.3600006104,86.5863647461,73.2279815674,88.2900009155
2015-05-20,101.2880706787,4.7332081795,15.5666866302,23.3999996185,86.7325134277,73.2279815674,88.0500030518
2015-05-21,101.8129043579,4.7842221260,15.5597162247,23.3199996948,87.9455642700,73.2440261841,90.5000000000
2015-05-22,101.7116241455,4.7780756950,15.5353212357,23.2999992371,87.9821166992,73.2440261841,90.3199996948
2015-05-26,100.5423202515,4.6637563705,15.4377222061,22.9599990845,89.4874572754,73.2440261841,86.8099975586
2015-05-27,102.1627883911,4.8137249947,15.5004653931,22.9599990845,89.6920471191,73.2440261841,90.0500030518
2015-05-28,101.9325866699,4.7928266525,15.5353212357,22.9799995422,89.4728393555,73.2279815674,89.1900024414
2015-05-29,101.3249359131,4.7387394905,15.5109224319,23.0200004578,89.6701583862,73.2279815674,88.5000000000
2015-06-01,101.6655883789,4.7651681900,15.5318336487,23.0000000000,88.7064056396,73.2279815674,89.4000015259
2015-06-02,101.3433380127,4.7362818718,15.3261880875,23.0799999237,87.4688186646,73.2440261841,88.0400009155
2015-06-03,101.6471786499,4.7639389038,15.0996208191,22.9200000763,86.0626983643,73.2440261841,89.5000000000
2015-06-04,100.8737792969,4.6951031685,15.0787019730,22.7600002289,87.1831665039,73.2279815674,86.4300003052
2015-06-05,100.6343841553,4.6705155373,14.8904829025,22.6399993896,86.1212768555,73.2279815674,87.8199996948
2015-06-08,99.6123886108,4.5764803886,14.8033409119,22.7000007629,86.0261001587,73.2119522095,85.9899978638
2015-06-09,99.4466857910,4.5617294312,14.7684869766,22.7399997711,85.3450164795,73.2119522095,87.0299987793
2015-06-10,100.8093185425,4.6797366142,14.8416881561,22.9400005341,84.5980529785,73.2279815674,90.7699966431
2015-06-11,100.9566345215,4.6963305473,14.9601917267,22.8600006104,86.3776092529,73.2440261841,92.6699981689
2015-06-12,100.1280059814,4.6195030212,14.8277416229,22.8199996948,86.3776092529,73.2279815674,91.5500030518
2015-06-15,99.6308288574,4.5758647919,14.8033409119,22.9200000763,86.5167694092,73.2440261841,87.5199966431
2015-06-16,100.1740188599,4.6219606400,14.8730554581,22.8400001526,87.1977920532,73.2119522095,89.1100006104
2015-06-17,100.4502487183,4.6477756500,14.9985332489,22.9400005341,86.5240707397,73.2440261841,89.3300018311
2015-06-18,101.9141921997,4.7799191475,15.1972150803,23.2399997711,86.0992965698,73.2119522095,91.9199981689
2015-06-19,101.4103317261,4.7344374657,15.0505428314,23.2000007629,87.2051239014,73.2119522095,90.8899993896
2015-06-22,102.1578292847,4.8045043945,15.0294446945,22.8999996185,85.4256210327,73.2279815674,94.8899993896
2015-06-23,102.2408599854,4.8131098747,14.8254404068,22.7800006866,84.9129486084,73.2119522095,97.4000015259
2015-06-24,101.7148742676,4.7657828331,14.7093667984,22.7000007629,85.6452484131,73.2119522095,95.4499969482
2015-06-25,101.5118408203,4.7430415154,14.6108865738,22.6599998474,85.3450164795,73.2279815674,94.5999984741
2015-06-26,100.8381500244,4.6852679253,14.6988182068,22.7000007629,84.3856887817,73.2119522095,95.1299972534
2015-06-29,98.4572753906,4.4658484459,14.6214342117,22.7800006866,86.6192626953,73.2279815674,79.4400024414
2015-06-30,98.8079147339,4.4959640503,14.5827465057,22.6800003052,86.0187759399,73.2279815674,79.0599975586
2015-07-01,99.5923385620,4.5641860962,14.6706762314,22.6000003815,84.8576812744,73.2279815674,84.7399978638
2015-07-02,99.6200256348,4.5678758621,14.8535776138,22.5400009155,85.1365966797,73.2279815674,79.4700012207
2015-07-06,99.3893051147,4.5463633537,14.9133710861,22.6000003815,86.7145233154,73.2279815674,77.4599990845
2015-07-07,99.6385040283,4.5641860962,15.2826862335,22.3600006104,87.5292510986,73.2119522095,81.5100021362
2015-07-08,97.9035491943,4.4074587822,15.2017869949,22.4200000763,88.2851333618,73.2119522095,73.3399963379
2015-07-09,97.8482055664,4.4013109207,15.0329570770,22.4599990845,86.5457458496,73.2119522095,72.6800003052
2015-07-10,99.3431854248,4.5389881134,15.1138591766,22.4799995422,85.1732406616,73.2119522095,78.0800018311
2015-07-13,101.0873489380,4.6932568550,15.1208868027,22.3999996185,84.9090805054,73.2119522095,85.6800003052
2015-07-14,101.7517547607,4.7559485435,15.0997829437,22.3400001526,85.1879577637,73.2279815674,86.3099975586
2015-07-15,101.8625106812,4.7670135498,15.1736526489,22.2000007629,86.0906906128,73.2119522095,86.4700012207
2015-07-16,103.3021316528,4.8997716904,15.3987579346,22.1200008392,86.6852111816,73.2119522095,92.4800033569
2015-07-17,104.8247833252,5.0423636436,15.2475099564,21.8999996185,87.1328811646,73.2279815674,93.1200027466
2015-07-20,105.1847000122,5.0810847282,15.1701383591,21.2999992371,86.7659072876,73.2119522095,93.4599990845
2015-07-21,105.1201019287,5.0712499619,15.0329570770,21.2399997711,87.2356414795,73.2279815674,94.1699981689
2015-07-22,103.9296569824,4.9612340927,15.0997829437,21.1200008392,87.7787475586,73.2119522095,94.5899963379
2015-07-23,103.5420455933,4.9194383621,14.8746805191,21.0400009155,88.8723297119,73.2119522095,93.5100021362
2015-07-24,102.5269470215,4.8260164261,14.8887453079,21.2399997711,89.0924758911,73.2279815674,90.2200012207
2015-07-27,101.6779556274,4.7430415154,15.0786857605,21.1599998474,89.5695724487,73.2119522095,85.5400009155
2015-07-28,102.5546264648,4.8247876167,15.1490287781,21.1599998474,88.9163360596,73.2119522095,91.8600006104
2015-07-29,102.9422302246,4.8647370338,15.2053060532,21.2000007629,88.5861129761,73.2279815674,93.2200012207
2015-07-30,103.4313049316,4.9083762169,15.3178596497,21.0200004578,89.2686538696,73.2279815674,93.9400024414
2015-07-31,103.3113479614,4.8966975212,15.4726219177,21.1599998474,89.9291458130,73.2279815674,94.0199966431
2015-08-03,102.9883499146,4.8696551323,15.5535259247,20.9799995422,90.8758239746,73.2279815674,95.5299987793
2015-08-04,102.7945938110,4.8469123840,15.3037929535,21.0400009155,90.1549835205,73.2119522095,94.9700012207
2015-08-05,103.5882186890,4.9206676483,15.3424797058,20.9599990845,89.4783096313,73.2119522095,95.8399963379
2015-08-06,101.9270935059,4.7670135498,15.4233798981,21.0400009155,90.2726821899,73.2119522095,92.3300018311
2015-08-07,101.7979202271,4.7510328293,15.6133155823,21.1200008392,91.4569168091,73.2119522095,93.2799987793
2015-08-10,102.9607086182,4.8585929871,15.5500020981,21.3199996948,90.3241729736,73.2279815674,96.7600021362
2015-08-11,101.6410293579,4.7368969917,15.6273775101,21.4400005341,91.7584457397,73.2119522095,92.3099975586
2015-08-12,101.9916992188,4.7651681900,15.9052467346,21.7199993134,91.2583084106,73.2119522095,92.4400024414
2015-08-13,101.8255844116,4.7479591370,15.9087677002,21.5400009155,90.9640350342,73.2119522095,93.4400024414
2015-08-14,101.9824676514,4.7633247375,16.0283546448,21.5599994659,91.1774063110,73.1959381104,93.6600036621
2015-08-17,102.8314895630,4.8426122665,16.1057395935,21.5799999237,91.5893020630,73.1959381104,94.7900009155
2015-08-18,102.3054733276,4.7958984375,16.0670433044,21.6000003815,90.8684616089,73.2119522095,93.6699981689
2015-08-19,101.6318054199,4.7313656807,16.1338729858,21.8799991608,91.7658386230,73.2279815674,91.8399963379
2015-08-20,98.8171463013,4.4719939232,16.0389041901,22.2800006866,92.6926269531,73.2119522095,84.0999984741
2015-08-21,94.4982833862,4.0884690285,15.8454456329,22.3999996185,92.9721374512,73.2119522095,70.3899993896
2015-08-24,90.8623046875,3.7805433273,15.2510337830,22.2800006866,92.9426956177,73.2119522095,57.1399993896
2015-08-25,90.5208435059,3.7362904549,14.7832298279,22.0400009155,91.4495468140,73.2119522095,51.1599998474
2015-08-26,95.0796813965,4.1105961800,15.0470190048,21.7399997711,89.6842651367,73.2279815674,56.0200004578
2015-08-27,97.4882888794,4.3171091080,15.2228965759,21.7000007629,89.7357406616,73.2119522095,54.7999992371
2015-08-28,97.4698181152,4.3220257759,15.1771678925,21.8999996185,90.0005340576,73.2279815674,52.1199989319
2015-08-31,96.2609024048,4.2107796669,14.9344701767,21.9599990845,89.3091583252,73.2279815674,50.0600013733
2015-09-01,93.2524795532,3.9563255310,14.5299825668,22.0400009155,89.9526367188,73.2279815674,42.8800010681
2015-09-02,95.8825302124,4.1708292961,14.5405340195,21.8999996185,89.1786727905,73.2119522095,47.8899993896
2015-09-03,95.4119033813,4.1253471375,14.6073627472,21.7600002289,89.6135711670,73.2279815674,47.9199981689
2015-09-04,94.2768020630,4.0288519859,14.4068784714,21.6599998474,90.4317855835,73.2119522095,44.4000015259
2015-09-08,96.9345626831,4.2550315857,14.7128820419,21.6800003052,89.0975418091,73.2119522095,48.2299995422
2015-09-09,95.8456420898,4.1616096497,14.5299825668,21.3999996185,89.5250854492,73.2119522095,47.0800018311
2015-09-10,96.8884277344,4.2482709885,14.5053606033,21.4400005341,88.9206542969,73.1959381104,48.2799987793
2015-09-11,97.4236831665,4.2962121964,14.6143951416,21.4200000763,89.4808654785,73.2119522095,49.3800010681
2015-09-14,97.1283798218,4.2697834969,14.6495752335,21.4400005341,89.6209335327,73.2119522095,49.2700004578
2015-09-15,98.2726669312,4.3687376976,14.7269515991,21.3400001526,87.9033889771,73.1959381104,54.2700004578
2015-09-16,98.8263931274,4.4197506905,14.8746805191,21.6200008392,87.5717086792,73.1959381104,57.5299987793
2015-09-17,98.8632812500,4.4240527153,15.0786857605,21.8799991608,88.6405715942,73.1959381104,57.5000000000
2015-09-18,97.4571762085,4.3011293411,14.9938287735,22.0200004578,90.0042495728,73.1959381104,50.6399993896
2015-09-21,97.7624664307,4.3263287544,15.0541887283,21.8799991608,88.5373687744,73.2119522095,54.2900009155
2015-09-22,96.3008346558,4.1978726387,14.8660058975,21.7600002289,89.7683639526,73.2119522095,50.6500015259
2015-09-23,96.3748321533,4.2003302574,14.9050617218,21.8199996948,89.7609863281,73.1959381104,51.6399993896
2015-09-24,96.0233154297,4.1745171547,15.0257787704,22.2600002289,90.3728103638,73.1959381104,50.3800010681
2015-09-25,95.2092208862,4.1007628441,15.1713514328,22.1599998474,89.5914230347,73.1959381104,49.0900001526
2015-09-28,92.4987182617,3.8672056198,15.0967941284,21.8799991608,91.1247100830,73.2119522095,45.5600013733
2015-09-29,92.0177154541,3.8290982246,15.1003408432,21.7999992371,91.3826675415,73.2119522095,45.4900016785
2015-09-30,94.1361236572,3.9981193542,15.3701829910,21.5599994659,91.0657043457,73.1959381104,47.6399993896
2015-10-01,94.5616683960,4.0349974632,15.1891021729,21.5200004578,91.4542922974,73.2119522095,48.2299995422
2015-10-02,96.2175674438,4.1763596535,15.3914785385,22.0000000000,92.0082321167,73.2119522095,50.7500000000
2015-10-05,97.5959320068,4.2999005318,15.5903100967,21.9200000763,90.7599258423,73.1959381104,53.6500015259
2015-10-06,97.1333923340,4.2593336105,15.4837942123,22.1599998474,91.1513748169,73.1959381104,53.0000000000
2015-10-07,97.7161865234,4.3072757721,15.4305372238,22.1200008392,90.8485488892,73.1959381104,54.2000007629
2015-10-08,98.1047210693,4.3416943550,15.6222648621,22.0200004578,90.0877304077,73.1959381104,56.8800010681
2015-10-09,98.5487823486,4.3779563904,15.5477056503,22.3600006104,90.3240585327,73.1959381104,56.8800010681
2015-10-12,98.7892990112,4.4031567574,15.6861772537,22.4599990845,91.0110626221,73.1959381104,60.4099998474
2015-10-13,98.1509628296,4.3423094749,15.6506729126,22.5599994659,91.1661605835,73.1959381104,57.0099983215
2015-10-14,97.9937286377,4.3324756622,15.6471223831,22.9599990845,91.9639434814,73.1959381104,55.6800003052
2015-10-15,99.6033706665,4.4744515419,15.8779039383,22.8600006104,91.5133743286,73.1959381104,59.7000007629
2015-10-16,100.0196456909,4.5137882233,15.8992080688,22.7000007629,91.5429153442,73.1959381104,60.1599998474
2015-10-19,100.5931777954,4.5648016930,15.9098596573,22.5799999237,91.2917709351,73.1959381104,64.5000000000
2015-10-20,100.0751724243,4.5174741745,15.9631166458,22.7600002289,90.7304306030,73.1799163818,61.9700012207
2015-10-21,99.4645767212,4.4603157043,15.9311571121,22.5400009155,91.6315460205,73.1959381104,57.7599983215
2015-10-22,101.4905166626,4.6428594589,16.1157913208,22.5400009155,91.7866668701,73.1959381104,62.5499992371
2015-10-23,104.3305206299,4.9022297859,15.8317432404,22.5000000000,91.0036926270,73.1959381104,61.7200012207
2015-10-26,104.3952865601,4.9096035957,15.7749357224,22.4799995422,91.6093597412,73.1799163818,59.7500000000
2015-10-27,104.6080551147,4.9261999130,15.7181291580,22.5400009155,91.8383789062,73.1799163818,60.9199981689
2015-10-28,105.4776306152,5.0091738701,15.5512561798,22.3600006104,91.4690246582,73.1799163818,62.7200012207
2015-10-29,105.3111038208,4.9938077927,15.4624929428,22.1200008392,90.0138397217,73.1799163818,61.8600006104
2015-10-30,104.8393478394,4.9501705170,15.5335102081,22.0400009155,90.6934127808,73.1799163818,60.8499984741
2015-11-02,106.0234069824,5.0632615089,15.5512561798,21.8999996185,90.2766494751,73.1799163818,63.9799995422
2015-11-03,106.3934478760,5.0970659256,15.5974140167,21.5599994659,89.5363922119,73.1959381104,62.7400016785
2015-11-04,106.4026870728,5.0982933044,15.6790761948,21.3600006104,89.6400527954,73.1799163818,60.6899986267
2015-11-05,106.1159286499,5.0638747215,15.5441551208,21.2999992371,89.4031295776,73.1799163818,61.9000015259
2015-11-06,106.1899185181,5.0761666298,15.0009298325,21.0000000000,88.0928955078,73.1799163818,63.1899986267
2015-11-09,105.0613250732,4.9686083794,15.0399837494,21.0599994659,87.5969009399,73.1959381104,59.7400016785
2015-11-10,104.7930755615,4.9384918213,15.1749029160,21.0000000000,87.8559646606,73.1799163818,61.4000015259
2015-11-11,104.6635589600,4.9286589622,15.3062744141,20.9599990845,87.6709136963,73.1959381104,59.9799995422
2015-11-12,103.6459503174,4.8315486908,15.1606998444,20.9400005341,88.0928955078,73.1959381104,54.7400016785
2015-11-13,101.6107711792,4.6434736252,15.1038904190,20.8999996185,88.5962677002,73.1799163818,50.9599990845
2015-11-16,103.0724258423,4.7756171227,15.3595275879,20.9200000763,88.5148239136,73.1959381104,56.1599998474
2015-11-17,103.1371765137,4.7817630768,15.0825901031,20.6599998474,88.6628570557,73.1799163818,53.0000000000
2015-11-18,105.1168365479,4.9624614716,15.1784524918,20.6399993896,88.8479003906,73.1799163818,56.7200012207
2015-11-19,105.1908264160,4.9710659981,15.3417768478,20.8999996185,89.4401397705,73.1959381104,54.8300018311
2015-11-20,105.9031600952,5.0368323326,15.4056844711,20.7999992371,89.1662216187,73.1799163818,56.6500015259
2015-11-23,105.5978927612,5.0097880363,15.2636613846,20.6200008392,89.4401397705,73.1959381104,58.1599998474
2015-11-24,105.5053787231,5.0036416054,15.2423591614,20.7800006866,89.4327239990,73.1799163818,57.8600006104
2015-11-25,105.5978927612,5.0085606575,15.1500501633,20.6599998474,89.6400527954,73.1799163818,58.6399993896
2015-11-27,105.7458953857,5.0245394707,15.1784524918,20.4400005341,89.5511856079,73.1959381104,58.0800018311
2015-11-30,105.4776306152,4.9974961281,15.2033061981,20.5599994659,89.9065246582,73.1959381104,58.4199981689
2015-12-01,106.5322341919,5.0976800919,15.3240232468,20.6200008392,91.1209793091,73.1799163818,60.9000015259
2015-12-02,105.8754119873,5.0374460220,14.9831752777,20.2999992371,91.1505737305,73.1799163818,58.5000000000
2015-12-03,104.0807647705,4.8641238213,14.8695564270,20.5200004578,88.6728439331,73.1959381104,54.2000007629
2015-12-04,106.5137252808,5.0884613991,15.0790376663,21.0000000000,89.4517822266,73.1959381104,59.4099998474
2015-12-07,106.0327072144,5.0448212624,15.1464967728,20.7000007629,90.3197097778,73.1959381104,57.7400016785
2015-12-08,106.0419158936,5.0466661453,15.1251974106,20.7399997711,90.3642425537,73.1799163818,56.0400009155
2015-12-09,104.4322967529,4.8923950195,15.1287431717,20.7000007629,90.2678146362,73.1639099121,53.6699981689
2015-12-10,104.9040985107,4.9348044395,14.8802061081,20.7000007629,90.3864898682,73.1799163818,52.9900016785
2015-12-11,102.4896163940,4.7098526955,14.8376064301,20.7800006866,91.8108367920,73.1959381104,45.1399993896
2015-12-14,103.2666625977,4.7829928398,14.9121646881,20.5400009155,90.6238937378,73.1959381104,48.0200004578
2015-12-15,103.8957290649,4.8383088112,15.0293302536,20.4799995422,90.0897674561,73.1799163818,50.0600013733
2015-12-16,105.4406356812,4.9741411209,15.4092350006,20.7399997711,89.8968276978,73.1959381104,53.3800010681
2015-12-17,103.9049682617,4.8364648819,15.4411945343,20.2999992371,90.9132232666,73.1799163818,51.2000007629
2015-12-18,101.9118499756,4.6569943428,15.2492742538,20.5799999237,91.4176559448,73.1959381104,47.1800003052
2015-12-21,103.0438766479,4.7528758049,15.2385139465,20.7999992371,91.3953933716,73.1799163818,49.2299995422
2015-12-22,103.7212600708,4.8147430420,15.3676481247,20.7000007629,90.7351303101,73.1799163818,51.6500015259
2015-12-23,104.4914398193,4.8873124123,15.6044063568,20.6399993896,90.0526657104,73.1799163818,52.8100013733
2015-12-24,104.4728775024,4.8836236000,15.5936498642,20.7800006866,90.5685806274,73.1959381104,51.8400001526
2015-12-28,104.4171676636,4.8743977547,15.6223468781,20.6399993896,90.8361892700,73.1799163818,52.4000015259
2015-12-29,106.0595779419,5.0275306702,15.7084388733,20.6000003815,89.3270797729,73.1799163818,53.4000015259
2015-12-30,105.1038284302,4.9408168793,15.6940879822,20.4599990845,89.2378921509,73.1959381104,51.7099990845
2015-12-31,103.7954940796,4.8190498352,15.5254917145,20.4599990845,89.6393280029,73.1799163818,50.4500007629
2016-01-04,101.6056213379,4.6179475784,15.4932041168,20.7600002289,90.2860565186,73.1959381104,47.2599983215
2016-01-05,101.4293136597,4.5933480263,15.6044063568,20.7999992371,89.9218521118,73.1959381104,48.8600006104
2016-01-06,100.4550323486,4.5103263855,15.5757083893,21.1399993896,91.1335525513,73.1639099121,47.3899993896
2016-01-07,97.3094177246,4.2292747498,15.4716863632,21.4400005341,91.2971572876,73.1799163818,42.3400001526
2016-01-08,96.5114212036,4.1554770470,15.4645109177,21.3199996948,91.7060241699,73.1799163818,39.8699989319
2016-01-11,96.8083648682,4.1849961281,15.5470142365,21.1399993896,90.7024002075,73.1799163818,41.0400009155
2016-01-12,97.9311447144,4.2821636200,15.4860286713,21.0400009155,92.0108032227,73.1959381104,43.0099983215
2016-01-13,94.5535659790,3.9838957787,15.4788608551,21.1399993896,92.9177398682,73.1799163818,38.5999984741
2016-01-14,96.5671310425,4.1511716843,15.7120265961,20.7800006866,92.0479278564,73.1639099121,40.0299987793
2016-01-15,93.5699462891,3.8941071033,15.5721235275,21.0200004578,93.4827270508,73.1639099121,36.0299987793
2016-01-19,93.7741241455,3.9107108116,15.8052959442,21.0000000000,93.1928024292,73.1799163818,36.0099983215
2016-01-20,93.4864730835,3.8885717392,15.4501600266,21.2800006866,94.1740722656,73.1799163818,35.1100006104
2016-01-21,93.5792541504,3.8977963924,15.4358053207,21.2999992371,93.5347900391,73.1959381104,35.2500000000
2016-01-22,96.2887344360,4.1198062897,15.7120265961,21.1800003052,93.1779174805,73.1639099121,38.1899986267
2016-01-25,94.8597717285,3.9998855591,15.5793027878,21.4200000763,93.6833724976,73.1799163818,36.2099990845
2016-01-26,95.7134323120,4.0706081390,15.6869153976,21.6599998474,93.7280120850,73.1639099121,37.9300003052
2016-01-27,93.3287048340,3.8664329052,15.7227907181,21.7199993134,93.7056884766,73.1799163818,36.3800010681
2016-01-28,94.6463394165,3.9734401703,15.9738893509,21.5000000000,93.8395614624,73.1799163818,37.6199989319
2016-01-29,96.6227645874,4.1401004791,16.2931575775,21.5599994659,94.6349945068,73.1959381104,39.1199989319
2016-02-01,96.8825836182,4.1567058563,16.4474086761,21.8199996948,94.3452682495,73.1639099121,39.5600013733
2016-02-02,94.7855377197,3.9808204174,16.5191535950,21.8199996948,96.0955734253,73.1639099121,36.8600006104
2016-02-03,94.3308563232,3.9445357323,16.7236251831,22.0599994659,95.2985687256,73.1799163818,37.3400001526
2016-02-04,94.3215713501,3.9433054924,16.6518707275,22.3400001526,95.7603988647,73.1959381104,36.9300003052
2016-02-05,91.0460891724,3.6665611267,16.7056846619,22.6599998474,95.8721084595,73.1959381104,35.4700012207
2016-02-08,89.6542129517,3.5552477837,16.6482887268,23.0000000000,97.9352340698,73.1799163818,33.7599983215
2016-02-09,89.3758316040,3.5312635899,16.7056846619,22.9200000763,98.0395202637,73.1959381104,33.5099983215
2016-02-10,89.7191696167,3.5613975525,16.6877479553,23.0799999237,98.9035034180,73.1799163818,33.2500000000
2016-02-11,89.5892639160,3.5546329021,16.3936004639,24.0599994659,99.5962142944,73.1959381104,31.2299995422
2016-02-12,90.9532699585,3.6567206383,16.3433799744,23.8799991608,97.9427032471,73.1799163818,32.5800018311
2016-02-16,93.0039596558,3.8160028458,16.4474086761,23.1399993896,96.9074401855,73.1799163818,34.0699996948
2016-02-17,95.1102981567,3.9937341213,16.4151210785,23.2800006866,96.3115234375,73.1799163818,35.4000015259
2016-02-18,94.0246582031,3.9051768780,16.6841659546,23.8999996185,97.4957809448,73.1959381104,35.4799995422
2016-02-19,94.3029861450,3.9279310703,16.5729560852,23.7199993134,97.5777282715,73.1959381104,36.4300003052
2016-02-22,95.8340530396,4.0540037155,16.7666702271,23.2999992371,97.5255813599,73.1959381104,38.5000000000
2016-02-23,94.2566146851,3.9205513000,16.7810173035,23.6800003052,97.9203262329,73.1799163818,36.5699996948
2016-02-24,95.1567001343,3.9955811501,16.8599376678,23.7199993134,97.7267150879,73.1959381104,36.7799987793
2016-02-25,96.0938415527,4.0718383789,17.0321178436,23.8400001526,98.0767745972,73.1799163818,38.0600013733
2016-02-26,95.9732666016,4.0626130104,16.5621986389,23.6200008392,97.1308059692,73.1799163818,37.5000000000
2016-02-29,95.1102981567,3.9900441170,16.6088275909,23.9799995422,97.5553970337,73.1959381104,36.8800010681
2016-03-01,98.1630859375,4.2440357208,16.5263195038,23.7600002289,95.8375701904,73.1959381104,40.0900001526
2016-03-02,98.2002182007,4.2483406067,16.6124210358,23.9400005341,96.2330703735,73.1799163818,40.7599983215
2016-03-03,98.0146408081,4.2335791588,16.7128582001,24.3400001526,96.5837936401,73.1959381104,42.0600013733
2016-03-04,98.0517501831,4.2372703552,16.8993949890,24.3400001526,95.9644393921,73.1959381104,41.5499992371
2016-03-07,97.4486236572,4.1862254143,16.9926605225,24.4599990845,95.9346008301,73.1959381104,41.4099998474
2016-03-08,96.6413345337,4.1130409241,17.1612606049,24.3400001526,96.9942092896,73.1799163818,39.7900009155
2016-03-09,97.2630157471,4.1671619415,17.2401847839,24.1599998474,96.4046630859,73.1959381104,40.3400001526
2016-03-10,97.1145858765,4.1567058563,17.2545280457,24.5400009155,96.0091781616,73.1959381104,41.0400009155
2016-03-11,98.8126373291,4.2987689972,17.2724666595,24.1200008392,95.0391082764,73.1799163818,43.1500015259
2016-03-14,98.9796752930,4.3116827011,17.2939929962,23.7800006866,95.3376235962,73.1799163818,43.8300018311
2016-03-15,98.9425430298,4.3098387718,17.3262691498,23.8199996948,95.4271774292,73.1799163818,43.2099990845
2016-03-16,99.8240661621,4.3860974312,17.5917358398,24.3199996948,95.7107315063,73.1959381104,44.7799987793
2016-03-17,99.7683792114,4.3811774254,17.6885795593,24.2600002289,96.1062164307,73.1799163818,46.0900001526
2016-03-18,99.9247131348,4.3977823257,17.5758247375,24.2000007629,96.3076934814,73.1799163818,46.4500007629
2016-03-21,100.3156127930,4.4297609329,17.5577487946,24.0200004578,95.5689468384,73.1959381104,47.7500000000
2016-03-22,100.6227188110,4.4543609619,17.4999198914,24.1000003815,95.5465316772,73.1959381104,48.3699989319
2016-03-23,99.7944259644,4.3768725395,17.6300334930,23.5200004578,96.6285858154,73.1799163818,46.0499992371
2016-03-24,99.8223419189,4.3793315887,17.6770229340,23.5000000000,96.6658630371,73.1959381104,46.2900009155
2016-03-28,99.6827392578,4.3682622910,17.6119575500,23.5599994659,96.7927398682,73.1959381104,46.9399986267
2016-03-29,101.2835006714,4.5023298264,17.8721847534,23.9599990845,97.8076095581,73.1959381104,49.6599998474
2016-03-30,101.7767333984,4.5527596474,17.8288192749,23.6599998474,96.7778091431,73.1959381104,50.8800010681
2016-03-31,101.6278305054,4.5386137962,17.9336242676,23.7600002289,97.4643478394,73.1959381104,50.5299987793
2016-04-01,102.7073974609,4.6320919991,18.0022945404,23.6200008392,97.7185974121,73.1959381104,52.0000000000
2016-04-04,102.3165435791,4.5951924324,17.9263916016,23.4400005341,97.7784194946,73.1959381104,50.5600013733
2016-04-05,101.3300094604,4.5121693611,17.5902786255,23.7600002289,98.8477401733,73.2119522095,47.6399993896
2016-04-06,102.9958953857,4.6573071480,17.5685958862,23.6200008392,98.1298751831,73.2119522095,50.7999992371
2016-04-07,101.5161666870,4.5170903206,17.5613632202,23.9599990845,99.3412322998,73.1959381104,46.0800018311
2016-04-08,101.4416885376,4.5170903206,17.6553325653,23.9200000763,98.7131118774,73.2119522095,47.3199996948
2016-04-11,101.0694274902,4.4820361137,17.5794353485,24.2399997711,98.5860366821,73.1959381104,46.6100006104
2016-04-12,101.9163513184,4.5589079857,17.7023143768,24.2600002289,97.9055786133,73.1959381104,48.1399993896
2016-04-13,103.2192611694,4.6745266914,17.5938873291,24.0000000000,98.2495422363,73.2119522095,50.5699996948
2016-04-14,103.2285690308,4.6739125252,17.5722084045,23.6599998474,97.7784194946,73.2119522095,50.7400016785
2016-04-15,102.9679641724,4.6493124962,17.6697902679,23.8199996948,98.6159362793,73.1959381104,51.4099998474
2016-04-18,103.5170745850,4.6985111237,17.7384567261,23.7399997711,98.1896896362,73.2119522095,54.6300010681
2016-04-19,102.8842086792,4.6407022476,17.7673702240,24.1200008392,97.8831176758,73.2119522095,54.1500015259
2016-04-20,102.9679641724,4.6462378502,17.3228321075,24.0000000000,96.8063278198,73.2119522095,53.8600006104
2016-04-21,102.9772644043,4.6486968994,16.9614105225,24.1000003815,96.2305526733,73.1959381104,52.8600006104
2016-04-22,101.4230804443,4.5103263855,17.1132011414,23.8199996948,95.9838027954,73.2119522095,54.1800003052
2016-04-25,101.4230804443,4.5097112656,17.1457290649,23.8600006104,95.5874481201,73.1959381104,53.4399986267
2016-04-26,100.9298477173,4.4685058594,17.1710300446,23.9799995422,95.1537017822,73.2119522095,54.6399993896
2016-04-27,100.1201782227,4.3916320801,17.4204139709,24.0400009155,96.1034011841,73.2119522095,56.2200012207
2016-04-28,98.9103088379,4.2895441055,17.3951129913,24.4599990845,96.4997482300,73.2119522095,52.8899993896
2016-04-29,98.3891525269,4.2409596443,17.4999198914,24.9599990845,96.7464675903,73.2279815674,51.1300010681
2016-05-02,99.3198013306,4.3196783066,17.6408786774,24.8999996185,95.7723922729,73.2119522095,54.2999992371
2016-05-03,98.3984680176,4.2415747643,17.6264286041,24.8400001526,96.9787521362,73.2279815674,51.8100013733
2016-05-04,97.7655944824,4.1862254143,17.8324279785,24.7199993134,97.5107727051,73.2119522095,51.1500015259
2016-05-05,97.7376861572,4.1856117249,17.7637615204,24.6800003052,98.1626129150,73.2119522095,51.2400016785
2016-05-06,98.2588577271,4.2286605835,17.6481075287,24.8799991608,97.7430267334,73.2279815674,53.5600013733
2016-05-09,98.5380172729,4.2508006096,17.7493019104,24.3400001526,98.0502090454,73.2279815674,54.7599983215
2016-05-10,99.8875122070,4.3676486015,17.7673702240,24.4400005341,98.0577316284,73.2279815674,57.4599990845
2016-05-11,98.9847564697,4.2901587486,17.8324279785,24.6599998474,98.6121520996,73.1959381104,55.3600006104
2016-05-12,98.5473709106,4.2508006096,17.9372386932,24.4599990845,98.1626129150,73.1959381104,56.0000000000
2016-05-13,98.1843948364,4.2212805748,17.8504943848,24.5599994659,99.1141738892,73.1959381104,53.9300003052
2016-05-16,99.4128875732,4.3233685493,17.8721847534,24.6000003815,98.2600021362,73.1959381104,56.4500007629
2016-05-17,98.1658020020,4.2163605690,17.5685958862,24.6800003052,98.4248733521,73.1959381104,53.9799995422
2016-05-18,98.5194244385,4.2458796501,17.2397041321,24.2199993134,97.0236968994,73.2119522095,54.2099990845
2016-05-19,98.0075683594,4.2028307915,17.4131832123,24.1800003052,97.4433135986,73.1959381104,53.9799995422
2016-05-20,99.0871353149,4.2913889885,17.4529342651,24.1200008392,97.5182037354,73.2119522095,55.8600006104
2016-05-23,98.9568328857,4.2797040939,17.2975273132,24.1000003815,97.7355194092,73.2279815674,56.2299995422
2016-05-24,100.9391403198,4.4543609619,17.4710159302,23.6800003052,97.3009796143,73.1959381104,58.4500007629
2016-05-25,101.6650543213,4.5183205605,17.4204139709,23.6200008392,96.9337997437,73.2119522095,59.5600013733
2016-05-26,101.9628601074,4.5435333252,17.6191921234,23.5200004578,97.4358215332,73.2119522095,60.1699981689
2016-05-27,102.4933471680,4.5902738571,17.6481075287,23.3600006104,97.2934722900,73.2279815674,61.8699989319
2016-05-31,102.6887741089,4.6087226868,17.7637615204,23.4400005341,97.5257339478,73.2279815674,61.9199981689
2016-06-01,102.6980667114,4.6062636375,17.8107433319,23.3799991608,97.9214324951,73.2279815674,62.3400001526
2016-06-02,102.9121475220,4.6284036636,17.8179721832,23.3199996948,98.6271820068,73.2119522095,64.0699996948
2016-06-03,102.4281921387,4.5828938484,18.0998821259,23.9599990845,100.0311813354,73.2279815674,64.3799972534
2016-06-06,102.8004455566,4.6142587662,18.0745792389,24.0000000000,99.2878875732,73.2440261841,65.1900024414
2016-06-07,102.5398788452,4.5958085060,18.0601215363,23.9799995422,99.5281600952,73.2440261841,65.1500015259
2016-06-08,102.7167205811,4.6081080437,18.1685447693,24.3600006104,100.0612182617,73.2440261841,64.7200012207
2016-06-09,102.5491790771,4.5921187401,18.3239574432,24.5000000000,100.7069549561,73.2119522095,63.4900016785
2016-06-10,101.3858718872,4.4894146919,18.2769737244,24.6000003815,101.1950073242,73.2119522095,57.7500000000
2016-06-13,100.5389709473,4.4113111496,18.2552986145,24.7800006866,101.6454772949,73.2119522095,49.0699996948
2016-06-14,100.5389709473,4.4156169891,18.3528690338,24.7999992371,101.5703659058,73.2119522095,50.1199989319
2016-06-15,100.2504730225,4.3885564804,18.2372188568,24.9799995422,101.9608154297,73.2119522095,50.6100006104
2016-06-16,100.5482788086,4.4150018692,18.3528690338,24.7199993134,102.4563064575,73.2279815674,51.9700012207
2016-06-17,99.3697052002,4.3129138947,18.4191856384,25.0400009155,101.8181228638,73.2119522095,52.0499992371
2016-06-20,99.9949035645,4.3627285957,18.3499603271,24.8999996185,100.7295150757,73.2279815674,55.5400009155
2016-06-21,100.3121795654,4.3910169601,18.3754673004,24.4200000763,100.2639312744,73.2279815674,55.1800003052
2016-06-22,100.0695800781,4.3694810867,18.2880115509,24.3999996185,100.4291534424,73.2279815674,53.3600006104
2016-06-23,101.4972686768,4.4925475121,18.3390235901,24.2399997711,99.2803802490,73.2279815674,58.4599990845
2016-06-24,97.3167953491,4.1276540756,18.3681697845,25.4400005341,101.9457778931,73.2119522095,43.0000000000
2016-06-27,95.3852310181,3.9682836533,18.5940895081,25.6000003815,104.4909896851,73.2119522095,41.8899993896
2016-06-28,97.4754333496,4.1350374222,18.6633205414,25.3199996948,104.7088165283,73.2119522095,45.4300003052
2016-06-29,99.2017440796,4.2796421051,18.7143363953,25.3999996185,103.9054718018,73.2119522095,47.6899986267
2016-06-30,100.3495178223,4.3787112236,19.1187934875,25.5200004578,104.2883377075,73.2119522095,49.0600013733
2016-07-01,100.8534011841,4.4223995209,19.1224288940,25.9400005341,105.7363357544,73.2440261841,50.6100006104
2016-07-05,100.2375259399,4.3670191765,19.2645416260,26.1599998474,107.0601730347,73.2440261841,49.6300010681
2016-07-06,101.0587005615,4.4377818108,19.3046207428,26.3199996948,107.2332229614,73.2279815674,50.9900016785
2016-07-07,101.3572921753,4.4660868645,18.9475288391,26.2199993134,107.2256698608,73.2440261841,51.8100013733
2016-07-08,102.9249649048,4.6039228439,19.1442985535,26.3600006104,108.0154571533,73.2279815674,55.2099990845
2016-07-11,103.5128479004,4.6580715179,19.1297187805,26.1399993896,107.0677032471,73.2440261841,55.2000007629
2016-07-12,104.0353927612,4.7023763657,18.8673667908,25.7000007629,105.3075714111,73.2119522095,56.4799995422
2016-07-13,103.7834472656,4.6820697784,19.0167617798,25.9200000763,106.5486373901,73.2279815674,57.4099998474
2016-07-14,104.4926376343,4.7411413193,18.8928756714,25.7199993134,104.9991836548,73.2440261841,57.4500007629
2016-07-15,104.3246841431,4.7276039124,18.9475288391,25.6399993896,104.0965805054,73.2279815674,57.7299995422
2016-07-18,105.0151748657,4.7903680801,19.0021953583,25.6800003052,103.9987106323,73.2279815674,58.7200012207
2016-07-19,104.6325912476,4.7546796799,18.9693927765,25.7000007629,104.5854339600,73.2440261841,58.7700004578
2016-07-20,105.8550262451,4.8666696548,18.8600883484,25.3400001526,104.0138168335,73.2440261841,60.4700012207
2016-07-21,105.6123809814,4.8451347351,18.9730358124,25.7199993134,104.2244110107,73.2440261841,58.7299995422
2016-07-22,106.0509872437,4.8832831383,19.2244644165,25.5200004578,104.4049758911,73.2440261841,60.0699996948
2016-07-25,106.0603179932,4.8857450485,19.1916561127,25.3600006104,104.3297042847,73.2279815674,60.4399986267
2016-07-26,106.1816101074,4.8980517387,19.0240516663,25.4599990845,104.4952087402,73.2279815674,61.0299987793
2016-07-27,106.9188003540,4.9608159065,18.8054275513,25.8799991608,105.7965240479,73.2440261841,62.3800010681
2016-07-28,107.2920684814,4.9989666939,18.8783016205,25.7800006866,105.6008911133,73.2279815674,63.5200004578
2016-07-29,107.5253219604,5.0180420876,18.9912567139,26.0400009155,106.4809341431,73.2440261841,65.7200012207
2016-08-01,108.0945434570,5.0703458786,19.0021953583,26.1000003815,105.3265075684,73.2279815674,66.7900009155
2016-08-02,107.2733917236,4.9934287071,18.8783016205,26.3199996948,104.2413482666,73.2440261841,64.2799987793
2016-08-03,107.6279907227,5.0285015106,18.7653484344,26.2000007629,104.3016128540,73.2279815674,65.9300003052
2016-08-04,107.9359054565,5.0561919212,18.7544193268,26.2399997711,105.0853881836,73.2279815674,67.7300033569
2016-08-05,108.9716720581,5.1521844864,18.4847812653,25.7800006866,103.9926681519,73.2279815674,70.0500030518
2016-08-08,108.8503952026,5.1423387527,18.4774913788,25.7600002289,104.1885757446,73.2279815674,71.5999984741
2016-08-09,109.1023178101,5.1657214165,18.4738464355,25.8600006104,105.2135009766,73.2279815674,72.7600021362
2016-08-10,108.8223953247,5.1392621994,18.4774913788,25.9799995422,105.6204528809,73.2279815674,71.0199966431
2016-08-11,109.2889480591,5.1823363304,18.5212135315,25.7999992371,104.6784820557,73.2279815674,71.4000015259
2016-08-12,109.3635940552,5.1891050339,18.5467205048,25.7199993134,105.5601654053,73.2279815674,72.1100006104
2016-08-15,109.8301849365,5.2334084511,18.2625083923,25.8199996948,104.5653839111,73.2279815674,73.2399978638
2016-08-16,109.2236557007,5.1761832237,18.0475254059,25.9599990845,104.2866287231,73.2279815674,70.7399978638
2016-08-17,109.4195938110,5.1915659904,18.3171615601,25.9599990845,104.9120559692,73.2279815674,72.5400009155
2016-08-18,109.4475860596,5.1964883804,18.5430774689,26.0799999237,105.0778274536,73.2440261841,73.8199996948
2016-08-19,109.4195938110,5.1921796799,18.3171615601,25.8600006104,104.5277481079,73.2279815674,73.4400024414
2016-08-22,109.5035781860,5.1983342171,18.3645305634,25.8199996948,105.4094390869,73.2279815674,73.2099990845
2016-08-23,109.6995468140,5.2161779404,18.2843704224,25.7999992371,105.5224685669,73.2279815674,73.4100036621
2016-08-24,108.9903411865,5.1478772163,18.2770843506,25.5400009155,105.2737655640,73.2440261841,71.7399978638
2016-08-25,108.8130416870,5.1306486130,18.2880115509,25.5000000000,104.8743133545,73.2279815674,71.6699981689
2016-08-26,108.9716720581,5.1466464996,17.9090671539,25.4599990845,104.2640075684,73.2279815674,71.4499969482
2016-08-29,109.1209945679,5.1614131927,18.0548114777,25.5200004578,105.6581192017,73.2440261841,72.9199981689
2016-08-30,108.7664337158,5.1275706291,17.8653392792,25.2800006866,105.2511520386,73.2440261841,73.4800033569
2016-08-31,108.6544342041,5.1140341759,17.9382133484,25.2000007629,105.4018707275,73.2440261841,73.0100021362
2016-09-01,108.9343643188,5.1404929161,17.8471145630,25.2999992371,105.5181198120,73.2440261841,73.4199981689
2016-09-02,109.2889480591,5.1731052399,18.0839595795,25.5599994659,104.6575088501,73.2600021362,76.0999984741
2016-09-06,109.9701309204,5.2383313179,18.2807216644,26.0200004578,105.4200057983,73.2600021362,78.0899963379
2016-09-07,110.0354461670,5.2469444275,18.2843704224,25.9200000763,105.3445205688,73.2440261841,79.0800018311
2016-09-08,109.3915863037,5.1835660934,18.3463134766,25.7600002289,104.0233688354,73.2440261841,78.8000030518
2016-09-09,106.6388397217,4.9208188057,17.6576442719,25.6200008392,102.3096313477,73.2600021362,66.1699981689
2016-09-12,108.5517730713,5.0949578285,17.9710102081,25.5599994659,102.3624725342,73.2279815674,70.6999969482
2016-09-13,107.5813293457,5.0075812340,17.7232322693,25.3999996185,101.1998138428,73.2440261841,61.4300003052
2016-09-14,108.0945434570,5.0580377579,17.7924671173,25.4799995422,101.3508377075,73.2440261841,62.0400009155
2016-09-15,109.7741928101,5.2143321037,17.9272823334,25.3400001526,100.9129638672,73.2440261841,64.2799987793
2016-09-16,109.7218017578,5.2075634003,18.1022014618,25.2800006866,101.7283477783,73.2440261841,65.0899963379
2016-09-19,109.2446899414,5.1607999802,18.2822704315,25.2999992371,101.3961639404,73.2440261841,66.7399978638
2016-09-20,109.4505157471,5.1798744202,18.2491989136,25.3400001526,101.7509918213,73.2440261841,67.2300033569
2016-09-21,110.5263061523,5.2801737785,18.6203498840,25.7000007629,102.5739059448,73.2440261841,72.2300033569
2016-09-22,111.4056625366,5.3663196564,18.7342758179,25.7800006866,103.3892288208,73.2600021362,74.7799987793
2016-09-23,110.6947021484,5.2961721420,18.7195777893,25.7999992371,103.2910766602,73.2600021362,74.1299972534
2016-09-26,109.7685699463,5.2087945938,18.6717987061,25.7600002289,103.9478683472,73.2600021362,70.1800003052
2016-09-27,110.8537445068,5.3097105026,18.4292659760,25.6000003815,104.7103195190,73.2440261841,73.9199981689
2016-09-28,111.0408248901,5.3300156593,18.4035453796,25.5200004578,104.4838562012,73.2440261841,74.7200012207
2016-09-29,110.2363128662,5.2494077682,18.1279335022,25.4599990845,104.7481307983,73.2440261841,70.0199966431
2016-09-30,111.0595245361,5.3250932693,18.0029754639,25.3799991608,103.8120269775,73.2600021362,73.2099990845
2016-10-03,110.9004745483,5.3121709824,17.7494182587,25.3199996948,103.4693450928,73.2440261841,73.5199966431
2016-10-04,110.7321319580,5.2980179787,17.3782653809,24.4799995422,102.2592697144,73.2600021362,73.7200012207
2016-10-05,111.1250076294,5.3330926895,17.3415145874,24.4400005341,101.7828445435,73.2600021362,74.3799972534
2016-10-06,111.0689010620,5.3294005394,17.3378372192,24.1800003052,101.2155914307,73.2600021362,74.9599990845
2016-10-07,110.8256607056,5.3054037094,17.3157939911,24.2000007629,101.2836837769,73.2600021362,74.8600006104
2016-10-10,111.5272979736,5.3687829971,17.4591083527,24.2800006866,100.6861801147,73.2600021362,76.4400024414
2016-10-11,109.9369735718,5.2143321037,17.2606639862,24.1800003052,100.4592895508,73.2440261841,72.1800003052
2016-10-12,109.8434295654,5.2106404305,17.4297142029,24.2000007629,100.5576171875,73.2600021362,72.1100006104
2016-10-13,109.4505157471,5.1731052399,17.6465263367,24.2600002289,100.9357376099,73.2440261841,69.9199981689
2016-10-14,109.5814895630,5.1811051369,17.5473079681,24.1200008392,99.5214538574,73.2440261841,70.7099990845
2016-10-17,109.2821426392,5.1546454430,17.6428489685,24.1800003052,100.1567611694,73.2440261841,71.0100021362
2016-10-18,110.2550201416,5.2457160950,17.7935161591,24.3199996948,100.4819869995,73.2440261841,73.9100036621
2016-10-19,110.2456665039,5.2426381111,17.7530956268,24.4799995422,100.5652084351,73.2600021362,75.6100006104
2016-10-20,110.1147308350,5.2327938080,17.7420711517,24.3799991608,100.6710815430,73.2440261841,76.5500030518
2016-10-21,110.5263061523,5.2721743584,17.6391735077,24.4200000763,100.8222885132,73.2440261841,78.1800003052
2016-10-24,111.8546829224,5.3983178139,17.7053203583,24.3600006104,100.3836364746,73.2440261841,80.9400024414
2016-10-25,111.4992065430,5.3607821465,17.8155727386,24.5400009155,100.6483764648,73.2440261841,80.0699996948
2016-10-26,110.7414779663,5.2912502289,17.8596591949,24.4200000763,99.9676818848,73.2600021362,78.0999984741
2016-10-27,110.2363128662,5.2444839478,17.7530956268,24.4599990845,98.8786315918,73.2440261841,76.7500000000
2016-10-28,109.5440444946,5.1718754768,17.8082141876,24.5799999237,98.6593170166,73.2600021362,73.4599990845
2016-10-31,109.4411392212,5.1620287895,18.1646766663,24.6399993896,99.2643661499,73.2760696411,71.8199996948
2016-11-01,108.6179504395,5.0881900787,17.8339366913,24.7800006866,99.2719116211,73.2600021362,69.8300018311
2016-11-02,107.7479705811,5.0038890839,17.6097831726,24.9599990845,99.7038497925,73.2760696411,68.1500015259
2016-11-03,106.6908493042,4.9078979492,17.6759243011,25.1000003815,98.9385375977,73.2600021362,64.4700012207
2016-11-04,106.3166885376,4.8703613281,17.6208019257,25.1200008392,99.8250808716,73.2760696411,64.3199996948
2016-11-07,108.8424758911,5.1060342789,17.9294795990,24.6800003052,98.9764022827,73.2600021362,72.4800033569
2016-11-08,109.5534133911,5.1718754768,18.0691299438,24.5799999237,98.5748138428,73.2760696411,74.3700027466
2016-11-09,110.0585708618,5.2155628204,17.4039840698,24.5599994659,94.3920669556,73.2440261841,76.1600036621
2016-11-10,108.2811584473,5.0463466644,16.9850540161,24.2000007629,92.9978256226,73.2440261841,74.0000000000
2016-11-11,108.3279418945,5.0518846512,16.9152317047,23.6599998474,92.4749679565,73.2119522095,75.7900009155
2016-11-14,107.2334442139,4.9509701729,16.9042072296,23.4599990845,91.9218292236,73.2440261841,76.0800018311
2016-11-15,108.7208480835,5.0888051987,17.1761512756,23.6599998474,92.3764648438,73.2600021362,79.3300018311
2016-11-16,109.3663406372,5.1472606659,17.0585479736,23.5799999237,93.2099990845,73.2600021362,78.8300018311
2016-11-17,110.1614837646,5.2211017609,17.0622234344,23.4799995422,91.8384704590,73.2760696411,81.0999984741
2016-11-18,109.7498779297,5.1835660934,17.0107841492,23.2600002289,91.5732650757,73.2600021362,81.4599990845
2016-11-21,110.8911437988,5.2881727219,17.1908416748,23.3600006104,91.8005676270,73.2440261841,85.1699981689
2016-11-22,111.2279281616,5.3226318359,17.2569942474,23.3400001526,91.7702484131,73.2440261841,84.7099990845
2016-11-23,110.7789077759,5.2795586586,17.0842781067,22.8600006104,91.4141387939,73.2440261841,84.5100021362
2016-11-25,111.1343612671,5.3121709824,17.3304882050,22.7399997711,91.5505294800,73.2600021362,85.0899963379
2016-11-28,110.8818130493,5.2894029617,17.6648998260,23.0000000000,92.2248992920,73.2440261841,84.3199996948
2016-11-29,111.2653121948,5.3244771957,17.7383937836,22.8799991608,92.6113281250,73.2440261841,84.9000015259
2016-11-30,109.9182586670,5.1915659904,17.1798171997,22.5799999237,91.1110000610,73.2440261841,84.6699981689
2016-12-01,108.0192718506,5.0174260139,17.0438613892,22.5400009155,90.1490020752,73.2776641846,81.5000000000
2016-12-02,108.2343978882,5.0328087807,17.1981945038,22.6399993896,90.8095703125,73.2616195679,81.5800018311
2016-12-05,109.0763244629,5.1103420258,17.2202472687,22.5200004578,90.7108764648,73.2616195679,86.8199996948
2016-12-06,109.3382339478,5.1368012428,17.1871738434,22.5200004578,90.6425476074,73.2776641846,89.6100006104
2016-12-07,110.7227478027,5.2654051781,17.4113407135,22.5799999237,91.4169921875,73.2776641846,89.3899993896
2016-12-08,110.9192047119,5.2832508087,17.4407348633,22.5400009155,90.3388442993,73.2776641846,89.1299972534
2016-12-09,111.7891998291,5.3657045364,17.6244831085,22.3199996948,89.2151260376,73.2776641846,90.1100006104
2016-12-12,111.2840499878,5.3164777756,17.8082141876,22.3799991608,89.3821716309,73.2616195679,89.4000015259
2016-12-13,112.6872787476,5.4512352943,17.9919528961,22.3199996948,89.7010192871,73.2776641846,88.6299972534
2016-12-14,112.4534149170,5.4266228676,17.6208019257,22.0000000000,88.6988220215,73.2776641846,88.7900009155
2016-12-15,112.6311264038,5.4438533783,17.7457408905,21.7199993134,89.1467895508,73.2776641846,90.0800018311
2016-12-16,112.2136077881,5.4075479507,17.9620609283,21.8199996948,88.9417800903,73.2616195679,91.1600036621
2016-12-19,112.6733703613,5.4506201744,18.0288467407,21.9400005341,89.8984222412,73.2776641846,94.4400024414
2016-12-20,113.1049270630,5.4930772781,18.0511093140,21.7800006866,89.4504852295,73.2616195679,96.2699966431
2016-12-21,113.0205230713,5.4813184738,17.9769039154,21.7999992371,89.8453521729,73.2776641846,97.8000030518
2016-12-22,112.7015151978,5.4499158859,18.0399742126,21.7199993134,89.6846694946,73.2616195679,96.0599975586
2016-12-23,112.7765579224,5.4560728073,18.0362663269,21.7999992371,89.8674087524,73.2616195679,96.5800018311
2016-12-27,113.3582611084,5.5164155960,18.0511093140,21.9400005341,89.5781173706,73.2776641846,97.8199996948
2016-12-28,112.4763412476,5.4289808273,17.8804340363,21.9799995422,90.2327804565,73.2760543823,94.4400024414
2016-12-29,112.3168334961,5.4105091095,18.1216068268,22.2800006866,90.5525665283,73.2920989990,92.9100036621
2016-12-30,111.1627731323,5.3027544022,18.0214271545,22.1599998474,90.6895446777,73.2600402832,90.9800033569
2017-01-03,112.1573181152,5.3944993019,17.9769039154,22.3199996948,91.0778274536,73.2920989990,97.4499969482
2017-01-04,112.7671966553,5.4511466026,18.0436935425,22.4200000763,91.4280090332,73.2920989990,102.5299987793
2017-01-05,113.4051818848,5.5121059418,18.0622425079,22.7600002289,92.8591995239,73.2760543823,102.8600006104
2017-01-06,114.3996963501,5.6087765694,18.1179008484,22.6000003815,92.0065689087,73.2920989990,104.2500000000
2017-01-09,114.7750167847,5.6463375092,17.8804340363,22.7600002289,92.7449722290,73.2920989990,104.4599990845
2017-01-10,115.0283355713,5.6709666252,17.8247795105,22.8799991608,92.6840896606,73.2760543823,105.1500015259
2017-01-11,115.3379745483,5.6974434853,18.0102996826,22.9200000763,92.9961929321,73.2920989990,107.4400024414
2017-01-12,115.1596832275,5.6802029610,18.0251426697,23.0200004578,92.7906723022,73.2920989990,107.4899978638
2017-01-13,115.5537643433,5.7208423615,17.9991703033,23.1000003815,92.3491134644,73.2920989990,107.1999969482
2017-01-17,115.2065963745,5.6851291656,18.1958122253,23.4200000763,93.3159179688,73.2920989990,107.5000000000
2017-01-18,115.4411544800,5.7109894753,18.1735515594,23.2000007629,92.1207122803,73.2760543823,108.0000000000
2017-01-19,115.3848800659,5.7017531395,18.0140056610,23.1800003052,91.4888687134,73.2760543823,106.7699966431
2017-01-20,115.6381835938,5.7269992828,18.0473937988,23.2399997711,91.3061828613,73.2920989990,110.9499969482
2017-01-23,115.7320251465,5.7356195450,17.9546375275,23.3999996185,92.2197036743,73.2760543823,111.8499984741
2017-01-24,116.5107498169,5.8138179779,17.9509296417,23.2999992371,91.5878906250,73.2760543823,117.0400009155
2017-01-25,117.6835708618,5.9295773506,17.9509296417,23.1200008392,90.4383316040,73.2920989990,119.9400024414
2017-01-26,117.8055191040,5.9388136864,17.9583454132,22.8799991608,90.7428588867,73.3081359863,119.3199996948
2017-01-27,118.0307159424,5.9615964890,17.9546375275,22.9200000763,91.0701675415,73.2760543823,120.7399978638
2017-01-30,117.1112136841,5.8723130226,17.9694824219,23.0400009155,90.7961120605,73.3081359863,117.3099975586
2017-01-31,116.8766479492,5.8476843834,18.2477703094,23.3400001526,91.4280090332,73.2920989990,117.8499984741
2017-02-01,117.6835708618,5.9271140099,17.9323787689,23.2800006866,90.8626251221,73.2969131470,119.9100036621
2017-02-02,117.5803680420,5.9166474342,18.1216068268,23.3999996185,90.8245315552,73.2969131470,118.9300003052
2017-02-03,117.9181060791,5.9474344254,18.1438694000,23.4799995422,90.7863998413,73.2808914185,121.3600006104
2017-02-06,118.0588684082,5.9634437561,18.1067676544,23.7999992371,91.3356704712,73.3129348755,121.4899978638
2017-02-07,118.4904174805,6.0065445900,18.1512908936,23.7399997711,92.0070419312,73.3129348755,120.5299987793
2017-02-08,118.6874771118,6.0293273926,18.3293933868,23.8799991608,93.2582015991,73.3129348755,120.8799972534
2017-02-09,119.1190795898,6.0711979866,18.1735515594,23.7199993134,92.1825180054,73.3129348755,123.4199981689
2017-02-10,119.5131225586,6.1099891663,18.2885761261,23.7800006866,92.1290969849,73.2969131470,125.4000015259
2017-02-13,120.1886749268,6.1795673370,18.3776245117,23.6200008392,91.8391952515,73.2969131470,129.3699951172
2017-02-14,120.5921249390,6.2189750671,18.2440509796,23.6399993896,91.1754760742,73.3129348755,134.9400024414
2017-02-15,121.3051528931,6.2904028893,18.1995239258,23.7399997711,90.7558975220,73.2969131470,129.9799957275
2017-02-16,121.2676391602,6.2885537148,18.3813323975,23.8600006104,91.2517623901,73.2969131470,129.3000030518
2017-02-17,121.7930297852,6.3433551788,18.3924655914,23.7800006866,91.7934188843,73.3129348755,129.0500030518
2017-02-21,122.3935317993,6.4036984444,18.5854091644,23.7999992371,91.6332092285,73.2969131470,127.4800033569
2017-02-22,122.4404373169,6.4092392921,18.6633319855,23.8199996948,91.7858428955,73.2969131470,126.9400024414
2017-02-23,121.9807281494,6.3630585670,18.8562660217,24.0599994659,92.0604324341,73.2969131470,123.5999984741
2017-02-24,122.2152404785,6.3827619553,19.1419696808,24.1800003052,93.0827331543,73.2969131470,125.2500000000
2017-02-27,122.3653793335,6.4006185532,19.0343666077,24.0799999237,92.5334472656,73.2969131470,125.5899963379
2017-02-28,121.9900970459,6.3599801064,19.2087574005,24.0799999237,92.8767776489,73.3289794922,122.5000000000
2017-03-01,123.3223648071,6.4979047775,19.0380783081,24.0799999237,91.3204727173,73.3001480103,125.3000030518
2017-03-02,122.7031707764,6.4338693619,19.1753692627,23.7800006866,90.9918060303,73.3001480103,124.9800033569
2017-03-03,122.9283370972,6.4560351372,19.1159973145,23.7600002289,91.2287292480,73.3161468506,128.7899932861
2017-03-06,122.6562194824,6.4283270836,19.0788917542,23.6000003815,90.7930526733,73.3321914673,131.1799926758
2017-03-07,122.4498138428,6.4024667740,19.0677623749,23.4200000763,90.5178680420,73.3001480103,131.0700073242
2017-03-08,122.6656036377,6.4258642197,18.7931919098,23.2600002289,90.0286560059,73.3001480103,130.1100006104
2017-03-09,122.7594451904,6.4344849586,18.7523765564,23.1399993896,89.3101272583,73.3001480103,130.7799987793
2017-03-10,123.2754745483,6.4899010658,18.9082145691,23.1800003052,89.6235275269,73.3161468506,132.5800018311
2017-03-13,123.4818878174,6.5096049309,18.9638690948,23.1800003052,89.0579147339,73.3001480103,135.3399963379
2017-03-14,123.1816482544,6.4757404327,18.9453220367,23.0799999237,89.4859695435,73.3001480103,132.7599945068
2017-03-15,123.9416351318,6.5564017296,19.2495708466,23.4799995422,90.5790252686,73.3161468506,137.5000000000
2017-03-16,123.8571701050,6.5514750481,19.0380783081,23.6200008392,90.1204376221,73.3321914673,140.4400024414
2017-03-17,123.8139266968,6.5391588211,19.1528549194,23.6399993896,90.6860275269,73.3321914673,142.1499938965
2017-03-20,123.9267730713,6.5533227921,19.0257415771,23.7399997711,91.0758743286,73.3161468506,142.0500030518
2017-03-21,122.0463638306,6.3587484360,19.2949180603,23.9599990845,91.8325958252,73.3321914673,136.6300048828
2017-03-22,122.8737030029,6.4418277740,19.3883876801,24.0400009155,92.1995315552,73.3321914673,135.9199981689
2017-03-23,122.5634841919,6.4116516113,19.3285675049,23.9799995422,92.0695724487,73.3161468506,131.3099975586
2017-03-24,122.8173217773,6.4301261902,19.3996009827,24.0200004578,92.3982467651,73.3321914673,133.8200073242
2017-03-27,123.0147705078,6.4559917450,19.3248310089,24.1599998474,92.8186645508,73.3321914673,136.5299987793
2017-03-28,123.7669143677,6.5329747200,19.3098754883,24.0799999237,92.1995315552,73.3321914673,143.8999938965
2017-03-29,124.3404235840,6.5939440727,19.2575359344,24.1399993896,92.7498703003,73.3321914673,144.4499969482
2017-03-30,124.5472946167,6.6124200821,19.1079902649,23.9400005341,92.0007705688,73.3321914673,143.7700042725
2017-03-31,124.4626541138,6.6056442261,19.1827621460,24.0200004578,92.2683258057,73.3161468506,141.1499938965
2017-04-03,124.3874664307,6.5957913399,19.1790199280,24.1399993896,93.1989974976,73.3226013184,140.4600067139
2017-04-04,124.5848846436,6.6142659187,19.2388401031,24.1800003052,92.6934661865,73.3226013184,142.3899993896
2017-04-05,124.0771865845,6.5637674332,19.3472614288,24.2000007629,92.9768371582,73.3226013184,137.6100006104
2017-04-06,124.1429901123,6.5699248314,19.2986583710,24.1000003815,92.8389739990,73.3226013184,140.0299987793
2017-04-07,124.0771865845,6.5631504059,19.2164096832,24.1599998474,92.4636535645,73.3226013184,134.8999938965
2017-04-10,124.1241760254,6.5693092346,19.2500591278,24.1599998474,92.8926010132,73.3226013184,130.1799926758
2017-04-11,123.5883102417,6.5132670403,19.2425765991,24.4799995422,93.7734756470,73.3386154175,124.0800018311
2017-04-12,123.0900039673,6.4590716362,19.3846454620,24.6800003052,94.2866744995,73.3226013184,123.6200027466
2017-04-13,122.6010818481,6.4042596817,19.3210926056,24.7999992371,94.5777816772,73.3386154175,121.3199996948
2017-04-17,123.6164627075,6.5089559555,19.4070777893,24.7000007629,94.2866744995,73.3386154175,127.2399978638
2017-04-18,123.4285049438,6.4923276901,19.4519386292,24.8199996948,95.5199737549,73.3546676636,128.2200012207
2017-04-19,123.6259613037,6.5108027458,19.3173503876,24.6200008392,94.9990844727,73.3546676636,125.1100006104
2017-04-20,124.6601333618,6.6142659187,19.2425765991,24.6599998474,94.6314468384,73.3546676636,128.3600006104
2017-04-21,124.6319351196,6.6142659187,19.3397865295,24.7399997711,94.6314468384,73.3546676636,127.8799972534
2017-04-24,126.1361846924,6.7737727165,19.4407272339,24.5799999237,94.1641769409,73.3386154175,141.6699981689
2017-04-25,127.0481872559,6.8723082542,19.4145584106,24.3199996948,93.0304718018,73.3386154175,145.1399993896
2017-04-26,126.8695373535,6.8526015282,19.3547401428,24.4400005341,93.5437088013,73.3546676636,143.5500030518
2017-04-27,127.6311187744,6.9326620102,19.4220275879,24.3600006104,93.5130462646,73.3386154175,145.1000061035
2017-04-28,127.8567504883,6.9572968483,19.3285675049,24.4200000763,93.7198638916,73.3707199097,145.0500030518
2017-05-01,128.9943542480,7.0749239922,19.2126674652,24.1800003052,92.9407501221,73.3658752441,150.7899932861
2017-05-02,129.2106018066,7.1038708687,19.2351016998,24.2000007629,93.4166564941,73.3498687744,150.1799926758
2017-05-03,128.7969970703,7.0576806068,19.1678066254,23.8400001526,93.4780654907,73.3498687744,147.1399993896
2017-05-04,128.8439331055,7.0626082420,19.2351016998,23.6200008392,93.0175094604,73.3658752441,150.9499969482
2017-05-05,129.3140563965,7.1131086349,19.3397865295,23.6399993896,93.1019287109,73.3498687744,150.0700073242
2017-05-08,129.5960693359,7.1438999176,19.3323097229,23.6000003815,92.5953521729,73.3658752441,154.0700073242
2017-05-09,130.0473937988,7.1944012642,19.1902484894,23.4599990845,92.5876922607,73.3658752441,154.3399963379
2017-05-10,130.1226043701,7.2005577087,19.2201461792,23.4799995422,92.4802169800,73.3819351196,153.7599945068
2017-05-11,130.0192108154,7.1888580322,19.2463207245,23.5400009155,92.4802169800,73.3819351196,154.1499938965
2017-05-12,130.3106842041,7.2214980125,19.3397865295,23.6200008392,93.1787261963,73.3658752441,154.4499969482
2017-05-15,130.7243499756,7.2658395767,19.4220275879,23.7000007629,92.9253768921,73.3819351196,157.5599975586
2017-05-16,131.2696380615,7.3286576271,19.2799682617,23.7800006866,93.2708282471,73.3819351196,159.1100006104
2017-05-17,127.9319686890,6.9529867172,19.3285675049,24.2399997711,94.6294784546,73.3980102539,130.0500030518
2017-05-18,129.0508270264,7.0712294579,19.3958644867,24.0400009155,94.7369766235,73.3980102539,133.5000000000
2017-05-19,129.5960693359,7.1346631050,19.4706268311,24.1599998474,94.9595565796,73.3819351196,142.3999938965
2017-05-22,130.6867523193,7.2547550201,19.6388702393,24.2399997711,94.6985702515,73.3980102539,148.5599975586
2017-05-23,130.8183593750,7.2664542198,19.6912078857,24.1000003815,94.0614624023,73.3980102539,148.6799926758
2017-05-24,131.4200744629,7.3354310989,19.8033676147,24.2000007629,94.5911331177,73.3819351196,152.6999969482
2017-05-25,132.5388641357,7.4567551613,19.9641304016,24.1800003052,94.6217880249,73.3980102539,150.8899993896
2017-05-26,132.7739715576,7.4826211929,19.9641304016,24.3799991608,94.7829513550,73.4140777588,153.4900054932
2017-05-30,132.8868255615,7.4967851639,20.0276851654,24.2800006866,95.2512512207,73.3819351196,154.6399993896
2017-05-31,132.8397979736,7.4875464439,20.1286258698,24.3999996185,95.4891815186,73.3819351196,153.3500061035
2017-06-01,133.3568878174,7.5528264046,20.2706947327,24.4200000763,95.4991989136,73.4092330933,156.9900054932
2017-06-02,134.8799896240,7.7166447639,20.2931270599,24.5799999237,96.6299743652,73.3932113647,156.6499938965
2017-06-05,134.8517456055,7.7154126167,20.2295703888,24.6200008392,96.0299453735,73.4092330933,155.8500061035
2017-06-06,134.3159027100,7.6587543488,20.1847057343,24.8999996185,96.5530395508,73.3932113647,152.4700012207
2017-06-07,134.8423461914,7.7135658264,20.2520027161,24.7800006866,96.0915069580,73.4253005981,154.0500030518
2017-06-08,134.9834747314,7.7314243317,20.0837669373,24.6000003815,95.8376464844,73.4092330933,157.7100067139
2017-06-09,131.6081237793,7.3428211212,20.0650711060,24.3999996185,95.6914749146,73.4253005981,155.3099975586
2017-06-12,130.9029846191,7.2615280151,20.0276851654,24.3400001526,95.6607131958,73.4092330933,153.6300048828
2017-06-13,131.9653625488,7.3791570663,20.0762882233,24.3799991608,95.6760787964,73.4253005981,158.9400024414
2017-06-14,131.3918609619,7.3132610321,20.1847057343,24.2399997711,97.1530151367,73.4092330933,159.4299926758
2017-06-15,130.8090057373,7.2449002266,20.3006057739,24.1399993896,96.9991912842,73.4092330933,157.6199951172
2017-06-16,130.2413787842,7.1925535202,20.3937015533,24.1399993896,97.1914749146,73.4413757324,159.3500061035
2017-06-19,132.4192504883,7.4234981537,20.3258571625,23.9599990845,97.0530090332,73.4253005981,163.9799957275
2017-06-20,131.3821716309,7.3095660210,20.3371658325,23.8999996185,97.9222564697,73.4253005981,159.7799987793
2017-06-21,132.6831970215,7.4522686005,20.2165565491,23.9599990845,98.1222381592,73.4413757324,161.1000061035
2017-06-22,132.6454772949,7.4467248917,20.1223354340,24.0599994659,98.3376464844,73.4574508667,162.8699951172
2017-06-23,133.1545104980,7.5015392303,20.0544948578,24.1599998474,98.2914505005,73.4413757324,164.4299926758
2017-06-26,132.5323028564,7.4344062805,20.1901760101,23.9200000763,98.6607055664,73.4253005981,168.0599975586
2017-06-27,130.1283111572,7.1646471024,19.9640388489,24.0400009155,97.6068801880,73.4253005981,162.1000061035
2017-06-28,132.0043640137,7.3641953468,19.7718257904,24.0599994659,97.2838287354,73.4574508667,167.1000061035
2017-06-29,129.7135314941,7.1110644341,19.6135311127,23.9200000763,96.4683914185,73.4413757324,158.3600006104
2017-06-30,129.7606353760,7.1024427414,19.5833759308,23.8799991608,96.2453308105,73.4574508667,161.2700042725
2017-07-03,128.3935699463,6.9663305283,19.4929256439,23.4599990845,95.9354858398,73.4654769897,159.1100006104
2017-07-05,129.6569519043,7.1018257141,19.3986949921,23.5799999237,95.9585647583,73.4493637085,159.0000000000
2017-07-06,128.4878845215,6.9718737602,19.3911609650,23.5400009155,95.1646118164,73.4654769897,151.0000000000
2017-07-07,129.8737945557,7.1172227859,19.4062347412,23.2999992371,94.5942230225,73.4654769897,156.3600006104
2017-07-10,130.7222442627,7.2157664299,19.3911609650,23.3400001526,94.7329940796,73.4654769897,160.1699981689
2017-07-11,131.0899353027,7.2551822662,19.3798542023,23.3799991608,94.8948440552,73.4654769897,160.8600006104
2017-07-12,132.6454772949,7.4307112694,19.5456867218,23.4599990845,95.5500640869,73.4493637085,165.2700042725
2017-07-13,132.9377288818,7.4615063667,19.4778442383,23.4200000763,94.9488525391,73.4493637085,167.0899963379
2017-07-14,133.9841918945,7.5748291016,19.5683002472,23.6200008392,95.0644302368,73.4815216064,170.0000000000
2017-07-17,134.0501708984,7.5828361511,19.6587543488,23.7199993134,95.3265609741,73.4654769897,174.4400024414
2017-07-18,134.9457702637,7.6863064766,19.7152900696,23.8999996185,96.1590270996,73.4654769897,176.8200073242
2017-07-19,135.7377166748,7.7749938965,19.7982044220,23.8600006104,96.1975402832,73.4654769897,178.7599945068
2017-07-20,135.9168243408,7.7947030067,19.9414272308,23.8999996185,96.4750366211,73.4654769897,180.4600067139
2017-07-21,135.8602142334,7.7836165428,20.0846443176,24.1200008392,96.8835830688,73.4654769897,181.9199981689
2017-07-24,136.4824218750,7.8525962830,19.8961963654,24.1599998474,96.5058441162,73.4654769897,185.0399932861
2017-07-25,136.1336212158,7.8193373680,19.7831249237,24.0599994659,95.2494430542,73.4654769897,184.1799926758
2017-07-26,136.5767211914,7.8673772812,19.9715766907,24.2399997711,95.4036102295,73.4815216064,184.0200042725
2017-07-27,135.7188262939,7.7749938965,20.0205707550,24.2199993134,94.9334106445,73.4976196289,182.3200073242
2017-07-28,135.6057434082,7.7540526390,19.9904193878,24.4200000763,95.4960937500,73.4815216064,180.4400024414
2017-07-31,135.0306091309,7.6850733757,20.0582637787,24.4400005341,95.6117477417,73.4815216064,181.8999938965
2017-08-01,135.3417358398,7.7183322906,20.1713314056,24.4200000763,96.2830200195,73.5008087158,184.0000000000
2017-08-02,135.7093811035,7.7602119446,20.2580127716,24.3400001526,96.3370819092,73.5169067383,183.4199981689
2017-08-03,135.1814880371,7.7084770203,20.3597774506,24.3999996185,97.3336486816,73.5169067383,181.0399932861
2017-08-04,135.4265594482,7.7281875610,20.2693214417,24.2199993134,96.5070343018,73.5169067383,181.5399932861
2017-08-07,136.2845001221,7.8218007088,20.3333892822,24.2000007629,96.6152191162,73.5169067383,183.9400024414
2017-08-08,136.0488433838,7.7996292114,20.4163074493,24.2399997711,96.2675857544,73.5169067383,178.7599945068
2017-08-09,135.8696289062,7.7774572372,20.3107814789,24.5200004578,96.7928543091,73.5169067383,173.8399963379
2017-08-10,132.9566040039,7.4399495125,20.3748493195,24.7199993134,97.6194381714,73.5169067383,149.8600006104
2017-08-11,133.9653472900,7.5520424843,20.2542419434,24.8199996948,97.6657638550,73.5329895020,143.3600006104
2017-08-14,135.6905670166,7.7478957176,20.3710880280,24.6399993896,97.1636505127,73.5169067383,161.6399993896
2017-08-15,135.7848663330,7.7577486038,20.4841518402,24.4599990845,96.7542266846,73.5329895020,162.4400024414
2017-08-16,136.0205078125,7.7873110771,20.5670700073,24.6599998474,97.1095886230,73.5169067383,163.6600036621
2017-08-17,133.2394256592,7.4695119858,20.4200782776,24.7800006866,97.8357467651,73.5329895020,136.4799957275
2017-08-18,133.1450958252,7.4498028755,20.5406856537,24.7399997711,97.8125839233,73.5169067383,141.3200073242
2017-08-21,132.9754333496,7.4411811829,20.6160640717,24.8199996948,98.0520172119,73.5329895020,146.9400024414
2017-08-22,135.0023803711,7.6629023552,20.6612911224,24.7199993134,97.6735000610,73.5490875244,157.7400054932
2017-08-23,134.5215454102,7.6050081253,20.7291336060,24.7999992371,98.3378601074,73.5490875244,155.8399963379
2017-08-24,134.1255950928,7.5655894279,20.7140541077,24.7199993134,97.9747924805,73.5490875244,151.3399963379
2017-08-25,133.8427581787,7.5311017036,20.7818946838,24.8400001526,98.3532943726,73.5329895020,155.9199981689
2017-08-28,134.2575683594,7.5692858696,20.8195877075,25.2000007629,98.2914733887,73.5490875244,156.9400024414
2017-08-29,134.7855072021,7.6321077347,20.7743625641,25.1599998474,98.6082458496,73.5490875244,155.2200012207
2017-08-30,136.3693542480,7.8144111633,20.7140541077,25.1599998474,98.5772705078,73.5490875244,156.0000000000
2017-08-31,137.8305816650,7.9597606659,20.7178249359,25.4400005341,98.8708648682,73.5651779175,160.3999938965
2017-09-01,137.6420440674,7.9585304260,20.6537570953,25.5000000000,98.1145935059,73.5699996948,160.6199951172
2017-09-05,136.4070434570,7.8119478226,20.7065181732,25.7800006866,99.6704406738,73.5378265381,151.4400024414
2017-09-06,136.8218841553,7.8575229645,20.6122951508,25.6599998474,99.0589828491,73.5699996948,155.5599975586
2017-09-07,137.1423950195,7.8957080841,20.7668209076,25.9200000763,100.0729904175,73.5699996948,156.3800048828
2017-09-08,135.9544982910,7.7614440918,20.8648147583,25.8999996185,99.8562545776,73.5538711548,152.6600036621
2017-09-11,137.5195007324,7.9289669991,21.0419559479,25.5200004578,98.6641540527,73.5538711548,161.3800048828
2017-09-12,137.8494720459,7.9733114243,20.6914386749,25.6000003815,98.1455230713,73.5860824585,165.4600067139
2017-09-13,138.0379791260,7.9954848289,20.5896854401,25.4200000763,97.7585372925,73.5860824585,171.2400054932
2017-09-14,137.2272491455,7.8994021416,20.7630500793,25.5200004578,98.1610336304,73.5699996948,168.9199981689
2017-09-15,137.6986389160,7.9499068260,20.7922935486,25.3999996185,98.1997222900,73.5699996948,172.0800018311
2017-09-18,137.5181427002,7.9326605797,20.5796203613,25.1399993896,97.6346664429,73.5699996948,179.5200042725
2017-09-19,137.7544097900,7.9597606659,20.5378513336,25.2000007629,97.3947067261,73.6021804810,179.4600067139
2017-09-20,137.3292083740,7.9129533768,20.3859386444,25.0000000000,97.4643554688,73.6021804810,179.2799987793
2017-09-21,136.4882659912,7.8094835281,20.3821449280,24.8199996948,97.4101867676,73.6021804810,179.4400024414
2017-09-22,136.3560638428,7.7971653938,20.2150497437,24.9400005341,97.6888504028,73.6021804810,178.2200012207
2017-09-25,134.9198913574,7.6345715523,20.4011325836,25.2000007629,98.3003768921,73.6021804810,178.1399993896
2017-09-26,135.2694702148,7.6715235710,20.3631591797,24.9200000763,98.1223220825,73.6021804810,180.0000000000
2017-09-27,136.4882659912,7.8082518578,20.0897254944,24.6599998474,96.6438140869,73.6021804810,181.5399932861
2017-09-28,136.4410858154,7.8008613586,20.1618804932,24.7199993134,96.3574600220,73.5860824585,184.1000061035
2017-09-29,137.4236907959,7.9104895592,20.1466865540,24.6200008392,96.5742034912,73.6182632446,187.5000000000
2017-10-02,137.5465240479,7.9215750694,20.1808681488,24.4200000763,96.3973312378,73.6214981079,191.0399932861
2017-10-03,137.8394012451,7.9609923363,20.1238994598,24.4400005341,96.4904174805,73.6214981079,191.8800048828
2017-10-04,137.9716644287,7.9720788002,20.3251819611,24.5000000000,96.4981231689,73.6053695679,191.7400054932
2017-10-05,139.3227539062,8.1297464371,20.3061885834,24.3799991608,96.1335983276,73.6214981079,197.7200012207
2017-10-06,139.5117340088,8.1469898224,20.2910079956,24.4799995422,95.8621063232,73.6053695679,197.6000061035
2017-10-09,139.3510894775,8.1322078705,20.3175830841,24.7000007629,96.1646194458,73.6053695679,193.8800048828
2017-10-10,139.4550170898,8.1432971954,20.5150642395,24.7800006866,96.3197708130,73.6053695679,198.0200042725
2017-10-11,139.8707580566,8.1925649643,20.6024112701,24.8600006104,96.5059204102,73.6053695679,202.1399993896
2017-10-12,139.6156311035,8.1617736816,20.7087421417,24.8600006104,96.9170074463,73.6375961304,203.6000061035
2017-10-13,140.1541748047,8.2208976746,20.5644340515,25.0799999237,97.6151123047,73.6375961304,207.3200073242
2017-10-16,140.6360778809,8.2775592804,20.5188598633,24.8999996185,97.5452575684,73.6214981079,210.8000030518
2017-10-17,140.8155364990,8.2960357666,20.6403827667,24.7199993134,97.6693496704,73.6375961304,210.4600067139
2017-10-18,140.6454772949,8.2775592804,20.6024112701,24.6200008392,97.0256042480,73.6375961304,211.3000030518
2017-10-19,140.1258544922,8.2159700394,20.8188781738,24.7800006866,97.1962738037,73.6375961304,212.6999969482
2017-10-20,140.5037689209,8.2578525543,20.8340740204,24.6000003815,96.1646194458,73.6536941528,216.3800048828
2017-10-23,139.5872955322,8.1506853104,20.8454608917,24.6599998474,96.3352966309,73.6375961304,209.7599945068
2017-10-24,139.8234710693,8.1814832687,20.8644466400,24.5400009155,95.7380218506,73.6697845459,207.3800048828
2017-10-25,139.2943878174,8.1149654388,20.7733020782,24.5799999237,95.2803955078,73.6697845459,200.4400024414
2017-10-26,138.8503265381,8.0681581497,20.7771015167,24.3600006104,94.9623718262,73.6697845459,201.3000030518
2017-10-27,142.8941650391,8.5239152908,20.9062271118,24.4599990845,95.5906524658,73.6697845459,212.6600036621
2017-10-30,143.2153930664,8.5707254410,20.9100189209,24.5200004578,96.5059204102,73.6536941528,210.9199981689
2017-10-31,143.7539215088,8.6323146820,20.9328060150,24.4200000763,96.5369110107,73.6697845459,214.6999969482
2017-11-01,143.7067108154,8.6286172867,20.8150825500,24.5000000000,96.9667663574,73.6778259277,213.4199981689
2017-11-02,143.4326934814,8.5892009735,20.8910350800,24.5400009155,97.3943099976,73.6617431641,215.7599945068
2017-11-03,144.8121185303,8.7517948151,20.9669876099,24.4200000763,97.6585693359,73.6617431641,216.2400054932
2017-11-06,145.3034210205,8.8133840561,20.8872356415,24.6200008392,98.0239028931,73.6778259277,218.0599975586
2017-11-07,145.3885040283,8.8232374191,21.1378822327,24.5200004578,98.4358901978,73.6778259277,217.0000000000
2017-11-08,145.9742889404,8.8959150314,21.1530761719,24.6200008392,98.2182006836,73.6778259277,216.7400054932
2017-11-09,145.2089843750,8.7973699570,21.1796550751,24.7000007629,97.9384384155,73.6617431641,214.0599975586
2017-11-10,145.1995391846,8.7998352051,21.0809154510,24.5200004578,96.4615402222,73.6778259277,208.6999969482
2017-11-13,145.3790130615,8.8183126450,21.3315658569,24.5599994659,96.6636352539,73.6778259277,208.1399993896
2017-11-14,144.8499603271,8.7579536438,21.5974025726,24.6200008392,97.3166046143,73.6778259277,206.3800048828
2017-11-15,144.1696624756,8.6668033600,21.4113178253,24.5599994659,98.3736648560,73.6778259277,198.4600067139
2017-11-16,146.0121002197,8.8922185898,21.3429584503,24.5799999237,97.5186614990,73.6939544678,207.1799926758
2017-11-17,145.4545898438,8.8244714737,21.1948490143,24.8600006104,98.2415466309,73.6778259277,210.0200042725
2017-11-20,145.3412780762,8.8096904755,21.1302871704,24.5599994659,98.2026901245,73.6939544678,216.8999938965
2017-11-21,146.9190979004,8.9969177246,21.1872539520,24.6000003815,98.5135498047,73.7100906372,224.9600067139
2017-11-22,147.0986022949,9.0215549469,21.1872539520,24.8400001526,98.8322525024,73.7100906372,227.0000000000
2017-11-24,147.6371307373,9.0880699158,21.2214298248,24.7600002289,98.5602035522,73.6939544678,228.0200042725
2017-11-27,147.5710296631,9.0782155991,21.3125705719,24.8799991608,98.4203033447,73.6939544678,228.3399963379
2017-11-28,147.9489593506,9.1237926483,21.4113178253,24.8600006104,98.5524139404,73.7262039185,231.4400024414
2017-11-29,145.3695983887,8.8109207153,21.4227046967,24.7000007629,97.5808029175,73.7100906372,226.4400024414
2017-11-30,146.5883789062,8.9525756836,21.4948616028,24.5000000000,97.2543716431,73.7100906372,225.6600036621
2017-12-01,145.9648132324,8.8762044907,21.4227046967,24.6000003815,98.5667800903,73.7149047852,219.5200042725
2017-12-04,144.2830352783,8.6717300415,21.3011798859,24.5400009155,98.6135177612,73.7229614258,221.3600006104
2017-12-05,144.3774871826,8.6741924286,21.0315475464,24.3400001526,99.1042098999,73.7310028076,222.1999969482
2017-12-06,145.0294799805,8.7530269623,21.1112957001,24.2999992371,99.4469070435,73.7229614258,222.4799957275
2017-12-07,145.5207061768,8.8146162033,21.1492767334,23.9799995422,98.6680374146,73.7310028076,229.7799987793
2017-12-08,146.1632080078,8.8922185898,21.2176342010,23.9799995422,98.6758346558,73.7391052246,236.8200073242
2017-12-11,147.2970123291,9.0301761627,21.3467540741,23.8799991608,98.4732971191,73.7310028076,245.1799926758
2017-12-12,147.0986022949,9.0043106079,20.9821777344,23.9200000763,98.4343490601,73.7391052246,244.5599975586
2017-12-13,147.3820495605,9.0363368988,21.0391426086,24.1200008392,99.1743087769,73.7310028076,245.3600006104
2017-12-14,147.2781524658,9.0227861404,21.0125637054,24.0799999237,99.5949096680,73.7391052246,246.6600036621
2017-12-15,148.9504547119,9.2198724747,21.0896053314,24.1200008392,99.9687423706,73.7471771240,254.7200012207
2017-12-18,150.1993103027,9.3787717819,20.8557910919,24.2199993134,99.0574722290,73.7552490234,258.4800109863
2017-12-19,149.3092803955,9.2728366852,20.4763107300,24.2399997711,97.7723464966,73.7568206787,256.9400024414
2017-12-20,149.1483612061,9.2494335175,20.3153228760,24.2999992371,96.6896820068,73.7568206787,258.0799865723
2017-12-21,149.1672058105,9.2506666183,20.0738391876,24.3600006104,97.2532424927,73.7568206787,259.8599853516
2017-12-22,148.9968261719,9.2284946442,20.1045017242,24.5000000000,97.3859100342,73.7730102539,258.3800048828
2017-12-26,148.1920471191,9.1287212372,19.9856758118,24.6399993896,97.6747055054,73.7649307251,258.1799926758
2017-12-27,148.2110137939,9.1299505234,20.0700054169,24.7600002289,98.9469528198,73.7810440063,256.7799987793
2017-12-28,148.3908996582,9.1484279633,20.1811695099,24.8799991608,98.8611373901,73.7810440063,260.9599914551
2017-12-29,147.4724731445,9.0326423645,20.1926612854,25.0200004578,99.0172271729,73.7649307251,256.4200134277
2018-01-02,150.0572509766,9.3455142975,20.0048484802,25.3400001526,97.9478759766,73.7730102539,265.1600036621
2018-01-03,151.5153350830,9.5278167725,19.8476867676,25.2800006866,98.4162063599,73.7891082764,271.0199890137
2018-01-04,151.7803802490,9.5623064041,19.6828651428,25.4200000763,98.4005889893,73.7971649170,271.7799987793
2018-01-05,153.3048095703,9.7519979477,19.6751995087,25.3799991608,98.1195907593,73.7971649170,271.8599853516
2018-01-08,153.9012298584,9.8246774673,19.8591842651,25.3799991608,98.0571823120,73.8052825928,275.1000061035
2018-01-09,153.9106750488,9.8332986832,19.6637001038,25.2600002289,96.7459030151,73.8052825928,272.1400146484
2018-01-10,153.5509033203,9.7791004181,19.4490489960,25.3199996948,96.6288070679,73.8052825928,274.8599853516
2018-01-11,154.6018218994,9.9145956039,19.3762168884,25.3799991608,97.0268783569,73.7971649170,276.4200134277
2018-01-12,155.7379608154,10.0550174713,19.2650566101,25.7199993134,97.1907730103,73.8214111328,276.3800048828
2018-01-16,155.2930297852,9.9983558655,19.2228946686,25.7199993134,97.5966644287,73.8052825928,259.4800109863
2018-01-17,156.9688110352,10.2139177322,19.3417148590,25.5400009155,97.4639968872,73.8214111328,265.6799926758
2018-01-18,156.9972534180,10.2176141739,19.2190628052,25.5000000000,96.5585556030,73.8214111328,264.6000061035
2018-01-19,157.4895324707,10.2828989029,19.1615695953,25.5599994659,96.0511932373,73.8294982910,265.5400085449
2018-01-22,159.1748504639,10.5009202957,19.1884021759,25.6200008392,96.1448822021,73.8375320435,271.8399963379
2018-01-23,160.4909057617,10.6721382141,19.3723850250,25.7600002289,96.5585556030,73.8375320435,266.9599914551
2018-01-24,159.4494171143,10.5415716171,19.2535572052,26.1000003815,96.0355987549,73.8455810547,260.0000000000
2018-01-25,159.3926239014,10.5280227661,19.5525398254,25.8799991608,96.8239517212,73.8455810547,255.6600036621
2018-01-26,161.8353271484,10.8359670639,19.5640373230,25.9400005341,96.4648666382,73.8617172241,257.7399902344
2018-01-29,161.0495452881,10.7386569977,19.3148899078,25.7600002289,95.7936248779,73.8455810547,238.7400054932
2018-01-30,159.7239990234,10.5662059784,19.3493824005,25.6599998474,95.2316360474,73.8536758423,231.1999969482
2018-01-31,160.3867340088,10.6438093185,19.5640373230,25.8400001526,95.7936248779,73.8617172241,236.2200012207
2018-02-01,159.0233612061,10.4676637650,19.2573890686,25.9400005341,94.4053726196,73.8585128784,243.3399963379
2018-02-02,155.8515777588,10.0439319611,19.1194019318,25.6000003815,93.5293731689,73.8665771484,211.1999969482
2018-02-05,149.7069091797,9.2666807175,18.8050823212,25.7000007629,94.4131774902,73.8585128784,143.6399993896
2018-02-06,153.6739807129,9.7384519577,18.5252742767,25.3799991608,93.8265686035,73.8665771484,24.4799995422
2018-02-07,151.6857910156,9.4896326065,18.4371147156,25.2399997711,92.9348907471,73.8747024536,24.6599998474
2018-02-08,145.2853546143,8.6988277435,18.2301273346,25.2999992371,92.8332214355,73.8665771484,19.1599998474
2018-02-09,147.7944183350,8.9846000671,18.6134376526,25.2600002289,92.2466430664,73.8827667236,21.7199993134
2018-02-12,150.4170379639,9.3122558594,18.7552547455,25.3600006104,92.6533203125,73.8827667236,22.6800003052
2018-02-13,151.1933746338,9.3960151672,18.8395843506,25.5200004578,93.0678634644,73.8827667236,22.5799999237
2018-02-14,154.0242919922,9.7556982040,18.6287631989,25.9599990845,92.0354309082,73.8827667236,25.2999992371
2018-02-15,156.8836212158,10.1055221558,19.0427436829,25.9799995422,92.3482894897,73.8908462524,25.8199996948
2018-02-16,156.1830139160,10.0303812027,19.2113952637,25.8999996185,92.8488464355,73.8989410400,25.3799991608
2018-02-20,156.4954223633,10.0550174713,18.9622402191,25.5400009155,92.4421310425,73.8989410400,24.2399997711
2018-02-21,156.0504302979,9.9958934784,18.7130985260,25.4200000763,91.3080520630,73.8908462524,24.1000003815
2018-02-22,156.0314941406,10.0069799423,18.8089199066,25.5799999237,91.5817794800,73.8989410400,24.4400005341
2018-02-23,159.2222137451,10.4023809433,19.2995529175,25.5400009155,92.3952102661,73.9150390625,26.3600006104
2018-02-26,161.3335266113,10.6758356094,19.2420635223,25.5799999237,92.4265060425,73.8989410400,27.2999992371
2018-02-27,159.3358001709,10.4097700119,18.9354114532,25.2999992371,92.2935256958,73.9150390625,24.7800006866
2018-02-28,158.3132934570,10.2792005539,18.8050823212,25.3199996948,92.8801193237,73.9231414795,24.4599990845
2018-03-01,155.7285308838,9.9540119171,18.8089199066,25.2399997711,93.5141448975,73.9304275513,23.7399997711
2018-03-02,157.1581878662,10.1276931763,18.7590904236,25.3600006104,92.7539901733,73.9384994507,24.2199993134
2018-03-05,158.9003143311,10.3469505310,19.1424026489,25.3199996948,92.5031738281,73.9384994507,24.8199996948
2018-03-06,159.5724792480,10.4331722260,18.8855838776,25.6000003815,92.5893707275,73.9384994507,24.7399997711
2018-03-07,159.9416961670,10.4799833298,18.7437648773,25.4200000763,92.4875106812,73.9384994507,24.8199996948
2018-03-08,160.8222808838,10.5970001221,18.8817481995,25.3799991608,93.0204620361,73.9304275513,25.2800006866
2018-03-09,163.9467620850,10.9997930527,18.9354114532,25.3999996185,92.4091491699,73.9465637207,26.4599990845
2018-03-12,164.8177337646,11.1008005142,19.0159130096,25.3999996185,92.9420776367,73.9546966553,25.7000007629
2018-03-13,162.5738525391,10.8273448944,19.0580749512,25.4599990845,93.4122924805,73.9546966553,25.4799995422
2018-03-14,162.5454101562,10.8187208176,19.2535572052,25.4400005341,94.2352066040,73.9546966553,25.2399997711
2018-03-15,162.4034729004,10.7891597748,19.2420635223,25.2800006866,94.2352066040,73.9465637207,25.5599994659
2018-03-16,161.9205627441,10.7374258041,19.4108657837,25.2199993134,93.8981857300,73.9628143311,25.8199996948
2018-03-19,158.4658050537,10.2816638947,19.2911167145,25.2800006866,93.6003875732,73.9628143311,24.6000003815
2018-03-20,158.9873657227,10.3395605087,19.2022686005,25.1599998474,93.2242050171,73.9546966553,24.9400005341
2018-03-21,158.2951049805,10.2434806824,19.1366004944,25.6000003815,93.3261642456,73.9708404541,25.0599994659
2018-03-22,154.3879852295,9.7335233688,19.2215862274,25.5000000000,94.2509078979,73.9789276123,23.3799991608
2018-03-23,150.3196411133,9.2161760330,18.9511775970,25.8600006104,94.1803054810,73.9870376587,22.8199996948
2018-03-26,155.9052886963,9.9096660614,19.1481895447,25.9799995422,93.8198623657,73.9789276123,23.6599998474
2018-03-27,150.8601989746,9.2555952072,19.4224510193,25.8199996948,94.8230590820,73.9951248169,22.8199996948
2018-03-28,149.1247253418,9.0535793304,19.4147300720,25.4599990845,95.0738143921,74.0031738281,22.5799999237
2018-03-29,151.8559265137,9.3861618042,19.5190277100,25.4599990845,95.5362014771,74.0193481445,23.4799995422
2018-04-02,147.4746246338,8.8466424942,19.3683776855,25.7800006866,95.7247085571,74.0153121948,22.2999992371
2018-04-03,149.1342468262,9.0363368988,19.4340419769,25.5799999237,94.9864120483,74.0072097778,22.7800006866
2018-04-04,151.4860992432,9.2703762054,19.4765338898,25.6200008392,94.7900466919,74.0233993530,22.9799995422
2018-04-05,152.3490295410,9.4206533432,19.6310482025,25.4799995422,94.0832061768,74.0314788818,23.3799991608
2018-04-06,148.5367584229,8.9661235809,19.4765338898,25.6200008392,95.1120986938,74.0314788818,22.7600002289
2018-04-09,149.5799560547,9.0708255768,19.5151615143,25.6800003052,95.2691192627,74.0396194458,22.6200008392
2018-04-10,152.8801422119,9.4699230194,19.3645114899,25.7600002289,95.0963745117,74.0314788818,22.9599990845
2018-04-11,151.9981842041,9.3713788986,19.3374748230,25.9400005341,95.4340896606,74.0477294922,22.8199996948
2018-04-12,153.8284912109,9.5857086182,19.0825233459,25.6399993896,94.7350845337,74.0477294922,23.3199996948
2018-04-13,153.0318908691,9.4957904816,19.2331771851,25.8199996948,94.9549560547,74.0477294922,23.7800006866
2018-04-16,154.1983489990,9.6300525665,19.4958534241,25.8600006104,94.9864120483,74.0638580322,24.3199996948
2018-04-17,157.5174560547,10.0402383804,19.6928558350,25.8799991608,95.2455749512,74.0638580322,25.1000003815
2018-04-18,157.8398437500,10.0870447159,19.6194591522,25.8799991608,94.4837570190,74.0557785034,25.0599994659
2018-04-19,156.3889617920,9.9158277512,19.6078701019,25.8600006104,93.7140808105,74.0719985962,24.8400001526
2018-04-20,153.9138183594,9.5931005478,19.4301776886,25.6399993896,93.0385971069,74.0719985962,24.4799995422
2018-04-23,153.5250244141,9.5413656235,19.4417667389,25.4400005341,93.0622177124,74.0719985962,24.6000003815
2018-04-24,150.2722320557,9.1361093521,19.5731048584,25.5799999237,92.6380615234,74.0800933838,23.9799995422
2018-04-25,150.4523925781,9.1644439697,19.5769672394,25.3799991608,92.0175933838,74.0881423950,23.8600006104
2018-04-26,153.6198883057,9.5339775085,19.7739734650,25.2999992371,92.6616134644,74.0962677002,24.5000000000
2018-04-27,153.7146911621,9.5499906540,19.9748439789,25.4200000763,93.3763656616,74.1043395996,24.7000007629
2018-04-30,152.6240234375,9.4107971191,19.9169006348,25.2399997711,93.5412826538,74.0962677002,24.6599998474
2018-05-01,154.3689880371,9.6177368164,19.8550949097,25.0599994659,93.2043914795,74.1019363403,24.8799991608
2018-05-02,153.4586334229,9.5142660141,19.8357830048,25.0599994659,93.1020812988,74.1100463867,24.9400005341
2018-05-03,153.4396820068,9.5081071854,19.8087348938,25.1800003052,93.5192260742,74.1100463867,24.6599998474
2018-05-04,156.3510437012,9.8665552139,19.8975868225,25.2399997711,93.6609344482,74.1262664795,25.0599994659
2018-05-07,157.6502380371,10.0217618942,19.7932910919,25.2399997711,93.5113372803,74.1262664795,25.1399993896
2018-05-08,157.4889984131,9.9995870590,19.2988414764,25.2399997711,93.4247665405,74.1343841553,25.1599998474
2018-05-09,159.2055053711,10.2311620712,19.1636428833,25.2000007629,92.8659286499,74.1343841553,25.7399997711
2018-05-10,160.8555603027,10.4381008148,19.4340419769,25.3400001526,93.6137390137,74.1343841553,26.3600006104
2018-05-11,160.7038269043,10.4183921814,19.4610824585,25.2999992371,93.8498306274,74.1343841553,26.5400009155
2018-05-14,160.9788818359,10.4491872787,19.3876857758,25.2199993134,93.3539352417,74.1343841553,26.9599990845
2018-05-15,159.1959838867,10.2188434601,19.2254505157,24.7999992371,92.2912979126,74.1505584717,25.9799995422
2018-05-16,160.2486419678,10.3555736542,19.0748004913,24.7800006866,91.9371337891,74.1586685181,26.4200000763
2018-05-17,159.6322479248,10.2681150436,18.9202785492,24.7600002289,91.4727020264,74.1586685181,26.8199996948
2018-05-18,158.8072204590,10.1621837616,18.9241466522,24.7999992371,92.2598419189,74.1667785645,26.6599998474
2018-05-21,159.6985778809,10.2804327011,19.0207214355,24.8199996948,92.3070602417,74.1667785645,27.0200004578
2018-05-22,159.4899902344,10.2508707047,19.0902423859,24.7999992371,92.1653671265,74.1667785645,26.9200000763
2018-05-23,160.8366241455,10.4220876694,19.2640800476,24.8199996948,92.8344268799,74.1748352051,27.1000003815
2018-05-24,160.7892456055,10.4122343063,19.4224510193,25.0200004578,93.5743484497,74.1910705566,27.1800003052
2018-05-25,160.9504089355,10.4344053268,19.5074367523,24.9599990845,94.1567993164,74.1991806030,27.0000000000
2018-05-29,160.2391815186,10.3407917023,19.5074367523,24.9599990845,96.2191085815,74.1991806030,25.3999996185
2018-05-30,161.3866271973,10.4849100113,19.6658115387,24.9799995422,95.5736618042,74.1910705566,25.9799995422
2018-05-31,161.2823791504,10.4713602066,19.6967201233,24.9200000763,95.4162292480,74.2072830200,25.8600006104
2018-06-01,163.8144073486,10.8002452850,19.3954162598,24.8199996948,94.9120712280,74.2121505737,26.3600006104
2018-06-04,165.2937774658,10.9850139618,19.2409000397,24.7800006866,94.2256851196,74.2202453613,26.9799995422
2018-06-05,165.8058471680,11.0564546585,19.1404685974,24.8799991608,94.4465942383,74.2202453613,27.1000003815
2018-06-06,166.7731475830,11.1882553101,18.6846446991,24.8799991608,93.6812896729,74.2121505737,27.5400009155
2018-06-07,165.4170227051,11.0133438110,18.8159866333,24.8799991608,94.5885696411,74.2202453613,27.3600006104
2018-06-08,165.4265136719,11.0022573471,18.8082542419,24.9200000763,94.3045425415,74.2365112305,27.4400005341
2018-06-11,165.8722381592,11.0613832474,18.7696323395,24.9400005341,94.1310195923,74.2446060181,27.7199993134
2018-06-12,166.7447204590,11.1783990860,18.9859523773,24.8600006104,94.1546401978,74.2446060181,27.7199993134
2018-06-13,166.7352447510,11.1685457230,18.9357318878,24.9400005341,94.1073150635,74.2365112305,27.5400009155
2018-06-14,168.4232482910,11.4013519287,19.1713676453,25.0000000000,94.8883972168,74.2608566284,28.0200004578
2018-06-15,167.8352813721,11.3212862015,19.3077774048,24.5799999237,94.9752197266,74.2608566284,27.8400001526
2018-06-18,167.7383117676,11.3077373505,19.3701343536,24.5200004578,94.8883972168,74.2527236938,28.0799999237
2018-06-19,167.2631378174,11.2387571335,19.5611114502,24.4599990845,95.4406585693,74.2689743042,27.3999996185
2018-06-20,168.4510650635,11.3988885880,19.5766963959,24.3600006104,94.6043930054,74.2608566284,27.6599998474
2018-06-21,166.9875793457,11.1968784332,19.6429538727,24.2999992371,95.1014175415,74.2689743042,26.7800006866
2018-06-22,166.6168670654,11.1254329681,19.7793636322,24.3600006104,95.0935287476,74.2770462036,27.0599994659
2018-06-25,162.8629913330,10.6413440704,20.1067485809,24.2800006866,95.3065567017,74.2933120728,25.1599998474
2018-06-26,163.5282440186,10.7312631607,20.1301345825,24.1399993896,95.4406585693,74.2851791382,25.6599998474
2018-06-27,161.3044433594,10.4270162582,20.2275676727,24.0000000000,96.3400573730,74.3014221191,25.0000000000
2018-06-28,162.6919708252,10.6167116165,20.2197723389,23.9400005341,96.3637619019,74.3014221191,25.1800003052
2018-06-29,163.1290588379,10.6499671936,20.2509498596,24.0400009155,96.0324020386,74.3176422119,25.4400005341
2018-07-02,164.2220153809,10.8100996017,20.3951568604,23.7999992371,95.9572677612,74.3070983887,25.4400005341
2018-07-03,162.3213195801,10.5575847626,20.4536170959,24.0200004578,96.4712677002,74.3233184814,25.3999996185
2018-07-05,164.3360595703,10.8199529648,20.5627422333,24.1000003815,96.7480468750,74.3233184814,25.7600002289
2018-07-06,166.8925476074,11.1463737488,20.7225379944,24.0599994659,97.0643234253,74.3396072388,26.4799995422
2018-07-09,168.3940887451,11.3533124924,20.0833587646,24.1200008392,96.4396743774,74.3396072388,27.1399993896
2018-07-10,168.5176391602,11.3705606461,20.2743358612,24.0799999237,96.4316864014,74.3477020264,27.4200000763
2018-07-11,167.6623535156,11.2572355270,20.4575119019,23.7999992371,96.8033752441,74.3477020264,26.9400005341
2018-07-12,170.5514373779,11.6267700195,20.4731044769,23.8999996185,96.7954711914,74.3477020264,27.4200000763
2018-07-13,170.6939392090,11.6501741409,20.4770011902,23.7999992371,97.0406036377,74.3558349609,27.5400009155
2018-07-16,170.2853393555,11.5996685028,20.4575119019,23.8199996948,96.6373138428,74.3640060425,27.6200008392
2018-07-17,171.3212127686,11.7450199127,20.4419231415,23.5400009155,96.4554519653,74.3640060425,27.7600002289
2018-07-18,170.9980621338,11.6932830811,20.3366947174,23.5400009155,96.0679626465,74.3720932007,27.9400005341
2018-07-19,170.1427612305,11.5787305832,20.5237731934,23.4599990845,96.6768875122,74.3802032471,27.6200008392
2018-07-20,170.1047515869,11.5639495850,20.3795661926,23.6200008392,95.4907226562,74.3883743286,27.5799999237
2018-07-23,170.6464385986,11.6366224289,20.2353630066,23.5000000000,94.3125152588,74.3802032471,27.6200008392
2018-07-24,171.3497161865,11.7376289368,20.3055171967,23.5000000000,94.6367187500,74.3964614868,27.9200000763
2018-07-25,173.7446441650,12.0591239929,20.3639793396,23.6399993896,94.4865036011,74.3883743286,27.9400005341
2018-07-26,171.1121368408,11.7092971802,20.5822353363,23.4599990845,94.3046493530,74.3964614868,27.9400005341
2018-07-27,168.8027191162,11.3865728378,20.5159759521,23.4599990845,94.4627532959,74.4127120972,27.5000000000
2018-07-30,166.4173431396,11.0601501465,20.3912658691,23.4400005341,94.1385803223,74.4046249390,27.1000003815
2018-07-31,167.6908111572,11.1870231628,20.5744400024,23.4799995422,94.6525268555,74.4208450317,27.4799995422
2018-08-01,168.3275756836,11.3052730560,20.4419231415,23.3199996948,93.8814086914,74.4249267578,27.6399993896
2018-08-02,170.6179656982,11.6132221222,20.5432605743,23.1800003052,94.0161132812,74.4330520630,27.7999992371
2018-08-03,171.1406402588,11.6797342300,20.7732028961,23.2800006866,94.4837570190,74.4330520630,27.9599990845
2018-08-06,172.1479644775,11.8250865936,20.7888011932,23.1599998474,94.5392150879,74.4412384033,28.4799995422
2018-08-07,172.7752075195,11.8952980042,20.7576160431,23.2000007629,94.0478439331,74.4493637085,28.8199996948
2018-08-08,172.9843139648,11.9162349701,20.6484909058,23.2600002289,94.1429290771,74.4412384033,29.0200004578
2018-08-09,172.8798217773,11.9063825607,20.7420291901,23.2399997711,94.9354705811,74.4493637085,28.8199996948
2018-08-10,171.5588073730,11.7290086746,20.6523838043,23.2199993134,95.6249847412,74.4656066895,28.1000003815
2018-08-13,171.3687591553,11.7080669403,20.6796665192,22.8999996185,95.4268188477,74.4737243652,27.2600002289
2018-08-14,172.4426574707,11.8497219086,20.7225379944,22.9200000763,95.2128677368,74.4574813843,27.9599990845
2018-08-15,170.3328552246,11.5651788712,20.9135131836,22.5400009155,95.7676391602,74.4737243652,27.0599994659
2018-08-16,170.8935394287,11.6292343140,21.1395606995,22.5200004578,95.7596893311,74.4737243652,27.8199996948
2018-08-17,170.9315643311,11.6353931427,21.2486877441,22.7000007629,95.8785552979,74.4819030762,28.2199993134
2018-08-20,170.7794952393,11.6181459427,21.1746387482,22.8199996948,96.5205078125,74.4819030762,28.4799995422
2018-08-21,171.4067230225,11.6982135773,21.0226383209,22.8999996185,96.1955871582,74.4900207520,28.1800003052
2018-08-22,172.0720367432,11.7844362259,20.8667411804,22.9400005341,96.5759658813,74.4900207520,28.3600006104
2018-08-23,171.8249053955,11.7499456406,20.8511524200,22.7399997711,96.7265319824,74.5144729614,28.4200000763
2018-08-24,173.4214630127,11.9655075073,20.9407958984,23.1200008392,96.9167633057,74.5144729614,28.5000000000
2018-08-27,175.1891479492,12.2069377899,20.8121776581,23.2000007629,96.3619995117,74.5225753784,28.4799995422
2018-08-28,175.4457397461,12.2451210022,20.7693080902,23.0400009155,95.7834930420,74.5225753784,28.4400005341
2018-08-29,177.4700012207,12.5284318924,20.9213123322,23.1399993896,95.9102630615,74.5144729614,28.4599990845
2018-08-30,177.1564178467,12.4754657745,20.9291057587,23.0200004578,96.1163558960,74.5469970703,28.1599998474
2018-08-31,177.3844909668,12.5050268173,20.8394603729,23.0000000000,95.8944244385,74.5388641357,28.3400001526
2018-09-04,176.6242065430,12.4040193558,20.9330024719,22.8999996185,95.3399963379,74.5453643799,28.3199996948
2018-09-05,174.3433074951,12.0825262070,21.2253017426,22.9599990845,95.0858230591,74.5372543335,28.1200008392
2018-09-06,172.7847290039,11.8645048141,21.3461246490,23.0200004578,95.4353713989,74.5535507202,27.7399997711
2018-09-07,172.1194763184,11.7905960083,21.0849952698,22.9200000763,94.6251525879,74.5698318481,27.4599990845
2018-09-10,172.6992034912,11.8447923660,21.1902275085,22.9200000763,94.9746322632,74.5698318481,27.8600006104
2018-09-11,174.0297241211,12.0246334076,21.1356658936,22.9599990845,94.2518386841,74.5779953003,28.3199996948
2018-09-12,173.5165405273,11.9605808258,21.1161727905,23.1200008392,94.4742126465,74.5779953003,28.4599990845
2018-09-13,175.3697204590,12.1946191788,21.2759704590,23.0400009155,94.6171798706,74.5779953003,28.8999996185
2018-09-14,174.8565216064,12.1305675507,21.1629428864,22.9200000763,94.1644363403,74.5861434937,29.1800003052
2018-09-17,172.3381042480,11.7881307602,21.2331027985,23.0000000000,94.1644363403,74.6024093628,28.7399997711
2018-09-18,173.7635955811,11.9765939713,21.1941299438,22.9799995422,93.1794815063,74.6024093628,28.6749992371
2018-09-19,173.6305541992,11.9618139267,20.7342262268,23.0599994659,92.6235198975,74.6024093628,29.2900009155
2018-09-20,175.5502929688,12.2106313705,20.7770957947,23.1399993896,93.0524063110,74.6187591553,29.6250000000
2018-09-21,174.5904846191,12.0862236023,20.8655815125,22.9799995422,93.0127182007,74.6187591553,29.4750003815
2018-09-24,175.0760192871,12.1453485489,20.6807575226,22.9799995422,92.7743835449,74.6268920898,29.5100002289
2018-09-25,175.3140258789,12.1835336685,20.3976192474,23.0400009155,92.6791076660,74.6268920898,29.3449993134
2018-09-26,175.4377441406,12.1921558380,20.1970596313,22.8999996185,93.3304138184,74.6268920898,29.1949996948
2018-09-27,176.9230194092,12.3990945816,20.4054889679,22.7199993134,93.3939666748,74.6431808472,29.4050006866
2018-09-28,176.8848876953,12.4015588760,20.7043533325,22.8600006104,93.1477279663,74.6431808472,29.5450000763
2018-10-01,177.2467041016,12.4422092438,20.6335697174,22.7999992371,92.4639129639,74.6480712891,29.6499996185
2018-10-02,176.8468627930,12.3843135834,20.9127712250,23.0599994659,93.0290908813,74.6562423706,29.6200008392
2018-10-03,177.0372619629,12.4200344086,20.6610927582,23.0000000000,91.4130859375,74.6562423706,29.7500000000
2018-10-04,173.6383819580,11.9384088516,20.7712001801,22.9799995422,90.7682418823,74.6726226807,28.8500003815
2018-10-05,171.5152587891,11.6526374817,21.0897312164,23.0599994659,89.9881057739,74.6807556152,28.5100002289
2018-10-08,170.4679870605,11.5023565292,21.2666931152,22.7800006866,89.6856079102,74.6807556152,28.3799991608
2018-10-09,171.0201873779,11.5664119720,21.3532047272,22.8400001526,90.5931167603,74.6726226807,28.1599998474
2018-10-10,163.4988098145,10.5588159561,21.2352352142,22.8799991608,90.3463745117,74.6888885498,25.8199996948
2018-10-11,161.4709320068,10.2939834595,20.8459167480,23.4400005341,91.4449539185,74.6970520020,24.6299991608
2018-10-12,165.9647064209,10.8655290604,20.8223247528,23.3600006104,91.1264648438,74.6970520020,25.7500000000
2018-10-15,163.9558410645,10.5896110535,20.9206352234,23.5000000000,91.0866775513,74.7052383423,25.5450000763
2018-10-16,168.7257080078,11.2054996490,21.1369228363,23.5000000000,91.2936859131,74.7133789062,26.4650001526
2018-10-17,168.7923431396,11.2190485001,21.0975990295,23.4400005341,90.7523269653,74.7133789062,26.3199996948
2018-10-18,164.8792877197,10.7177152634,21.1290588379,23.5000000000,90.7204818726,74.7133789062,25.3899993896
2018-10-19,164.7270050049,10.6770668030,21.4593830109,23.5000000000,90.5214614868,74.7215652466,25.5200004578
2018-10-22,165.5743560791,10.7891597748,21.3217449188,23.4400005341,90.4020462036,74.7378692627,25.4200000763
2018-10-23,164.9650421143,10.7189474106,21.2037734985,23.5799999237,90.6886291504,74.7378692627,24.9449996948
2018-10-24,157.4151000977,9.7236700058,21.7189235687,23.6200008392,91.3732528687,74.7460556030,23.7749996185
2018-10-25,162.8609161377,10.3802080154,21.3807334900,23.6000003815,90.9911880493,74.7541885376,24.2350006104
2018-10-26,158.6718597412,9.8825683594,20.9874916077,23.6399993896,91.5404205322,74.7623901367,23.5349998474
2018-10-29,155.4062347412,9.5019493103,21.2824249268,23.5599994659,91.3334884644,74.7623901367,23.4950008392
2018-10-30,157.9673004150,9.7519979477,21.3650054932,23.4599990845,90.8797378540,74.7623901367,23.9099998474
2018-10-31,161.6803741455,10.2003688812,21.1133270264,23.3400001526,90.4179992676,74.7705535889,24.2950000763
2018-11-01,163.8130187988,10.4947624207,21.0189456940,23.6399993896,90.5018157959,74.7869186401,24.6900005341
2018-11-02,161.2614898682,10.1781949997,20.9009742737,23.6399993896,89.3765792847,74.7869186401,24.5900001526
2018-11-05,160.8616333008,10.1079854965,21.1959075928,23.6000003815,89.7277145386,74.7950897217,24.7000007629
2018-11-06,162.0802459717,10.2619571686,21.3374786377,23.5000000000,89.6718902588,74.7950897217,25.1200008392
2018-11-07,167.1643066406,10.8963241577,21.5812892914,23.5000000000,89.7915573120,74.8032531738,26.0499992371
2018-11-08,166.0980224609,10.7632913589,21.5458965302,23.4400005341,89.7835617065,74.8114166260,26.2150001526
2018-11-09,163.2988891602,10.3974542618,21.5773563385,23.2000007629,90.4538955688,74.8277816772,25.7150001526
2018-11-12,158.3576965332,9.7827939987,21.5655612946,23.0200004578,91.0444183350,74.8195800781,24.6949996948
2018-11-13,158.4909210205,9.7864913940,21.6560039520,23.0200004578,90.9885482788,74.8277816772,24.5650005341
2018-11-14,157.2818298340,9.6226644516,21.4318542480,23.2199993134,91.0444183350,74.8195800781,24.2649993896
2018-11-15,160.0332946777,9.9650993347,21.2548904419,23.2399997711,91.0045547485,74.8441162109,24.3999996185
2018-11-16,159.4715423584,9.8985824585,21.5812892914,23.3999996185,91.5312118530,74.8523101807,24.9650001526
2018-11-19,154.2923278809,9.2469720840,21.6756668091,23.4599990845,91.7865600586,74.8441162109,24.3500003815
2018-11-20,151.5312957764,8.9230127335,21.5852203369,23.4400005341,91.8184661865,74.8605270386,23.5249996185
2018-11-21,152.6833190918,9.0498847961,21.2666931152,23.5000000000,91.7865600586,74.8768310547,23.8050003052
2018-11-23,151.5789337158,8.9180860519,21.2784919739,23.4400005341,91.8823089600,74.8768310547,23.7199993134
2018-11-26,155.0825347900,9.3294982910,21.4043273926,23.4400005341,91.6748428345,74.8850173950,24.3750000000
2018-11-27,155.6062164307,9.3960151672,21.5655612946,23.2800006866,91.7786026001,74.8850173950,24.6200008392
2018-11-28,160.6140289307,9.9872694016,21.5498275757,23.3999996185,91.3317413330,74.8931884766,24.9650001526
2018-11-29,160.0904541016,9.9281444550,21.5419635773,23.4599990845,91.6907958984,74.9013671875,24.7299995422
2018-11-30,161.2519378662,10.0808849335,21.8604946136,23.4200000763,92.0339279175,74.9095306396,25.0550003052
2018-12-03,164.0700836182,10.4159278870,22.0807094574,23.5799999237,92.6874618530,74.9070968628,25.7800006866
2018-12-04,157.7768707275,9.6177368164,22.0964374542,23.7399997711,94.2391586304,74.9153137207,24.1550006866
2018-12-06,158.8907775879,9.7556982040,22.1200294495,23.7199993134,94.5351104736,74.9316635132,23.8099994659
2018-12-07,153.6449279785,9.1028518677,22.2026119232,23.9200000763,94.7110519409,74.9398651123,22.9549999237
2018-12-10,155.2539215088,9.2974720001,22.2458724976,23.8400001526,95.1030273438,74.9480361938,23.0300006866
2018-12-11,155.7680358887,9.3553676605,22.3363170624,23.8199996948,95.0870285034,74.9398651123,23.0650005341
2018-12-12,157.1390228271,9.5216569901,22.1947498322,23.8799991608,94.6631240845,74.9562606812,23.1650009155
2018-12-13,157.1865844727,9.5302810669,22.3874397278,23.8400001526,94.4391098022,74.9644165039,23.3400001526
2018-12-14,153.3593139648,9.0375671387,22.3441829681,23.7399997711,94.7670669556,74.9726181030,22.9750003815
2018-12-17,149.8842468262,8.6581802368,21.6245479584,23.8799991608,95.3189392090,74.9808120728,22.2999992371
2018-12-18,150.8267822266,8.7530269623,21.4790458679,23.9200000763,95.8897933960,74.9808120728,22.2500000000
2018-12-19,147.1232299805,8.3391475677,21.4436492920,23.8199996948,97.1565856934,74.9726104736,22.3150005341
2018-12-20,144.9905548096,8.0890970230,21.4318542480,24.1800003052,96.8038330078,74.9890289307,21.7700004578
2018-12-21,140.4968261719,7.5680551529,21.3402404785,24.0599994659,96.7878189087,75.0054244995,21.2099990845
2018-12-24,137.0127563477,7.2083759308,20.4479293823,24.2999992371,97.2688369751,75.0136032104,20.6499996185
2018-12-26,145.5677642822,8.0958633423,20.7255363464,24.2800006866,96.2265930176,75.0054244995,21.1749992371
2018-12-27,146.1310882568,8.1636581421,20.9000358582,24.4200000763,96.2425918579,75.0300521851,20.7749996185
2018-12-28,146.0546875000,8.1537961960,20.9515933990,24.5400009155,97.0523300171,75.0382385254,20.7700004578
2018-12-31,147.2863616943,8.2819900513,20.9872798920,24.5799999237,97.4211807251,75.0464630127,21.1499996185
2019-01-02,147.8783111572,8.3436212540,20.6263866425,24.6000003815,97.9343032837,75.0382385254,21.4950008392
2019-01-03,143.0471343994,7.7840108871,20.6224212646,24.8199996948,99.0487289429,75.0628509521,20.9599990845
2019-01-04,149.1673278809,8.4816741943,20.9277954102,24.6399993896,97.9021987915,75.0710525513,21.8299999237
2019-01-07,150.9432373047,8.6530065536,20.7850208282,24.7000007629,97.6135635376,75.0710525513,22.0550003052
2019-01-08,152.3086090088,8.8255758286,21.0428047180,24.6399993896,97.3570480347,75.0710525513,22.2900009155
2019-01-09,153.5498352051,8.9574670792,20.9158992767,24.7800006866,97.2046508789,75.0710525513,22.5349998474
2019-01-10,153.9890289307,9.0030717850,21.1895427704,24.6399993896,96.5792999268,75.0792465210,22.6599998474
2019-01-11,153.4257354736,8.9488382339,21.1102199554,24.6800003052,96.9561614990,75.0956649780,23.0349998474
2019-01-14,152.0699005127,8.7861318588,20.6343231201,24.7399997711,96.5953979492,75.0874938965,22.9950008392
2019-01-15,155.0393066406,9.1324977875,20.8881378174,24.7000007629,96.2425918579,75.1038818359,23.5149993896
2019-01-16,155.0106353760,9.1300334930,20.9634876251,24.7800006866,96.3387908936,75.1120986938,23.2950000763
2019-01-17,156.2327575684,9.2594585419,21.0507411957,24.7600002289,96.3628463745,75.1285247803,23.4050006866
2019-01-18,157.7795104980,9.4394226074,21.0745353699,24.5400009155,95.8577423096,75.1285247803,23.7849998474
2019-01-22,154.6192169189,9.0794982910,21.1141891479,24.6000003815,96.5071716309,75.1366958618,22.7649993896
2019-01-23,154.8196716309,9.0905885696,21.3283500671,24.5799999237,96.4670562744,75.1366958618,22.7250003815
2019-01-24,155.8221893311,9.2002944946,21.4393939972,24.5200004578,97.1004486084,75.1613388062,23.1000003815
2019-01-25,157.6840820312,9.4320240021,21.1459217072,24.8999996185,96.6354293823,75.1531295776,23.5349998474
2019-01-28,155.7362518311,9.1904315948,21.0467700958,24.9599990845,96.5392150879,75.1613388062,23.0450000763
2019-01-29,154.2659606934,9.0104694366,21.1062622070,25.1399993896,97.0282745361,75.1613388062,23.0750007629
2019-01-30,158.1901092529,9.4862613678,21.2688598633,25.2600002289,96.9561614990,75.1777420044,23.6049995422
2019-01-31,160.5579986572,9.7586688995,21.7169990540,25.2800006866,97.7899475098,75.1777420044,24.0949993134
2019-02-01,159.8801116943,9.6686887741,21.6337184906,25.2399997711,97.1993637085,75.1851272583,24.2150001526
2019-02-04,161.8660278320,9.9065856934,21.6694107056,25.1200008392,96.7653884888,75.1933517456,24.6149997711
2019-02-05,163.2982482910,10.0853185654,21.7130317688,25.1800003052,97.2073974609,75.1933517456,24.6900005341
2019-02-06,162.8112945557,10.0187549591,21.7011413574,25.0200004578,97.2556228638,75.2098007202,24.7749996185
2019-02-07,160.6248474121,9.7488107681,21.9866733551,25.1000003815,97.8984680176,75.2098007202,24.3750000000
2019-02-08,160.9399108887,9.7796258926,22.0818595886,25.1800003052,98.3163146973,75.2262649536,24.5049991608
2019-02-11,160.7871398926,9.7672996521,22.0739288330,25.0599994659,97.9305953979,75.2180252075,24.6450004578
2019-02-12,163.1645660400,10.0594291687,22.1254825592,25.1200008392,97.6814727783,75.2344436646,24.8500003815
2019-02-13,163.2791442871,10.0655946732,22.0620288849,25.0200004578,97.3118667603,75.2344436646,24.8950004578
2019-02-14,163.4796752930,10.0828504562,22.0263366699,25.1599998474,97.8663330078,75.2509002686,24.6650009155
2019-02-15,164.1670837402,10.1777648926,22.0937614441,25.3199996948,98.0190277100,75.2509002686,25.0849990845
2019-02-19,164.4917297363,10.2110424042,22.2246303558,25.6800003052,98.2680969238,75.2673645020,25.0550003052
2019-02-20,164.4631195068,10.2098093033,22.3237800598,25.6599998474,97.9868240356,75.2673645020,25.5499992371
2019-02-21,163.8615417480,10.1259946823,22.4863758087,25.3400001526,97.1109542847,75.2755813599,25.3950004578
2019-02-22,165.0742340088,10.2800693512,22.6251773834,25.4599990845,97.6895370483,75.2920074463,25.8649997711
2019-02-25,165.6757049561,10.3540277481,22.4784469604,25.4400005341,97.4002380371,75.2837753296,25.6299991608
2019-02-26,165.8475341797,10.3725175858,22.4506893158,25.4599990845,97.8823623657,75.2920074463,25.5149993896
2019-02-27,165.7425231934,10.3552608490,22.4784469604,25.2999992371,96.7734298706,75.3002471924,25.4950008392
2019-02-28,165.3606567383,10.3071870804,22.6093158722,25.1599998474,96.4439926147,75.3166732788,25.5200004578
2019-03-01,166.5063781738,10.4575662613,22.6569061279,24.7199993134,95.5525894165,75.3249053955,26.0900001526
2019-03-04,166.5350036621,10.4526376724,22.6965618134,24.6599998474,96.3014678955,75.3167114258,25.7700004578
2019-03-05,166.6591339111,10.4674272537,22.6688060760,24.6800003052,96.5027999878,75.3249053955,25.7000007629
2019-03-06,165.7138519287,10.3441677094,22.6688060760,24.6399993896,96.8570938110,75.3331604004,25.3199996948
2019-03-07,163.6801452637,10.0927114487,22.7441539764,24.6200008392,97.4851989746,75.3496322632,24.8600006104
2019-03-08,163.4318542480,10.0569648743,22.8234710693,24.8999996185,97.8958892822,75.3578720093,24.7849998474
2019-03-11,166.8309783936,10.4772911072,22.9860706329,24.7800006866,97.6059875488,75.3578720093,25.7000007629
2019-03-12,167.7475738525,10.5956211090,23.1447067261,24.9400005341,98.2904739380,75.3661193848,26.0650005341
2019-03-13,169.0079193115,10.7496986389,23.1684951782,25.1200008392,98.1052703857,75.3743133545,26.1900005341
2019-03-14,168.7214202881,10.7090225220,23.1645317078,24.8199996948,97.3966293335,75.3743133545,26.4050006866
2019-03-15,170.2873229980,10.8926849365,23.2484378815,24.9200000763,98.0408248901,75.3825836182,26.6599998474
2019-03-18,170.6928558350,10.9493846893,23.1605358124,24.9599990845,97.9844284058,75.3908081055,26.6200008392
2019-03-19,171.2668151855,11.0282716751,22.8968524933,25.0200004578,97.7670593262,75.3908081055,26.5000000000
2019-03-20,171.9459686279,11.1186866760,22.9567832947,25.1800003052,98.7897338867,75.3908081055,26.3850002289
2019-03-21,174.6337890625,11.4603643417,23.2004909515,25.0799999237,99.0071563721,75.4155349731,26.5550003052
2019-03-22,170.7980804443,10.9472332001,23.3682918549,25.1399993896,100.5452041626,75.4155349731,25.0149993896
2019-03-25,170.4729156494,10.9188613892,23.3882694244,25.3400001526,100.7062454224,75.4155349731,25.0100002289
2019-03-26,171.2668151855,11.0175409317,23.5560703278,25.2199993134,100.6337738037,75.4237442017,25.6949996948
2019-03-27,170.1667938232,10.8867921829,23.3922691345,25.0799999237,101.5598068237,75.4319839478,25.5100002289
2019-03-28,170.5590057373,10.9213304520,23.1165924072,24.7199993134,101.9141616821,75.4484786987,25.7700004578
2019-03-29,171.8502960205,11.0927820206,23.2404422760,24.7600002289,101.8174896240,75.4484786987,26.1800003052
2019-04-01,174.1268157959,11.3900556564,23.0806312561,24.6399993896,100.3712997437,75.4616851807,26.4050006866
2019-04-02,174.7868652344,11.4603643417,23.1125965118,24.7399997711,100.5569000244,75.4533996582,26.4449996948
2019-04-03,175.7911834717,11.5923500061,23.0766353607,24.7000007629,99.6853561401,75.4616851807,26.3500003815
2019-04-04,175.7242431641,11.5824794769,22.9967308044,24.7600002289,99.9677886963,75.4864578247,26.4650001526
2019-04-05,176.6329803467,11.6959581375,23.2124767303,24.7399997711,100.0969085693,75.4864578247,26.7500000000
2019-04-08,177.0825042725,11.7564001083,23.0486717224,24.8600006104,99.7418136597,75.4864578247,26.8199996948
2019-04-09,176.4607696533,11.6737585068,23.1046104431,24.9599990845,100.0565795898,75.4946670532,26.3400001526
2019-04-10,177.4077453613,11.7995738983,23.0326976776,25.0400009155,100.2986984253,75.4946670532,26.6949996948
2019-04-11,176.9868469238,11.7416000366,23.1485538483,24.7399997711,99.7095336914,75.5194168091,26.9699993134
2019-04-12,177.7520904541,11.8378124237,23.2564277649,24.7000007629,98.9993362427,75.5194168091,27.5750007629
2019-04-15,177.7807922363,11.8390445709,23.2524337769,24.6599998474,99.2495040894,75.5276718140,27.7500000000
2019-04-16,178.3929901123,11.9192218781,22.9647731781,24.4599990845,98.6280975342,75.5276718140,27.8250007629
2019-04-17,179.0147094727,11.9994001389,22.8768768311,24.4200000763,98.6684646606,75.5442047119,27.7600002289
2019-04-18,179.2442779541,12.0253009796,22.8888664246,24.4400005341,99.1849899292,75.5524673462,27.9799995422
2019-04-22,179.7512359619,12.0968465805,22.8688888550,24.4200000763,98.7088165283,75.5524673462,28.1000003815
2019-04-23,182.0373382568,12.4015178680,22.9328117371,24.3600006104,98.9186477661,75.5524673462,28.2000007629
2019-04-24,181.4634552002,12.3225746155,23.0806312561,24.4400005341,99.7256774902,75.5689468384,27.8700008392
2019-04-25,182.1999359131,12.4064512253,23.1765174866,24.4599990845,99.5804138184,75.5854568481,27.5849990845
2019-04-26,182.3625488281,12.4434556961,23.2124767303,24.6000003815,99.9193496704,75.5772171021,28.0599994659
2019-04-29,182.7164764404,12.4804611206,23.0766353607,24.5000000000,99.2818145752,75.5854568481,27.8400001526
2019-04-30,181.3008575439,12.2954378128,23.4561862946,24.5799999237,99.7902297974,75.5937118530,27.8299999237
2019-05-01,180.7173309326,12.2004585266,23.2164783478,24.4200000763,100.2019042969,75.5970077515,27.2950000763
2019-05-02,179.9329833984,12.1079463959,23.1645336151,24.3400001526,99.7247161865,75.6053161621,27.2600002289
2019-05-03,182.8025665283,12.4878635406,23.2923870087,24.4599990845,100.0077819824,75.6135482788,27.9300003052
2019-05-06,181.6834564209,12.3423089981,23.1645336151,24.5000000000,100.2827758789,75.6218414307,27.1350002289
2019-05-07,178.1443328857,11.8464460373,23.0926208496,24.5799999237,101.0510101318,75.6301193237,24.9050006866
2019-05-08,177.6947479248,11.7749042511,22.7769947052,24.5200004578,100.6143417358,75.6301193237,25.2600002289
2019-05-09,176.7381744385,11.6663599014,22.7490291595,24.6000003815,101.0268096924,75.6383972168,25.3150005341
2019-05-10,176.9581756592,11.6897916794,23.1565494537,24.6399993896,100.8893356323,75.6548995972,26.3099994659
2019-05-13,170.8172302246,10.8695230484,23.4042568207,24.8799991608,101.6818618774,75.6466369629,24.3600006104
2019-05-14,172.6920623779,11.1088190079,23.2484378815,24.8400001526,101.3826751709,75.6548995972,24.9799995422
2019-05-15,175.1311645508,11.4122571945,23.2084827423,24.7999992371,102.0053482056,75.6631927490,25.5100002289
2019-05-16,176.8912048340,11.6441535950,23.3642997742,24.6399993896,101.6657257080,75.6714324951,26.0699996948
2019-05-17,175.0833892822,11.4060897827,23.4841575623,24.4400005341,101.8921127319,75.6797180176,25.8799991608
2019-05-20,172.1277008057,11.0298757553,23.5161151886,24.4400005341,101.6818618774,75.6879959106,25.7099990845
2019-05-21,173.9259948730,11.2506723404,23.5600643158,24.3799991608,101.5201339722,75.6879959106,26.3250007629
2019-05-22,173.1511993408,11.1507587433,23.7358589172,24.3799991608,102.1024398804,75.7045135498,26.4899997711
2019-05-23,170.5016174316,10.8041477203,23.9396152496,24.5599994659,103.2508163452,75.7210388184,25.5699996948
2019-05-24,170.4155120850,10.7893466949,23.9036560059,24.5799999237,103.3397827148,75.7210388184,25.8600006104
2019-05-28,169.7746124268,10.7079343796,23.5121231079,24.4799995422,104.0837783813,75.7293243408,25.4599990845
2019-05-29,168.3781127930,10.5364770889,23.2004909515,24.5000000000,104.3992156982,75.7293243408,25.2000007629
2019-05-30,169.0859680176,10.6265249252,23.1645336151,24.6599998474,105.2969055176,75.7541503906,25.4549999237
2019-05-31,166.3885040283,10.2712764740,23.2724113464,25.0200004578,106.6151275635,75.7541503906,24.9099998474
2019-06-03,162.7249908447,9.8395566940,23.5041332245,25.3600006104,107.3282623291,75.7508163452,24.8250007629
2019-06-04,167.3067626953,10.3773574829,23.5241050720,25.3999996185,106.1045989990,75.7673721313,25.5100002289
2019-06-05,168.5502319336,10.5303106308,24.0275115967,25.4599990845,105.5049285889,75.7673721313,25.7950000763
2019-06-06,169.8894042969,10.6918983459,24.1753330231,25.5200004578,105.8452911377,75.7922439575,26.0499992371
2019-06-07,173.1702880859,11.1014184952,23.9955539703,25.6599998474,106.7610015869,75.7839279175,25.9400005341
2019-06-10,175.1885681152,11.3555164337,23.8317470551,25.4400005341,105.7560653687,75.8004608154,26.0849990845
2019-06-11,175.4277038574,11.3949871063,23.6879196167,25.3799991608,105.8209609985,75.7922439575,26.0200004578
2019-06-12,174.4138031006,11.2691736221,23.9955539703,25.5200004578,105.9019546509,75.8004608154,26.0900001526
2019-06-13,175.4468688965,11.3999223709,24.0434951782,25.6599998474,106.2667236328,75.8253479004,26.1700000763
2019-06-14,174.7007446289,11.2864418030,24.2952003479,25.6599998474,106.5340652466,75.8336410522,26.2800006866
2019-06-17,175.7529602051,11.4295282364,24.2272796631,25.6399993896,106.7205200195,75.8336410522,26.4500007629
2019-06-18,178.3068847656,11.7625703812,24.1273937225,25.7600002289,107.2553024292,75.8336410522,26.5200004578
2019-06-19,178.9764404297,11.8489141464,24.3111743927,25.9400005341,107.4093246460,75.8502120972,26.9699993134
2019-06-20,180.6408081055,12.0647735596,24.4669895172,26.5799999237,107.6929321289,75.8584823608,26.9200000763
2019-06-21,180.3730316162,12.0351705551,24.5616321564,26.7800006866,106.5098190308,75.8584823608,26.6049995422
2019-06-24,180.3787536621,12.0314712524,24.5696849823,27.1800003052,107.3040008545,75.8667831421,26.7749996185
2019-06-25,177.2822875977,11.6144981384,24.4206809998,27.2399997711,107.6362304688,75.8667831421,26.3750000000
2019-06-26,178.1067504883,11.7181549072,23.8890953064,26.9599990845,106.9473876953,75.8833389282,26.4850006104
2019-06-27,178.7873535156,11.8119382858,23.9213123322,26.9599990845,107.7010345459,75.8833389282,26.7099990845
2019-06-28,179.0174407959,11.8477268219,24.0139350891,27.0000000000,107.6281356812,75.8916549683,26.9349994659
2019-07-01,181.4332122803,12.1549959183,23.9535312653,26.5000000000,107.3764266968,75.8874969482,27.6800003052
2019-07-02,182.1522521973,12.2537155151,24.2797279358,27.0599994659,108.2046279907,75.8957977295,28.1650009155
2019-07-03,183.5230865479,12.4277133942,24.4488677979,27.1200008392,108.9760284424,75.9206695557,28.2849998474
2019-07-05,183.1492156982,12.3869895935,24.4367866516,26.7999992371,107.5307006836,75.9124069214,28.2000007629
2019-07-08,181.8646545410,12.2043542862,24.4730339050,26.6399993896,107.6767883301,75.9124069214,27.8099994659
2019-07-09,182.7753753662,12.3277559280,24.5052452087,26.7199993134,107.6362152100,75.9206695557,27.7849998474
2019-07-10,184.5967559814,12.5683851242,24.5616321564,27.1399993896,107.0435104370,75.9290008545,28.1749992371
2019-07-11,184.4625854492,12.5486440659,24.5696849823,26.9200000763,105.6143951416,75.9455947876,28.4400005341
2019-07-12,185.5266876221,12.6930236816,24.4085979462,27.0799999237,105.7361907959,75.9538803101,28.6900005341
2019-07-15,186.1210327148,12.7633609772,24.5052452087,27.0799999237,106.3452072144,75.9538803101,28.7099990845
2019-07-16,185.1623687744,12.6362590790,24.3642997742,26.8600006104,106.0285415649,75.9621658325,28.6550006866
2019-07-17,184.2516937256,12.5153245926,24.4569225311,27.2800006866,107.1734313965,75.9621658325,28.3349990845
2019-07-18,184.4625854492,12.5548133850,24.6703586578,27.6599998474,107.1815261841,75.9870758057,28.4449996948
2019-07-19,183.1108245850,12.3413324356,24.3119487762,27.2999992371,106.9298477173,75.9870758057,28.2900009155
2019-07-22,184.5680389404,12.5535793304,24.2595939636,27.2600002289,107.1328125000,75.9870758057,28.5349998474
2019-07-23,185.7759246826,12.7115325928,24.1065578461,27.1200008392,106.5482177734,75.9787673950,29.0849990845
2019-07-24,187.0796966553,12.8879976273,24.1266956329,27.2399997711,107.0109863281,75.9953689575,29.4549999237
2019-07-25,185.3061828613,12.6387271881,24.0662879944,27.0599994659,106.4994888306,76.0119705200,28.9850006104
2019-07-26,187.2138671875,12.8929309845,24.1548843384,27.1000003815,106.7511825562,76.0036773682,29.3799991608
2019-07-29,186.5716094971,12.8139553070,24.2797279358,27.2800006866,106.7835998535,76.0202636719,29.2450008392
2019-07-30,185.7663421631,12.6954917908,24.0944786072,27.3799991608,107.0435104370,76.0202636719,28.8799991608
2019-07-31,183.1971282959,12.3586063385,23.9817161560,27.0400009155,107.9041824341,76.0286026001,28.0949993134
2019-08-01,182.2864532471,12.2191619873,24.2273788452,27.6599998474,110.0471649170,76.0493392944,26.9799995422
2019-08-02,179.6022796631,11.8637685776,24.2233562469,27.5799999237,111.0641937256,76.0493392944,26.8799991608
2019-08-05,173.2559661865,11.0036611557,23.8770141602,27.9599990845,112.9842834473,76.0410614014,24.9750003815
2019-08-06,175.6813812256,11.3269739151,24.1750202179,28.2000007629,113.8874206543,76.0493392944,25.5799999237
2019-08-07,176.6304321289,11.4244604111,24.2354297638,28.6000003815,113.9281082153,76.0659561157,25.5750007629
2019-08-08,180.4745941162,11.9402790070,24.4851112366,28.7800006866,114.1721115112,76.0743026733,26.3050003052
2019-08-09,178.7778167725,11.7132186890,24.5133056641,28.6599998474,113.9443511963,76.0659561157,25.8449993134
2019-08-12,176.7263031006,11.4466753006,24.4649772644,28.9200000763,116.3200607300,76.0826187134,24.9099998474
2019-08-13,180.5991973877,11.9600200653,24.4810886383,28.7600002289,115.9214019775,76.0909194946,25.7800006866
2019-08-14,175.2020874023,11.2159118652,24.2797279358,28.9599990845,118.5330123901,76.0826187134,23.9449996948
2019-08-15,175.0007781982,11.2011070251,24.5938491821,29.1599998474,119.8510589600,76.1158523560,24.3400001526
2019-08-16,177.8096008301,11.5552663803,24.7186946869,28.9799995422,118.8910217285,76.1075439453,24.9799995422
2019-08-19,180.6375579834,11.9081926346,24.8757514954,28.6399993896,117.1905746460,76.1075439453,25.9500007629
2019-08-20,179.2379150391,11.7477712631,24.8354778290,28.8400001526,118.4028778076,76.1158523560,25.5900001526
2019-08-21,180.8293457031,11.9513816833,25.0005893707,28.7199993134,117.6136398315,76.1075439453,26.2800006866
2019-08-22,180.2445220947,11.8736391068,25.0247497559,28.6800003052,116.8326721191,76.1325073242,26.0000000000
2019-08-23,174.5406341553,11.1258296967,24.7589607239,29.2399997711,118.7527313232,76.1241760254,24.4200000763
2019-08-26,177.1768646240,11.4503746033,25.0448875427,29.2600002289,118.2726745605,76.1325073242,24.7749996185
2019-08-27,176.8029479980,11.4108867645,25.0891876221,29.5200004578,120.0951156616,76.1408004761,24.5599994659
2019-08-28,177.4357147217,11.4775238037,25.0207271576,29.4599990845,120.2497100830,76.1325073242,24.8199996948
2019-08-29,180.1486511230,11.8292150497,25.1938934326,29.2399997711,119.7941055298,76.1491165161,25.3449993134
2019-08-30,179.7172851562,11.7761535645,25.2019462585,29.1200008392,119.8266220093,76.1574554443,25.3050003052
2019-09-03,177.9725494385,11.5429258347,25.6489639282,29.5799999237,119.9815673828,76.1724014282,24.7199993134
2019-09-04,180.5417022705,11.8761100769,25.6731281281,29.7600002289,120.1607971191,76.1640853882,25.4699993134
2019-09-05,183.8490753174,12.3129482269,25.3952541351,29.0599994659,117.9847183228,76.1724014282,26.0100002289
2019-09-06,183.6669158936,12.2845659256,25.2945766449,28.8199996948,118.8242034912,76.1807479858,26.3799991608
2019-09-09,183.2834167480,12.2265672684,25.1697235107,28.6800003052,116.7132263184,76.1807479858,26.4549999237
2019-09-10,182.7562103271,12.1685695648,25.2019462585,28.4400005341,114.6674270630,76.1973953247,26.5049991608
2019-09-11,184.4721374512,12.3869895935,25.4516315460,28.6200008392,114.4637603760,76.1890869141,26.7049999237
2019-09-12,185.2390747070,12.4795379639,25.5080127716,28.6599998474,113.7138977051,76.2057266235,27.0400009155
2019-09-13,184.5775909424,12.3980932236,25.3469219208,28.4400005341,111.2850799561,76.2057266235,27.2250003815
2019-09-16,183.7531738281,12.2734594345,25.3670616150,28.6800003052,112.7032546997,76.2057266235,27.0450000763
2019-09-17,184.6351318359,12.3906908035,25.5885562897,28.7199993134,113.3145065308,76.2140884399,27.1350002289
2019-09-18,184.5584259033,12.3894567490,25.6972904205,28.5400009155,113.7953948975,76.2307434082,27.5699996948
2019-09-19,184.8651733398,12.4252414703,25.8181018829,28.6800003052,114.1376724243,76.2307434082,27.7849998474
2019-09-20,182.9095764160,12.1624002457,25.9203720093,29.0200004578,115.6454849243,76.2390213013,27.0650005341
2019-09-23,182.9902191162,12.1698036194,25.9244346619,29.1800003052,115.6210784912,76.2557296753,27.1550006866
2019-09-24,180.5599975586,11.8390884399,26.2288055420,29.3199996948,117.0147857666,76.2557296753,26.5300006866
2019-09-25,182.5868377686,12.1068668365,26.2125663757,28.7800006866,115.3031692505,76.2557296753,26.8050003052
2019-09-26,181.9143981934,12.0180196762,26.3505458832,28.7800006866,116.0448913574,76.2723312378,26.7150001526
2019-09-27,179.6570587158,11.7304954529,26.2572059631,28.6399993896,116.3301086426,76.2723312378,26.3600006104
2019-09-30,181.3668518066,11.9365739822,26.2734470367,28.2000007629,116.6154479980,76.2806930542,26.7049999237
2019-10-01,179.8875732422,11.7403650284,26.2125663757,28.3400001526,116.9664459229,76.2781829834,26.1299991608
2019-10-02,176.7945098877,11.3368473053,25.8635616302,28.6800003052,117.2522277832,76.2781829834,25.2000007629
2019-10-03,178.7349090576,11.5898160934,25.9244346619,28.8199996948,118.3218307495,76.3032302856,25.6849994659
2019-10-04,181.3668518066,11.9316415787,26.2856197357,28.8199996948,119.1954498291,76.3032302856,26.4099998474
2019-10-07,180.8193511963,11.8514280319,26.1841602325,28.5599994659,118.2075347900,76.3115615845,26.2549991608
2019-10-08,178.1105194092,11.4836912155,25.9406661987,28.8199996948,118.5259857178,76.3115615845,25.2250003815
2019-10-09,179.8491668701,11.7292604446,26.0664730072,28.8400001526,117.8564758301,76.3115615845,25.4950008392
2019-10-10,181.2420501709,11.8921499252,26.0380687714,28.5799999237,116.1010284424,76.3282318115,26.0949993134
2019-10-11,183.5761718750,12.1932487488,25.9406661987,28.4200000763,114.6640625000,76.3365554810,26.9099998474
2019-10-14,183.5569458008,12.2043542862,25.7742729187,28.5200004578,115.4968643188,76.3282318115,27.3400001526
2019-10-15,185.8912048340,12.5054521561,25.6931114197,28.3600006104,114.1006774902,76.3365554810,27.6250000000
2019-10-16,185.4301147461,12.4425182343,25.7499256134,28.5000000000,114.2395553589,76.3449172974,27.8649997711
2019-10-17,185.9199981689,12.5116214752,25.8148555756,28.5400009155,113.9619064331,76.3532409668,27.9249992371
2019-10-18,184.1333618164,12.2697582245,25.9000835419,28.5000000000,113.9619064331,76.3532409668,27.9449996948
2019-10-21,185.7663116455,12.4857082367,26.0015335083,28.3600006104,113.1046295166,76.3616104126,28.3299999237
2019-10-22,184.2870483398,12.2857990265,26.1111125946,28.4599990845,113.7659225464,76.3616104126,28.0949993134
2019-10-23,184.6424407959,12.3314590454,26.2166290283,28.5400009155,113.8802795410,76.3616104126,28.2749996185
2019-10-24,186.4387207031,12.5646858215,26.3059177399,28.7399997711,113.6516342163,76.3782882690,28.4599990845
2019-10-25,187.9276123047,12.7584247589,26.0380687714,28.7999992371,113.0964355469,76.3782882690,28.9150009155
2019-10-28,189.7815246582,13.0163345337,25.6809310913,28.5400009155,112.0677108765,76.3699417114,28.7849998474
2019-10-29,188.3118438721,12.8213586807,25.7052841187,28.4400005341,112.1412124634,76.3866119385,28.7900009155
2019-10-30,189.2244262695,12.9237833023,25.9325485229,28.6399993896,113.7822723389,76.3949584961,29.1499996185
2019-10-31,189.3108367920,12.9435262680,26.0745887756,28.9200000763,115.3172149658,76.4033050537,28.8799991608
2019-11-01,191.0303039551,13.1853923798,26.0096549988,28.9200000763,114.9622650146,76.4024734497,29.5900001526
2019-11-04,192.2118072510,13.3371763229,25.6768741608,28.8600006104,113.4491653442,76.4108200073,29.5450000763
2019-11-05,192.3174743652,13.3421115875,25.4130840302,28.3799991608,112.1732864380,76.4024734497,29.2350006104
2019-11-06,191.8851623535,13.2939863205,25.5104866028,28.5200004578,112.8521194458,76.4108200073,29.3050003052
2019-11-07,192.5288238525,13.3828325272,25.1655292511,28.0599994659,110.8073806763,76.4275360107,29.4549999237
2019-11-08,193.2972564697,13.4889583588,25.0600109100,27.8999996185,110.3412170410,76.4275360107,29.7199993134
2019-11-11,193.0378875732,13.4507045746,24.9057979584,27.7999992371,110.4147872925,76.4275360107,29.7800006866
2019-11-12,193.5950317383,13.5210418701,24.9666767120,27.8999996185,110.9219436646,76.4358596802,29.9599990845
2019-11-13,193.6430664062,13.5025329590,25.3359737396,28.0000000000,111.6416015625,76.4358596802,29.8899993896
2019-11-14,193.4893798828,13.5099372864,25.4252586365,28.1200008392,112.7948684692,76.4442367554,30.0900001526
2019-11-15,194.9110260010,13.6777620316,25.5064220428,28.0599994659,112.6721343994,76.4358596802,30.7800006866
2019-11-18,195.0647430420,13.7320604324,25.5591793060,28.1599998474,112.8767013550,76.4525833130,30.7800006866
2019-11-19,195.3528747559,13.7629089355,25.4942493439,28.1599998474,113.8172302246,76.4442367554,30.6200008392
2019-11-20,194.1809997559,13.5963172913,25.6484718323,28.1599998474,114.9949874878,76.4525833130,30.4850006104
2019-11-21,193.7487487793,13.5346174240,25.5591793060,28.0000000000,114.2752151489,76.4525833130,30.4400005341
2019-11-22,193.8736114502,13.5543603897,25.5672950745,27.9599990845,114.4224929810,76.4609298706,30.8999996185
2019-11-25,196.1693420410,13.8727359772,25.4820747375,27.8199996948,114.7578277588,76.4609298706,31.5499992371
2019-11-26,196.5439910889,13.9245634079,25.5672950745,27.9599990845,115.4284744263,76.4693069458,31.8050003052
2019-11-27,197.9176483154,14.1170711517,25.6119441986,27.8199996948,115.0931396484,76.4860229492,31.8500003815
2019-11-29,197.0147247314,13.9837980270,25.5875911713,27.9599990845,114.8477706909,76.4860229492,31.5249996185
2019-12-02,194.9975128174,13.6752939224,25.4212017059,27.9599990845,113.3164901733,76.4918670654,30.7749996185
2019-12-03,193.4701385498,13.4766178131,25.4901981354,28.2399997711,115.6924285889,76.4834899902,29.5750007629
2019-12-04,194.4499664307,13.6135969162,25.6849918365,28.1800003052,114.5372390747,76.4918670654,30.4899997711
2019-12-05,194.8341827393,13.6654224396,25.7296333313,28.2199993134,113.9801406860,76.5085754395,30.6900005341
2019-12-06,196.9186553955,13.9504795074,25.6525268555,27.9200000763,113.3492660522,76.5085754395,31.2600002289
2019-12-09,196.0253143311,13.8332471848,25.5632495880,27.9400005341,113.5950775146,76.5169448853,30.4249992371
2019-12-10,195.8620147705,13.8098020554,25.5591793060,28.0000000000,113.6032638550,76.5169448853,30.3799991608
2019-12-11,196.8994445801,13.9578838348,25.6281719208,28.2199993134,114.4962692261,76.5169448853,30.7000007629
2019-12-12,198.3691101074,14.1664295197,25.5186004639,28.1000003815,112.6119232178,76.5336608887,31.5949993134
2019-12-13,199.0222625732,14.2515764236,25.7174587250,28.2399997711,113.9145660400,76.5169448853,32.2999992371
2019-12-16,201.0203247070,14.5242929459,26.0380687714,28.2399997711,112.8904953003,76.5336608887,32.6650009155
2019-12-17,201.1356048584,14.5403356552,26.1232852936,28.2000007629,112.7348251343,76.5253295898,32.7599983215
2019-12-18,201.2892761230,14.5613136292,26.2288055420,28.2000007629,111.8090057373,76.5420532227,32.5800018311
2019-12-19,202.5476379395,14.7538194656,26.2369194031,28.2600002289,111.9878845215,76.5503997803,33.0099983215
2019-12-20,203.3641815186,14.8759870529,26.4172859192,28.2399997711,112.1355285645,76.5546035767,32.7449989319
2019-12-23,203.9012756348,14.9438562393,26.1718940735,28.3999996185,111.9714889526,76.5546035767,32.7150001526
2019-12-24,204.0072174072,14.9512615204,26.2087001801,28.6599998474,112.2915115356,76.5629577637,32.9150009155
2019-12-26,205.8073425293,15.2240915298,26.2536926270,28.8999996185,112.5623321533,76.5713577271,32.9150009155
2019-12-27,205.6341094971,15.1870546341,26.3313941956,28.8799991608,112.6854095459,76.5629577637,32.5400009155
2019-12-30,204.2863769531,14.9821262360,26.3273124695,28.9799995422,112.2751159668,76.5713577271,31.9650001526
2019-12-31,204.6714630127,15.0475549698,26.4295635223,29.0000000000,111.1754684448,76.5713577271,32.6150016785
2020-01-02,208.0888824463,15.5413646698,26.0982704163,29.2199993134,112.4310226440,76.5964813232,33.3250007629
2020-01-03,206.1828002930,15.2660646439,26.1514377594,29.6200008392,114.1624984741,76.5964813232,32.4700012207
2020-01-06,207.5112457275,15.4475402832,26.1759834290,29.9200000763,113.5142135620,76.5881118774,32.6250000000
2020-01-07,207.4823760986,15.4401321411,26.1391696930,30.0400009155,112.9561996460,76.5881118774,32.7200012207
2020-01-08,209.0419311523,15.6734552383,26.1269035339,29.8199996948,112.2094726562,76.6048507690,33.0400009155
2020-01-09,210.8132019043,15.9512271881,26.2700519562,29.6399993896,112.6033477783,76.6132431030,33.6399993896
2020-01-10,210.2741241455,15.8672742844,26.3395805359,29.8400001526,113.6045074463,76.6132431030,33.7150001526
2020-01-13,212.6999969482,16.2228164673,26.4990882874,29.6000003815,113.2598114014,76.6132431030,34.0849990845
2020-01-14,211.8625335693,16.1030693054,26.5767955780,29.5599994659,113.8424682617,76.6132431030,34.2350006104
2020-01-15,211.9490814209,16.1055412292,26.9489917755,29.7600002289,114.5974349976,76.6216049194,34.3100013733
2020-01-16,213.9803466797,16.4092311859,27.1166820526,29.7000007629,114.2363967896,76.6383514404,34.7350006104
2020-01-17,215.0392913818,16.5758953094,27.3048152924,29.7800006866,113.2598114014,76.6299591064,34.6450004578
2020-01-21,214.9430389404,16.5610752106,27.5543079376,29.7999992371,114.4497451782,76.6383514404,34.5349998474
2020-01-22,215.5110168457,16.6450271606,27.6402034760,29.7999992371,114.8517684937,76.6383514404,34.1899986267
2020-01-23,216.2041015625,16.7437839508,27.8855972290,29.8799991608,115.6559600830,76.6467132568,34.4550018311
2020-01-24,214.3846740723,16.4573764801,27.9592208862,30.0400009155,116.5914535522,76.6467132568,33.4850006104
2020-01-27,209.9564666748,15.7796268463,27.8896942139,30.2600002289,118.4050064087,76.6550827026,31.7049999237
2020-01-28,213.1813354492,16.2561492920,28.0042057037,29.9799995422,117.4777221680,76.6550827026,32.6399993896
2020-01-29,213.5278778076,16.3067626953,28.0778331757,30.1200008392,118.6265411377,76.6634521484,32.5950012207
2020-01-30,214.2884216309,16.4252815247,28.3395900726,30.1399993896,118.6429901123,76.6634521484,32.8800010681
2020-01-31,210.8901977539,15.8931999207,28.2127990723,30.3400001526,119.7261734009,76.6634521484,30.9699993134
2020-02-03,214.0766601562,16.3660259247,28.3027763367,30.1200008392,119.6292037964,76.6702194214,31.6149997711
2020-02-04,218.9765167236,17.1190814972,28.0205707550,29.7199993134,118.0181579590,76.6702194214,32.4399986267
2020-02-05,219.6985321045,17.2499370575,28.1350898743,29.7600002289,116.7275619507,76.6869430542,33.1150016785
2020-02-06,221.5949707031,17.5363464355,28.1432590485,29.9400005341,117.2537231445,76.6953353882,33.2649993896
2020-02-07,220.6419677734,17.3783302307,28.0532836914,30.0000000000,118.7168197632,76.6953353882,32.9900016785
2020-02-10,223.3085784912,17.8091716766,28.1596260071,30.0599994659,119.0455703735,76.6869430542,33.1899986267
2020-02-11,223.3470306396,17.8091716766,28.2618808746,29.9599990845,118.4456100464,76.6953353882,33.2050018311
2020-02-12,225.5227050781,18.1585388184,28.2823276520,29.9400005341,117.8455047607,76.7037048340,34.0349998474
2020-02-13,225.2338562012,18.0980548859,28.5972537994,30.1399993896,118.2976226807,76.7121124268,33.6899986267
2020-02-14,225.8788299561,18.1943454742,28.7894935608,30.2600002289,118.8154602051,76.7121124268,33.9199981689
2020-02-18,225.9654846191,18.2252082825,29.0307998657,30.6399993896,119.6292037964,76.7204742432,33.5499992371
2020-02-19,228.1314697266,18.5671730042,28.7158718109,30.8199996948,119.6210174561,76.7204742432,33.8300018311
2020-02-20,226.0136260986,18.2066898346,28.8181190491,30.9599990845,120.5580368042,76.7204742432,33.2249984741
2020-02-21,221.6720428467,17.5289402008,28.7649517059,31.4200000763,121.6841354370,76.7372436523,32.1899986267
2020-02-24,213.1235504150,16.1672668457,28.4295730591,31.7000007629,123.5006484985,76.7288818359,29.1350002289
2020-02-25,207.3283996582,15.2944612503,27.8324298859,31.1200008392,124.1582565308,76.7288818359,27.8150005341
2020-02-26,208.3968963623,15.4265518188,27.5502204895,31.2600002289,123.5006484985,76.7456283569,28.1949996948
2020-02-27,197.9617004395,13.8821697235,26.3109531403,31.2399997711,124.8405609131,76.7624130249,25.9699993134
2020-02-28,198.1157379150,14.0216703415,25.4316024780,30.1399993896,127.6598129272,76.7540054321,25.3700008392
2020-03-02,208.3391418457,15.3413715363,26.9285373688,30.2999992371,126.7206344604,76.7766952515,25.8850002289
2020-03-03,201.6582946777,14.3623971939,26.5972480774,31.2399997711,128.6879882812,76.7934799194,24.4300003052
2020-03-04,210.0719299316,15.5413646698,28.1064548492,31.3199996948,127.3214645386,76.8270568848,25.1049995422
2020-03-05,203.6894989014,14.6055974960,27.6729221344,31.9799995422,130.4906921387,76.8438568115,23.1550006866
2020-03-06,200.2528076172,14.1130228043,27.4479732513,32.0000000000,137.2819824219,76.8438568115,21.9349994659
2020-03-09,186.3423767090,12.1698913574,25.9551200867,32.0800018311,141.0027465820,76.8774108887,19.2099990845
2020-03-10,196.4887695312,13.4747781754,26.1964282990,31.3600006104,133.7752532959,76.8606033325,20.1550006866
2020-03-11,187.9307556152,12.2995166779,24.8794536591,31.2399997711,128.8526153564,76.8774108887,18.8899993896
2020-03-12,170.6991424561,10.0230627060,22.3681983948,29.9799995422,129.6511077881,76.8858108521,16.6499996185
2020-03-13,185.1582794189,11.9328660965,23.5870151520,29.1000003815,126.7206344604,76.9026031494,17.5400009155
2020-03-16,162.9785919189,9.0354480743,20.9080619812,28.7999992371,134.9277038574,76.9109878540,14.1149997711
2020-03-17,175.3391418457,10.2539157867,23.5829238892,29.2000007629,125.9303131104,76.9109878540,14.4449996948
2020-03-18,170.0059967041,9.6119680405,22.5563335419,28.5200004578,118.8262710571,76.9277801514,13.1350002289
2020-03-19,171.0263671875,9.7440614700,21.2434406281,28.0599994659,122.0613327026,76.9109878540,13.8450002670
2020-03-20,164.3262481689,8.9650793076,19.5583629608,28.4599990845,131.2398529053,76.9361495972,14.0550003052
2020-03-23,164.4449157715,9.0107574463,18.5603370667,29.7000007629,136.6481475830,76.9193801880,15.1250000000
2020-03-24,177.1791839600,10.3823080063,20.5555744171,31.0400009155,134.1044921875,76.9193801880,15.6599998474
2020-03-25,175.8671875000,10.1969833374,21.0802021027,30.7000007629,133.7999572754,76.9193801880,15.0649995804
2020-03-26,185.1283874512,11.2945909500,22.8771629333,31.1399993896,134.4584503174,76.9193801880,15.6750001907
2020-03-27,178.7612915039,10.4661388397,23.0010948181,30.8999996185,138.0475311279,76.9026031494,14.9250001907
2020-03-30,185.2634277344,11.2674274445,23.8520660400,30.9799995422,136.9115905762,76.9026031494,15.1250000000
2020-03-31,183.6813201904,11.0600080490,22.8895549774,30.1399993896,135.8003082275,76.9109878540,15.5050001144
2020-04-01,175.8767700195,10.1364870071,21.5139560699,30.3400001526,137.7029266357,76.9042510986,14.8500003815
2020-04-02,179.4461822510,10.5389842987,22.1872978210,30.8400001526,138.5767211914,76.9126815796,15.2299995422
2020-04-03,176.8993988037,10.2525463104,21.3941555023,31.0599994659,138.9064636230,76.8874816895,15.5550003052
2020-04-06,189.5467529297,11.7106685638,23.0465354919,31.8799991608,138.5438232422,76.8958969116,16.1149997711
2020-04-07,189.4695892334,11.6649875641,22.7573680878,31.7600002289,137.0928192139,76.8790512085,15.8649997711
2020-04-08,193.4924468994,12.1724281311,23.9966545105,31.3799991608,136.0953216553,76.8874816895,16.0300006866
2020-04-09,193.7722473145,12.2032928467,25.1285324097,32.1800003052,136.3426971436,76.8706893921,16.1749992371
2020-04-13,195.8656311035,12.4835596085,24.3312568665,32.7599983215,135.0978698730,76.8874816895,16.3500003815
2020-04-14,204.3840484619,13.5626449585,25.0459136963,33.0800018311,135.0649108887,76.8958969116,17.0349998474
2020-04-15,202.0397796631,13.2527475357,24.2197227478,32.9799995422,138.6427307129,76.8874816895,16.2749996185
2020-04-16,205.7249908447,13.7552528381,24.2238521576,32.8199996948,140.2171936035,76.8790512085,16.2350006104
2020-04-17,207.6930389404,13.9824266434,25.0046005249,32.1599998474,138.3377380371,76.8958969116,16.5799999237
2020-04-20,205.2330017090,13.6589469910,24.0586166382,32.4599990845,139.4505615234,76.8874816895,15.7049999237
2020-04-21,197.6600036621,12.6428298950,23.6620445251,32.2200012207,141.2064514160,76.8874816895,15.0699996948
2020-04-22,203.5254364014,13.4243650436,24.3519077301,32.7999992371,139.7638549805,76.8874816895,15.4300003052
2020-04-23,203.0912933350,13.3601627350,23.9429531097,33.1399993896,140.5057983398,76.8958969116,15.4449996948
2020-04-24,206.2941741943,13.7996988297,24.0916652679,33.0000000000,140.8354949951,76.8874816895,15.8649997711
2020-04-27,207.9534759521,13.9676113129,24.3436489105,32.8600006104,138.2140197754,76.8874816895,16.4850006104
2020-04-28,204.0367584229,13.4700469971,24.4345283508,32.6800003052,139.8050384521,76.8874816895,16.3199996948
2020-04-29,211.2720947266,14.3886280060,24.2114620209,32.8600006104,139.0796661377,76.8790512085,16.8449993134
2020-04-30,211.1852874756,14.4429521561,23.6537818909,32.2200012207,137.4556427002,76.8958969116,16.5599994659
2020-05-01,205.2330017090,13.5700550079,23.0837135315,32.4399986267,138.6327056885,76.8824310303,15.8050003052
2020-05-04,207.6254730225,13.9095821381,23.2572116852,32.5400009155,137.9806365967,76.8824310303,15.9650001526
2020-05-05,209.9794158936,14.2194795609,23.4472332001,32.6199989319,137.0973663330,76.8824310303,16.2999992371
2020-05-06,211.2720947266,14.3923330307,22.6499633789,32.2799987793,134.8852386475,76.8908309937,16.1599998474
2020-05-07,213.9926147461,14.7738389969,22.7408428192,32.8400001526,137.1386413574,76.8824310303,16.5249996185
2020-05-08,216.9253234863,15.1615209579,23.1993770599,32.6199989319,135.3556671143,76.8824310303,17.1049995422
2020-05-11,218.8643951416,15.4133863449,23.1002330780,32.4199981689,134.2991180420,76.8908309937,17.6749992371
2020-05-12,214.2820281982,14.7985296249,22.8978214264,32.5600013733,135.6775817871,76.8908309937,16.7500000000
2020-05-13,211.6000823975,14.4293718338,22.7036628723,32.7999992371,136.6269226074,76.8908309937,15.8549995422
2020-05-14,214.0022125244,14.7442073822,22.9473857880,33.1399993896,137.9640655518,76.8992080688,16.2700004578
2020-05-15,215.3914337158,14.9343423843,22.6417026520,33.3400001526,137.6091766357,76.8824310303,16.4799995422
2020-05-18,219.4046478271,15.5059852600,23.5711650848,33.0999984741,134.5880126953,76.8824310303,16.9950008392
2020-05-19,218.8547668457,15.4059801102,23.1828594208,33.3600006104,135.0915069580,76.8824310303,16.5300006866
2020-05-20,223.2248840332,16.0331821442,23.3109111786,33.4599990845,135.4960327148,76.8824310303,17.0349998474
2020-05-21,220.7937927246,15.6800727844,23.0754528046,32.9599990845,135.8345184326,76.8908309937,16.8500003815
2020-05-22,221.5559387207,15.7776098251,23.3315715790,33.1599998474,136.6516723633,76.8824310303,16.8999996185
2020-05-26,220.9578247070,15.7146406174,23.4844112396,32.7200012207,134.8191375732,76.8908309937,16.9899997711
2020-05-27,222.1637115479,15.8640365601,23.7653160095,32.7599983215,134.5715026855,76.8824310303,17.1900005341
2020-05-28,221.8743133545,15.8023033142,24.4675788879,32.8400001526,134.0762634277,76.8824310303,16.8349990845
2020-05-29,225.1253662109,16.2319641113,24.6576004028,33.0600013733,135.0337982178,76.8824310303,17.1599998474
2020-06-01,225.8006896973,16.4048137665,24.9509010315,33.2799987793,134.1246032715,76.8908309937,17.0750007629
2020-06-02,227.3152465820,16.6085319519,25.1120052338,33.0400009155,133.6370086670,76.8908309937,17.3099994659
2020-06-03,228.3378753662,16.7542190552,25.4135646820,32.4399986267,131.8599700928,76.8908309937,17.7049999237
2020-06-04,226.7364501953,16.5146923065,24.9591598511,32.7799987793,129.9508056641,76.8908309937,17.7700004578
2020-06-05,231.2320404053,17.1616592407,25.2772426605,32.1199989319,129.0251464844,76.8740005493,18.2399997711
2020-06-08,233.0263824463,17.4443893433,25.9547176361,32.4399986267,129.5210113525,76.8824310303,18.0349998474
2020-06-09,234.7146606445,17.6826763153,25.4342155457,32.7599983215,130.9922027588,76.8824310303,17.5849990845
2020-06-10,237.5315856934,18.1222152710,25.2855052948,33.2200012207,132.9344635010,76.8908309937,17.6299991608
2020-06-11,225.7621307373,16.3307323456,24.2982082367,32.9799995422,135.4469451904,76.8740005493,14.6450004578
2020-06-12,227.5564575195,16.5591430664,24.2362442017,33.0600013733,134.1410980225,76.8908309937,14.8999996185
2020-06-15,230.3251800537,16.9727497101,24.4014873505,32.9599990845,134.2154693604,76.8908309937,15.1000003815
2020-06-16,234.2804870605,17.5826721191,24.5130195618,33.0000000000,132.1575622559,76.8908309937,15.2700004578
2020-06-17,235.0233306885,17.6678619385,24.4386596680,33.0400009155,132.7030334473,76.8908309937,15.2550001144
2020-06-18,235.6600799561,17.7777442932,24.4345283508,32.9399986267,134.1080627441,76.8824310303,15.3800001144
2020-06-19,235.6214599609,17.7555217743,23.7487964630,33.3199996948,134.2154693604,76.8824310303,15.2550001144
2020-06-22,238.4471435547,18.1962928772,23.9803943634,33.5600013733,134.2321014404,76.8824310303,15.5950002670
2020-06-23,240.4765930176,18.4864349365,23.7387943268,33.8199996948,133.3146667480,76.8824310303,15.6999998093
2020-06-24,235.5190429688,17.7456378937,23.5221958160,33.7400016785,134.7444610596,76.8824310303,15.1649999619
2020-06-25,237.7610168457,18.0864105225,23.2306098938,33.7000007629,135.1329650879,76.8908309937,15.4799995422
2020-06-26,232.1463165283,17.2023983002,22.9848537445,33.8600006104,136.5793304443,76.8824310303,15.0150003433
2020-06-29,234.6782531738,17.5653839111,23.4180545807,33.8600006104,136.1495513916,76.8824310303,15.3549995422
2020-06-30,239.2782897949,18.2345676422,23.5055294037,33.9799995422,135.4883270264,76.8824310303,15.7500000000
2020-07-01,242.0711212158,18.6987915039,24.0553722382,33.8400001526,135.2252502441,76.8824310303,15.9799995422
2020-07-02,243.7140045166,18.9518985748,24.1178531647,33.9199981689,135.3659362793,76.8908309937,16.1200008392
2020-07-06,249.7055969238,19.8889980316,23.8221054077,34.1199989319,134.8115234375,76.8824310303,16.1000003815
2020-07-07,247.9854736328,19.6074962616,23.7263011932,34.3400001526,136.7063751221,76.8824310303,15.8249998093
2020-07-08,251.2517852783,20.1161746979,23.9387359619,34.5400009155,136.1602630615,76.8824310303,16.0300006866
2020-07-09,253.3682556152,20.4507675171,23.6180000305,34.4799995422,138.3282470703,76.8824310303,15.8950004578
2020-07-10,255.0980682373,20.7557258606,24.0636997223,34.3600006104,137.6331481934,76.8908309937,16.1049995422
2020-07-13,249.8506011963,19.8914718628,24.0886936188,34.4199981689,138.0882263184,76.8908309937,15.3400001526
2020-07-14,251.6190338135,20.1816158295,24.3136215210,34.5800018311,138.2868499756,76.8908309937,15.7899999619
2020-07-15,252.1312713623,20.2260608673,24.2178249359,34.6599998474,137.6414337158,76.8908309937,16.0100002289
2020-07-16,250.4111328125,19.9433269501,24.5260620117,34.2999992371,138.2951049805,76.8824310303,16.1450004578
2020-07-17,250.7010192871,20.0075206757,25.0800647736,34.5800018311,138.0055389404,76.8908309937,16.4249992371
2020-07-20,257.8136901855,21.1569862366,24.7509937286,34.7400016785,138.3447113037,76.8908309937,16.8150005341
2020-07-21,255.1271057129,20.7112789154,24.8634624481,35.1800003052,138.4274902344,76.8908309937,16.7099990845
2020-07-22,256.0257873535,20.8569602966,25.2466850281,35.7000007629,138.8412628174,76.8824310303,16.8199996948
2020-07-23,249.3384246826,19.7568912506,25.2758388519,36.0400009155,140.4630737305,76.8908309937,16.5300006866
2020-07-24,246.9707031250,19.3766193390,25.1092224121,36.3199996948,140.4548339844,76.8824310303,16.4950008392
2020-07-27,251.3775177002,20.0754337311,24.8051452637,37.0200004578,139.9335174561,76.8824310303,16.7399997711
2020-07-28,248.1787414551,19.5766353607,25.1800365448,37.3600006104,140.9016876221,76.8908309937,16.7749996185
2020-07-29,251.0391998291,20.0297489166,25.2966651917,37.6199989319,140.6617279053,76.8908309937,16.9300003052
2020-07-30,252.3535308838,20.2309970856,25.2966651917,37.3199996948,141.5884704590,76.8824310303,16.7399997711
2020-07-31,256.8569946289,20.9495601654,25.3383274078,37.7200012207,141.4974517822,76.8908309937,16.9699993134
2020-08-03,260.3262329102,21.5039215088,25.0633983612,37.7000007629,140.7850646973,76.8824310303,16.9549999237
2020-08-04,261.2926025391,21.6705989838,25.3383274078,38.5400009155,142.1269683838,76.8908309937,17.2150001526
2020-08-05,261.9400939941,21.7841873169,25.0134162903,38.9000015259,140.8844299316,76.8824310303,17.3999996185
2020-08-06,265.4095153809,22.3385486603,25.1592102051,39.4199981689,141.6713104248,76.8824310303,17.4950008392
2020-08-07,262.3459777832,21.8360443115,25.6132431030,38.7400016785,140.7270202637,76.8908309937,17.5450000763
2020-08-10,261.2250061035,21.6409664154,25.6049118042,38.6199989319,140.0973815918,76.8908309937,17.7849998474
2020-08-11,256.2770690918,20.8335113525,25.0509052277,36.5600013733,138.4324340820,76.8824310303,17.3899993896
2020-08-12,262.7228698730,21.8817272186,25.4132995605,36.4000015259,137.1732482910,76.8824310303,17.8700008392
2020-08-13,263.3221130371,21.9681510925,25.3716468811,37.2400016785,135.7070312500,76.8908309937,17.8750000000
2020-08-14,263.0128784180,21.9274082184,25.1508769989,37.0999984741,135.1767578125,76.8824310303,17.8799991608
2020-08-17,266.0666198730,22.4138622284,25.1175575256,37.8600006104,135.5164794922,76.8824310303,18.1749992371
2020-08-18,268.6275634766,22.8509273529,25.0050868988,38.2400016785,136.4855957031,76.8908309937,18.2700004578
2020-08-19,266.8204040527,22.5521411896,24.9301109314,37.0600013733,135.6324005127,76.8908309937,18.0849990845
2020-08-20,270.5217285156,23.1768741608,24.7093410492,37.2799987793,136.8584442139,76.8908309937,18.1949996948
2020-08-21,272.3964843750,23.4855422974,24.7509937286,36.9599990845,137.6785583496,76.8908309937,18.1499996185
2020-08-24,274.0972595215,23.7892608643,24.9675979614,36.7999992371,137.4548492432,76.8908309937,18.1800003052
2020-08-25,276.2523498535,24.1596546173,24.7301712036,36.8400001526,136.4028167725,76.8824310303,18.2399997711
2020-08-26,282.1473999023,25.1844177246,24.4552497864,37.2599983215,135.8809814453,76.8824310303,18.0249996185
2020-08-27,281.2679138184,25.0165081024,24.5343933105,36.7999992371,133.5697479248,76.8824310303,17.7299995422
2020-08-28,282.6981811523,25.2782516479,24.6052093506,37.4599990845,133.4703063965,76.8908309937,17.7800006866
2020-08-31,284.9692993164,25.7202568054,24.6801853180,37.5400009155,134.3567199707,76.8908309937,17.3449993134
2020-09-01,289.8398437500,26.5696945190,24.3969402313,37.5999984741,135.8934478760,76.8908309937,17.2099990845
2020-09-02,292.5843505859,27.0660266876,25.1550464630,37.1399993896,137.1872100830,76.8908309937,16.9950008392
2020-09-03,277.7503356934,24.2905330658,24.8717937469,36.7999992371,137.5769805908,76.8824310303,15.8450002670
2020-09-04,274.0489501953,23.6460437775,24.7301712036,36.9199981689,134.9645843506,76.8908309937,16.5149993896
2020-09-08,260.8771057129,21.3915691376,24.5927104950,36.8199996948,135.7939758301,76.8908309937,16.7250003815
2020-09-09,268.5405273438,22.6385688782,24.9176120758,37.2000007629,135.4289703369,76.8824310303,17.1499996185
2020-09-10,263.1867675781,21.7101097107,24.4885749817,37.0600013733,136.1173706055,76.8824310303,17.0400009155
2020-09-11,261.3602600098,21.4360179901,24.5468883514,37.0999984741,136.4075775146,76.8740005493,17.5750007629
2020-09-14,265.9119873047,22.1817436218,24.8842887878,37.3800010681,136.3993072510,76.8908309937,17.7399997711
2020-09-15,269.6809082031,22.8138904572,25.0509052277,37.2999992371,136.0676727295,76.8740005493,17.7399997711
2020-09-16,265.3804626465,22.0607490540,25.0175914764,37.4000015259,135.6612548828,76.8908309937,17.7749996185
2020-09-17,261.2347106934,21.4039173126,24.8134822845,37.1800003052,136.0759582520,76.8908309937,17.9699993134
2020-09-18,257.9006042480,20.8384456635,24.3761043549,37.2400016785,135.6529388428,76.8740005493,17.9799995422
2020-09-21,258.5191040039,21.0187053680,24.2244453430,36.4399986267,136.3413696289,76.8740005493,17.6650009155
2020-09-22,263.3221130371,21.7718429565,24.3756866455,36.2999992371,136.2334899902,76.8740005493,17.6000003815
2020-09-23,255.2816925049,20.4334812164,24.0017738342,35.5000000000,136.4158630371,76.8740005493,17.1450004578
2020-09-24,256.4704284668,20.6384277344,24.2706546783,35.6399993896,136.9384307861,76.8824310303,17.3099994659
2020-09-25,262.4329833984,21.6162796021,24.6697788239,35.5400009155,136.9384307861,76.8740005493,17.5300006866
2020-09-28,267.8834533691,22.4830017090,24.7327919006,35.8800010681,136.5486145020,76.8824310303,17.5599994659
2020-09-29,266.6755065918,22.2805213928,24.7243900299,36.2200012207,136.7061920166,76.8824310303,17.7500000000
2020-09-30,268.5019226074,22.6311588287,24.9470558167,35.9799995422,135.3958282471,76.8740005493,17.7500000000
2020-10-01,272.7637329102,23.3176231384,25.1991310120,36.2799987793,135.6191711426,76.8740005493,17.6800003052
2020-10-02,265.0905761719,22.0039558411,25.4974193573,36.2599983215,135.1127166748,76.8740005493,17.4349994659
2020-10-05,270.7439270020,22.9571094513,25.8167171478,36.4799995422,132.4727478027,76.8740005493,17.6900005341
2020-10-06,265.9119873047,22.1051979065,26.0351848602,36.0000000000,133.1866912842,76.8824310303,17.5750007629
2020-10-07,270.5119628906,22.9151306152,26.1948318481,35.9799995422,132.2153472900,76.8740005493,17.8600006104
2020-10-08,271.9519653320,23.1225547791,26.6737804413,36.1599998474,132.9293823242,76.8740005493,18.2150001526
2020-10-09,276.1073913574,23.8238334656,26.6695728302,36.8199996948,132.9044799805,76.8740005493,18.6900005341
2020-10-12,284.6309509277,25.2881278992,26.8376255035,36.7200012207,133.3278045654,76.8824310303,18.8549995422
2020-10-13,284.6213073730,25.2708415985,26.6527671814,36.0999984741,134.2825317383,76.8740005493,18.7600002289
2020-10-14,282.2439880371,24.8683490753,26.6191558838,36.2200012207,134.5897521973,76.8740005493,18.8199996948
2020-10-15,280.3498229980,24.5177059174,26.6023578644,36.3600006104,134.3572998047,76.8740005493,18.7399997711
2020-10-16,278.8133239746,24.2608985901,26.8880405426,36.2200012207,133.9837341309,76.8824310303,18.6900005341
2020-10-19,274.2616271973,23.4435615540,26.6611709595,36.2599983215,133.4772644043,76.8824310303,18.2749996185
2020-10-20,274.8511352539,23.5892505646,26.8208179474,36.4399986267,132.2071075439,76.8740005493,18.2700004578
2020-10-21,274.6383972168,23.5299873352,26.7493953705,36.7400016785,131.7504882812,76.8740005493,18.5000000000
2020-10-22,274.6288757324,23.5373973846,27.1275081635,36.3400001526,130.3807067871,76.8824310303,18.7099990845
2020-10-23,275.1699523926,23.6435737610,27.2031364441,36.3199996948,131.1776580811,76.8824310303,18.7000007629
2020-10-26,271.0435485840,22.8953762054,27.1947307587,36.2999992371,132.3981018066,76.8824310303,17.7399997711
2020-10-27,273.1598510742,23.2484855652,27.1737213135,36.4000015259,133.2863769531,76.8740005493,17.8150005341
2020-10-28,262.5103454590,21.4483661652,26.3838920593,35.7799987793,133.4109039307,76.8740005493,16.5349998474
2020-10-29,267.1006774902,22.1619892120,26.4553127289,35.6399993896,132.1157684326,76.8824310303,17.1650009155
2020-10-30,260.3262329102,21.1125373840,26.2074356079,35.7799987793,130.8123779297,76.8824310303,16.8649997711
2020-11-02,260.9061279297,21.1718044281,26.7830085754,36.1399993896,131.7922058105,76.8824310303,17.0650005341
2020-11-03,265.4191284180,21.8804893494,27.1695251465,36.3400001526,131.0276031494,76.8824310303,17.5200004578
2020-11-04,277.2670898438,23.8386497498,26.7620010376,36.3600006104,133.8699493408,76.8740005493,18.2700004578
2020-11-05,284.4957275391,25.0930557251,27.0014743805,37.1599998474,134.1026916504,76.8824310303,18.4300003052
2020-11-06,284.7083740234,25.1350307465,26.9426479340,37.2200012207,132.4819793701,76.8740005493,19.0650005341
2020-11-09,278.8906250000,24.0707664490,27.4426021576,35.5999984741,129.6979217529,76.8824310303,19.2600002289
2020-11-10,273.8944396973,23.2460136414,27.8375186920,35.7000007629,128.9499816895,76.8740005493,19.5650005341
2020-11-11,280.0212707520,24.2757167816,27.9425544739,35.5400009155,129.4153137207,76.8740005493,19.7849998474
2020-11-12,278.7070312500,24.0460700989,27.4930152893,35.7799987793,131.6177215576,76.8740005493,19.0750007629
2020-11-13,281.1519165039,24.4880714417,27.7660980225,36.0000000000,131.4431457520,76.8824310303,19.6949996948
2020-11-16,283.3455505371,24.8140258789,28.0475826263,36.0000000000,131.1273651123,76.8824310303,19.8999996185
2020-11-17,282.4469299316,24.6535148621,27.4972209930,35.8800010681,131.9834136963,76.8824310303,20.0900001526
2020-11-18,280.3595581055,24.3053436279,26.9594593048,35.6800003052,132.3656768799,76.8824310303,19.7099990845
2020-11-19,282.5532226562,24.6732749939,26.6905822754,35.6199989319,133.0471801758,76.8824310303,19.8899993896
2020-11-20,280.6203918457,24.3572044373,26.6947765350,35.7400016785,134.2273101807,76.8824310303,19.9050006866
2020-11-23,280.6302185059,24.3547344208,26.6989822388,35.0000000000,133.6123352051,76.8824310303,20.0200004578
2020-11-24,284.5730590820,25.0510730743,26.9846687317,34.4799995422,132.2825317383,76.8824310303,20.2000007629
2020-11-25,286.3221435547,25.3646755219,27.0560894012,34.4599990845,131.8753204346,76.8740005493,20.5750007629
2020-11-27,288.9603271484,25.8140926361,26.7872104645,34.0800018311,133.1552429199,76.8824310303,20.4950008392
2020-11-30,289.5499267578,25.8807659149,26.4006919861,33.9000015259,132.9889373779,76.8740005493,20.6749992371
2020-12-01,293.2608642578,26.6190872192,26.5855503082,34.5800018311,131.0280914307,76.8681716919,20.5799999237
2020-12-02,293.6376647949,26.6388378143,26.7620010376,34.8400001526,129.9882354736,76.8765182495,20.6650009155
2020-12-03,294.0532836914,26.7005672455,26.4847164154,35.1199989319,131.0364990234,76.8765182495,20.5450000763
2020-12-04,295.2516479492,26.9524402618,26.2200374603,35.0400009155,129.1146850586,76.8849563599,20.7099990845
2020-12-07,296.9234619141,27.2364139557,26.3670845032,35.5400009155,130.2794342041,76.8681716919,20.6749992371
2020-12-08,297.9285888672,27.4043197632,26.2872562408,35.6599998474,130.8949737549,76.8681716919,21.0249996185
2020-12-09,291.1830749512,26.2017726898,26.2410430908,35.0999984741,130.4624633789,76.8681716919,20.6200008392
2020-12-10,292.3524169922,26.3721561432,26.1066036224,35.0000000000,131.6187744141,76.8681716919,20.5300006866
2020-12-11,291.7049255371,26.2758502960,26.1486167908,35.0800018311,132.0846557617,76.8765182495,20.1550006866
2020-12-14,293.8213806152,26.6190872192,26.0141811371,34.8800010681,131.7186431885,76.8681716919,19.9249992371
2020-12-15,296.9620666504,27.2117156982,26.5267333984,35.3800010681,131.2777099609,76.8681716919,20.3250007629
2020-12-16,298.5953063965,27.5129699707,26.2200374603,35.5600013733,130.9283447266,76.8765182495,20.7000007629
2020-12-17,300.5473632812,27.8710212708,26.3964900970,35.9399986267,130.5818481445,76.8765182495,20.8549995422
2020-12-18,299.6390686035,27.6784133911,26.1696243286,35.8600006104,130.1904449463,76.8765182495,20.6149997711
2020-12-21,299.0784606934,27.6068038940,25.8527164459,35.7799987793,130.7067565918,76.8765182495,19.7950000763
2020-12-22,299.8917236328,27.7401466370,25.8018760681,35.5200004578,131.3813934326,76.8765182495,20.0000000000
2020-12-23,298.3814086914,27.4635848999,25.7510318756,35.7200012207,130.4735565186,76.8681716919,20.4300003052
2020-12-24,299.6981201172,27.7031078339,25.9332084656,35.8400001526,130.9899139404,76.8765182495,20.7500000000
2020-12-28,302.7186584473,28.2661094666,26.0476055145,35.7400016785,131.0483093262,76.8765182495,20.8250007629
2020-12-29,302.9897155762,28.3179645538,26.0433692932,35.8199996948,130.8816680908,76.8765182495,20.3400001526
2020-12-30,302.9994201660,28.2932739258,26.1747035980,36.0999984741,131.1648254395,76.8681716919,20.7150001526
2020-12-31,303.7449951172,28.4241409302,26.5644950867,36.2599983215,131.3563537598,76.8765182495,20.7199993134
2021-01-04,299.4560241699,27.6240959167,25.8950805664,37.0999984741,131.1980895996,76.8765182495,19.8250007629
2021-01-05,301.9248046875,28.0735034943,25.8908462524,37.1800003052,130.2237548828,76.8681716919,20.1399993896
2021-01-06,297.7424011230,27.3203639984,26.5348320007,36.5999984741,127.5505447388,76.8765182495,20.1949996948
2021-01-07,304.9454345703,28.6537876129,26.1874160767,36.4799995422,126.4262161255,76.8765182495,20.7849998474
2021-01-08,308.8663635254,29.3748264313,26.4077281952,35.2599983215,126.0181884766,76.8681716919,20.9099998474
2021-01-11,304.4032897949,28.5006885529,26.1620006561,35.1599998474,125.8099899292,76.8765182495,20.4249992371
2021-01-12,303.9192199707,28.4315547943,26.0221824646,35.3600006104,125.7100219727,76.8681716919,20.6149997711
2021-01-13,305.9716186523,28.7994766235,26.5306015015,35.2400016785,127.1257934570,76.8681716919,20.7900009155
2021-01-14,304.3354492188,28.4834079742,26.4289150238,35.2200012207,125.9348907471,76.8765182495,20.6650009155
2021-01-15,301.9248046875,28.0414009094,26.6873569489,34.7999992371,126.4345474243,76.8765182495,20.3649997711
2021-01-19,306.3297729492,28.8710842133,26.5856742859,35.0999984741,126.8426589966,76.8765182495,20.6100006104
2021-01-20,313.4553222656,30.1921653748,26.7424316406,35.6599998474,126.9675521851,76.8765182495,20.8400001526
2021-01-21,315.9627990723,30.7008380890,26.5856742859,35.6399993896,126.0764846802,76.8765182495,20.9150009155
2021-01-22,315.0527648926,30.5082359314,26.6238040924,35.3800010681,126.4845199585,76.8681716919,20.7950000763
2021-01-25,317.6571655273,31.0490131378,27.1576328278,35.3800010681,127.9751815796,76.8765182495,20.3600006104
2021-01-26,318.1216735840,31.0934600830,26.8864860535,35.2999992371,127.7337341309,76.8681716919,20.3999996185
2021-01-27,309.2536315918,29.4192733765,26.1620006561,35.0999984741,128.0585021973,76.8681716919,18.2500000000
2021-01-28,311.0834045410,29.7131214142,26.4755191803,35.0999984741,127.3506164551,76.8765182495,18.4300003052
2021-01-29,304.5387268066,28.4883441925,26.3314723969,35.0999984741,126.5844192505,76.8765182495,18.0049991608
2021-02-01,312.1483764648,29.8884391785,26.4585781097,35.4199981689,126.7311630249,76.8765182495,18.4950008392
2021-02-02,317.2408447266,30.8687591553,26.6746444702,34.9799995422,125.9141464233,76.8681716919,19.2849998474
2021-02-03,315.9822692871,30.6020698547,26.5899105072,34.9199981689,124.7968826294,76.8681716919,19.7849998474
2021-02-04,319.7192993164,31.3329811096,26.7975120544,34.1800003052,124.4634475708,76.8765182495,20.2199993134
2021-02-05,320.8035583496,31.5527515411,26.9415550232,34.5400009155,123.4211807251,76.8765182495,20.2450008392
2021-02-08,322.9528198242,31.9478492737,26.7339591980,34.9000015259,123.9631347656,76.8765182495,20.3250007629
2021-02-09,322.8851013184,31.9379653931,26.7720870972,34.9799995422,124.0548858643,76.8765182495,20.2749996185
2021-02-10,322.1492004395,31.7824020386,26.8780078888,35.1399993896,124.8802413940,76.8681716919,20.0300006866
2021-02-11,323.9209594727,32.1355018616,26.7254848480,34.8199996948,124.1966323853,76.8765182495,20.3250007629
2021-02-12,325.7313537598,32.4910888672,26.5306015015,34.7200012207,122.6541442871,76.8681716919,20.6800003052
2021-02-16,324.8504638672,32.3231773376,26.2340221405,34.2000007629,120.7864913940,76.8765182495,20.5499992371
2021-02-17,323.2916870117,32.0095748901,26.2552070618,33.8400001526,121.5535202026,76.8765182495,20.7549991608
2021-02-18,321.8782348633,31.7181968689,26.4119701385,33.8199996948,121.0616760254,76.8681716919,20.7049999237
2021-02-19,320.4744262695,31.4515094757,26.0179481506,33.9599990845,119.4525070190,76.8765182495,21.2099990845
2021-02-22,312.1677246094,29.8217716217,25.5095329285,34.4599990845,118.5437774658,76.8681716919,20.6399993896
2021-02-23,311.2383422852,29.6365756989,25.7213764191,34.4000015259,118.2018508911,76.8681716919,21.0650005341
2021-02-24,313.8039245605,30.1205596924,25.4205665588,34.3600006104,117.4264373779,76.8597564697,21.4599990845
2021-02-25,302.8639221191,27.9870796204,25.1917762756,33.7200012207,115.5088424683,76.8681716919,19.7000007629
2021-02-26,304.1321716309,28.2833957672,24.7257347107,32.8800010681,119.3274078369,76.8681716919,20.1949996948
2021-03-01,313.2810363770,29.9551143646,25.2722816467,32.8400001526,117.7514114380,76.8597564697,20.9449996948
2021-03-02,308.2564392090,28.9846744537,25.1960201263,33.0200004578,117.7597351074,76.8597564697,20.8649997711
2021-03-03,299.3107910156,27.3154258728,24.8994426727,32.6800003052,116.4825897217,76.8681716919,20.3850002289
2021-03-04,294.4120788574,26.3993186951,24.8782596588,32.3400001526,115.7312927246,76.8681716919,19.9850006104
2021-03-05,298.8460693359,27.2092475891,25.2849922180,32.3600006104,115.9566726685,76.8681716919,20.6499996185
2021-03-08,290.3845214844,25.6609954834,25.6408805847,32.0400009155,115.0551528931,76.8597564697,20.6599998474
2021-03-09,301.8376770020,27.6907577515,25.9798202515,32.7200012207,116.6495590210,76.8597564697,20.9200000763
2021-03-10,300.9760437012,27.5253162384,26.1577625275,32.8600006104,116.8833007812,76.8597564697,21.0400009155
2021-03-11,307.9079284668,28.8019504547,26.0899734497,32.8600006104,116.0401153564,76.8681716919,21.3050003052
2021-03-12,305.4101562500,28.3204345703,26.4416217804,32.8800010681,113.5776062012,76.8597564697,21.3199996948
2021-03-15,308.6727905273,28.9328231812,26.7805709839,32.9799995422,114.2454223633,76.8597564697,22.1200008392
2021-03-16,310.3669738770,29.2488899231,26.8144607544,33.0200004578,113.7862777710,76.8597564697,22.2500000000
2021-03-17,311.6449584961,29.4810085297,26.3780727386,33.2400016785,112.9348144531,76.8681716919,22.5599994659
2021-03-18,302.0990600586,27.6635990143,26.2806282043,33.0600013733,111.7912216187,76.8597564697,21.8299999237
2021-03-19,303.1640930176,27.9130001068,26.3526496887,33.2200012207,112.4840316772,76.8597564697,22.1949996948
2021-03-22,308.8493041992,28.9155349731,26.3146667480,33.1399993896,113.7445526123,76.8597564697,23.1049995422
2021-03-23,307.5019531250,28.6167526245,26.7073574066,32.8800010681,114.7713012695,76.8681716919,22.5499992371
2021-03-24,302.3158264160,27.6685409546,26.7158966064,33.0000000000,115.3890380859,76.8597564697,22.4349994659
2021-03-25,301.7923889160,27.5895214081,27.0018711090,32.8800010681,114.4791336060,76.8597564697,22.7800006866
2021-03-26,306.3192443848,28.4117946625,27.0915145874,33.0000000000,114.0785140991,76.8597564697,23.3999996185
2021-03-29,306.2321166992,28.3871078491,27.3817672729,32.5999984741,113.1101455688,76.8597564697,22.9549999237
2021-03-30,304.6907958984,28.1105384827,27.1341934204,32.0400009155,113.7028198242,76.8681716919,23.4400005341
2021-03-31,309.3533325195,28.9377593994,27.3348083496,32.5200004578,113.0683898926,76.8597564697,23.5499992371
2021-04-01,314.6267395020,29.9526443481,27.3092002869,32.9199981689,114.9450149536,76.8681716919,24.0599994659
2021-04-05,320.9082336426,31.1527252197,27.6079902649,32.9000015259,114.4434432983,76.8597564697,24.2150001526
2021-04-06,320.6852416992,31.0860557556,27.7531147003,33.2200012207,115.2208786011,76.8513412476,24.1800003052
2021-04-07,321.4607238770,31.2391490936,27.7189693451,33.0999984741,114.4183883667,76.8513412476,24.5300006866
2021-04-08,324.8147583008,31.8959808350,27.6976242065,33.4599990845,115.3629684448,76.8597564697,24.7150001526
2021-04-09,326.7825927734,32.2861328125,27.6677417755,33.2200012207,114.9450149536,76.8513412476,24.7450008392
2021-04-12,326.3561096191,32.1922988892,27.6933555603,33.0000000000,114.8948287964,76.8513412476,24.9899997711
2021-04-13,330.1656494141,32.9429702759,28.0220203400,33.2200012207,115.7557830811,76.8513412476,24.9549999237
2021-04-14,326.2009582520,32.1503257751,28.1458053589,33.0999984741,115.3880081177,76.8513412476,24.8250007629
2021-04-15,331.1447143555,33.1158218384,28.4573917389,33.6399993896,117.3189620972,76.8597564697,25.1399993896
2021-04-16,331.5325317383,33.2047233582,28.6878910065,33.8199996948,116.4078445435,76.8597564697,25.3349990845
2021-04-19,328.4983520508,32.5923233032,28.5427646637,33.7400016785,116.0734863281,76.8513412476,24.8850002289
2021-04-20,326.1039123535,32.0960006714,28.9055843353,33.8600006104,116.6084442139,76.8513412476,24.5750007629
2021-04-21,328.8958740234,32.6639366150,28.6622886658,34.2000007629,116.8424606323,76.8513412476,25.2600002289
2021-04-22,324.9311218262,31.8787097931,28.4573917389,34.0000000000,117.3524017334,76.8597564697,24.4850006104
2021-04-23,329.0218505859,32.6787567139,28.4189815521,33.8199996948,117.0765838623,76.8597564697,24.9599990845
2021-04-26,331.1641235352,33.1010131836,28.2567806244,33.9399986267,116.9093856812,76.8513412476,25.0450000763
2021-04-27,329.7294616699,32.7972869873,28.0390968323,33.8400001526,115.8895645142,76.8597564697,25.2999992371
2021-04-28,328.6146545410,32.5380058289,28.0006828308,33.9399986267,115.9648056030,76.8513412476,25.2250003815
2021-04-29,329.7972717285,32.8096275330,28.2567806244,33.7999992371,115.6221160889,76.8513412476,25.4349994659
2021-04-30,327.6356506348,32.3651504517,28.4787445068,33.7000007629,115.8895645142,76.8597564697,24.9050006866
2021-05-03,325.8908081055,32.0342597961,28.4744701385,34.1399993896,115.9590454102,76.8597564697,25.3899993896
2021-05-04,320.0260925293,30.8761672974,28.3677616119,33.8800010681,116.7459640503,76.8513412476,24.8449993134
2021-05-05,318.9500732422,30.6539249420,27.8897075653,34.0400009155,116.9384841919,76.8597564697,25.1800003052
2021-05-06,321.3541870117,31.1329689026,28.1031227112,34.5999984741,117.1310348511,76.8597564697,25.2600002289
2021-05-07,323.9617614746,31.6218910217,28.1884899139,34.9000015259,116.5533828735,76.8513412476,25.9850006104
2021-05-10,315.7802429199,30.0143756866,28.4744701385,35.0400009155,115.3730697632,76.8513412476,25.4200000763
2021-05-11,315.3441162109,29.9575824738,28.1244659424,35.0400009155,114.7201004028,76.8513412476,24.4249992371
2021-05-12,307.1820678711,28.4068603516,27.4671268463,34.6800003052,113.5146102905,76.8429565430,22.3099994659
2021-05-13,309.5570068359,28.8463973999,27.9964141846,34.8400001526,113.6904144287,76.8429565430,23.3250007629
2021-05-14,316.3909912109,30.1057376862,28.1330032349,35.1199989319,114.7535934448,76.8429565430,24.7450008392
2021-05-17,314.4716491699,29.7427501678,27.9025077820,35.5600013733,114.5108032227,76.8513412476,24.3700008392
2021-05-18,312.3487548828,29.3328495026,27.8982391357,35.5999984741,114.2178115845,76.8513412476,24.2199993134
2021-05-19,312.7074279785,29.4019870758,27.8512878418,35.6399993896,113.9415817261,76.8429565430,23.5799999237
2021-05-20,318.7562561035,30.5403385162,28.0945816040,35.7999992371,114.8791122437,76.8429565430,24.2500000000
2021-05-21,316.9920959473,30.1946353912,28.2397098541,35.8400001526,115.2474746704,76.8513412476,24.5000000000
2021-05-24,322.3235473633,31.2193927765,28.1884899139,35.8800010681,115.6744003296,76.8429565430,24.9799995422
2021-05-25,322.7694091797,31.3008861542,27.8470153809,36.2000007629,116.7459640503,76.8429565430,24.9400005341
2021-05-26,323.8938598633,31.5083065033,27.8512878418,36.1399993896,116.5450515747,76.8429565430,25.5599994659
2021-05-27,322.6821899414,31.2811260223,27.6634750366,36.1599998474,116.0762481689,76.8513412476,26.1849994659
2021-05-28,323.6999816895,31.4539794922,27.8128700256,36.2599983215,115.8920745850,76.8513412476,25.9249992371
2021-06-01,322.6240234375,31.2613735199,27.6421356201,36.2000007629,115.8661041260,76.8429565430,25.6049995422
2021-06-02,323.2540893555,31.3798999786,27.7872619629,36.3699989319,116.1343765259,76.8429565430,25.9500007629
2021-06-03,319.8903503418,30.7033119202,27.9537258148,35.6399993896,115.6984329224,76.8429565430,25.6849994659
2021-06-04,325.3188476562,31.7848644257,27.9110412598,36.0400009155,117.2828826904,76.8513412476,26.3950004578
2021-06-07,326.2882080078,31.9478492737,27.9622650146,36.1899986267,116.9224243164,76.8345489502,26.6250000000
2021-06-08,326.4433288574,31.9725265503,27.7232341766,36.0699996948,117.7439575195,76.8345489502,26.4400005341
2021-06-09,326.5209045410,32.0021667480,27.9708003998,36.0099983215,118.7835388184,76.8345489502,26.2900009155
2021-06-10,329.9233703613,32.6738090515,28.1543426514,36.1599998474,119.4960556030,76.8345489502,27.0450000763
2021-06-11,330.7860717773,32.8318557739,28.2183628082,35.7599983215,119.3032684326,76.8429565430,27.4150009155
2021-06-14,333.9559020996,33.4590568542,28.2781276703,35.5499992371,118.3894653320,76.8345489502,27.2849998474
2021-06-15,331.7748413086,33.0145835876,28.3634910583,35.4099998474,118.2469558716,76.8345489502,26.8099994659
2021-06-16,330.5631408691,32.7775230408,27.9366569519,34.8199996948,118.1464004517,76.8429565430,26.7749996185
2021-06-17,334.7604675293,33.6072158813,28.0903167725,33.7500000000,119.9152145386,76.8345489502,26.9349994659
2021-06-18,332.1334533691,33.0837173462,27.3604240417,33.5600013733,122.1703567505,76.8429565430,25.7099990845
2021-06-21,334.1976623535,33.4837417603,27.7148704529,33.9700012207,120.1248626709,76.8345489502,26.6499996185
2021-06-22,337.3128967285,34.1109466553,27.5471057892,33.8300018311,120.4182281494,76.8345489502,27.2099990845
2021-06-23,337.4779052734,34.1356468201,27.2546005249,33.7999992371,120.1080627441,76.8345489502,27.4699993134
2021-06-24,339.5644531250,34.5603675842,27.2287940979,33.7700004578,120.3008651733,76.8429565430,27.7900009155
2021-06-25,339.1472167969,34.4862899780,27.5212993622,33.8800010681,119.0517807007,76.8429565430,27.9799995422
2021-06-28,343.2717895508,35.3159751892,27.6976585388,33.8800010681,120.2757339478,76.8345489502,27.8950004578
2021-06-29,344.5140075684,35.5678329468,27.2503013611,33.5299987793,120.4769515991,76.8345489502,27.6700000763
2021-06-30,343.9705505371,35.4641189575,27.1986846924,33.7099990845,121.0135345459,76.8345489502,27.7749996185
2021-07-01,344.1063537598,35.4888191223,27.4954891205,33.8100013733,121.0202255249,76.8429565430,28.0249996185
2021-07-02,348.0563049316,36.2888755798,27.5385055542,34.0400009155,121.7504882812,76.8345489502,28.0450000763
2021-07-06,349.5605468750,36.5950622559,27.6546497345,34.2200012207,123.1775436401,76.8261489868,27.7199993134
2021-07-07,350.2980957031,36.7234687805,27.8353118896,34.3400001526,124.2687759399,76.8261489868,27.7000007629
2021-07-08,348.1824035645,36.3283805847,27.7535781860,34.3300018311,124.7556152344,76.8345489502,26.6450004578
2021-07-09,350.3563842773,36.7679214478,27.7879943848,34.4300003052,123.0012512207,76.8345489502,27.7099990845
2021-07-12,351.7248229980,37.0494155884,27.8783245087,34.4000015259,122.8416595459,76.8345489502,27.8750000000
2021-07-13,351.7248229980,37.0345954895,27.6675529480,34.4500007629,121.9015808105,76.8345489502,27.6299991608
2021-07-14,352.3555908203,37.1630134583,27.9084377289,34.7999992371,123.2866287231,76.8261489868,27.9099998474
2021-07-15,349.8807983398,36.6395187378,28.2224521637,34.8100013733,124.6465072632,76.8345489502,27.7350006104
2021-07-16,347.0470581055,36.0518226624,28.5063495636,34.4799995422,124.4114456177,76.8345489502,27.1299991608
2021-07-19,344.2034301758,35.4591903687,28.0546951294,34.5000000000,127.1396026611,76.8261489868,25.2000007629
2021-07-20,348.2018432617,36.2839393616,28.1751365662,34.4700012207,125.9140625000,76.8261489868,26.2250003815
2021-07-21,350.8901062012,36.8173065186,27.8654232025,34.3400001526,124.3191528320,76.8261489868,27.0750007629
2021-07-22,353.2095947266,37.3309173584,27.9084377289,34.4099998474,125.4943389893,76.8345489502,26.8349990845
2021-07-23,357.3341674805,38.1803588867,28.2654647827,34.2900009155,124.6548767090,76.8261489868,26.8449993134
2021-07-26,357.6155395508,38.2643127441,28.2740707397,34.2299995422,124.2855072021,76.8345489502,27.0849990845
2021-07-27,353.6754150391,37.4247589111,28.7601470947,34.2900009155,125.6118545532,76.8261489868,26.6399993896
2021-07-28,355.0340881348,37.6914405823,28.5407638550,34.4399986267,125.6202011108,76.8261489868,26.9850006104
2021-07-29,355.6649780273,37.8396034241,28.6181945801,34.8300018311,124.9235382080,76.8345489502,27.2299995422
2021-07-30,353.8112792969,37.4346351624,28.3773021698,34.5600013733,125.5111160278,76.8261489868,26.8899993896
2021-08-02,353.8404541016,37.4296875000,28.5966892242,34.5299987793,126.6305313110,76.8261489868,26.3850002289
2021-08-03,355.9851684570,37.8840446472,28.7601470947,34.4900016785,126.6978073120,76.8261489868,27.0249996185
2021-08-04,356.4995727539,38.0075073242,28.7171268463,34.5099983215,126.9583663940,76.8261489868,27.0450000763
2021-08-05,358.7607727051,38.4865608215,29.0311431885,34.3499984741,126.3111801147,76.8261489868,27.3750000000
2021-08-06,357.1885986328,38.1359138489,29.0139389038,33.5200004578,124.2016906738,76.8345489502,27.7250003815
2021-08-09,357.8485412598,38.2741928101,29.0053329468,32.9099998474,123.7562255859,76.8345489502,27.8750000000
2021-08-10,356.0143127441,37.8889770508,29.0354366302,32.9300003052,123.1847534180,76.8261489868,28.0049991608
2021-08-11,355.4028625488,37.7655258179,29.3064422607,33.3800010681,123.1090545654,76.8261489868,28.4400005341
2021-08-12,356.6839599609,38.0322074890,29.3365535736,33.3899993896,122.9073867798,76.8261489868,28.7399997711
2021-08-13,357.9359130859,38.2791366577,29.5430221558,33.8699989319,124.8488388062,76.8345489502,28.7199993134
2021-08-16,358.0911254883,38.3087615967,29.7236900330,34.0299987793,125.1514053345,76.8177490234,28.6849994659
2021-08-17,354.9370727539,37.6371154785,29.7408962250,33.9799995422,125.1009826660,76.8177490234,28.2099990845
2021-08-18,351.5209655762,36.9062042236,29.5903415680,34.0200004578,125.5212020874,76.8177490234,27.2500000000
2021-08-19,353.2192687988,37.2716484070,29.7107906342,33.9099998474,126.4456405640,76.8345489502,26.7700004578
2021-08-20,356.8780822754,38.0470161438,30.0807247162,33.9199981689,126.5297012329,76.8345489502,27.8150005341
2021-08-23,362.2156982422,39.1730194092,29.6935844421,34.3300018311,126.4456405640,76.8177490234,28.2800006866
2021-08-24,363.3220520020,39.4150123596,29.5000133514,34.3199996948,125.4624099731,76.8177490234,28.3199996948
2021-08-25,363.7394104004,39.4594650269,29.5559272766,34.0900001526,124.4202194214,76.8177490234,28.6599998474
2021-08-26,361.4296569824,39.0001602173,29.4828090668,34.1300010681,124.7647933960,76.8261489868,28.0200004578
2021-08-27,364.9427490234,39.7656517029,29.4741973877,34.6199989319,125.6136016846,76.8261489868,28.7500000000
2021-08-30,369.0382385254,40.6595420837,29.5172271729,34.4599990845,125.9414596558,76.8261489868,28.8700008392
2021-08-31,368.7374267578,40.5755767822,29.4828090668,34.5299987793,125.0841751099,76.8177490234,28.9599990845
2021-09-01,369.3487243652,40.7187995911,29.8699455261,34.5499992371,125.2936477661,76.8177490234,29.3099994659
2021-09-02,369.1741333008,40.6694107056,30.1409416199,34.4500007629,125.8406906128,76.8345489502,29.2999992371
2021-09-03,370.3096313477,40.9262351990,29.8914527893,34.8199996948,124.6962356567,76.8177490234,29.2150001526
2021-09-07,370.8336486816,41.0249977112,29.4957027435,34.1300010681,123.6443557739,76.8177490234,28.8099994659
2021-09-08,369.5428771973,40.7583084106,30.0248012543,34.0400009155,124.4858932495,76.8177490234,28.8850002289
2021-09-09,368.2715759277,40.4373054504,29.8613414764,34.1800003052,125.9921722412,76.8177490234,28.5450000763
2021-09-10,365.4765625000,39.8347930908,29.4440898895,34.0400009155,124.8813323975,76.8261489868,28.0000000000
2021-09-13,365.2242126465,39.7804679871,29.3924751282,34.1399993896,125.6387176514,76.8261489868,28.5000000000
2021-09-14,364.1858215332,39.5483551025,29.2935295105,34.3699989319,127.1618347168,76.8177490234,28.3150005341
2021-09-15,366.8934936523,40.1311111450,29.2548236847,34.1599998474,126.7158355713,76.8177490234,28.8700008392
2021-09-16,367.1457824707,40.2051849365,29.0096321106,33.3899993896,126.1351852417,76.8261489868,29.0300006866
2021-09-17,362.7980346680,39.2520332336,28.5622768402,33.3400001526,125.5293045044,76.8177490234,28.0650005341
2021-09-20,355.3014221191,37.6173553467,28.5098304749,33.5800018311,127.0861587524,76.8261489868,26.4500007629
2021-09-21,355.7385864258,37.6914405823,28.4318161011,33.7900009155,126.9767379761,76.8177490234,26.9950008392
2021-09-22,359.0614013672,38.4124755859,28.4144744873,33.6500015259,127.7340240479,76.8177490234,27.7749996185
2021-09-23,362.3744201660,39.1137580872,28.2627887726,33.2700004578,124.8477172852,76.8261489868,28.6450004578
2021-09-24,362.7143859863,39.1779594421,28.2324447632,33.2500000000,123.6275405884,76.8177490234,29.0750007629
2021-09-27,359.8191528320,38.5705070496,27.8987216949,33.3199996948,123.1730804443,76.8177490234,28.8600006104
2021-09-28,349.6372070312,36.3678855896,27.5476551056,32.9799995422,121.2544174194,76.8177490234,27.3799991608
2021-09-29,349.0639648438,36.2789916992,27.9073867798,32.8499984741,121.4648208618,76.8261489868,27.2000007629
2021-09-30,347.7815551758,35.9382324219,27.6863479614,33.4099998474,121.4479751587,76.8261489868,27.1949996948
2021-10-01,349.9383850098,36.4222145081,27.6863479614,33.4900016785,122.4699859619,76.8261489868,27.6749992371
2021-10-04,342.5933532715,34.9109954834,28.0677509308,33.6500015259,122.1583099365,76.8093643188,27.2999992371
2021-10-05,347.2179565430,35.8443984985,27.9984054565,33.5000000000,120.9786682129,76.8177490234,27.7950000763
2021-10-06,349.4428710938,36.2938041687,28.4318161011,33.5900001526,121.6611251831,76.8177490234,27.9500007629
2021-10-07,352.6490783691,36.9605293274,28.2801246643,33.4000015259,120.3888778687,76.8177490234,28.4899997711
2021-10-08,350.8905029297,36.5851936340,28.0720825195,33.4199981689,119.5462646484,76.8177490234,28.7500000000
2021-10-11,348.1992797852,36.0271263123,27.6906814575,33.3600006104,119.2429122925,76.8177490234,28.5599994659
2021-10-12,346.9848937988,35.7851333618,27.8770503998,33.5200004578,121.2819671631,76.8177490234,28.8349990845
2021-10-13,349.7634277344,36.3481407166,28.2021102905,34.1100006104,122.4616012573,76.8177490234,29.1299991608
2021-10-14,356.2050170898,37.6815528870,28.5488376617,34.2000007629,122.9166030884,76.8093643188,29.8950004578
2021-10-15,358.4493408203,38.1556625366,28.4664916992,33.6599998474,122.2004241943,76.8177490234,29.9150009155
2021-10-18,362.0538635254,38.9260902405,28.1934452057,33.5699996948,122.7733688354,76.8093643188,30.1849994659
2021-10-19,364.7936096191,39.4940299988,28.5488376617,33.6800003052,121.0797119141,76.8093643188,30.2999992371
2021-10-20,364.3175354004,39.4001922607,28.9995880127,33.9799995422,120.2625045776,76.8093643188,30.4850006104
2021-10-21,366.5424499512,39.8841819763,28.9995880127,33.9500007629,120.1192169189,76.8093643188,30.9650001526
2021-10-22,363.4625854492,39.2026443481,29.1469459534,34.1500015259,121.4420700073,76.8093643188,30.6149997711
2021-10-25,367.1836853027,40.0027046204,29.0212554932,34.3899993896,121.2566375732,76.8177490234,31.0849990845
2021-10-26,368.3398437500,40.2249450684,29.1772899628,34.1300010681,122.2593765259,76.8009414673,30.7999992371
2021-10-27,369.1948242188,40.4323654175,28.9822463989,34.2200012207,124.4837951660,76.8009414673,30.4349994659
2021-10-28,373.2947692871,41.3460083008,29.1729545593,34.2200012207,124.0625305176,76.8177490234,30.8850002289
2021-10-29,375.1310729980,41.7509689331,28.9995880127,33.9300003052,124.4417266846,76.8177490234,30.7950000763
2021-11-01,376.4135437012,42.0324668884,29.1036090851,34.0999984741,123.5457305908,76.8177490234,31.0200004578
2021-11-02,377.9874877930,42.3880500793,29.1296081543,34.0299987793,124.0940780640,76.8009414673,31.4150009155
2021-11-03,382.0000305176,43.2819328308,29.0212554932,33.7500000000,122.8117294312,76.8009414673,31.9549999237
2021-11-04,386.8967590332,44.3783035278,28.8608932495,34.0999984741,124.1025390625,76.8093643188,31.7250003815
2021-11-05,387.2659606934,44.4671936035,29.1339435577,34.5600013733,125.9585494995,76.8093643188,31.1299991608
2021-11-08,386.7412414551,44.3486785889,28.7005348206,34.7000007629,125.7222976685,76.8177490234,31.1350002289
2021-11-09,384.0792541504,43.7214736938,28.8478946686,34.8699989319,127.3590545654,76.8009414673,30.8500003815
2021-11-10,378.4344177246,42.4473152161,29.0819301605,35.2599983215,125.0305023193,76.8009414673,30.6149997711
2021-11-11,379.4836425781,42.6843681335,28.9042377472,35.4500007629,124.8449554443,76.8093643188,30.8649997711
2021-11-12,383.4768371582,43.5782546997,28.8869056702,35.5000000000,124.2965621948,76.8093643188,31.4650001526
2021-11-15,383.3893432617,43.5634384155,29.2683029175,35.4500007629,122.7357330322,76.8093643188,31.6849994659
2021-11-16,386.1195068359,44.1758193970,29.1296081543,35.2099990845,122.4236450195,76.8009414673,31.6100006104
2021-11-17,386.3235168457,44.2153320312,29.1556110382,35.5299987793,123.3938369751,76.8009414673,31.3150005341
2021-11-18,390.3263854980,45.1240425110,29.0039176941,35.4099998474,123.8578033447,76.8093643188,31.1800003052
2021-11-19,392.5026550293,45.6228370667,29.1686134338,35.1500015259,125.1655654907,76.8093643188,31.0100002289
2021-11-22,387.9460449219,44.5807876587,29.3463096619,34.3400001526,123.6975555420,76.8093643188,30.6650009155
2021-11-23,386.1777648926,44.1610107422,29.3766517639,34.0699996948,121.9089584351,76.8009414673,31.0599994659
2021-11-24,387.4213867188,44.4721450806,29.3939895630,34.0299987793,123.8663024902,76.8093643188,31.2800006866
2021-11-26,380.0762939453,42.6942405701,28.9345722198,33.9599990845,126.9962997437,76.8009414673,27.2800006866
2021-11-29,388.3249816895,44.5906677246,29.3636455536,33.9399986267,125.9754104614,76.8093643188,29.2250003815
2021-11-30,382.6218872070,43.2671241760,28.5054969788,33.6800003052,127.8905715942,76.8009414673,26.8799991608
2021-12-01,376.1123962402,41.8003654480,28.5575065613,33.8400001526,128.6794738770,76.8093643188,25.8999996185
2021-12-02,378.8230590820,42.4176902771,28.9215698242,33.6399993896,128.8399658203,76.8093643188,26.6800003052
2021-12-03,372.2358398438,40.9410400391,29.2119617462,33.9300003052,130.3773193359,76.8009414673,25.5349998474
2021-12-06,375.2184753418,41.6126861572,29.6583690643,33.8300018311,128.5866241455,76.8009414673,26.5550003052
2021-12-07,386.5177917480,44.1165657043,29.8794116974,33.9599990845,127.5476455688,76.8009414673,27.9899997711
2021-12-08,388.2472534180,44.4869613647,29.8490772247,33.9700012207,125.3429412842,76.8093643188,28.8150005341
2021-12-09,382.5343933105,43.1732902527,29.8100643158,33.7599983215,126.0440444946,76.8009414673,28.4150009155
2021-12-10,386.6927185059,44.1066818237,29.9704303741,33.9099998474,125.7399673462,76.8093643188,29.2649993896
2021-12-13,381.1062316895,42.8275833130,30.3388290405,34.0000000000,127.5983200073,76.8093643188,28.7199993134
2021-12-14,377.1617431641,41.9682655334,30.1568012238,33.7000007629,127.2941589355,76.8093643188,28.4899997711
2021-12-15,385.7599487305,43.8449440002,30.6508808136,33.8199996948,126.0694198608,76.8093643188,29.4850006104
2021-12-16,375.8402404785,41.6028099060,30.8069095612,34.2200012207,126.1184616089,76.8009414673,28.8299999237
2021-12-17,373.9652404785,41.1780967712,30.3431587219,34.1599998474,127.5475845337,76.8093643188,28.3400001526
2021-12-20,370.3376159668,40.3484077454,30.3719902039,34.0099983215,126.5920181274,76.8009414673,27.8700008392
2021-12-21,378.6258544922,42.1559371948,30.3283100128,34.0099983215,126.1100158691,76.7925262451,28.4750003815
2021-12-22,383.2369689941,43.1930389404,30.4593563080,34.3300018311,126.6935272217,76.7925262451,29.3600006104
2021-12-23,386.1262817383,43.8548164368,30.4549961090,34.4099998474,125.5941619873,76.7925262451,29.5100002289
2021-12-27,392.5078430176,45.2623176575,30.6035099030,34.4799995422,125.8985748291,76.8009414673,29.8600006104
2021-12-28,390.6886596680,44.8919296265,30.8787021637,34.3400001526,125.3996658325,76.7925262451,30.2600002289
2021-12-29,390.6303405762,44.8524093628,31.0446949005,34.3300018311,124.0297317505,76.7925262451,30.6049995422
2021-12-30,389.4629821777,44.5412864685,31.1582660675,34.5699996948,125.0699005127,76.8009414673,30.6450004578
2021-12-31,387.0309448242,43.9634666443,31.2674789429,34.8100013733,125.3151321411,76.8009414673,30.7749996185
2022-01-03,390.7567443848,44.8771095276,30.9573383331,34.2599983215,122.0255432129,76.7925262451,31.2849998474
2022-01-04,385.6885070801,43.7017173767,30.8612327576,34.5200004578,121.5181579590,76.8009414673,31.2950000763
2022-01-05,373.8397827148,40.9854888916,30.8437576294,34.4099998474,120.8585968018,76.8009414673,30.0900001526
2022-01-06,373.5770874023,40.9558601379,30.5248775482,34.0000000000,121.1714477539,76.8009414673,30.0049991608
2022-01-07,369.5301208496,40.0520858765,30.7564029694,34.1500015259,120.3004608154,76.8009414673,30.4300003052
2022-01-10,369.7734069824,40.1459159851,30.5554542542,34.2500000000,120.5964202881,76.7925262451,30.6599998474
2022-01-11,375.3281250000,41.3262557983,30.2802658081,34.6800003052,121.3998489380,76.7841491699,31.2299995422
2022-01-12,376.8164672852,41.6521987915,30.3763618469,34.7500000000,120.9347000122,76.7925262451,31.3899993896
2022-01-13,367.3900146484,39.5434074402,30.5248775482,34.6500015259,122.0086669922,76.8009414673,30.4549999237
2022-01-14,369.6761169434,40.0422096252,30.3152065277,34.5400009155,120.1651840210,76.8009414673,30.6250000000
2022-01-18,360.4733276367,38.0766448975,29.9526443481,34.5000000000,118.4738998413,76.7841491699,29.5049991608
2022-01-19,356.5140075684,37.1975746155,30.0880603790,35.0499992371,119.2941360474,76.8009414673,29.0900001526
2022-01-20,351.8834228516,36.2147979736,30.1273765564,34.9599990845,120.0299072266,76.8009414673,28.4850006104
2022-01-21,342.1262207031,34.1751480103,30.0705909729,34.8400001526,121.4589996338,76.7925262451,27.1550006866
2022-01-24,343.6923217773,34.5899963379,29.7822856903,35.0099983215,120.4611053467,76.8009414673,26.7450008392
2022-01-25,335.7251586914,32.8614807129,29.3148975372,35.1300010681,120.2666625977,76.7841491699,26.7250003815
2022-01-26,335.1998901367,32.9158020020,29.0746459961,34.5600013733,118.8121261597,76.7925262451,26.4500007629
2022-01-27,331.8242492676,32.1503257751,29.3323688507,34.1399993896,120.9938888550,76.8009414673,26.3750000000
2022-01-28,342.2332153320,34.2097167969,29.6861820221,34.0299987793,121.0361404419,76.7841491699,27.2049999237
2022-01-31,353.1772460938,36.4024620056,30.2496852875,34.2200012207,120.4104156494,76.8009414673,28.1100006104
2022-02-01,355.5800781250,36.8370590210,29.8478164673,34.2700004578,120.0106735229,76.7925262451,29.1499996185
2022-02-02,358.4693603516,37.4543800354,30.2889938354,34.3800010681,120.4171905518,76.8009414673,29.4850006104
2022-02-03,343.9355773926,34.3825683594,30.1535892487,34.3600006104,119.4772109985,76.8009414673,27.6849994659
2022-02-04,348.2743530273,35.2616424561,29.9133396149,34.3899993896,117.7158126831,76.7841491699,28.0949993134
2022-02-07,345.4725952148,34.7085227966,29.8696537018,34.6599998474,117.7920761108,76.7841491699,28.5249996185
2022-02-08,349.3541870117,35.4888191223,29.8914909363,34.7299995422,117.0045013428,76.7925262451,29.2000007629
2022-02-09,356.7572631836,36.9951057434,30.0225353241,34.8699989319,117.2246856689,76.7841491699,29.7299995422
2022-02-10,348.6828918457,35.3110237122,29.2624797821,34.7299995422,115.3617095947,76.7841491699,28.2800006866
2022-02-11,337.6221008301,33.0837173462,29.2799434662,35.4099998474,117.0722808838,76.7841491699,26.4200000763
2022-02-14,338.0404357910,33.1726150513,29.0309619904,35.5800018311,115.6157150269,76.7757492065,26.4150009155
2022-02-15,346.4454650879,34.7974128723,28.8955421448,35.2299995422,114.3031387329,76.7925262451,27.5000000000
2022-02-16,346.3579101562,34.7628479004,28.9610729218,35.6100006104,114.9806442261,76.7925262451,28.0349998474
2022-02-17,336.0559082031,32.6985168457,28.9785404205,36.0999984741,115.8358917236,76.7841491699,26.3799991608
2022-02-18,332.2230224609,31.9428958893,28.9261283875,36.0600013733,117.0553359985,76.7925262451,26.0599994659
2022-02-22,328.8862609863,31.2959423065,28.8955421448,36.1500015259,117.3601684570,76.7925262451,26.1200008392
2022-02-23,320.4618225098,29.7057113647,28.4063072205,36.3100013733,115.7427368164,76.7841491699,25.3899993896
2022-02-24,331.2308044434,31.6959705353,28.6334552765,36.0800018311,115.8190155029,76.7841491699,25.7649993896
2022-02-25,336.3671569824,32.6738090515,29.5202045441,35.9599990845,115.9036254883,76.7841491699,26.2900009155
2022-02-28,337.3692016602,32.9256858826,29.6730766296,36.3100013733,118.4441070557,76.7841491699,25.6949996948
2022-03-01,332.2035217285,31.8441295624,29.4153556824,36.9900016785,119.8134994507,76.8026275635,24.2700004578
2022-03-02,337.7778320312,32.8911170959,29.7735519409,36.6100006104,115.7179718018,76.8026275635,25.0400009155
2022-03-03,332.9526062012,31.9527816772,30.2977371216,36.8199996948,116.8966217041,76.8110122681,24.9699993134
2022-03-04,328.1275024414,31.0539512634,30.9660682678,37.4000015259,118.9147109985,76.8110122681,24.3999996185
2022-03-07,316.0257873535,28.7476177216,31.3679466248,37.9500007629,118.0074234009,76.8110122681,23.5300006866
2022-03-08,314.5568847656,28.4661235809,30.8830661774,38.9799995422,116.8202896118,76.8110122681,23.5049991608
2022-03-09,325.8803405762,30.5502147675,30.6646575928,37.8400001526,115.6755676270,76.8110122681,23.9599990845
2022-03-10,322.2615356445,29.8637523651,30.8699665070,37.9700012207,114.0136566162,76.8110122681,24.4950008392
2022-03-11,315.5783386230,28.5994682312,30.7651329041,37.6800003052,114.3952178955,76.8026275635,24.2399997711
2022-03-14,309.5178222656,27.5179080963,30.7301845551,37.1100006104,111.7241973877,76.8110122681,23.8400001526
2022-03-15,319.2263183594,29.2167892456,31.1233196259,36.4500007629,111.5291671753,76.7942504883,24.2500000000
2022-03-16,331.0653991699,31.4045944214,31.0665340424,36.6500015259,112.6230087280,76.8110122681,25.4599990845
2022-03-17,335.0733337402,32.1355018616,31.1975765228,36.8499984741,111.7835540771,76.8110122681,25.6700000763
2022-03-18,341.9317016602,33.4738655090,30.9311237335,36.5000000000,113.1487503052,76.8026275635,26.3850002289
2022-03-21,340.9809570312,33.2862052917,31.1378002167,36.7799987793,110.5285873413,76.8026275635,26.4099998474
2022-03-22,347.6822204590,34.5801124573,31.1817646027,36.5400009155,109.1125640869,76.8026275635,26.6100006104
2022-03-23,342.6854553223,33.5874557495,31.2257442474,36.9900016785,111.5037231445,76.8194503784,26.6550006866
2022-03-24,350.3023071289,35.0838508606,31.5467548370,37.2900009155,110.6303405762,76.8194503784,26.9850006104
2022-03-25,350.0101013184,35.0344696045,32.0040817261,37.1599998474,109.0955734253,76.8026275635,27.3649997711
2022-03-28,355.4255981445,36.1160202026,32.2107582092,36.4799995422,110.0283126831,76.8026275635,27.5650005341
2022-03-29,361.5423583984,37.3309173584,32.5097770691,36.5000000000,110.8593215942,76.8026275635,28.2150001526
2022-03-30,357.5489196777,36.5358047485,32.7780113220,36.7599983215,111.7241973877,76.8194503784,28.0100002289
2022-03-31,353.1171569824,35.5184516907,32.7428436279,36.8300018311,111.9955215454,76.8194503784,27.2800006866
2022-04-01,352.4451293945,35.4937591553,33.2001647949,36.5400009155,112.4218597412,76.8194503784,27.8250007629
2022-04-04,359.7014770508,36.9210205078,32.9451103210,36.7299995422,111.6405639648,76.8110122681,28.5349998474
2022-04-05,351.7145690918,35.3060874939,33.1517982483,36.4900016785,109.1183242798,76.8026275635,27.3250007629
2022-04-06,344.0783996582,33.7306785583,33.8113975525,36.5800018311,108.2351303101,76.8110122681,27.0249996185
2022-04-07,344.8965759277,33.9134063721,33.7278518677,36.7000007629,107.4198837280,76.8110122681,27.3850002289
2022-04-08,340.0751953125,32.9503784180,33.8421859741,36.9700012207,106.2563858032,76.8026275635,27.4150009155
2022-04-11,332.0299072266,31.3996562958,33.3804588318,37.1399993896,104.5748977661,76.8110122681,26.6450004578
2022-04-12,330.6273193359,31.1527252197,33.5079803467,37.4199981689,104.4305496216,76.8110122681,26.4799995422
2022-04-13,337.3480529785,32.3873710632,33.4420204163,37.6199989319,104.6428833008,76.8110122681,27.4099998474
2022-04-14,329.6338806152,30.9008560181,33.4596061707,37.4700012207,102.5452194214,76.8026275635,27.0450000763
2022-04-18,329.8870544434,30.9996261597,33.2793235779,37.5900001526,102.0357055664,76.8110122681,27.2199993134
2022-04-19,337.2603454590,32.3132934570,33.4947814941,37.0099983215,101.2713699341,76.8026275635,27.9099998474
2022-04-20,332.3415527344,31.3700237274,33.7674255371,37.2200012207,103.3095245361,76.8194503784,28.2350006104
2022-04-21,325.4649963379,30.1156158447,33.2089653015,37.0900001526,102.5452194214,76.8194503784,27.1849994659
2022-04-22,316.9424743652,28.5056343079,32.6505012512,36.7200012207,101.8998031616,76.8110122681,25.5599994659
2022-04-25,321.0138244629,29.2563037872,32.4262123108,36.0600013733,102.9189147949,76.8194503784,25.7800006866
2022-04-26,308.8971862793,26.9993553162,32.1008262634,36.1100006104,103.9549789429,76.8110122681,24.3950004578
2022-04-27,308.5270690918,26.9697265625,31.9469223022,35.8400001526,102.6216583252,76.8110122681,24.1900005341
2022-04-28,319.4846801758,28.8661518097,32.3030967712,36.0400009155,102.7745208740,76.8278427124,24.8099994659
2022-04-29,305.1082458496,26.2733840942,31.3356838226,36.0400009155,101.4412307739,76.8110122681,23.8299999237
2022-05-02,310.2023010254,27.1573944092,31.0146636963,35.3699989319,99.6828460693,76.8194503784,24.0100002289
2022-05-03,310.5335083008,27.2413482666,31.1333999634,35.4700012207,100.3549041748,76.8110122681,24.7199993134
2022-05-04,321.0333557129,29.0686340332,31.8281917572,35.8199996948,100.9078750610,76.8278427124,25.8400001526
2022-05-05,304.8647766113,26.1795482635,31.5027828217,35.6699981689,98.1431274414,76.8278427124,23.5750007629
2022-05-06,301.2122497559,25.5227127075,31.7534255981,35.7400016785,96.6969833374,76.8278427124,23.7250003815
2022-05-09,289.4266662598,23.4978866577,31.5159626007,35.2099990845,97.5476684570,76.8194503784,22.7549991608
2022-05-10,292.9428710938,24.0757026672,31.1333999634,34.9099998474,98.4323425293,76.8194503784,23.1299991608
2022-05-11,284.2547302246,22.6286926270,31.3576679230,35.2000007629,100.3293838501,76.8194503784,23.1849994659
2022-05-12,283.5826721191,22.5299167633,31.0410575867,34.6599998474,100.1422424316,76.8278427124,23.4150009155
2022-05-13,294.0922546387,24.1744766235,31.4104404449,34.3899993896,98.6620635986,76.8362274170,24.1550006866
2022-05-16,290.6832275391,23.6312255859,31.5071773529,34.7099990845,98.5599594116,76.8278427124,24.6499996185
2022-05-17,298.2123107910,24.8510646820,31.8325767517,34.5099983215,97.3690414429,76.8278427124,24.9599990845
2022-05-18,283.5729675293,22.3817596436,31.5247650146,34.5099983215,99.4446868896,76.8278427124,23.1650009155
2022-05-19,282.0534667969,22.1595230103,31.4588108063,35.0299987793,99.6828460693,76.8446350098,23.8700008392
2022-05-20,281.1768798828,22.0064258575,31.5467548370,35.0400009155,100.8143005371,76.8446350098,23.8400001526
2022-05-23,285.8521423340,22.7422809601,31.9249210358,35.2299995422,99.1554183960,76.8446350098,24.0100002289
2022-05-24,279.7743225098,21.7693748474,32.5625495911,35.4799995422,101.1120071411,76.8362274170,23.9650001526
2022-05-25,283.6897583008,22.3916358948,32.5405540466,35.2599983215,101.5118179321,76.8446350098,24.2150001526
2022-05-26,291.5500793457,23.6213493347,32.6329040527,35.2000007629,101.0524597168,76.8614578247,24.2999992371
2022-05-27,301.0661010742,25.1868896484,33.1430053711,35.2299995422,101.2991638184,76.8446350098,24.7900009155
2022-05-31,300.2674255371,25.0239162445,32.6856651306,34.8699989319,99.1554183960,76.8362274170,25.0149993896
2022-06-01,298.0467224121,24.6584606171,32.6329040527,35.0900001526,99.0420989990,76.8370666504,25.1000003815
2022-06-02,306.2089233398,26.0165767670,32.8527755737,35.5200004578,99.0932312012,76.8538894653,25.3549995422
2022-06-03,298.2415771484,24.6238880157,32.6944694519,35.1500015259,98.8801574707,76.8370666504,25.2250003815
2022-06-06,299.2349243164,24.8115539551,32.8395767212,34.9799995422,97.0565032959,76.8454971313,25.3899993896
2022-06-07,301.8161621094,25.2510929108,33.0374565125,35.2099990845,98.1046829224,76.8370666504,25.7049999237
2022-06-08,299.6440429688,24.8708152771,32.3910484314,35.2000007629,97.2354660034,76.8454971313,25.7549991608
2022-06-09,291.6182556152,23.5126972198,31.6127090454,35.0900001526,97.5592880249,76.8538894653,25.1049995422
2022-06-10,281.3326416016,21.8385143280,31.3708553314,35.5600013733,96.9542388916,76.8370666504,24.3299999237
2022-06-13,268.2518005371,19.8285026550,29.9285202026,34.6199989319,93.9118804932,76.8454971313,22.6299991608
2022-06-14,268.7387084961,19.9223365784,29.1721687317,34.3400001526,92.7273254395,76.8370666504,23.0450000763
2022-06-15,275.4496765137,20.8952407837,29.3612575531,34.7999992371,94.4572753906,76.8454971313,23.6800003052
2022-06-16,264.3362731934,19.2210521698,28.7939987183,35.1899986267,95.2072372437,76.8622894287,22.9400005341
2022-06-17,267.5505065918,19.6655254364,28.5257606506,34.8899993896,95.5139999390,76.8538894653,23.2900009155
2022-06-21,274.3006591797,20.6581878662,29.0687484741,34.7599983215,93.8948440552,76.8706970215,23.5100002289
2022-06-22,273.9005126953,20.5890483856,29.3745975494,34.9199981689,96.4770202637,76.8790893555,23.9850006104
2022-06-23,277.9797363281,21.2014331818,30.0660724640,34.6800003052,97.2695465088,76.8790893555,23.9799995422
2022-06-24,287.5043640137,22.6928901672,30.5891208649,34.6599998474,95.9230422974,76.8622894287,24.2049999237
2022-06-27,285.3964538574,22.3076782227,30.8373394012,34.6300010681,95.1049575806,76.8622894287,24.5799999237
2022-06-28,276.7013549805,20.9396858215,30.7220897675,34.5600013733,95.5480957031,76.8790893555,24.2299995422
2022-06-29,276.9550476074,20.9989509583,30.7442588806,34.5499992371,97.0394821167,76.8875045776,24.1949996948
2022-06-30,273.5200195312,20.4507675171,31.0855579376,34.3100013733,97.8916244507,76.8959121704,24.1049995422
2022-07-01,275.3253784180,20.7174491882,31.8479633331,34.2999992371,98.8966674805,76.8900375366,24.3850002289
2022-07-05,280.0388183594,21.4286079407,30.7619838715,33.5800018311,99.6736907959,76.8900375366,24.3799991608
2022-07-06,281.8344726562,21.6903591156,31.0811367035,33.0499992371,98.0000915527,76.8900375366,24.5900001526
2022-07-07,287.8653869629,22.6138744354,31.0501060486,33.0699996948,97.1376419067,76.8900375366,24.7250003815
2022-07-08,288.2264709473,22.6879539490,30.9481487274,33.0900001526,96.0617752075,76.8816070557,25.0100002289
2022-07-11,282.0686950684,21.6903591156,31.1431884766,32.8800010681,97.7182846069,76.8900375366,24.6299991608
2022-07-12,279.3362121582,21.2804508209,30.9924812317,32.7700004578,98.2989578247,76.8816070557,24.5100002289
2022-07-13,278.7604675293,21.2014331818,30.8639411926,32.9399986267,99.4260559082,76.8816070557,24.7199993134
2022-07-14,279.7558898926,21.3446559906,30.8639411926,32.4500007629,98.6148605347,76.8900375366,24.6849994659
2022-07-15,284.8304748535,22.1051979065,30.9215583801,32.4000015259,99.1699142456,76.8816070557,25.3050003052
2022-07-18,282.4200439453,21.7348041534,30.4916057587,32.4199981689,98.1366882324,76.8816070557,24.9249992371
2022-07-19,291.1053466797,23.0583457947,30.6866378784,32.5099983215,97.6072998047,76.8816070557,25.1049995422
2022-07-20,295.7213134766,23.7892608643,30.2788352966,32.2099990845,97.8634796143,76.8816070557,25.4249992371
2022-07-21,299.9664001465,24.4707889557,30.3586235046,32.6599998474,99.5541534424,76.9068527222,25.7049999237
2022-07-22,294.7063598633,23.6114730835,30.7752857208,32.7500000000,101.2277679443,76.9152603149,25.8150005341
2022-07-25,293.0278625488,23.3596057892,31.1609153748,32.6500015259,100.2372589111,76.9068527222,25.9349994659
2022-07-26,287.2700805664,22.4163284302,31.3470897675,32.6100006104,100.3141326904,76.9068527222,25.5949993134
2022-07-27,299.4100952148,24.3127536774,31.3736801147,32.9500007629,99.7505416870,76.9068527222,26.0499992371
2022-07-28,302.3377075195,24.7720508575,32.4995574951,33.3499984741,100.5446472168,76.9152603149,26.6749992371
2022-07-29,307.8514709473,25.6906261444,32.7787933350,33.4500007629,100.2713775635,76.9236679077,26.8649997711
2022-08-01,307.6661071777,25.6609954834,32.8142585754,33.6300010681,102.6863174438,76.9295654297,26.3700008392
2022-08-02,306.7487182617,25.4881458282,32.7477684021,33.4199981689,100.5135040283,76.9379806519,26.2150001526
2022-08-03,315.1022644043,26.8758926392,32.9516716003,33.5200004578,102.0960540771,76.9295654297,26.8999996185
2022-08-04,316.5758361816,27.1080093384,33.0225906372,34.0499992371,102.0618438721,76.9464263916,26.8700008392
2022-08-05,313.9897460938,26.6783485413,32.9029159546,33.6800003052,99.6324234009,76.9632263184,27.1650009155
2022-08-08,312.9748840332,26.5054950714,32.9516716003,33.9700012207,101.2406158447,76.9716644287,27.1250000000
2022-08-09,309.4323425293,25.8980484009,33.3195800781,34.0699996948,100.8470993042,76.9632263184,27.0499992371
2022-08-10,318.0689697266,27.3401222229,33.4658432007,34.0099983215,100.1884155273,76.9716644287,27.7800006866
2022-08-11,316.2636108398,27.0289897919,33.4614105225,33.9000015259,97.8531188965,76.9716644287,27.6900005341
2022-08-12,322.4213562012,28.0957279205,34.0066146851,34.2099990845,98.8453826904,76.9885025024,27.8400001526
2022-08-15,325.0269775391,28.5204448700,34.2903060913,33.7799987793,98.7598495483,76.9800872803,28.0699996948
2022-08-16,324.2657775879,28.3871078491,34.3878211975,33.7099990845,99.1705017090,76.9885025024,27.9699993134
2022-08-17,320.5671997070,27.7302742004,34.3302040100,33.5000000000,98.1353683472,76.9885025024,28.0100002289
2022-08-18,321.3381652832,27.8734874725,34.4587478638,33.4099998474,98.2808151245,77.0221862793,28.2299995422
2022-08-19,315.0729064941,26.7771205902,34.4410057068,33.1500015259,96.6982803345,77.0221862793,27.5450000763
2022-08-22,306.7779846191,25.3597393036,33.9711685181,32.9300003052,96.3731918335,77.0305862427,26.6250000000
2022-08-23,306.5242919922,25.3152923584,33.7672615051,33.1800003052,95.8428497314,77.0137481689,26.8250007629
2022-08-24,307.4122924805,25.4585094452,33.8736419678,33.2700004578,95.1413879395,77.0390167236,27.2999992371
2022-08-25,312.8479309082,26.3425235748,34.0819702148,33.3800010681,96.4672851562,77.0474243164,27.7299995422
2022-08-26,300.0248718262,24.1794090271,33.5589332581,32.9799995422,97.1943969727,77.0474243164,26.3850002289
2022-08-29,297.0679321289,23.7053050995,33.6608848572,32.9900016785,96.3903198242,77.0474243164,26.4599990845
2022-08-30,293.7597351074,23.1719379425,33.1688690186,32.7099990845,96.6298294067,77.0558319092,26.2500000000
2022-08-31,292.0520019531,22.9003124237,32.9516716003,32.4599990845,95.7059631348,77.0726852417,26.4850006104
2022-09-01,292.1788024902,22.9151306152,33.4259529114,32.1599998474,93.9537582397,77.0887145996,26.6299991608
2022-09-02,288.0508728027,22.2582969666,33.0669174194,32.4700012207,94.4852371216,77.0971374512,26.5100002289
2022-09-06,285.9819641113,21.9372863770,33.1511344910,32.2700004578,92.1449737549,77.0971374512,26.2150001526
2022-09-07,291.7592468262,22.8163585663,34.1883583069,32.6100006104,93.6022796631,77.1055603027,26.9150009155
2022-09-08,293.2717285156,23.0484714508,34.1617584229,32.4000015259,92.6421890259,77.1224517822,27.1350002289
2022-09-09,299.6833801270,24.0460700989,34.2991714478,32.5800018311,92.8478927612,77.1224517822,27.2849998474
2022-09-12,303.2452697754,24.6140136719,34.6271820068,32.7500000000,92.0849685669,77.1139984131,27.3150005341
2022-09-13,286.6163330078,21.9027118683,33.7052040100,32.3100013733,92.2993011475,77.1308670044,26.1350002289
2022-09-14,288.8900146484,22.2632350922,33.9800300598,32.1899986267,92.6164627075,77.1308670044,26.1550006866
2022-09-15,284.0789794922,21.4928131104,33.1334075928,31.5799999237,92.5564651489,77.1561660767,26.1849994659
2022-09-16,282.3419799805,21.2310676575,33.0092964172,31.7500000000,91.7849197388,77.1561660767,26.2099990845
2022-09-19,284.5406188965,21.5718326569,33.4515380859,31.7800006866,91.9992370605,77.1561660767,26.5849990845
2022-09-20,282.2725219727,21.2113113403,32.9651145935,31.6100006104,91.0820007324,77.1477127075,26.1650009155
2022-09-21,277.2181396484,20.4458274841,32.5143928528,31.7399997711,92.6078796387,77.1645889282,25.7350006104
2022-09-22,273.8062133789,19.9519672394,32.3983650208,31.7299995422,90.2418746948,77.1983261108,25.7800006866
2022-09-23,269.3481750488,19.3000698090,32.0235099792,31.1800003052,90.6104965210,77.1983261108,25.0149993896
2022-09-26,268.2336730957,19.1074657440,31.2514820099,30.8199996948,88.8788909912,77.1814498901,24.5849990845
2022-09-27,268.3411560059,19.1568546295,30.7248897552,30.8799991608,86.5386047363,77.2067413330,24.4050006866
2022-09-28,273.6791992188,19.9025821686,31.0551280975,31.5200004578,89.4360961914,77.2152023315,24.8899993896
2022-09-29,265.7896118164,18.7815170288,29.8100700378,31.5200004578,88.9731750488,77.2320175171,24.5450000763
2022-09-30,261.2827453613,18.1049308777,29.2343940735,31.5300006866,87.8244628906,77.2320175171,24.2950000763
2022-10-03,267.4124450684,18.9593048096,30.0912094116,32.2799987793,89.2199478149,77.2109069824,24.8099994659
2022-10-04,275.8201599121,20.1495075226,30.7293586731,32.7500000000,88.9707717896,77.2362670898,25.2549991608
2022-10-05,275.6734924316,20.1149387360,30.0465850830,32.5800018311,88.1200561523,77.2362670898,25.2049999237
2022-10-06,273.5031433105,19.7939300537,29.0558929443,32.5499992371,87.6302719116,77.2531661987,24.8099994659
2022-10-07,263.0815429688,18.2777767181,28.4534416199,32.1899986267,86.7795562744,77.2531661987,24.3150005341
2022-10-10,260.4516601562,17.8876304626,28.5025310516,31.6900005341,85.4304733276,77.2616043091,24.0200004578
2022-10-11,256.8735961914,17.4431552887,28.3998889923,31.6200008392,85.8085784912,77.2616043091,23.8150005341
2022-10-12,256.7855529785,17.4135227203,27.4538249969,31.8099994659,86.2296295166,77.2616043091,23.9400005341
2022-10-13,262.8078002930,18.2036972046,28.1410636902,31.5699996948,85.4047088623,77.2869567871,24.2950000763
2022-10-14,254.9085388184,17.0974540710,27.7349662781,31.1700000763,84.7000808716,77.2869567871,24.0149993896
2022-10-17,263.3259887695,18.2580261230,28.3151016235,31.2800006866,84.2876281738,77.2869567871,24.3250007629
2022-10-18,265.4083251953,18.5444660187,28.8327636719,31.3400001526,84.4852905273,77.2869567871,24.5699996948
2022-10-19,264.4404602051,18.3864288330,28.4579048157,30.9200000763,82.9471664429,77.2869567871,24.4799995422
2022-10-20,263.0913696289,18.1790084839,27.7394256592,30.8799991608,81.5293273926,77.3207244873,24.6200008392
2022-10-21,269.2602233887,19.0482025146,28.2526283264,31.4300003052,80.0599441528,77.3291854858,24.6599998474
2022-10-24,272.2224426270,19.4630451202,28.4891414642,31.3199996948,79.3982925415,77.3207244873,24.8799991608
2022-10-25,277.8535461426,20.2581596375,29.0603542328,31.3899993896,81.7097778320,77.3207244873,25.3799991608
2022-10-26,271.7140197754,19.3494567871,29.0469646454,31.6000003815,82.8870239258,77.3376159668,25.6650009155
2022-10-27,266.7671813965,18.6333599091,29.2790241241,31.5599994659,83.7548904419,77.3629150391,25.9249992371
2022-10-28,274.9305114746,19.7840576172,30.0822849274,31.2199993134,83.1791458130,77.3544692993,26.2299995422
2022-10-31,271.7336730957,19.3000698090,29.8011417389,30.9799995422,82.5862426758,77.3544692993,26.4400005341
2022-11-01,268.9570617676,18.9099216461,29.9171676636,31.2900009155,83.3580856323,77.3612594604,26.5849990845
2022-11-02,259.7379455566,17.6160068512,29.6271018982,31.0599994659,82.9962539673,77.3866729736,26.2399997711
2022-11-03,254.6640930176,16.9295406342,29.7565174103,30.9599990845,82.5483398438,77.4120712280,26.5200004578
2022-11-04,258.7604064941,17.4678478241,29.9394817352,31.9099998474,81.1614685059,77.4290237427,26.7000007629
2022-11-07,261.6053161621,17.8481216431,29.3682727814,31.7700004578,80.3517684937,77.4205093384,26.8299999237
2022-11-08,263.5116882324,18.0950489044,29.5735492706,32.4900016785,81.2304077148,77.4290237427,26.4349994659
2022-11-09,257.4308166504,17.2456073761,29.3414955139,32.3400001526,81.4974441528,77.4713058472,26.0300006866
2022-11-10,276.4262084961,19.7939300537,30.7248897552,33.3300018311,84.6329193115,77.4797897339,26.7450008392
2022-11-11,281.5197753906,20.5248470306,30.3812828064,33.5600013733,84.3228530884,77.4713058472,26.8950004578
2022-11-14,279.0560913086,20.1544513702,30.0198059082,33.6399993896,84.1161041260,77.4713058472,26.8899993896
2022-11-15,282.9178161621,20.7223911285,30.3500404358,33.7400016785,85.4771347046,77.4882354736,26.7600002289
2022-11-16,279.0560913086,20.1445732117,30.6222591400,33.6599998474,87.3463668823,77.4967117310,27.0799999237
2022-11-17,278.4401855469,20.0408611298,30.0867462158,33.4099998474,86.4246902466,77.5221023560,27.2199993134
2022-11-18,278.4499511719,20.0457992554,30.7248897552,33.1899986267,85.8302688599,77.5221023560,27.3799991608
2022-11-21,275.5855407715,19.6260166168,30.8632354736,33.0099983215,86.1920700073,77.5305862427,27.7299995422
2022-11-22,279.5547180176,20.1890239716,31.1265316010,33.0299987793,87.4152832031,77.5475006104,28.2250003815
2022-11-23,282.3605346680,20.5890483856,31.4746131897,33.2400016785,88.9399719238,77.5644378662,28.5249996185
2022-11-25,280.5030212402,20.3075466156,31.6575813293,33.2799987793,88.6384582520,77.5644378662,28.4650001526
2022-11-28,276.3871459961,19.7050380707,31.3318061829,33.0099983215,88.8882751465,77.5729064941,27.9349994659
2022-11-29,274.2950439453,19.4136619568,31.0997562408,33.1899986267,87.8459930420,77.5982894897,28.1499996185
2022-11-30,286.7989501953,21.1866188049,31.8762435913,33.5999984741,88.4920196533,77.5982894897,28.6800003052
2022-12-01,287.1508789062,21.2261257172,31.8494739532,34.2299995422,91.3190155029,77.6152725220,28.9300003052
2022-12-02,286.0070495605,21.0582141876,31.6977443695,34.1199989319,92.4673690796,77.6237792969,29.2150001526
2022-12-05,281.2069702148,20.3273010254,31.5192375183,33.5099983215,91.1722030640,77.6322631836,28.9249992371
2022-12-06,275.3801269531,19.4877395630,31.7155914307,33.6199989319,92.3464889526,77.6577224731,28.5450000763
2022-12-07,274.2559204102,19.3198261261,31.5683212280,33.9099998474,94.5224151611,77.6577224731,28.3299999237
2022-12-08,277.5016479492,19.7889919281,31.7736034393,33.9399986267,94.2633743286,77.7086563110,28.5949993134
2022-12-09,275.7320861816,19.5321846008,31.6084899902,34.0499992371,91.8111877441,77.7001495361,28.2649993896
2022-12-12,279.1928710938,20.0062904358,32.3314285278,33.7599983215,92.1047439575,77.7086563110,28.3349990845
2022-12-13,282.1943054199,20.4408893585,32.4296073914,34.3600006104,92.9941024780,77.7086563110,28.9599990845
2022-12-14,280.1021728516,20.1248207092,32.3894424438,34.2799987793,93.3912963867,77.7340927124,29.4699993134
2022-12-15,270.6973571777,18.7716388702,31.9967384338,33.7200012207,93.7556686401,77.7510986328,28.5100002289
2022-12-16,268.1164245605,18.4012451172,31.4523048401,34.0000000000,92.7083663940,77.7510986328,28.4549999237
2022-12-19,264.3483581543,17.9024448395,31.3272247314,33.9099998474,91.1503829956,77.7604675293,28.8250007629
2022-12-20,264.1425476074,17.8530578613,31.3362236023,34.4900016785,89.5318145752,77.7689743042,28.9549999237
2022-12-21,267.9743041992,18.3765506744,31.7726345062,34.4300003052,89.7568664551,77.7774963379,29.4699993134
2022-12-22,261.4183044434,17.4646816254,31.5791759491,33.9900016785,89.7395706177,77.8285751343,28.6749992371
2022-12-23,262.0062255859,17.5488891602,31.9031047821,34.1100006104,88.4239196777,77.8285751343,29.1049995422
2022-12-27,258.3019104004,17.0188999176,32.1010627747,34.3800010681,86.6755447388,77.8285751343,29.1000003815
2022-12-28,254.8916778564,16.5681686401,31.7951354980,34.2200012207,86.1648712158,77.8541412354,29.1350002289
2022-12-29,261.1046447754,17.3705730438,32.0245857239,34.4399986267,87.1429138184,77.8881835938,29.3199996948
2022-12-30,260.9479064941,17.3557147980,31.7186431885,34.5900001526,86.1735382080,77.8796768188,29.3400001526
2023-01-03,259.1838989258,17.1130123138,31.7186431885,34.8800010681,87.8180465698,77.8881835938,29.4349994659
2023-01-04,260.4186401367,17.2764663696,32.0065841675,35.2099990845,89.0211563110,77.8796768188,29.8950004578
2023-01-05,256.3419494629,16.7118110657,31.3137245178,34.7900009155,89.3933410645,77.9052124023,29.7749996185
2023-01-06,263.4172973633,17.6330909729,31.9435997009,35.4300003052,91.0378875732,77.8966827393,30.1350002289
2023-01-09,265.1225280762,17.8658847809,32.1595611572,35.5000000000,91.5225601196,77.9137115479,30.0049991608
2023-01-10,267.3666992188,18.1680240631,32.1685523987,35.6199989319,90.0078811646,77.9052124023,30.7000007629
2023-01-11,271.9921875000,18.7822132111,32.4295043945,35.6100006104,91.4706344604,77.9052124023,30.6049995422
2023-01-12,273.4621582031,18.9605255127,32.2090454102,36.0200004578,93.2709655762,77.9647827148,31.3600006104
2023-01-13,275.3436889648,19.2230396271,32.0920677185,36.4500007629,92.3967666626,77.9733123779,31.7649993896
2023-01-17,275.9023437500,19.2874317169,32.0470771790,36.2099990845,91.7995376587,77.9733123779,31.6200008392
2023-01-18,272.3155517578,18.7921123505,31.2777309418,36.1100006104,94.0239791870,77.9818267822,31.1000003815
2023-01-19,269.6401672363,18.4156818390,30.9627952576,36.6899986267,93.4354400635,78.0158920288,31.0000000000
2023-01-20,277.0194702148,19.4459304810,31.1472644806,36.5499992371,91.9207153320,78.0244140625,31.5149993896
2023-01-23,283.1736450195,20.2978668213,31.1562614441,36.6199989319,91.4879455566,78.0244140625,31.7199993134
2023-01-24,282.5954589844,20.2037544250,31.3137245178,36.7500000000,92.8035659790,78.0329055786,32.2999992371
2023-01-25,281.9683532715,20.0947895050,30.8908119202,36.9399986267,93.0286178589,78.0414428711,32.2900009155
2023-01-26,287.4660034180,20.8724269867,30.9942855835,36.5900001526,92.5958633423,78.0839843750,32.5000000000
2023-01-27,290.3275146484,21.2835350037,30.9942855835,36.5499992371,92.3621444702,78.0925216675,32.8050003052
2023-01-30,284.4574279785,20.4068317413,30.8548202515,36.4399986267,92.0246276855,78.0925216675,32.3600006104
2023-01-31,288.7203369141,21.0358791351,31.0842742920,36.5900001526,92.7603073120,78.1010360718,32.7150001526
2023-02-01,294.8942260742,21.9472522736,31.1382579803,37.0699996948,93.8753814697,78.1061706543,33.2599983215
2023-02-02,305.4779663086,23.4926242828,31.2057514191,36.2599983215,93.9968643188,78.1403656006,32.8800010681
2023-02-03,300.0489501953,22.6456413269,30.5533866882,35.3699989319,92.5910797119,78.1574554443,32.7000007629
2023-02-06,297.5106811523,22.2692070007,30.8143234253,35.4500007629,91.9055557251,78.1659927368,32.3499984741
2023-02-07,303.6747741699,23.1954364777,30.8008327484,35.4799995422,91.1679534912,78.1745300293,32.8349990845
2023-02-08,298.2751770020,22.3484535217,30.2834300995,35.5800018311,91.6017837524,78.1745300293,32.1850013733
2023-02-09,295.6389465332,21.9373474121,29.8695125580,35.2900009155,90.7340469360,78.2001571655,31.7199993134
2023-02-10,293.6986999512,21.6599693298,30.4633960724,35.3499984741,89.7187500000,78.2086868286,31.4300003052
2023-02-13,298.4025268555,22.3583602905,30.6478595734,35.1800003052,90.4737091064,78.2258071899,32.0250015259
2023-02-14,300.6074523926,22.6605014801,30.5173892975,35.2000007629,90.2654647827,78.2258071899,32.6949996948
2023-02-15,302.9103698730,23.0270309448,30.7153472900,34.8400001526,89.4237213135,78.2429046631,33.0250015259
2023-02-16,297.2265014648,22.1255626678,30.4813880920,34.8400001526,88.1567687988,78.2855987549,32.1399993896
2023-02-17,295.1293945312,21.8085613251,30.8098278046,34.9300003052,88.8423156738,78.2941589355,32.0950012207
2023-02-21,288.1421203613,20.7733650208,30.2339420319,34.7900009155,87.1154632568,78.2941589355,30.8999996185
2023-02-22,288.3577880859,20.8030815125,30.1169643402,34.6100006104,87.9138031006,78.3197860718,31.3549995422
2023-02-23,290.8763122559,21.1646595001,29.9594955444,34.5800018311,88.7729034424,78.3454055786,31.8600006104
2023-02-24,286.0057983398,20.4365520477,29.9685001373,34.3300018311,87.6187744141,78.3539810181,31.3050003052
2023-02-27,288.0539550781,20.7386894226,29.7660388947,34.4500007629,87.8617401123,78.3625335693,31.8649997711
2023-02-28,287.6815795898,20.6693458557,29.2441425323,34.6199989319,88.2608947754,78.3710556030,32.2449989319
2023-03-01,285.3688659668,20.3374919891,28.7627410889,34.8400001526,87.3127212524,78.3753585815,32.0449981689
2023-03-02,287.7305297852,20.6842060089,29.3071269989,34.8300018311,86.5384979248,78.4010620117,32.6399993896
2023-03-03,293.6789855957,21.5262374878,29.8065299988,35.1899986267,88.6349792480,78.4181900024,33.1599998474
2023-03-06,294.0121765137,21.5559597015,29.9505023956,35.0200004578,87.9477157593,78.4267654419,33.4150009155
2023-03-07,290.4059753418,21.0259723663,29.4600982666,34.3800010681,88.4870758057,78.4267654419,33.0449981689
2023-03-08,291.8563537598,21.2439079285,29.6850509644,34.3899993896,88.5740890503,78.4439010620,33.3199996948
2023-03-09,286.7995910645,20.4662685394,29.4465980530,34.7000007629,88.7915496826,78.4610595703,31.5799999237
2023-03-10,282.7718505859,19.8966617584,28.9831924438,35.4599990845,91.8536300659,78.4781799316,29.8250007629
2023-03-13,284.8690185547,20.1988029480,29.4286060333,36.2900009155,92.0624008179,78.4953384399,29.3549995422
2023-03-14,291.4153137207,21.1299858093,29.8155250549,36.0699996948,90.5487670898,78.5038833618,30.2450008392
2023-03-15,292.9440307617,21.3380184174,30.2204418182,36.3400001526,92.2972946167,78.5467605591,29.0949993134
2023-03-16,300.6662292480,22.4524707794,30.4229068756,36.4300003052,91.5752639771,78.5810165405,30.3449993134
2023-03-17,299.2452697754,22.2295837402,30.1304626465,37.4900016785,92.9497222900,78.5981597900,28.6900005341
2023-03-20,300.3072814941,22.3930320740,30.3661365509,37.5000000000,92.1319961548,78.6067276001,29.3850002289
2023-03-21,304.5964050293,23.0171260834,29.7542858124,36.7999992371,91.3403778076,78.6067276001,30.6700000763
2023-03-22,300.4544372559,22.3880825043,29.1696281433,37.4199981689,92.5582733154,78.6238479614,30.0599994659
2023-03-23,304.0173339844,22.9329242706,28.8704986572,37.9000015259,92.5582733154,78.6581497192,29.7099990845
2023-03-24,305.1362609863,23.0864715576,29.7724189758,37.4599990845,92.9497222900,78.6752777100,30.2900009155
2023-03-27,303.0456237793,22.7546081543,29.8086719513,37.1199989319,90.7662429810,78.6667175293,30.8549995422
2023-03-28,301.4360046387,22.5267639160,29.8902530670,37.4300003052,90.9315032959,78.6838760376,31.2399997711
2023-03-29,306.9323730469,23.3539352417,30.3253479004,37.2400016785,90.7488632202,78.6838760376,31.7950000763
2023-03-30,309.8375244141,23.7650489807,30.4567832947,37.5699996948,91.1663970947,78.7009887695,31.7999992371
2023-03-31,314.9903564453,24.5525913239,30.6788730621,37.3699989319,92.5321350098,78.6838760376,31.8750000000
2023-04-03,314.2247619629,24.4287643433,30.4703845978,37.6500015259,92.9673385620,78.7027816772,32.2500000000
2023-04-04,313.1648559570,24.2653121948,30.6244754791,38.3499984741,93.4295578003,78.7113952637,31.9750003815
2023-04-05,310.0730895996,23.7600917816,31.4176292419,38.3199996948,94.4063262939,78.7544174194,32.1049995422
2023-04-06,312.1636352539,24.1018543243,31.6397056580,38.0499992371,94.6505126953,78.7630081177,32.3849983215
2023-04-10,311.9869995117,24.0473766327,31.5762500763,37.7700004578,93.1243286133,78.7716445923,32.5699996948
2023-04-11,309.9848022461,23.7402801514,31.6034431458,37.9900016785,93.3162002563,78.7802352905,32.7649993896
2023-04-12,307.2464599609,23.3093585968,31.5717201233,38.1899986267,93.2202453613,78.7974243164,32.6250000000
2023-04-13,313.2630004883,24.2207317352,31.5762500763,38.7000007629,92.4876785278,78.8404312134,33.2099990845
2023-04-14,312.6740722656,24.1167125702,31.2227344513,38.0099983215,91.6417236328,78.8404312134,33.5200004578
2023-04-17,312.9391174316,24.1414852142,31.3949623108,37.8600006104,90.5515747070,78.8576660156,33.9850006104
2023-04-18,312.9587097168,24.1563415527,31.2318077087,37.9900016785,90.8742675781,78.8662719727,34.1349983215
2023-04-19,312.8114929199,24.1266250610,31.4720134735,37.7999992371,90.7870483398,78.8748626709,34.1300010681
2023-04-20,310.4264831543,23.7551364899,31.4629459381,37.9799995422,91.5632400513,78.9350738525,33.7900009155
2023-04-21,310.7503662109,23.7848587036,31.5535945892,37.5900001526,91.0487136841,78.9264907837,34.1049995422
2023-04-24,310.1025390625,23.6808433533,31.7122211456,37.7099990845,91.9295501709,78.9350738525,34.1899986267
2023-04-25,304.2528686523,22.7942371368,31.6804962158,37.8899993896,93.2812957764,78.9264907837,32.7649993896
2023-04-26,306.0980224609,23.0517959595,30.9372024536,37.6800003052,92.2870864868,78.9436950684,33.2050018311
2023-04-27,314.4211425781,24.3049354553,31.3088512421,37.6899986267,91.3713836670,78.9694976807,33.8950004578
2023-04-28,316.5902709961,24.6367931366,31.2635326385,37.7099990845,92.8452606201,78.9694976807,34.6500015259
2023-05-01,316.2270507812,24.5724048615,31.3179168701,37.5200004578,90.1681060791,78.9720993042,34.8849983215
2023-05-02,313.4690551758,24.1315746307,30.9372024536,38.2500000000,92.4150772095,78.9548416138,34.1150016785
2023-05-03,311.4177551270,23.8343849182,30.8510951996,38.5699996948,92.9309692383,78.9634552002,33.5800018311
2023-05-04,310.3185119629,23.6511249542,31.0867710114,38.8600006104,92.0129089355,78.9893875122,32.8050003052
2023-05-05,316.9141235352,24.6417446136,31.2861900330,38.2400016785,91.7068710327,79.0066680908,34.0750007629
2023-05-08,317.6993103027,24.7556667328,31.1910114288,38.2900009155,90.4216384888,79.0152893066,34.3750000000
2023-05-09,315.6873168945,24.4436206818,31.1502208710,38.5499992371,90.0981674194,79.0239105225,34.0349998474
2023-05-10,319.1224670410,24.9736061096,31.4357547760,38.5099983215,90.9724731445,79.0325698853,34.4650001526
2023-05-11,320.1629333496,25.1221942902,31.1139621735,38.1899986267,91.9342346191,79.0843963623,34.7000007629
2023-05-12,319.0144958496,24.9389343262,31.2861900330,38.1100006104,91.1648178101,79.1016693115,34.6800003052
2023-05-15,320.7419433594,25.2063999176,30.8918838501,38.1899986267,90.2205505371,79.1102828979,35.1250000000
2023-05-16,321.1051025391,25.2509803772,30.2075176239,37.7200012207,89.9495239258,79.1016693115,34.6049995422
2023-05-17,324.9917602539,25.8701210022,30.0987434387,37.5900001526,89.6872329712,79.1189346313,35.1749992371
2023-05-18,331.0278930664,26.8013076782,30.0080890656,37.0900001526,89.0227661133,79.1621398926,35.9099998474
2023-05-19,330.2819824219,26.6824302673,29.9627666473,37.4500007629,88.3932342529,79.1621398926,35.4049987793
2023-05-22,331.3911437988,26.8409290314,29.9718322754,37.3899993896,88.0784912109,79.1707763672,35.4099998474
2023-05-23,327.1903381348,26.1673088074,29.8675918579,37.4199981689,88.3320617676,79.1707763672,35.0600013733
2023-05-24,325.5119934082,25.8899288177,29.6727104187,37.1300010681,87.8948745728,79.1707763672,34.4049987793
2023-05-25,333.4326171875,27.1331615448,29.2738628387,36.7599983215,87.6762924194,79.2225799561,34.7550010681
2023-05-26,341.9519348145,28.5249900818,29.2738628387,36.9199981689,88.3845138550,79.2398452759,35.4799995422
2023-05-30,343.5027465820,28.7676925659,29.1605625153,37.1399993896,89.2675476074,79.2485046387,35.9599990845
2023-05-31,341.5495910645,28.3912525177,29.4279632568,37.2000007629,90.0457077026,79.2657852173,36.0849990845
2023-06-01,345.4952697754,29.0945987701,29.2104129791,37.4900016785,90.3989715576,79.3099899292,37.1349983215
2023-06-02,348.0863342285,29.5205612183,29.5140800476,36.9399986267,89.4083862305,79.3187179565,37.8149986267
2023-06-05,348.3316650391,29.5552368164,29.6545753479,37.1599998474,89.2418212891,79.3187179565,38.2700004578
2023-06-06,348.2727966309,29.5453319550,29.6319160461,37.2000007629,89.7678146362,79.3360214233,39.3899993896
2023-06-07,342.3641662598,28.5299434662,30.1349945068,36.7599983215,88.4353103638,79.3446960449,39.3250007629
2023-06-08,346.6141052246,29.2184276581,30.2664279938,37.2500000000,89.4697570801,79.3880691528,39.8199996948
2023-06-09,347.9391479492,29.4314060211,30.0896701813,37.1399993896,89.3470153809,79.3967361450,39.6599998474
2023-06-12,353.8181762695,30.4368915558,30.0352859497,37.1100006104,89.6100158691,79.4054183960,39.5950012207
2023-06-13,356.5369873047,30.8826732635,30.0307559967,36.8300018311,88.7245941162,79.4227600098,39.6549987793
2023-06-14,359.1281127930,31.3334007263,30.0126266479,36.8600006104,89.4346847534,79.4400787354,40.2799987793
2023-06-15,363.4074707031,32.0565567017,30.3389472961,37.1100006104,90.2937850952,79.4747924805,39.7249984741
2023-06-16,361.1205139160,31.6405010223,30.5021076202,37.0600013733,89.9431076050,79.4834442139,40.4199981689
2023-06-20,360.6036376953,31.5662002563,30.1443748474,36.6800003052,90.5655441284,79.5008010864,40.4150009155
2023-06-21,355.6894226074,30.7043609619,30.3865261078,36.6300010681,90.7846984863,79.5008010864,40.8400001526
2023-06-22,359.8861083984,31.4126510620,30.1535148621,36.2599983215,89.6888961792,79.5354995728,41.3300018311
2023-06-23,356.3184204102,30.7786579132,29.7103519440,36.3499984741,90.5830764771,79.5441741943,41.0299987793
2023-06-26,351.5417785645,29.9514884949,30.0027484894,36.4199981689,90.6795120239,79.5528411865,41.0849990845
2023-06-27,357.5862426758,30.9718284607,30.0118904114,36.2500000000,90.4428176880,79.5701904297,41.6749992371
2023-06-28,358.2840881348,31.0758476257,29.5687179565,36.1699981689,90.8285293579,79.5788421631,42.3950004578
2023-06-29,357.5665588379,30.9371547699,29.5687179565,36.1500015259,89.1892166138,79.6048889160,41.9350013733
2023-06-30,363.0803527832,31.8881511688,29.8976688385,36.3899993896,90.2411727905,79.6309051514,42.3400001526
2023-07-03,363.9354553223,32.0416984558,30.1215362549,36.4099998474,89.7296066284,79.6509323120,42.3800010681
2023-07-05,363.9255371094,32.0169296265,30.4641895294,36.2900009155,88.8769531250,79.6596221924,42.1300010681
2023-07-06,361.1539306641,31.5216255188,30.0941257477,36.1800003052,87.6199798584,79.6857299805,41.0400009155
2023-07-07,359.9548645020,31.2937812805,29.8748245239,36.4599990845,87.0925750732,79.6944580078,41.4249992371
2023-07-10,360.0728454590,31.3334007263,29.7469005585,36.4799995422,87.2068557739,79.7118911743,41.6650009155
2023-07-11,361.8518371582,31.6206855774,30.1169643402,36.6199989319,87.6551437378,79.7205963135,41.8600006104
2023-07-12,366.4220275879,32.4230880737,30.5555610657,37.1199989319,88.6308441162,79.7379989624,43.0299987793
2023-07-13,372.6433410645,33.4880142212,30.6606464386,37.1399993896,89.5625991821,79.7728347778,42.8849983215
2023-07-14,372.5646972656,33.4731483459,30.5418567657,37.0200004578,89.0351791382,79.7815017700,43.1399993896
2023-07-17,376.0439758301,34.0823783875,30.1900711060,37.0400009155,89.0791320801,79.7902526855,43.2050018311
2023-07-18,379.1202392578,34.6519889832,29.9570598602,37.4599990845,89.4834823608,79.7902526855,43.4199981689
2023-07-19,379.0317687988,34.5628356934,30.2631664276,37.4799995422,90.4943313599,79.8076477051,43.0950012207
2023-07-20,370.2943725586,32.9976577759,30.8159790039,37.2900009155,89.3955688477,79.8511657715,43.1150016785
2023-07-21,369.1838073730,32.7945747375,31.2774238586,37.1699981689,89.4219818115,79.8511657715,43.3450012207
2023-07-24,369.7734680176,32.8985900879,31.1951808929,37.0200004578,89.0967254639,79.8599166870,43.7249984741
2023-07-25,372.2796936035,33.3542747498,31.2500114441,37.2200012207,88.9297027588,79.8686294556,43.7700004578
2023-07-26,371.0413513184,33.1214828491,31.2500114441,37.4199981689,89.0175857544,79.8773269653,44.3450012207
2023-07-27,370.1567993164,32.9382133484,30.6971969604,36.8400001526,87.2859573364,79.9208602905,43.2400016785
2023-07-28,376.8990173340,34.1319122314,30.6286621094,37.1199989319,87.7342453003,79.9295883179,44.1100006104
2023-07-31,377.0956420898,34.1913566589,30.6423683167,37.2000007629,87.9452056885,79.9382781982,44.4399986267
2023-08-01,376.2209167480,33.9981803894,30.2677345276,36.8400001526,86.5040740967,79.9592666626,44.0699996948
2023-08-02,367.9650268555,32.4924316406,30.2677345276,36.6699981689,85.5785598755,79.9680252075,42.0550003052
2023-08-03,367.3753051758,32.3735580444,29.5778560638,36.6500015259,83.6041412354,80.0029983521,42.1049995422
2023-08-04,365.6553649902,32.0615234375,29.2352027893,36.7700004578,85.0849609375,80.0204925537,41.4249992371
2023-08-07,368.7512817383,32.6063575745,29.2306365967,36.6899986267,84.2475967407,80.0204925537,42.5099983215
2023-08-08,365.6159973145,32.0367546082,29.3676967621,36.4599990845,85.2259979248,80.0379791260,42.0649986267
2023-08-09,361.5962524414,31.3235015869,29.4316596985,36.2799987793,85.6666793823,80.0467147827,42.2649993896
2023-08-10,362.2646179199,31.4275131226,29.3402881622,36.2400016785,84.2563934326,80.0904617310,42.1850013733
2023-08-11,359.9548645020,31.0164070129,29.5001926422,36.2400016785,84.0624847412,80.0991668701,43.0099983215
2023-08-14,363.9943847656,31.7197494507,29.2671890259,36.1399993896,83.8773803711,80.1079254150,43.3950004578
2023-08-15,360.1318664551,31.0312671661,28.7920379639,36.0299987793,83.3661422729,80.1166992188,42.1450004578
2023-08-16,356.3184204102,30.3576412201,28.9199619293,35.8300018311,82.7138671875,80.1342010498,41.8149986267
2023-08-17,352.4263610840,29.6790599823,28.8560028076,35.7700004578,82.3613281250,80.1691589355,40.8300018311
2023-08-18,351.9841308594,29.5998134613,29.0067691803,35.7799987793,82.6521835327,80.1778945923,41.3400001526
2023-08-21,357.6550598145,30.5607204437,28.8240203857,35.8699989319,81.5503921509,80.1866455078,41.8899993896
2023-08-22,357.1440124512,30.4666080475,28.9062576294,35.9399986267,82.1762237549,80.1953659058,41.8100013733
2023-08-23,362.7756347656,31.4176082611,29.0204772949,36.3100013733,84.2123413086,80.2128982544,42.5099983215
2023-08-24,355.0211181641,30.0356864929,28.8514328003,36.2999992371,83.6570205688,80.2391357422,41.6949996948
2023-08-25,357.7729797363,30.5260467529,29.0707321167,36.2599983215,83.9302749634,80.2566299438,42.5950012207
2023-08-28,360.4660034180,30.9866886139,29.0661640167,36.3699989319,84.0184402466,80.2741088867,43.4199981689
2023-08-29,368.3385314941,32.3141212463,29.1758117676,36.7000007629,84.8910217285,80.2653503418,43.9900016785
2023-08-30,370.3926696777,32.6707458496,29.0433177948,36.8100013733,84.8028869629,80.2828445435,44.7050018311
2023-08-31,371.5032653809,32.8292465210,28.7646236420,36.7500000000,85.1818923950,80.3353424072,45.1749992371
2023-09-01,371.1100463867,32.7846679688,28.6184272766,36.7599983215,83.8548965454,80.3484954834,45.4749984741
2023-09-05,371.5819091797,32.8441047668,28.1798324585,36.4799995422,82.6790695190,80.3660736084,45.2949981689
2023-09-06,368.3089904785,32.2645912170,28.2437915802,36.2900009155,82.8824157715,80.3660736084,44.9150009155
2023-09-07,365.6750488281,31.7791881561,28.6138591766,36.3400001526,83.1122817993,80.4099960327,44.9500007629
2023-09-08,366.1861267090,31.8534774780,28.8651371002,36.3499984741,83.4305496216,80.4187545776,45.4099998474
2023-09-11,370.5008239746,32.6063575745,28.9839248657,36.4099998474,82.8293838501,80.4187545776,45.9700012207
2023-09-12,366.3925170898,31.8831996918,29.0204772949,36.2299995422,83.3067932129,80.4451446533,45.8349990845
2023-09-13,367.7881164551,32.1160011292,29.3676967621,36.1500015259,83.2890777588,80.4538955688,46.2400016785
2023-09-14,370.7955932617,32.6261711121,29.7971572876,36.1699981689,82.6878967285,80.4802627563,46.9799995422
2023-09-15,364.4465026855,31.4820022583,29.6692333221,36.4199981689,82.1839981079,80.4978256226,46.1100006104
2023-09-18,364.8264160156,31.5612525940,29.6471252441,36.6199989319,82.6525497437,80.5066146851,46.2550010681
2023-09-19,364.0488586426,31.4225597382,29.4859199524,36.5800018311,82.0425491333,80.5153961182,46.4150009155
2023-09-20,358.8027648926,30.5960693359,29.5135574341,36.6100006104,82.2989349365,80.5241775513,45.5149993896
2023-09-21,352.2278442383,29.4387817383,29.2049713135,36.3400001526,80.1859893799,80.5680847168,43.7299995422
2023-09-22,352.2770690918,29.4636192322,29.1497039795,36.4599990845,80.8313674927,80.5769042969,43.7150001526
2023-09-25,353.9503173828,29.7268619537,29.1082534790,36.2700004578,78.8421554565,80.5856628418,43.6949996948
2023-09-26,348.6352844238,28.8228912354,28.2377681732,35.9799995422,78.5681076050,80.5944595337,41.7200012207
2023-09-27,349.4522399902,28.9768638611,27.6942901611,35.5400009155,78.1614456177,80.6207962036,42.5649986267
2023-09-28,352.3754882812,29.4338150024,27.0955429077,35.3499984741,78.4001159668,80.6471557617,43.5499992371
2023-09-29,352.6313781738,29.4785156250,27.1416053772,34.9900016785,78.4089813232,80.6559524536,43.1699981689
2023-10-02,355.5743408203,29.9503746033,25.8796291351,34.6399993896,77.0963973999,80.6683044434,43.0800018311
2023-10-03,349.3341369629,28.8924255371,26.1790065765,34.5299987793,75.4379119873,80.6859130859,41.0550003052
2023-10-04,354.0881652832,29.6722297668,26.1513710022,34.5200004578,76.5022048950,80.6947708130,42.1349983215
2023-10-05,353.0447692871,29.4785156250,25.9993820190,34.4700012207,76.1208419800,80.7476730347,42.3849983215
2023-10-06,358.9602661133,30.4520320892,26.3678379059,34.6399993896,75.1984786987,80.7476730347,42.7050018311
2023-10-09,360.7909851074,30.7699108124,26.6303653717,35.2900009155,76.9633712769,80.7565002441,43.0000000000
2023-10-10,362.7890014648,31.0877933502,26.9942188263,35.2200012207,76.8569564819,80.7565002441,43.6949996948
2023-10-11,365.3775939941,31.5397834778,27.4317626953,35.4799995422,78.4621963501,80.7741470337,44.0750007629
2023-10-12,364.1079101562,31.2864704132,27.0080375671,35.3699989319,76.3336715698,80.8094329834,43.6500015259
2023-10-13,359.5310668945,30.5116348267,27.3120174408,36.5000000000,77.6994781494,80.8270874023,41.0400009155
2023-10-16,363.5960998535,31.2119655609,27.5929660797,36.3400001526,76.4489593506,80.8359069824,42.9900016785
2023-10-17,362.4051208496,30.9983901978,27.5192756653,36.3899993896,75.6064376831,80.8447189331,42.4099998474
2023-10-18,357.6510925293,30.1242179871,27.2797794342,36.9199981689,74.9412765503,80.8535537720,41.0349998474
2023-10-19,354.3046569824,29.5828266144,27.0080375671,37.3699989319,73.4069900513,80.8888320923,40.0099983215
2023-10-20,349.0191650391,28.7036857605,26.7270870209,37.4700012207,73.8237991333,80.9064865112,39.9150009155
2023-10-23,350.0723876953,28.8576564789,26.5014095306,37.3499984741,74.7107009888,80.9153137207,40.5950012207
2023-10-24,353.4778442383,29.4338150024,27.1830539703,37.3400001526,75.6951141357,80.9241256714,41.4900016785
2023-10-25,344.8262329102,27.9735527039,27.3350448608,37.5099983215,74.0100708008,80.9329452515,40.1800003052
2023-10-26,338.2513732910,26.8957366943,27.5699367523,37.5699996948,75.1452789307,80.9682312012,40.0349998474
2023-10-27,339.8753967285,27.1540145874,27.0494899750,38.0099983215,74.8259963989,80.9947204590,39.3549995422
2023-10-30,343.7041625977,27.7401027679,27.2567481995,37.7900009155,74.4889984131,81.0035095215,40.7949981689
2023-10-31,345.3479003906,28.0232181549,27.4916400909,37.5900001526,74.1253585815,81.0035095215,42.1100006104
2023-11-01,351.3420410156,28.9967308044,27.8048286438,37.4599990845,75.7325439453,81.0283355713,43.0600013733
2023-11-02,357.7200012207,30.0248775482,28.3252754211,37.5999984741,77.4590072632,81.0549316406,43.7999992371
2023-11-03,361.9228515625,30.7202415466,28.4910831451,37.7299995422,77.9840774536,81.0637817383,44.2900009155
2023-11-06,363.3992309570,30.9586544037,28.4173946381,37.4300003052,77.2276306152,81.0726318359,45.0649986267
2023-11-07,366.8343505859,31.5348110199,28.2101364136,37.2700004578,78.3667373657,81.0903854370,45.2050018311
2023-11-08,367.0704650879,31.5844860077,28.0028743744,36.9000015259,79.7016220093,81.0992202759,45.6399993896
2023-11-09,364.2456359863,31.0828285217,27.6344184875,37.0400009155,77.8683624268,81.1435470581,44.7550010681
2023-11-10,372.4347534180,32.4437561035,27.7818012238,36.6399993896,78.3044509888,81.1523971558,45.6599998474
2023-11-13,371.2733154297,32.2500457764,27.4501838684,36.8600006104,78.1264648438,81.1612472534,45.9350013733
2023-11-14,379.2655029297,33.6258735657,28.5463523865,37.1800003052,79.8974227905,81.1701202393,46.0649986267
2023-11-15,379.5509338379,33.6705741882,28.4588432312,37.0800018311,78.7761077881,81.1878585815,46.5800018311
2023-11-16,379.8758850098,33.7301788330,28.6108322144,37.5000000000,79.7550201416,81.2232894897,46.9099998474
2023-11-17,379.9643249512,33.7252159119,28.6891307831,37.5000000000,80.1287536621,81.2410202026,47.3199996948
2023-11-20,384.5903625488,34.5497207642,28.6016178131,37.4300003052,80.6182556152,81.2410202026,47.4949989319
2023-11-21,382.3561096191,34.1076698303,28.6614971161,37.8300018311,80.5826644897,81.2675857544,47.9799995422
2023-11-22,383.9210815430,34.4007110596,28.7996692657,37.6699981689,80.8674163818,81.3030395508,47.8050003052
2023-11-24,383.3796997070,34.2814979553,28.8733615875,37.8699989319,79.9151992798,81.3119049072,48.7900009155
2023-11-27,383.0451049805,34.2219009399,28.9194164276,38.1399993896,81.2500839233,81.3207778931,48.7050018311
2023-11-28,384.0490417480,34.3907775879,29.0115337372,38.6399993896,81.4102554321,81.3384857178,49.0250015259
2023-11-29,383.6750183105,34.3113059998,28.7812500000,38.7099990845,82.4336776733,81.3473510742,48.6800003052
2023-11-30,382.7104187012,34.1275291443,28.9056034088,38.5400009155,81.4814529419,81.3828048706,49.0099983215
2023-12-01,383.8029785156,34.3262100220,29.2602424622,39.2099990845,83.0160751343,81.3996963501,49.1150016785
2023-12-04,380.2399597168,33.6656112671,29.1450958252,38.3699989319,82.6857833862,81.3996963501,49.0550003052
2023-12-05,381.1947021484,33.8295173645,28.9378414154,38.2200012207,84.4623413086,81.4175186157,49.2299995422
2023-12-06,378.9899291992,33.4371337891,29.3247222900,38.3600006104,85.5871963501,81.4264221191,49.1450004578
2023-12-07,384.2852478027,34.3758735657,29.2602424622,38.4199981689,85.0961837769,81.4620056152,49.1399993896
2023-12-08,385.9978942871,34.6440887451,29.2049713135,37.9000015259,84.3998489380,81.4798431396,49.7849998474
2023-12-11,389.2951354980,35.2401199341,29.3938102722,37.5000000000,84.2212905884,81.4976196289,50.4449996948
2023-12-12,392.3956298828,35.8013801575,29.2740592957,37.4700012207,84.4712753296,81.4976196289,51.1549987793
2023-12-13,397.3857421875,36.6954116821,30.3794384003,38.3199996948,86.4531555176,81.5065307617,51.5449981689
2023-12-14,397.0412597656,36.6159477234,29.9833393097,38.5499992371,88.7020568848,81.5421447754,51.5449981689
2023-12-15,398.9605712891,36.8841590881,29.4628925323,38.1800003052,88.8005523682,81.5688247681,50.8100013733
2023-12-18,401.4735107422,37.4205780029,29.3964118958,38.3600006104,88.0930328369,81.5786972046,50.7799987793
2023-12-19,403.5248107910,37.7881355286,29.5637817383,38.6199989319,88.5676956177,81.5786972046,50.3950004578
2023-12-20,397.5285949707,36.6485557556,28.9640426636,38.4099998474,89.1677551270,81.5965728760,48.8250007629
2023-12-21,402.1540222168,37.4987602234,29.0151844025,38.6800003052,88.6035156250,81.6502304077,49.2949981689
2023-12-22,402.7555847168,37.6031799316,29.1128158569,38.8600006104,88.2005081177,81.6591491699,49.9900016785
2023-12-26,405.2211608887,38.0407142639,29.2894783020,39.1399993896,88.4512710571,81.6770553589,50.6349983215
2023-12-27,406.0460815430,38.1849021912,29.2708835602,39.3400001526,90.0186080933,81.6770553589,51.6850013733
2023-12-28,405.8487548828,38.1152915955,29.4800949097,39.0999984741,89.3647918701,81.7306976318,51.7550010681
2023-12-29,404.0922851562,37.7871437073,29.4429054260,39.0299987793,88.5587539673,81.7306976318,51.7000007629
2024-01-02,397.2541503906,36.5143089294,29.8706245422,38.9399986267,88.0482406616,81.7396621704,51.7099990845
2024-01-03,393.0506591797,35.7337112427,29.9822006226,38.6399993896,88.4154586792,81.7664947510,50.8149986267
2024-01-04,391.0278320312,35.3409233093,29.8892192841,38.6699981689,87.0719985962,81.7933197021,50.8899993896
2024-01-05,391.4916381836,35.4304199219,30.0007991791,38.6599998474,86.2390975952,81.8022689819,51.6899986267
2024-01-08,399.5829162598,36.8822402954,30.2193107605,38.3699989319,87.0899353027,81.8112030029,52.2849998474
2024-01-09,400.3722839355,37.0264205933,29.9729022980,38.3800010681,86.5346603394,81.8201293945,52.8950004578
2024-01-10,403.0858764648,37.5087165833,29.9682559967,38.2999992371,86.1316375732,81.8380355835,53.1599998474
2024-01-11,403.9245910645,37.6280441284,29.2708835602,38.3699989319,86.6152496338,81.8827438354,53.2999992371
2024-01-12,404.1318664551,37.6777534485,29.4382514954,38.7500000000,86.4450836182,81.9006347656,52.9399986267
2024-01-16,404.0922851562,37.6628417969,29.1174621582,38.3899993896,84.9225387573,81.9095764160,52.0649986267
2024-01-17,401.8129272461,37.2203292847,28.6943931580,37.9500007629,84.7882003784,81.9274673462,51.0550003052
2024-01-18,407.5163269043,38.2843360901,28.3875560760,38.2700004578,84.0000610352,81.9632568359,51.9300003052
2024-01-19,415.5978088379,39.7709617615,28.3503589630,38.3899993896,84.2687225342,81.9721832275,52.5849990845
2024-01-22,416.1405639648,39.8704071045,28.2062358856,38.2400016785,84.7702941895,81.9811019897,53.4949989319
2024-01-23,417.8673400879,40.1886177063,28.2573776245,38.3899993896,84.0985641479,81.9900665283,54.2449989319
2024-01-24,420.1861267090,40.6162071228,27.8715000153,38.0800018311,83.6059722900,81.9990158081,53.5849990845
2024-01-25,420.6993408203,40.6957626343,28.3736057281,38.2299995422,84.1523056030,82.0437240601,53.2249984741
2024-01-26,418.1929626465,40.1985549927,28.4572868347,38.1800003052,83.9910888672,82.0526580811,53.4550018311
2024-01-29,422.4754333496,41.0338478088,28.6386032104,38.4599990845,84.9583663940,82.0615997314,53.2599983215
2024-01-30,419.6631774902,40.4620742798,28.6293087006,38.5099983215,85.7285919189,82.0705642700,53.6699981689
2024-01-31,411.4436340332,38.8809776306,28.5688686371,38.4900016785,86.5704650879,82.0794677734,52.3050003052
2024-02-01,416.2885131836,39.8057670593,29.1128158569,38.8899993896,88.2686538696,82.1208190918,52.5099983215
2024-02-02,423.3240356445,41.1382598877,28.5874671936,38.5099983215,86.3188934326,82.1387710571,52.6049995422
2024-02-05,422.7714233398,40.9891090393,27.9923782349,38.2999992371,84.5757904053,82.1387710571,53.6500015259
2024-02-06,421.9228210449,40.8399467468,28.0946578979,38.5200004578,85.4024276733,82.1567535400,54.3149986267
2024-02-07,426.2645568848,41.6603240967,28.1132545471,38.4900016785,84.9891357422,82.1657485962,54.4049987793
2024-02-08,427.0539550781,41.7945632935,27.9133434296,38.4500007629,84.4949340820,82.2016754150,54.6300010681
2024-02-09,431.2574768066,42.6000328064,28.0202732086,38.3199996948,84.3242187500,82.2106399536,54.4300003052
2024-02-12,429.5701904297,42.2519836426,28.3457126617,38.2299995422,84.4230651855,82.2286224365,53.8300018311
2024-02-13,422.8700866699,40.9244689941,27.8761463165,37.6899986267,82.9764938354,82.2286224365,51.7750015259
2024-02-14,427.4782409668,41.8243942261,28.0295715332,37.6599998474,83.3987655640,82.2465667725,53.2900009155
2024-02-15,428.7510986328,42.0332260132,28.4991283417,37.9300003052,83.8300552368,82.2914810181,53.4300003052
2024-02-16,424.8634033203,41.2725105286,28.4665908813,38.0699996948,83.3448715210,82.3094329834,53.5750007629
2024-02-20,421.6564025879,40.6410598755,28.4479885101,38.3100013733,83.4167327881,82.3184356689,52.6650009155
2024-02-21,419.9690551758,40.3029708862,28.8245735168,38.2999992371,82.8237380981,82.3274383545,52.8899993896
2024-02-22,432.2639465332,42.6547241211,28.6014099121,38.2999992371,83.2280578613,82.3723220825,53.4650001526
2024-02-23,430.9910278320,42.3812637329,28.8059692383,38.5200004578,84.3422012329,82.3813171387,54.3849983215
2024-02-26,430.7640686035,42.3315353394,28.2387771606,38.4399986267,84.0906066895,82.3813171387,54.6899986267
2024-02-27,431.8002319336,42.5353889465,28.7734298706,38.4000015259,83.4975891113,82.3992614746,55.2299995422
2024-02-28,429.5010681152,42.0531120300,28.8617610931,38.4799995422,84.0277252197,82.4082641602,54.7900009155
2024-02-29,433.1816101074,42.7790222168,28.8710594177,38.6500015259,84.6207199097,82.4441833496,55.1800003052
2024-03-01,439.7040100098,44.0568199158,28.6943931580,39.4000015259,85.1480255127,82.4667282104,55.1450004578
2024-03-04,438.1350708008,43.6988410950,29.1779041290,40.0499992371,84.8054809570,82.4757614136,55.1699981689
2024-03-05,430.2706909180,42.1426086426,29.0942192078,40.2900009155,86.0132751465,82.4757614136,54.0299987793
2024-03-06,432.9744262695,42.6596908569,29.3731670380,40.6100006104,86.5179977417,82.4937896729,53.9700012207
2024-03-07,439.5461730957,43.9424591064,29.5637817383,40.8300018311,86.4369125366,82.5298538208,54.1100006104
2024-03-08,433.2013854980,42.6398086548,29.6381664276,41.1800003052,86.2836608887,82.5388793945,53.4399986267
2024-03-11,431.5929870605,42.3166236877,29.7869396210,41.2500000000,86.2386093140,82.5479049683,53.6899986267
2024-03-12,437.7798767090,43.5447044373,29.4986934662,40.8100013733,85.5175552368,82.5749664307,55.0299987793
2024-03-13,434.4150390625,42.8386840820,29.6986064911,41.0999984741,85.1029281616,82.5749664307,55.2150001526
2024-03-14,433.3198547363,42.6149520874,29.4615001678,40.9199981689,83.7960052490,82.6110076904,54.4850006104
2024-03-15,428.1689453125,41.5857391357,29.5033397675,40.7999992371,83.7689743042,82.6290588379,53.9749984741
2024-03-18,432.2525634766,42.3713111877,29.6392803192,40.8499984741,83.5166168213,82.6380767822,54.5649986267
2024-03-19,433.3295288086,42.5701942444,29.9017810822,40.8199996948,83.7509536743,82.6561126709,55.3250007629
2024-03-20,438.4674072266,43.5826454163,29.9392833710,41.2999992371,83.7239074707,82.6651229858,55.9599990845
2024-03-21,440.5423889160,43.9607620239,29.8924083710,41.2599983215,83.9041824341,82.6921691895,56.1650009155
2024-03-22,441.0462646484,44.0353889465,29.9345989227,40.9300003052,84.7063674927,82.7012023926,56.0750007629
2024-03-25,439.4456176758,43.7269287109,30.0752201080,41.0499992371,84.2827301025,82.7192077637,56.2249984741
2024-03-26,438.0227966309,43.4433403015,29.7330303192,41.2000007629,84.5170745850,82.7282562256,56.3849983215
2024-03-27,439.5147094727,43.7318992615,30.5627193451,41.4900016785,85.3553161621,82.7823562622,56.8699989319
2024-03-28,438.7045593262,43.5229454041,30.7736625671,42.0099983215,85.2832107544,82.7823562622,56.3699989319
2024-04-01,439.6333312988,43.7269287109,30.5861606598,42.4599990845,83.6934356689,82.8050079346,56.1800003052
2024-04-02,435.8392333984,42.9507980347,30.6377258301,43.0900001526,83.2322463989,82.8231124878,55.3699989319
2024-04-03,436.8173828125,43.1199531555,30.5158462524,43.4599990845,83.2141494751,82.8231124878,55.5449981689
2024-04-04,430.1381530762,41.7766571045,30.4549102783,43.2200012207,83.8109817505,82.8593673706,54.3250007629
2024-04-05,435.2068786621,42.7716941833,30.5439758301,43.9500007629,82.6444320679,82.8774719238,53.7799987793
2024-04-08,435.3352966309,42.7965660095,30.7455368042,44.2299995422,82.6353912354,82.8865127563,54.8549995422
2024-04-09,436.9458618164,43.0950775146,30.9142894745,44.4700012207,83.4040374756,82.8955688477,55.0649986267
2024-04-10,433.1318664551,42.3090019226,30.3845996857,44.0400009155,81.5864028931,82.9137039185,54.5849990845
2024-04-11,440.0482788086,43.6771774292,30.3236618042,44.8899993896,81.2156295776,82.9408569336,55.0800018311
2024-04-12,433.0331726074,42.2642250061,30.0939693451,44.2999992371,81.6497116089,82.9499130249,52.7799987793
2024-04-15,425.9093017578,40.8562431335,29.8174076080,45.1300010681,80.3836822510,82.9680404663,51.2700004578
2024-04-16,425.9488220215,40.8562431335,29.4236545563,45.1800003052,79.8501510620,82.9770965576,52.0800018311
2024-04-17,420.7516479492,39.8562316895,30.0377235413,44.8600006104,80.7363510132,82.9861450195,52.4099998474
2024-04-18,418.3506774902,39.3686637878,30.2064743042,45.0000000000,80.3294143677,83.0314254761,52.1199989319
2024-04-19,409.6954040527,37.7517204285,30.6705379486,45.1399993896,80.6188201904,83.0405120850,51.4799995422
2024-04-22,413.8155517578,38.4930267334,30.9517860413,44.0400009155,80.4831466675,83.0586013794,53.4599990845
2024-04-23,419.9909057617,39.6472740173,31.0971031189,43.9099998474,80.5102767944,83.0676574707,54.5099983215
2024-04-24,421.4136962891,39.9059791565,31.2845993042,43.8600006104,79.9405593872,83.0676574707,54.8400001526
2024-04-25,419.3782958984,39.4830932617,31.3689823151,44.1100006104,79.3798904419,83.1129608154,54.2099990845
2024-04-26,425.8500366211,40.7119598389,31.0267944336,44.2599983215,79.7958755493,83.1129608154,55.1300010681
2024-04-29,427.5790710449,41.0254020691,31.4486675262,44.1599998474,80.4650573730,83.1310653687,55.5900001526
2024-04-30,419.5165710449,39.4631881714,31.2845993042,43.2999992371,79.7777862549,83.1401214600,54.7799987793
2024-05-01,416.4833068848,38.8810920715,31.6455440521,43.6899986267,80.3658370972,83.1564865112,54.6100006104
2024-05-02,421.7989807129,39.8612060547,31.8142967224,43.5499992371,80.7106704712,83.2019882202,55.5200004578
2024-05-03,430.2765197754,41.4532661438,32.0674285889,43.5200004578,81.5273971558,83.2110824585,56.5299987793
2024-05-06,434.9894714355,42.3786468506,32.2314872742,43.9500007629,81.8450164795,83.2110824585,57.2000007629
2024-05-07,435.0586242676,42.3587493896,32.5971221924,43.7599983215,82.3441162109,83.2201766968,57.4099998474
2024-05-08,434.8017578125,42.3139686584,32.9393043518,43.6500015259,81.8450164795,83.2383728027,57.6300010681
2024-05-09,435.7502441406,42.4682006836,33.4408683777,44.3300018311,82.2443161011,83.2838439941,57.8300018311
2024-05-10,436.7778320312,42.6721878052,33.4080543518,44.6800003052,81.7815093994,83.2838439941,58.2500000000
2024-05-13,437.7856750488,42.8612403870,33.4080543518,44.2000007629,81.9902191162,83.3020477295,57.9300003052
2024-05-14,440.6015625000,43.3935890198,33.4971237183,44.5699996948,82.4530181885,83.3111267090,58.3499984741
2024-05-15,447.4883422852,44.7269363403,33.9986877441,45.1300010681,83.5782928467,83.3202362061,59.5499992371
2024-05-16,446.5793762207,44.5428619385,33.8815002441,44.9700012207,83.4966354370,83.3566284180,59.6199989319
2024-05-17,446.3620300293,44.4980850220,33.9096183777,45.6899986267,82.9339828491,83.3657073975,59.9099998474
2024-05-20,449.4743347168,45.1050529480,33.8533706665,45.8899993896,82.6889801025,83.3839035034,59.9000015259
2024-05-21,450.3536682129,45.2592849731,34.1580657959,45.8199996948,83.1154708862,83.3930206299,60.4500007629
2024-05-22,450.2647399902,45.2443656921,33.7549362183,44.9900016785,83.2153091431,83.4111709595,59.8400001526
2024-05-23,448.2392578125,44.8065452576,33.1830520630,44.0699996948,82.6799087524,83.4657592773,59.4099998474
2024-05-24,452.4780273438,45.6523284912,33.5158653259,44.1199989319,82.9249114990,83.4748840332,60.3400001526
2024-05-28,454.1873168945,45.9757080078,33.4830589294,44.5699996948,81.7361297607,83.4657592773,59.7000007629
2024-05-29,450.9860229492,45.3289375305,33.0518074036,44.1599998474,80.7469787598,83.4839553833,58.5499992371
2024-05-30,446.1544494629,44.3388786316,33.4971237183,44.2400016785,81.5273971558,83.5021667480,58.6300010681
2024-05-31,445.3244628906,44.3388786316,34.0877456665,43.9900016785,82.0809478760,83.5203399658,59.5400009155
2024-06-03,447.7156066895,44.6224632263,33.6986885071,44.3899993896,83.4085769653,83.5340576172,59.7599983215
2024-06-04,448.9407653809,44.8463478088,33.6846275330,43.9799995422,84.3828887939,83.5523147583,59.5999984741
2024-06-05,457.9912719727,46.6573143005,33.4924278259,44.4900016785,85.0020980835,83.5614852905,60.1899986267
2024-06-06,457.8332214355,46.6175117493,33.1455535889,44.8400001526,84.8745880127,83.5705947876,60.4399986267
2024-06-07,457.4281005859,46.5080604553,32.7846183777,43.2400016785,83.3175201416,83.6071548462,60.7299995422
2024-06-10,459.2757263184,46.8762207031,33.2064933777,43.6300010681,82.7620773315,83.6254272461,60.7799987793
2024-06-11,462.4276733398,47.4981231689,33.0049285889,43.7700004578,83.6180191040,83.6345596313,60.7500000000
2024-06-12,468.4844055176,48.7468910217,32.7893028259,43.8800010681,84.2462997437,83.6528396606,61.4000015259
2024-06-13,471.0237121582,49.2493858337,32.8643035889,43.5299987793,85.4847106934,83.6619720459,61.4000015259
2024-06-14,473.4641723633,49.7369575500,32.7846183777,44.0800018311,86.2040328979,83.7076492310,60.4599990845
2024-06-17,479.2640686035,50.9459304810,32.4236793518,43.8499984741,85.3480987549,83.7167816162,60.6699981689
2024-06-18,479.4122619629,50.9608535767,32.4377365112,44.0299987793,86.1312103271,83.7350540161,60.7999992371
2024-06-20,475.7169494629,50.1498947144,32.7189903259,44.5800018311,85.5575332642,83.7533264160,59.9900016785
2024-06-21,474.4423217773,49.8513793945,32.5268020630,43.8899993896,85.5575332642,83.7807464600,60.3600006104
2024-06-24,469.0409851074,48.7319679260,32.9544487000,44.0800018311,85.9035339355,83.7990112305,60.4700012207
2024-06-25,474.4047546387,49.8414306641,32.6425704956,43.8499984741,86.0492630005,83.7990112305,61.2000007629
2024-06-26,475.3845214844,50.0436363220,32.5055389404,43.4599990845,84.8199844360,83.8081436157,61.4599990845
2024-06-27,476.6116638184,50.2727355957,32.5622444153,43.9599990845,85.1568679810,83.8264083862,61.7900009155
2024-06-28,474.1375122070,49.7099494934,32.1983947754,43.9300003052,83.5724868774,83.8538208008,61.3899993896
2024-07-01,476.9184265137,50.3175659180,31.9763031006,44.0600013733,82.1301116943,83.8832015991,62.5499992371
2024-07-02,481.9259033203,51.3584823608,32.1416893005,44.0600013733,82.7695388794,83.8923492432,62.9599990845
2024-07-03,485.9437866211,52.1902160645,32.3354301453,44.5499992371,83.8565826416,83.9198989868,62.7900009155
2024-07-05,491.0106201172,53.2510566711,32.3921279907,45.1500015259,84.5507965088,83.9474182129,62.7400016785
2024-07-08,492.1783142090,53.5150222778,32.4252090454,44.5999984741,84.7335052490,83.9657821655,63.2999992371
2024-07-09,492.6039123535,53.5698013306,32.5197181702,44.6599998474,84.3589782715,83.9657821655,63.2599983215
2024-07-10,497.7400207520,54.7003707886,32.8268623352,44.8300018311,84.6238861084,83.9841384888,63.3400001526
2024-07-11,486.8244934082,52.2649230957,33.4269752502,45.6300010681,85.4459991455,83.9933013916,63.2200012207
2024-07-12,489.6844787598,52.8575935364,33.6727027893,45.6100006104,85.8114013672,84.0299911499,63.7500000000
2024-07-15,491.0007019043,53.1514472961,32.8552131653,45.7599983215,84.8248596191,84.0483551025,63.2200012207
2024-07-16,491.1887512207,53.1813278198,33.1103782654,46.6599998474,86.0214767456,84.0483551025,62.9700012207
2024-07-17,476.7699890137,50.0486221313,33.1292839050,46.4399986267,86.0397720337,84.0758895874,61.8899993896
2024-07-18,474.5135803223,49.5555534363,33.1009292603,46.1500015259,85.3820648193,84.0850448608,60.9799995422
2024-07-19,470.3077087402,48.6540946960,33.1387329102,45.3199996948,84.8796386719,84.1125717163,59.7099990845
2024-07-22,477.3142700195,50.0785064697,33.4175262451,45.3300018311,84.6330261230,84.1309280396,61.4199981689
2024-07-23,475.6318664551,49.7348518372,33.2096061707,45.4900016785,84.5142745972,84.1309280396,61.5900001526
2024-07-24,458.5708312988,46.1389617920,33.5829124451,45.3100013733,83.6007995605,84.1584548950,57.3899993896
2024-07-25,453.5138244629,45.1279335022,33.3041229248,44.6199989319,84.2858886719,84.1584548950,57.1599998474
2024-07-26,458.1650695801,46.0393524170,33.6301651001,45.0800018311,84.9435958862,84.2043609619,58.7999992371
2024-07-29,459.0853881836,46.1788101196,33.7813796997,45.0200004578,85.4003219604,84.2043609619,59.2799987793
2024-07-30,452.7815551758,44.9038124084,33.9562187195,45.4900016785,85.7291793823,84.2134933472,58.4000015259
2024-07-31,466.1809997559,47.5683517456,34.3956718445,46.2999992371,86.6061248779,84.2318725586,59.2099990845
2024-08-01,454.8894348145,45.2673797607,35.0146865845,46.1399993896,87.3530731201,84.2521514893,56.5999984741
2024-08-02,444.0926208496,43.0809593201,35.0713920593,46.0499992371,90.0751190186,84.2982101440,49.9199981689
2024-08-05,430.8515319824,40.5857505798,34.1452255249,45.4799995422,90.5517120361,84.2982101440,39.2200012207
2024-08-06,434.9683837891,41.2879905701,34.4334716797,45.0999984741,88.5262222290,84.3166503906,43.0400009155
2024-08-07,430.2577514648,40.3715934753,34.6272087097,45.0600013733,87.9030075073,84.3350982666,44.0099983215
2024-08-08,443.4197387695,42.8518600464,34.6650161743,45.7700004578,87.3622436523,84.3442993164,45.7299995422
2024-08-09,445.7354125977,43.2851638794,34.7831459045,45.8899993896,88.2237777710,84.3627243042,48.7299995422
2024-08-12,446.6953430176,43.4445343018,34.8445739746,46.6699981689,88.5445556641,84.3903732300,48.9000015259
2024-08-13,457.7790832520,45.5861320496,35.0477638245,46.5999984741,89.1586227417,84.3995819092,50.7900009155
2024-08-14,457.9275512695,45.6209907532,35.0241394043,46.2299995422,89.7176818848,84.4088287354,52.5200004578
2024-08-15,469.4962158203,47.9020423889,35.0194091797,46.3699989319,88.9936370850,84.4180221558,53.5600013733
2024-08-16,470.0998535156,47.9867095947,35.1753501892,47.4000015259,89.3052444458,84.4640884399,53.4700012207
2024-08-19,476.2751770020,49.2467613220,35.4068946838,47.3499984741,89.7176818848,84.4640884399,54.1500015259
2024-08-20,475.2756347656,49.0276260376,35.3312835693,47.5099983215,90.4325790405,84.4825363159,52.9599990845
2024-08-21,477.4923400879,49.5007705688,35.5817298889,47.4599990845,90.4875640869,84.5009765625,52.6599998474
2024-08-22,469.9218139648,47.8920860291,35.5391960144,46.8800010681,89.5893630981,84.5009765625,51.5400009155
2024-08-23,475.0182800293,48.9230422974,35.6384353638,47.4300003052,90.1759567261,84.5378417969,53.0299987793
2024-08-26,470.4066772461,47.9568328857,35.8699722290,47.5800018311,89.9468154907,84.5470352173,53.0499992371
2024-08-27,471.8119506836,48.2407112122,35.5864524841,47.7099990845,89.7910156250,84.5654983521,53.6399993896
2024-08-28,466.4580688477,47.1250915527,35.5864524841,47.3800010681,89.6810150146,84.5747146606,52.1199989319
2024-08-29,465.7752685547,46.9806594849,35.7801971436,47.6199989319,89.3877487183,84.5747146606,53.0000000000
2024-08-30,471.3270568848,48.0863265991,36.0495376587,47.2799987793,88.4345626831,84.6207885742,53.7799987793
2024-09-03,457.0170898438,45.1329116821,35.9975547791,47.0900001526,89.8809280396,84.6541061401,48.3300018311
2024-09-04,455.8295288086,44.8938484192,36.3047027588,47.1100006104,91.0395050049,84.6633453369,47.7599983215
2024-09-05,456.2550964355,44.9834976196,36.2149200439,47.5099983215,91.5544357300,84.6726074219,48.8899993896
2024-09-06,444.0332946777,42.5530319214,35.8699722290,47.1500015259,91.5452346802,84.7189025879,47.1800003052
2024-09-09,449.7433471680,43.6188507080,36.2338180542,47.3499984741,91.9405899048,84.7189025879,48.6500015259
2024-09-10,453.8998413086,44.4107398987,36.4039344788,47.5499992371,92.5842666626,84.7466583252,49.1800003052
2024-09-11,463.7564086914,46.3033180237,36.5173454285,47.4799995422,92.5106811523,84.7466583252,50.1699981689
2024-09-12,468.3086853027,47.2496032715,36.5976676941,48.3199996948,92.0785446167,84.7559127808,50.4000015259
2024-09-13,470.4066772461,47.6281166077,37.1127357483,48.7999992371,92.3268127441,84.8021926880,50.5299987793
2024-09-16,468.3284606934,47.1948165894,37.3962478638,48.7700004578,93.1727447510,84.8207015991,50.2799987793
2024-09-17,468.5758666992,47.2446250916,37.3678970337,48.5299987793,92.7221755981,84.8299407959,49.7500000000
2024-09-18,466.5471801758,46.8013648987,37.0843849182,48.1500015259,91.5728073120,84.8484725952,49.9500007629
2024-09-19,478.3434448242,49.1919746399,36.8670158386,48.8899993896,91.2693939209,84.8669891357,51.0600013733
2024-09-20,477.4329833984,48.9678573608,37.8404350281,49.5200004578,90.9199676514,84.9040145874,51.1599998474
2024-09-23,478.6985473633,49.2268447876,38.2157936096,49.5999984741,90.7268829346,84.9132537842,51.0900001526
2024-09-24,481.0075683594,49.6950111389,37.9446220398,50.3100013733,90.7084808350,84.9225082397,51.0699996948
2024-09-25,481.4535522461,49.8151016235,38.1444282532,50.2500000000,89.9545059204,84.9410476685,50.7599983215
2024-09-26,485.0707092285,50.5226860046,37.8827705383,50.5000000000,90.1659698486,84.9410476685,50.7599983215
2024-09-27,482.3751525879,49.9297027588,38.2586059570,50.0900001526,90.6349258423,84.9688110352,49.5400009155
2024-09-30,483.6832885742,50.1788597107,38.4298744202,49.7000007629,90.2027511597,84.9780349731,50.1100006104
2024-10-01,476.9444274902,48.7587013245,38.7390975952,50.2099990845,90.8540039062,84.9975662231,48.1899986267
2024-10-02,477.6183166504,48.9231414795,38.7581291199,50.2200012207,90.0883636475,85.0068588257,48.5499992371
2024-10-03,477.2615051270,48.8434143066,38.7438545227,50.2000007629,89.2397003174,85.0254516602,47.4099998474
2024-10-04,482.9400329590,50.0044517517,38.6820106506,50.0800018311,88.1419754028,85.0440292358,48.3600006104
2024-10-07,477.7669677734,48.8782920837,37.7923927307,49.9199981689,87.4777984619,85.0626373291,46.2400016785
2024-10-08,484.9022216797,50.3383140564,37.8114128113,49.5400009155,87.6253662109,85.0626373291,47.0999984741
2024-10-09,488.7176208496,51.1206436157,37.4879150391,49.2700004578,87.1272430420,85.0718994141,47.7299995422
2024-10-10,488.1626892090,51.0110206604,37.3737373352,49.6500015259,86.7859268188,85.0812377930,47.4599990845
2024-10-11,488.9257202148,51.1156654358,37.7019958496,50.1599998474,86.4353790283,85.1276855469,47.6899986267
2024-10-14,493.0285644531,51.9727439880,38.1777305603,50.0999984741,86.4999694824,85.1184005737,48.5499992371
2024-10-15,486.4383544922,50.5774955750,38.3489952087,50.2799987793,87.5515823364,85.1462860107,47.7700004578
2024-10-16,486.4978027344,50.5924453735,39.1101722717,50.5299987793,87.9205856323,85.1462860107,48.0299987793
2024-10-17,486.8347167969,50.6721801758,38.7628898621,50.8400001526,86.5276489258,85.1648330688,48.4000015259
2024-10-18,490.0257873535,51.2900695801,38.9864768982,51.3699989319,86.5922088623,85.1927261353,48.9700012207
2024-10-21,490.9672546387,51.4844055176,38.8342475891,51.3800010681,85.0793685913,85.2113265991,48.9500007629
2024-10-22,491.5024108887,51.5840606689,38.6962814331,51.9199981689,85.1623840332,85.2206192017,49.0400009155
2024-10-23,483.9707031250,49.9895019531,39.0673599243,51.2900009155,84.9317779541,85.2206192017,47.8300018311
2024-10-24,487.8951110840,50.7917633057,38.8152160645,51.6800003052,85.4760437012,85.2299118042,48.2500000000
2024-10-25,490.8681640625,51.3747749329,38.2395744324,51.7999992371,84.9963302612,85.2670745850,47.0699996948
2024-10-28,490.9474182129,51.3947181702,38.5392913818,51.7799987793,84.7657241821,85.2670745850,48.1899986267
2024-10-29,495.6646423340,52.3663940430,37.7162666321,52.3600006104,84.8948745728,85.2856903076,48.3300018311
2024-10-30,491.9186401367,51.5741004944,37.6258773804,52.6500015259,85.1439285278,85.2949523926,47.7500000000
2024-10-31,479.5012512207,48.9729728699,38.0159835815,51.8400001526,85.2823181152,85.3135452271,45.9099998474
2024-11-01,483.0490417480,49.6556434631,37.1691703796,51.6199989319,84.0799865723,85.3499298096,46.2999992371
2024-11-04,481.6418457031,49.3466911316,36.7267379761,51.7000007629,85.3850631714,85.3686065674,47.3699989319
2024-11-05,487.7861022949,50.6073989868,37.2785911560,51.8100013733,85.8385848999,85.3686065674,48.5999984741
2024-11-06,501.0359497070,53.3580169678,36.8932456970,50.2299995422,83.4875869751,85.3872375488,51.0900001526
2024-11-07,508.9243164062,55.0372848511,36.9598541260,51.0600013733,84.5335311890,85.3965988159,51.8899993896
2024-11-08,509.5190429688,55.1120300293,37.6686973572,50.7000007629,85.6071777344,85.4432220459,51.9900016785
2024-11-11,509.2216796875,55.0422706604,37.7733612061,49.5099983215,85.1906661987,85.4338989258,52.0600013733
2024-11-12,508.3000488281,54.8479347229,37.3404312134,49.0800018311,83.9133682251,85.4432220459,52.0900001526
2024-11-13,507.6459655762,54.6934623718,37.2738380432,48.5900001526,83.1173782349,85.4618988037,52.7000007629
2024-11-14,504.1179809570,53.9061470032,37.1453933716,48.4599990845,83.5986633301,85.4618988037,52.6800003052
2024-11-15,492.1069335938,51.3000335693,37.7019958496,48.3699989319,83.3765335083,85.4898910522,50.8199996948
2024-11-18,495.5258483887,52.0325355530,38.0302543640,49.2900009155,83.5246200562,85.4991989136,51.8199996948
2024-11-19,498.9349975586,52.7251663208,38.2728805542,49.7400016785,83.9503784180,85.5272064209,50.9000015259
2024-11-20,498.6475830078,52.6603927612,38.2919082642,50.0299987793,83.6819686890,85.5365371704,50.0400009155
2024-11-21,500.4413452148,53.0440826416,38.9579353333,50.4399986267,83.6171722412,85.5458602905,50.2700004578
2024-11-22,501.2441101074,53.1786270142,38.7486114502,51.0800018311,83.6634674072,85.5738220215,51.2099990845
2024-11-25,502.0368347168,53.3430633545,38.8199729919,49.5900001526,85.8293075562,85.5831832886,52.2299995422
2024-11-26,504.7323913574,53.9011611938,39.4384307861,49.6899986267,85.4961090088,85.5831832886,52.5000000000
2024-11-27,500.7584228516,53.0440826416,39.4384307861,49.7799987793,86.0884780884,85.6111679077,52.5800018311
2024-11-29,505.1584777832,53.9210968018,39.4527015686,50.2500000000,86.9770736694,85.6298141479,52.9199981689
2024-12-02,510.6586303711,55.0970802307,38.6058921814,49.7900009155,87.1860198975,85.6532440186,53.4599990845
2024-12-03,512.2244873047,55.4458923340,38.2728805542,49.8899993896,86.4337081909,85.6719512939,53.5299987793
2024-12-04,518.5570678711,56.7962875366,38.2681198120,50.0400009155,87.3624877930,85.6813430786,53.3899993896
2024-12-05,517.1199951172,56.4823532104,38.3870544434,49.6699981689,87.5389709473,85.6906814575,53.2799987793
2024-12-06,521.7480468750,57.4689941406,37.9113197327,49.6800003052,87.6690139771,85.7281646729,53.7500000000
2024-12-09,517.6848754883,56.5471420288,37.4355850220,50.1699981689,86.8609313965,85.7375030518,53.1899986267
2024-12-10,515.9210205078,56.1335411072,37.1644096375,50.8300018311,86.4522933960,85.7562332153,53.2599983215
2024-12-11,525.1571655273,58.1566467285,36.9313087463,51.2999992371,85.6349258423,85.7656173706,53.5000000000
2024-12-12,521.7679443359,57.3942451477,36.9122734070,50.5699996948,84.5946807861,85.7843170166,53.3300018311
2024-12-13,525.7617797852,58.2413635254,36.9360656738,49.9799995422,83.7309112549,85.8124160767,53.2900009155
2024-12-16,533.3330078125,59.9206314087,36.6411018372,50.0600013733,83.9816894531,85.8217697144,52.8300018311
2024-12-17,530.9842529297,59.3874473572,36.4888763428,49.9099998474,84.1860275269,85.8311614990,52.2099990845
2024-12-18,511.8280334473,55.1020698547,35.6277923584,48.9300003052,83.1333389282,85.8311614990,47.6899986267
2024-12-19,509.5487060547,54.5688896179,35.7895431519,49.0000000000,81.8745880127,85.8433837891,45.5999984741
2024-12-20,513.9982910156,55.5355834961,36.3604202271,49.5000000000,82.3408050537,85.8809967041,49.1199989319
2024-12-23,519.0061035156,56.5781021118,36.4841766357,49.2700004578,81.5855331421,85.8809967041,50.6599998474
2024-12-24,526.0437622070,58.1037406921,36.6856460571,49.3899993896,81.9305343628,85.8998031616,52.0299987793
2024-12-26,525.6862792969,57.9990386963,36.5993080139,49.7200012207,81.8838958740,85.9186172485,51.9700012207
2024-12-27,518.6983032227,56.4185638428,36.4937744141,49.3699989319,81.2125854492,85.9562149048,50.7299995422
2024-12-30,511.7997436523,54.9078788757,36.3402786255,49.2200012207,81.8652648926,85.9562149048,50.2099990845
2024-12-31,507.4520874023,53.9655799866,36.3067016602,49.5099983215,81.4270248413,85.9750289917,50.0600013733
2025-01-02,506.4594726562,53.7262649536,36.5849075317,50.1899986267,81.6508026123,85.9938278198,49.5099983215
2025-01-03,514.7477416992,55.4812469482,36.9734497070,49.7900009155,81.3897323608,86.0032272339,50.8699989319
2025-01-06,520.6636962891,56.7426338196,36.5609283447,49.7400016785,81.0260925293,86.0126495361,51.1199989319
2025-01-07,511.3728637695,54.6984825134,36.4697914124,50.0099983215,80.1123352051,86.0314331055,49.6500015259
2025-01-08,511.4622497559,54.7084541321,36.4601974487,50.2900009155,80.2148818970,86.0502471924,49.6399993896
2025-01-10,503.4419860840,52.9634513855,36.2539405823,50.7799987793,79.6834182739,86.0784530640,48.0200004578
2025-01-13,501.8240051270,52.6343879700,35.8318176270,50.2500000000,79.6554641724,86.0878677368,48.5099983215
2025-01-14,501.3475646973,52.5097465515,36.3019027710,50.5299987793,79.5249252319,86.1066818237,49.0099983215
2025-01-15,512.8816528320,54.8829574585,36.8343429565,50.9099998474,80.8955459595,86.1160583496,51.0400009155
2025-01-16,509.2884826660,54.1500511169,37.7649192810,51.2500000000,81.1566390991,86.1160583496,51.0000000000
2025-01-17,517.8843383789,55.9349441528,37.8176765442,50.9900016785,81.2965011597,86.1631011963,50.8800010681
2025-01-21,520.9218139648,56.5382232666,38.3980865479,51.7500000000,82.0237731934,86.1631011963,51.9599990845
2025-01-22,527.5822143555,58.0139961243,37.5682525635,52.0299987793,81.5948562622,86.1818923950,51.5699996948
2025-01-23,528.7039794922,58.2682685852,37.7457313538,51.9799995422,80.9608306885,86.1818923950,52.0000000000
2025-01-24,525.7162475586,57.5802383423,38.1294670105,52.3100013733,81.3244705200,86.2195205688,52.1100006104
2025-01-27,510.4100646973,54.1749839783,37.2468681335,51.7599983215,82.2848281860,86.2289199829,50.3199996948
2025-01-28,517.9539794922,55.8053131104,36.7336120605,52.1800003052,82.2288970947,86.2289199829,51.2200012207
2025-01-29,516.9812011719,55.5809631348,36.8103599548,52.0000000000,82.0610733032,86.2383193970,51.3699989319
2025-01-30,519.1847534180,56.0446319580,37.5778388977,52.7599983215,82.3687591553,86.2477111816,51.5000000000
2025-01-31,518.4303588867,55.8452072144,37.3571929932,52.8699989319,81.8279724121,86.2759323120,50.5999984741
2025-02-03,514.2812500000,54.9577445984,37.5586585999,53.1699981689,82.4942245483,86.3004684448,50.0099983215
2025-02-04,520.5942382812,56.2989006042,37.2276763916,53.6899986267,82.7468566895,86.3004684448,50.7799987793
2025-02-05,522.9566650391,56.7924919128,37.6018257141,54.0200004578,84.1130294800,86.3098983765,51.3400001526
2025-02-06,525.6862792969,57.3658485413,37.5586585999,53.8899993896,84.0756149292,86.3287887573,51.5699996948
2025-02-07,519.0557250977,55.9150085449,37.4819030762,53.9700012207,83.5328598022,86.3476562500,50.6199989319
2025-02-10,525.3389282227,57.2312431335,37.8896331787,54.8800010681,83.2802200317,86.3570938110,51.3199996948
2025-02-11,524.0882568359,56.9620018005,38.0815048218,54.6899986267,82.7468566895,86.3665161133,51.2400016785
2025-02-12,524.3959350586,57.0268249512,38.0143470764,54.7500000000,81.6239700317,86.3759765625,51.3699989319
2025-02-13,531.9398193359,58.6521644592,38.1006927490,55.2799987793,82.9807968140,86.3948364258,51.7799987793
2025-02-14,534.1732177734,59.1008911133,37.9423980713,54.4599990845,83.4206085205,86.4231491089,51.9000015259
2025-02-18,535.3841552734,59.3601417542,38.2973518372,55.3699989319,82.4380569458,86.4420318604,52.0299987793
2025-02-19,535.5330810547,59.3900604248,38.4988212585,55.4199981689,82.5409927368,86.4514465332,52.3199996948
2025-02-20,533.2598876953,58.8615722656,38.4940223694,55.4399986267,82.8497924805,86.4703292847,52.2400016785
2025-02-21,522.1923828125,56.4085922241,38.5036125183,55.3899993896,83.8510131836,86.4986495972,50.3800010681
2025-02-24,516.0283203125,55.0474891663,38.3117485046,55.6800003052,84.0943298340,86.5080795288,50.2000007629
2025-02-25,509.5266723633,53.6514816284,38.1198768616,54.9700012207,85.5446777344,86.5080795288,50.0800018311
2025-02-26,510.7575683594,53.8957786560,38.2781677246,55.0400009155,86.0499954224,86.5269622803,50.5699996948
2025-02-27,496.5730895996,50.9242782593,37.4291419983,54.2000007629,85.4417419434,86.5364074707,49.0299987793
2025-02-28,504.4147644043,52.4947891235,37.9999580383,53.8699989319,86.4897994995,86.5552520752,49.7599983215
2025-03-03,493.3768615723,50.2512130737,38.0527305603,54.5699996948,86.8934097290,86.5732345581,47.5299987793
2025-03-04,491.8879699707,49.8822631836,37.4339447021,55.0400009155,85.8233337402,86.5732345581,46.9700012207
2025-03-05,498.3002319336,51.1885261536,37.1701164246,55.1699981689,85.1380996704,86.5827331543,48.0099983215
2025-03-06,484.5923156738,48.3715820312,36.3978347778,54.8699989319,84.8564910889,86.5921859741,45.4099998474
2025-03-07,488.1557617188,49.0396728516,37.0741844177,54.9099998474,84.5842666626,86.6300659180,46.4300003052
2025-03-10,469.2366333008,45.3253059387,37.4819030762,54.4300003052,85.4666290283,86.6395111084,43.9000015259
2025-03-11,468.1149902344,44.9962463379,37.1317443848,55.0699996948,84.8564910889,86.6489868164,43.9500007629
2025-03-12,473.3956909180,46.0332832336,37.0166206360,55.2999992371,84.3496017456,86.6584472656,45.0400009155
2025-03-13,464.8790283203,44.3480987549,37.1077613831,56.2700004578,85.0911712646,86.6773834229,44.0299987793
2025-03-14,476.1154479980,46.4620513916,37.8320732117,56.2900009155,84.6405944824,86.6963119507,46.0000000000
2025-03-17,479.2023925781,47.0603332520,37.9903678894,56.6199989319,85.0630035400,86.7152557373,46.8699989319
2025-03-18,471.0332641602,45.4698867798,37.7265472412,57.2700004578,85.1474838257,86.7152557373,46.2200012207
2025-03-19,477.3363037109,46.6265792847,37.8656501770,57.5099983215,85.5886535645,86.7247161865,46.9700012207
2025-03-20,475.7183532715,46.3174629211,38.0191421509,57.4399986267,85.6449813843,86.7436523438,47.4199981689
2025-03-21,477.2866210938,46.6465187073,37.7745094299,56.9700012207,85.1380996704,86.7720565796,47.4300003052
2025-03-24,487.7604370117,48.6108970642,37.7624320984,56.7000007629,84.2651138306,86.7720565796,48.9099998474
2025-03-25,490.5438537598,49.1892509460,37.1585845947,56.9900016785,84.2557296753,86.7815322876,48.7599983215
2025-03-26,481.5175170898,47.3819427490,37.4049491882,56.9199981689,83.7019042969,86.7909927368,47.9599990845
2025-03-27,478.7738647461,46.8184013367,37.3952903748,57.6800003052,83.4578552246,86.8099288940,47.8499984741
2025-03-28,466.1687316895,44.3548049927,37.6706466675,58.1300010681,84.6124343872,86.8383331299,45.7400016785
2025-03-31,466.1488952637,44.3248786926,38.0909271240,58.9599990845,85.4478454590,86.8383331299,45.7599983215
2025-04-01,469.9065551758,45.0180778503,38.1875419617,58.8600006104,86.1883087158,86.8582763672,45.7000007629
2025-04-02,473.3361206055,45.6763648987,38.3662834167,58.9500007629,86.1317901611,86.8677825928,46.4500007629
2025-04-03,447.9967956543,40.7940483093,38.1247406006,58.5999984741,86.5274353027,86.8772583008,40.6599998474
2025-04-04,420.1721801758,35.8119888306,36.0040168762,57.2599983215,87.4695129395,86.9057769775,36.6500015259
2025-04-07,421.1861877441,35.9167175293,35.4533042908,56.0999984741,84.8317642212,86.9152755737,36.5600013733
2025-04-08,413.6012573242,34.5801887512,35.3083801270,56.3100013733,83.2302780151,86.9342727661,34.1399993896
2025-04-09,463.2461547852,42.7040901184,36.6996574402,58.3800010681,83.7201461792,86.9342727661,37.7900009155
2025-04-10,443.5432739258,39.2131538391,36.4243011475,59.8100013733,81.4121093750,86.9437637329,34.1800003052
2025-04-11,451.7146911621,40.5995597839,36.8687286377,60.9599990845,81.8548812866,86.9817657471,34.6300010681
2025-04-14,454.7765197754,41.1630935669,37.5305557251,60.5900001526,82.4389572144,86.9817657471,36.5600013733
2025-04-15,455.2834777832,41.2578506470,37.5257225037,60.9399986267,82.7309722900,87.0007781982,36.7099990845
2025-04-16,441.5551147461,38.7792854309,37.1875686646,62.9300003052,83.1925888062,87.0102844238,35.1699981689
2025-04-17,441.4755859375,38.7194366455,37.5691986084,62.6300010681,82.4577789307,87.0482559204,35.6599998474
2025-04-21,430.5504760742,36.8243637085,36.6803283691,64.5899963379,81.0164566040,87.0577774048,34.5800018311
2025-04-22,441.8533325195,38.7044792175,37.6803092957,63.6599998474,81.4686355591,87.0577774048,35.7000007629
2025-04-23,451.8737792969,40.4250068665,37.8397216797,62.1199989319,82.2599639893,87.0767669678,36.3499984741
2025-04-24,464.5881958008,42.7240333557,37.8976936340,63.0400009155,83.1266326904,87.0767669678,37.0200004578
2025-04-25,469.7673950195,43.6665916443,37.7817535400,62.3400001526,83.7389678955,87.1147689819,37.8100013733
2025-04-28,469.6182250977,43.6466369629,38.0136337280,63.2299995422,84.2665328979,87.1242675781,37.6500015259
2025-04-29,472.7198181152,44.1852378845,38.3083152771,62.6399993896,84.9730606079,87.1242675781,37.8800010681
2025-04-30,472.6601867676,44.1752700806,38.1150779724,62.1699981689,84.2853698730,87.1337738037,37.4099998474
2025-05-01,478.8334350586,45.2574577332,38.2261886597,60.8600006104,83.8580017090,87.1547393799,37.7099990845
2025-05-02,485.9412231445,46.6488456726,38.5256996155,60.9700012207,82.9502944946,87.1833343506,38.5200004578
2025-05-05,483.0583496094,46.1002731323,38.4290847778,62.7900009155,82.4869995117,87.1833343506,38.1699981689
2025-05-06,478.5650634766,45.2524681091,38.8976669312,64.5699996948,82.7611923218,87.2024078369,37.4099998474
2025-05-07,480.4438781738,45.5915908813,39.0087814331,63.6100006104,83.1110305786,87.2024078369,37.9199981689
2025-05-08,485.4044189453,46.4992332458,38.6947784424,62.3400001526,82.1844329834,87.2214660645,38.6599998474
2025-05-09,485.0863342285,46.4194450378,38.7624053955,62.7700004578,82.3073425293,87.2500610352,38.7700004578
2025-05-12,504.8488159180,50.1996269226,38.5305328369,61.0000000000,81.5414733887,87.2500610352,41.3300018311
2025-05-13,512.5431518555,51.7106933594,38.4773941040,61.2799987793,81.2105407715,87.2691497803,41.4799995422
2025-05-14,515.6148071289,52.3290939331,38.3083152771,59.9700012207,80.6716003418,87.2691497803,41.0299987793
2025-05-15,516.1814575195,52.4437942505,39.1247177124,60.9300003052,81.3807449341,87.2786636353,41.4000015259
2025-05-16,518.4281005859,52.8926277161,39.6995887756,60.2000007629,81.5982055664,87.3167953491,41.4799995422
2025-05-19,518.9251098633,52.9674377441,39.8686637878,60.9700012207,81.3618240356,87.3167953491,41.2400016785
2025-05-20,517.1954956055,52.5884170532,39.9846038818,62.1199989319,80.7756118774,87.3358612061,41.4500007629
2025-05-21,510.0081481934,51.1272125244,39.2551498413,62.5900001526,79.3951339722,87.3453674316,39.9799995422
2025-05-22,510.9624938965,51.3167228699,38.6947784424,62.0299987793,79.8111801147,87.3644638062,40.1300010681
2025-05-23,506.2306213379,50.3392601013,39.1585350037,63.3800010681,79.9435501099,87.4025802612,38.8300018311
2025-05-27,518.1398315430,52.6781883240,39.4532165527,62.3100013733,81.0592498779,87.4025802612,40.7799987793
2025-05-28,515.8433837891,52.2293510437,38.9025039673,62.1699981689,80.7094039917,87.4121246338,40.6100006104
2025-05-29,516.8574218750,52.4188575745,39.1730270386,62.5400009155,81.4563751221,87.4216384888,40.5800018311
2025-05-30,516.0421752930,52.2293510437,39.5739860535,62.1599998474,81.5792999268,87.4502410889,40.4300003052
2025-06-02,520.1181030273,53.0322647095,39.6995887756,63.7700004578,80.8200607300,87.4655532837,40.6899986267
2025-06-03,524.1838378906,53.8750762939,39.8058624268,63.2299995422,80.6777114868,87.4846725464,41.1399993896
2025-06-04,525.6452026367,54.1543502808,39.1102294922,63.6199989319,81.9873886108,87.4846725464,41.1800003052
2025-06-05,521.6886596680,53.3065490723,39.0474281311,63.2900009155,82.0443038940,87.4942474365,40.8100013733
2025-06-06,526.7883300781,54.3338813782,39.2213401794,62.4700012207,81.0003662109,87.5229492188,41.6599998474
2025-06-09,527.5638427734,54.4834938049,38.9701347351,62.7400016785,81.0858001709,87.5420684814,41.8499984741
2025-06-10,531.0530395508,55.2116050720,39.0619239807,62.7700004578,81.5033721924,87.5516357422,41.9500007629
2025-06-11,529.2636108398,54.8276062012,39.0860748291,63.1199989319,81.7501144409,87.5516357422,41.7599983215
2025-06-12,530.5062255859,55.0769615173,39.5594940186,63.8899993896,82.7276229858,87.5611953735,41.5499992371
2025-06-13,523.8458251953,53.6656188965,39.3324432373,64.7399978638,81.9304428101,87.5994644165,39.8800010681
2025-06-16,531.1325683594,55.1417846680,39.1392097473,63.7999992371,81.1047668457,87.5994644165,41.2999992371
2025-06-17,525.9533691406,54.0446395874,38.8155479431,63.8199996948,82.0917739868,87.6185836792,40.1300010681
2025-06-18,525.8638916016,54.0197029114,38.9169960022,63.4799995422,82.2341308594,87.6377258301,40.5999984741
2025-06-20,523.7167358398,53.5359535217,39.0232696533,63.4500007629,82.0822830200,87.6568527222,40.3800010681
2025-06-23,529.1017456055,54.6530532837,39.5179748535,63.6699981689,82.3480072021,87.6759872437,40.7000007629
2025-06-24,537.1928100586,56.3087615967,39.6882247925,62.6800003052,82.9458923340,87.6759872437,42.2200012207
2025-06-25,538.5661010742,56.5803489685,39.1580162048,62.8499984741,83.0503082275,87.6855545044,42.2999992371
2025-06-26,543.6018676758,57.6487541199,39.4839248657,62.7999992371,83.4678726196,87.6951141357,42.4099998474
2025-06-27,545.4629516602,58.0281829834,39.5617561340,61.6500015259,82.9364089966,87.7333908081,42.4199981689
2025-06-30,548.9959716797,58.7670783997,39.7222824097,62.3600006104,83.7525863647,87.7429199219,42.5999984741
2025-07-01,544.3682250977,57.7436141968,39.8584823608,62.9199981689,83.9602432251,87.7583007812,42.5900001526
2025-07-02,548.1598510742,58.5573883057,39.5131111145,63.3100013733,83.4267959595,87.7678909302,42.6899986267
2025-07-03,553.5539550781,59.6557464600,39.8098335266,62.8699989319,82.8457336426,87.8158950806,42.8199996948
2025-07-07,549.3840942383,58.7620811462,39.8925361633,62.9199981689,82.0550918579,87.8254776001,42.6100006104
2025-07-08,549.6925659180,58.8070182800,39.4693336487,62.2599983215,81.9503173828,87.8254776001,43.0999984741
2025-07-09,553.5838012695,59.6357765198,39.8390274048,62.5200004578,82.8076248169,87.8350677490,43.8499984741
2025-07-10,552.7877807617,59.4460601807,40.1649360657,62.6699981689,82.8647689819,87.8542709351,44.0299987793
2025-07-11,551.5436401367,59.1614875793,40.1065635681,63.2999992371,81.7217025757,87.8734664917,43.9399986267
2025-07-14,553.5440673828,59.5658798218,40.2670822144,63.0499992371,81.5502319336,87.8830566406,43.6100006104
2025-07-15,554.0515747070,59.6607398987,39.8828010559,62.7799987793,80.9786834717,87.8926620483,43.7500000000
2025-07-16,554.6188964844,59.7905464172,39.9022560120,63.1100006104,81.0929794312,87.9118499756,43.5999984741
2025-07-17,559.1072387695,60.7491149902,40.0676498413,62.9599990845,81.0739440918,87.9118499756,43.6800003052
2025-07-18,558.5698242188,60.5943450928,40.7389297485,63.1300010681,81.1977615356,87.9502410889,44.0099983215
2025-07-21,561.4658813477,61.2184104919,40.8702621460,64.0899963379,81.9217376709,87.9694442749,44.1599998474
2025-07-22,558.5598754883,60.5743713379,41.3712959290,64.6999969482,82.4170608521,87.9790344238,44.2599983215
2025-07-23,561.1076049805,61.1185646057,41.0599784851,63.9099998474,81.9598388672,87.9886322021,45.1699981689
2025-07-24,562.3018798828,61.3881530762,41.0064697266,63.5299987793,81.8169479370,87.9886322021,45.2299995422
2025-07-25,563.6552734375,61.6327896118,41.1134757996,62.9099998474,82.3313369751,88.0174255371,45.4300003052
2025-07-28,565.4169311523,62.0222091675,40.6756896973,62.5200004578,81.7979125977,88.0270385742,46.0400009155
2025-07-29,564.5410156250,61.8374900818,41.1426734924,62.6899986267,83.1791229248,88.0366134644,45.5000000000
2025-07-30,565.2974243164,61.9822654724,41.4491233826,61.6199989319,82.7504730225,88.0462036133,45.4300003052
2025-07-31,562.3018798828,61.2932968140,41.6728820801,62.0099983215,82.7981033325,88.0558242798,45.3300018311
2025-08-01,551.2252197266,58.8469619751,41.7361221313,63.2900009155,83.9752120972,88.0933914185,43.4599990845
2025-08-04,561.3961791992,61.0087242126,42.4755020142,63.6399993896,84.2047119141,88.1030120850,44.9599990845
2025-08-05,557.5845336914,60.1649894714,42.0231170654,63.6899986267,84.4628829956,88.1030120850,44.7700004578
2025-08-06,564.6007690430,61.6777229309,41.6485633850,63.5600013733,83.9752120972,88.1319046021,45.4900016785
2025-08-07,566.5115966797,62.0921058655,42.1009483337,64.0800018311,83.8317642212,88.1319046021,45.2799987793
2025-08-08,571.7960815430,63.2154273987,41.9209671021,64.0599975586,83.4684143066,88.1607894897,46.0800018311
2025-08-11,570.1042480469,62.8060417175,41.7896347046,63.1699981689,83.5640411377,88.1704330444,46.0000000000
2025-08-12,577.2697753906,64.4036407471,41.9696083069,63.0999984741,83.1432800293,88.1800613403,46.9500007629
2025-08-13,577.5584106445,64.4535675049,42.0620346069,63.2900009155,83.8317642212,88.1896896362,47.1100006104
2025-08-14,577.1105957031,64.3387374878,41.7701721191,62.9000015259,83.2102355957,88.1993179321,47.0099983215
2025-08-15,574.5727539062,63.7346458435,41.6485633850,62.9399986267,82.6173782349,88.2378463745,47.0900001526
2025-08-18,574.3438720703,63.6947097778,41.4685821533,62.8400001526,82.3783340454,88.2378463745,47.6899986267
2025-08-19,566.5513916016,61.9473190308,41.8723220825,62.4900016785,82.8564376831,88.2570877075,47.1800003052
2025-08-20,563.1876220703,61.1934509277,41.9160995483,63.1300010681,83.0381011963,88.2763595581,47.2999992371
2025-08-21,560.5802001953,60.6342849731,41.6291046143,62.9000015259,82.6269531250,88.2763595581,46.9599990845
2025-08-22,569.2284545898,62.4765281677,41.8528633118,63.5800018311,83.2389068604,88.3052520752,48.9300003052
2025-08-25,567.5864257812,62.1020851135,41.3810234070,63.4399986267,82.9998703003,88.3148956299,48.8400001526
2025-08-26,569.8653564453,62.6013450623,41.4734458923,63.8800010681,82.9520492554,88.3245162964,49.0000000000
2025-08-27,570.7412109375,62.7760772705,41.4831771851,64.0100021362,82.8564376831,88.3341598511,48.9599990845
2025-08-28,574.3140258789,63.5399398804,41.1669883728,64.4899978638,83.4014816284,88.3437881470,49.2099990845
2025-08-29,567.6660156250,62.0172195435,41.0161933899,65.0999984741,82.8086242676,88.3823089600,48.7400016785
2025-09-02,562.9089355469,60.9887542725,40.8799934387,66.6500015259,82.1923904419,88.4035720825,47.9900016785
2025-09-03,567.3375854492,61.9173660278,40.7778396606,67.1999969482,83.0946578979,88.4132308960,48.6199989319
2025-09-04,572.4728393555,63.0456809998,40.7292022705,66.9100036621,83.7281646729,88.4325561523,49.2999992371
2025-09-05,573.2988281250,63.1854667664,40.6027259827,67.7600021362,85.0047607422,88.4615478516,49.2999992371
2025-09-08,576.0953979492,63.8045387268,40.1892585754,68.5400009155,86.1373901367,88.4712142944,49.7500000000
2025-09-09,577.7275390625,64.1490249634,40.4665260315,68.4100036621,85.6478729248,88.4808883667,49.8899993896
2025-09-10,577.9166870117,64.1889648438,41.1621284485,68.6399993896,86.1373901367,88.4905548096,49.9599990845
2025-09-11,581.2803955078,64.9178771973,41.3810234070,68.5299987793,86.7133102417,88.5002136230,50.5999984741
2025-09-12,583.8480834961,65.4770278931,41.5901908875,68.6800003052,86.3389434814,88.5291976929,50.6199989319
2025-09-15,588.8440551758,66.5903778076,41.6874771118,69.3799972534,86.5405426025,88.5388717651,50.4000015259
2025-09-16,588.3463745117,66.4405975342,40.9286384583,69.5400009155,86.7229156494,88.5485382080,49.9700012207
2025-09-17,587.1720581055,66.1560211182,41.0307884216,69.0000000000,86.5021438599,88.5581893921,50.9099998474
2025-09-18,592.4665527344,67.3791961670,41.0599784851,68.7099990845,85.6094894409,88.5678558350,50.8400001526
2025-09-19,596.4772338867,68.2578735352,41.3226470947,69.4400024414,85.4462966919,88.6065292358,50.8899993896
2025-09-22,600.0083618164,69.0516891479,41.7232322693,70.6299972534,85.1391448975,88.6161804199,50.4900016785
2025-09-23,596.0228881836,68.1180877686,41.9387016296,70.9400024414,85.7342529297,88.6161804199,50.1500015259
2025-09-24,593.9305419922,67.6441574097,42.2374267578,70.2900009155,85.4079055786,88.6355209351,50.4799995422
2025-09-25,591.3699951172,67.0348815918,41.8309631348,70.5800018311,85.4079055786,88.6355209351,50.0999984741
2025-09-26,593.8009643555,67.5742416382,42.5116653442,70.9899978638,85.3311157227,88.6645050049,51.2099990845
2025-09-29,596.5509643555,68.1785202026,42.6340904236,72.1600036621,86.0317993164,88.6741714478,50.8300018311
2025-09-30,598.1850585938,68.5181045532,42.7075500488,72.7699966431,85.7822494507,88.6741714478,50.9399986267
2025-10-01,601.0545043945,69.1773300171,43.1189041138,72.8799972534,86.0037994385,88.6945419312,51.0699996948
2025-10-02,603.5254516602,69.7366638184,43.0405540466,72.6500015259,86.2542190552,88.7042465210,50.7099990845
2025-10-03,600.9848022461,69.1074142456,43.5400581360,73.2200012207,86.0904693604,88.7236328125,50.9599990845
2025-10-06,605.4982910156,70.1511535645,43.9612045288,74.6200027466,85.4066085815,88.7430343628,51.0400009155
2025-10-07,602.3099365234,69.3970642090,44.1619834900,75.0100021362,85.8978424072,88.7430343628,50.4700012207
2025-10-08,609.2147216797,70.9751739502,44.4656066895,76.2200012207,85.9652709961,88.7624130249,50.9599990845
2025-10-09,608.4774780273,70.7903976440,44.3529739380,74.8300018311,85.8978424072,88.7624130249,50.9000015259
2025-10-10,587.3545532227,65.8263320923,44.1717796326,75.5800018311,87.2848434448,88.8012161255,47.6699981689
2025-10-13,599.8190307617,68.6329727173,44.5096778870,77.4300003052,87.2366790771,88.8109054565,49.4700012207
2025-10-14,595.8236694336,67.7190780640,44.9063415527,78.0299987793,87.5159988403,88.8109054565,48.3400001526
2025-10-15,600.0283203125,68.6379699707,45.4939956665,79.3199996948,87.3233718872,88.8206100464,48.1399993896
2025-10-16,597.8064575195,68.1285781860,44.9993896484,81.1500015259,87.9783325195,88.8302993774,45.7700004578
2025-10-17,601.7320556641,68.9975357056,44.8426818848,79.6299972534,87.8434829712,88.8497161865,47.7200012207
2025-10-20,609.3143310547,70.7204818726,44.8279914856,82.5000000000,88.1806182861,88.8690872192,49.5800018311
2025-10-21,609.1549682617,70.6805267334,44.3725585938,77.3799972534,88.6140594482,88.8690872192,49.7200012207
2025-10-22,603.2863769531,69.2772064209,44.2697219849,77.2799987793,88.6718444824,88.8884963989,49.3300018311
2025-10-23,608.3578491211,70.4657897949,44.2354431152,77.5500030518,88.0650405884,88.8982009888,49.8899993896
2025-10-24,614.8540649414,71.9040679932,44.7545356750,77.3099975586,88.1035614014,88.9272766113,50.2700004578
2025-10-27,625.8041992188,74.4809799194,44.8769607544,75.1500015259,88.4021453857,88.9272766113,50.9599990845
2025-10-28,630.6165161133,75.6046447754,44.1374931335,74.5899963379,88.6333084106,88.9369888306,50.2500000000
2025-10-29,633.4561767578,76.2938156128,44.1228065491,74.3099975586,87.7375411987,88.9660797119,49.8300018311
2025-10-30,623.7715454102,73.9366302490,43.9367179871,75.7900009155,87.2270431519,88.9660797119,49.6599998474
2025-10-31,626.7805786133,74.6507873535,43.6330986023,75.3899993896,86.9669799805,88.9854812622,49.6800003052
2025-11-03,629.7796020508,75.3199920654,43.6575851440,75.5400009155,86.7494812012,88.9981231689,49.8899993896
2025-11-04,616.9963378906,72.2336730957,43.5008773804,74.2099990845,86.9428253174,89.0078506470,48.8600006104
2025-11-05,621.0116577148,73.1825332642,43.5106697083,75.0500030518,85.9954833984,89.0175781250,49.7799987793
2025-11-06,609.4439086914,70.4458007812,43.3196830750,74.9700012207,86.7688140869,89.0273056030,48.7200012207
2025-11-07,607.5208740234,69.9713745117,43.9220275879,75.4300003052,86.5851516724,89.0565109253,48.9099998474
2025-11-10,620.9617919922,73.0377120972,43.9073371887,77.4700012207,86.5658264160,89.0759582520,50.3400001526
2025-11-11,619.3078613281,72.6481704712,43.9318199158,77.8000030518,86.9621582031,89.0662307739,50.4000015259
2025-11-12,618.8196411133,72.5233230591,44.0346603394,79.0400009155,87.1168289185,89.0759582520,50.2000007629
2025-11-13,606.1857910156,69.5418930054,43.4274215698,78.4100036621,86.4014816284,89.0856857300,48.6199989319
2025-11-14,606.6441040039,69.6118087769,43.4665946960,76.9800033569,85.9084777832,89.1245956421,48.8300018311
2025-11-17,601.4630737305,68.4182357788,43.8583641052,76.1100006104,86.1211471558,89.1245956421,47.5499992371
2025-11-18,594.1397705078,66.7552185059,43.6918601990,76.6900024414,86.0921401978,89.1440811157,46.7299995422
2025-11-19,597.6868286133,67.5143127441,43.3245811462,76.7799987793,85.9181442261,89.1440811157,47.3800010681
2025-11-20,583.5385131836,64.3331222534,43.1042098999,76.7799987793,86.2564773560,89.1635208130,45.6199989319
2025-11-21,587.9224853516,65.2819747925,43.1678771973,76.6100006104,86.5174713135,89.1830062866,46.8499984741
2025-11-24,602.9575805664,68.6479568481,43.6575851440,77.8399963379,87.0104980469,89.1830062866,48.5600013733
2025-11-25,606.6740722656,69.4270324707,43.4910850525,77.8300018311,87.2328186035,89.2024383545,49.2599983215
2025-11-26,612.0344238281,70.6555557251,44.0689392090,78.4400024414,87.6195068359,89.2121658325,50.0099983215
2025-11-28,616.9963378906,71.7242813110,44.3823509216,79.4100036621,87.2038269043,89.2413711548,50.3400001526
2025-12-01,614.9238281250,71.2648315430,43.3441696167,79.8099975586,86.1182403564,89.2521057129,50.5200004578
2025-12-02,619.7362670898,72.3834915161,43.0356521606,79.2900009155,86.1570510864,89.2813796997,50.8800010681
2025-12-03,621.2507934570,72.7031097412,42.8985328674,79.2300033569,86.3995819092,89.2911300659,51.0200004578
2025-12-04,620.6728515625,72.5333175659,42.8103828430,79.2799987793,85.9339370728,89.3009033203,51.2799987793
2025-12-05,623.2036743164,73.1325988770,42.4088249207,79.1399993896,85.5361785889,89.3204116821,51.5999984741
2025-12-08,622.0079956055,72.8029937744,41.8407630920,78.9499969482,85.2548217773,89.3301849365,51.2500000000
2025-12-09,622.7751464844,73.0127334595,41.8701477051,79.3399963379,85.3421401978,89.3497085571,51.1800003052
2025-12-10,625.3258666992,73.5720748901,41.8505592346,79.6699981689,85.6719818115,89.3497085571,52.2200012207
2025-12-11,623.3033447266,73.0926437378,42.1541748047,80.5400009155,85.5555801392,89.3594512939,52.5400009155
2025-12-12,611.3867797852,70.2560348511,41.9485015869,80.9899978638,84.7309494019,89.3984909058,52.6199989319
2025-12-15,608.3179931641,69.5468826294,42.3304710388,81.0800018311,84.7891693115,89.3984909058,52.6199989319
2025-12-16,609.5235595703,69.8165664673,42.1541748047,81.0800018311,85.2548217773,89.4082489014,52.6699981689
2025-12-17,598.2248535156,67.1996841431,41.8799324036,81.7600021362,85.1772232056,89.4180221558,52.3800010681
2025-12-18,606.8931884766,69.1573410034,42.2912940979,81.6299972534,85.5846786499,89.4327163696,53.0999984741
2025-12-19,614.8043212891,70.9651870728,41.7526168823,81.7099990845,85.2652435303,89.4621124268,54.1100006104
2025-12-22,617.7513427734,71.5844497681,41.9075355530,83.5899963379,85.0802001953,89.4621124268,54.9900016785
2025-12-23,620.6444702148,72.2736282349,42.0555458069,84.6800003052,85.2165451050,89.4621124268,54.9199981689
2025-12-24,622.4602661133,72.6662902832,42.2430343628,84.3399963379,85.7327194214,89.4914932251,54.9300003052
2025-12-26,622.4202880859,72.6163253784,42.2134284973,85.3399963379,85.4502792358,89.5209121704,55.0000000000
2025-12-29,619.4074096680,71.8969497681,42.2923698425,81.6100006104,85.7716827393,89.5209121704,55.3699989319
2025-12-30,617.9707641602,71.5472640991,42.3910446167,81.7099990845,85.5671463013,89.5307083130,55.6899986267
2025-12-31,612.8628540039,70.3483200073,42.1246223450,81.1699981689,84.8854217529,89.5404891968,55.3800010681
2026-01-02,611.6757202148,70.0385818481,42.6081314087,81.5599975586,84.7588119507,89.5796890259,55.8199996948
2026-01-05,616.5341796875,71.1376190186,42.1344909668,83.7099990845,85.1775894165,89.5796890259,55.6899986267
2026-01-06,621.9514160156,72.3965148926,42.3417053223,84.6200027466,85.0022888184,89.5895004272,56.0800018311
2026-01-07,622.5500488281,72.5263977051,41.3154792786,83.8099975586,85.4989700317,89.6090850830,55.5400009155
2026-01-08,619.0083618164,71.6871414185,41.4338951111,84.2799987793,85.0704574585,89.6090850830,55.8800010681
2026-01-09,625.1738281250,73.0759201050,41.9470024109,84.8899993896,85.6353149414,89.6286849976,56.3699989319
2026-01-12,625.6925659180,73.2058029175,42.0160827637,86.4899978638,85.3821105957,89.6384963989,56.3400001526
2026-01-13,624.7647705078,72.9460372925,42.2825050354,86.3600006104,85.5281906128,89.6482772827,55.5400009155
2026-01-14,618.0905151367,71.4273605347,42.5982627869,87.2300033569,86.0248870850,89.6580810547,54.8499984741
2026-01-15,620.3153076172,71.8769760132,43.0324363708,86.7099990845,86.0054016113,89.6580810547,55.6500015259
2026-01-16,619.7965087891,71.6871414185,42.8153533936,86.2699966431,85.5087127686,89.6972732544,55.5699996948
2026-01-20,606.6276245117,68.6697845459,42.3910446167,89.5500030518,84.3887252808,89.6972732544,52.2999992371
2026-01-21,614.8282470703,70.4782028198,42.4502525330,90.8700027466,85.0314941406,89.7070846558,54.9599990845
2026-01-22,619.2976684570,71.5472640991,42.1443557739,92.5599975586,85.4015731812,89.7168731689,55.5699996948
2026-01-23,621.2530517578,71.9868774414,41.9963455200,93.7900009155,85.6353149414,89.7462615967,55.0400009155
2026-01-26,623.9866333008,72.5963439941,42.3022384644,95.1800003052,86.0443572998,89.7462615967,55.0600013733
2026-01-27,629.6432495117,73.8952026367,42.8548240662,97.4800033569,85.5087127686,89.7560653687,54.5999984741
2026-01-28,631.7283325195,74.2948532104,42.7561492920,101.2500000000,85.3139266968,89.7658691406,54.4700012207
2026-01-29,627.9472656250,73.4555816650,42.7561492920,101.5699996948,85.3334045410,89.7854690552,54.2200012207
2026-01-30,620.4050903320,71.6471710205,42.6772079468,91.1999969482,84.8561859131,89.8050765991,54.0999984741
2026-02-02,624.6650390625,72.6662902832,42.0555458069,87.5699996948,84.6137542725,89.8188247681,55.3499984741
2026-02-03,615.0676879883,70.3982696533,42.6673393250,93.0299987793,84.8190383911,89.8188247681,54.1699981689
2026-02-04,604.3230590820,67.9204483032,42.5094604492,92.9199981689,84.6039657593,89.8384933472,53.7000007629
2026-02-05,595.6236572266,65.9821472168,42.5291938782,90.5299987793,85.5229492188,89.8384933472,52.0699996948
2026-02-06,608.2138671875,68.7297363281,42.7758827209,93.2399978638,85.5815963745,89.8679656982,53.8699989319
2026-02-09,612.8728637695,69.7688217163,42.9041595459,95.6299972534,85.5620346069,89.8679656982,54.7400016785
2026-02-10,610.0295410156,69.1193923950,43.6146278381,94.7099990845,86.5494461060,89.8777770996,54.1699981689
2026-02-11,611.6657104492,69.4590911865,43.9994621277,95.7600021362,86.0899658203,89.8974533081,54.1599998474
2026-02-12,599.2250976562,66.6315765381,44.6507186890,92.4800033569,87.2337875366,89.8974533081,52.4199981689
2026-02-13,600.5020751953,66.8613739014,45.8841667175,94.7500000000,87.7128295898,89.9367599487,52.0800018311
2026-02-17,599.8834838867,66.7115020752,45.7657546997,91.8199996948,87.8594741821,89.9465942383,52.9599990845
2026-02-18,604.3629150391,67.6906433105,45.0059509277,93.8499984741,87.5270767212,89.9564208984,52.9500007629
2026-02-19,602.0484008789,67.1810913086,45.4993286133,94.1200027466,87.6150588989,89.9564208984,52.3300018311
2026-02-20,607.3758544922,68.3400726318,45.7164154053,95.9499969482,87.4097747803,89.9859008789,52.9500007629
2026-02-23,599.9932250977,66.6915206909,46.0617790222,98.5699996948,87.7323837280,89.9859008789,51.7700004578
2026-02-24,606.4380493164,68.0703125000,46.5748939514,97.1999969482,87.8888092041,90.0055618286,52.7599983215
2026-02-25,615.2272949219,70.0186080933,46.7327728271,96.9700012207,87.8985824585,90.0153808594,53.7999992371
2026-02-26,607.8048095703,68.3800430298,46.5551567078,97.7900009155,88.2505187988,90.0252075195,53.3699989319
2026-02-27,605.8593750000,67.9304275513,47.0978736877,99.0699996948,88.7882156372,90.0448760986,52.2799987793
2026-03-02,606.6575317383,68.0703125000,46.7426414490,100.3799972534,87.8966064453,90.0576858521,51.8899993896
2026-03-03,600.1629028320,66.6215820312,46.4466133118,95.9199981689,87.7200393677,90.0675430298,50.8400001526
2026-03-04,609.3112792969,68.5898590088,46.6439666748,96.6500015259,87.4453964233,90.0774002075,51.7900009155
2026-03-05,607.4755249023,68.2001953125,46.2788696289,95.5199966431,87.0922851562,90.0872421265,49.9799995422
2026-03-06,598.3371582031,66.1320114136,46.1209869385,96.9800033569,86.7685852051,90.1069564819,46.5800018311
2026-03-09,606.3283081055,67.8804779053,46.2295303345,96.7799987793,87.5238723755,90.1167984009,48.9599990845
2026-03-10,606.3383178711,67.8505096436,45.9433708191,97.8499984741,86.5920333862,90.1266708374,47.7200012207
2026-03-11,606.2584838867,67.8405151367,45.5585327148,97.5500030518,85.4738388062,90.1266708374,48.7999992371
2026-03-12,595.8530883789,65.5225448608,45.8841667175,95.6500015259,85.3070755005,90.1463775635,47.0999984741
2026-03-13,592.3213500977,64.7032623291,46.3380699158,94.3799972534,84.8852996826,90.1759262085,46.6800003052
2026-03-16,598.9656982422,66.1320114136,46.6340942383,94.3300018311,85.5424957275,90.1759262085,48.5299987793
2026-03-17,601.8887939453,66.7914276123,46.5058212280,94.0699996948,85.7779006958,90.1857910156,48.7200012207
2026-03-18,593.4986572266,64.8930892944,46.1111183167,91.1200027466,85.2972640991,90.2055053711,46.7799987793
2026-03-19,591.6230468750,64.4734649658,45.9236373901,87.3700027466,85.8171386719,90.2055053711,47.4300003052
2026-03-20,580.6888427734,62.0755691528,44.0586662292,84.6999969482,84.1888809204,90.2350616455,45.7900009155
2026-03-23,587.3545532227,63.5242996216,44.4958724976,82.7799987793,84.7381744385,90.2449188232,46.8699989319
2026-03-24,583.3389282227,62.5851211548,44.8039054871,82.7600021362,84.3654403687,90.2547607422,46.2900009155
2026-03-25,587.1747436523,63.3875846863,44.9628906250,85.2699966431,85.1795654297,90.2449188232,47.0200004578
2026-03-26,573.1600952148,60.3895912170,45.0423851013,82.0899963379,84.4635238647,90.2646179199,45.1899986267
2026-03-27,561.9624633789,58.0111808777,45.3007316589,84.9499969482,84.0025024414,90.2941894531,43.4399986267
2026-03-30,557.6671752930,57.1217765808,45.6286354065,84.9300003052,85.1207122803,90.3040390015,43.6599998474
2026-03-31,576.5463867188,60.9592094421,45.5988273621,88.1600036621,85.0324325562,90.3040390015,45.7999992371
2026-04-01,583.6685791016,62.4482154846,45.8174324036,89.6800003052,84.9487228394,90.3277664185,46.2700004578
2026-04-02,584.3378295898,62.5581359863,46.0459747314,87.9400024414,85.4706726074,90.3475265503,46.2299995422
2026-04-06,587.8540039062,63.3076362610,45.8770523071,87.6100006104,85.3328018188,90.3672866821,46.8800010681
2026-04-07,587.9439086914,63.3476104736,45.9764175415,88.4599990845,85.3229522705,90.3771591187,45.9900016785
2026-04-08,605.4246826172,67.0351486206,46.4831809998,89.0400009155,85.5986862183,90.3771591187,48.2799987793
2026-04-09,609.5202026367,67.9645233154,46.8508377075,89.7200012207,85.3820343018,90.3870544434,49.2999992371
2026-04-10,610.3992309570,68.1444015503,46.6620407104,89.5599975586,85.1752243042,90.4167022705,48.8699989319
2026-04-13,616.7122802734,69.5434646606,46.0956573486,89.2099990845,85.4312820435,90.4167022705,49.8600006104
2026-04-14,627.9099121094,72.0517883301,46.1751518250,91.1800003052,85.8842849731,90.4265823364,50.2599983215
2026-04-15,636.7003173828,74.0604400635,45.7280044556,90.2399978638,85.5100631714,90.4364624023,50.1199989319
2026-04-16,639.7669067383,74.7499847412,46.0559082031,90.1600036621,84.9684219360,90.4463500977,50.1100006104
2026-04-17,648.1376953125,76.6786956787,45.8671150208,91.3399963379,85.7464065552,90.4759979248,50.4500007629
2026-04-20,646.0799560547,76.2189941406,45.4597167969,90.5699996948,85.7267150879,90.4858703613,50.1399993896
2026-04-21,643.6226806641,75.6194000244,44.6647949219,88.0400009155,85.2540054321,90.4957580566,49.6699981689
2026-04-22,654.3908691406,78.1277236938,44.5853004456,89.1900024414,85.4214248657,90.4957580566,49.9900016785
2026-04-23,650.7048950195,77.2483139038,45.7975616455,88.3399963379,85.2343139648,90.5155258179,50.0999984741
2026-04-24,663.1512451172,80.1863403320,45.8869895935,88.7500000000,85.3918838501,90.5352935791,49.7400016785
2026-04-27,663.5008544922,80.2363128662,45.8969230652,88.0699996948,84.9684219360,90.5451736450,50.5800018311
2026-04-28,656.8281860352,78.6173934937,45.9565467834,86.4599990845,85.0570602417,90.5550460815,50.9199981689
2026-04-29,660.8437500000,79.5867462158,45.3901634216,85.5500030518,84.3972320557,90.5550460815,50.4399986267
2026-04-30,667.0069580078,80.9958038330,46.5527381897,86.8499984741,84.3184585571,90.5649337769,51.2299995422
2026-05-01,673.4099731445,82.5447616577,46.2546424866,86.7200012207,84.6199264526,90.5946884155,50.9700012207
2026-05-04,672.1413574219,82.2249755859,46.0757827759,84.9700012207,83.9774398804,90.6145019531,50.5999984741
2026-05-05,680.8617553711,84.3335647583,46.0757827759,85.6900024414,84.4420089722,90.6244125366,50.7700004578
2026-05-06,695.0062255859,87.7912521362,45.4199714661,88.3000030518,85.0844955444,90.6145019531,51.2200012207
2026-05-07,694.1771240234,87.6013870239,44.8337135315,88.4599990845,84.6594619751,90.6343231201,51.3600006104
2026-05-08,710.4492187500,91.6586685181,44.4362525940,88.8700027466,85.0844955444,90.6541519165,51.2099990845
2026-05-11,712.5069580078,92.1983108521,44.8535881042,89.0599975586,84.5705032349,90.6739807129,50.9399986267
2026-05-12,706.4636230469,90.6293563843,44.9032707214,88.7099990845,84.0070877075,90.6838836670,51.4000015259
2026-05-13,713.9254760742,92.4881134033,44.3865699768,88.1900024414,83.8192977905,90.6838836670,50.9799995422
2026-05-14,718.9998168945,93.8372116089,44.6151123047,87.5400009155,83.9379043579,90.7037048340,51.5400009155
2026-05-15,708.1517944336,90.9691238403,43.5916442871,85.5100021362,82.6924819946,90.7235336304,51.3699989319
2026-05-18,705.1051025391,90.1396789551,43.6612014771,85.7600021362,82.5936279297,90.7235336304,51.8699989319
2026-05-19,700.7599487305,89.0703964233,44.0586624146,84.3199996948,82.0598754883,90.7433547974,51.7700004578
2026-05-20,712.3671875000,91.9884490967,44.2275848389,85.5299987793,82.9395828247,90.7631759644,52.2200012207
2026-05-21,713.7256469727,92.3182220459,44.7144775391,85.4300003052,83.2459945679,90.7631759644,53.0699996948
2026-05-22,716.7523193359,93.0377426147,45.0622520447,84.8099975586,83.7006759644,90.7830047607,52.7700004578
2026-05-26,729.4783935547,96.3355407715,45.0423851013,84.8099975586,84.1158218384,90.8028259277,53.5999984741
2026-05-27,728.6492919922,96.1256790161,44.8535881042,83.7300033569,84.3135070801,90.8127365112,54.2200012207
2026-05-28,734.7924804688,97.7246093750,44.3468246460,84.5899963379,84.7484207153,90.8226394653,54.7799987793
2026-05-29,737.4995117188,98.3941574097,44.1381530762,85.4899978638,84.7681961060,90.8523941040,55.1899986267
2026-06-01,741.9246826172,99.5633773804,42.8265304565,84.2699966431,84.8138427734,90.8613357544,54.4900016785
2026-06-02,745.3408813477,100.4627761841,43.6214561462,84.4199981689,84.9924545288,90.8513870239,54.9799995422
2026-06-03,743.3930664062,99.9331283569,43.4326591492,83.5899963379,84.6550674438,90.8712768555,54.8699989319
2026-06-04,739.7969970703,98.9537811279,43.6612014771,84.2799987793,84.8436050415,90.8712768555,55.8499984741
2026-06-05,704.2860107422,89.4801254272,44.0685997009,81.2200012207,84.4069824219,90.9110336304,53.7700004578
2026-06-08,715.2839355469,92.1883087158,43.2438659668,81.3799972534,83.9703674316,90.9209823608,54.3499984741
2026-06-09,707.0529785156,90.0597381592,43.7009468079,80.0699996948,84.4665298462,90.9209823608,53.8699989319
2026-06-10,692.9285278320,86.4521560669,43.7208213806,76.7900009155,84.2283630371,90.9309234619,52.3899993896
2026-06-11,716.3327636719,92.1183624268,43.7705039978,79.1299972534,85.3199310303,90.9408645630,53.5800018311
2026-06-12,720.5481567383,93.3175506592,44.2474555969,79.1900024414,85.1115341187,90.9706802368,54.9000015259
2026-06-15,743.1832885742,99.1136779785,44.4561271667,81.2600021362,85.0619201660,90.9706802368,56.8499984741
2026-06-16,729.0587768555,95.3961639404,44.7740974426,81.5000000000,85.5283126831,90.9806213379,56.7599983215
2026-06-17,721.7168579102,93.4974365234,44.1779022217,79.6399993896,85.6672439575,90.9905700684,55.5299987793
2026-06-18,739.8070068359,97.8445281982,44.4759979248,79.3300018311,86.0840148926,91.0303268433,56.4399986267
2026-06-22,737.9500122070,97.6146850586,44.7200012207,78.8000030518,85.4290771484,91.0303268433,56.5200004578
2026-06-23,713.6500244141,91.1590042114,45.0699996948,77.3300018311,85.5382308960,91.0402755737,55.0000000000
2026-06-24,710.6199951172,90.3700027466,45.5400009155,74.9899978638,86.7091674805,91.0502090454,55.1599998474
2026-06-25,716.3800048828,91.7699966431,45.8499984741,75.7099990845,86.6794052124,91.0601501465,55.6100006104
2026-06-26,706.5200195312,89.1200027466,46.2000007629,76.5599975586,86.6893310547,91.0899734497,55.5299987793
2026-06-29,724.0800170898,93.6800003052,46.0200004578,75.5299987793,86.7786407471,91.0999221802,56.5900001526
2026-06-30,736.4000244141,96.7600021362,45.3400001526,75.5100021362,85.7565383911,91.0999221802,57.2599983215
2026-07-01,725.1699829102,93.9000015259,44.7700004578,75.9599990845,85.1768798828,91.1278381348,57.0900001526
2026-07-02,712.5999755859,90.6100006104,45.7599983215,77.5100021362,85.1669235229,91.1677169800,57.3100013733
2026-07-06,722.8200073242,93.1399993896,45.2999992371,78.3000030518,85.1071548462,91.1577453613,58.0699996948
2026-07-07,709.4299926758,89.6900024414,45.7000007629,77.3700027466,84.2107772827,91.1776809692,57.8300018311
2026-07-08,711.4400024414,90.1399993896,45.3600006104,76.7399978638,84.0215377808,91.1776809692,57.2900009155
2026-07-09,723.2800292969,93.1399993896,45.1300010681,77.5100021362,84.1510086060,91.1876525879,57.9099998474
2026-07-10,725.5100097656,93.6999969482,45.4099998474,77.2600021362,84.1310958862,91.2275390625,58.5400009155
2026-07-13,711.7399902344,90.1299972534,45.7200012207,75.2500000000,83.6331024170,91.2275390625,57.6599998474
2026-07-14,719.6900024414,92.1299972534,45.6899986267,76.2699966431,83.7426605225,91.2375106812,58.0000000000
2026-07-15,717.7399902344,91.6100006104,45.2200012207,76.2799987793,83.9020156860,91.2474746704,58.8300018311
2026-07-16,705.9400024414,88.5699996948,45.4700012207,74.8000030518,83.8721313477,91.2574462891,58.1199989319
2026-07-17,695.3300170898,85.9100036621,45.1699981689,75.5000000000,84.1808853149,91.2773895264,56.5999984741
2026-07-20,696.0599975586,86.0299987793,44.9399986267,75.3499984741,83.5534210205,91.2873535156,57.1300010681
2026-07-21,708.9699707031,89.2300033569,44.9199981689,76.8199996948,83.3243484497,91.2873535156,58.1399993896
2026-07-22,705.3499755859,88.2799987793,45.9300003052,77.6900024414,83.1052246094,91.3073043823,57.7900009155
2026-07-23,691.9600219727,85.0000000000,46.1899986267,76.1500015259,82.8363037109,91.3073043823,56.3400001526
2026-07-24,684.2299804688,83.0000000000,46.2900009155,76.2300033569,82.9159851074,91.3372116089,56.8199996948
2026-07-27,682.1199951172,82.4800033569,45.6800003052,76.7799987793,83.4139785767,91.3471832275,56.9300003052
2026-07-28,675.4899902344,80.8700027466,45.5200004578,75.6999969482,83.9020156860,91.3571472168,57.0999984741
2026-07-29,661.7299804688,77.5800018311,44.9099998474,76.0400009155,82.5175933838,91.3671188354,55.3499984741
2026-07-30,683.5499877930,82.6800003052,44.6599998474,77.3000030518,82.4677963257,91.3770904541,57.2200012207
2026-07-31,687.9899902344,83.6699981689,44.3499984741,76.1699981689,81.9199981689,91.4070053101,58.0600013733
2026-08-03,700.0700073242,86.6200027466,44.3600006104,76.1900024414,82.1900024414,91.4199981689,58.2599983215
2026-08-04,723.8499755859,92.4599990845,44.1100006104,76.6900024414,82.8199996948,91.4199981689,58.1100006104
2026-08-05,717.2999877930,90.8000030518,43.6599998474,79.8499984741,83.0000000000,91.4300003052,59.0699996948
2026-08-06,714.6500244141,90.1299972534,43.3800010681,79.8700027466,82.5199966431,91.4499969482,59.5000000000
2026-08-07,723.0300292969,92.2099990845,43.6100006104,81.6800003052,82.7600021362,91.4800033569,59.3600006104
2026-08-10,720.8699951172,91.6299972534,43.1300010681,82.5100021362,82.0599975586,91.4800033569,59.5000000000
