date,VIX,VIX3M
1990-01-02,17.2400000000,
1990-01-03,18.1900000000,
1990-01-04,19.2200000000,
1990-01-05,20.1100000000,
1990-01-08,20.2600000000,
1990-01-09,22.2000000000,
1990-01-10,22.4400000000,
1990-01-11,20.0500000000,
1990-01-12,24.6400000000,
1990-01-15,26.3400000000,
1990-01-16,24.1800000000,
1990-01-17,24.1600000000,
1990-01-18,24.3400000000,
1990-01-19,22.5000000000,
1990-01-22,26.7000000000,
1990-01-23,24.7200000000,
1990-01-24,25.3900000000,
1990-01-25,25.6300000000,
1990-01-26,26.2800000000,
1990-01-29,26.4400000000,
1990-01-30,27.2500000000,
1990-01-31,25.3600000000,
1990-02-01,24.8700000000,
1990-02-02,24.3200000000,
1990-02-05,24.5400000000,
1990-02-06,24.6900000000,
1990-02-07,24.2900000000,
1990-02-08,23.7700000000,
1990-02-09,23.6900000000,
1990-02-12,24.3800000000,
1990-02-13,23.7600000000,
1990-02-14,22.0500000000,
1990-02-15,19.7100000000,
1990-02-16,20.7800000000,
1990-02-20,22.7800000000,
1990-02-21,23.8900000000,
1990-02-22,22.5400000000,
1990-02-23,23.6900000000,
1990-02-26,23.5600000000,
1990-02-27,22.6900000000,
1990-02-28,21.9900000000,
1990-03-01,21.9000000000,
1990-03-02,21.3400000000,
1990-03-05,22.0300000000,
1990-03-06,20.5500000000,
1990-03-07,19.1000000000,
1990-03-08,19.7400000000,
1990-03-09,20.3000000000,
1990-03-12,20.0700000000,
1990-03-13,21.0500000000,
1990-03-14,19.6500000000,
1990-03-15,18.8100000000,
1990-03-16,17.6200000000,
1990-03-19,18.2900000000,
1990-03-20,19.0600000000,
1990-03-21,20.1000000000,
1990-03-22,22.7400000000,
1990-03-23,20.4600000000,
1990-03-26,19.5900000000,
1990-03-27,21.0100000000,
1990-03-28,19.7700000000,
1990-03-29,18.4600000000,
1990-03-30,19.7300000000,
1990-04-02,22.8400000000,
1990-04-03,20.4400000000,
1990-04-04,22.0300000000,
1990-04-05,21.2100000000,
1990-04-06,21.7600000000,
1990-04-09,22.3000000000,
1990-04-10,21.6900000000,
1990-04-11,17.7300000000,
1990-04-12,19.8000000000,
1990-04-16,20.7500000000,
1990-04-17,20.3800000000,
1990-04-18,22.6700000000,
1990-04-19,22.4600000000,
1990-04-20,23.3300000000,
1990-04-23,24.1600000000,
1990-04-24,21.7000000000,
1990-04-25,20.8600000000,
1990-04-26,20.2500000000,
1990-04-27,22.1900000000,
1990-04-30,19.5200000000,
1990-05-01,18.4300000000,
1990-05-02,19.3200000000,
1990-05-03,17.8100000000,
1990-05-04,17.2800000000,
1990-05-07,17.6500000000,
1990-05-08,18.4900000000,
1990-05-09,18.6400000000,
1990-05-10,18.5900000000,
1990-05-11,19.8100000000,
1990-05-14,20.1400000000,
1990-05-15,19.4900000000,
1990-05-16,17.7100000000,
1990-05-17,17.2700000000,
1990-05-18,17.2000000000,
1990-05-21,16.7200000000,
1990-05-22,17.8400000000,
1990-05-23,17.1800000000,
1990-05-24,17.7000000000,
1990-05-25,17.3200000000,
1990-05-29,18.7500000000,
1990-05-30,17.4400000000,
1990-05-31,17.3700000000,
1990-06-01,17.0900000000,
1990-06-04,18.3900000000,
1990-06-05,18.9700000000,
1990-06-06,17.4200000000,
1990-06-07,16.8800000000,
1990-06-08,17.5800000000,
1990-06-11,16.3400000000,
1990-06-12,16.6000000000,
1990-06-13,17.3800000000,
1990-06-14,17.4000000000,
1990-06-15,15.9000000000,
1990-06-18,17.7100000000,
1990-06-19,15.2300000000,
1990-06-20,15.2700000000,
1990-06-21,14.7200000000,
1990-06-22,19.3600000000,
1990-06-25,17.0600000000,
1990-06-26,16.2900000000,
1990-06-27,16.0000000000,
1990-06-28,16.1800000000,
1990-06-29,15.5000000000,
1990-07-02,16.2600000000,
1990-07-03,16.1100000000,
1990-07-05,17.2500000000,
1990-07-06,16.4100000000,
1990-07-09,16.6600000000,
1990-07-10,16.9200000000,
1990-07-11,16.6800000000,
1990-07-12,17.0600000000,
1990-07-13,17.0900000000,
1990-07-16,16.7500000000,
1990-07-17,16.6600000000,
1990-07-18,18.9000000000,
1990-07-19,18.5600000000,
1990-07-20,15.6300000000,
1990-07-23,23.6800000000,
1990-07-24,21.7900000000,
1990-07-25,20.1900000000,
1990-07-26,20.2600000000,
1990-07-27,21.1200000000,
1990-07-30,21.1600000000,
1990-07-31,21.1100000000,
1990-08-01,21.6400000000,
1990-08-02,20.4300000000,
1990-08-03,28.7400000000,
1990-08-06,35.9100000000,
1990-08-07,32.7500000000,
1990-08-08,28.2700000000,
1990-08-09,24.3900000000,
1990-08-10,25.7500000000,
1990-08-13,25.7400000000,
1990-08-14,24.1800000000,
1990-08-15,23.3100000000,
1990-08-16,27.1600000000,
1990-08-17,27.5300000000,
1990-08-20,26.4600000000,
1990-08-21,28.9000000000,
1990-08-22,30.5500000000,
1990-08-23,36.4700000000,
1990-08-24,33.9300000000,
1990-08-27,29.6300000000,
1990-08-28,29.1200000000,
1990-08-29,27.3800000000,
1990-08-30,29.8900000000,
1990-08-31,29.9000000000,
1990-09-04,29.5800000000,
1990-09-05,28.5200000000,
1990-09-06,30.1900000000,
1990-09-07,28.7300000000,
1990-09-10,29.3400000000,
1990-09-11,28.3800000000,
1990-09-12,28.1200000000,
1990-09-13,29.3300000000,
1990-09-14,30.5600000000,
1990-09-17,29.5500000000,
1990-09-18,28.8200000000,
1990-09-19,27.8800000000,
1990-09-20,28.6600000000,
1990-09-21,30.0400000000,
1990-09-24,30.5600000000,
1990-09-25,28.8100000000,
1990-09-26,28.1900000000,
1990-09-27,28.6700000000,
1990-09-28,29.1100000000,
1990-10-01,28.0600000000,
1990-10-02,27.2800000000,
1990-10-03,27.9000000000,
1990-10-04,27.5100000000,
1990-10-05,27.8500000000,
1990-10-08,28.0400000000,
1990-10-09,30.7100000000,
1990-10-10,31.1900000000,
1990-10-11,33.9800000000,
1990-10-12,31.9400000000,
1990-10-15,31.6400000000,
1990-10-16,31.4500000000,
1990-10-17,31.3700000000,
1990-10-18,29.6000000000,
1990-10-19,27.8600000000,
1990-10-22,27.2700000000,
1990-10-23,27.5700000000,
1990-10-24,28.2800000000,
1990-10-25,29.0400000000,
1990-10-26,30.7500000000,
1990-10-29,31.5400000000,
1990-10-30,30.5200000000,
1990-10-31,30.0400000000,
1990-11-01,30.2500000000,
1990-11-02,30.0300000000,
1990-11-05,29.8500000000,
1990-11-06,29.1100000000,
1990-11-07,30.8700000000,
1990-11-08,30.7900000000,
1990-11-09,26.9600000000,
1990-11-12,25.6000000000,
1990-11-13,24.5800000000,
1990-11-14,22.8900000000,
1990-11-15,22.5700000000,
1990-11-16,21.3400000000,
1990-11-19,20.9500000000,
1990-11-20,20.0900000000,
1990-11-21,21.0900000000,
1990-11-23,20.9800000000,
1990-11-26,22.7600000000,
1990-11-27,22.8600000000,
1990-11-28,22.9600000000,
1990-11-29,23.9100000000,
1990-11-30,22.1600000000,
1990-12-03,22.2900000000,
1990-12-04,22.0300000000,
1990-12-05,20.9400000000,
1990-12-06,22.6200000000,
1990-12-07,22.5900000000,
1990-12-10,23.5800000000,
1990-12-11,23.7500000000,
1990-12-12,21.2800000000,
1990-12-13,23.0500000000,
1990-12-14,23.8500000000,
1990-12-17,24.8500000000,
1990-12-18,23.1100000000,
1990-12-19,23.0800000000,
1990-12-20,23.1300000000,
1990-12-21,22.6600000000,
1990-12-24,24.0300000000,
1990-12-26,24.1800000000,
1990-12-27,24.8100000000,
1990-12-28,25.0500000000,
1990-12-31,26.3800000000,
1991-01-02,26.6200000000,
1991-01-03,27.9300000000,
1991-01-04,27.1900000000,
1991-01-07,28.9500000000,
1991-01-08,30.3800000000,
1991-01-09,33.3000000000,
1991-01-10,31.3300000000,
1991-01-11,32.6300000000,
1991-01-14,36.2000000000,
1991-01-15,36.1600000000,
1991-01-16,33.2000000000,
1991-01-17,27.4500000000,
1991-01-18,25.3900000000,
1991-01-21,24.3300000000,
1991-01-22,24.9000000000,
1991-01-23,23.9200000000,
1991-01-24,22.8600000000,
1991-01-25,22.2000000000,
1991-01-28,23.0500000000,
1991-01-29,23.1700000000,
1991-01-30,21.3700000000,
1991-01-31,20.9100000000,
1991-02-01,21.0400000000,
1991-02-04,21.8600000000,
1991-02-05,21.4600000000,
1991-02-06,22.6800000000,
1991-02-07,23.6000000000,
1991-02-08,23.3800000000,
1991-02-11,22.5600000000,
1991-02-12,22.2600000000,
1991-02-13,20.8600000000,
1991-02-14,21.4800000000,
1991-02-15,19.5700000000,
1991-02-19,19.8400000000,
1991-02-20,22.2600000000,
1991-02-21,20.7800000000,
1991-02-22,21.0100000000,
1991-02-25,22.8600000000,
1991-02-26,20.3800000000,
1991-02-27,21.2600000000,
1991-02-28,21.2300000000,
1991-03-04,20.8600000000,
1991-03-05,20.4500000000,
1991-03-06,20.5500000000,
1991-03-07,21.0500000000,
1991-03-08,20.8100000000,
1991-03-11,20.8800000000,
1991-03-12,18.8200000000,
1991-03-13,16.0900000000,
1991-03-14,14.9400000000,
1991-03-15,14.9000000000,
1991-03-18,15.7900000000,
1991-03-19,16.1100000000,
1991-03-20,16.0400000000,
1991-03-21,16.8600000000,
1991-03-22,16.4900000000,
1991-03-25,16.7600000000,
1991-03-26,16.3100000000,
1991-03-27,16.5500000000,
1991-03-28,16.8800000000,
1991-04-01,17.4200000000,
1991-04-02,17.4000000000,
1991-04-03,17.6100000000,
1991-04-04,18.0100000000,
1991-04-05,17.6300000000,
1991-04-08,17.4100000000,
1991-04-09,20.1200000000,
1991-04-10,19.7300000000,
1991-04-11,17.2400000000,
1991-04-12,18.4500000000,
1991-04-15,16.5000000000,
1991-04-16,15.8200000000,
1991-04-17,15.4700000000,
1991-04-18,16.2600000000,
1991-04-19,15.6800000000,
1991-04-22,16.7800000000,
1991-04-23,17.0200000000,
1991-04-24,16.7200000000,
1991-04-25,17.1500000000,
1991-04-26,17.2700000000,
1991-04-29,18.2700000000,
1991-04-30,18.2400000000,
1991-05-01,17.7700000000,
1991-05-02,17.5200000000,
1991-05-03,17.2400000000,
1991-05-06,17.9200000000,
1991-05-07,17.4600000000,
1991-05-08,17.7800000000,
1991-05-09,17.1700000000,
1991-05-10,17.5400000000,
1991-05-13,17.6600000000,
1991-05-14,18.0000000000,
1991-05-15,18.3800000000,
1991-05-16,17.2400000000,
1991-05-17,16.6400000000,
1991-05-20,17.1000000000,
1991-05-21,16.0700000000,
1991-05-22,16.1600000000,
1991-05-23,16.1100000000,
1991-05-24,15.2300000000,
1991-05-28,15.6700000000,
1991-05-29,15.9000000000,
1991-05-30,16.0200000000,
1991-05-31,15.9300000000,
1991-06-03,16.8700000000,
1991-06-04,16.1700000000,
1991-06-05,16.4000000000,
1991-06-06,16.9300000000,
1991-06-07,16.9800000000,
1991-06-10,17.4700000000,
1991-06-11,17.3200000000,
1991-06-12,17.7200000000,
1991-06-13,16.9900000000,
1991-06-14,15.9800000000,
1991-06-17,15.5000000000,
1991-06-18,16.1400000000,
1991-06-19,17.4400000000,
1991-06-20,16.7500000000,
1991-06-21,16.5100000000,
1991-06-24,18.2800000000,
1991-06-25,17.8500000000,
1991-06-26,17.9800000000,
1991-06-27,17.8700000000,
1991-06-28,19.5500000000,
1991-07-01,18.6400000000,
1991-07-02,17.6300000000,
1991-07-03,19.4700000000,
1991-07-05,18.3500000000,
1991-07-08,20.2900000000,
1991-07-09,19.7600000000,
1991-07-10,19.1900000000,
1991-07-11,17.3900000000,
1991-07-12,18.2900000000,
1991-07-15,17.7800000000,
1991-07-16,17.4900000000,
1991-07-17,17.5200000000,
1991-07-18,15.7700000000,
1991-07-19,15.5000000000,
1991-07-22,16.9000000000,
1991-07-23,16.5800000000,
1991-07-24,16.4100000000,
1991-07-25,15.7400000000,
1991-07-26,15.4500000000,
1991-07-29,15.6700000000,
1991-07-30,15.4700000000,
1991-07-31,15.1800000000,
1991-08-01,15.4700000000,
1991-08-02,15.2600000000,
1991-08-05,15.9200000000,
1991-08-06,15.5400000000,
1991-08-07,15.5600000000,
1991-08-08,15.9800000000,
1991-08-09,15.4500000000,
1991-08-12,15.2600000000,
1991-08-13,14.7300000000,
1991-08-14,15.0900000000,
1991-08-15,15.1900000000,
1991-08-16,16.0100000000,
1991-08-19,21.1900000000,
1991-08-20,18.8600000000,
1991-08-21,15.6200000000,
1991-08-22,14.5900000000,
1991-08-23,14.4100000000,
1991-08-26,14.8100000000,
1991-08-27,15.4600000000,
1991-08-28,15.3100000000,
1991-08-29,14.8200000000,
1991-08-30,14.4600000000,
1991-09-03,16.5700000000,
1991-09-04,17.1800000000,
1991-09-05,17.3100000000,
1991-09-06,16.7600000000,
1991-09-09,17.7300000000,
1991-09-10,18.2200000000,
1991-09-11,17.9600000000,
1991-09-12,16.2100000000,
1991-09-13,17.8800000000,
1991-09-16,17.8200000000,
1991-09-17,17.6800000000,
1991-09-18,17.5600000000,
1991-09-19,17.5600000000,
1991-09-20,17.0800000000,
1991-09-23,16.3800000000,
1991-09-24,16.0400000000,
1991-09-25,15.6800000000,
1991-09-26,15.3500000000,
1991-09-27,16.3100000000,
1991-09-30,15.8500000000,
1991-10-01,14.8100000000,
1991-10-02,15.8100000000,
1991-10-03,17.0400000000,
1991-10-04,15.6300000000,
1991-10-07,18.5800000000,
1991-10-08,17.8100000000,
1991-10-09,18.5400000000,
1991-10-10,17.8000000000,
1991-10-11,17.6000000000,
1991-10-14,16.7100000000,
1991-10-15,16.2200000000,
1991-10-16,14.8500000000,
1991-10-17,16.3200000000,
1991-10-18,15.8700000000,
1991-10-21,16.6600000000,
1991-10-22,16.5500000000,
1991-10-23,16.2600000000,
1991-10-24,15.6200000000,
1991-10-25,15.7500000000,
1991-10-28,15.4500000000,
1991-10-29,15.5500000000,
1991-10-30,15.4600000000,
1991-10-31,15.4800000000,
1991-11-01,15.6000000000,
1991-11-04,16.3500000000,
1991-11-05,16.4800000000,
1991-11-06,16.4700000000,
1991-11-07,15.9700000000,
1991-11-08,15.4300000000,
1991-11-11,14.8900000000,
1991-11-12,14.0400000000,
1991-11-13,13.9500000000,
1991-11-14,13.9600000000,
1991-11-15,21.1800000000,
1991-11-18,18.2800000000,
1991-11-19,20.3400000000,
1991-11-20,20.4000000000,
1991-11-21,19.1100000000,
1991-11-22,21.2000000000,
1991-11-25,21.9200000000,
1991-11-26,19.8000000000,
1991-11-27,19.8400000000,
1991-11-29,20.2600000000,
1991-12-02,20.1800000000,
1991-12-03,19.7000000000,
1991-12-04,19.5400000000,
1991-12-05,20.1900000000,
1991-12-06,19.0400000000,
1991-12-09,19.7400000000,
1991-12-10,19.8900000000,
1991-12-11,20.5700000000,
1991-12-12,19.0800000000,
1991-12-13,17.8800000000,
1991-12-16,17.6200000000,
1991-12-17,18.1200000000,
1991-12-18,17.7800000000,
1991-12-19,17.9600000000,
1991-12-20,17.6500000000,
1991-12-23,16.6100000000,
1991-12-24,15.6700000000,
1991-12-26,15.4400000000,
1991-12-27,15.7000000000,
1991-12-30,17.6300000000,
1991-12-31,19.3100000000,
1992-01-02,18.9500000000,
1992-01-03,18.7500000000,
1992-01-06,18.9600000000,
1992-01-07,19.2300000000,
1992-01-08,18.7200000000,
1992-01-09,18.9600000000,
1992-01-10,18.4500000000,
1992-01-13,18.0100000000,
1992-01-14,17.0100000000,
1992-01-15,17.3900000000,
1992-01-16,17.6400000000,
1992-01-17,16.3200000000,
1992-01-20,16.4200000000,
1992-01-21,17.9200000000,
1992-01-22,16.7500000000,
1992-01-23,16.4600000000,
1992-01-24,16.2400000000,
1992-01-27,16.6700000000,
1992-01-28,17.6700000000,
1992-01-29,17.6200000000,
1992-01-30,17.4900000000,
1992-01-31,17.4000000000,
1992-02-03,18.2000000000,
1992-02-04,17.9600000000,
1992-02-05,18.2200000000,
1992-02-06,18.7900000000,
1992-02-07,18.5100000000,
1992-02-10,18.5600000000,
1992-02-11,17.7000000000,
1992-02-12,17.3700000000,
1992-02-13,17.4500000000,
1992-02-14,17.0300000000,
1992-02-18,18.2200000000,
1992-02-19,17.1600000000,
1992-02-20,16.7200000000,
1992-02-21,16.8700000000,
1992-02-24,17.1300000000,
1992-02-25,16.3500000000,
1992-02-26,16.6400000000,
1992-02-27,16.5100000000,
1992-02-28,16.6800000000,
1992-03-02,16.8800000000,
1992-03-03,17.2600000000,
1992-03-04,17.8900000000,
1992-03-05,18.4700000000,
1992-03-06,19.7500000000,
1992-03-09,19.6800000000,
1992-03-10,18.6800000000,
1992-03-11,19.7900000000,
1992-03-12,19.7200000000,
1992-03-13,18.3500000000,
1992-03-16,18.4600000000,
1992-03-17,16.7900000000,
1992-03-18,16.6900000000,
1992-03-19,16.5200000000,
1992-03-20,16.8200000000,
1992-03-23,16.7300000000,
1992-03-24,16.3200000000,
1992-03-25,16.1900000000,
1992-03-26,16.2900000000,
1992-03-27,16.0200000000,
1992-03-30,15.9700000000,
1992-03-31,16.1800000000,
1992-04-01,16.4800000000,
1992-04-02,17.0600000000,
1992-04-03,16.7200000000,
1992-04-06,16.7200000000,
1992-04-07,18.8100000000,
1992-04-08,20.1500000000,
1992-04-09,17.8900000000,
1992-04-10,16.8500000000,
1992-04-13,16.9900000000,
1992-04-14,15.9800000000,
1992-04-15,15.1500000000,
1992-04-16,14.8500000000,
1992-04-20,15.9300000000,
1992-04-21,16.5300000000,
1992-04-22,15.9600000000,
1992-04-23,15.8300000000,
1992-04-24,15.7100000000,
1992-04-27,16.4900000000,
1992-04-28,16.2400000000,
1992-04-29,15.9500000000,
1992-04-30,15.5300000000,
1992-05-01,16.6100000000,
1992-05-04,16.9200000000,
1992-05-05,16.6600000000,
1992-05-06,16.8100000000,
1992-05-07,16.5400000000,
1992-05-08,15.6500000000,
1992-05-11,15.1700000000,
1992-05-12,15.6800000000,
1992-05-13,15.1900000000,
1992-05-14,15.4900000000,
1992-05-15,14.8200000000,
1992-05-18,14.6200000000,
1992-05-19,13.5700000000,
1992-05-20,13.6200000000,
1992-05-21,13.9200000000,
1992-05-22,13.7300000000,
1992-05-26,14.9200000000,
1992-05-27,13.9900000000,
1992-05-28,13.7700000000,
1992-05-29,13.8600000000,
1992-06-01,14.4300000000,
1992-06-02,14.5700000000,
1992-06-03,14.3500000000,
1992-06-04,13.6600000000,
1992-06-05,14.6500000000,
1992-06-08,15.1900000000,
1992-06-09,15.9700000000,
1992-06-10,16.6200000000,
1992-06-11,16.2900000000,
1992-06-12,14.9500000000,
1992-06-15,14.7600000000,
1992-06-16,15.2200000000,
1992-06-17,18.0800000000,
1992-06-18,18.2000000000,
1992-06-19,16.3100000000,
1992-06-22,16.6600000000,
1992-06-23,14.5300000000,
1992-06-24,14.4000000000,
1992-06-25,14.4000000000,
1992-06-26,14.6700000000,
1992-06-29,13.2100000000,
1992-06-30,13.3500000000,
1992-07-01,13.3400000000,
1992-07-02,13.8800000000,
1992-07-06,14.8700000000,
1992-07-07,15.8300000000,
1992-07-08,15.5300000000,
1992-07-09,14.6000000000,
1992-07-10,13.7000000000,
1992-07-13,14.0100000000,
1992-07-14,13.5000000000,
1992-07-15,12.5200000000,
1992-07-16,12.2700000000,
1992-07-17,12.6000000000,
1992-07-20,12.6600000000,
1992-07-21,12.6000000000,
1992-07-22,13.5700000000,
1992-07-23,13.3300000000,
1992-07-24,13.3700000000,
1992-07-27,13.9000000000,
1992-07-28,13.0500000000,
1992-07-29,13.4400000000,
1992-07-30,13.5000000000,
1992-07-31,13.1700000000,
1992-08-03,13.8300000000,
1992-08-04,13.5800000000,
1992-08-05,13.8200000000,
1992-08-06,14.2300000000,
1992-08-07,13.9400000000,
1992-08-10,14.5100000000,
1992-08-11,15.0900000000,
1992-08-12,14.8800000000,
1992-08-13,15.3400000000,
1992-08-14,14.6600000000,
1992-08-17,14.6100000000,
1992-08-18,13.8400000000,
1992-08-19,14.3500000000,
1992-08-20,14.4800000000,
1992-08-21,15.0100000000,
1992-08-24,16.1900000000,
1992-08-25,15.6200000000,
1992-08-26,14.5000000000,
1992-08-27,13.6600000000,
1992-08-28,13.1400000000,
1992-08-31,13.5800000000,
1992-09-01,13.4000000000,
1992-09-02,12.7300000000,
1992-09-03,12.8800000000,
1992-09-04,12.9800000000,
1992-09-08,13.6500000000,
1992-09-09,13.3600000000,
1992-09-10,12.9200000000,
1992-09-11,12.4700000000,
1992-09-14,13.0000000000,
1992-09-15,13.6300000000,
1992-09-16,14.7200000000,
1992-09-17,14.3100000000,
1992-09-18,13.7400000000,
1992-09-21,13.4500000000,
1992-09-22,13.8800000000,
1992-09-23,13.8300000000,
1992-09-24,13.4400000000,
1992-09-25,14.8000000000,
1992-09-28,15.1900000000,
1992-09-29,14.9700000000,
1992-09-30,14.2800000000,
1992-10-01,16.3100000000,
1992-10-02,17.7900000000,
1992-10-05,20.0100000000,
1992-10-06,19.9500000000,
1992-10-07,21.0200000000,
1992-10-08,19.2600000000,
1992-10-09,20.5100000000,
1992-10-12,19.4900000000,
1992-10-13,17.9000000000,
1992-10-14,18.4200000000,
1992-10-15,17.1100000000,
1992-10-16,17.0100000000,
1992-10-19,17.3100000000,
1992-10-20,16.8700000000,
1992-10-21,16.6200000000,
1992-10-22,15.8400000000,
1992-10-23,16.4600000000,
1992-10-26,16.3200000000,
1992-10-27,16.2400000000,
1992-10-28,15.9500000000,
1992-10-29,15.4700000000,
1992-10-30,16.1500000000,
1992-11-02,16.6700000000,
1992-11-03,17.3300000000,
1992-11-04,16.2800000000,
1992-11-05,15.3800000000,
1992-11-06,14.6900000000,
1992-11-09,14.2300000000,
1992-11-10,14.3700000000,
1992-11-11,13.9900000000,
1992-11-12,14.3700000000,
1992-11-13,14.6100000000,
1992-11-16,14.8600000000,
1992-11-17,15.0100000000,
1992-11-18,14.5500000000,
1992-11-19,14.3300000000,
1992-11-20,13.6700000000,
1992-11-23,13.4000000000,
1992-11-24,12.6600000000,
1992-11-25,12.5000000000,
1992-11-27,12.5800000000,
1992-11-30,13.0100000000,
1992-12-01,12.8000000000,
1992-12-02,12.5600000000,
1992-12-03,12.0300000000,
1992-12-04,11.8100000000,
1992-12-07,12.0000000000,
1992-12-08,11.7300000000,
1992-12-09,12.5800000000,
1992-12-10,12.7500000000,
1992-12-11,12.3400000000,
1992-12-14,12.6600000000,
1992-12-15,12.4100000000,
1992-12-16,12.5800000000,
1992-12-17,12.1400000000,
1992-12-18,11.6600000000,
1992-12-21,11.6500000000,
1992-12-22,11.7500000000,
1992-12-23,11.5100000000,
1992-12-24,11.5700000000,
1992-12-28,12.2200000000,
1992-12-29,12.2900000000,
1992-12-30,12.6000000000,
1992-12-31,12.5700000000,
1993-01-04,13.3600000000,
1993-01-05,13.3500000000,
1993-01-06,13.3700000000,
1993-01-07,14.7200000000,
1993-01-08,13.7700000000,
1993-01-11,12.8600000000,
1993-01-12,12.7800000000,
1993-01-13,12.4200000000,
1993-01-14,11.9900000000,
1993-01-15,11.5700000000,
1993-01-18,11.4900000000,
1993-01-19,12.0600000000,
1993-01-20,12.1500000000,
1993-01-21,11.6900000000,
1993-01-22,11.3000000000,
1993-01-25,11.3800000000,
1993-01-26,11.4500000000,
1993-01-27,12.0100000000,
1993-01-28,12.0400000000,
1993-01-29,12.4200000000,
1993-02-01,12.3300000000,
1993-02-02,12.2500000000,
1993-02-03,12.1200000000,
1993-02-04,12.2900000000,
1993-02-05,12.9000000000,
1993-02-08,13.2200000000,
1993-02-09,13.4800000000,
1993-02-10,13.4300000000,
1993-02-11,12.6900000000,
1993-02-12,12.3800000000,
1993-02-16,15.7600000000,
1993-02-17,15.9000000000,
1993-02-18,15.5600000000,
1993-02-19,15.0200000000,
1993-02-22,14.7000000000,
1993-02-23,15.0400000000,
1993-02-24,14.7200000000,
1993-02-25,13.7600000000,
1993-02-26,13.1600000000,
1993-03-01,13.6000000000,
1993-03-02,12.4900000000,
1993-03-03,13.1300000000,
1993-03-04,13.4400000000,
1993-03-05,14.0800000000,
1993-03-08,16.2200000000,
1993-03-09,14.1700000000,
1993-03-10,13.9100000000,
1993-03-11,14.2600000000,
1993-03-12,15.6600000000,
1993-03-15,14.7400000000,
1993-03-16,14.5100000000,
1993-03-17,14.5300000000,
1993-03-18,14.1700000000,
1993-03-19,13.2300000000,
1993-03-22,13.6600000000,
1993-03-23,13.0200000000,
1993-03-24,12.4400000000,
1993-03-25,12.0800000000,
1993-03-26,12.2100000000,
1993-03-29,12.6300000000,
1993-03-30,12.2300000000,
1993-03-31,12.5300000000,
1993-04-01,13.0200000000,
1993-04-02,14.5000000000,
1993-04-05,14.1200000000,
1993-04-06,14.2400000000,
1993-04-07,13.6400000000,
1993-04-08,12.8300000000,
1993-04-12,11.9300000000,
1993-04-13,11.7000000000,
1993-04-14,11.7600000000,
1993-04-15,10.9600000000,
1993-04-16,11.2900000000,
1993-04-19,12.0600000000,
1993-04-20,11.9400000000,
1993-04-21,12.1100000000,
1993-04-22,12.6800000000,
1993-04-23,13.3600000000,
1993-04-26,15.2500000000,
1993-04-27,13.9300000000,
1993-04-28,13.1200000000,
1993-04-29,12.8000000000,
1993-04-30,12.4200000000,
1993-05-03,12.9000000000,
1993-05-04,12.1400000000,
1993-05-05,12.3800000000,
1993-05-06,13.2200000000,
1993-05-07,13.0100000000,
1993-05-10,13.7200000000,
1993-05-11,13.3500000000,
1993-05-12,13.5600000000,
1993-05-13,14.7600000000,
1993-05-14,14.3900000000,
1993-05-17,14.1300000000,
1993-05-18,14.1900000000,
1993-05-19,14.2900000000,
1993-05-20,13.9800000000,
1993-05-21,14.5100000000,
1993-05-24,14.1000000000,
1993-05-25,14.0400000000,
1993-05-26,12.8800000000,
1993-05-27,13.1000000000,
1993-05-28,13.4700000000,
1993-06-01,13.6700000000,
1993-06-02,13.4800000000,
1993-06-03,13.5400000000,
1993-06-04,12.8600000000,
1993-06-07,14.0700000000,
1993-06-08,14.7400000000,
1993-06-09,13.9600000000,
1993-06-10,13.3100000000,
1993-06-11,12.7100000000,
1993-06-14,12.3300000000,
1993-06-15,11.9900000000,
1993-06-16,11.8700000000,
1993-06-17,11.6600000000,
1993-06-18,12.2400000000,
1993-06-21,12.2500000000,
1993-06-22,11.6500000000,
1993-06-23,12.0400000000,
1993-06-24,12.2500000000,
1993-06-25,11.2500000000,
1993-06-28,11.1100000000,
1993-06-29,11.2900000000,
1993-06-30,11.2600000000,
1993-07-01,11.5100000000,
1993-07-02,11.3300000000,
1993-07-06,13.8700000000,
1993-07-07,13.0500000000,
1993-07-08,12.2400000000,
1993-07-09,10.8000000000,
1993-07-12,10.8500000000,
1993-07-13,11.0200000000,
1993-07-14,10.7800000000,
1993-07-15,10.6000000000,
1993-07-16,10.9600000000,
1993-07-19,11.4600000000,
1993-07-20,11.0500000000,
1993-07-21,11.9700000000,
1993-07-22,11.6900000000,
1993-07-23,11.3200000000,
1993-07-26,11.3200000000,
1993-07-27,11.3400000000,
1993-07-28,11.3700000000,
1993-07-29,11.2500000000,
1993-07-30,11.7300000000,
1993-08-02,11.4700000000,
1993-08-03,11.4900000000,
1993-08-04,11.7100000000,
1993-08-05,12.0300000000,
1993-08-06,12.3300000000,
1993-08-09,12.3900000000,
1993-08-10,12.3100000000,
1993-08-11,12.0700000000,
1993-08-12,12.3800000000,
1993-08-13,12.1900000000,
1993-08-16,12.0100000000,
1993-08-17,11.5900000000,
1993-08-18,11.5200000000,
1993-08-19,11.6300000000,
1993-08-20,11.6200000000,
1993-08-23,12.1500000000,
1993-08-24,11.8000000000,
1993-08-25,12.1000000000,
1993-08-26,12.1400000000,
1993-08-27,11.9100000000,
1993-08-30,11.7400000000,
1993-08-31,11.8500000000,
1993-09-01,11.4800000000,
1993-09-02,11.8700000000,
1993-09-03,11.1600000000,
1993-09-07,12.9000000000,
1993-09-08,13.2400000000,
1993-09-09,12.6700000000,
1993-09-10,11.7000000000,
1993-09-13,12.1600000000,
1993-09-14,13.1500000000,
1993-09-15,12.7000000000,
1993-09-16,13.3600000000,
1993-09-17,13.3900000000,
1993-09-20,14.6000000000,
1993-09-21,17.3000000000,
1993-09-22,13.7500000000,
1993-09-23,13.3600000000,
1993-09-24,12.4700000000,
1993-09-27,12.4900000000,
1993-09-28,12.1900000000,
1993-09-29,12.6300000000,
1993-09-30,12.9900000000,
1993-10-01,11.8300000000,
1993-10-04,12.8500000000,
1993-10-05,12.9700000000,
1993-10-06,12.6800000000,
1993-10-07,13.1400000000,
1993-10-08,12.0400000000,
1993-10-11,12.2600000000,
1993-10-12,12.4100000000,
1993-10-13,11.3800000000,
1993-10-14,11.0000000000,
1993-10-15,10.8700000000,
1993-10-18,11.3300000000,
1993-10-19,11.6100000000,
1993-10-20,11.3200000000,
1993-10-21,11.2000000000,
1993-10-22,11.4800000000,
1993-10-25,11.8300000000,
1993-10-26,11.8300000000,
1993-10-27,12.0100000000,
1993-10-28,11.8800000000,
1993-10-29,11.4600000000,
1993-11-01,11.7800000000,
1993-11-02,11.7400000000,
1993-11-03,13.2600000000,
1993-11-04,14.6800000000,
1993-11-05,14.9700000000,
1993-11-08,14.3100000000,
1993-11-09,13.9400000000,
1993-11-10,13.7200000000,
1993-11-11,13.8800000000,
1993-11-12,13.3300000000,
1993-11-15,14.4600000000,
1993-11-16,15.1100000000,
1993-11-17,15.5700000000,
1993-11-18,14.6500000000,
1993-11-19,15.0300000000,
1993-11-22,15.9000000000,
1993-11-23,14.2700000000,
1993-11-24,13.5100000000,
1993-11-26,13.7700000000,
1993-11-29,14.1200000000,
1993-11-30,13.7600000000,
1993-12-01,13.8300000000,
1993-12-02,13.5100000000,
1993-12-03,12.6900000000,
1993-12-06,12.8400000000,
1993-12-07,12.4100000000,
1993-12-08,12.4600000000,
1993-12-09,12.4300000000,
1993-12-10,12.6000000000,
1993-12-13,10.9800000000,
1993-12-14,11.1300000000,
1993-12-15,11.0300000000,
1993-12-16,10.9000000000,
1993-12-17,11.0800000000,
1993-12-20,10.7500000000,
1993-12-21,10.0800000000,
1993-12-22,9.3100000000,
1993-12-23,9.4800000000,
1993-12-27,9.7000000000,
1993-12-28,9.8200000000,
1993-12-29,10.4600000000,
1993-12-30,10.6900000000,
1993-12-31,11.6600000000,
1994-01-03,12.5700000000,
1994-01-04,11.9100000000,
1994-01-05,10.9400000000,
1994-01-06,11.2700000000,
1994-01-07,10.9600000000,
1994-01-10,10.7400000000,
1994-01-11,11.2900000000,
1994-01-12,11.6500000000,
1994-01-13,12.0800000000,
1994-01-14,11.1500000000,
1994-01-17,11.8800000000,
1994-01-18,11.6300000000,
1994-01-19,11.7600000000,
1994-01-20,11.1600000000,
1994-01-21,11.0900000000,
1994-01-24,11.6000000000,
1994-01-25,11.3800000000,
1994-01-26,11.1700000000,
1994-01-27,10.3000000000,
1994-01-28,9.9400000000,
1994-01-31,10.6300000000,
1994-02-01,10.6500000000,
1994-02-02,10.6100000000,
1994-02-03,10.7500000000,
1994-02-04,15.2500000000,
1994-02-07,13.9600000000,
1994-02-08,13.6600000000,
1994-02-09,13.3000000000,
1994-02-10,14.2400000000,
1994-02-11,14.4600000000,
1994-02-14,14.2800000000,
1994-02-15,13.4000000000,
1994-02-16,13.1300000000,
1994-02-17,13.7900000000,
1994-02-18,14.7000000000,
1994-02-22,13.5200000000,
1994-02-23,13.9100000000,
1994-02-24,15.9600000000,
1994-02-25,14.8000000000,
1994-02-28,14.8700000000,
1994-03-01,15.8300000000,
1994-03-02,16.0800000000,
1994-03-03,16.3600000000,
1994-03-04,16.0000000000,
1994-03-07,14.2600000000,
1994-03-08,16.2300000000,
1994-03-09,14.4100000000,
1994-03-10,16.5500000000,
1994-03-11,14.8700000000,
1994-03-14,16.6100000000,
1994-03-15,14.7800000000,
1994-03-16,14.5100000000,
1994-03-17,12.7600000000,
1994-03-18,13.3200000000,
1994-03-21,14.3400000000,
1994-03-22,13.3900000000,
1994-03-23,12.3100000000,
1994-03-24,13.4300000000,
1994-03-25,13.6700000000,
1994-03-28,14.9000000000,
1994-03-29,16.4900000000,
1994-03-30,18.5900000000,
1994-03-31,20.4500000000,
1994-04-04,23.8700000000,
1994-04-05,18.1300000000,
1994-04-06,17.3800000000,
1994-04-07,16.9800000000,
1994-04-08,16.9200000000,
1994-04-11,16.6100000000,
1994-04-12,16.4200000000,
1994-04-13,17.0200000000,
1994-04-14,16.2700000000,
1994-04-15,15.9800000000,
1994-04-18,17.2200000000,
1994-04-19,16.9300000000,
1994-04-20,17.0100000000,
1994-04-21,14.9300000000,
1994-04-22,14.9400000000,
1994-04-25,14.2600000000,
1994-04-26,13.8000000000,
1994-04-28,14.5100000000,
1994-04-29,13.7700000000,
1994-05-02,14.1100000000,
1994-05-03,13.8100000000,
1994-05-04,14.2900000000,
1994-05-05,14.5600000000,
1994-05-06,15.0800000000,
1994-05-09,16.1600000000,
1994-05-10,15.1900000000,
1994-05-11,15.5500000000,
1994-05-12,15.4600000000,
1994-05-13,14.5400000000,
1994-05-16,14.6700000000,
1994-05-17,14.0800000000,
1994-05-18,12.5500000000,
1994-05-19,12.3300000000,
1994-05-20,12.7900000000,
1994-05-23,13.4900000000,
1994-05-24,12.7300000000,
1994-05-25,12.4300000000,
1994-05-26,12.5000000000,
1994-05-27,12.4900000000,
1994-05-31,13.0300000000,
1994-06-01,12.7200000000,
1994-06-02,12.7300000000,
1994-06-03,12.1900000000,
1994-06-06,13.0300000000,
1994-06-07,13.0500000000,
1994-06-08,13.3200000000,
1994-06-09,13.2100000000,
1994-06-10,12.6900000000,
1994-06-13,11.9200000000,
1994-06-14,11.6000000000,
1994-06-15,11.5200000000,
1994-06-16,11.2200000000,
1994-06-17,12.3100000000,
1994-06-20,13.9600000000,
1994-06-21,14.7000000000,
1994-06-22,14.0200000000,
1994-06-23,14.1200000000,
1994-06-24,16.7200000000,
1994-06-27,15.5300000000,
1994-06-28,15.0400000000,
1994-06-29,14.4200000000,
1994-06-30,14.9700000000,
1994-07-01,14.3600000000,
1994-07-05,14.9200000000,
1994-07-06,14.7000000000,
1994-07-07,14.0100000000,
1994-07-08,13.2600000000,
1994-07-11,13.8300000000,
1994-07-12,13.4000000000,
1994-07-13,12.4200000000,
1994-07-14,11.6400000000,
1994-07-15,11.2800000000,
1994-07-18,11.4400000000,
1994-07-19,11.6500000000,
1994-07-20,11.7000000000,
1994-07-21,11.6500000000,
1994-07-22,11.2200000000,
1994-07-25,11.4600000000,
1994-07-26,11.6600000000,
1994-07-27,11.9300000000,
1994-07-28,12.0300000000,
1994-07-29,11.1300000000,
1994-08-01,11.1700000000,
1994-08-02,11.2700000000,
1994-08-03,11.3500000000,
1994-08-04,12.1800000000,
1994-08-05,12.3400000000,
1994-08-08,12.4100000000,
1994-08-09,12.5400000000,
1994-08-10,11.9100000000,
1994-08-11,12.1300000000,
1994-08-12,11.0900000000,
1994-08-15,12.0600000000,
1994-08-16,11.3900000000,
1994-08-17,11.5400000000,
1994-08-18,12.0700000000,
1994-08-19,12.8300000000,
1994-08-22,12.6200000000,
1994-08-23,11.7500000000,
1994-08-24,11.5700000000,
1994-08-25,12.0200000000,
1994-08-26,12.1900000000,
1994-08-29,11.8200000000,
1994-08-30,11.2300000000,
1994-08-31,11.9700000000,
1994-09-01,11.8600000000,
1994-09-02,11.4000000000,
1994-09-06,11.6900000000,
1994-09-07,11.8100000000,
1994-09-08,11.8600000000,
1994-09-09,13.1200000000,
1994-09-12,14.0100000000,
1994-09-13,13.7700000000,
1994-09-14,13.0900000000,
1994-09-15,11.8800000000,
1994-09-16,12.8000000000,
1994-09-19,13.0600000000,
1994-09-20,14.4500000000,
1994-09-21,14.4900000000,
1994-09-22,13.8900000000,
1994-09-23,14.5300000000,
1994-09-26,14.5600000000,
1994-09-27,14.1300000000,
1994-09-28,13.2500000000,
1994-09-29,13.9700000000,
1994-09-30,14.2800000000,
1994-10-03,15.4400000000,
1994-10-04,16.6600000000,
1994-10-05,15.9200000000,
1994-10-06,16.2400000000,
1994-10-07,14.9200000000,
1994-10-10,14.7200000000,
1994-10-11,13.5500000000,
1994-10-12,14.5100000000,
1994-10-13,14.9000000000,
1994-10-14,13.3200000000,
1994-10-17,14.7600000000,
1994-10-18,14.5900000000,
1994-10-19,15.1300000000,
1994-10-20,15.9900000000,
1994-10-21,15.9100000000,
1994-10-24,16.9700000000,
1994-10-25,16.1300000000,
1994-10-26,15.7000000000,
1994-10-27,15.6700000000,
1994-10-28,14.5600000000,
1994-10-31,14.5600000000,
1994-11-01,14.8400000000,
1994-11-02,15.3400000000,
1994-11-03,15.5800000000,
1994-11-04,16.7500000000,
1994-11-07,17.3700000000,
1994-11-08,16.3000000000,
1994-11-09,16.4200000000,
1994-11-10,16.0000000000,
1994-11-11,16.5000000000,
1994-11-14,16.6800000000,
1994-11-15,16.6600000000,
1994-11-16,15.5600000000,
1994-11-17,15.9100000000,
1994-11-18,16.0000000000,
1994-11-21,16.1300000000,
1994-11-22,17.2400000000,
1994-11-23,18.4100000000,
1994-11-25,17.4400000000,
1994-11-28,16.8300000000,
1994-11-29,16.1500000000,
1994-11-30,15.9500000000,
1994-12-01,16.6900000000,
1994-12-02,16.5500000000,
1994-12-05,16.1000000000,
1994-12-06,16.0500000000,
1994-12-07,16.2800000000,
1994-12-08,18.1500000000,
1994-12-09,16.0400000000,
1994-12-12,15.4600000000,
1994-12-13,14.4800000000,
1994-12-14,13.0300000000,
1994-12-15,12.8700000000,
1994-12-16,12.7900000000,
1994-12-19,13.0200000000,
1994-12-20,12.9800000000,
1994-12-21,12.0500000000,
1994-12-22,12.4200000000,
1994-12-23,11.8200000000,
1994-12-27,12.0700000000,
1994-12-28,12.8100000000,
1994-12-29,12.8600000000,
1994-12-30,13.2000000000,
1995-01-03,14.2500000000,
1995-01-04,13.5300000000,
1995-01-05,13.5000000000,
1995-01-06,13.1300000000,
1995-01-09,13.3300000000,
1995-01-10,12.5200000000,
1995-01-11,12.1500000000,
1995-01-12,12.8300000000,
1995-01-13,11.1000000000,
1995-01-16,11.1400000000,
1995-01-17,11.7900000000,
1995-01-18,11.5700000000,
1995-01-19,11.8600000000,
1995-01-20,12.1500000000,
1995-01-23,12.7900000000,
1995-01-24,11.9400000000,
1995-01-25,11.4600000000,
1995-01-26,11.2500000000,
1995-01-27,11.2500000000,
1995-01-30,12.2600000000,
1995-01-31,11.9600000000,
1995-02-01,11.7300000000,
1995-02-02,11.1300000000,
1995-02-03,10.9800000000,
1995-02-06,11.2200000000,
1995-02-07,11.1700000000,
1995-02-08,11.4200000000,
1995-02-09,11.6300000000,
1995-02-10,11.2800000000,
1995-02-13,11.4100000000,
1995-02-14,11.4300000000,
1995-02-15,11.5200000000,
1995-02-16,11.6100000000,
1995-02-17,11.7100000000,
1995-02-21,12.0500000000,
1995-02-22,11.3900000000,
1995-02-23,11.1500000000,
1995-02-24,10.8400000000,
1995-02-27,12.5100000000,
1995-02-28,11.7500000000,
1995-03-01,11.6500000000,
1995-03-02,12.0200000000,
1995-03-03,11.4500000000,
1995-03-06,12.1700000000,
1995-03-07,14.2200000000,
1995-03-08,13.7200000000,
1995-03-09,13.3600000000,
1995-03-10,12.3800000000,
1995-03-13,12.1500000000,
1995-03-14,12.1000000000,
1995-03-15,12.4200000000,
1995-03-16,11.9500000000,
1995-03-17,11.8000000000,
1995-03-20,11.3400000000,
1995-03-21,11.5300000000,
1995-03-22,11.2900000000,
1995-03-23,11.4300000000,
1995-03-24,11.1900000000,
1995-03-27,11.8300000000,
1995-03-28,11.3300000000,
1995-03-29,12.5100000000,
1995-03-30,12.6200000000,
1995-03-31,13.3700000000,
1995-04-03,13.5000000000,
1995-04-04,12.6200000000,
1995-04-05,12.9600000000,
1995-04-06,12.8100000000,
1995-04-07,12.8500000000,
1995-04-10,12.7900000000,
1995-04-11,12.7300000000,
1995-04-12,12.0400000000,
1995-04-13,11.4800000000,
1995-04-17,12.3300000000,
1995-04-18,12.9600000000,
1995-04-19,13.0900000000,
1995-04-20,12.1000000000,
1995-04-21,11.8600000000,
1995-04-24,11.9200000000,
1995-04-25,12.4100000000,
1995-04-26,12.2800000000,
1995-04-27,11.9300000000,
1995-04-28,11.7500000000,
1995-05-01,12.1400000000,
1995-05-02,11.8800000000,
1995-05-03,11.6900000000,
1995-05-04,12.6400000000,
1995-05-05,12.0600000000,
1995-05-08,12.2200000000,
1995-05-09,12.7500000000,
1995-05-10,13.0800000000,
1995-05-11,12.9800000000,
1995-05-12,11.8400000000,
1995-05-15,12.3800000000,
1995-05-16,12.2000000000,
1995-05-17,12.3600000000,
1995-05-18,13.1300000000,
1995-05-19,12.8100000000,
1995-05-22,11.6800000000,
1995-05-23,11.5500000000,
1995-05-24,11.2600000000,
1995-05-25,11.6300000000,
1995-05-26,12.2000000000,
1995-05-30,12.5200000000,
1995-05-31,12.8500000000,
1995-06-01,12.2100000000,
1995-06-02,12.9800000000,
1995-06-05,13.4500000000,
1995-06-06,13.0000000000,
1995-06-07,12.8400000000,
1995-06-08,12.8900000000,
1995-06-09,12.7600000000,
1995-06-12,11.9100000000,
1995-06-13,11.2900000000,
1995-06-14,11.2900000000,
1995-06-15,11.2300000000,
1995-06-16,10.7500000000,
1995-06-19,11.2100000000,
1995-06-20,11.1600000000,
1995-06-21,11.3200000000,
1995-06-22,11.4400000000,
1995-06-23,11.1200000000,
1995-06-26,11.8000000000,
1995-06-27,12.3700000000,
1995-06-28,11.7400000000,
1995-06-29,11.5900000000,
1995-06-30,11.3800000000,
1995-07-03,11.5700000000,
1995-07-05,12.1000000000,
1995-07-06,11.5200000000,
1995-07-07,11.7700000000,
1995-07-10,12.1900000000,
1995-07-11,12.2500000000,
1995-07-12,12.3100000000,
1995-07-13,12.5600000000,
1995-07-14,12.0800000000,
1995-07-17,12.2600000000,
1995-07-18,12.6800000000,
1995-07-19,13.4900000000,
1995-07-20,12.7800000000,
1995-07-21,12.3700000000,
1995-07-24,12.5500000000,
1995-07-25,12.7700000000,
1995-07-26,13.1800000000,
1995-07-27,13.1800000000,
1995-07-28,13.1800000000,
1995-07-31,13.4900000000,
1995-08-01,13.5600000000,
1995-08-02,13.6600000000,
1995-08-03,13.7800000000,
1995-08-04,13.2100000000,
1995-08-07,13.1000000000,
1995-08-08,13.0600000000,
1995-08-09,12.7500000000,
1995-08-10,13.0000000000,
1995-08-11,12.9000000000,
1995-08-14,13.2400000000,
1995-08-15,12.3500000000,
1995-08-16,12.4500000000,
1995-08-17,12.1300000000,
1995-08-18,12.0300000000,
1995-08-21,13.4200000000,
1995-08-22,12.6000000000,
1995-08-23,13.1700000000,
1995-08-24,12.9400000000,
1995-08-25,12.3300000000,
1995-08-28,12.4800000000,
1995-08-29,12.6500000000,
1995-08-30,12.0300000000,
1995-08-31,11.5200000000,
1995-09-01,11.2900000000,
1995-09-05,11.6500000000,
1995-09-06,11.6500000000,
1995-09-07,11.8500000000,
1995-09-08,11.1600000000,
1995-09-11,11.5100000000,
1995-09-12,11.4600000000,
1995-09-13,11.3500000000,
1995-09-14,11.1000000000,
1995-09-15,11.5800000000,
1995-09-18,12.3400000000,
1995-09-19,12.6700000000,
1995-09-20,12.3500000000,
1995-09-21,12.5000000000,
1995-09-22,12.4600000000,
1995-09-25,13.2200000000,
1995-09-26,12.9000000000,
1995-09-27,12.9000000000,
1995-09-28,12.4600000000,
1995-09-29,12.7400000000,
1995-10-02,13.9500000000,
1995-10-03,14.5000000000,
1995-10-04,14.8600000000,
1995-10-05,15.7400000000,
1995-10-06,13.9800000000,
1995-10-09,14.8500000000,
1995-10-10,14.9700000000,
1995-10-11,14.5700000000,
1995-10-12,14.2400000000,
1995-10-13,13.6700000000,
1995-10-16,14.6200000000,
1995-10-17,14.0300000000,
1995-10-18,14.0500000000,
1995-10-19,13.5500000000,
1995-10-20,13.4600000000,
1995-10-23,14.1700000000,
1995-10-24,13.8500000000,
1995-10-25,14.4900000000,
1995-10-26,15.5900000000,
1995-10-27,14.6300000000,
1995-10-30,14.2600000000,
1995-10-31,13.8300000000,
1995-11-01,13.4100000000,
1995-11-02,13.1900000000,
1995-11-03,12.2600000000,
1995-11-06,12.7400000000,
1995-11-07,13.0500000000,
1995-11-08,12.1600000000,
1995-11-09,12.4600000000,
1995-11-10,12.9700000000,
1995-11-13,13.2000000000,
1995-11-14,13.3800000000,
1995-11-15,12.9500000000,
1995-11-16,12.5700000000,
1995-11-17,12.4900000000,
1995-11-20,12.3700000000,
1995-11-21,11.7400000000,
1995-11-22,11.8100000000,
1995-11-24,11.8700000000,
1995-11-27,12.4300000000,
1995-11-28,11.5700000000,
1995-11-29,11.6500000000,
1995-11-30,11.5800000000,
1995-12-01,11.1100000000,
1995-12-04,10.6600000000,
1995-12-05,11.6500000000,
1995-12-06,12.7000000000,
1995-12-07,12.7400000000,
1995-12-08,11.1200000000,
1995-12-11,11.0600000000,
1995-12-12,10.6300000000,
1995-12-13,10.3600000000,
1995-12-14,11.0700000000,
1995-12-15,11.4400000000,
1995-12-18,14.5500000000,
1995-12-19,13.1600000000,
1995-12-20,12.2000000000,
1995-12-21,10.7700000000,
1995-12-22,11.5100000000,
1995-12-26,11.4900000000,
1995-12-27,11.9800000000,
1995-12-28,12.2500000000,
1995-12-29,12.5200000000,
1996-01-02,12.1900000000,
1996-01-03,12.1000000000,
1996-01-04,13.7800000000,
1996-01-05,13.5800000000,
1996-01-08,13.1100000000,
1996-01-09,15.2100000000,
1996-01-10,16.4000000000,
1996-01-11,14.6900000000,
1996-01-12,14.2300000000,
1996-01-15,14.9900000000,
1996-01-16,14.0900000000,
1996-01-17,14.2500000000,
1996-01-18,13.5800000000,
1996-01-19,12.7000000000,
1996-01-22,13.3400000000,
1996-01-23,13.5600000000,
1996-01-24,12.5400000000,
1996-01-25,12.9400000000,
1996-01-26,12.0000000000,
1996-01-29,12.1900000000,
1996-01-30,12.4200000000,
1996-01-31,12.5300000000,
1996-02-01,12.6500000000,
1996-02-02,13.2300000000,
1996-02-05,13.4600000000,
1996-02-06,14.5900000000,
1996-02-07,14.1100000000,
1996-02-08,13.8900000000,
1996-02-09,14.6300000000,
1996-02-12,14.6900000000,
1996-02-13,14.9400000000,
1996-02-14,15.5900000000,
1996-02-15,16.1300000000,
1996-02-16,15.3700000000,
1996-02-20,16.8000000000,
1996-02-21,14.4700000000,
1996-02-22,14.5600000000,
1996-02-23,14.7800000000,
1996-02-26,16.3800000000,
1996-02-27,16.6300000000,
1996-02-28,16.7200000000,
1996-02-29,17.0400000000,
1996-03-01,16.7200000000,
1996-03-04,16.6700000000,
1996-03-05,16.1000000000,
1996-03-06,16.5600000000,
1996-03-07,16.4900000000,
1996-03-08,20.7000000000,
1996-03-11,19.4000000000,
1996-03-12,19.0900000000,
1996-03-13,18.1300000000,
1996-03-14,16.9300000000,
1996-03-15,16.5400000000,
1996-03-18,17.3100000000,
1996-03-19,18.3500000000,
1996-03-20,18.6600000000,
1996-03-21,17.7400000000,
1996-03-22,17.0500000000,
1996-03-25,17.8400000000,
1996-03-26,17.8000000000,
1996-03-27,17.8900000000,
1996-03-28,18.1600000000,
1996-03-29,18.8800000000,
1996-04-01,17.9000000000,
1996-04-02,16.4500000000,
1996-04-03,16.3300000000,
1996-04-04,16.1800000000,
1996-04-08,18.7200000000,
1996-04-09,17.3200000000,
1996-04-10,20.2200000000,
1996-04-11,19.6500000000,
1996-04-12,17.3800000000,
1996-04-15,16.8300000000,
1996-04-16,16.4500000000,
1996-04-17,17.0700000000,
1996-04-18,16.4100000000,
1996-04-19,15.1200000000,
1996-04-22,15.3800000000,
1996-04-23,15.0100000000,
1996-04-24,14.9100000000,
1996-04-25,14.7200000000,
1996-04-26,14.7500000000,
1996-04-29,15.4500000000,
1996-04-30,15.8300000000,
1996-05-01,16.0700000000,
1996-05-02,18.6200000000,
1996-05-03,16.7000000000,
1996-05-06,16.9200000000,
1996-05-07,16.8700000000,
1996-05-08,15.7800000000,
1996-05-09,16.9900000000,
1996-05-10,15.6100000000,
1996-05-13,15.1600000000,
1996-05-14,14.9000000000,
1996-05-15,15.5900000000,
1996-05-16,15.7100000000,
1996-05-17,15.1300000000,
1996-05-20,15.8000000000,
1996-05-21,16.0000000000,
1996-05-22,15.5000000000,
1996-05-23,16.1700000000,
1996-05-24,15.5400000000,
1996-05-28,16.9200000000,
1996-05-29,17.1500000000,
1996-05-30,16.0200000000,
1996-05-31,16.0700000000,
1996-06-03,16.8600000000,
1996-06-04,16.1800000000,
1996-06-05,16.0400000000,
1996-06-06,16.8400000000,
1996-06-07,16.1000000000,
1996-06-10,16.7800000000,
1996-06-11,16.6800000000,
1996-06-12,17.0000000000,
1996-06-13,17.1200000000,
1996-06-14,18.6400000000,
1996-06-17,17.4600000000,
1996-06-18,17.4500000000,
1996-06-19,17.5400000000,
1996-06-20,16.9700000000,
1996-06-21,15.8000000000,
1996-06-24,15.9100000000,
1996-06-25,15.4300000000,
1996-06-26,15.2300000000,
1996-06-27,14.1900000000,
1996-06-28,13.6800000000,
1996-07-01,13.7800000000,
1996-07-02,14.1900000000,
1996-07-03,14.2100000000,
1996-07-05,16.0900000000,
1996-07-08,16.4200000000,
1996-07-09,15.4900000000,
1996-07-10,15.5100000000,
1996-07-11,17.8100000000,
1996-07-12,17.0900000000,
1996-07-15,20.1100000000,
1996-07-16,20.1000000000,
1996-07-17,19.2200000000,
1996-07-18,17.9300000000,
1996-07-19,17.2600000000,
1996-07-22,20.4100000000,
1996-07-23,21.5500000000,
1996-07-24,21.4400000000,
1996-07-25,19.3900000000,
1996-07-26,17.4500000000,
1996-07-29,20.0900000000,
1996-07-30,20.5300000000,
1996-07-31,19.4600000000,
1996-08-01,18.7600000000,
1996-08-02,16.1900000000,
1996-08-05,17.3600000000,
1996-08-06,16.9300000000,
1996-08-07,16.2400000000,
1996-08-08,16.0400000000,
1996-08-09,15.7700000000,
1996-08-12,15.5700000000,
1996-08-13,16.4100000000,
1996-08-14,15.9600000000,
1996-08-15,15.4600000000,
1996-08-16,14.8100000000,
1996-08-19,15.2700000000,
1996-08-20,14.7300000000,
1996-08-21,14.5200000000,
1996-08-22,13.7100000000,
1996-08-23,14.1800000000,
1996-08-26,15.3800000000,
1996-08-27,15.1100000000,
1996-08-28,15.1000000000,
1996-08-29,16.2200000000,
1996-08-30,17.0100000000,
1996-09-03,18.4700000000,
1996-09-04,18.6400000000,
1996-09-05,20.5100000000,
1996-09-06,17.1000000000,
1996-09-09,16.3600000000,
1996-09-10,16.2500000000,
1996-09-11,16.0600000000,
1996-09-12,15.9700000000,
1996-09-13,15.2000000000,
1996-09-16,15.4300000000,
1996-09-17,15.7400000000,
1996-09-18,15.8600000000,
1996-09-19,16.0300000000,
1996-09-20,15.6500000000,
1996-09-23,16.4600000000,
1996-09-24,16.4500000000,
1996-09-25,16.2200000000,
1996-09-26,16.1100000000,
1996-09-27,16.1000000000,
1996-09-30,16.9500000000,
1996-10-01,17.0500000000,
1996-10-02,16.7800000000,
1996-10-03,16.7700000000,
1996-10-04,14.8000000000,
1996-10-07,15.1100000000,
1996-10-08,15.5800000000,
1996-10-09,16.0900000000,
1996-10-10,16.2600000000,
1996-10-11,15.0700000000,
1996-10-14,15.1300000000,
1996-10-15,15.8300000000,
1996-10-16,15.6000000000,
1996-10-17,15.4100000000,
1996-10-18,15.0800000000,
1996-10-21,15.9800000000,
1996-10-22,16.4000000000,
1996-10-23,16.4500000000,
1996-10-24,16.8900000000,
1996-10-25,17.2900000000,
1996-10-28,18.3400000000,
1996-10-29,18.2800000000,
1996-10-30,18.4800000000,
1996-10-31,18.1100000000,
1996-11-01,17.8900000000,
1996-11-04,18.0400000000,
1996-11-05,17.6500000000,
1996-11-06,16.9700000000,
1996-11-07,17.2100000000,
1996-11-08,15.7800000000,
1996-11-11,14.0400000000,
1996-11-12,15.3600000000,
1996-11-13,14.8900000000,
1996-11-14,13.7900000000,
1996-11-15,14.3600000000,
1996-11-18,15.1200000000,
1996-11-19,15.2300000000,
1996-11-20,15.9400000000,
1996-11-21,15.7700000000,
1996-11-22,14.9200000000,
1996-11-25,15.9100000000,
1996-11-26,16.9700000000,
1996-11-27,16.9600000000,
1996-11-29,17.1400000000,
1996-12-02,17.9300000000,
1996-12-03,18.6800000000,
1996-12-04,17.9300000000,
1996-12-05,18.1400000000,
1996-12-06,18.8200000000,
1996-12-09,17.7500000000,
1996-12-10,17.8800000000,
1996-12-11,19.6800000000,
1996-12-12,20.4500000000,
1996-12-13,21.0900000000,
1996-12-16,21.9900000000,
1996-12-17,20.7700000000,
1996-12-18,19.4200000000,
1996-12-19,18.7700000000,
1996-12-20,18.8500000000,
1996-12-23,19.5000000000,
1996-12-24,18.6800000000,
1996-12-26,18.5900000000,
1996-12-27,19.1300000000,
1996-12-30,19.5100000000,
1996-12-31,20.9200000000,
1997-01-02,21.1400000000,
1997-01-03,19.1300000000,
1997-01-06,19.8900000000,
1997-01-07,19.3500000000,
1997-01-08,20.2400000000,
1997-01-09,20.9100000000,
1997-01-10,19.6300000000,
1997-01-13,19.8400000000,
1997-01-14,19.2700000000,
1997-01-15,19.4000000000,
1997-01-16,19.6100000000,
1997-01-17,18.6300000000,
1997-01-20,18.6000000000,
1997-01-21,17.8100000000,
1997-01-22,17.0900000000,
1997-01-23,18.4700000000,
1997-01-24,19.3300000000,
1997-01-27,20.1600000000,
1997-01-28,20.7400000000,
1997-01-29,20.2300000000,
1997-01-30,19.4700000000,
1997-02-03,19.5800000000,
1997-02-04,19.4300000000,
1997-02-05,21.0600000000,
1997-02-06,20.1600000000,
1997-02-07,18.9000000000,
1997-02-10,20.6500000000,
1997-02-11,19.9700000000,
1997-02-12,19.4800000000,
1997-02-13,19.2300000000,
1997-02-14,19.1800000000,
1997-02-18,19.7000000000,
1997-02-19,20.6100000000,
1997-02-20,21.4100000000,
1997-02-21,20.5500000000,
1997-02-24,19.8400000000,
1997-02-25,19.9800000000,
1997-02-26,20.7400000000,
1997-02-27,21.0800000000,
1997-02-28,21.1000000000,
1997-03-03,20.8900000000,
1997-03-04,20.6200000000,
1997-03-05,19.4900000000,
1997-03-06,20.4800000000,
1997-03-07,19.3200000000,
1997-03-10,19.0000000000,
1997-03-11,19.2500000000,
1997-03-12,19.6100000000,
1997-03-13,19.7900000000,
1997-03-14,19.8100000000,
1997-03-17,20.9500000000,
1997-03-18,21.2600000000,
1997-03-19,21.7400000000,
1997-03-20,21.2200000000,
1997-03-21,19.6900000000,
1997-03-24,20.0600000000,
1997-03-25,19.2600000000,
1997-03-26,18.3200000000,
1997-03-27,20.5000000000,
1997-03-31,22.1400000000,
1997-04-01,20.8400000000,
1997-04-02,21.3000000000,
1997-04-03,21.1900000000,
1997-04-04,19.2300000000,
1997-04-07,18.5100000000,
1997-04-08,18.4400000000,
1997-04-09,18.5600000000,
1997-04-10,19.0100000000,
1997-04-11,19.7600000000,
1997-04-14,19.0900000000,
1997-04-15,18.2500000000,
1997-04-16,17.6400000000,
1997-04-17,18.7100000000,
1997-04-18,18.7500000000,
1997-04-21,20.1000000000,
1997-04-22,19.5200000000,
1997-04-23,20.4800000000,
1997-04-24,20.8300000000,
1997-04-25,21.1500000000,
1997-04-28,21.3400000000,
1997-04-29,19.8100000000,
1997-04-30,20.0600000000,
1997-05-01,19.8700000000,
1997-05-02,17.5100000000,
1997-05-05,20.1300000000,
1997-05-06,20.8500000000,
1997-05-07,21.3400000000,
1997-05-08,21.2600000000,
1997-05-09,20.1100000000,
1997-05-12,20.2500000000,
1997-05-13,20.8100000000,
1997-05-14,21.0900000000,
1997-05-15,19.9100000000,
1997-05-16,21.5700000000,
1997-05-19,21.4800000000,
1997-05-20,19.2600000000,
1997-05-21,19.2800000000,
1997-05-22,18.7700000000,
1997-05-23,18.0800000000,
1997-05-27,19.3600000000,
1997-05-28,19.2800000000,
1997-05-29,19.0200000000,
1997-05-30,19.1900000000,
1997-06-02,20.8500000000,
1997-06-03,20.0100000000,
1997-06-04,20.1000000000,
1997-06-05,20.3600000000,
1997-06-06,18.9400000000,
1997-06-09,19.4600000000,
1997-06-10,19.0400000000,
1997-06-11,18.8500000000,
1997-06-12,18.5100000000,
1997-06-13,19.2700000000,
1997-06-16,19.7700000000,
1997-06-17,20.1700000000,
1997-06-18,20.4500000000,
1997-06-19,20.1000000000,
1997-06-20,20.2000000000,
1997-06-23,21.1900000000,
1997-06-24,20.7400000000,
1997-06-25,21.5000000000,
1997-06-26,21.8200000000,
1997-06-27,21.2200000000,
1997-06-30,21.5300000000,
1997-07-01,21.0000000000,
1997-07-02,19.7000000000,
1997-07-03,17.8200000000,
1997-07-07,19.1300000000,
1997-07-08,18.7600000000,
1997-07-09,20.4000000000,
1997-07-10,19.9200000000,
1997-07-11,19.0600000000,
1997-07-14,19.5800000000,
1997-07-15,19.0000000000,
1997-07-16,19.3600000000,
1997-07-17,20.5400000000,
1997-07-18,22.2800000000,
1997-07-21,23.5100000000,
1997-07-22,21.7700000000,
1997-07-23,21.3000000000,
1997-07-24,20.9600000000,
1997-07-25,20.8200000000,
1997-07-28,21.8400000000,
1997-07-29,22.0200000000,
1997-07-30,21.3900000000,
1997-07-31,21.4800000000,
1997-08-01,22.2900000000,
1997-08-04,21.9400000000,
1997-08-05,20.6400000000,
1997-08-06,20.0500000000,
1997-08-07,19.7700000000,
1997-08-08,22.4600000000,
1997-08-11,22.7700000000,
1997-08-12,23.7500000000,
1997-08-13,24.5200000000,
1997-08-14,23.1100000000,
1997-08-15,24.4500000000,
1997-08-18,24.3700000000,
1997-08-19,22.6400000000,
1997-08-20,21.0900000000,
1997-08-21,23.8300000000,
1997-08-22,24.7400000000,
1997-08-25,24.1000000000,
1997-08-26,24.7300000000,
1997-08-27,24.2600000000,
1997-08-28,24.5100000000,
1997-08-29,24.7600000000,
1997-09-02,24.5300000000,
1997-09-03,24.9500000000,
1997-09-04,25.2700000000,
1997-09-05,24.3100000000,
1997-09-08,24.4000000000,
1997-09-09,23.8900000000,
1997-09-10,24.6400000000,
1997-09-11,25.9900000000,
1997-09-12,25.1700000000,
1997-09-15,25.7400000000,
1997-09-16,23.7700000000,
1997-09-17,24.1000000000,
1997-09-18,23.4800000000,
1997-09-19,22.7400000000,
1997-09-22,22.0800000000,
1997-09-23,22.0000000000,
1997-09-24,22.6400000000,
1997-09-25,22.9600000000,
1997-09-26,22.2600000000,
1997-09-29,22.2300000000,
1997-09-30,22.9100000000,
1997-10-01,22.3200000000,
1997-10-02,22.2700000000,
1997-10-03,21.5400000000,
1997-10-06,21.6100000000,
1997-10-07,20.2900000000,
1997-10-08,20.7700000000,
1997-10-09,22.3100000000,
1997-10-10,19.7500000000,
1997-10-13,20.2600000000,
1997-10-14,19.9900000000,
1997-10-15,20.0500000000,
1997-10-16,20.5300000000,
1997-10-17,21.6900000000,
1997-10-20,20.7200000000,
1997-10-21,19.5300000000,
1997-10-22,19.8600000000,
1997-10-23,22.9900000000,
1997-10-24,23.1700000000,
1997-10-27,31.1200000000,
1997-10-28,31.2200000000,
1997-10-29,33.7500000000,
1997-10-30,38.2000000000,
1997-10-31,35.0900000000,
1997-11-03,32.0900000000,
1997-11-04,32.2400000000,
1997-11-05,32.1800000000,
1997-11-06,32.5700000000,
1997-11-07,36.2700000000,
1997-11-10,36.6300000000,
1997-11-11,36.3800000000,
1997-11-12,37.8400000000,
1997-11-13,36.6400000000,
1997-11-14,33.6600000000,
1997-11-17,31.5800000000,
1997-11-18,31.5500000000,
1997-11-19,29.9300000000,
1997-11-20,27.3200000000,
1997-11-21,26.6500000000,
1997-11-24,29.8000000000,
1997-11-25,28.9500000000,
1997-11-28,27.4300000000,
1997-12-01,26.0100000000,
1997-12-02,25.6600000000,
1997-12-03,23.9200000000,
1997-12-04,23.8400000000,
1997-12-05,22.6500000000,
1997-12-08,23.2200000000,
1997-12-09,23.3600000000,
1997-12-10,24.5500000000,
1997-12-11,27.6300000000,
1997-12-12,27.9200000000,
1997-12-15,27.3700000000,
1997-12-16,26.1100000000,
1997-12-17,26.3300000000,
1997-12-18,27.1900000000,
1997-12-19,29.1800000000,
1997-12-22,28.5600000000,
1997-12-23,29.8600000000,
1997-12-24,30.2700000000,
1997-12-26,29.2700000000,
1997-12-29,26.7900000000,
1997-12-30,24.3800000000,
1997-12-31,24.0100000000,
1998-01-02,23.4200000000,
1998-01-05,24.3600000000,
1998-01-06,25.6600000000,
1998-01-07,25.0700000000,
1998-01-08,26.0100000000,
1998-01-09,28.6900000000,
1998-01-12,28.0200000000,
1998-01-13,25.1700000000,
1998-01-14,23.7500000000,
1998-01-15,23.4500000000,
1998-01-16,21.6500000000,
1998-01-20,21.6500000000,
1998-01-21,22.5300000000,
1998-01-22,23.1600000000,
1998-01-23,23.3200000000,
1998-01-26,23.9700000000,
1998-01-27,22.2700000000,
1998-01-28,22.0600000000,
1998-01-29,21.6500000000,
1998-01-30,21.4700000000,
1998-02-02,21.3600000000,
1998-02-03,20.6700000000,
1998-02-04,20.5500000000,
1998-02-05,21.2900000000,
1998-02-06,20.5100000000,
1998-02-09,21.5500000000,
1998-02-10,20.6600000000,
1998-02-11,20.3800000000,
1998-02-12,19.7300000000,
1998-02-13,19.8400000000,
1998-02-17,20.7600000000,
1998-02-18,19.6600000000,
1998-02-19,19.8800000000,
1998-02-20,19.0000000000,
1998-02-23,18.9900000000,
1998-02-24,19.3500000000,
1998-02-25,18.6200000000,
1998-02-26,18.6300000000,
1998-02-27,18.5500000000,
1998-03-02,19.1900000000,
1998-03-03,19.0400000000,
1998-03-04,19.5800000000,
1998-03-05,20.9300000000,
1998-03-06,19.1400000000,
1998-03-09,20.2300000000,
1998-03-10,19.4300000000,
1998-03-11,18.8900000000,
1998-03-12,18.2500000000,
1998-03-13,18.7100000000,
1998-03-16,18.5100000000,
1998-03-17,18.6600000000,
1998-03-18,18.2900000000,
1998-03-19,17.7600000000,
1998-03-20,18.6900000000,
1998-03-23,19.9800000000,
1998-03-24,20.5100000000,
1998-03-25,22.5400000000,
1998-03-26,22.8100000000,
1998-03-27,23.4700000000,
1998-03-30,24.6600000000,
1998-03-31,24.2200000000,
1998-04-01,23.3700000000,
1998-04-02,21.9800000000,
1998-04-03,21.8200000000,
1998-04-06,22.4700000000,
1998-04-07,23.6600000000,
1998-04-08,23.1700000000,
1998-04-09,21.5100000000,
1998-04-13,22.7700000000,
1998-04-14,21.6100000000,
1998-04-15,20.8900000000,
1998-04-16,22.0600000000,
1998-04-17,20.7600000000,
1998-04-20,20.3900000000,
1998-04-21,19.9100000000,
1998-04-22,19.4400000000,
1998-04-23,20.6000000000,
1998-04-24,21.9700000000,
1998-04-27,26.0900000000,
1998-04-28,24.1700000000,
1998-04-29,22.7800000000,
1998-04-30,21.1800000000,
1998-05-01,19.3400000000,
1998-05-04,20.3200000000,
1998-05-05,21.4600000000,
1998-05-06,22.7900000000,
1998-05-07,23.3900000000,
1998-05-08,20.5700000000,
1998-05-11,21.0500000000,
1998-05-12,20.9800000000,
1998-05-13,20.4400000000,
1998-05-14,19.6400000000,
1998-05-15,20.4400000000,
1998-05-18,21.6900000000,
1998-05-19,20.3900000000,
1998-05-20,19.8900000000,
1998-05-21,19.3800000000,
1998-05-22,18.9900000000,
1998-05-26,22.0700000000,
1998-05-27,22.5900000000,
1998-05-28,20.7400000000,
1998-05-29,21.3200000000,
1998-06-01,22.8300000000,
1998-06-02,22.0000000000,
1998-06-03,22.8500000000,
1998-06-04,21.2200000000,
1998-06-05,19.7800000000,
1998-06-08,20.5800000000,
1998-06-09,20.5200000000,
1998-06-10,21.4800000000,
1998-06-11,23.5700000000,
1998-06-12,22.7800000000,
1998-06-15,25.9400000000,
1998-06-16,24.8000000000,
1998-06-17,22.8900000000,
1998-06-18,22.4000000000,
1998-06-19,21.9200000000,
1998-06-22,21.9400000000,
1998-06-23,20.1700000000,
1998-06-24,20.0200000000,
1998-06-25,20.2500000000,
1998-06-26,19.3600000000,
1998-06-29,19.5700000000,
1998-06-30,19.7100000000,
1998-07-01,18.0000000000,
1998-07-02,17.6700000000,
1998-07-06,18.6300000000,
1998-07-07,18.6200000000,
1998-07-08,17.8200000000,
1998-07-09,18.1600000000,
1998-07-10,17.9200000000,
1998-07-13,18.2600000000,
1998-07-14,17.8800000000,
1998-07-15,17.8900000000,
1998-07-16,16.9700000000,
1998-07-17,16.2300000000,
1998-07-20,17.3400000000,
1998-07-21,20.1000000000,
1998-07-22,20.3200000000,
1998-07-23,23.0100000000,
1998-07-24,23.0100000000,
1998-07-27,23.1300000000,
1998-07-28,25.2500000000,
1998-07-29,24.7900000000,
1998-07-30,22.6600000000,
1998-07-31,24.8000000000,
1998-08-03,25.9800000000,
1998-08-04,31.0600000000,
1998-08-05,29.8300000000,
1998-08-06,28.2000000000,
1998-08-07,27.0200000000,
1998-08-10,28.7500000000,
1998-08-11,31.9100000000,
1998-08-12,28.5500000000,
1998-08-13,29.9200000000,
1998-08-14,34.3400000000,
1998-08-17,31.8600000000,
1998-08-18,28.4000000000,
1998-08-19,28.6900000000,
1998-08-20,30.0000000000,
1998-08-21,33.1400000000,
1998-08-24,31.8000000000,
1998-08-25,30.3300000000,
1998-08-26,31.1400000000,
1998-08-27,38.5500000000,
1998-08-28,39.6000000000,
1998-08-31,44.2800000000,
1998-09-01,36.4800000000,
1998-09-02,36.7600000000,
1998-09-03,41.4300000000,
1998-09-04,43.3100000000,
1998-09-08,37.9000000000,
1998-09-09,39.6600000000,
1998-09-10,45.2900000000,
1998-09-11,43.7400000000,
1998-09-14,38.5700000000,
1998-09-15,36.5800000000,
1998-09-16,35.9400000000,
1998-09-17,39.2300000000,
1998-09-18,38.6300000000,
1998-09-21,38.5800000000,
1998-09-22,36.6200000000,
1998-09-23,32.4700000000,
1998-09-24,34.6600000000,
1998-09-25,34.5500000000,
1998-09-28,34.8700000000,
1998-09-29,36.0800000000,
1998-09-30,40.9500000000,
1998-10-01,43.4800000000,
1998-10-02,40.4700000000,
1998-10-05,42.8100000000,
1998-10-06,41.2000000000,
1998-10-07,43.5100000000,
1998-10-08,45.7400000000,
1998-10-09,42.2000000000,
1998-10-12,40.0700000000,
1998-10-13,40.2300000000,
1998-10-14,38.9600000000,
1998-10-15,33.3400000000,
1998-10-16,34.8200000000,
1998-10-19,33.1300000000,
1998-10-20,33.1100000000,
1998-10-21,33.2100000000,
1998-10-22,31.5300000000,
1998-10-23,32.2700000000,
1998-10-26,32.3800000000,
1998-10-27,32.9500000000,
1998-10-28,32.4200000000,
1998-10-29,29.5000000000,
1998-10-30,28.0500000000,
1998-11-02,27.2600000000,
1998-11-03,27.7600000000,
1998-11-04,27.3700000000,
1998-11-05,26.0100000000,
1998-11-06,25.7000000000,
1998-11-09,28.0900000000,
1998-11-10,28.1700000000,
1998-11-11,28.4700000000,
1998-11-12,29.2800000000,
1998-11-13,29.0300000000,
1998-11-16,28.9000000000,
1998-11-17,27.9500000000,
1998-11-18,27.1300000000,
1998-11-19,25.5000000000,
1998-11-20,22.4700000000,
1998-11-23,21.8400000000,
1998-11-24,23.2800000000,
1998-11-25,22.1500000000,
1998-11-27,22.0900000000,
1998-11-30,26.0100000000,
1998-12-01,24.9700000000,
1998-12-02,25.4300000000,
1998-12-03,28.7000000000,
1998-12-04,25.3100000000,
1998-12-07,24.9000000000,
1998-12-08,25.5800000000,
1998-12-09,25.6600000000,
1998-12-10,26.8100000000,
1998-12-11,27.7200000000,
1998-12-14,31.3100000000,
1998-12-15,29.4200000000,
1998-12-16,29.9600000000,
1998-12-17,27.9600000000,
1998-12-18,25.0400000000,
1998-12-21,23.8600000000,
1998-12-22,22.7800000000,
1998-12-23,20.2100000000,
1998-12-24,21.4800000000,
1998-12-28,23.5000000000,
1998-12-29,22.1800000000,
1998-12-30,23.3400000000,
1998-12-31,24.4200000000,
1999-01-04,26.1700000000,
1999-01-05,24.4600000000,
1999-01-06,23.3400000000,
1999-01-07,24.3700000000,
1999-01-08,23.2800000000,
1999-01-11,25.4600000000,
1999-01-12,28.1000000000,
1999-01-13,30.1100000000,
1999-01-14,32.9800000000,
1999-01-15,29.2400000000,
1999-01-19,29.2400000000,
1999-01-20,28.6000000000,
1999-01-21,30.9200000000,
1999-01-22,31.9500000000,
1999-01-25,31.1300000000,
1999-01-26,29.2300000000,
1999-01-27,29.7300000000,
1999-01-28,28.1100000000,
1999-01-29,26.2500000000,
1999-02-01,27.6700000000,
1999-02-02,28.1600000000,
1999-02-03,27.8800000000,
1999-02-04,29.4800000000,
1999-02-05,29.6700000000,
1999-02-08,30.2700000000,
1999-02-09,31.3600000000,
1999-02-10,30.4500000000,
1999-02-11,27.4200000000,
1999-02-12,29.7600000000,
1999-02-16,29.6500000000,
1999-02-17,30.6500000000,
1999-02-18,30.4500000000,
1999-02-19,29.3000000000,
1999-02-22,25.8700000000,
1999-02-23,26.4900000000,
1999-02-24,27.2100000000,
1999-02-25,28.0100000000,
1999-02-26,27.8800000000,
1999-03-01,28.3700000000,
1999-03-02,29.2200000000,
1999-03-03,29.0400000000,
1999-03-04,26.6700000000,
1999-03-05,24.0800000000,
1999-03-08,24.5400000000,
1999-03-09,25.0200000000,
1999-03-10,24.7900000000,
1999-03-11,24.3700000000,
1999-03-12,24.8400000000,
1999-03-15,25.2400000000,
1999-03-16,25.1500000000,
1999-03-17,25.5700000000,
1999-03-18,24.1300000000,
1999-03-19,24.3200000000,
1999-03-22,25.0000000000,
1999-03-23,27.2700000000,
1999-03-24,26.6000000000,
1999-03-25,24.3300000000,
1999-03-26,24.0400000000,
1999-03-29,23.5400000000,
1999-03-30,22.7300000000,
1999-03-31,23.2600000000,
1999-04-01,22.0600000000,
1999-04-05,22.1900000000,
1999-04-06,22.6500000000,
1999-04-07,22.8100000000,
1999-04-08,22.5900000000,
1999-04-09,21.7700000000,
1999-04-12,21.9300000000,
1999-04-13,22.7300000000,
1999-04-14,24.9400000000,
1999-04-15,23.9300000000,
1999-04-16,23.9000000000,
1999-04-19,26.4200000000,
1999-04-20,25.0200000000,
1999-04-21,23.3100000000,
1999-04-22,22.6200000000,
1999-04-23,22.7600000000,
1999-04-26,23.5300000000,
1999-04-27,23.3600000000,
1999-04-28,24.4000000000,
1999-04-29,25.0600000000,
1999-04-30,25.0700000000,
1999-05-03,24.1500000000,
1999-05-04,25.6200000000,
1999-05-05,25.1900000000,
1999-05-06,27.4400000000,
1999-05-07,25.3600000000,
1999-05-10,26.6200000000,
1999-05-11,25.6200000000,
1999-05-12,26.1300000000,
1999-05-13,25.0200000000,
1999-05-14,26.8600000000,
1999-05-17,27.2800000000,
1999-05-18,27.2600000000,
1999-05-19,25.0800000000,
1999-05-20,24.4600000000,
1999-05-21,24.4000000000,
1999-05-24,27.6200000000,
1999-05-25,28.9000000000,
1999-05-26,27.5700000000,
1999-05-27,28.1200000000,
1999-05-28,25.3900000000,
1999-06-01,26.6200000000,
1999-06-02,26.2100000000,
1999-06-03,26.2000000000,
1999-06-04,23.4300000000,
1999-06-07,23.7800000000,
1999-06-08,24.0200000000,
1999-06-09,23.9000000000,
1999-06-10,25.3200000000,
1999-06-11,25.9000000000,
1999-06-14,26.5100000000,
1999-06-15,25.9100000000,
1999-06-16,22.4000000000,
1999-06-17,21.9500000000,
1999-06-18,21.7500000000,
1999-06-21,21.8100000000,
1999-06-22,21.7000000000,
1999-06-23,21.3200000000,
1999-06-24,23.0600000000,
1999-06-25,21.7600000000,
1999-06-28,22.6300000000,
1999-06-29,22.5100000000,
1999-06-30,21.0900000000,
1999-07-01,19.6900000000,
1999-07-02,18.6600000000,
1999-07-06,20.7300000000,
1999-07-07,20.3500000000,
1999-07-08,20.2400000000,
1999-07-09,17.9600000000,
1999-07-12,19.7300000000,
1999-07-13,19.9500000000,
1999-07-14,19.7100000000,
1999-07-15,18.6800000000,
1999-07-16,17.4200000000,
1999-07-19,19.0700000000,
1999-07-20,21.7900000000,
1999-07-21,21.4600000000,
1999-07-22,23.0500000000,
1999-07-23,23.3200000000,
1999-07-26,24.9800000000,
1999-07-27,23.2300000000,
1999-07-28,22.8500000000,
1999-07-29,24.5200000000,
1999-07-30,24.6400000000,
1999-08-02,25.5900000000,
1999-08-03,26.2700000000,
1999-08-04,27.4000000000,
1999-08-05,27.0100000000,
1999-08-06,26.6000000000,
1999-08-09,27.6600000000,
1999-08-10,28.4500000000,
1999-08-11,25.3900000000,
1999-08-12,25.0300000000,
1999-08-13,22.3100000000,
1999-08-16,23.0700000000,
1999-08-17,21.6700000000,
1999-08-18,23.3000000000,
1999-08-19,24.3900000000,
1999-08-20,22.9500000000,
1999-08-23,22.5500000000,
1999-08-24,22.4000000000,
1999-08-25,20.9600000000,
1999-08-26,21.2100000000,
1999-08-27,21.8300000000,
1999-08-30,24.6300000000,
1999-08-31,24.4500000000,
1999-09-01,22.9300000000,
1999-09-02,24.5300000000,
1999-09-03,20.9800000000,
1999-09-07,23.4400000000,
1999-09-08,23.8200000000,
1999-09-09,23.0100000000,
1999-09-10,22.0300000000,
1999-09-13,22.8900000000,
1999-09-14,23.7700000000,
1999-09-15,24.5600000000,
1999-09-16,25.2500000000,
1999-09-17,23.3000000000,
1999-09-20,24.0300000000,
1999-09-21,25.6500000000,
1999-09-22,25.1900000000,
1999-09-23,27.8400000000,
1999-09-24,27.7900000000,
1999-09-27,26.4000000000,
1999-09-28,26.0600000000,
1999-09-29,26.4900000000,
1999-09-30,25.4100000000,
1999-10-01,24.9300000000,
1999-10-04,24.4600000000,
1999-10-05,24.7900000000,
1999-10-06,22.0600000000,
1999-10-07,23.5800000000,
1999-10-08,20.4900000000,
1999-10-11,20.6300000000,
1999-10-12,22.8400000000,
1999-10-13,25.9600000000,
1999-10-14,26.0500000000,
1999-10-15,28.7500000000,
1999-10-18,28.1900000000,
1999-10-19,26.5600000000,
1999-10-20,23.9000000000,
1999-10-21,24.0200000000,
1999-10-22,21.6400000000,
1999-10-25,23.6000000000,
1999-10-26,24.2600000000,
1999-10-27,24.2000000000,
1999-10-28,21.3400000000,
1999-10-29,22.2000000000,
1999-11-01,22.0900000000,
1999-11-02,23.1000000000,
1999-11-03,23.1600000000,
1999-11-04,23.0000000000,
1999-11-05,21.6600000000,
1999-11-08,21.8700000000,
1999-11-09,22.7000000000,
1999-11-10,22.2600000000,
1999-11-11,22.0700000000,
1999-11-12,21.6500000000,
1999-11-15,22.7400000000,
1999-11-16,20.7300000000,
1999-11-17,20.9600000000,
1999-11-18,19.7600000000,
1999-11-19,19.1100000000,
1999-11-22,19.9800000000,
1999-11-23,21.0000000000,
1999-11-24,20.2600000000,
1999-11-26,22.3300000000,
1999-11-29,23.5700000000,
1999-11-30,24.1800000000,
1999-12-01,22.2300000000,
1999-12-02,21.7700000000,
1999-12-03,19.3200000000,
1999-12-06,20.5800000000,
1999-12-07,21.0900000000,
1999-12-08,21.2500000000,
1999-12-09,21.1900000000,
1999-12-10,21.4800000000,
1999-12-13,21.7200000000,
1999-12-14,23.0600000000,
1999-12-15,22.0300000000,
1999-12-16,21.9100000000,
1999-12-17,21.3500000000,
1999-12-20,23.7800000000,
1999-12-21,22.6600000000,
1999-12-22,22.4300000000,
1999-12-23,21.1200000000,
1999-12-27,23.0700000000,
1999-12-28,22.9700000000,
1999-12-29,23.0900000000,
1999-12-30,24.7600000000,
2000-01-03,24.2100000000,
2000-01-04,27.0100000000,
2000-01-05,26.4100000000,
2000-01-06,25.7300000000,
2000-01-07,21.7200000000,
2000-01-10,21.7100000000,
2000-01-11,22.5000000000,
2000-01-12,22.8400000000,
2000-01-13,21.7100000000,
2000-01-14,19.6600000000,
2000-01-18,21.5000000000,
2000-01-19,21.7200000000,
2000-01-20,21.7500000000,
2000-01-21,20.8200000000,
2000-01-24,24.0700000000,
2000-01-25,23.0200000000,
2000-01-26,23.0300000000,
2000-01-27,23.5400000000,
2000-01-28,26.1400000000,
2000-01-31,24.9500000000,
2000-02-01,23.4500000000,
2000-02-02,23.1200000000,
2000-02-03,22.0100000000,
2000-02-04,21.5400000000,
2000-02-07,22.7900000000,
2000-02-08,21.2500000000,
2000-02-09,22.9000000000,
2000-02-10,23.0700000000,
2000-02-11,24.4200000000,
2000-02-14,24.3800000000,
2000-02-15,22.9200000000,
2000-02-16,23.5100000000,
2000-02-17,23.1700000000,
2000-02-18,26.0000000000,
2000-02-22,25.8600000000,
2000-02-23,23.8900000000,
2000-02-24,24.3800000000,
2000-02-25,25.2000000000,
2000-02-28,24.6800000000,
2000-02-29,23.3700000000,
2000-03-01,21.6400000000,
2000-03-02,21.0600000000,
2000-03-03,19.2100000000,
2000-03-06,21.5000000000,
2000-03-07,24.3100000000,
2000-03-08,23.8200000000,
2000-03-09,22.2100000000,
2000-03-10,21.2400000000,
2000-03-13,22.8500000000,
2000-03-14,24.4100000000,
2000-03-15,22.3400000000,
2000-03-16,20.7700000000,
2000-03-17,22.3700000000,
2000-03-20,22.9600000000,
2000-03-21,21.7000000000,
2000-03-22,21.4900000000,
2000-03-23,22.2600000000,
2000-03-24,23.3100000000,
2000-03-27,24.5300000000,
2000-03-28,24.8600000000,
2000-03-29,24.1000000000,
2000-03-30,25.4700000000,
2000-03-31,24.1100000000,
2000-04-03,24.0300000000,
2000-04-04,27.1200000000,
2000-04-05,28.4100000000,
2000-04-06,27.1500000000,
2000-04-07,24.3900000000,
2000-04-10,25.9900000000,
2000-04-11,27.2500000000,
2000-04-12,28.9800000000,
2000-04-13,29.4000000000,
2000-04-14,33.4900000000,
2000-04-17,28.9500000000,
2000-04-18,26.1200000000,
2000-04-19,27.0200000000,
2000-04-20,25.8500000000,
2000-04-24,27.3700000000,
2000-04-25,25.2400000000,
2000-04-26,26.9700000000,
2000-04-27,26.1900000000,
2000-04-28,26.2000000000,
2000-05-01,25.8800000000,
2000-05-02,28.5000000000,
2000-05-03,31.6300000000,
2000-05-04,30.7700000000,
2000-05-05,27.5300000000,
2000-05-08,28.2000000000,
2000-05-09,28.9300000000,
2000-05-10,29.8700000000,
2000-05-11,27.7600000000,
2000-05-12,26.0500000000,
2000-05-15,24.8600000000,
2000-05-16,24.3400000000,
2000-05-17,23.9800000000,
2000-05-18,23.9600000000,
2000-05-19,25.4400000000,
2000-05-22,26.0000000000,
2000-05-23,25.8700000000,
2000-05-24,24.3200000000,
2000-05-25,24.5800000000,
2000-05-26,24.4700000000,
2000-05-30,23.6200000000,
2000-05-31,23.6500000000,
2000-06-01,22.3600000000,
2000-06-02,21.4800000000,
2000-06-05,22.7100000000,
2000-06-06,23.0500000000,
2000-06-07,22.4800000000,
2000-06-08,22.7700000000,
2000-06-09,22.1400000000,
2000-06-12,22.3200000000,
2000-06-13,21.6700000000,
2000-06-14,21.4800000000,
2000-06-15,20.6800000000,
2000-06-16,20.5000000000,
2000-06-19,20.6300000000,
2000-06-20,20.8800000000,
2000-06-21,20.6100000000,
2000-06-22,22.0000000000,
2000-06-23,22.3400000000,
2000-06-26,22.4500000000,
2000-06-27,21.8000000000,
2000-06-28,20.2900000000,
2000-06-29,19.7000000000,
2000-06-30,19.5400000000,
2000-07-03,19.8300000000,
2000-07-05,21.1600000000,
2000-07-06,20.9400000000,
2000-07-07,19.2200000000,
2000-07-10,20.3300000000,
2000-07-11,20.1100000000,
2000-07-12,20.0300000000,
2000-07-13,20.0300000000,
2000-07-14,19.3200000000,
2000-07-17,19.4500000000,
2000-07-18,19.7500000000,
2000-07-19,19.6500000000,
2000-07-20,18.9400000000,
2000-07-21,18.9400000000,
2000-07-24,19.9200000000,
2000-07-25,19.3900000000,
2000-07-26,19.6700000000,
2000-07-27,19.6000000000,
2000-07-28,20.8400000000,
2000-07-31,20.7400000000,
2000-08-01,20.5500000000,
2000-08-02,20.0000000000,
2000-08-03,19.9900000000,
2000-08-04,18.6200000000,
2000-08-07,19.0300000000,
2000-08-08,18.7900000000,
2000-08-09,19.1800000000,
2000-08-10,19.1900000000,
2000-08-11,18.5500000000,
2000-08-14,17.8800000000,
2000-08-15,17.9800000000,
2000-08-16,18.0200000000,
2000-08-17,17.4800000000,
2000-08-18,17.0500000000,
2000-08-21,17.3500000000,
2000-08-22,17.4700000000,
2000-08-23,17.3800000000,
2000-08-24,17.0400000000,
2000-08-25,16.5300000000,
2000-08-28,16.5400000000,
2000-08-29,16.8900000000,
2000-08-30,17.6900000000,
2000-08-31,16.8400000000,
2000-09-01,17.5300000000,
2000-09-05,19.8200000000,
2000-09-06,20.7900000000,
2000-09-07,19.4200000000,
2000-09-08,18.4600000000,
2000-09-11,18.4000000000,
2000-09-12,18.5900000000,
2000-09-13,18.3200000000,
2000-09-14,18.2600000000,
2000-09-15,18.5200000000,
2000-09-18,20.2500000000,
2000-09-19,19.5400000000,
2000-09-20,19.9300000000,
2000-09-21,20.1800000000,
2000-09-22,20.7400000000,
2000-09-25,21.4100000000,
2000-09-26,21.8800000000,
2000-09-27,21.6700000000,
2000-09-28,19.4700000000,
2000-09-29,20.5700000000,
2000-10-02,21.2300000000,
2000-10-03,21.8500000000,
2000-10-04,21.5400000000,
2000-10-05,21.0300000000,
2000-10-06,22.7100000000,
2000-10-09,24.0200000000,
2000-10-10,24.8600000000,
2000-10-11,26.5700000000,
2000-10-12,30.5100000000,
2000-10-13,27.6000000000,
2000-10-16,26.7900000000,
2000-10-17,27.8400000000,
2000-10-18,28.7200000000,
2000-10-19,25.0900000000,
2000-10-20,24.2400000000,
2000-10-23,24.6900000000,
2000-10-24,24.2800000000,
2000-10-25,26.6500000000,
2000-10-26,28.6200000000,
2000-10-27,26.4700000000,
2000-10-30,25.4600000000,
2000-10-31,23.6300000000,
2000-11-01,24.2800000000,
2000-11-02,23.9200000000,
2000-11-03,23.6700000000,
2000-11-06,24.5200000000,
2000-11-07,24.9100000000,
2000-11-08,25.6600000000,
2000-11-09,27.2000000000,
2000-11-10,28.5300000000,
2000-11-13,29.0600000000,
2000-11-14,26.8100000000,
2000-11-15,26.1500000000,
2000-11-16,25.0500000000,
2000-11-17,24.8100000000,
2000-11-20,27.4300000000,
2000-11-21,26.6200000000,
2000-11-22,27.7100000000,
2000-11-24,26.0000000000,
2000-11-27,26.9300000000,
2000-11-28,27.6400000000,
2000-11-29,27.4900000000,
2000-11-30,29.6500000000,
2000-12-01,27.4800000000,
2000-12-04,27.7800000000,
2000-12-05,24.9900000000,
2000-12-06,25.0700000000,
2000-12-07,25.3400000000,
2000-12-08,22.4100000000,
2000-12-11,23.5100000000,
2000-12-12,24.8800000000,
2000-12-13,23.6300000000,
2000-12-14,24.8600000000,
2000-12-15,26.5500000000,
2000-12-18,27.7000000000,
2000-12-19,27.1700000000,
2000-12-20,31.7400000000,
2000-12-21,29.6600000000,
2000-12-22,27.5500000000,
2000-12-26,28.7300000000,
2000-12-27,28.1400000000,
2000-12-28,26.5700000000,
2000-12-29,26.8500000000,
2001-01-02,29.9900000000,
2001-01-03,26.6000000000,
2001-01-04,26.9700000000,
2001-01-05,28.6700000000,
2001-01-08,29.8400000000,
2001-01-09,27.9900000000,
2001-01-10,26.8000000000,
2001-01-11,25.7900000000,
2001-01-12,24.5600000000,
2001-01-16,25.2800000000,
2001-01-17,24.9300000000,
2001-01-18,23.3700000000,
2001-01-19,23.2400000000,
2001-01-22,23.2500000000,
2001-01-23,21.5700000000,
2001-01-24,22.0300000000,
2001-01-25,22.6400000000,
2001-01-26,22.5700000000,
2001-01-29,22.6100000000,
2001-01-30,22.5700000000,
2001-01-31,22.0200000000,
2001-02-01,21.6600000000,
2001-02-02,21.9500000000,
2001-02-05,22.1900000000,
2001-02-06,21.9800000000,
2001-02-07,21.6700000000,
2001-02-08,21.4600000000,
2001-02-09,22.0300000000,
2001-02-12,21.9200000000,
2001-02-13,21.3700000000,
2001-02-14,21.5200000000,
2001-02-15,20.2700000000,
2001-02-16,22.1200000000,
2001-02-20,24.6900000000,
2001-02-21,25.7500000000,
2001-02-22,26.7600000000,
2001-02-23,27.2100000000,
2001-02-26,25.4300000000,
2001-02-27,26.4900000000,
2001-02-28,28.3500000000,
2001-03-01,28.0800000000,
2001-03-02,27.4300000000,
2001-03-05,27.1200000000,
2001-03-06,25.8900000000,
2001-03-07,24.1200000000,
2001-03-08,24.2900000000,
2001-03-09,25.6200000000,
2001-03-12,30.3200000000,
2001-03-13,27.5500000000,
2001-03-14,29.6100000000,
2001-03-15,28.5600000000,
2001-03-16,29.9100000000,
2001-03-19,29.7800000000,
2001-03-20,30.9600000000,
2001-03-21,31.9300000000,
2001-03-22,32.8400000000,
2001-03-23,30.4500000000,
2001-03-26,29.0400000000,
2001-03-27,27.0400000000,
2001-03-28,28.5800000000,
2001-03-29,29.1700000000,
2001-03-30,28.6400000000,
2001-04-02,31.2100000000,
2001-04-03,34.7200000000,
2001-04-04,34.0700000000,
2001-04-05,29.9400000000,
2001-04-06,31.6900000000,
2001-04-09,31.9100000000,
2001-04-10,29.4400000000,
2001-04-11,28.4600000000,
2001-04-12,26.1200000000,
2001-04-16,26.3300000000,
2001-04-17,25.6100000000,
2001-04-18,24.1300000000,
2001-04-19,24.1600000000,
2001-04-20,25.3800000000,
2001-04-23,28.1600000000,
2001-04-24,28.4900000000,
2001-04-25,27.4000000000,
2001-04-26,25.9600000000,
2001-04-27,24.0200000000,
2001-04-30,25.4800000000,
2001-05-01,24.2000000000,
2001-05-02,24.2300000000,
2001-05-03,25.7800000000,
2001-05-04,23.9100000000,
2001-05-07,24.8600000000,
2001-05-08,24.4400000000,
2001-05-09,24.3500000000,
2001-05-10,24.0000000000,
2001-05-11,23.5400000000,
2001-05-14,24.2600000000,
2001-05-15,23.7100000000,
2001-05-16,21.8900000000,
2001-05-17,21.4700000000,
2001-05-18,21.2300000000,
2001-05-21,20.7600000000,
2001-05-22,21.3500000000,
2001-05-23,22.0800000000,
2001-05-24,20.5700000000,
2001-05-25,20.6000000000,
2001-05-29,22.1400000000,
2001-05-30,22.7600000000,
2001-05-31,22.6400000000,
2001-06-01,21.5900000000,
2001-06-04,21.3800000000,
2001-06-05,19.5800000000,
2001-06-06,20.3900000000,
2001-06-07,19.6700000000,
2001-06-08,19.9200000000,
2001-06-11,20.7000000000,
2001-06-12,20.7000000000,
2001-06-13,21.4500000000,
2001-06-14,23.1200000000,
2001-06-15,22.8100000000,
2001-06-18,23.1700000000,
2001-06-19,22.3400000000,
2001-06-20,21.7100000000,
2001-06-21,19.3800000000,
2001-06-22,20.0200000000,
2001-06-25,20.6700000000,
2001-06-26,21.2000000000,
2001-06-27,20.8800000000,
2001-06-28,20.0100000000,
2001-06-29,19.0600000000,
2001-07-02,18.7600000000,
2001-07-03,18.9200000000,
2001-07-05,20.0900000000,
2001-07-06,21.6300000000,
2001-07-09,22.4800000000,
2001-07-10,23.2500000000,
2001-07-11,24.0100000000,
2001-07-12,22.0900000000,
2001-07-13,21.1400000000,
2001-07-16,22.9100000000,
2001-07-17,22.6100000000,
2001-07-18,23.6000000000,
2001-07-19,22.5100000000,
2001-07-20,22.3400000000,
2001-07-23,23.7400000000,
2001-07-24,25.2400000000,
2001-07-25,24.0000000000,
2001-07-26,23.0100000000,
2001-07-27,22.0000000000,
2001-07-30,22.6900000000,
2001-07-31,21.6200000000,
2001-08-01,20.5600000000,
2001-08-02,20.0900000000,
2001-08-03,19.8900000000,
2001-08-06,21.8900000000,
2001-08-07,21.0100000000,
2001-08-08,22.3200000000,
2001-08-09,21.7500000000,
2001-08-10,20.5500000000,
2001-08-13,20.4200000000,
2001-08-14,20.4800000000,
2001-08-15,20.9100000000,
2001-08-16,21.5400000000,
2001-08-17,23.8400000000,
2001-08-20,22.8700000000,
2001-08-21,24.4000000000,
2001-08-22,22.4400000000,
2001-08-23,22.2300000000,
2001-08-24,19.7100000000,
2001-08-27,20.5600000000,
2001-08-28,22.0000000000,
2001-08-29,23.0300000000,
2001-08-30,25.4100000000,
2001-08-31,24.9200000000,
2001-09-04,25.8500000000,
2001-09-05,26.3500000000,
2001-09-06,28.6100000000,
2001-09-07,30.9900000000,
2001-09-10,31.8400000000,
2001-09-17,41.7600000000,
2001-09-18,38.8700000000,
2001-09-19,40.5600000000,
2001-09-20,43.7400000000,
2001-09-21,42.6600000000,
2001-09-24,37.7500000000,
2001-09-25,35.8100000000,
2001-09-26,35.2600000000,
2001-09-27,34.0000000000,
2001-09-28,31.9300000000,
2001-10-01,32.3200000000,
2001-10-02,31.1800000000,
2001-10-03,31.3400000000,
2001-10-04,31.9700000000,
2001-10-05,33.3900000000,
2001-10-08,35.1200000000,
2001-10-09,34.8300000000,
2001-10-10,31.6000000000,
2001-10-11,31.5000000000,
2001-10-12,35.2700000000,
2001-10-15,35.3100000000,
2001-10-16,32.8800000000,
2001-10-17,35.0800000000,
2001-10-18,34.9500000000,
2001-10-19,34.1100000000,
2001-10-22,32.2500000000,
2001-10-23,32.0000000000,
2001-10-24,30.9500000000,
2001-10-25,29.4600000000,
2001-10-26,28.4200000000,
2001-10-29,31.6400000000,
2001-10-30,33.4600000000,
2001-10-31,33.5600000000,
2001-11-01,32.3100000000,
2001-11-02,30.7100000000,
2001-11-05,30.5000000000,
2001-11-06,28.8000000000,
2001-11-07,29.1300000000,
2001-11-08,28.6200000000,
2001-11-09,27.4400000000,
2001-11-12,29.3500000000,
2001-11-13,26.4700000000,
2001-11-14,26.5600000000,
2001-11-15,25.5600000000,
2001-11-16,25.0700000000,
2001-11-19,24.4600000000,
2001-11-20,24.1200000000,
2001-11-21,24.1900000000,
2001-11-23,23.2500000000,
2001-11-26,23.7900000000,
2001-11-27,24.0000000000,
2001-11-28,25.9000000000,
2001-11-29,25.1800000000,
2001-11-30,23.8400000000,
2001-12-03,25.7700000000,
2001-12-04,24.0800000000,
2001-12-05,23.0200000000,
2001-12-06,23.7100000000,
2001-12-07,23.4900000000,
2001-12-10,25.6200000000,
2001-12-11,25.3000000000,
2001-12-12,24.8700000000,
2001-12-13,25.9100000000,
2001-12-14,24.6300000000,
2001-12-17,24.2600000000,
2001-12-18,23.2900000000,
2001-12-19,22.5800000000,
2001-12-20,23.6700000000,
2001-12-21,22.5000000000,
2001-12-24,22.6200000000,
2001-12-26,22.2900000000,
2001-12-27,21.5900000000,
2001-12-28,21.4000000000,
2001-12-31,23.8000000000,
2002-01-02,22.7100000000,
2002-01-03,21.3400000000,
2002-01-04,20.4500000000,
2002-01-07,21.9400000000,
2002-01-08,21.8300000000,
2002-01-09,22.1300000000,
2002-01-10,22.3600000000,
2002-01-11,22.6000000000,
2002-01-14,23.5800000000,
2002-01-15,22.7000000000,
2002-01-16,23.4500000000,
2002-01-17,22.2500000000,
2002-01-18,22.5200000000,
2002-01-22,23.6100000000,
2002-01-23,21.8800000000,
2002-01-24,21.1500000000,
2002-01-25,21.0100000000,
2002-01-28,21.1400000000,
2002-01-29,24.3500000000,
2002-01-30,23.2200000000,
2002-01-31,21.0900000000,
2002-02-01,21.1200000000,
2002-02-04,24.8700000000,
2002-02-05,25.4500000000,
2002-02-06,26.0900000000,
2002-02-07,25.1100000000,
2002-02-08,23.2600000000,
2002-02-11,21.7800000000,
2002-02-12,21.6200000000,
2002-02-13,20.8500000000,
2002-02-14,21.7700000000,
2002-02-15,22.3700000000,
2002-02-19,24.4300000000,
2002-02-20,22.6600000000,
2002-02-21,23.8000000000,
2002-02-22,22.8600000000,
2002-02-25,21.8400000000,
2002-02-26,21.6800000000,
2002-02-27,21.4900000000,
2002-02-28,21.5900000000,
2002-03-01,19.9600000000,
2002-03-04,20.5000000000,
2002-03-05,20.3000000000,
2002-03-06,19.9400000000,
2002-03-07,20.0400000000,
2002-03-08,19.2700000000,
2002-03-11,19.8400000000,
2002-03-12,19.5900000000,
2002-03-13,19.4600000000,
2002-03-14,19.2000000000,
2002-03-15,18.4200000000,
2002-03-18,18.9300000000,
2002-03-19,18.1600000000,
2002-03-20,18.4600000000,
2002-03-21,18.1500000000,
2002-03-22,17.7700000000,
2002-03-25,18.4800000000,
2002-03-26,18.1300000000,
2002-03-27,17.7000000000,
2002-03-28,17.4000000000,
2002-04-01,18.7300000000,
2002-04-02,19.1600000000,
2002-04-03,20.2000000000,
2002-04-04,19.7800000000,
2002-04-05,19.1300000000,
2002-04-08,19.6100000000,
2002-04-09,19.4700000000,
2002-04-10,18.1900000000,
2002-04-11,20.3000000000,
2002-04-12,19.4200000000,
2002-04-15,19.8200000000,
2002-04-16,18.1100000000,
2002-04-17,18.4300000000,
2002-04-18,19.2900000000,
2002-04-19,18.3000000000,
2002-04-22,19.7700000000,
2002-04-23,20.2800000000,
2002-04-24,20.7700000000,
2002-04-25,20.9500000000,
2002-04-26,22.1400000000,
2002-04-29,24.0500000000,
2002-04-30,21.9100000000,
2002-05-01,20.0600000000,
2002-05-02,20.0700000000,
2002-05-03,20.1900000000,
2002-05-06,22.5600000000,
2002-05-07,21.9400000000,
2002-05-08,20.3900000000,
2002-05-09,21.5600000000,
2002-05-10,22.4100000000,
2002-05-13,20.7200000000,
2002-05-14,19.3500000000,
2002-05-15,19.1900000000,
2002-05-16,18.5000000000,
2002-05-17,17.7000000000,
2002-05-20,19.2400000000,
2002-05-21,20.0500000000,
2002-05-22,19.5800000000,
2002-05-23,18.2300000000,
2002-05-24,18.9000000000,
2002-05-28,20.3100000000,
2002-05-29,20.3900000000,
2002-05-30,20.6100000000,
2002-05-31,19.9800000000,
2002-06-03,23.3700000000,
2002-06-04,23.8900000000,
2002-06-05,22.6100000000,
2002-06-06,24.1600000000,
2002-06-07,23.5100000000,
2002-06-10,23.7200000000,
2002-06-11,24.4500000000,
2002-06-12,24.1500000000,
2002-06-13,25.0200000000,
2002-06-14,25.9600000000,
2002-06-17,24.6400000000,
2002-06-18,24.2400000000,
2002-06-19,26.0600000000,
2002-06-20,27.4800000000,
2002-06-21,27.2300000000,
2002-06-24,26.9800000000,
2002-06-25,27.8400000000,
2002-06-26,28.4200000000,
2002-06-27,26.2900000000,
2002-06-28,25.4000000000,
2002-07-01,27.1100000000,
2002-07-02,28.9600000000,
2002-07-03,29.4200000000,
2002-07-05,27.1100000000,
2002-07-08,28.2500000000,
2002-07-09,30.2200000000,
2002-07-10,34.1000000000,
2002-07-11,33.8500000000,
2002-07-12,32.9400000000,
2002-07-15,35.0300000000,
2002-07-16,36.6500000000,
2002-07-17,35.4500000000,
2002-07-18,35.1200000000,
2002-07-19,38.1700000000,
2002-07-22,41.8700000000,
2002-07-23,44.9200000000,
2002-07-24,39.8600000000,
2002-07-25,39.2700000000,
2002-07-26,35.5100000000,
2002-07-29,31.3300000000,
2002-07-30,31.9200000000,
2002-07-31,32.0300000000,
2002-08-01,36.9500000000,
2002-08-02,41.2900000000,
2002-08-05,45.0800000000,
2002-08-06,42.0300000000,
2002-08-07,38.7300000000,
2002-08-08,36.3300000000,
2002-08-09,35.3300000000,
2002-08-12,37.0500000000,
2002-08-13,35.8200000000,
2002-08-14,32.3600000000,
2002-08-15,29.4300000000,
2002-08-16,28.8100000000,
2002-08-19,28.6100000000,
2002-08-20,29.5900000000,
2002-08-21,28.2300000000,
2002-08-22,27.7500000000,
2002-08-23,29.3200000000,
2002-08-26,29.8900000000,
2002-08-27,30.1100000000,
2002-08-28,33.3200000000,
2002-08-29,33.6700000000,
2002-08-30,32.6400000000,
2002-09-03,39.9700000000,
2002-09-04,37.4400000000,
2002-09-05,38.8600000000,
2002-09-06,36.3300000000,
2002-09-09,36.4500000000,
2002-09-10,35.0800000000,
2002-09-11,34.8100000000,
2002-09-12,37.5000000000,
2002-09-13,35.8200000000,
2002-09-16,36.7400000000,
2002-09-17,38.0100000000,
2002-09-18,37.5200000000,
2002-09-19,40.6500000000,
2002-09-20,38.9800000000,
2002-09-23,39.6800000000,
2002-09-24,40.5200000000,
2002-09-25,37.3300000000,
2002-09-26,34.6000000000,
2002-09-27,36.9700000000,
2002-09-30,39.6900000000,
2002-10-01,34.1200000000,
2002-10-02,36.8300000000,
2002-10-03,37.3100000000,
2002-10-04,39.4600000000,
2002-10-07,42.6400000000,
2002-10-08,41.0200000000,
2002-10-09,42.1300000000,
2002-10-10,37.5500000000,
2002-10-11,35.7000000000,
2002-10-14,36.0400000000,
2002-10-15,34.0200000000,
2002-10-16,36.0000000000,
2002-10-17,34.1000000000,
2002-10-18,33.5300000000,
2002-10-21,33.1100000000,
2002-10-22,34.0900000000,
2002-10-23,33.2000000000,
2002-10-24,34.0300000000,
2002-10-25,30.0000000000,
2002-10-28,31.0700000000,
2002-10-29,32.2700000000,
2002-10-30,31.2300000000,
2002-10-31,31.1400000000,
2002-11-01,29.3000000000,
2002-11-04,30.8200000000,
2002-11-05,31.2300000000,
2002-11-06,30.7300000000,
2002-11-07,31.4200000000,
2002-11-08,29.4100000000,
2002-11-11,31.3000000000,
2002-11-12,30.5800000000,
2002-11-13,31.2400000000,
2002-11-14,28.6700000000,
2002-11-15,26.6500000000,
2002-11-18,27.6600000000,
2002-11-19,27.4100000000,
2002-11-20,25.3200000000,
2002-11-21,23.8100000000,
2002-11-22,23.1600000000,
2002-11-25,24.0700000000,
2002-11-26,25.9700000000,
2002-11-27,27.2500000000,
2002-11-29,27.5000000000,
2002-12-02,27.4600000000,
2002-12-03,28.3300000000,
2002-12-04,28.9200000000,
2002-12-05,30.1000000000,
2002-12-06,28.8800000000,
2002-12-09,30.7800000000,
2002-12-10,28.7600000000,
2002-12-11,27.7600000000,
2002-12-12,27.2900000000,
2002-12-13,28.1800000000,
2002-12-16,26.2400000000,
2002-12-17,26.6600000000,
2002-12-18,28.2900000000,
2002-12-19,30.2100000000,
2002-12-20,26.7100000000,
2002-12-23,26.2000000000,
2002-12-24,26.4900000000,
2002-12-26,27.3700000000,
2002-12-27,29.5500000000,
2002-12-30,29.6200000000,
2002-12-31,28.6200000000,
2003-01-02,25.3900000000,
2003-01-03,24.6800000000,
2003-01-06,24.9100000000,
2003-01-07,25.1300000000,
2003-01-08,25.5300000000,
2003-01-09,24.2500000000,
2003-01-10,24.3200000000,
2003-01-13,24.9000000000,
2003-01-14,24.5700000000,
2003-01-15,25.5100000000,
2003-01-16,25.0100000000,
2003-01-17,25.7000000000,
2003-01-21,27.5900000000,
2003-01-22,29.0100000000,
2003-01-23,27.5300000000,
2003-01-24,31.5100000000,
2003-01-27,34.6900000000,
2003-01-28,31.9300000000,
2003-01-29,31.2600000000,
2003-01-30,31.3200000000,
2003-01-31,31.1700000000,
2003-02-03,31.0200000000,
2003-02-04,32.7600000000,
2003-02-05,33.0400000000,
2003-02-06,33.3500000000,
2003-02-07,34.0100000000,
2003-02-10,33.9900000000,
2003-02-11,33.6800000000,
2003-02-12,34.3300000000,
2003-02-13,33.7000000000,
2003-02-14,32.6200000000,
2003-02-18,31.1100000000,
2003-02-19,31.3100000000,
2003-02-20,31.1600000000,
2003-02-21,30.2500000000,
2003-02-24,31.9800000000,
2003-02-25,31.7400000000,
2003-02-26,31.9400000000,
2003-02-27,30.5300000000,
2003-02-28,29.6300000000,
2003-03-03,30.4300000000,
2003-03-04,31.8300000000,
2003-03-05,30.3800000000,
2003-03-06,31.3700000000,
2003-03-07,31.0800000000,
2003-03-10,33.3100000000,
2003-03-11,33.6100000000,
2003-03-12,33.5100000000,
2003-03-13,31.7600000000,
2003-03-14,30.9800000000,
2003-03-17,31.7500000000,
2003-03-18,30.4300000000,
2003-03-19,31.5400000000,
2003-03-20,30.4400000000,
2003-03-21,28.6700000000,
2003-03-24,30.3900000000,
2003-03-25,28.7500000000,
2003-03-26,28.2300000000,
2003-03-27,27.9600000000,
2003-03-28,27.7500000000,
2003-03-31,29.1500000000,
2003-04-01,28.3600000000,
2003-04-02,28.0200000000,
2003-04-03,28.2100000000,
2003-04-04,29.1300000000,
2003-04-07,28.4500000000,
2003-04-08,27.1300000000,
2003-04-09,27.1100000000,
2003-04-10,25.6000000000,
2003-04-11,24.4400000000,
2003-04-14,23.4100000000,
2003-04-15,22.5600000000,
2003-04-16,22.5200000000,
2003-04-17,21.5000000000,
2003-04-21,21.9500000000,
2003-04-22,20.7000000000,
2003-04-23,20.8000000000,
2003-04-24,20.3300000000,
2003-04-25,20.8000000000,
2003-04-28,20.8400000000,
2003-04-29,20.7600000000,
2003-04-30,21.2100000000,
2003-05-01,21.5900000000,
2003-05-02,20.6300000000,
2003-05-05,21.1300000000,
2003-05-06,20.8000000000,
2003-05-07,21.0000000000,
2003-05-08,21.2400000000,
2003-05-09,19.6900000000,
2003-05-12,19.5200000000,
2003-05-13,19.9100000000,
2003-05-14,20.0000000000,
2003-05-15,19.2400000000,
2003-05-16,18.4000000000,
2003-05-19,20.5100000000,
2003-05-20,21.2900000000,
2003-05-21,21.2100000000,
2003-05-22,19.7800000000,
2003-05-23,19.1700000000,
2003-05-27,19.9900000000,
2003-05-28,20.0300000000,
2003-05-29,20.4300000000,
2003-05-30,19.4700000000,
2003-06-02,20.8500000000,
2003-06-03,20.8400000000,
2003-06-04,20.6200000000,
2003-06-05,20.8300000000,
2003-06-06,21.2500000000,
2003-06-09,22.1500000000,
2003-06-10,20.6400000000,
2003-06-11,20.2100000000,
2003-06-12,20.4100000000,
2003-06-13,20.6600000000,
2003-06-16,20.2200000000,
2003-06-17,20.0100000000,
2003-06-18,19.7600000000,
2003-06-19,19.8000000000,
2003-06-20,19.1400000000,
2003-06-23,20.5800000000,
2003-06-24,20.7500000000,
2003-06-25,20.8100000000,
2003-06-26,19.4000000000,
2003-06-27,19.1600000000,
2003-06-30,19.5200000000,
2003-07-01,19.4600000000,
2003-07-02,19.0300000000,
2003-07-03,19.3900000000,
2003-07-07,20.0600000000,
2003-07-08,19.4800000000,
2003-07-09,18.9300000000,
2003-07-10,19.1900000000,
2003-07-11,18.4700000000,
2003-07-14,19.5900000000,
2003-07-15,19.5500000000,
2003-07-16,19.7600000000,
2003-07-17,20.2200000000,
2003-07-18,19.1100000000,
2003-07-21,19.7800000000,
2003-07-22,19.1700000000,
2003-07-23,18.6400000000,
2003-07-24,18.6000000000,
2003-07-25,17.7500000000,
2003-07-28,18.3600000000,
2003-07-29,18.6700000000,
2003-07-30,18.8500000000,
2003-07-31,19.4900000000,
2003-08-01,20.7500000000,
2003-08-04,21.2700000000,
2003-08-05,22.6800000000,
2003-08-06,21.5000000000,
2003-08-07,20.2600000000,
2003-08-08,19.5900000000,
2003-08-11,19.7500000000,
2003-08-12,17.9400000000,
2003-08-13,18.7700000000,
2003-08-14,18.4700000000,
2003-08-15,18.2700000000,
2003-08-18,18.1800000000,
2003-08-19,17.8600000000,
2003-08-20,17.8200000000,
2003-08-21,17.8400000000,
2003-08-22,18.5500000000,
2003-08-25,19.5300000000,
2003-08-26,19.4900000000,
2003-08-27,19.1300000000,
2003-08-28,18.4800000000,
2003-08-29,18.6300000000,
2003-09-02,19.0200000000,
2003-09-03,19.4400000000,
2003-09-04,18.7100000000,
2003-09-05,18.1700000000,
2003-09-08,18.2600000000,
2003-09-09,18.8500000000,
2003-09-10,20.0100000000,
2003-09-11,19.2500000000,
2003-09-12,18.6800000000,
2003-09-15,19.2800000000,
2003-09-16,18.0300000000,
2003-09-17,18.1500000000,
2003-09-18,17.5700000000,
2003-09-19,17.5400000000,
2003-09-22,19.6500000000,
2003-09-23,19.4700000000,
2003-09-24,21.2200000000,
2003-09-25,22.2600000000,
2003-09-26,22.2300000000,
2003-09-29,21.6700000000,
2003-09-30,22.7200000000,
2003-10-01,21.0700000000,
2003-10-02,20.8000000000,
2003-10-03,19.5000000000,
2003-10-06,19.5100000000,
2003-10-07,19.4100000000,
2003-10-08,19.1800000000,
2003-10-09,18.8200000000,
2003-10-10,18.4500000000,
2003-10-13,17.5500000000,
2003-10-14,17.3700000000,
2003-10-15,17.6900000000,
2003-10-16,17.1900000000,
2003-10-17,17.6200000000,
2003-10-20,17.0400000000,
2003-10-21,16.5500000000,
2003-10-22,17.6700000000,
2003-10-23,17.6800000000,
2003-10-24,17.7100000000,
2003-10-27,18.0500000000,
2003-10-28,16.8200000000,
2003-10-29,16.4300000000,
2003-10-30,16.3300000000,
2003-10-31,16.1000000000,
2003-11-03,16.5500000000,
2003-11-04,16.5500000000,
2003-11-05,16.8600000000,
2003-11-06,16.7400000000,
2003-11-07,16.9300000000,
2003-11-10,17.6200000000,
2003-11-11,17.5400000000,
2003-11-12,16.7500000000,
2003-11-13,16.4700000000,
2003-11-14,16.9400000000,
2003-11-17,18.6000000000,
2003-11-18,19.1100000000,
2003-11-19,18.8000000000,
2003-11-20,19.4800000000,
2003-11-21,18.9800000000,
2003-11-24,17.4400000000,
2003-11-25,16.7100000000,
2003-11-26,16.2300000000,
2003-11-28,16.3200000000,
2003-12-01,16.7700000000,
2003-12-02,16.2700000000,
2003-12-03,16.6300000000,
2003-12-04,16.3000000000,
2003-12-05,17.0900000000,
2003-12-08,16.5400000000,
2003-12-09,17.6300000000,
2003-12-10,17.8700000000,
2003-12-11,16.7300000000,
2003-12-12,16.4100000000,
2003-12-15,17.2300000000,
2003-12-16,15.9300000000,
2003-12-17,15.5800000000,
2003-12-18,16.1600000000,
2003-12-19,16.4200000000,
2003-12-22,16.9400000000,
2003-12-23,16.4900000000,
2003-12-24,16.6600000000,
2003-12-26,17.4500000000,
2003-12-29,17.0900000000,
2003-12-30,17.6800000000,
2003-12-31,18.3100000000,
2004-01-02,18.2200000000,
2004-01-05,17.4900000000,
2004-01-06,16.7300000000,
2004-01-07,15.5000000000,
2004-01-08,15.6100000000,
2004-01-09,16.7500000000,
2004-01-12,16.8200000000,
2004-01-13,18.0400000000,
2004-01-14,16.7500000000,
2004-01-15,15.5600000000,
2004-01-16,15.0000000000,
2004-01-20,15.2100000000,
2004-01-21,14.3400000000,
2004-01-22,14.7100000000,
2004-01-23,14.8400000000,
2004-01-26,14.5500000000,
2004-01-27,15.3500000000,
2004-01-28,16.7800000000,
2004-01-29,17.1400000000,
2004-01-30,16.6300000000,
2004-02-02,17.1100000000,
2004-02-03,17.3400000000,
2004-02-04,17.8700000000,
2004-02-05,17.7100000000,
2004-02-06,16.0000000000,
2004-02-09,16.3900000000,
2004-02-10,15.9400000000,
2004-02-11,15.3900000000,
2004-02-12,15.3100000000,
2004-02-13,15.5800000000,
2004-02-17,15.4000000000,
2004-02-18,15.5900000000,
2004-02-19,15.8000000000,
2004-02-20,16.0400000000,
2004-02-23,16.2900000000,
2004-02-24,15.9000000000,
2004-02-25,14.9300000000,
2004-02-26,14.8300000000,
2004-02-27,14.5500000000,
2004-03-01,14.4400000000,
2004-03-02,14.8600000000,
2004-03-03,14.5500000000,
2004-03-04,14.4000000000,
2004-03-05,14.4800000000,
2004-03-08,15.7900000000,
2004-03-09,16.6000000000,
2004-03-10,18.6700000000,
2004-03-11,20.6700000000,
2004-03-12,18.3000000000,
2004-03-15,21.1300000000,
2004-03-16,20.3400000000,
2004-03-17,18.1100000000,
2004-03-18,18.5300000000,
2004-03-19,19.1500000000,
2004-03-22,21.5800000000,
2004-03-23,20.6700000000,
2004-03-24,19.8100000000,
2004-03-25,17.8800000000,
2004-03-26,17.3300000000,
2004-03-29,16.5000000000,
2004-03-30,16.2800000000,
2004-03-31,16.7400000000,
2004-04-01,16.6500000000,
2004-04-02,15.6400000000,
2004-04-05,14.9700000000,
2004-04-06,15.3200000000,
2004-04-07,15.7600000000,
2004-04-08,16.2600000000,
2004-04-12,15.2800000000,
2004-04-13,17.2600000000,
2004-04-14,15.6200000000,
2004-04-15,15.7400000000,
2004-04-16,14.9400000000,
2004-04-19,15.4200000000,
2004-04-20,16.6700000000,
2004-04-21,15.6000000000,
2004-04-22,14.6100000000,
2004-04-23,14.0100000000,
2004-04-26,14.7700000000,
2004-04-27,15.0700000000,
2004-04-28,16.2900000000,
2004-04-29,16.6000000000,
2004-04-30,17.1900000000,
2004-05-03,16.6200000000,
2004-05-04,16.5500000000,
2004-05-05,15.7700000000,
2004-05-06,17.0500000000,
2004-05-07,18.1300000000,
2004-05-10,19.7700000000,
2004-05-11,18.5700000000,
2004-05-12,18.1400000000,
2004-05-13,18.8600000000,
2004-05-14,18.4700000000,
2004-05-17,19.9600000000,
2004-05-18,19.3300000000,
2004-05-19,18.9300000000,
2004-05-20,18.6700000000,
2004-05-21,18.4900000000,
2004-05-24,18.0800000000,
2004-05-25,15.9600000000,
2004-05-26,15.9700000000,
2004-05-27,15.2800000000,
2004-05-28,15.5000000000,
2004-06-01,16.3000000000,
2004-06-02,16.0800000000,
2004-06-03,17.0300000000,
2004-06-04,16.7800000000,
2004-06-07,15.3900000000,
2004-06-08,15.0100000000,
2004-06-09,15.3900000000,
2004-06-10,15.0400000000,
2004-06-11,15.0400000000,
2004-06-14,16.0700000000,
2004-06-15,15.0500000000,
2004-06-16,14.7900000000,
2004-06-17,15.1500000000,
2004-06-18,14.9900000000,
2004-06-21,15.2600000000,
2004-06-22,14.3100000000,
2004-06-23,13.9800000000,
2004-06-24,14.8100000000,
2004-06-25,15.1900000000,
2004-06-28,16.0700000000,
2004-06-29,15.4700000000,
2004-06-30,14.3400000000,
2004-07-01,15.2000000000,
2004-07-02,15.0800000000,
2004-07-06,16.2500000000,
2004-07-07,15.8100000000,
2004-07-08,16.2000000000,
2004-07-09,15.7800000000,
2004-07-12,14.9600000000,
2004-07-13,14.4600000000,
2004-07-14,13.7600000000,
2004-07-15,14.7100000000,
2004-07-16,14.3400000000,
2004-07-19,15.1700000000,
2004-07-20,14.1700000000,
2004-07-21,16.4100000000,
2004-07-22,15.7500000000,
2004-07-23,16.5000000000,
2004-07-26,17.3000000000,
2004-07-27,16.5500000000,
2004-07-28,16.1500000000,
2004-07-29,15.6800000000,
2004-07-30,15.3200000000,
2004-08-02,15.3700000000,
2004-08-03,16.0300000000,
2004-08-04,16.2100000000,
2004-08-05,18.3200000000,
2004-08-06,19.3400000000,
2004-08-09,18.8900000000,
2004-08-10,17.4700000000,
2004-08-11,18.0400000000,
2004-08-12,19.0800000000,
2004-08-13,17.9800000000,
2004-08-16,17.5700000000,
2004-08-17,17.0200000000,
2004-08-18,16.2300000000,
2004-08-19,16.9600000000,
2004-08-20,16.0000000000,
2004-08-23,15.8800000000,
2004-08-24,15.3300000000,
2004-08-25,14.9800000000,
2004-08-26,14.9100000000,
2004-08-27,14.7100000000,
2004-08-30,15.4400000000,
2004-08-31,15.2900000000,
2004-09-01,14.9100000000,
2004-09-02,14.2800000000,
2004-09-03,13.9100000000,
2004-09-07,14.0700000000,
2004-09-08,14.0600000000,
2004-09-09,14.0100000000,
2004-09-10,13.7600000000,
2004-09-13,13.1700000000,
2004-09-14,13.5600000000,
2004-09-15,14.6400000000,
2004-09-16,14.3900000000,
2004-09-17,14.0300000000,
2004-09-20,14.4300000000,
2004-09-21,13.6600000000,
2004-09-22,14.7400000000,
2004-09-23,14.8000000000,
2004-09-24,14.2800000000,
2004-09-27,14.6200000000,
2004-09-28,13.8300000000,
2004-09-29,13.2100000000,
2004-09-30,13.3400000000,
2004-10-01,12.7500000000,
2004-10-04,13.4100000000,
2004-10-05,13.9500000000,
2004-10-06,13.2800000000,
2004-10-07,14.5000000000,
2004-10-08,15.0500000000,
2004-10-11,14.7100000000,
2004-10-12,15.0500000000,
2004-10-13,15.4200000000,
2004-10-14,16.4300000000,
2004-10-15,15.0400000000,
2004-10-18,14.7100000000,
2004-10-19,15.1300000000,
2004-10-20,14.8500000000,
2004-10-21,14.5400000000,
2004-10-22,15.2800000000,
2004-10-25,16.5800000000,
2004-10-26,16.3900000000,
2004-10-27,15.7200000000,
2004-10-28,15.3900000000,
2004-10-29,16.2700000000,
2004-11-01,16.2700000000,
2004-11-02,16.1800000000,
2004-11-03,14.0400000000,
2004-11-04,13.9700000000,
2004-11-05,13.8400000000,
2004-11-08,13.8000000000,
2004-11-09,13.6100000000,
2004-11-10,13.0800000000,
2004-11-11,13.0400000000,
2004-11-12,13.3300000000,
2004-11-15,13.3800000000,
2004-11-16,13.2100000000,
2004-11-17,13.2100000000,
2004-11-18,12.9800000000,
2004-11-19,13.5000000000,
2004-11-22,12.9700000000,
2004-11-23,12.6700000000,
2004-11-24,12.7200000000,
2004-11-26,12.7900000000,
2004-11-29,13.3000000000,
2004-11-30,13.2400000000,
2004-12-01,12.9700000000,
2004-12-02,12.9800000000,
2004-12-03,12.9600000000,
2004-12-06,13.1900000000,
2004-12-07,13.6700000000,
2004-12-08,13.1900000000,
2004-12-09,12.8800000000,
2004-12-10,12.7600000000,
2004-12-13,12.5400000000,
2004-12-14,12.7300000000,
2004-12-15,12.3500000000,
2004-12-16,12.2700000000,
2004-12-17,11.9500000000,
2004-12-20,11.8300000000,
2004-12-21,11.5500000000,
2004-12-22,11.4500000000,
2004-12-23,11.2300000000,
2004-12-27,12.1400000000,
2004-12-28,12.0000000000,
2004-12-29,11.6200000000,
2004-12-30,12.5600000000,
2004-12-31,13.2900000000,
2005-01-03,14.0800000000,
2005-01-04,13.9800000000,
2005-01-05,14.0900000000,
2005-01-06,13.5800000000,
2005-01-07,13.4900000000,
2005-01-10,13.2300000000,
2005-01-11,13.1900000000,
2005-01-12,12.5600000000,
2005-01-13,12.8400000000,
2005-01-14,12.4300000000,
2005-01-18,12.4700000000,
2005-01-19,13.1800000000,
2005-01-20,13.8300000000,
2005-01-21,14.3600000000,
2005-01-24,14.6500000000,
2005-01-25,14.0600000000,
2005-01-26,13.4400000000,
2005-01-27,13.2400000000,
2005-01-28,13.2400000000,
2005-01-31,12.8200000000,
2005-02-01,12.0300000000,
2005-02-02,11.6600000000,
2005-02-03,11.7900000000,
2005-02-04,11.2100000000,
2005-02-07,11.7300000000,
2005-02-08,11.6000000000,
2005-02-09,12.0000000000,
2005-02-10,11.5100000000,
2005-02-11,11.4300000000,
2005-02-14,11.5200000000,
2005-02-15,11.2700000000,
2005-02-16,11.1000000000,
2005-02-17,11.7700000000,
2005-02-18,11.1800000000,
2005-02-22,13.1400000000,
2005-02-23,12.3900000000,
2005-02-24,11.5700000000,
2005-02-25,11.4900000000,
2005-02-28,12.0800000000,
2005-03-01,12.0400000000,
2005-03-02,12.5000000000,
2005-03-03,12.9300000000,
2005-03-04,11.9400000000,
2005-03-07,12.2600000000,
2005-03-08,12.4000000000,
2005-03-09,12.7000000000,
2005-03-10,12.4900000000,
2005-03-11,12.8000000000,
2005-03-14,12.3900000000,
2005-03-15,13.1500000000,
2005-03-16,13.4900000000,
2005-03-17,13.2900000000,
2005-03-18,13.1400000000,
2005-03-21,13.6100000000,
2005-03-22,14.2700000000,
2005-03-23,14.0600000000,
2005-03-24,13.4200000000,
2005-03-28,13.7500000000,
2005-03-29,14.4900000000,
2005-03-30,13.6400000000,
2005-03-31,14.0200000000,
2005-04-01,14.0900000000,
2005-04-04,14.1100000000,
2005-04-05,13.6800000000,
2005-04-06,13.1500000000,
2005-04-07,12.3300000000,
2005-04-08,12.6200000000,
2005-04-11,11.9800000000,
2005-04-12,11.3000000000,
2005-04-13,13.3100000000,
2005-04-14,14.5300000000,
2005-04-15,17.7400000000,
2005-04-18,16.5600000000,
2005-04-19,14.9600000000,
2005-04-20,16.9200000000,
2005-04-21,14.4100000000,
2005-04-22,15.3800000000,
2005-04-25,14.6200000000,
2005-04-26,14.9100000000,
2005-04-27,14.8700000000,
2005-04-28,16.8600000000,
2005-04-29,15.3100000000,
2005-05-02,15.1200000000,
2005-05-03,14.5300000000,
2005-05-04,13.8500000000,
2005-05-05,13.9800000000,
2005-05-06,14.0500000000,
2005-05-09,13.7500000000,
2005-05-10,14.9100000000,
2005-05-11,14.4500000000,
2005-05-12,16.1200000000,
2005-05-13,16.3200000000,
2005-05-16,15.6800000000,
2005-05-17,14.5700000000,
2005-05-18,13.6300000000,
2005-05-19,13.3200000000,
2005-05-20,13.1400000000,
2005-05-23,12.9500000000,
2005-05-24,12.6900000000,
2005-05-25,12.5800000000,
2005-05-26,12.2400000000,
2005-05-27,12.1500000000,
2005-05-31,13.2900000000,
2005-06-01,12.3600000000,
2005-06-02,11.8400000000,
2005-06-03,12.1500000000,
2005-06-06,12.2800000000,
2005-06-07,12.3900000000,
2005-06-08,12.7000000000,
2005-06-09,12.0800000000,
2005-06-10,11.9600000000,
2005-06-13,11.6500000000,
2005-06-14,11.7900000000,
2005-06-15,11.4600000000,
2005-06-16,11.1500000000,
2005-06-17,11.4800000000,
2005-06-20,11.4700000000,
2005-06-21,11.0800000000,
2005-06-22,11.0500000000,
2005-06-23,12.1300000000,
2005-06-24,12.1800000000,
2005-06-27,12.5200000000,
2005-06-28,11.5800000000,
2005-06-29,11.7700000000,
2005-06-30,12.0400000000,
2005-07-01,11.4000000000,
2005-07-05,11.6800000000,
2005-07-06,12.2700000000,
2005-07-07,12.4900000000,
2005-07-08,11.4500000000,
2005-07-11,11.2800000000,
2005-07-12,10.9500000000,
2005-07-13,10.8400000000,
2005-07-14,10.8100000000,
2005-07-15,10.3300000000,
2005-07-18,10.7700000000,
2005-07-19,10.4500000000,
2005-07-20,10.2300000000,
2005-07-21,10.9700000000,
2005-07-22,10.5200000000,
2005-07-25,11.1000000000,
2005-07-26,10.9900000000,
2005-07-27,10.3600000000,
2005-07-28,10.5200000000,
2005-07-29,11.5700000000,
2005-08-01,12.0800000000,
2005-08-02,11.7500000000,
2005-08-03,11.8300000000,
2005-08-04,12.5200000000,
2005-08-05,12.4800000000,
2005-08-08,13.2100000000,
2005-08-09,12.4000000000,
2005-08-10,12.3800000000,
2005-08-11,12.4200000000,
2005-08-12,12.7400000000,
2005-08-15,12.2600000000,
2005-08-16,13.5200000000,
2005-08-17,13.3000000000,
2005-08-18,13.4200000000,
2005-08-19,13.4200000000,
2005-08-22,13.4200000000,
2005-08-23,13.3400000000,
2005-08-24,14.1700000000,
2005-08-25,13.7300000000,
2005-08-26,13.7200000000,
2005-08-29,13.5200000000,
2005-08-30,13.6500000000,
2005-08-31,12.6000000000,
2005-09-01,13.1500000000,
2005-09-02,13.5700000000,
2005-09-06,12.9300000000,
2005-09-07,12.5200000000,
2005-09-08,12.9300000000,
2005-09-09,11.9800000000,
2005-09-12,11.6500000000,
2005-09-13,12.3900000000,
2005-09-14,12.9100000000,
2005-09-15,12.4900000000,
2005-09-16,11.2200000000,
2005-09-19,12.1400000000,
2005-09-20,12.6400000000,
2005-09-21,13.7900000000,
2005-09-22,13.3300000000,
2005-09-23,12.9600000000,
2005-09-26,13.0400000000,
2005-09-27,12.7600000000,
2005-09-28,12.6300000000,
2005-09-29,12.2400000000,
2005-09-30,11.9200000000,
2005-10-03,12.4600000000,
2005-10-04,13.2000000000,
2005-10-05,14.5500000000,
2005-10-06,14.9600000000,
2005-10-07,14.5900000000,
2005-10-10,15.5500000000,
2005-10-11,15.6300000000,
2005-10-12,16.2200000000,
2005-10-13,16.4700000000,
2005-10-14,14.8700000000,
2005-10-17,14.6700000000,
2005-10-18,15.3300000000,
2005-10-19,13.5000000000,
2005-10-20,16.1100000000,
2005-10-21,16.1300000000,
2005-10-24,14.7400000000,
2005-10-25,14.5300000000,
2005-10-26,14.5900000000,
2005-10-27,16.0200000000,
2005-10-28,14.2500000000,
2005-10-31,15.3200000000,
2005-11-01,14.8500000000,
2005-11-02,13.4800000000,
2005-11-03,13.0000000000,
2005-11-04,13.1700000000,
2005-11-07,13.1000000000,
2005-11-08,13.0800000000,
2005-11-09,12.8000000000,
2005-11-10,11.9000000000,
2005-11-11,11.6300000000,
2005-11-14,12.1800000000,
2005-11-15,12.2300000000,
2005-11-16,12.2600000000,
2005-11-17,11.2500000000,
2005-11-18,11.1200000000,
2005-11-21,10.8200000000,
2005-11-22,10.6000000000,
2005-11-23,10.9600000000,
2005-11-25,10.8800000000,
2005-11-28,11.8400000000,
2005-11-29,11.8900000000,
2005-11-30,12.0600000000,
2005-12-01,11.2400000000,
2005-12-02,11.0100000000,
2005-12-05,11.6000000000,
2005-12-06,11.5200000000,
2005-12-07,12.1800000000,
2005-12-08,12.2100000000,
2005-12-09,11.6900000000,
2005-12-12,11.4700000000,
2005-12-13,11.1100000000,
2005-12-14,10.4800000000,
2005-12-15,10.7300000000,
2005-12-16,10.6800000000,
2005-12-19,11.3800000000,
2005-12-20,11.1900000000,
2005-12-21,10.8100000000,
2005-12-22,10.2900000000,
2005-12-23,10.2700000000,
2005-12-27,11.5700000000,
2005-12-28,11.3500000000,
2005-12-29,11.6100000000,
2005-12-30,12.0700000000,
2006-01-03,11.1400000000,
2006-01-04,11.3700000000,
2006-01-05,11.3100000000,
2006-01-06,11.0000000000,
2006-01-09,11.1300000000,
2006-01-10,10.8600000000,
2006-01-11,10.9400000000,
2006-01-12,11.2000000000,
2006-01-13,11.2300000000,
2006-01-17,11.9100000000,
2006-01-18,12.2500000000,
2006-01-19,11.9800000000,
2006-01-20,14.5600000000,
2006-01-23,13.9300000000,
2006-01-24,13.3100000000,
2006-01-25,12.8700000000,
2006-01-26,12.4200000000,
2006-01-27,11.9700000000,
2006-01-30,12.3900000000,
2006-01-31,12.9500000000,
2006-02-01,12.3600000000,
2006-02-02,13.2300000000,
2006-02-03,12.9600000000,
2006-02-06,13.0400000000,
2006-02-07,13.5900000000,
2006-02-08,12.8300000000,
2006-02-09,13.1200000000,
2006-02-10,12.8700000000,
2006-02-13,13.3500000000,
2006-02-14,12.2500000000,
2006-02-15,12.3100000000,
2006-02-16,11.4800000000,
2006-02-17,12.0100000000,
2006-02-21,12.4100000000,
2006-02-22,11.8800000000,
2006-02-23,11.8700000000,
2006-02-24,11.4600000000,
2006-02-27,11.5900000000,
2006-02-28,12.3400000000,
2006-03-01,11.5400000000,
2006-03-02,11.7200000000,
2006-03-03,11.9600000000,
2006-03-06,12.7400000000,
2006-03-07,12.6600000000,
2006-03-08,12.3200000000,
2006-03-09,12.6800000000,
2006-03-10,11.8500000000,
2006-03-13,11.3700000000,
2006-03-14,10.7400000000,
2006-03-15,11.3500000000,
2006-03-16,11.9800000000,
2006-03-17,12.1200000000,
2006-03-20,11.7900000000,
2006-03-21,11.6200000000,
2006-03-22,11.2100000000,
2006-03-23,11.1700000000,
2006-03-24,11.1900000000,
2006-03-27,11.4600000000,
2006-03-28,11.5800000000,
2006-03-29,10.9500000000,
2006-03-30,11.5700000000,
2006-03-31,11.3900000000,
2006-04-03,11.5700000000,
2006-04-04,11.1400000000,
2006-04-05,11.1300000000,
2006-04-06,11.4500000000,
2006-04-07,12.2600000000,
2006-04-10,12.1900000000,
2006-04-11,13.0000000000,
2006-04-12,12.7600000000,
2006-04-13,12.3800000000,
2006-04-17,12.5800000000,
2006-04-18,11.4000000000,
2006-04-19,11.3200000000,
2006-04-20,11.6400000000,
2006-04-21,11.5900000000,
2006-04-24,11.7500000000,
2006-04-25,11.7500000000,
2006-04-26,11.7600000000,
2006-04-27,11.8400000000,
2006-04-28,11.5900000000,
2006-05-01,12.5400000000,
2006-05-02,11.9900000000,
2006-05-03,11.9900000000,
2006-05-04,11.8600000000,
2006-05-05,11.6200000000,
2006-05-08,12.0000000000,
2006-05-09,11.9900000000,
2006-05-10,11.7800000000,
2006-05-11,12.4900000000,
2006-05-12,14.1900000000,
2006-05-15,13.5700000000,
2006-05-16,13.3500000000,
2006-05-17,16.2600000000,
2006-05-18,16.9900000000,
2006-05-19,17.1800000000,
2006-05-22,17.7200000000,
2006-05-23,18.2600000000,
2006-05-24,17.3600000000,
2006-05-25,15.5000000000,
2006-05-26,14.2600000000,
2006-05-30,18.6600000000,
2006-05-31,16.4400000000,
2006-06-01,14.5200000000,
2006-06-02,14.3200000000,
2006-06-05,16.6500000000,
2006-06-06,17.3400000000,
2006-06-07,17.8000000000,
2006-06-08,18.3500000000,
2006-06-09,18.1200000000,
2006-06-12,20.9600000000,
2006-06-13,23.8100000000,
2006-06-14,21.4600000000,
2006-06-15,15.9000000000,
2006-06-16,17.2500000000,
2006-06-19,17.8300000000,
2006-06-20,16.6900000000,
2006-06-21,15.5200000000,
2006-06-22,15.8800000000,
2006-06-23,15.8900000000,
2006-06-26,15.6200000000,
2006-06-27,16.4000000000,
2006-06-28,15.7900000000,
2006-06-29,13.0300000000,
2006-06-30,13.0800000000,
2006-07-03,13.0500000000,
2006-07-05,14.1500000000,
2006-07-06,13.6500000000,
2006-07-07,13.9700000000,
2006-07-10,14.0200000000,
2006-07-11,13.1400000000,
2006-07-12,14.4900000000,
2006-07-13,17.7900000000,
2006-07-14,18.0500000000,
2006-07-17,18.6400000000,
2006-07-18,17.7400000000,
2006-07-19,15.5500000000,
2006-07-20,16.2100000000,
2006-07-21,17.4000000000,
2006-07-24,14.9800000000,
2006-07-25,14.8500000000,
2006-07-26,14.6200000000,
2006-07-27,14.9400000000,
2006-07-28,14.3300000000,
2006-07-31,14.9500000000,
2006-08-01,15.0500000000,
2006-08-02,14.3400000000,
2006-08-03,14.4600000000,
2006-08-04,14.3400000000,
2006-08-07,15.2300000000,
2006-08-08,15.2300000000,
2006-08-09,15.2000000000,
2006-08-10,14.4600000000,
2006-08-11,14.3000000000,
2006-08-14,14.2600000000,
2006-08-15,13.4200000000,
2006-08-16,12.4100000000,
2006-08-17,12.2400000000,
2006-08-18,11.6400000000,
2006-08-21,12.2200000000,
2006-08-22,12.1900000000,
2006-08-23,12.4000000000,
2006-08-24,12.4000000000,
2006-08-25,12.3100000000,
2006-08-28,12.1800000000,
2006-08-29,12.2800000000,
2006-08-30,12.2200000000,
2006-08-31,12.3100000000,
2006-09-01,11.9600000000,
2006-09-05,12.6300000000,
2006-09-06,13.7400000000,
2006-09-07,13.8800000000,
2006-09-08,13.1600000000,
2006-09-11,12.9900000000,
2006-09-12,11.9200000000,
2006-09-13,11.1800000000,
2006-09-14,11.5500000000,
2006-09-15,11.7600000000,
2006-09-18,11.7800000000,
2006-09-19,11.9800000000,
2006-09-20,11.3900000000,
2006-09-21,12.2500000000,
2006-09-22,12.5900000000,
2006-09-25,12.1200000000,
2006-09-26,11.5300000000,
2006-09-27,11.5800000000,
2006-09-28,11.7200000000,
2006-09-29,11.9800000000,
2006-10-02,12.5700000000,
2006-10-03,12.2400000000,
2006-10-04,11.8600000000,
2006-10-05,11.9800000000,
2006-10-06,11.5600000000,
2006-10-09,11.6800000000,
2006-10-10,11.5200000000,
2006-10-11,11.6200000000,
2006-10-12,11.0900000000,
2006-10-13,10.7500000000,
2006-10-16,11.0900000000,
2006-10-17,11.7300000000,
2006-10-18,11.3400000000,
2006-10-19,10.9000000000,
2006-10-20,10.6300000000,
2006-10-23,11.0800000000,
2006-10-24,10.7800000000,
2006-10-25,10.6600000000,
2006-10-26,10.5600000000,
2006-10-27,10.8000000000,
2006-10-30,11.2000000000,
2006-10-31,11.1000000000,
2006-11-01,11.5100000000,
2006-11-02,11.4200000000,
2006-11-03,11.1600000000,
2006-11-06,11.1600000000,
2006-11-07,11.0900000000,
2006-11-08,10.7500000000,
2006-11-09,11.0100000000,
2006-11-10,10.7900000000,
2006-11-13,10.8600000000,
2006-11-14,10.5000000000,
2006-11-15,10.3100000000,
2006-11-16,10.1600000000,
2006-11-17,10.0500000000,
2006-11-20,9.9700000000,
2006-11-21,9.9000000000,
2006-11-22,10.1400000000,
2006-11-24,10.7300000000,
2006-11-27,12.3000000000,
2006-11-28,11.6200000000,
2006-11-29,10.8300000000,
2006-11-30,10.9100000000,
2006-12-01,11.6600000000,
2006-12-04,11.2300000000,
2006-12-05,11.2700000000,
2006-12-06,11.3300000000,
2006-12-07,12.6700000000,
2006-12-08,12.0700000000,
2006-12-11,10.7100000000,
2006-12-12,10.6500000000,
2006-12-13,10.1800000000,
2006-12-14,9.9700000000,
2006-12-15,10.0500000000,
2006-12-18,10.6000000000,
2006-12-19,10.3000000000,
2006-12-20,10.2600000000,
2006-12-21,10.5300000000,
2006-12-22,11.3600000000,
2006-12-26,11.2600000000,
2006-12-27,10.6400000000,
2006-12-28,10.9900000000,
2006-12-29,11.5600000000,
2007-01-03,12.0400000000,
2007-01-04,11.5100000000,
2007-01-05,12.1400000000,
2007-01-08,12.0000000000,
2007-01-09,11.9100000000,
2007-01-10,11.4700000000,
2007-01-11,10.8700000000,
2007-01-12,10.1500000000,
2007-01-16,10.7400000000,
2007-01-17,10.5900000000,
2007-01-18,10.8500000000,
2007-01-19,10.4000000000,
2007-01-22,10.7700000000,
2007-01-23,10.3400000000,
2007-01-24,9.8900000000,
2007-01-25,11.2200000000,
2007-01-26,11.1300000000,
2007-01-29,11.4500000000,
2007-01-30,10.9600000000,
2007-01-31,10.4200000000,
2007-02-01,10.3100000000,
2007-02-02,10.0800000000,
2007-02-05,10.5500000000,
2007-02-06,10.6500000000,
2007-02-07,10.3200000000,
2007-02-08,10.4400000000,
2007-02-09,11.1000000000,
2007-02-12,11.6100000000,
2007-02-13,10.3400000000,
2007-02-14,10.2300000000,
2007-02-15,10.2200000000,
2007-02-16,10.0200000000,
2007-02-20,10.2400000000,
2007-02-21,10.2000000000,
2007-02-22,10.1800000000,
2007-02-23,10.5800000000,
2007-02-26,11.1500000000,
2007-02-27,18.3100000000,
2007-02-28,15.4200000000,
2007-03-01,15.8200000000,
2007-03-02,18.6100000000,
2007-03-05,19.6300000000,
2007-03-06,15.9600000000,
2007-03-07,15.2400000000,
2007-03-08,14.2900000000,
2007-03-09,14.0900000000,
2007-03-12,13.9900000000,
2007-03-13,18.1300000000,
2007-03-14,17.2700000000,
2007-03-15,16.4300000000,
2007-03-16,16.7900000000,
2007-03-19,14.5900000000,
2007-03-20,13.2700000000,
2007-03-21,12.1900000000,
2007-03-22,12.9300000000,
2007-03-23,12.9500000000,
2007-03-26,13.1600000000,
2007-03-27,13.4800000000,
2007-03-28,14.9800000000,
2007-03-29,15.1400000000,
2007-03-30,14.6400000000,
2007-04-02,14.5300000000,
2007-04-03,13.4600000000,
2007-04-04,13.2400000000,
2007-04-05,13.2300000000,
2007-04-09,13.1400000000,
2007-04-10,12.6800000000,
2007-04-11,13.4900000000,
2007-04-12,12.7100000000,
2007-04-13,12.2000000000,
2007-04-16,11.9800000000,
2007-04-17,12.1400000000,
2007-04-18,12.4200000000,
2007-04-19,12.5400000000,
2007-04-20,12.0700000000,
2007-04-23,13.0400000000,
2007-04-24,13.1200000000,
2007-04-25,13.2100000000,
2007-04-26,12.7900000000,
2007-04-27,12.4500000000,
2007-04-30,14.2200000000,
2007-05-01,13.5100000000,
2007-05-02,13.0800000000,
2007-05-03,13.0900000000,
2007-05-04,12.9100000000,
2007-05-07,13.1500000000,
2007-05-08,13.2100000000,
2007-05-09,12.8800000000,
2007-05-10,13.6000000000,
2007-05-11,12.9500000000,
2007-05-14,13.9600000000,
2007-05-15,14.0100000000,
2007-05-16,13.5000000000,
2007-05-17,13.5100000000,
2007-05-18,12.7600000000,
2007-05-21,13.3000000000,
2007-05-22,13.0600000000,
2007-05-23,13.2400000000,
2007-05-24,14.0800000000,
2007-05-25,13.3400000000,
2007-05-29,13.5300000000,
2007-05-30,12.8300000000,
2007-05-31,13.0500000000,
2007-06-01,12.7800000000,
2007-06-04,13.2900000000,
2007-06-05,13.6300000000,
2007-06-06,14.8700000000,
2007-06-07,17.0600000000,
2007-06-08,14.8400000000,
2007-06-11,14.7100000000,
2007-06-12,16.6700000000,
2007-06-13,14.7300000000,
2007-06-14,13.6400000000,
2007-06-15,13.9400000000,
2007-06-18,13.4200000000,
2007-06-19,12.8500000000,
2007-06-20,14.6700000000,
2007-06-21,14.2100000000,
2007-06-22,15.7500000000,
2007-06-25,16.6500000000,
2007-06-26,18.8900000000,
2007-06-27,15.5300000000,
2007-06-28,15.5400000000,
2007-06-29,16.2300000000,
2007-07-02,15.4000000000,
2007-07-03,14.9200000000,
2007-07-05,15.4800000000,
2007-07-06,14.7200000000,
2007-07-09,15.1600000000,
2007-07-10,17.5700000000,
2007-07-11,16.6400000000,
2007-07-12,15.5400000000,
2007-07-13,15.1500000000,
2007-07-16,15.5900000000,
2007-07-17,15.6300000000,
2007-07-18,16.0000000000,
2007-07-19,15.2300000000,
2007-07-20,16.9500000000,
2007-07-23,16.8100000000,
2007-07-24,18.5500000000,
2007-07-25,18.1000000000,
2007-07-26,20.7400000000,
2007-07-27,24.1700000000,
2007-07-30,20.8700000000,
2007-07-31,23.5200000000,
2007-08-01,23.6700000000,
2007-08-02,21.2200000000,
2007-08-03,25.1600000000,
2007-08-06,22.9400000000,
2007-08-07,21.5600000000,
2007-08-08,21.4500000000,
2007-08-09,26.4800000000,
2007-08-10,28.3000000000,
2007-08-13,26.5700000000,
2007-08-14,27.6800000000,
2007-08-15,30.6700000000,
2007-08-16,30.8300000000,
2007-08-17,29.9900000000,
2007-08-20,26.3300000000,
2007-08-21,25.2500000000,
2007-08-22,22.8900000000,
2007-08-23,22.6200000000,
2007-08-24,20.7200000000,
2007-08-27,22.7200000000,
2007-08-28,26.3000000000,
2007-08-29,23.8100000000,
2007-08-30,25.0600000000,
2007-08-31,23.3800000000,
2007-09-04,22.7800000000,
2007-09-05,24.5800000000,
2007-09-06,23.9900000000,
2007-09-07,26.2300000000,
2007-09-10,27.3800000000,
2007-09-11,25.2700000000,
2007-09-12,24.9600000000,
2007-09-13,24.7600000000,
2007-09-14,24.9200000000,
2007-09-17,26.4800000000,
2007-09-18,20.3500000000,
2007-09-19,20.0300000000,
2007-09-20,20.4500000000,
2007-09-21,19.0000000000,
2007-09-24,19.3700000000,
2007-09-25,18.6000000000,
2007-09-26,17.6300000000,
2007-09-27,17.0000000000,
2007-09-28,18.0000000000,
2007-10-01,17.8400000000,
2007-10-02,18.4900000000,
2007-10-03,18.8000000000,
2007-10-04,18.4400000000,
2007-10-05,16.9100000000,
2007-10-08,17.4600000000,
2007-10-09,16.1200000000,
2007-10-10,16.6700000000,
2007-10-11,18.8800000000,
2007-10-12,17.7300000000,
2007-10-15,19.2500000000,
2007-10-16,20.0200000000,
2007-10-17,18.5400000000,
2007-10-18,18.5000000000,
2007-10-19,22.9600000000,
2007-10-22,21.6400000000,
2007-10-23,20.4100000000,
2007-10-24,20.8000000000,
2007-10-25,21.1700000000,
2007-10-26,19.5600000000,
2007-10-29,19.8700000000,
2007-10-30,21.0700000000,
2007-10-31,18.5300000000,
2007-11-01,23.2100000000,
2007-11-02,23.0100000000,
2007-11-05,24.3100000000,
2007-11-06,21.3900000000,
2007-11-07,26.4900000000,
2007-11-08,26.1600000000,
2007-11-09,28.5000000000,
2007-11-12,31.0900000000,
2007-11-13,24.1000000000,
2007-11-14,25.9400000000,
2007-11-15,28.0600000000,
2007-11-16,25.4900000000,
2007-11-19,26.0100000000,
2007-11-20,24.8800000000,
2007-11-21,26.8400000000,
2007-11-23,25.6100000000,
2007-11-26,28.9100000000,
2007-11-27,26.2800000000,
2007-11-28,24.1100000000,
2007-11-29,23.9700000000,
2007-11-30,22.8700000000,
2007-12-03,23.6100000000,
2007-12-04,23.7900000000,
2007-12-05,22.5300000000,
2007-12-06,20.9600000000,
2007-12-07,20.8500000000,
2007-12-10,20.7400000000,
2007-12-11,23.5900000000,
2007-12-12,22.4700000000,
2007-12-13,22.5600000000,
2007-12-14,23.2700000000,
2007-12-17,24.5200000000,
2007-12-18,22.6400000000,
2007-12-19,21.6800000000,
2007-12-20,20.5800000000,
2007-12-21,18.4700000000,
2007-12-24,18.6000000000,
2007-12-26,18.6600000000,
2007-12-27,20.2600000000,
2007-12-28,20.7400000000,
2007-12-31,22.5000000000,
2008-01-02,23.1700000000,
2008-01-03,22.4900000000,
2008-01-04,23.9400000000,
2008-01-07,23.7900000000,
2008-01-08,25.4300000000,
2008-01-09,24.1200000000,
2008-01-10,23.4500000000,
2008-01-11,23.6800000000,
2008-01-14,22.9000000000,
2008-01-15,23.3400000000,
2008-01-16,24.3800000000,
2008-01-17,28.4600000000,
2008-01-18,27.1800000000,
2008-01-22,31.0100000000,
2008-01-23,29.0200000000,
2008-01-24,27.7800000000,
2008-01-25,29.0800000000,
2008-01-28,27.7800000000,
2008-01-29,27.3200000000,
2008-01-30,27.6200000000,
2008-01-31,26.2000000000,
2008-02-01,24.0200000000,
2008-02-04,25.9900000000,
2008-02-05,28.2400000000,
2008-02-06,28.9700000000,
2008-02-07,27.6600000000,
2008-02-08,28.0100000000,
2008-02-11,27.6000000000,
2008-02-12,26.3300000000,
2008-02-13,24.8800000000,
2008-02-14,25.5400000000,
2008-02-15,25.0200000000,
2008-02-19,25.5900000000,
2008-02-20,24.4000000000,
2008-02-21,25.1200000000,
2008-02-22,24.0600000000,
2008-02-25,23.0300000000,
2008-02-26,21.9000000000,
2008-02-27,22.6900000000,
2008-02-28,23.5300000000,
2008-02-29,26.5400000000,
2008-03-03,26.2800000000,
2008-03-04,25.5200000000,
2008-03-05,24.6000000000,
2008-03-06,27.5500000000,
2008-03-07,27.4900000000,
2008-03-10,29.3800000000,
2008-03-11,26.3600000000,
2008-03-12,27.2200000000,
2008-03-13,27.2900000000,
2008-03-14,31.1600000000,
2008-03-17,32.2400000000,
2008-03-18,25.7900000000,
2008-03-19,29.8400000000,
2008-03-20,26.6200000000,
2008-03-24,25.7300000000,
2008-03-25,25.7200000000,
2008-03-26,26.0800000000,
2008-03-27,25.8800000000,
2008-03-28,25.7100000000,
2008-03-31,25.6100000000,
2008-04-01,22.6800000000,
2008-04-02,23.4300000000,
2008-04-03,23.2100000000,
2008-04-04,22.4500000000,
2008-04-07,22.4200000000,
2008-04-08,22.3600000000,
2008-04-09,22.8100000000,
2008-04-10,21.9800000000,
2008-04-11,23.4600000000,
2008-04-14,23.8200000000,
2008-04-15,22.7800000000,
2008-04-16,20.5300000000,
2008-04-17,20.3700000000,
2008-04-18,20.1300000000,
2008-04-21,20.5000000000,
2008-04-22,20.8700000000,
2008-04-23,20.2600000000,
2008-04-24,20.0600000000,
2008-04-25,19.5900000000,
2008-04-28,19.6400000000,
2008-04-29,20.2400000000,
2008-04-30,20.7900000000,
2008-05-01,18.8800000000,
2008-05-02,18.1800000000,
2008-05-05,18.9000000000,
2008-05-06,18.2100000000,
2008-05-07,19.7300000000,
2008-05-08,19.4000000000,
2008-05-09,19.4100000000,
2008-05-12,17.7900000000,
2008-05-13,17.9800000000,
2008-05-14,17.6600000000,
2008-05-15,16.3000000000,
2008-05-16,16.4700000000,
2008-05-19,17.0100000000,
2008-05-20,17.5800000000,
2008-05-21,18.5900000000,
2008-05-22,18.0500000000,
2008-05-23,19.5500000000,
2008-05-27,19.6400000000,
2008-05-28,19.0700000000,
2008-05-29,18.1400000000,
2008-05-30,17.8300000000,
2008-06-02,19.8300000000,
2008-06-03,20.2400000000,
2008-06-04,20.8000000000,
2008-06-05,18.6300000000,
2008-06-06,23.5600000000,
2008-06-09,23.1200000000,
2008-06-10,23.1800000000,
2008-06-11,24.1200000000,
2008-06-12,23.3300000000,
2008-06-13,21.2200000000,
2008-06-16,20.9500000000,
2008-06-17,21.1300000000,
2008-06-18,22.2400000000,
2008-06-19,21.5800000000,
2008-06-20,22.8700000000,
2008-06-23,22.6400000000,
2008-06-24,22.4200000000,
2008-06-25,21.1400000000,
2008-06-26,23.9300000000,
2008-06-27,23.4400000000,
2008-06-30,23.9500000000,
2008-07-01,23.6500000000,
2008-07-02,25.9200000000,
2008-07-03,24.7900000000,
2008-07-07,25.7800000000,
2008-07-08,23.1500000000,
2008-07-09,25.2300000000,
2008-07-10,25.5900000000,
2008-07-11,27.4900000000,
2008-07-14,28.4800000000,
2008-07-15,28.5400000000,
2008-07-16,25.1000000000,
2008-07-17,25.0100000000,
2008-07-18,24.0500000000,
2008-07-21,23.0500000000,
2008-07-22,21.1800000000,
2008-07-23,21.3100000000,
2008-07-24,23.4400000000,
2008-07-25,22.9100000000,
2008-07-28,24.2300000000,
2008-07-29,22.0300000000,
2008-07-30,21.2100000000,
2008-07-31,22.9400000000,
2008-08-01,22.5700000000,
2008-08-04,23.4900000000,
2008-08-05,21.1400000000,
2008-08-06,20.2300000000,
2008-08-07,21.1500000000,
2008-08-08,20.6600000000,
2008-08-11,20.1200000000,
2008-08-12,21.1700000000,
2008-08-13,21.5500000000,
2008-08-14,20.3400000000,
2008-08-15,19.5800000000,
2008-08-18,20.9800000000,
2008-08-19,21.2800000000,
2008-08-20,20.4200000000,
2008-08-21,19.8200000000,
2008-08-22,18.8100000000,
2008-08-25,20.9700000000,
2008-08-26,20.4900000000,
2008-08-27,19.7600000000,
2008-08-28,19.4300000000,
2008-08-29,20.6500000000,
2008-09-02,21.9900000000,
2008-09-03,21.4300000000,
2008-09-04,24.0300000000,
2008-09-05,23.0600000000,
2008-09-08,22.6400000000,
2008-09-09,25.4700000000,
2008-09-10,24.5200000000,
2008-09-11,24.3900000000,
2008-09-12,25.6600000000,
2008-09-15,31.7000000000,
2008-09-16,30.3000000000,
2008-09-17,36.2200000000,
2008-09-18,33.1000000000,
2008-09-19,32.0700000000,
2008-09-22,33.8500000000,
2008-09-23,35.7200000000,
2008-09-24,35.1900000000,
2008-09-25,32.8200000000,
2008-09-26,34.7400000000,
2008-09-29,46.7200000000,
2008-09-30,39.3900000000,
2008-10-01,39.8100000000,
2008-10-02,45.2600000000,
2008-10-03,45.1400000000,
2008-10-06,52.0500000000,
2008-10-07,53.6800000000,
2008-10-08,57.5300000000,
2008-10-09,63.9200000000,
2008-10-10,69.9500000000,
2008-10-13,54.9900000000,
2008-10-14,55.1300000000,
2008-10-15,69.2500000000,
2008-10-16,67.6100000000,
2008-10-17,70.3300000000,
2008-10-20,52.9700000000,
2008-10-21,53.1100000000,
2008-10-22,69.6500000000,
2008-10-23,67.8000000000,
2008-10-24,79.1300000000,
2008-10-27,80.0600000000,
2008-10-28,66.9600000000,
2008-10-29,69.9600000000,
2008-10-30,62.9000000000,
2008-10-31,59.8900000000,
2008-11-03,53.6800000000,
2008-11-04,47.7300000000,
2008-11-05,54.5600000000,
2008-11-06,63.6800000000,
2008-11-07,56.1000000000,
2008-11-10,59.9800000000,
2008-11-11,61.4400000000,
2008-11-12,66.4600000000,
2008-11-13,59.8300000000,
2008-11-14,66.3100000000,
2008-11-17,69.1500000000,
2008-11-18,67.6400000000,
2008-11-19,74.2600000000,
2008-11-20,80.8600000000,
2008-11-21,72.6700000000,
2008-11-24,64.7000000000,
2008-11-25,60.9000000000,
2008-11-26,54.9200000000,
2008-11-28,55.8400000000,
2008-12-01,68.5100000000,
2008-12-02,62.9800000000,
2008-12-03,60.7200000000,
2008-12-04,63.6400000000,
2008-12-05,59.9300000000,
2008-12-08,58.4900000000,
2008-12-09,58.9100000000,
2008-12-10,55.7300000000,
2008-12-11,55.7800000000,
2008-12-12,54.2800000000,
2008-12-15,56.7600000000,
2008-12-16,52.3700000000,
2008-12-17,49.8400000000,
2008-12-18,47.3400000000,
2008-12-19,44.9300000000,
2008-12-22,44.5600000000,
2008-12-23,45.0200000000,
2008-12-24,44.2100000000,
2008-12-26,43.3800000000,
2008-12-29,43.9000000000,
2008-12-30,41.6300000000,
2008-12-31,40.0000000000,
2009-01-02,39.1900000000,
2009-01-05,39.0800000000,
2009-01-06,38.5600000000,
2009-01-07,43.3900000000,
2009-01-08,42.5600000000,
2009-01-09,42.8200000000,
2009-01-12,45.8400000000,
2009-01-13,43.2700000000,
2009-01-14,49.1400000000,
2009-01-15,51.0000000000,
2009-01-16,46.1100000000,
2009-01-20,56.6500000000,
2009-01-21,46.4200000000,
2009-01-22,47.2900000000,
2009-01-23,47.2700000000,
2009-01-26,45.6900000000,
2009-01-27,42.2500000000,
2009-01-28,39.6600000000,
2009-01-29,42.6300000000,
2009-01-30,44.8400000000,
2009-02-02,45.5200000000,
2009-02-03,43.0600000000,
2009-02-04,43.8500000000,
2009-02-05,43.7300000000,
2009-02-06,43.3700000000,
2009-02-09,43.6400000000,
2009-02-10,46.6700000000,
2009-02-11,44.5300000000,
2009-02-12,41.2500000000,
2009-02-13,42.9300000000,
2009-02-17,48.6600000000,
2009-02-18,48.4600000000,
2009-02-19,47.0800000000,
2009-02-20,49.3000000000,
2009-02-23,52.6200000000,
2009-02-24,45.4900000000,
2009-02-25,44.6700000000,
2009-02-26,44.6600000000,
2009-02-27,46.3500000000,
2009-03-02,52.6500000000,
2009-03-03,50.9300000000,
2009-03-04,47.5600000000,
2009-03-05,50.1700000000,
2009-03-06,49.3300000000,
2009-03-09,49.6800000000,
2009-03-10,44.3700000000,
2009-03-11,43.6100000000,
2009-03-12,41.1800000000,
2009-03-13,42.3600000000,
2009-03-16,43.7400000000,
2009-03-17,40.8000000000,
2009-03-18,40.0600000000,
2009-03-19,43.6800000000,
2009-03-20,45.8900000000,
2009-03-23,43.2300000000,
2009-03-24,42.9300000000,
2009-03-25,42.2500000000,
2009-03-26,40.3600000000,
2009-03-27,41.0400000000,
2009-03-30,45.5400000000,
2009-03-31,44.1400000000,
2009-04-01,42.2800000000,
2009-04-02,42.0400000000,
2009-04-03,39.7000000000,
2009-04-06,40.9300000000,
2009-04-07,40.3900000000,
2009-04-08,38.8500000000,
2009-04-09,36.5300000000,
2009-04-13,37.8100000000,
2009-04-14,37.6700000000,
2009-04-15,36.1700000000,
2009-04-16,35.7900000000,
2009-04-17,33.9400000000,
2009-04-20,39.1800000000,
2009-04-21,37.1400000000,
2009-04-22,38.1000000000,
2009-04-23,37.1500000000,
2009-04-24,36.8200000000,
2009-04-27,38.3200000000,
2009-04-28,37.9500000000,
2009-04-29,36.0800000000,
2009-04-30,36.5000000000,
2009-05-01,35.3000000000,
2009-05-04,34.5300000000,
2009-05-05,33.3600000000,
2009-05-06,32.4500000000,
2009-05-07,33.4400000000,
2009-05-08,32.0500000000,
2009-05-11,32.8700000000,
2009-05-12,31.8000000000,
2009-05-13,33.6500000000,
2009-05-14,31.3700000000,
2009-05-15,33.1200000000,
2009-05-18,30.2400000000,
2009-05-19,28.8000000000,
2009-05-20,29.0300000000,
2009-05-21,31.3500000000,
2009-05-22,32.6300000000,
2009-05-26,30.6200000000,
2009-05-27,32.3600000000,
2009-05-28,31.6700000000,
2009-05-29,28.9200000000,
2009-06-01,30.0400000000,
2009-06-02,29.6300000000,
2009-06-03,31.0200000000,
2009-06-04,30.1800000000,
2009-06-05,29.6200000000,
2009-06-08,29.7700000000,
2009-06-09,28.2700000000,
2009-06-10,28.4600000000,
2009-06-11,28.1100000000,
2009-06-12,28.1500000000,
2009-06-15,30.8100000000,
2009-06-16,32.6800000000,
2009-06-17,31.5400000000,
2009-06-18,30.0300000000,
2009-06-19,27.9900000000,
2009-06-22,31.1700000000,
2009-06-23,30.5800000000,
2009-06-24,29.0500000000,
2009-06-25,26.3600000000,
2009-06-26,25.9300000000,
2009-06-29,25.3500000000,
2009-06-30,26.3500000000,
2009-07-01,26.2200000000,
2009-07-02,27.9500000000,
2009-07-06,29.0000000000,
2009-07-07,30.8500000000,
2009-07-08,31.3000000000,
2009-07-09,29.7800000000,
2009-07-10,29.0200000000,
2009-07-13,26.3100000000,
2009-07-14,25.0200000000,
2009-07-15,25.8900000000,
2009-07-16,25.4200000000,
2009-07-17,24.3400000000,
2009-07-20,24.4000000000,
2009-07-21,23.8700000000,
2009-07-22,23.4700000000,
2009-07-23,23.4300000000,
2009-07-24,23.0900000000,
2009-07-27,24.2800000000,
2009-07-28,25.0100000000,
2009-07-29,25.6100000000,
2009-07-30,25.4000000000,
2009-07-31,25.9200000000,
2009-08-03,25.5600000000,
2009-08-04,24.8900000000,
2009-08-05,24.9000000000,
2009-08-06,25.6700000000,
2009-08-07,24.7600000000,
2009-08-10,24.9900000000,
2009-08-11,25.9900000000,
2009-08-12,25.4500000000,
2009-08-13,24.7100000000,
2009-08-14,24.2700000000,
2009-08-17,27.8900000000,
2009-08-18,26.1800000000,
2009-08-19,26.2600000000,
2009-08-20,25.0900000000,
2009-08-21,25.0100000000,
2009-08-24,25.1400000000,
2009-08-25,24.9200000000,
2009-08-26,24.9500000000,
2009-08-27,24.6800000000,
2009-08-28,24.7600000000,
2009-08-31,26.0100000000,
2009-09-01,29.1500000000,
2009-09-02,28.9000000000,
2009-09-03,27.1000000000,
2009-09-04,25.2600000000,
2009-09-08,25.6200000000,
2009-09-09,24.3200000000,
2009-09-10,23.5500000000,
2009-09-11,24.1500000000,
2009-09-14,23.8600000000,
2009-09-15,23.4200000000,
2009-09-16,23.6900000000,
2009-09-17,23.6500000000,
2009-09-18,23.9200000000,26.5400000000
2009-09-21,24.0600000000,26.2300000000
2009-09-22,23.0800000000,25.6900000000
2009-09-23,23.4900000000,26.0900000000
2009-09-24,24.9500000000,27.1300000000
2009-09-25,25.6100000000,27.2100000000
2009-09-28,24.8800000000,26.2700000000
2009-09-29,25.1900000000,26.4800000000
2009-09-30,25.6100000000,26.6600000000
2009-10-01,28.2700000000,28.3300000000
2009-10-02,28.6800000000,28.8000000000
2009-10-05,26.8400000000,27.6100000000
2009-10-06,25.7000000000,26.7300000000
2009-10-07,24.6800000000,26.1200000000
2009-10-08,24.1800000000,25.7400000000
2009-10-09,23.1200000000,25.0800000000
2009-10-12,23.0100000000,25.1700000000
2009-10-13,22.9900000000,25.0900000000
2009-10-14,22.8600000000,24.5800000000
2009-10-15,21.7200000000,24.2200000000
2009-10-16,21.4300000000,24.4000000000
2009-10-19,21.4900000000,24.1500000000
2009-10-20,20.9000000000,23.7200000000
2009-10-21,22.2200000000,24.5500000000
2009-10-22,20.6900000000,23.3500000000
2009-10-23,22.2700000000,24.3100000000
2009-10-26,24.3100000000,25.3700000000
2009-10-27,24.8300000000,25.4600000000
2009-10-28,27.9100000000,27.4200000000
2009-10-29,24.7600000000,25.6600000000
2009-10-30,30.6900000000,29.0700000000
2009-11-02,29.7800000000,28.8200000000
2009-11-03,28.8100000000,28.8700000000
2009-11-04,27.7200000000,28.1800000000
2009-11-05,25.4300000000,26.6100000000
2009-11-06,24.1900000000,25.8800000000
2009-11-09,23.1500000000,24.4100000000
2009-11-10,22.8400000000,24.7100000000
2009-11-11,23.0400000000,24.9700000000
2009-11-12,24.2400000000,26.0700000000
2009-11-13,23.3600000000,25.6000000000
2009-11-16,22.8900000000,25.1500000000
2009-11-17,22.4100000000,25.0400000000
2009-11-18,21.6300000000,24.7200000000
2009-11-19,22.6300000000,25.1100000000
2009-11-20,22.1900000000,24.6600000000
2009-11-23,21.1600000000,24.1100000000
2009-11-24,20.4700000000,23.7400000000
2009-11-25,20.4800000000,23.6600000000
2009-11-27,24.8500000000,26.1500000000
2009-11-30,24.5100000000,26.2400000000
2009-12-01,21.9200000000,24.9400000000
2009-12-02,21.1200000000,24.8000000000
2009-12-03,22.4600000000,25.5100000000
2009-12-04,21.2500000000,24.7600000000
2009-12-07,22.1000000000,25.3000000000
2009-12-08,23.6900000000,26.1300000000
2009-12-09,22.6600000000,25.8000000000
2009-12-10,22.3200000000,25.3400000000
2009-12-11,21.5900000000,25.1200000000
2009-12-14,21.1500000000,24.5600000000
2009-12-15,21.4900000000,24.7300000000
2009-12-16,20.5400000000,24.2500000000
2009-12-17,22.5100000000,24.7800000000
2009-12-18,21.6800000000,24.5200000000
2009-12-21,20.4900000000,23.5300000000
2009-12-22,19.5400000000,22.7600000000
2009-12-23,19.7100000000,22.6800000000
2009-12-24,19.4700000000,22.4300000000
2009-12-28,19.9300000000,22.4900000000
2009-12-29,20.0100000000,22.6300000000
2009-12-30,19.9600000000,22.6600000000
2009-12-31,21.6800000000,23.8900000000
2010-01-04,20.0400000000,22.7700000000
2010-01-05,19.3500000000,22.3900000000
2010-01-06,19.1600000000,21.8000000000
2010-01-07,19.0600000000,21.6000000000
2010-01-08,18.1300000000,21.0000000000
2010-01-11,17.5500000000,21.2700000000
2010-01-12,18.2500000000,21.7900000000
2010-01-13,17.8500000000,21.2900000000
2010-01-14,17.6300000000,20.7100000000
2010-01-15,17.9100000000,21.4800000000
2010-01-19,17.5800000000,20.8900000000
2010-01-20,18.6800000000,21.4000000000
2010-01-21,22.2700000000,23.1500000000
2010-01-22,27.3100000000,26.2900000000
2010-01-25,25.4100000000,25.1900000000
2010-01-26,24.5500000000,25.1700000000
2010-01-27,23.1400000000,24.1300000000
2010-01-28,23.7300000000,24.6700000000
2010-01-29,24.6200000000,25.3800000000
2010-02-01,22.5900000000,23.6400000000
2010-02-02,21.4800000000,22.9300000000
2010-02-03,21.6000000000,23.0000000000
2010-02-04,26.0800000000,25.9800000000
2010-02-05,26.1100000000,26.0000000000
2010-02-08,26.5100000000,26.4300000000
2010-02-09,26.0000000000,26.0400000000
2010-02-10,25.4000000000,25.8700000000
2010-02-11,23.9600000000,24.5700000000
2010-02-12,22.7300000000,24.4600000000
2010-02-16,22.2500000000,23.5700000000
2010-02-17,21.7200000000,23.2900000000
2010-02-18,20.6300000000,22.7800000000
2010-02-19,20.0200000000,22.3100000000
2010-02-22,19.9400000000,21.7300000000
2010-02-23,21.3700000000,22.6200000000
2010-02-24,20.2700000000,22.0800000000
2010-02-25,20.1000000000,22.0700000000
2010-02-26,19.5000000000,21.6500000000
2010-03-01,19.2600000000,21.4400000000
2010-03-02,19.0600000000,21.1800000000
2010-03-03,18.8300000000,20.9700000000
2010-03-04,18.7200000000,21.0300000000
2010-03-05,17.4200000000,20.2300000000
2010-03-08,17.7900000000,20.2600000000
2010-03-09,17.9200000000,20.1600000000
2010-03-10,18.5700000000,20.5100000000
2010-03-11,18.0600000000,20.7000000000
2010-03-12,17.5800000000,20.2700000000
2010-03-15,18.0000000000,20.7200000000
2010-03-16,17.6900000000,20.1600000000
2010-03-17,16.9100000000,19.7200000000
2010-03-18,16.6200000000,19.4800000000
2010-03-19,16.9700000000,19.9500000000
2010-03-22,16.8700000000,20.1100000000
2010-03-23,16.3500000000,19.6800000000
2010-03-24,17.5500000000,20.0800000000
2010-03-25,18.4000000000,20.5800000000
2010-03-26,17.7700000000,20.0600000000
2010-03-29,17.5900000000,19.8500000000
2010-03-30,17.1300000000,19.5400000000
2010-03-31,17.5900000000,19.9200000000
2010-04-01,17.4700000000,19.9000000000
2010-04-05,17.0200000000,19.3500000000
2010-04-06,16.2300000000,18.8400000000
2010-04-07,16.6200000000,19.1900000000
2010-04-08,16.4800000000,19.0800000000
2010-04-09,16.1400000000,18.6200000000
2010-04-12,15.5800000000,18.9600000000
2010-04-13,16.2000000000,18.9900000000
2010-04-14,15.5900000000,18.7700000000
2010-04-15,15.8900000000,18.9000000000
2010-04-16,18.3600000000,20.2300000000
2010-04-19,17.3400000000,19.7900000000
2010-04-20,15.7300000000,18.9900000000
2010-04-21,16.3200000000,19.3000000000
2010-04-22,16.4700000000,19.5900000000
2010-04-23,16.6200000000,19.3900000000
2010-04-26,17.4700000000,19.8600000000
2010-04-27,22.8100000000,22.7200000000
2010-04-28,21.0800000000,22.3100000000
2010-04-29,18.4400000000,20.9600000000
2010-04-30,22.0500000000,23.6700000000
2010-05-03,20.1900000000,22.5800000000
2010-05-04,23.8400000000,25.0700000000
2010-05-05,24.9100000000,26.3700000000
2010-05-06,32.8000000000,26.3700000000
2010-05-07,40.9500000000,36.6200000000
2010-05-10,28.8400000000,28.9800000000
2010-05-11,28.3200000000,28.8700000000
2010-05-12,25.5200000000,26.6500000000
2010-05-13,26.6800000000,27.6100000000
2010-05-14,31.2400000000,30.8000000000
2010-05-17,30.8400000000,30.5100000000
2010-05-18,33.5500000000,32.8100000000
2010-05-19,35.3200000000,34.1800000000
2010-05-20,45.7900000000,40.8300000000
2010-05-21,40.1000000000,37.4000000000
2010-05-24,38.3200000000,36.9100000000
2010-05-25,34.6100000000,34.9000000000
2010-05-26,35.0200000000,33.9500000000
2010-05-27,29.6800000000,30.6400000000
2010-05-28,32.0700000000,32.0000000000
2010-06-01,35.5400000000,34.0200000000
2010-06-02,30.1700000000,30.5900000000
2010-06-03,29.4600000000,30.2400000000
2010-06-04,35.4800000000,34.3700000000
2010-06-07,36.5700000000,35.3000000000
2010-06-08,33.7000000000,33.6500000000
2010-06-09,33.7300000000,33.8000000000
2010-06-10,30.5700000000,31.4700000000
2010-06-11,28.7900000000,30.9500000000
2010-06-14,28.5800000000,30.6800000000
2010-06-15,25.8700000000,28.4500000000
2010-06-16,25.9200000000,28.7800000000
2010-06-17,25.0500000000,28.2100000000
2010-06-18,23.9500000000,27.9600000000
2010-06-21,24.8800000000,27.5400000000
2010-06-22,27.0500000000,29.0900000000
2010-06-23,26.9100000000,29.2600000000
2010-06-24,29.7400000000,31.3600000000
2010-06-25,28.5300000000,30.7000000000
2010-06-28,29.0000000000,30.9600000000
2010-06-29,34.1300000000,34.3800000000
2010-06-30,34.5400000000,35.2300000000
2010-07-01,32.8600000000,34.4900000000
2010-07-02,30.1200000000,33.2900000000
2010-07-06,29.6500000000,32.0100000000
2010-07-07,26.8400000000,29.7200000000
2010-07-08,25.7100000000,28.8300000000
2010-07-09,24.9800000000,28.1700000000
2010-07-12,24.4300000000,28.3900000000
2010-07-13,24.5600000000,28.3200000000
2010-07-14,24.8900000000,28.8300000000
2010-07-15,25.1400000000,29.2300000000
2010-07-16,26.2500000000,30.6000000000
2010-07-19,25.9700000000,30.0800000000
2010-07-20,23.9300000000,28.2200000000
2010-07-21,25.6400000000,29.0800000000
2010-07-22,24.6300000000,27.9000000000
2010-07-23,23.4700000000,26.9900000000
2010-07-26,22.7300000000,26.4400000000
2010-07-27,23.1900000000,26.3700000000
2010-07-28,24.2500000000,26.7100000000
2010-07-29,24.1300000000,27.1200000000
2010-07-30,23.5000000000,27.1400000000
2010-08-02,22.0100000000,25.4000000000
2010-08-03,22.6300000000,26.0100000000
2010-08-04,22.2100000000,25.9600000000
2010-08-05,22.1000000000,26.1600000000
2010-08-06,21.7400000000,26.1200000000
2010-08-09,22.1400000000,26.0300000000
2010-08-10,22.3700000000,26.3100000000
2010-08-11,25.3900000000,28.6900000000
2010-08-12,25.7300000000,29.2500000000
2010-08-13,26.2400000000,29.9700000000
2010-08-16,26.1000000000,29.8000000000
2010-08-17,24.3300000000,28.5700000000
2010-08-18,24.5900000000,28.5800000000
2010-08-19,26.4400000000,29.6300000000
2010-08-20,25.4900000000,29.5400000000
2010-08-23,25.6600000000,29.2900000000
2010-08-24,27.4600000000,30.3100000000
2010-08-25,26.7000000000,29.8500000000
2010-08-26,27.3700000000,30.3700000000
2010-08-27,24.4500000000,28.4000000000
2010-08-30,27.2100000000,30.0100000000
2010-08-31,26.0500000000,29.0400000000
2010-09-01,23.8900000000,27.2900000000
2010-09-02,23.1900000000,26.6200000000
2010-09-03,21.3100000000,25.3100000000
2010-09-07,23.8000000000,26.7700000000
2010-09-08,23.2500000000,26.3000000000
2010-09-09,22.8100000000,26.1000000000
2010-09-10,21.9900000000,25.5900000000
2010-09-13,21.2100000000,24.7500000000
2010-09-14,21.5600000000,24.7400000000
2010-09-15,22.1000000000,24.9300000000
2010-09-16,21.7200000000,24.9600000000
2010-09-17,22.0100000000,25.1200000000
2010-09-20,21.5000000000,24.5900000000
2010-09-21,22.3500000000,24.9400000000
2010-09-22,22.5100000000,25.1600000000
2010-09-23,23.8700000000,26.1600000000
2010-09-24,21.7100000000,24.7500000000
2010-09-27,22.5400000000,25.2000000000
2010-09-28,22.6000000000,25.3400000000
2010-09-29,23.2500000000,25.9100000000
2010-09-30,23.7000000000,26.4000000000
2010-10-01,22.5000000000,25.7000000000
2010-10-04,23.5300000000,26.3200000000
2010-10-05,21.7600000000,25.0800000000
2010-10-06,21.4900000000,24.9100000000
2010-10-07,21.5600000000,24.8900000000
2010-10-08,20.7100000000,24.0600000000
2010-10-11,18.9600000000,23.9800000000
2010-10-12,18.9300000000,23.3700000000
2010-10-13,19.0700000000,22.9800000000
2010-10-14,19.8800000000,23.5600000000
2010-10-15,19.0300000000,23.2000000000
2010-10-18,19.0900000000,22.8000000000
2010-10-19,20.6300000000,23.5900000000
2010-10-20,19.7900000000,22.6600000000
2010-10-21,19.2700000000,22.2200000000
2010-10-22,18.7800000000,21.6500000000
2010-10-25,19.8500000000,21.9100000000
2010-10-26,20.2200000000,22.2000000000
2010-10-27,20.7100000000,22.6000000000
2010-10-28,20.8800000000,22.8100000000
2010-10-29,21.2000000000,22.9500000000
2010-11-01,21.8300000000,23.2900000000
2010-11-02,21.5700000000,23.0200000000
2010-11-03,19.5600000000,21.6500000000
2010-11-04,18.5200000000,20.5700000000
2010-11-05,18.2600000000,20.6600000000
2010-11-08,18.2900000000,20.7300000000
2010-11-09,19.0800000000,21.5300000000
2010-11-10,18.4700000000,21.2800000000
2010-11-11,18.6400000000,21.4700000000
2010-11-12,20.6100000000,22.9300000000
2010-11-15,20.2000000000,22.8100000000
2010-11-16,22.5800000000,24.0800000000
2010-11-17,21.7600000000,23.8300000000
2010-11-18,18.7500000000,22.4300000000
2010-11-19,18.0400000000,21.4000000000
2010-11-22,18.3700000000,21.3300000000
2010-11-23,20.6300000000,22.5900000000
2010-11-24,19.5600000000,21.8100000000
2010-11-26,22.2200000000,21.8100000000
2010-11-29,21.5300000000,23.3500000000
2010-11-30,23.5400000000,25.1900000000
2010-12-01,21.3600000000,23.9900000000
2010-12-02,19.3900000000,21.9900000000
2010-12-03,18.0100000000,21.0000000000
2010-12-06,18.0200000000,21.0400000000
2010-12-07,17.9900000000,20.9700000000
2010-12-08,17.7400000000,20.3800000000
2010-12-09,17.2500000000,19.9800000000
2010-12-10,17.6100000000,19.8400000000
2010-12-13,17.5500000000,20.4600000000
2010-12-14,17.6100000000,20.3900000000
2010-12-15,17.9400000000,20.7400000000
2010-12-16,17.3900000000,20.8200000000
2010-12-17,16.1100000000,20.2900000000
2010-12-20,16.4100000000,20.1000000000
2010-12-21,16.4900000000,19.9100000000
2010-12-22,15.4500000000,19.5700000000
2010-12-23,16.4700000000,20.4400000000
2010-12-27,17.6700000000,21.0400000000
2010-12-28,17.5200000000,21.1800000000
2010-12-29,17.2800000000,20.8400000000
2010-12-30,17.5200000000,21.0100000000
2010-12-31,17.7500000000,20.9000000000
2011-01-03,17.6100000000,20.6200000000
2011-01-04,17.3800000000,20.6100000000
2011-01-05,17.0200000000,20.0500000000
2011-01-06,17.4000000000,20.3500000000
2011-01-07,17.1400000000,20.2900000000
2011-01-10,17.5400000000,20.4800000000
2011-01-11,16.8900000000,20.1400000000
2011-01-12,16.2400000000,19.2300000000
2011-01-13,16.3900000000,19.2000000000
2011-01-14,15.4600000000,18.3700000000
2011-01-18,15.8700000000,18.3800000000
2011-01-19,17.3100000000,19.6400000000
2011-01-20,17.9900000000,19.9000000000
2011-01-21,18.4700000000,19.9700000000
2011-01-24,17.6500000000,19.5800000000
2011-01-25,17.5900000000,19.3400000000
2011-01-26,16.6400000000,18.8200000000
2011-01-27,16.1500000000,18.4800000000
2011-01-28,20.0400000000,20.5900000000
2011-01-31,19.5300000000,20.1500000000
2011-02-01,17.6300000000,18.9700000000
2011-02-02,17.3000000000,19.0900000000
2011-02-03,16.6900000000,18.9200000000
2011-02-04,15.9300000000,18.3300000000
2011-02-07,16.2800000000,18.2600000000
2011-02-08,15.8100000000,17.8500000000
2011-02-09,15.8700000000,17.8600000000
2011-02-10,16.0900000000,18.1000000000
2011-02-11,15.6900000000,17.8600000000
2011-02-14,15.9500000000,17.9400000000
2011-02-15,16.3700000000,18.2700000000
2011-02-16,16.7200000000,18.3200000000
2011-02-17,16.5900000000,18.6300000000
2011-02-18,16.4300000000,18.9000000000
2011-02-22,20.8000000000,21.3200000000
2011-02-23,22.1300000000,22.4700000000
2011-02-24,21.3200000000,22.2600000000
2011-02-25,19.2200000000,20.5700000000
2011-02-28,18.3500000000,20.0000000000
2011-03-01,21.0100000000,21.9000000000
2011-03-02,20.7000000000,21.6800000000
2011-03-03,18.6000000000,20.4400000000
2011-03-04,19.0600000000,20.8000000000
2011-03-07,20.6600000000,21.8500000000
2011-03-08,19.8200000000,21.4500000000
2011-03-09,20.2200000000,21.8200000000
2011-03-10,21.8800000000,22.7600000000
2011-03-11,20.0800000000,21.8700000000
2011-03-14,21.1300000000,22.4900000000
2011-03-15,24.3200000000,24.0300000000
2011-03-16,29.4000000000,26.9100000000
2011-03-17,26.3700000000,25.4400000000
2011-03-18,24.4400000000,24.3400000000
2011-03-21,20.6100000000,21.9500000000
2011-03-22,20.2100000000,21.7000000000
2011-03-23,19.1700000000,20.9300000000
2011-03-24,18.0000000000,20.0800000000
2011-03-25,17.9100000000,20.0300000000
2011-03-28,19.4400000000,20.8600000000
2011-03-29,18.1600000000,19.9700000000
2011-03-30,17.7100000000,19.7500000000
2011-03-31,17.7400000000,19.8400000000
2011-04-01,17.4000000000,19.5900000000
2011-04-04,17.5000000000,19.3900000000
2011-04-05,17.2500000000,19.4000000000
2011-04-06,16.9000000000,19.3800000000
2011-04-07,17.1100000000,19.5000000000
2011-04-08,17.8700000000,20.0500000000
2011-04-11,16.5900000000,20.0100000000
2011-04-12,17.0900000000,20.3300000000
2011-04-13,16.9200000000,19.9900000000
2011-04-14,16.2700000000,19.9600000000
2011-04-15,15.3200000000,19.1700000000
2011-04-18,16.9600000000,19.9200000000
2011-04-19,15.8300000000,19.1800000000
2011-04-20,15.0700000000,18.4800000000
2011-04-21,14.6900000000,18.3500000000
2011-04-25,15.7700000000,18.5500000000
2011-04-26,15.6200000000,18.2700000000
2011-04-27,15.3500000000,17.9000000000
2011-04-28,14.6200000000,17.5200000000
2011-04-29,14.7500000000,17.5000000000
2011-05-02,15.9900000000,18.3900000000
2011-05-03,16.7000000000,19.1100000000
2011-05-04,17.0800000000,19.4400000000
2011-05-05,18.2000000000,19.8400000000
2011-05-06,18.4000000000,19.9100000000
2011-05-09,17.1600000000,19.2000000000
2011-05-10,15.9100000000,18.3700000000
2011-05-11,16.9500000000,19.0500000000
2011-05-12,16.0300000000,18.4400000000
2011-05-13,17.0700000000,19.0700000000
2011-05-16,18.2400000000,19.8700000000
2011-05-17,17.5500000000,19.4500000000
2011-05-18,16.2300000000,18.5300000000
2011-05-19,15.5200000000,18.1700000000
2011-05-20,17.4300000000,19.0500000000
2011-05-23,18.2700000000,19.7900000000
2011-05-24,17.8200000000,19.1700000000
2011-05-25,17.0700000000,18.8700000000
2011-05-26,16.0900000000,18.1900000000
2011-05-27,15.9800000000,18.1300000000
2011-05-31,15.4500000000,17.5600000000
2011-06-01,18.3000000000,19.3600000000
2011-06-02,18.0900000000,19.3200000000
2011-06-03,17.9500000000,19.4700000000
2011-06-06,18.4900000000,19.9600000000
2011-06-07,18.0700000000,19.5000000000
2011-06-08,18.7900000000,19.9500000000
2011-06-09,17.7700000000,19.2600000000
2011-06-10,18.8600000000,20.1100000000
2011-06-13,19.6100000000,20.4400000000
2011-06-14,18.2600000000,19.4300000000
2011-06-15,21.3200000000,21.3800000000
2011-06-16,22.7300000000,22.6100000000
2011-06-17,21.8500000000,22.4400000000
2011-06-20,19.9900000000,21.2200000000
2011-06-21,18.8600000000,20.5000000000
2011-06-22,18.5200000000,20.7200000000
2011-06-23,19.2900000000,20.9300000000
2011-06-24,21.1000000000,21.9200000000
2011-06-27,20.5600000000,21.5000000000
2011-06-28,19.1700000000,20.5200000000
2011-06-29,17.2700000000,19.4200000000
2011-06-30,16.5200000000,18.9100000000
2011-07-01,15.8700000000,17.9300000000
2011-07-05,16.0600000000,18.1100000000
2011-07-06,16.3400000000,18.4100000000
2011-07-07,15.9500000000,17.7700000000
2011-07-08,15.9500000000,17.9600000000
2011-07-11,18.3900000000,19.9800000000
2011-07-12,19.8700000000,20.9300000000
2011-07-13,19.9100000000,20.8500000000
2011-07-14,20.8000000000,21.5900000000
2011-07-15,19.5300000000,20.9400000000
2011-07-18,20.9500000000,21.8400000000
2011-07-19,19.2100000000,20.5000000000
2011-07-20,19.0900000000,20.3700000000
2011-07-21,17.5600000000,19.2000000000
2011-07-22,17.5200000000,19.2000000000
2011-07-25,19.3500000000,20.2600000000
2011-07-26,20.2300000000,20.8900000000
2011-07-27,22.9800000000,22.6900000000
2011-07-28,23.7400000000,22.9500000000
2011-07-29,25.2500000000,22.9100000000
2011-08-01,23.6600000000,22.3800000000
2011-08-02,24.7900000000,23.6000000000
2011-08-03,23.3800000000,23.1200000000
2011-08-04,31.6600000000,28.5600000000
2011-08-05,32.0000000000,29.5900000000
2011-08-08,48.0000000000,38.1000000000
2011-08-09,35.0600000000,31.0700000000
2011-08-10,42.9900000000,36.5800000000
2011-08-11,39.0000000000,33.8200000000
2011-08-12,36.3600000000,32.7500000000
2011-08-15,31.8700000000,30.0800000000
2011-08-16,32.8500000000,30.4400000000
2011-08-17,31.5800000000,30.0300000000
2011-08-18,42.6700000000,36.6000000000
2011-08-19,43.0500000000,37.9000000000
2011-08-22,42.4400000000,38.2600000000
2011-08-23,36.2700000000,34.7900000000
2011-08-24,35.9000000000,34.8000000000
2011-08-25,39.7600000000,36.6100000000
2011-08-26,35.5900000000,34.4100000000
2011-08-29,32.2800000000,31.9800000000
2011-08-30,32.8900000000,32.4700000000
2011-08-31,31.6200000000,31.6700000000
2011-09-01,31.8200000000,31.9900000000
2011-09-02,33.9200000000,33.7900000000
2011-09-06,37.0000000000,35.3800000000
2011-09-07,33.3800000000,32.9600000000
2011-09-08,34.3200000000,33.7100000000
2011-09-09,38.5200000000,36.6400000000
2011-09-12,38.5900000000,37.0600000000
2011-09-13,36.9100000000,36.0600000000
2011-09-14,34.6000000000,34.9600000000
2011-09-15,31.9700000000,33.5200000000
2011-09-16,30.9800000000,32.9500000000
2011-09-19,32.7300000000,33.8100000000
2011-09-20,32.8600000000,33.6200000000
2011-09-21,37.3200000000,36.1900000000
2011-09-22,41.3500000000,39.1500000000
2011-09-23,41.2500000000,39.5500000000
2011-09-26,39.0200000000,38.0300000000
2011-09-27,37.7100000000,37.2100000000
2011-09-28,41.0800000000,39.5200000000
2011-09-29,38.8400000000,38.1800000000
2011-09-30,42.9600000000,41.2400000000
2011-10-03,45.4500000000,43.3800000000
2011-10-04,40.8200000000,40.4500000000
2011-10-05,37.8100000000,38.3100000000
2011-10-06,36.2700000000,37.0400000000
2011-10-07,36.2000000000,37.3100000000
2011-10-10,33.0200000000,34.7900000000
2011-10-11,32.8600000000,34.0600000000
2011-10-12,31.2600000000,32.9700000000
2011-10-13,30.7000000000,32.7100000000
2011-10-14,28.2400000000,30.3900000000
2011-10-17,33.3900000000,33.6000000000
2011-10-18,31.5600000000,31.9800000000
2011-10-19,34.4400000000,34.3900000000
2011-10-20,34.7800000000,34.2000000000
2011-10-21,31.3200000000,31.9700000000
2011-10-24,29.2600000000,30.4700000000
2011-10-25,32.2200000000,32.3600000000
2011-10-26,29.8600000000,30.9400000000
2011-10-27,25.4600000000,27.0300000000
2011-10-28,24.5300000000,26.5200000000
2011-10-31,29.9600000000,30.3700000000
2011-11-01,34.7700000000,34.0200000000
2011-11-02,32.7400000000,32.8800000000
2011-11-03,30.5000000000,31.6200000000
2011-11-04,30.1600000000,31.2300000000
2011-11-07,29.8500000000,31.3800000000
2011-11-08,27.4800000000,29.5200000000
2011-11-09,36.1600000000,35.4900000000
2011-11-10,32.8100000000,33.7500000000
2011-11-11,30.0400000000,31.6000000000
2011-11-14,31.1300000000,32.7200000000
2011-11-15,31.2200000000,32.5200000000
2011-11-16,33.5100000000,34.3900000000
2011-11-17,34.5100000000,35.3200000000
2011-11-18,32.0000000000,34.2000000000
2011-11-21,32.9100000000,34.7800000000
2011-11-22,31.9700000000,34.2400000000
2011-11-23,33.9800000000,35.8700000000
2011-11-25,34.4700000000,36.4500000000
2011-11-28,32.1300000000,33.9400000000
2011-11-29,30.6400000000,33.2100000000
2011-11-30,27.8000000000,30.5800000000
2011-12-01,27.4100000000,30.0300000000
2011-12-02,27.5200000000,29.8500000000
2011-12-05,27.8400000000,29.9000000000
2011-12-06,28.1300000000,30.1600000000
2011-12-07,28.6700000000,30.6200000000
2011-12-08,30.5900000000,32.0900000000
2011-12-09,26.3800000000,29.5300000000
2011-12-12,25.6700000000,30.1700000000
2011-12-13,25.4100000000,30.1700000000
2011-12-14,26.0400000000,30.4200000000
2011-12-15,25.1100000000,29.4600000000
2011-12-16,24.2900000000,29.0300000000
2011-12-19,24.9200000000,28.7400000000
2011-12-20,23.2200000000,26.8700000000
2011-12-21,21.4300000000,25.5600000000
2011-12-22,21.1600000000,25.2800000000
2011-12-23,20.7300000000,25.2200000000
2011-12-27,21.9100000000,25.5400000000
2011-12-28,23.5200000000,26.7500000000
2011-12-29,22.6500000000,26.2500000000
2011-12-30,23.4000000000,26.8600000000
2012-01-03,22.9700000000,26.0500000000
2012-01-04,22.2200000000,25.3100000000
2012-01-05,21.4800000000,24.7000000000
2012-01-06,20.6300000000,24.0900000000
2012-01-09,21.0700000000,24.1200000000
2012-01-10,20.6900000000,23.6800000000
2012-01-11,21.0500000000,24.1100000000
2012-01-12,20.4700000000,24.0400000000
2012-01-13,20.9100000000,24.6700000000
2012-01-17,22.2000000000,25.0000000000
2012-01-18,20.8900000000,24.1800000000
2012-01-19,19.8700000000,23.6500000000
2012-01-20,18.2800000000,22.8200000000
2012-01-23,18.6700000000,22.3200000000
2012-01-24,18.9100000000,22.0300000000
2012-01-25,18.3100000000,21.3600000000
2012-01-26,18.5700000000,21.6800000000
2012-01-27,18.5300000000,21.4000000000
2012-01-30,19.4000000000,21.9200000000
2012-01-31,19.4400000000,22.0900000000
2012-02-01,18.5500000000,21.5400000000
2012-02-02,17.9800000000,21.0100000000
2012-02-03,17.1000000000,20.0500000000
2012-02-06,17.7600000000,20.3900000000
2012-02-07,17.6500000000,20.1400000000
2012-02-08,18.1600000000,20.6800000000
2012-02-09,18.6300000000,21.3400000000
2012-02-10,20.7900000000,23.2800000000
2012-02-13,19.0400000000,22.1200000000
2012-02-14,19.5400000000,22.8200000000
2012-02-15,21.1400000000,24.1200000000
2012-02-16,19.2200000000,23.1700000000
2012-02-17,17.7800000000,22.3900000000
2012-02-21,18.1900000000,22.3500000000
2012-02-22,18.1900000000,22.0900000000
2012-02-23,16.8000000000,20.7800000000
2012-02-24,17.3100000000,21.1800000000
2012-02-27,18.1900000000,21.8700000000
2012-02-28,17.9600000000,21.6000000000
2012-02-29,18.4300000000,21.8000000000
2012-03-01,17.2600000000,21.0300000000
2012-03-02,17.2900000000,21.2600000000
2012-03-05,18.0500000000,21.9900000000
2012-03-06,20.8700000000,23.9000000000
2012-03-07,19.0700000000,22.7200000000
2012-03-08,17.9500000000,21.8400000000
2012-03-09,17.1100000000,21.2200000000
2012-03-12,15.6400000000,20.8100000000
2012-03-13,14.8000000000,19.6000000000
2012-03-14,15.3100000000,20.7500000000
2012-03-15,15.4200000000,20.5400000000
2012-03-16,14.4700000000,20.3700000000
2012-03-19,15.0400000000,19.9400000000
2012-03-20,15.5800000000,19.9600000000
2012-03-21,15.1300000000,19.2500000000
2012-03-22,15.5700000000,19.5500000000
2012-03-23,14.8200000000,18.6400000000
2012-03-26,14.2600000000,17.4300000000
2012-03-27,15.5900000000,18.5700000000
2012-03-28,15.4700000000,18.7900000000
2012-03-29,15.4800000000,18.8400000000
2012-03-30,15.5000000000,18.6100000000
2012-04-02,15.6400000000,18.4600000000
2012-04-03,15.6600000000,18.8100000000
2012-04-04,16.4400000000,19.4500000000
2012-04-05,16.7000000000,19.8200000000
2012-04-09,18.8100000000,21.2100000000
2012-04-10,20.3900000000,22.6200000000
2012-04-11,20.0200000000,22.4700000000
2012-04-12,17.2000000000,20.2500000000
2012-04-13,19.5500000000,21.9900000000
2012-04-16,19.5500000000,22.0400000000
2012-04-17,18.4600000000,20.8500000000
2012-04-18,18.6400000000,21.1200000000
2012-04-19,18.3600000000,21.2300000000
2012-04-20,17.4400000000,20.4800000000
2012-04-23,18.9700000000,21.3900000000
2012-04-24,18.1000000000,20.5100000000
2012-04-25,16.8200000000,19.4600000000
2012-04-26,16.2400000000,18.5500000000
2012-04-27,16.3200000000,18.7400000000
2012-04-30,17.1500000000,19.3200000000
2012-05-01,16.6000000000,19.1300000000
2012-05-02,16.8800000000,19.0100000000
2012-05-03,17.5600000000,19.5000000000
2012-05-04,19.1600000000,20.7200000000
2012-05-07,18.9400000000,20.4500000000
2012-05-08,19.0500000000,20.8100000000
2012-05-09,20.0800000000,21.5300000000
2012-05-10,18.8300000000,20.8700000000
2012-05-11,19.8900000000,21.5500000000
2012-05-14,21.8700000000,22.9700000000
2012-05-15,21.9700000000,23.9200000000
2012-05-16,22.2700000000,24.9200000000
2012-05-17,24.4900000000,26.4100000000
2012-05-18,25.1000000000,27.6600000000
2012-05-21,22.0100000000,24.7100000000
2012-05-22,22.4800000000,25.2300000000
2012-05-23,22.3300000000,25.1100000000
2012-05-24,21.5400000000,24.7800000000
2012-05-25,21.7600000000,24.9300000000
2012-05-29,21.0300000000,23.8900000000
2012-05-30,24.1400000000,26.1900000000
2012-05-31,24.0600000000,26.2200000000
2012-06-01,26.6600000000,28.4700000000
2012-06-04,26.1200000000,28.1200000000
2012-06-05,24.6800000000,26.8700000000
2012-06-06,22.1600000000,24.7100000000
2012-06-07,21.7200000000,24.4700000000
2012-06-08,21.2300000000,23.6400000000
2012-06-11,23.5600000000,25.5000000000
2012-06-12,22.0900000000,24.9400000000
2012-06-13,24.2700000000,26.5000000000
2012-06-14,21.6800000000,25.0000000000
2012-06-15,21.1100000000,23.6700000000
2012-06-18,18.3200000000,22.1300000000
2012-06-19,18.3800000000,21.9200000000
2012-06-20,17.2400000000,20.8400000000
2012-06-21,20.0800000000,23.1600000000
2012-06-22,18.1100000000,21.5100000000
2012-06-25,20.3800000000,23.0300000000
2012-06-26,19.7200000000,22.4700000000
2012-06-27,19.4500000000,22.3600000000
2012-06-28,19.7100000000,22.2500000000
2012-06-29,17.0800000000,20.3200000000
2012-07-02,16.8000000000,19.7900000000
2012-07-03,16.6600000000,19.3200000000
2012-07-05,17.5000000000,20.1100000000
2012-07-06,17.1000000000,20.0400000000
2012-07-09,17.9800000000,20.3700000000
2012-07-10,18.7200000000,20.8700000000
2012-07-11,17.9500000000,20.2500000000
2012-07-12,18.3300000000,20.6900000000
2012-07-13,16.7400000000,19.3900000000
2012-07-16,17.1100000000,19.6100000000
2012-07-17,16.4800000000,18.9200000000
2012-07-18,16.1600000000,18.9400000000
2012-07-19,15.4500000000,18.6100000000
2012-07-20,16.2700000000,19.6400000000
2012-07-23,18.6200000000,21.1800000000
2012-07-24,20.4700000000,22.2600000000
2012-07-25,19.3400000000,21.8800000000
2012-07-26,17.5300000000,20.2400000000
2012-07-27,16.7000000000,19.6600000000
2012-07-30,18.0300000000,20.1300000000
2012-07-31,18.9300000000,20.7800000000
2012-08-01,18.9600000000,20.6700000000
2012-08-02,17.5700000000,20.2300000000
2012-08-03,15.6400000000,18.6800000000
2012-08-06,15.9500000000,18.7400000000
2012-08-07,15.9900000000,18.8100000000
2012-08-08,15.3200000000,18.5800000000
2012-08-09,15.2800000000,18.2300000000
2012-08-10,14.7400000000,18.1400000000
2012-08-13,13.7000000000,18.0700000000
2012-08-14,14.8500000000,18.5100000000
2012-08-15,14.6300000000,18.8600000000
2012-08-16,14.2900000000,18.5500000000
2012-08-17,13.4500000000,18.3500000000
2012-08-20,14.0200000000,18.5900000000
2012-08-21,15.0200000000,18.8000000000
2012-08-22,15.1100000000,19.4200000000
2012-08-23,15.9600000000,20.0900000000
2012-08-24,15.1800000000,19.2400000000
2012-08-27,16.3500000000,19.9200000000
2012-08-28,16.4900000000,19.8200000000
2012-08-29,17.0600000000,20.4600000000
2012-08-30,17.8300000000,20.9200000000
2012-08-31,17.4700000000,20.6200000000
2012-09-04,17.9800000000,20.6800000000
2012-09-05,17.7400000000,19.9900000000
2012-09-06,15.6000000000,18.6200000000
2012-09-07,14.3800000000,17.5900000000
2012-09-10,16.2800000000,18.3000000000
2012-09-11,16.4100000000,18.2900000000
2012-09-12,15.8000000000,17.6000000000
2012-09-13,14.0500000000,16.4500000000
2012-09-14,14.5100000000,16.9000000000
2012-09-17,14.5900000000,17.1300000000
2012-09-18,14.1800000000,16.6300000000
2012-09-19,13.8800000000,16.4900000000
2012-09-20,14.0700000000,16.7500000000
2012-09-21,13.9800000000,16.7900000000
2012-09-24,14.1500000000,16.5900000000
2012-09-25,15.4300000000,17.6000000000
2012-09-26,16.8100000000,18.5000000000
2012-09-27,14.8400000000,17.0700000000
2012-09-28,15.7300000000,17.6100000000
2012-10-01,16.3200000000,17.9200000000
2012-10-02,15.7100000000,17.7400000000
2012-10-03,15.4300000000,17.5800000000
2012-10-04,14.5500000000,17.0600000000
2012-10-05,14.3300000000,16.9300000000
2012-10-08,15.1100000000,17.3600000000
2012-10-09,16.3700000000,18.0100000000
2012-10-10,16.2900000000,18.1300000000
2012-10-11,15.5900000000,17.5700000000
2012-10-12,16.1400000000,17.7400000000
2012-10-15,15.2700000000,17.1100000000
2012-10-16,15.2200000000,16.9700000000
2012-10-17,15.0700000000,16.6100000000
2012-10-18,15.0300000000,16.5800000000
2012-10-19,17.0600000000,18.1200000000
2012-10-22,16.6200000000,17.8700000000
2012-10-23,18.8300000000,19.4500000000
2012-10-24,18.3300000000,19.2700000000
2012-10-25,18.1200000000,19.1100000000
2012-10-26,17.8100000000,19.0200000000
2012-10-31,18.6000000000,19.3100000000
2012-11-01,16.6900000000,17.7300000000
2012-11-02,17.5900000000,18.5500000000
2012-11-05,18.4200000000,18.9700000000
2012-11-06,17.5800000000,18.2400000000
2012-11-07,19.0800000000,19.8100000000
2012-11-08,18.4900000000,19.8300000000
2012-11-09,18.6100000000,20.0700000000
2012-11-12,16.6800000000,19.1500000000
2012-11-13,16.6500000000,18.9700000000
2012-11-14,17.9200000000,19.8700000000
2012-11-15,17.9900000000,19.7900000000
2012-11-16,16.4100000000,18.9300000000
2012-11-19,15.2400000000,17.5900000000
2012-11-20,15.0800000000,17.2800000000
2012-11-21,15.3100000000,17.5800000000
2012-11-23,15.1400000000,17.5800000000
2012-11-26,15.5000000000,17.3100000000
2012-11-27,15.9200000000,17.6200000000
2012-11-28,15.5100000000,17.2000000000
2012-11-29,15.0600000000,16.8200000000
2012-11-30,15.8700000000,17.2700000000
2012-12-03,16.6400000000,17.8200000000
2012-12-04,17.1200000000,18.1900000000
2012-12-05,16.4600000000,17.8300000000
2012-12-06,16.5800000000,17.8400000000
2012-12-07,15.9000000000,17.2900000000
2012-12-10,16.0500000000,17.3500000000
2012-12-11,15.5700000000,17.0000000000
2012-12-12,15.9500000000,17.4300000000
2012-12-13,16.5600000000,17.8800000000
2012-12-14,17.0000000000,18.0300000000
2012-12-17,16.3400000000,17.5000000000
2012-12-18,15.5700000000,16.8100000000
2012-12-19,17.3600000000,17.8600000000
2012-12-20,17.6700000000,18.1400000000
2012-12-21,17.8400000000,18.8700000000
2012-12-24,17.8400000000,18.8700000000
2012-12-26,19.4800000000,19.9300000000
2012-12-27,19.4700000000,19.9200000000
2012-12-28,22.7200000000,21.8800000000
2012-12-31,18.0200000000,18.7300000000
2013-01-02,14.6800000000,16.6900000000
2013-01-03,14.5600000000,16.7400000000
2013-01-04,13.8300000000,16.3400000000
2013-01-07,13.7900000000,16.4500000000
2013-01-08,13.6200000000,16.4500000000
2013-01-09,13.8100000000,16.5000000000
2013-01-10,13.4900000000,16.1200000000
2013-01-11,13.3600000000,16.0100000000
2013-01-14,13.5200000000,16.2900000000
2013-01-15,13.5500000000,16.3300000000
2013-01-16,13.4200000000,16.2400000000
2013-01-17,13.5700000000,16.0800000000
2013-01-18,12.4600000000,15.2900000000
2013-01-22,12.4300000000,14.7200000000
2013-01-23,12.4600000000,14.5000000000
2013-01-24,12.6900000000,14.6700000000
2013-01-25,12.8900000000,14.6600000000
2013-01-28,13.5700000000,15.0700000000
2013-01-29,13.3100000000,14.7400000000
2013-01-30,14.3200000000,15.4200000000
2013-01-31,14.2800000000,15.5500000000
2013-02-01,12.9000000000,14.7900000000
2013-02-04,14.6700000000,15.7900000000
2013-02-05,13.7200000000,15.3000000000
2013-02-06,13.4100000000,15.1400000000
2013-02-07,13.5000000000,15.1900000000
2013-02-08,13.0200000000,14.8000000000
2013-02-11,12.9400000000,14.6800000000
2013-02-12,12.6400000000,14.5300000000
2013-02-13,12.9800000000,14.6300000000
2013-02-14,12.6600000000,14.4300000000
2013-02-15,12.4600000000,14.2600000000
2013-02-19,12.3100000000,13.9900000000
2013-02-20,14.6800000000,15.4100000000
2013-02-21,15.2200000000,15.7100000000
2013-02-22,14.1700000000,14.9800000000
2013-02-25,18.9900000000,17.9400000000
2013-02-26,16.8700000000,17.2500000000
2013-02-27,14.7300000000,15.6600000000
2013-02-28,15.5100000000,16.1800000000
2013-03-01,15.3600000000,16.2900000000
2013-03-04,14.0100000000,15.4200000000
2013-03-05,13.4800000000,14.9500000000
2013-03-06,13.5300000000,15.0300000000
2013-03-07,13.0600000000,14.7400000000
2013-03-08,12.5900000000,14.5200000000
2013-03-11,11.5600000000,14.3000000000
2013-03-12,12.2700000000,14.5800000000
2013-03-13,11.8300000000,14.5100000000
2013-03-14,11.3000000000,14.1000000000
2013-03-15,11.3000000000,14.2600000000
2013-03-18,13.3600000000,15.3900000000
2013-03-19,14.3900000000,15.7100000000
2013-03-20,12.6700000000,14.9300000000
2013-03-21,13.9900000000,15.5300000000
2013-03-22,13.5700000000,15.2600000000
2013-03-25,13.7400000000,15.3000000000
2013-03-26,12.7700000000,14.7500000000
2013-03-27,13.1500000000,14.9300000000
2013-03-28,12.7000000000,14.6400000000
2013-04-01,13.5800000000,15.2800000000
2013-04-02,12.7800000000,14.7100000000
2013-04-03,14.2100000000,15.4900000000
2013-04-04,13.8900000000,15.3000000000
2013-04-05,13.9200000000,15.3800000000
2013-04-08,13.1900000000,14.7100000000
2013-04-09,12.8400000000,14.4600000000
2013-04-10,12.3600000000,14.1200000000
2013-04-11,12.2400000000,14.1700000000
2013-04-12,12.0600000000,14.0200000000
2013-04-15,17.2700000000,17.0300000000
2013-04-16,13.9600000000,15.1000000000
2013-04-17,16.5100000000,16.9300000000
2013-04-18,17.5600000000,17.5200000000
2013-04-19,14.9700000000,16.1700000000
2013-04-22,14.3900000000,15.6600000000
2013-04-23,13.4800000000,14.8300000000
2013-04-24,13.6100000000,14.9700000000
2013-04-25,13.6200000000,14.9600000000
2013-04-26,13.6100000000,14.8900000000
2013-04-29,13.7100000000,14.9200000000
2013-04-30,13.5200000000,14.7800000000
2013-05-01,14.4900000000,15.6100000000
2013-05-02,13.5900000000,14.8700000000
2013-05-03,12.8500000000,14.4500000000
2013-05-06,12.6600000000,14.3100000000
2013-05-07,12.8300000000,14.3500000000
2013-05-08,12.6600000000,14.4000000000
2013-05-09,13.1300000000,14.8100000000
2013-05-10,12.5900000000,14.7100000000
2013-05-13,12.5500000000,15.0500000000
2013-05-14,12.7700000000,14.9800000000
2013-05-15,12.8100000000,15.0500000000
2013-05-16,13.0700000000,15.4500000000
2013-05-17,12.4500000000,15.1700000000
2013-05-20,13.0200000000,15.3100000000
2013-05-21,13.3700000000,15.7800000000
2013-05-22,13.8200000000,15.8200000000
2013-05-23,14.0700000000,16.0000000000
2013-05-24,13.9900000000,15.9200000000
2013-05-28,14.4800000000,15.8700000000
2013-05-29,14.8300000000,16.1500000000
2013-05-30,14.5300000000,16.0100000000
2013-05-31,16.3000000000,17.1300000000
2013-06-03,16.2800000000,17.2200000000
2013-06-04,16.2700000000,17.2600000000
2013-06-05,17.5000000000,18.0000000000
2013-06-06,16.6300000000,17.5500000000
2013-06-07,15.1400000000,16.7200000000
2013-06-10,15.4400000000,16.7300000000
2013-06-11,17.0700000000,17.9100000000
2013-06-12,18.5900000000,19.0700000000
2013-06-13,16.4100000000,17.8300000000
2013-06-14,17.1500000000,18.3000000000
2013-06-17,16.8000000000,17.9900000000
2013-06-18,16.6100000000,17.7500000000
2013-06-19,16.6400000000,17.7800000000
2013-06-20,20.4900000000,20.3400000000
2013-06-21,18.9000000000,19.4900000000
2013-06-24,20.1100000000,20.7300000000
2013-06-25,18.4700000000,19.6700000000
2013-06-26,17.2100000000,18.8200000000
2013-06-27,16.8600000000,18.5600000000
2013-06-28,16.8600000000,18.3900000000
2013-07-01,16.3700000000,17.9200000000
2013-07-02,16.4400000000,18.0200000000
2013-07-03,16.2000000000,17.8100000000
2013-07-05,14.8900000000,16.8800000000
2013-07-08,14.7800000000,16.4100000000
2013-07-09,14.3500000000,15.9100000000
2013-07-10,14.2100000000,15.7700000000
2013-07-11,14.0100000000,15.5000000000
2013-07-12,13.8400000000,15.6500000000
2013-07-15,13.7900000000,15.6200000000
2013-07-16,14.4200000000,16.0100000000
2013-07-17,13.7800000000,15.5600000000
2013-07-18,13.7700000000,15.5600000000
2013-07-19,12.5400000000,15.0400000000
2013-07-22,12.2900000000,14.6900000000
2013-07-23,12.6600000000,14.8800000000
2013-07-24,13.1800000000,15.1900000000
2013-07-25,12.9700000000,15.0000000000
2013-07-26,12.7200000000,14.8000000000
2013-07-29,13.3900000000,15.1100000000
2013-07-30,13.3900000000,14.9800000000
2013-07-31,13.4500000000,14.9200000000
2013-08-01,12.9400000000,14.5500000000
2013-08-02,11.9800000000,14.0300000000
2013-08-05,11.8400000000,13.8600000000
2013-08-06,12.7200000000,14.5600000000
2013-08-07,12.9800000000,14.8100000000
2013-08-08,12.7300000000,14.6700000000
2013-08-09,13.4100000000,15.1000000000
2013-08-12,12.8100000000,15.1700000000
2013-08-13,12.3100000000,14.8600000000
2013-08-14,13.0400000000,15.2400000000
2013-08-15,14.7300000000,16.2400000000
2013-08-16,14.3700000000,15.9400000000
2013-08-19,15.1000000000,16.4000000000
2013-08-20,14.9100000000,16.3100000000
2013-08-21,15.9400000000,16.7900000000
2013-08-22,14.7600000000,15.9900000000
2013-08-23,13.9800000000,15.5500000000
2013-08-26,14.9900000000,16.2100000000
2013-08-27,16.7700000000,17.6800000000
2013-08-28,16.4900000000,17.6200000000
2013-08-29,16.8100000000,17.9000000000
2013-08-30,17.0100000000,18.0500000000
2013-09-03,16.6100000000,17.6400000000
2013-09-04,15.8800000000,17.3000000000
2013-09-05,15.7700000000,17.1400000000
2013-09-06,15.8500000000,17.1700000000
2013-09-09,15.6300000000,16.8300000000
2013-09-10,14.5300000000,16.1100000000
2013-09-11,13.8200000000,15.6100000000
2013-09-12,14.2900000000,15.8500000000
2013-09-13,14.1600000000,15.7000000000
2013-09-16,14.3800000000,15.5800000000
2013-09-17,14.5300000000,15.6600000000
2013-09-18,13.5900000000,15.1800000000
2013-09-19,13.1600000000,15.0200000000
2013-09-20,13.1200000000,15.3200000000
2013-09-23,14.3100000000,15.9200000000
2013-09-24,14.0800000000,15.6400000000
2013-09-25,14.0100000000,15.5600000000
2013-09-26,14.0600000000,15.4100000000
2013-09-27,15.4600000000,16.0400000000
2013-09-30,16.6000000000,16.8000000000
2013-10-01,15.5400000000,16.1300000000
2013-10-02,16.6000000000,16.8100000000
2013-10-03,17.6700000000,17.7000000000
2013-10-04,16.7400000000,17.2100000000
2013-10-07,19.4100000000,19.0700000000
2013-10-08,20.3400000000,19.8400000000
2013-10-09,19.6000000000,19.2900000000
2013-10-10,16.4800000000,17.2100000000
2013-10-11,15.7200000000,16.5700000000
2013-10-14,16.0700000000,16.9200000000
2013-10-15,18.6600000000,18.4100000000
2013-10-16,14.7100000000,16.2600000000
2013-10-17,13.4800000000,15.4400000000
2013-10-18,13.0400000000,14.9200000000
2013-10-21,13.1600000000,15.1400000000
2013-10-22,13.3300000000,15.0200000000
2013-10-23,13.4200000000,15.1100000000
2013-10-24,13.2000000000,14.9000000000
2013-10-25,13.0900000000,14.8700000000
2013-10-28,13.3100000000,14.8700000000
2013-10-29,13.4100000000,15.0300000000
2013-10-30,13.6500000000,15.1300000000
2013-10-31,13.7500000000,15.2500000000
2013-11-01,13.2800000000,15.0600000000
2013-11-04,12.9300000000,14.6800000000
2013-11-05,13.2700000000,14.9200000000
2013-11-06,12.6700000000,14.6600000000
2013-11-07,13.9100000000,15.3600000000
2013-11-08,12.9000000000,14.6300000000
2013-11-11,12.5300000000,14.7300000000
2013-11-12,12.8200000000,14.8800000000
2013-11-13,12.5200000000,14.8300000000
2013-11-14,12.3700000000,14.8800000000
2013-11-15,12.1900000000,14.8000000000
2013-11-18,13.1000000000,14.9300000000
2013-11-19,13.3900000000,15.2500000000
2013-11-20,13.4000000000,14.9900000000
2013-11-21,12.6600000000,14.5200000000
2013-11-22,12.2600000000,14.1500000000
2013-11-25,12.7900000000,14.4300000000
2013-11-26,12.8100000000,14.5500000000
2013-11-27,12.9800000000,14.6000000000
2013-11-29,13.7000000000,15.0300000000
2013-12-02,14.2300000000,15.1900000000
2013-12-03,14.5500000000,15.4900000000
2013-12-04,14.7000000000,15.5700000000
2013-12-05,15.0800000000,15.7800000000
2013-12-06,13.7900000000,14.9500000000
2013-12-09,13.4900000000,14.9300000000
2013-12-10,13.9100000000,15.2200000000
2013-12-11,15.4200000000,15.9900000000
2013-12-12,15.5400000000,16.1200000000
2013-12-13,15.7600000000,16.2700000000
2013-12-16,16.0300000000,16.3900000000
2013-12-17,16.2100000000,16.5000000000
2013-12-18,13.8000000000,14.9900000000
2013-12-19,14.1500000000,15.2800000000
2013-12-20,13.7900000000,15.0100000000
2013-12-23,13.0400000000,14.5200000000
2013-12-24,12.4800000000,14.2400000000
2013-12-26,12.3300000000,14.0300000000
2013-12-27,12.4600000000,13.9800000000
2013-12-30,13.5600000000,14.7700000000
2013-12-31,13.7200000000,14.7700000000
2014-01-02,14.2300000000,15.2600000000
2014-01-03,13.7600000000,15.0900000000
2014-01-06,13.5500000000,14.8200000000
2014-01-07,12.9200000000,14.4100000000
2014-01-08,12.8700000000,14.2900000000
2014-01-09,12.8900000000,14.2900000000
2014-01-10,12.1400000000,13.9400000000
2014-01-13,13.2800000000,14.9800000000
2014-01-14,12.2800000000,14.4900000000
2014-01-15,12.2800000000,14.4600000000
2014-01-16,12.5300000000,14.6900000000
2014-01-17,12.4400000000,14.6300000000
2014-01-21,12.8700000000,14.6200000000
2014-01-22,12.8400000000,14.4700000000
2014-01-23,13.7700000000,14.9800000000
2014-01-24,18.1400000000,17.4000000000
2014-01-27,17.4200000000,17.1300000000
2014-01-28,15.8000000000,16.2000000000
2014-01-29,17.3500000000,17.2400000000
2014-01-30,17.2900000000,17.3700000000
2014-01-31,18.4100000000,18.0900000000
2014-02-03,21.4400000000,20.1400000000
2014-02-04,19.1100000000,19.0800000000
2014-02-05,19.9500000000,19.6700000000
2014-02-06,17.2300000000,17.7900000000
2014-02-07,15.2900000000,16.3400000000
2014-02-10,15.2600000000,16.3200000000
2014-02-11,14.5100000000,15.7500000000
2014-02-12,14.3000000000,15.6500000000
2014-02-13,14.1400000000,15.5000000000
2014-02-14,13.5700000000,15.1700000000
2014-02-18,13.8700000000,15.2200000000
2014-02-19,15.5000000000,16.2900000000
2014-02-20,14.7900000000,15.7200000000
2014-02-21,14.6800000000,15.6400000000
2014-02-24,14.2300000000,15.5000000000
2014-02-25,13.6700000000,15.5000000000
2014-02-26,14.3500000000,15.9100000000
2014-02-27,14.0400000000,15.6300000000
2014-02-28,14.0000000000,15.8000000000
2014-03-03,16.0000000000,16.9200000000
2014-03-04,14.1000000000,15.6900000000
2014-03-05,13.8900000000,15.7700000000
2014-03-06,14.2100000000,15.8300000000
2014-03-07,14.1100000000,15.8700000000
2014-03-10,14.2000000000,15.9700000000
2014-03-11,14.8000000000,16.3500000000
2014-03-12,14.4700000000,16.0800000000
2014-03-13,16.2200000000,17.1300000000
2014-03-14,17.8200000000,17.9300000000
2014-03-17,15.6400000000,16.6900000000
2014-03-18,14.5200000000,16.1500000000
2014-03-19,15.1200000000,16.3800000000
2014-03-20,14.5200000000,15.8600000000
2014-03-21,15.0000000000,16.1800000000
2014-03-24,15.0900000000,16.1000000000
2014-03-25,14.0200000000,15.5300000000
2014-03-26,14.9300000000,16.0800000000
2014-03-27,14.6200000000,15.8700000000
2014-03-28,14.4100000000,15.4600000000
2014-03-31,13.8800000000,15.0800000000
2014-04-01,13.1000000000,14.4000000000
2014-04-02,13.0900000000,14.4500000000
2014-04-03,13.3700000000,14.5000000000
2014-04-04,13.9600000000,14.9600000000
2014-04-07,15.5700000000,15.9000000000
2014-04-08,14.8900000000,15.5300000000
2014-04-09,13.8200000000,14.8300000000
2014-04-10,15.8900000000,16.0700000000
2014-04-11,17.0300000000,16.7900000000
2014-04-14,16.1100000000,16.3400000000
2014-04-15,15.6100000000,15.9900000000
2014-04-16,14.1800000000,15.2300000000
2014-04-17,13.3600000000,14.8400000000
2014-04-21,13.2500000000,14.7500000000
2014-04-22,13.1900000000,14.6100000000
2014-04-23,13.2700000000,14.8300000000
2014-04-24,13.3200000000,14.7700000000
2014-04-25,14.0600000000,15.1800000000
2014-04-28,13.9700000000,14.9300000000
2014-04-29,13.7100000000,14.8300000000
2014-04-30,13.4100000000,14.7000000000
2014-05-01,13.2500000000,14.6700000000
2014-05-02,12.9100000000,14.6800000000
2014-05-05,13.2900000000,14.7500000000
2014-05-06,13.8000000000,15.1200000000
2014-05-07,13.4000000000,14.6200000000
2014-05-08,13.4300000000,14.5800000000
2014-05-09,12.9200000000,14.3800000000
2014-05-12,12.2300000000,13.8800000000
2014-05-13,12.1300000000,14.0400000000
2014-05-14,12.1700000000,14.1800000000
2014-05-15,13.1700000000,14.8600000000
2014-05-16,12.4400000000,14.3300000000
2014-05-19,12.4200000000,14.1100000000
2014-05-20,12.9600000000,14.4100000000
2014-05-21,11.9100000000,13.8700000000
2014-05-22,12.0300000000,13.8300000000
2014-05-23,11.3600000000,13.6200000000
2014-05-27,11.5100000000,13.6400000000
2014-05-28,11.6800000000,13.7700000000
2014-05-29,11.5700000000,13.7100000000
2014-05-30,11.4000000000,13.7500000000
2014-06-02,11.5800000000,13.8800000000
2014-06-03,11.8700000000,13.8200000000
2014-06-04,12.0800000000,13.7700000000
2014-06-05,11.6800000000,13.5800000000
2014-06-06,10.7300000000,12.8300000000
2014-06-09,11.1500000000,13.0200000000
2014-06-10,10.9900000000,13.0100000000
2014-06-11,11.6000000000,13.2900000000
2014-06-12,12.5600000000,14.1100000000
2014-06-13,12.1800000000,13.7900000000
2014-06-16,12.6500000000,13.9700000000
2014-06-17,12.0600000000,13.6600000000
2014-06-18,10.6100000000,12.6200000000
2014-06-19,10.6200000000,12.7000000000
2014-06-20,10.8500000000,12.8700000000
2014-06-23,10.9800000000,12.9200000000
2014-06-24,12.1300000000,13.3800000000
2014-06-25,11.5900000000,13.1100000000
2014-06-26,11.6300000000,13.0700000000
2014-06-27,11.2600000000,12.8200000000
2014-06-30,11.5700000000,13.0100000000
2014-07-01,11.1500000000,12.7400000000
2014-07-02,10.8200000000,12.4900000000
2014-07-03,10.3200000000,12.2400000000
2014-07-07,11.3300000000,12.8700000000
2014-07-08,11.9800000000,13.2100000000
2014-07-09,11.6500000000,12.9900000000
2014-07-10,12.5900000000,13.6500000000
2014-07-11,12.0800000000,13.2800000000
2014-07-14,11.8200000000,12.9300000000
2014-07-15,11.9600000000,13.1600000000
2014-07-16,11.0000000000,12.6300000000
2014-07-17,14.5400000000,14.9700000000
2014-07-18,12.0600000000,13.3600000000
2014-07-21,12.8100000000,13.8000000000
2014-07-22,12.2400000000,13.5000000000
2014-07-23,11.5200000000,13.3800000000
2014-07-24,11.8400000000,13.4500000000
2014-07-25,12.6900000000,14.0000000000
2014-07-28,12.5600000000,13.9200000000
2014-07-29,13.2800000000,14.2200000000
2014-07-30,13.3300000000,14.2600000000
2014-07-31,16.9500000000,16.3800000000
2014-08-01,17.0300000000,16.7800000000
2014-08-04,15.1200000000,15.8100000000
2014-08-05,16.8700000000,17.1400000000
2014-08-06,16.3700000000,16.9300000000
2014-08-07,16.6600000000,17.2200000000
2014-08-08,15.7700000000,16.6900000000
2014-08-11,14.2300000000,15.7600000000
2014-08-12,14.1300000000,15.7000000000
2014-08-13,12.9000000000,14.8500000000
2014-08-14,12.4200000000,14.4300000000
2014-08-15,13.1500000000,14.4200000000
2014-08-18,12.3200000000,13.9100000000
2014-08-19,12.2100000000,13.7900000000
2014-08-20,11.7800000000,13.7600000000
2014-08-21,11.7600000000,13.5300000000
2014-08-22,11.4700000000,13.5100000000
2014-08-25,11.7000000000,13.5700000000
2014-08-26,11.6300000000,13.7100000000
2014-08-27,11.7800000000,13.9200000000
2014-08-28,12.0500000000,14.1300000000
2014-08-29,11.9800000000,14.2700000000
2014-09-02,12.2500000000,14.4600000000
2014-09-03,12.3600000000,14.3900000000
2014-09-04,12.6400000000,14.5400000000
2014-09-05,12.0900000000,14.0800000000
2014-09-08,12.6600000000,14.3900000000
2014-09-09,13.5000000000,14.8400000000
2014-09-10,12.8800000000,14.6300000000
2014-09-11,12.8000000000,14.6800000000
2014-09-12,13.3100000000,15.0400000000
2014-09-15,14.1200000000,15.5800000000
2014-09-16,12.7300000000,14.8500000000
2014-09-17,12.6500000000,14.6200000000
2014-09-18,12.0300000000,14.2300000000
2014-09-19,12.1100000000,14.3800000000
2014-09-22,13.6900000000,15.2600000000
2014-09-23,14.9300000000,16.0700000000
2014-09-24,13.2700000000,15.2200000000
2014-09-25,15.6400000000,16.5900000000
2014-09-26,14.8500000000,16.0200000000
2014-09-29,15.9800000000,16.8200000000
2014-09-30,16.3100000000,17.0800000000
2014-10-01,16.7100000000,17.6200000000
2014-10-02,16.1600000000,17.2400000000
2014-10-03,14.5500000000,16.0400000000
2014-10-06,15.4600000000,16.5500000000
2014-10-07,17.2000000000,17.6800000000
2014-10-08,15.1100000000,16.2800000000
2014-10-09,18.7600000000,18.0900000000
2014-10-10,21.2400000000,19.9300000000
2014-10-13,24.6400000000,22.1200000000
2014-10-14,22.7900000000,21.3700000000
2014-10-15,26.2500000000,23.8200000000
2014-10-16,25.2000000000,22.8500000000
2014-10-17,21.9900000000,21.2500000000
2014-10-20,18.5700000000,19.6700000000
2014-10-21,16.0800000000,17.8700000000
2014-10-22,17.8700000000,19.0600000000
2014-10-23,16.5300000000,18.2200000000
2014-10-24,16.1100000000,17.9200000000
2014-10-27,16.0400000000,17.8600000000
2014-10-28,14.3900000000,16.4600000000
2014-10-29,15.1500000000,16.8900000000
2014-10-30,14.5200000000,16.7400000000
2014-10-31,14.0300000000,16.5100000000
2014-11-03,14.7300000000,16.8100000000
2014-11-04,14.8900000000,16.9300000000
2014-11-05,14.1700000000,16.5700000000
2014-11-06,13.6700000000,16.2600000000
2014-11-07,13.1200000000,15.8300000000
2014-11-10,12.6700000000,15.0400000000
2014-11-11,12.9200000000,15.3600000000
2014-11-12,13.0200000000,15.7400000000
2014-11-13,13.7900000000,15.8900000000
2014-11-14,13.3100000000,15.9600000000
2014-11-17,13.9900000000,15.9300000000
2014-11-18,13.8600000000,15.7000000000
2014-11-19,13.9600000000,15.9700000000
2014-11-20,13.5800000000,16.0100000000
2014-11-21,12.9000000000,15.7900000000
2014-11-24,12.6200000000,15.5500000000
2014-11-25,12.2500000000,15.4100000000
2014-11-26,12.0700000000,15.3200000000
2014-11-28,13.3300000000,15.9300000000
2014-12-01,14.2900000000,16.7400000000
2014-12-02,12.8500000000,15.9600000000
2014-12-03,12.4700000000,15.5500000000
2014-12-04,12.3800000000,15.6400000000
2014-12-05,11.8200000000,15.5500000000
2014-12-08,14.2100000000,16.7800000000
2014-12-09,14.8900000000,16.8900000000
2014-12-10,18.5300000000,19.1400000000
2014-12-11,20.0800000000,20.7200000000
2014-12-12,21.0800000000,21.0000000000
2014-12-15,20.4200000000,21.0600000000
2014-12-16,23.5700000000,23.0900000000
2014-12-17,19.4400000000,20.4300000000
2014-12-18,16.8100000000,18.4800000000
2014-12-19,16.4900000000,18.4700000000
2014-12-22,15.2500000000,17.5900000000
2014-12-23,14.8000000000,17.9400000000
2014-12-24,14.3700000000,17.2600000000
2014-12-26,14.5000000000,17.1600000000
2014-12-29,15.0600000000,17.2700000000
2014-12-30,15.9200000000,18.0200000000
2014-12-31,19.2000000000,19.7400000000
2015-01-02,17.7900000000,19.4600000000
2015-01-05,19.9200000000,20.7900000000
2015-01-06,21.1200000000,21.4200000000
2015-01-07,19.3100000000,20.0800000000
2015-01-08,17.0100000000,18.6600000000
2015-01-09,17.5500000000,19.3200000000
2015-01-12,19.6000000000,20.4800000000
2015-01-13,20.5600000000,21.2700000000
2015-01-14,21.4800000000,20.9300000000
2015-01-15,22.3900000000,22.1100000000
2015-01-16,20.9500000000,21.1500000000
2015-01-20,19.8900000000,20.8700000000
2015-01-21,18.8500000000,20.0400000000
2015-01-22,16.4000000000,18.6000000000
2015-01-23,16.6600000000,19.0000000000
2015-01-26,15.5200000000,18.0300000000
2015-01-27,17.2200000000,19.1100000000
2015-01-28,20.4400000000,21.4400000000
2015-01-29,18.7600000000,20.0000000000
2015-01-30,20.9700000000,21.8200000000
2015-02-02,19.4300000000,20.9100000000
2015-02-03,17.3300000000,19.4900000000
2015-02-04,18.3300000000,20.4300000000
2015-02-05,16.8500000000,19.2700000000
2015-02-06,17.2900000000,19.8800000000
2015-02-09,18.5500000000,20.6700000000
2015-02-10,17.2300000000,19.7300000000
2015-02-11,16.9600000000,19.7100000000
2015-02-12,15.3400000000,18.3400000000
2015-02-13,14.6900000000,18.1300000000
2015-02-17,15.8000000000,18.3800000000
2015-02-18,15.4500000000,18.6600000000
2015-02-19,15.2900000000,18.0100000000
2015-02-20,14.3000000000,17.2900000000
2015-02-23,14.5600000000,17.5400000000
2015-02-24,13.6900000000,16.7100000000
2015-02-25,13.8400000000,16.8700000000
2015-02-26,13.9100000000,16.8500000000
2015-02-27,13.3400000000,16.8900000000
2015-03-02,13.0400000000,16.4600000000
2015-03-03,13.8600000000,16.7800000000
2015-03-04,14.2300000000,16.9100000000
2015-03-05,14.0400000000,16.6400000000
2015-03-06,15.2000000000,17.5100000000
2015-03-09,15.0600000000,17.3100000000
2015-03-10,16.6900000000,18.2600000000
2015-03-11,16.8700000000,18.5300000000
2015-03-12,15.4200000000,17.3900000000
2015-03-13,16.0000000000,17.8900000000
2015-03-16,15.6100000000,17.4000000000
2015-03-17,15.6600000000,17.4800000000
2015-03-18,13.9700000000,16.4300000000
2015-03-19,14.0700000000,16.9700000000
2015-03-20,13.0200000000,16.7100000000
2015-03-23,13.4100000000,16.5300000000
2015-03-24,13.6200000000,16.5900000000
2015-03-25,15.4400000000,17.5700000000
2015-03-26,15.8000000000,17.5700000000
2015-03-27,15.0700000000,17.3900000000
2015-03-30,14.5100000000,16.9200000000
2015-03-31,15.2900000000,17.5400000000
2015-04-01,15.1100000000,17.3400000000
2015-04-02,14.6700000000,17.2200000000
2015-04-06,14.7400000000,16.8200000000
2015-04-07,14.7800000000,16.8000000000
2015-04-08,13.9800000000,16.4000000000
2015-04-09,13.0900000000,16.0200000000
2015-04-10,12.5800000000,15.4600000000
2015-04-13,13.9400000000,16.3200000000
2015-04-14,13.6700000000,15.8500000000
2015-04-15,12.8400000000,15.6900000000
2015-04-16,12.6000000000,15.3300000000
2015-04-17,13.8900000000,16.1400000000
2015-04-20,13.3000000000,15.5800000000
2015-04-21,13.2500000000,15.5200000000
2015-04-22,12.7100000000,15.4600000000
2015-04-23,12.4800000000,15.1700000000
2015-04-24,12.2900000000,15.2600000000
2015-04-27,13.1200000000,15.9300000000
2015-04-28,12.4100000000,15.3100000000
2015-04-29,13.3900000000,15.9700000000
2015-04-30,14.5500000000,16.4800000000
2015-05-01,12.7000000000,15.3800000000
2015-05-04,12.8500000000,15.4300000000
2015-05-05,14.3100000000,16.3200000000
2015-05-06,15.1500000000,16.7200000000
2015-05-07,15.1300000000,16.7400000000
2015-05-08,12.8600000000,15.5600000000
2015-05-11,13.8500000000,16.1000000000
2015-05-12,13.8600000000,16.4000000000
2015-05-13,13.7600000000,16.2900000000
2015-05-14,12.7400000000,15.9100000000
2015-05-15,12.3800000000,15.5700000000
2015-05-18,12.7300000000,15.2300000000
2015-05-19,12.8500000000,15.2800000000
2015-05-20,12.8800000000,15.1500000000
2015-05-21,12.1100000000,14.6100000000
2015-05-22,12.1300000000,14.4800000000
2015-05-26,14.0600000000,15.4800000000
2015-05-27,13.2700000000,14.9900000000
2015-05-28,13.3100000000,15.0100000000
2015-05-29,13.8400000000,15.3800000000
2015-06-01,13.9700000000,15.4100000000
2015-06-02,14.2400000000,15.7100000000
2015-06-03,13.6600000000,15.3600000000
2015-06-04,14.7100000000,16.2800000000
2015-06-05,14.2100000000,15.9600000000
2015-06-08,15.2900000000,16.6000000000
2015-06-09,14.4700000000,16.2500000000
2015-06-10,13.2200000000,15.3300000000
2015-06-11,12.8500000000,15.1000000000
2015-06-12,13.7800000000,15.6100000000
2015-06-15,15.3900000000,16.6200000000
2015-06-16,14.8100000000,16.2000000000
2015-06-17,14.5000000000,16.2200000000
2015-06-18,13.1900000000,15.4400000000
2015-06-19,13.9600000000,15.9100000000
2015-06-22,12.7400000000,14.9900000000
2015-06-23,12.1100000000,14.5400000000
2015-06-24,13.2600000000,15.1800000000
2015-06-25,14.0100000000,15.5200000000
2015-06-26,14.0200000000,15.4600000000
2015-06-29,18.8500000000,18.7200000000
2015-06-30,18.2300000000,18.4700000000
2015-07-01,16.0900000000,16.7900000000
2015-07-02,16.7900000000,17.6800000000
2015-07-06,17.0100000000,18.0400000000
2015-07-07,16.0900000000,17.0200000000
2015-07-08,19.6600000000,19.2500000000
2015-07-09,19.9700000000,19.7800000000
2015-07-10,16.8300000000,17.7300000000
2015-07-13,13.9000000000,15.9400000000
2015-07-14,13.3700000000,15.4600000000
2015-07-15,13.2300000000,15.6000000000
2015-07-16,12.1100000000,14.7300000000
2015-07-17,11.9500000000,14.6100000000
2015-07-20,12.2500000000,14.8500000000
2015-07-21,12.2200000000,14.7500000000
2015-07-22,12.1200000000,14.8100000000
2015-07-23,12.6400000000,14.9300000000
2015-07-24,13.7400000000,15.6500000000
2015-07-27,15.6000000000,16.7800000000
2015-07-28,13.4400000000,15.4300000000
2015-07-29,12.5000000000,14.9200000000
2015-07-30,12.1300000000,14.7100000000
2015-07-31,12.1200000000,14.9000000000
2015-08-03,12.5600000000,14.8400000000
2015-08-04,13.0000000000,15.1300000000
2015-08-05,12.5100000000,14.8800000000
2015-08-06,13.7700000000,15.5500000000
2015-08-07,13.3900000000,15.4200000000
2015-08-10,12.2300000000,14.9900000000
2015-08-11,13.7100000000,15.9400000000
2015-08-12,13.6100000000,15.8700000000
2015-08-13,13.4900000000,15.7500000000
2015-08-14,12.8300000000,15.5100000000
2015-08-17,13.0200000000,15.2100000000
2015-08-18,13.7900000000,15.6100000000
2015-08-19,15.2500000000,16.5000000000
2015-08-20,19.1400000000,18.8300000000
2015-08-21,28.0300000000,23.4700000000
2015-08-24,40.7400000000,31.1400000000
2015-08-25,36.0200000000,29.5800000000
2015-08-26,30.3200000000,25.6500000000
2015-08-27,26.1000000000,24.8600000000
2015-08-28,26.0500000000,25.3400000000
2015-08-31,28.4300000000,26.5300000000
2015-09-01,31.4000000000,29.5300000000
2015-09-02,26.0900000000,26.1900000000
2015-09-03,25.6100000000,26.2000000000
2015-09-04,27.8000000000,28.0700000000
2015-09-08,24.9000000000,25.6900000000
2015-09-09,26.2300000000,26.3100000000
2015-09-10,24.3700000000,25.6500000000
2015-09-11,23.2000000000,24.6800000000
2015-09-14,24.2500000000,23.7000000000
2015-09-15,22.5400000000,23.1200000000
2015-09-16,21.3500000000,22.3300000000
2015-09-17,21.1400000000,21.1400000000
2015-09-18,22.2800000000,23.2000000000
2015-09-21,20.1400000000,21.5900000000
2015-09-22,22.4400000000,23.2800000000
2015-09-23,22.1300000000,22.8800000000
2015-09-24,23.4700000000,23.4600000000
2015-09-25,23.6200000000,24.4000000000
2015-09-28,27.6300000000,26.3800000000
2015-09-29,26.8300000000,26.0000000000
2015-09-30,24.5000000000,24.7500000000
2015-10-01,22.5500000000,23.8300000000
2015-10-02,20.9400000000,22.6000000000
2015-10-05,19.5400000000,21.3300000000
2015-10-06,19.4000000000,21.5900000000
2015-10-07,18.4000000000,20.7100000000
2015-10-08,17.4200000000,20.0900000000
2015-10-09,17.0800000000,19.8500000000
2015-10-12,16.1700000000,19.2600000000
2015-10-13,17.6700000000,20.5000000000
2015-10-14,18.0300000000,20.8100000000
2015-10-15,16.0500000000,19.4300000000
2015-10-16,15.0500000000,18.6700000000
2015-10-19,14.9800000000,17.8600000000
2015-10-20,15.7500000000,18.6000000000
2015-10-21,16.7000000000,19.4600000000
2015-10-22,14.4500000000,17.1600000000
2015-10-23,14.4600000000,17.4800000000
2015-10-26,15.2900000000,17.9900000000
2015-10-27,15.4300000000,18.1400000000
2015-10-28,14.3300000000,17.4900000000
2015-10-29,14.6100000000,17.8100000000
2015-10-30,15.0700000000,18.4000000000
2015-11-02,14.1500000000,17.4200000000
2015-11-03,14.5400000000,17.4700000000
2015-11-04,15.5100000000,18.3100000000
2015-11-05,15.0500000000,17.8100000000
2015-11-06,14.3300000000,17.4500000000
2015-11-09,16.5200000000,18.8500000000
2015-11-10,15.2900000000,18.0200000000
2015-11-11,16.0600000000,18.4500000000
2015-11-12,18.3700000000,20.1700000000
2015-11-13,20.0800000000,21.5800000000
2015-11-16,18.1600000000,19.9800000000
2015-11-17,18.8400000000,20.4300000000
2015-11-18,16.8500000000,19.2200000000
2015-11-19,16.9900000000,19.6400000000
2015-11-20,15.4700000000,18.9400000000
2015-11-23,15.6200000000,18.6300000000
2015-11-24,15.9300000000,18.7100000000
2015-11-25,15.1900000000,18.1900000000
2015-11-27,15.1200000000,17.3500000000
2015-11-30,16.1300000000,18.4900000000
2015-12-01,14.6700000000,17.5800000000
2015-12-02,15.9100000000,18.3300000000
2015-12-03,18.1100000000,20.1100000000
2015-12-04,14.8100000000,18.1700000000
2015-12-07,15.8400000000,18.6500000000
2015-12-08,17.6000000000,20.0600000000
2015-12-09,19.6100000000,21.0500000000
2015-12-10,19.3400000000,20.7600000000
2015-12-11,24.3900000000,24.3800000000
2015-12-14,22.7300000000,23.3000000000
2015-12-15,20.9500000000,21.8600000000
2015-12-16,17.8600000000,19.5700000000
2015-12-17,18.9400000000,20.3700000000
2015-12-18,20.7000000000,21.2600000000
2015-12-21,18.7000000000,21.1100000000
2015-12-22,16.6000000000,19.8400000000
2015-12-23,15.5700000000,19.3300000000
2015-12-24,15.7400000000,19.6900000000
2015-12-28,16.9100000000,19.6800000000
2015-12-29,16.0800000000,19.1000000000
2015-12-30,17.2900000000,19.5900000000
2015-12-31,18.2100000000,19.8000000000
2016-01-04,20.7000000000,22.0100000000
2016-01-05,19.3400000000,20.5200000000
2016-01-06,20.5900000000,21.2700000000
2016-01-07,24.9900000000,24.6200000000
2016-01-08,27.0100000000,26.2300000000
2016-01-11,24.3000000000,24.7300000000
2016-01-12,22.4700000000,22.5300000000
2016-01-13,25.2200000000,24.8900000000
2016-01-14,23.9500000000,23.5300000000
2016-01-15,27.0200000000,26.8800000000
2016-01-19,26.0500000000,26.4400000000
2016-01-20,27.5900000000,27.8100000000
2016-01-21,26.6900000000,26.7100000000
2016-01-22,22.3400000000,24.2800000000
2016-01-25,24.1500000000,25.2500000000
2016-01-26,22.5000000000,23.2900000000
2016-01-27,23.1100000000,24.4700000000
2016-01-28,22.4200000000,24.0200000000
2016-01-29,20.2000000000,22.6600000000
2016-02-01,19.9800000000,22.0100000000
2016-02-02,21.9800000000,23.4100000000
2016-02-03,21.6500000000,23.2000000000
2016-02-04,21.8400000000,23.6600000000
2016-02-05,23.3800000000,24.4800000000
2016-02-08,26.0000000000,25.9800000000
2016-02-09,26.5400000000,26.8000000000
2016-02-10,26.2900000000,26.7200000000
2016-02-11,28.1400000000,27.7200000000
2016-02-12,25.4000000000,26.2300000000
2016-02-16,24.1100000000,25.0100000000
2016-02-17,22.3100000000,23.5500000000
2016-02-18,21.6400000000,23.2000000000
2016-02-19,20.5300000000,22.8000000000
2016-02-22,19.3800000000,21.6200000000
2016-02-23,20.9800000000,22.4400000000
2016-02-24,20.7200000000,22.3400000000
2016-02-25,19.1100000000,21.2400000000
2016-02-26,19.8100000000,21.8600000000
2016-02-29,20.5500000000,22.3900000000
2016-03-01,17.7000000000,20.2800000000
2016-03-02,17.0900000000,19.9200000000
2016-03-03,16.7000000000,19.4900000000
2016-03-04,16.8600000000,19.6300000000
2016-03-07,17.3500000000,19.9000000000
2016-03-08,18.6700000000,21.0400000000
2016-03-09,18.3400000000,20.7500000000
2016-03-10,18.0500000000,20.7100000000
2016-03-11,16.5000000000,19.4700000000
2016-03-14,16.9200000000,19.4200000000
2016-03-15,16.8400000000,19.3300000000
2016-03-16,14.9900000000,18.4800000000
2016-03-17,14.4400000000,18.1400000000
2016-03-18,14.0200000000,17.9300000000
2016-03-21,13.7900000000,17.5900000000
2016-03-22,14.1700000000,17.7500000000
2016-03-23,14.9400000000,18.3000000000
2016-03-24,14.7400000000,18.2700000000
2016-03-28,15.2400000000,18.3000000000
2016-03-29,13.8200000000,17.2400000000
2016-03-30,13.5600000000,16.9200000000
2016-03-31,13.9500000000,17.0800000000
2016-04-01,13.1000000000,16.5000000000
2016-04-04,14.1200000000,17.2300000000
2016-04-05,15.4200000000,18.3800000000
2016-04-06,14.0900000000,17.2800000000
2016-04-07,16.1600000000,18.8600000000
2016-04-08,15.3600000000,18.3200000000
2016-04-11,16.2600000000,18.8900000000
2016-04-12,14.8500000000,17.9700000000
2016-04-13,13.8400000000,17.2600000000
2016-04-14,13.7200000000,17.2400000000
2016-04-15,13.6200000000,17.1600000000
2016-04-18,13.3500000000,16.5100000000
2016-04-19,13.2400000000,16.4700000000
2016-04-20,13.2800000000,16.6000000000
2016-04-21,13.9500000000,17.1400000000
2016-04-22,13.2200000000,16.6400000000
2016-04-25,14.0800000000,17.2200000000
2016-04-26,13.9600000000,16.9200000000
2016-04-27,13.7700000000,16.7700000000
2016-04-28,15.2200000000,17.7800000000
2016-04-29,15.7000000000,18.4500000000
2016-05-02,14.6800000000,17.7800000000
2016-05-03,15.6000000000,18.5700000000
2016-05-04,16.0500000000,18.9100000000
2016-05-05,15.9100000000,18.9200000000
2016-05-06,14.7200000000,18.2700000000
2016-05-09,14.5700000000,18.0500000000
2016-05-10,13.6300000000,17.1800000000
2016-05-11,14.6900000000,18.0200000000
2016-05-12,14.4100000000,17.7500000000
2016-05-13,15.0400000000,18.2500000000
2016-05-16,14.6800000000,17.7000000000
2016-05-17,15.5700000000,18.4300000000
2016-05-18,15.9500000000,18.5400000000
2016-05-19,16.3300000000,18.7700000000
2016-05-20,15.2000000000,18.0500000000
2016-05-23,15.8200000000,18.1500000000
2016-05-24,14.4200000000,17.0800000000
2016-05-25,13.9000000000,16.7700000000
2016-05-26,13.4300000000,16.5600000000
2016-05-27,13.1200000000,16.3100000000
2016-05-31,14.1900000000,16.6300000000
2016-06-01,14.2000000000,16.7000000000
2016-06-02,13.6300000000,16.3700000000
2016-06-03,13.4700000000,16.4900000000
2016-06-06,13.6500000000,16.4400000000
2016-06-07,14.0500000000,16.6300000000
2016-06-08,14.0800000000,16.7900000000
2016-06-09,14.6400000000,17.3200000000
2016-06-10,17.0300000000,18.9400000000
2016-06-13,20.9700000000,21.8700000000
2016-06-14,20.5000000000,21.9400000000
2016-06-15,20.1400000000,21.8100000000
2016-06-16,19.3700000000,21.1600000000
2016-06-17,19.4100000000,21.3100000000
2016-06-20,18.3700000000,19.8100000000
2016-06-21,18.4800000000,19.6900000000
2016-06-22,21.1700000000,21.0800000000
2016-06-23,17.2500000000,18.4200000000
2016-06-24,25.7600000000,23.9300000000
2016-06-27,23.8500000000,23.6800000000
2016-06-28,18.7500000000,20.2600000000
2016-06-29,16.6400000000,18.7300000000
2016-06-30,15.6300000000,18.0900000000
2016-07-01,14.7700000000,17.6500000000
2016-07-05,15.5800000000,18.2400000000
2016-07-06,14.9600000000,17.7400000000
2016-07-07,14.7600000000,17.7600000000
2016-07-08,13.2000000000,16.4900000000
2016-07-11,13.5400000000,16.4900000000
2016-07-12,13.5500000000,16.1700000000
2016-07-13,13.0400000000,15.9700000000
2016-07-14,12.8200000000,15.8600000000
2016-07-15,12.6700000000,15.9900000000
2016-07-18,12.4400000000,15.7700000000
2016-07-19,11.9700000000,15.7400000000
2016-07-20,11.7700000000,15.4400000000
2016-07-21,12.7400000000,16.1000000000
2016-07-22,12.0200000000,15.8000000000
2016-07-25,12.8700000000,16.2700000000
2016-07-26,13.0500000000,16.3200000000
2016-07-27,12.8300000000,16.1000000000
2016-07-28,12.7200000000,16.0000000000
2016-07-29,11.8700000000,15.4200000000
2016-08-01,12.4400000000,15.7000000000
2016-08-02,13.3700000000,16.3900000000
2016-08-03,12.8600000000,16.0800000000
2016-08-04,12.4200000000,15.7100000000
2016-08-05,11.3900000000,15.1400000000
2016-08-08,11.5000000000,15.1600000000
2016-08-09,11.6600000000,15.1100000000
2016-08-10,12.0500000000,15.4100000000
2016-08-11,11.6800000000,15.3000000000
2016-08-12,11.5500000000,15.2600000000
2016-08-15,11.8100000000,15.3800000000
2016-08-16,12.6400000000,16.0200000000
2016-08-17,12.1900000000,15.5200000000
2016-08-18,11.4300000000,15.1600000000
2016-08-19,11.3400000000,15.1300000000
2016-08-22,12.2700000000,15.5000000000
2016-08-23,12.3800000000,15.4200000000
2016-08-24,13.4500000000,16.0000000000
2016-08-25,13.6300000000,16.1300000000
2016-08-26,13.6500000000,16.2400000000
2016-08-29,12.9400000000,15.9300000000
2016-08-30,13.1200000000,16.0300000000
2016-08-31,13.4200000000,16.1400000000
2016-09-01,13.4800000000,16.3100000000
2016-09-02,11.9800000000,15.6500000000
2016-09-06,12.0200000000,15.5600000000
2016-09-07,11.9400000000,15.4900000000
2016-09-08,12.5100000000,15.8100000000
2016-09-09,17.5000000000,18.8300000000
2016-09-12,15.1600000000,17.2700000000
2016-09-13,17.8500000000,19.0500000000
2016-09-14,18.1400000000,19.3500000000
2016-09-15,16.3000000000,18.1900000000
2016-09-16,15.3700000000,17.8800000000
2016-09-19,15.5300000000,17.7800000000
2016-09-20,15.9200000000,17.9900000000
2016-09-21,13.3000000000,16.6600000000
2016-09-22,12.0200000000,15.9400000000
2016-09-23,12.2900000000,16.0500000000
2016-09-26,14.5000000000,17.2800000000
2016-09-27,13.1000000000,16.4500000000
2016-09-28,12.3900000000,16.0100000000
2016-09-29,14.0200000000,16.8700000000
2016-09-30,13.2900000000,16.3700000000
2016-10-03,13.5700000000,16.4000000000
2016-10-04,13.6300000000,16.4700000000
2016-10-05,12.9900000000,16.2200000000
2016-10-06,12.8400000000,16.0700000000
2016-10-07,13.4800000000,16.4400000000
2016-10-10,13.3800000000,15.9500000000
2016-10-11,15.3600000000,16.9400000000
2016-10-12,15.9100000000,17.0200000000
2016-10-13,16.6900000000,17.5900000000
2016-10-14,16.1200000000,17.4200000000
2016-10-17,16.2100000000,17.4700000000
2016-10-18,15.2800000000,16.9200000000
2016-10-19,14.4100000000,16.4600000000
2016-10-20,13.7500000000,16.2300000000
2016-10-21,13.3400000000,16.0400000000
2016-10-24,13.0200000000,15.6100000000
2016-10-25,13.4600000000,15.8100000000
2016-10-26,14.2400000000,16.2500000000
2016-10-27,15.3600000000,16.9300000000
2016-10-28,16.1900000000,17.3700000000
2016-10-31,17.0600000000,17.8500000000
2016-11-01,18.5600000000,18.7400000000
2016-11-02,19.3200000000,19.1800000000
2016-11-03,22.0800000000,20.7000000000
2016-11-04,22.5100000000,21.1300000000
2016-11-07,18.7100000000,18.1500000000
2016-11-08,18.7400000000,18.1000000000
2016-11-09,14.3800000000,16.2800000000
2016-11-10,14.7400000000,16.7500000000
2016-11-11,14.1700000000,16.4900000000
2016-11-14,14.4800000000,16.7000000000
2016-11-15,13.3700000000,15.7500000000
2016-11-16,13.7200000000,16.0700000000
2016-11-17,13.3500000000,15.6400000000
2016-11-18,12.8500000000,15.5200000000
2016-11-21,12.4200000000,15.3200000000
2016-11-22,12.4100000000,15.3500000000
2016-11-23,12.4300000000,15.4300000000
2016-11-25,12.3400000000,15.5100000000
2016-11-28,13.1500000000,16.0200000000
2016-11-29,12.9000000000,15.9000000000
2016-11-30,13.3300000000,16.1000000000
2016-12-01,14.0700000000,16.6700000000
2016-12-02,14.1200000000,16.7800000000
2016-12-05,12.1400000000,15.7700000000
2016-12-06,11.7900000000,15.4800000000
2016-12-07,12.2200000000,15.4800000000
2016-12-08,12.6400000000,15.7200000000
2016-12-09,11.7500000000,15.2200000000
2016-12-12,12.6400000000,15.7300000000
2016-12-13,12.7200000000,15.7000000000
2016-12-14,13.1900000000,15.8700000000
2016-12-15,12.7900000000,15.7500000000
2016-12-16,12.2000000000,15.5700000000
2016-12-19,11.7100000000,15.3100000000
2016-12-20,11.4500000000,15.1400000000
2016-12-21,11.2700000000,15.0900000000
2016-12-22,11.4300000000,15.2900000000
2016-12-23,11.4400000000,15.2500000000
2016-12-27,11.9900000000,15.3600000000
2016-12-28,12.9500000000,15.9300000000
2016-12-29,13.3700000000,16.1600000000
2016-12-30,14.0400000000,16.5400000000
2017-01-03,12.8500000000,15.5600000000
2017-01-04,11.8500000000,14.8400000000
2017-01-05,11.6700000000,14.7000000000
2017-01-06,11.3200000000,14.5600000000
2017-01-09,11.5600000000,14.6300000000
2017-01-10,11.4900000000,14.6600000000
2017-01-11,11.2600000000,14.4700000000
2017-01-12,11.5400000000,14.5800000000
2017-01-13,11.2300000000,14.5400000000
2017-01-17,11.8700000000,14.8900000000
2017-01-18,12.4800000000,14.9400000000
2017-01-19,12.7800000000,15.0200000000
2017-01-20,11.5400000000,14.4900000000
2017-01-23,11.7700000000,14.5400000000
2017-01-24,11.0700000000,13.8700000000
2017-01-25,10.8100000000,13.6100000000
2017-01-26,10.6300000000,13.6300000000
2017-01-27,10.5800000000,13.6800000000
2017-01-30,11.8800000000,14.4100000000
2017-01-31,11.9900000000,14.4800000000
2017-02-01,11.8100000000,14.2900000000
2017-02-02,11.9300000000,14.5900000000
2017-02-03,10.9700000000,14.0500000000
2017-02-06,11.3700000000,14.2400000000
2017-02-07,11.2900000000,14.3500000000
2017-02-08,11.4500000000,14.5600000000
2017-02-09,10.8800000000,14.1700000000
2017-02-10,10.8500000000,13.9100000000
2017-02-13,11.0700000000,13.6800000000
2017-02-14,10.7400000000,13.1900000000
2017-02-15,11.9700000000,13.4100000000
2017-02-16,11.7600000000,13.6300000000
2017-02-17,11.4900000000,13.7200000000
2017-02-21,11.5700000000,14.0400000000
2017-02-22,11.7400000000,14.3900000000
2017-02-23,11.7100000000,14.7400000000
2017-02-24,11.4700000000,14.7600000000
2017-02-27,12.0900000000,14.9100000000
2017-02-28,12.9200000000,15.2800000000
2017-03-01,12.5400000000,14.8600000000
2017-03-02,11.8100000000,14.7700000000
2017-03-03,10.9600000000,14.2600000000
2017-03-06,11.2400000000,14.3400000000
2017-03-07,11.4500000000,14.4100000000
2017-03-08,11.8600000000,14.5400000000
2017-03-09,12.3000000000,14.7800000000
2017-03-10,11.6600000000,14.3800000000
2017-03-13,11.3500000000,14.3600000000
2017-03-14,12.3000000000,14.6300000000
2017-03-15,11.6300000000,14.2000000000
2017-03-16,11.2100000000,13.7800000000
2017-03-17,11.2800000000,13.9200000000
2017-03-20,11.3400000000,13.9000000000
2017-03-21,12.4700000000,14.6200000000
2017-03-22,12.8100000000,14.6800000000
2017-03-23,13.1200000000,14.9100000000
2017-03-24,12.9600000000,14.5500000000
2017-03-27,12.5000000000,14.2300000000
2017-03-28,11.5300000000,13.6800000000
2017-03-29,11.4200000000,13.4300000000
2017-03-30,11.5400000000,13.3700000000
2017-03-31,12.3700000000,13.6000000000
2017-04-03,12.3800000000,13.6700000000
2017-04-04,11.7900000000,13.3700000000
2017-04-05,12.8900000000,14.1200000000
2017-04-06,12.3900000000,13.6600000000
2017-04-07,12.8700000000,14.0600000000
2017-04-10,14.0500000000,14.5800000000
2017-04-11,15.0700000000,15.1600000000
2017-04-12,15.7700000000,15.2800000000
2017-04-13,15.9600000000,15.7500000000
2017-04-17,14.6600000000,14.8600000000
2017-04-18,14.4200000000,14.7600000000
2017-04-19,14.9300000000,15.0800000000
2017-04-20,14.1500000000,14.5300000000
2017-04-21,14.6300000000,14.7500000000
2017-04-24,10.8400000000,12.9000000000
2017-04-25,10.7600000000,12.8500000000
2017-04-26,10.8500000000,12.9800000000
2017-04-27,10.3600000000,12.8000000000
2017-04-28,10.8200000000,12.9300000000
2017-05-01,10.1100000000,12.6300000000
2017-05-02,10.5900000000,12.8300000000
2017-05-03,10.6800000000,13.0900000000
2017-05-04,10.4600000000,12.8300000000
2017-05-05,10.5700000000,12.8500000000
2017-05-08,9.7700000000,12.5900000000
2017-05-09,9.9600000000,12.7100000000
2017-05-10,10.2100000000,12.9100000000
2017-05-11,10.6000000000,13.0100000000
2017-05-12,10.4000000000,12.9700000000
2017-05-15,10.4200000000,12.7800000000
2017-05-16,10.6500000000,12.6500000000
2017-05-17,15.5900000000,15.6000000000
2017-05-18,14.6600000000,14.9700000000
2017-05-19,12.0400000000,13.4900000000
2017-05-22,10.9300000000,12.9600000000
2017-05-23,10.7200000000,12.9000000000
2017-05-24,10.0200000000,12.5900000000
2017-05-25,9.9900000000,12.5100000000
2017-05-26,9.8100000000,12.4400000000
2017-05-30,10.3800000000,12.7400000000
2017-05-31,10.4100000000,12.6300000000
2017-06-01,9.8900000000,12.4200000000
2017-06-02,9.7500000000,12.4600000000
2017-06-05,10.0700000000,12.8500000000
2017-06-06,10.4500000000,13.0800000000
2017-06-07,10.3900000000,13.0900000000
2017-06-08,10.1600000000,12.7600000000
2017-06-09,10.7000000000,12.9600000000
2017-06-12,11.4600000000,13.3000000000
2017-06-13,10.4200000000,12.7300000000
2017-06-14,10.6400000000,12.7700000000
2017-06-15,10.9000000000,12.9100000000
2017-06-16,10.3800000000,12.7100000000
2017-06-19,10.3700000000,12.4000000000
2017-06-20,10.8600000000,12.6900000000
2017-06-21,10.7500000000,12.7600000000
2017-06-22,10.4800000000,12.6200000000
2017-06-23,10.0200000000,12.3600000000
2017-06-26,9.9000000000,12.2700000000
2017-06-27,11.0600000000,12.9600000000
2017-06-28,10.0300000000,12.4000000000
2017-06-29,11.4400000000,13.1500000000
2017-06-30,11.1800000000,13.1400000000
2017-07-03,11.2200000000,13.3100000000
2017-07-05,11.0700000000,13.3100000000
2017-07-06,12.5400000000,14.1100000000
2017-07-07,11.1900000000,13.5200000000
2017-07-10,11.1100000000,13.3500000000
2017-07-11,10.8900000000,13.1600000000
2017-07-12,10.3000000000,12.7800000000
2017-07-13,9.9000000000,12.5500000000
2017-07-14,9.5100000000,12.2300000000
2017-07-17,9.8200000000,12.2800000000
2017-07-18,9.8900000000,12.2500000000
2017-07-19,9.7900000000,12.0000000000
2017-07-20,9.5800000000,12.0400000000
2017-07-21,9.3600000000,12.0600000000
2017-07-24,9.4300000000,12.0400000000
2017-07-25,9.4300000000,12.0500000000
2017-07-26,9.6000000000,12.1100000000
2017-07-27,10.1100000000,12.4200000000
2017-07-28,10.2900000000,12.5800000000
2017-07-31,10.2600000000,12.4700000000
2017-08-01,10.0900000000,12.4000000000
2017-08-02,10.2800000000,12.5600000000
2017-08-03,10.4400000000,12.7400000000
2017-08-04,10.0300000000,12.7500000000
2017-08-07,9.9300000000,12.6600000000
2017-08-08,10.9600000000,13.2000000000
2017-08-09,11.1100000000,13.4900000000
2017-08-10,16.0400000000,16.2100000000
2017-08-11,15.5100000000,16.3900000000
2017-08-14,12.3300000000,13.9200000000
2017-08-15,12.0400000000,13.9000000000
2017-08-16,11.7400000000,13.5800000000
2017-08-17,15.5500000000,16.1400000000
2017-08-18,14.2600000000,15.6500000000
2017-08-21,13.1900000000,14.9900000000
2017-08-22,11.3500000000,13.6300000000
2017-08-23,12.2500000000,14.3300000000
2017-08-24,12.2300000000,14.3900000000
2017-08-25,11.2800000000,13.9900000000
2017-08-28,11.3200000000,13.9900000000
2017-08-29,11.7000000000,14.1200000000
2017-08-30,11.2200000000,14.1400000000
2017-08-31,10.5900000000,13.8000000000
2017-09-01,10.1300000000,13.5900000000
2017-09-05,12.2300000000,14.5800000000
2017-09-06,11.6300000000,14.4000000000
2017-09-07,11.5500000000,14.3200000000
2017-09-08,12.1200000000,14.6900000000
2017-09-11,10.7300000000,13.8600000000
2017-09-12,10.5800000000,13.5600000000
2017-09-13,10.5000000000,13.2300000000
2017-09-14,10.4400000000,13.1600000000
2017-09-15,10.1700000000,12.9600000000
2017-09-18,10.1500000000,12.6900000000
2017-09-19,10.1800000000,12.7300000000
2017-09-20,9.7800000000,12.6600000000
2017-09-21,9.6700000000,12.6600000000
2017-09-22,9.5900000000,12.8500000000
2017-09-25,10.2100000000,13.0600000000
2017-09-26,10.1700000000,13.0200000000
2017-09-27,9.8700000000,12.9100000000
2017-09-28,9.5500000000,12.7600000000
2017-09-29,9.5100000000,12.4900000000
2017-10-02,9.4500000000,12.3600000000
2017-10-03,9.5100000000,12.3100000000
2017-10-04,9.6300000000,12.3800000000
2017-10-05,9.1900000000,12.1800000000
2017-10-06,9.6500000000,12.4400000000
2017-10-09,10.3300000000,12.7300000000
2017-10-10,10.0800000000,12.4700000000
2017-10-11,9.8500000000,12.2400000000
2017-10-12,9.9100000000,12.2600000000
2017-10-13,9.6100000000,11.9800000000
2017-10-16,9.9100000000,11.9400000000
2017-10-17,10.3100000000,12.0500000000
2017-10-18,10.0700000000,11.9200000000
2017-10-19,10.0500000000,11.9600000000
2017-10-20,9.9700000000,11.8500000000
2017-10-23,11.0700000000,12.5500000000
2017-10-24,11.1600000000,12.6700000000
2017-10-25,11.2300000000,12.9500000000
2017-10-26,11.3000000000,12.9300000000
2017-10-27,9.8000000000,12.2300000000
2017-10-30,10.5000000000,12.5700000000
2017-10-31,10.1800000000,12.3800000000
2017-11-01,10.2000000000,12.5700000000
2017-11-02,9.9300000000,12.6800000000
2017-11-03,9.1400000000,12.4200000000
2017-11-06,9.4000000000,12.5700000000
2017-11-07,9.8900000000,12.7600000000
2017-11-08,9.7800000000,12.8800000000
2017-11-09,10.5000000000,13.1400000000
2017-11-10,11.2900000000,13.6100000000
2017-11-13,11.5000000000,13.7500000000
2017-11-14,11.5900000000,13.9300000000
2017-11-15,13.1300000000,14.6600000000
2017-11-16,11.7600000000,13.9600000000
2017-11-17,11.4300000000,13.8000000000
2017-11-20,10.6500000000,13.2800000000
2017-11-21,9.7300000000,12.5500000000
2017-11-22,9.8800000000,12.4400000000
2017-11-24,9.6700000000,12.4200000000
2017-11-27,9.8700000000,12.5700000000
2017-11-28,10.0300000000,12.2700000000
2017-11-29,10.7000000000,12.8200000000
2017-11-30,11.2800000000,13.0400000000
2017-12-01,11.4300000000,13.2800000000
2017-12-04,11.6800000000,13.5500000000
2017-12-05,11.3300000000,13.5400000000
2017-12-06,11.0200000000,13.4500000000
2017-12-07,10.1600000000,12.9300000000
2017-12-08,9.5800000000,12.4600000000
2017-12-11,9.3400000000,12.2800000000
2017-12-12,9.9200000000,12.4800000000
2017-12-13,10.1800000000,12.5000000000
2017-12-14,10.4900000000,12.8000000000
2017-12-15,9.4200000000,12.0800000000
2017-12-18,9.5300000000,12.0700000000
2017-12-19,10.0300000000,12.5100000000
2017-12-20,9.7200000000,12.3700000000
2017-12-21,9.6200000000,12.3500000000
2017-12-22,9.9000000000,12.4900000000
2017-12-26,10.2500000000,12.6200000000
2017-12-27,10.4700000000,12.6500000000
2017-12-28,10.1800000000,12.7600000000
2017-12-29,11.0400000000,13.0900000000
2018-01-02,9.7700000000,12.6100000000
2018-01-03,9.1500000000,12.3200000000
2018-01-04,9.2200000000,12.2400000000
2018-01-05,9.2200000000,12.0600000000
2018-01-08,9.5200000000,12.1500000000
2018-01-09,10.0800000000,12.4100000000
2018-01-10,9.8200000000,12.3600000000
2018-01-11,9.8800000000,12.1600000000
2018-01-12,10.1600000000,12.2000000000
2018-01-16,11.6600000000,13.2300000000
2018-01-17,11.9100000000,13.2500000000
2018-01-18,12.2200000000,13.5800000000
2018-01-19,11.2700000000,13.0400000000
2018-01-22,11.0300000000,12.9900000000
2018-01-23,11.1000000000,13.2200000000
2018-01-24,11.4700000000,13.5300000000
2018-01-25,11.5800000000,13.6800000000
2018-01-26,11.0800000000,13.4600000000
2018-01-29,13.8400000000,14.9900000000
2018-01-30,14.7900000000,15.8300000000
2018-01-31,13.5400000000,14.9000000000
2018-02-01,13.4700000000,14.7200000000
2018-02-02,17.3100000000,17.0300000000
2018-02-05,37.3200000000,28.1300000000
2018-02-06,29.9800000000,23.7500000000
2018-02-07,27.7300000000,23.0300000000
2018-02-08,33.4600000000,27.3300000000
2018-02-09,29.0600000000,24.9200000000
2018-02-12,25.6100000000,22.8600000000
2018-02-13,24.9700000000,22.6500000000
2018-02-14,19.2600000000,19.3400000000
2018-02-15,19.1300000000,19.0800000000
2018-02-16,19.4600000000,19.1700000000
2018-02-20,20.6000000000,20.0100000000
2018-02-21,20.0200000000,20.0300000000
2018-02-22,18.7200000000,19.0600000000
2018-02-23,16.4900000000,17.5000000000
2018-02-26,15.8000000000,16.9200000000
2018-02-27,18.5900000000,19.0200000000
2018-02-28,19.8500000000,19.8900000000
2018-03-01,22.4700000000,21.4200000000
2018-03-02,19.5900000000,19.8600000000
2018-03-05,18.7300000000,19.2100000000
2018-03-06,18.3600000000,19.2400000000
2018-03-07,17.7600000000,18.8400000000
2018-03-08,16.5400000000,18.1800000000
2018-03-09,14.6400000000,17.0100000000
2018-03-12,15.7800000000,17.8000000000
2018-03-13,16.3500000000,18.0500000000
2018-03-14,17.2300000000,18.7800000000
2018-03-15,16.5900000000,18.2100000000
2018-03-16,15.8000000000,17.7400000000
2018-03-19,19.0200000000,19.3800000000
2018-03-20,18.2000000000,18.8800000000
2018-03-21,17.8600000000,18.7100000000
2018-03-22,23.3400000000,21.6600000000
2018-03-23,24.8700000000,22.7900000000
2018-03-26,21.0300000000,20.7000000000
2018-03-27,22.5000000000,21.9400000000
2018-03-28,22.8700000000,22.3100000000
2018-03-29,19.9700000000,20.5500000000
2018-04-02,23.6200000000,22.5700000000
2018-04-03,21.1000000000,21.0200000000
2018-04-04,20.0600000000,20.4200000000
2018-04-05,18.9400000000,19.6100000000
2018-04-06,21.4900000000,21.2000000000
2018-04-09,21.7700000000,21.2300000000
2018-04-10,20.4700000000,20.4000000000
2018-04-11,20.2400000000,20.3700000000
2018-04-12,18.4900000000,19.2800000000
2018-04-13,17.4100000000,18.5500000000
2018-04-16,16.5600000000,17.8200000000
2018-04-17,15.2500000000,16.8000000000
2018-04-18,15.6000000000,16.8000000000
2018-04-19,15.9600000000,17.1200000000
2018-04-20,16.8800000000,17.7200000000
2018-04-23,16.3400000000,17.3500000000
2018-04-24,18.0200000000,18.2300000000
2018-04-25,17.8400000000,18.2300000000
2018-04-26,16.2400000000,17.2900000000
2018-04-27,15.4100000000,17.0800000000
2018-04-30,15.9300000000,17.3400000000
2018-05-01,15.4900000000,16.9100000000
2018-05-02,15.9700000000,17.2600000000
2018-05-03,15.9000000000,17.0300000000
2018-05-04,14.7700000000,16.6500000000
2018-05-07,14.7500000000,16.6500000000
2018-05-08,14.7100000000,16.4800000000
2018-05-09,13.4200000000,15.7800000000
2018-05-10,13.2300000000,15.2400000000
2018-05-11,12.6500000000,14.8200000000
2018-05-14,12.9300000000,14.5300000000
2018-05-15,14.6300000000,15.7900000000
2018-05-16,13.4200000000,15.1400000000
2018-05-17,13.4300000000,15.0200000000
2018-05-18,13.4200000000,15.1900000000
2018-05-21,13.0800000000,14.6900000000
2018-05-22,13.2200000000,14.8800000000
2018-05-23,12.5800000000,14.4800000000
2018-05-24,12.5300000000,14.4300000000
2018-05-25,13.2200000000,14.8300000000
2018-05-29,17.0200000000,17.1300000000
2018-05-30,14.9400000000,16.0000000000
2018-05-31,15.4300000000,16.3300000000
2018-06-01,13.4600000000,15.2700000000
2018-06-04,12.7400000000,14.9000000000
2018-06-05,12.4000000000,14.7200000000
2018-06-06,11.6400000000,14.1900000000
2018-06-07,12.1300000000,14.4300000000
2018-06-08,12.1800000000,14.6000000000
2018-06-11,12.3500000000,14.5500000000
2018-06-12,12.3400000000,14.5900000000
2018-06-13,12.9400000000,14.9200000000
2018-06-14,12.1200000000,14.4000000000
2018-06-15,11.9800000000,14.4200000000
2018-06-18,12.3100000000,14.4800000000
2018-06-19,13.3500000000,15.1700000000
2018-06-20,12.7900000000,14.7900000000
2018-06-21,14.6400000000,15.8700000000
2018-06-22,13.7700000000,15.5000000000
2018-06-25,17.3300000000,17.5200000000
2018-06-26,15.9200000000,16.8700000000
2018-06-27,17.9100000000,18.0500000000
2018-06-28,16.8500000000,17.5200000000
2018-06-29,16.0900000000,17.1400000000
2018-07-02,15.6000000000,16.9500000000
2018-07-03,16.1400000000,17.3500000000
2018-07-05,14.9700000000,16.5300000000
2018-07-06,13.3700000000,15.7100000000
2018-07-09,12.6900000000,14.8700000000
2018-07-10,12.6400000000,14.7100000000
2018-07-11,13.6300000000,15.3800000000
2018-07-12,12.5800000000,14.7600000000
2018-07-13,12.1800000000,14.5400000000
2018-07-16,12.8300000000,14.8500000000
2018-07-17,12.0600000000,14.4000000000
2018-07-18,12.1000000000,14.3900000000
2018-07-19,12.8700000000,14.9700000000
2018-07-20,12.8600000000,15.0800000000
2018-07-23,12.6200000000,14.8600000000
2018-07-24,12.4100000000,14.7000000000
2018-07-25,12.2900000000,14.5500000000
2018-07-26,12.1400000000,14.4000000000
2018-07-27,13.0300000000,15.0000000000
2018-07-30,14.2600000000,15.6600000000
2018-07-31,12.8300000000,14.8700000000
2018-08-01,13.1500000000,15.2200000000
2018-08-02,12.1900000000,14.7600000000
2018-08-03,11.6400000000,14.4900000000
2018-08-06,11.2700000000,14.2300000000
2018-08-07,10.9300000000,13.9300000000
2018-08-08,10.8500000000,13.9600000000
2018-08-09,11.2700000000,14.1300000000
2018-08-10,13.1600000000,15.2200000000
2018-08-13,14.7800000000,16.2100000000
2018-08-14,13.3100000000,15.3500000000
2018-08-15,14.6400000000,16.1900000000
2018-08-16,13.4500000000,15.5100000000
2018-08-17,12.6400000000,15.1700000000
2018-08-20,12.4900000000,15.0000000000
2018-08-21,12.8600000000,15.1900000000
2018-08-22,12.2500000000,15.0800000000
2018-08-23,12.4100000000,15.0600000000
2018-08-24,11.9900000000,14.8200000000
2018-08-27,12.1600000000,14.7900000000
2018-08-28,12.5000000000,15.1100000000
2018-08-29,12.2500000000,14.9500000000
2018-08-30,13.5300000000,15.5400000000
2018-08-31,12.8600000000,15.1500000000
2018-09-04,13.1600000000,15.4500000000
2018-09-05,13.9100000000,15.9200000000
2018-09-06,14.6500000000,16.3400000000
2018-09-07,14.8800000000,16.5900000000
2018-09-10,14.1600000000,16.1700000000
2018-09-11,13.2200000000,15.5400000000
2018-09-12,13.1400000000,15.3200000000
2018-09-13,12.3700000000,14.7700000000
2018-09-14,12.0700000000,14.3700000000
2018-09-17,13.6800000000,15.2800000000
2018-09-18,12.7900000000,15.0400000000
2018-09-19,11.7500000000,14.6500000000
2018-09-20,11.8000000000,14.5100000000
2018-09-21,11.6800000000,14.5800000000
2018-09-24,12.2000000000,14.7700000000
2018-09-25,12.4200000000,14.9200000000
2018-09-26,12.8900000000,15.1500000000
2018-09-27,12.4100000000,14.8900000000
2018-09-28,12.1200000000,14.7700000000
2018-10-01,12.0000000000,14.7400000000
2018-10-02,12.0500000000,14.8400000000
2018-10-03,11.6100000000,14.6800000000
2018-10-04,14.2200000000,15.8400000000
2018-10-05,14.8200000000,16.2500000000
2018-10-08,15.6900000000,16.5100000000
2018-10-09,15.9500000000,16.6300000000
2018-10-10,22.9600000000,20.7000000000
2018-10-11,24.9800000000,21.5600000000
2018-10-12,21.3100000000,19.8400000000
2018-10-15,21.3000000000,20.2900000000
2018-10-16,17.6200000000,17.9600000000
2018-10-17,17.4000000000,18.1000000000
2018-10-18,20.0600000000,19.8600000000
2018-10-19,19.8900000000,19.8400000000
2018-10-22,19.6400000000,19.8200000000
2018-10-23,20.7100000000,20.2800000000
2018-10-24,25.2300000000,22.6200000000
2018-10-25,24.2200000000,22.4400000000
2018-10-26,24.1600000000,22.4800000000
2018-10-29,24.7000000000,23.0600000000
2018-10-30,23.3500000000,22.2300000000
2018-10-31,21.2300000000,21.1500000000
2018-11-01,19.3400000000,20.0700000000
2018-11-02,19.5100000000,20.3000000000
2018-11-05,19.9600000000,20.2000000000
2018-11-06,19.9100000000,19.5800000000
2018-11-07,16.3600000000,17.6200000000
2018-11-08,16.7200000000,17.6800000000
2018-11-09,17.3600000000,18.4600000000
2018-11-12,20.4500000000,20.2300000000
2018-11-13,20.0200000000,20.2700000000
2018-11-14,21.2500000000,21.2200000000
2018-11-15,19.9800000000,20.3100000000
2018-11-16,18.1400000000,19.3500000000
2018-11-19,20.1000000000,20.6400000000
2018-11-20,22.4800000000,22.2700000000
2018-11-21,20.8000000000,21.3200000000
2018-11-23,21.5200000000,21.7500000000
2018-11-26,18.9000000000,20.1100000000
2018-11-27,19.0200000000,19.9400000000
2018-11-28,18.4900000000,19.2800000000
2018-11-29,18.7900000000,19.5900000000
2018-11-30,18.0700000000,18.8900000000
2018-12-03,16.4400000000,17.9500000000
2018-12-04,20.7400000000,20.7500000000
2018-12-06,21.1900000000,21.0600000000
2018-12-07,23.2300000000,22.4400000000
2018-12-10,22.6400000000,22.0100000000
2018-12-11,21.7600000000,21.7200000000
2018-12-12,21.4600000000,21.5900000000
2018-12-13,20.6500000000,21.3500000000
2018-12-14,21.6300000000,21.9600000000
2018-12-17,24.5200000000,23.4100000000
2018-12-18,25.5800000000,23.9000000000
2018-12-19,25.5800000000,24.0200000000
2018-12-20,28.3800000000,25.2400000000
2018-12-21,30.1100000000,26.2300000000
2018-12-24,36.0700000000,28.8400000000
2018-12-26,30.4100000000,25.6900000000
2018-12-27,29.9600000000,25.8900000000
2018-12-28,28.3400000000,25.3200000000
2018-12-31,25.4200000000,23.7300000000
2019-01-02,23.2200000000,22.7500000000
2019-01-03,25.4500000000,24.1100000000
2019-01-04,21.3800000000,21.8600000000
2019-01-07,21.4000000000,21.6200000000
2019-01-08,20.4700000000,21.1400000000
2019-01-09,19.9800000000,20.6900000000
2019-01-10,19.5000000000,20.5200000000
2019-01-11,18.1900000000,19.7400000000
2019-01-14,19.0700000000,19.9300000000
2019-01-15,18.6000000000,19.2400000000
2019-01-16,19.0400000000,19.5300000000
2019-01-17,18.0600000000,19.1700000000
2019-01-18,17.8000000000,18.8400000000
2019-01-22,20.8000000000,20.6900000000
2019-01-23,19.5200000000,20.0800000000
2019-01-24,18.8900000000,19.6700000000
2019-01-25,17.4200000000,18.8200000000
2019-01-28,18.8700000000,19.5800000000
2019-01-29,19.1300000000,19.6000000000
2019-01-30,17.6600000000,18.6800000000
2019-01-31,16.5700000000,17.8800000000
2019-02-01,16.1400000000,17.5900000000
2019-02-04,15.7300000000,17.1900000000
2019-02-05,15.5700000000,17.0700000000
2019-02-06,15.3800000000,16.9000000000
2019-02-07,16.3700000000,17.5200000000
2019-02-08,15.7200000000,17.2600000000
2019-02-11,15.9700000000,17.2200000000
2019-02-12,15.4300000000,16.8200000000
2019-02-13,15.6500000000,16.9600000000
2019-02-14,16.2200000000,17.3200000000
2019-02-15,14.9100000000,16.4800000000
2019-02-19,14.8800000000,16.4500000000
2019-02-20,14.0200000000,15.8200000000
2019-02-21,14.4600000000,16.1600000000
2019-02-22,13.5100000000,15.4600000000
2019-02-25,14.8500000000,16.0000000000
2019-02-26,15.1700000000,16.3000000000
2019-02-27,14.7000000000,15.9900000000
2019-02-28,14.7800000000,16.1000000000
2019-03-01,13.5700000000,15.3800000000
2019-03-04,14.6300000000,16.0300000000
2019-03-05,14.7400000000,16.1500000000
2019-03-06,15.7400000000,16.7400000000
2019-03-07,16.5900000000,17.3000000000
2019-03-08,16.0500000000,17.1100000000
2019-03-11,14.3300000000,16.0100000000
2019-03-12,13.7700000000,15.6500000000
2019-03-13,13.4100000000,15.3300000000
2019-03-14,13.5000000000,15.3000000000
2019-03-15,12.8800000000,14.9800000000
2019-03-18,13.1000000000,15.2400000000
2019-03-19,13.5600000000,15.5600000000
2019-03-20,13.9100000000,15.7900000000
2019-03-21,13.6300000000,15.5100000000
2019-03-22,16.4800000000,17.3700000000
2019-03-25,16.3300000000,17.4500000000
2019-03-26,14.6800000000,16.4500000000
2019-03-27,15.1500000000,16.7800000000
2019-03-28,14.4300000000,16.3000000000
2019-03-29,13.7100000000,15.8000000000
2019-04-01,13.4000000000,15.4600000000
2019-04-02,13.3600000000,15.5400000000
2019-04-03,13.7400000000,15.6300000000
2019-04-04,13.5800000000,15.4800000000
2019-04-05,12.8200000000,15.0600000000
2019-04-08,13.1800000000,15.2800000000
2019-04-09,14.2800000000,15.9900000000
2019-04-10,13.3000000000,15.3800000000
2019-04-11,13.0200000000,15.2500000000
2019-04-12,12.0100000000,14.4600000000
2019-04-15,12.3200000000,14.5300000000
2019-04-16,12.1800000000,14.4700000000
2019-04-17,12.6000000000,14.8200000000
2019-04-18,12.0900000000,14.5700000000
2019-04-22,12.4200000000,14.7200000000
2019-04-23,12.2800000000,14.5400000000
2019-04-24,13.1400000000,15.0400000000
2019-04-25,13.2500000000,15.2100000000
2019-04-26,12.7300000000,14.8900000000
2019-04-29,13.1100000000,15.2300000000
2019-04-30,13.1200000000,15.2300000000
2019-05-01,14.8000000000,16.1900000000
2019-05-02,14.4200000000,16.0300000000
2019-05-03,12.8700000000,15.0700000000
2019-05-06,15.4400000000,16.4000000000
2019-05-07,19.3200000000,18.7800000000
2019-05-08,19.4000000000,18.7500000000
2019-05-09,19.1000000000,18.4400000000
2019-05-10,16.0400000000,16.9000000000
2019-05-13,20.5500000000,19.7900000000
2019-05-14,18.0600000000,18.2900000000
2019-05-15,16.4400000000,17.4900000000
2019-05-16,15.2900000000,16.7400000000
2019-05-17,15.9600000000,17.0600000000
2019-05-20,16.3100000000,17.2900000000
2019-05-21,14.9500000000,16.4200000000
2019-05-22,14.7500000000,16.4200000000
2019-05-23,16.9200000000,17.6900000000
2019-05-24,15.8500000000,17.0900000000
2019-05-28,17.5000000000,17.9000000000
2019-05-29,17.9000000000,18.2400000000
2019-05-30,17.3000000000,17.9600000000
2019-05-31,18.7100000000,18.8300000000
2019-06-03,18.8600000000,18.7700000000
2019-06-04,16.9700000000,17.5900000000
2019-06-05,16.0900000000,17.1300000000
2019-06-06,15.9300000000,16.9200000000
2019-06-07,16.3000000000,17.1500000000
2019-06-10,15.9400000000,16.8800000000
2019-06-11,15.9900000000,16.9900000000
2019-06-12,15.9100000000,17.0500000000
2019-06-13,15.8200000000,16.8600000000
2019-06-14,15.2800000000,16.6000000000
2019-06-17,15.3500000000,16.6100000000
2019-06-18,15.1500000000,16.5000000000
2019-06-19,14.3300000000,16.1000000000
2019-06-20,14.7500000000,16.1400000000
2019-06-21,15.4000000000,16.6700000000
2019-06-24,15.2600000000,16.4700000000
2019-06-25,16.2800000000,17.1200000000
2019-06-26,16.2100000000,17.0500000000
2019-06-27,15.8200000000,16.7600000000
2019-06-28,15.0800000000,16.0600000000
2019-07-01,14.0600000000,15.4300000000
2019-07-02,12.9300000000,14.7200000000
2019-07-03,12.5700000000,14.5300000000
2019-07-05,13.2800000000,14.9800000000
2019-07-08,13.9600000000,15.4800000000
2019-07-09,14.0900000000,15.5700000000
2019-07-10,13.0300000000,15.1900000000
2019-07-11,12.9300000000,14.9800000000
2019-07-12,12.3900000000,14.8000000000
2019-07-15,12.6800000000,15.0400000000
2019-07-16,12.8600000000,15.2200000000
2019-07-17,13.9700000000,15.8200000000
2019-07-18,13.5300000000,15.5400000000
2019-07-19,14.4500000000,15.9300000000
2019-07-22,13.5300000000,15.4700000000
2019-07-23,12.6100000000,14.9300000000
2019-07-24,12.0700000000,14.5600000000
2019-07-25,12.7400000000,15.0500000000
2019-07-26,12.1600000000,14.6900000000
2019-07-29,12.8300000000,15.0000000000
2019-07-30,13.9400000000,15.7000000000
2019-07-31,16.1200000000,16.9100000000
2019-08-01,17.8700000000,17.9900000000
2019-08-02,17.6100000000,17.8900000000
2019-08-05,24.5900000000,21.9000000000
2019-08-06,20.1700000000,19.6900000000
2019-08-07,19.4900000000,19.5000000000
2019-08-08,16.9100000000,17.8600000000
2019-08-09,17.9700000000,18.5600000000
2019-08-12,21.0900000000,20.5000000000
2019-08-13,17.5200000000,18.5300000000
2019-08-14,22.1000000000,21.3000000000
2019-08-15,21.1800000000,21.0700000000
2019-08-16,18.4700000000,19.7000000000
2019-08-19,16.8800000000,18.3600000000
2019-08-20,17.5000000000,18.8700000000
2019-08-21,15.8000000000,17.7200000000
2019-08-22,16.6800000000,18.2300000000
2019-08-23,19.8700000000,20.3600000000
2019-08-26,19.3200000000,19.8200000000
2019-08-27,20.3100000000,20.6400000000
2019-08-28,19.3500000000,20.0500000000
2019-08-29,17.8800000000,19.0300000000
2019-08-30,18.9800000000,19.5400000000
2019-09-03,19.6600000000,20.1200000000
2019-09-04,17.3300000000,18.8100000000
2019-09-05,16.2700000000,18.0800000000
2019-09-06,15.0000000000,17.4600000000
2019-09-09,15.2700000000,17.5500000000
2019-09-10,15.2000000000,17.4100000000
2019-09-11,14.6100000000,17.1000000000
2019-09-12,14.2200000000,16.8100000000
2019-09-13,13.7400000000,16.6700000000
2019-09-16,14.6700000000,17.2000000000
2019-09-17,14.4400000000,17.2300000000
2019-09-18,13.9500000000,16.8600000000
2019-09-19,14.0500000000,16.7900000000
2019-09-20,15.3200000000,17.7100000000
2019-09-23,14.9100000000,17.8700000000
2019-09-24,17.0500000000,18.5500000000
2019-09-25,15.9600000000,18.0000000000
2019-09-26,16.0700000000,18.1200000000
2019-09-27,17.2200000000,18.7500000000
2019-09-30,16.2400000000,17.9600000000
2019-10-01,18.5600000000,19.3500000000
2019-10-02,20.5600000000,20.7400000000
2019-10-03,19.1200000000,19.7800000000
2019-10-04,17.0400000000,18.5900000000
2019-10-07,17.8600000000,18.9100000000
2019-10-08,20.2800000000,20.3900000000
2019-10-09,18.6400000000,19.5100000000
2019-10-10,17.5700000000,18.7900000000
2019-10-11,15.5800000000,17.5500000000
2019-10-14,14.5700000000,17.1200000000
2019-10-15,13.5400000000,16.4800000000
2019-10-16,13.6800000000,16.4800000000
2019-10-17,13.7900000000,16.4400000000
2019-10-18,14.2500000000,16.6500000000
2019-10-21,14.0000000000,16.2800000000
2019-10-22,14.4600000000,16.5500000000
2019-10-23,14.0100000000,16.2900000000
2019-10-24,13.7100000000,16.2500000000
2019-10-25,12.6500000000,15.7100000000
2019-10-28,13.1100000000,15.9900000000
2019-10-29,13.2000000000,16.0900000000
2019-10-30,12.3300000000,15.6900000000
2019-10-31,13.2200000000,16.0500000000
2019-11-01,12.3000000000,15.4200000000
2019-11-04,12.8300000000,15.6200000000
2019-11-05,13.1000000000,15.9100000000
2019-11-06,12.6200000000,15.8300000000
2019-11-07,12.7300000000,15.8000000000
2019-11-08,12.0700000000,15.5300000000
2019-11-11,12.6900000000,15.6000000000
2019-11-12,12.6800000000,15.4900000000
2019-11-13,13.0000000000,15.6200000000
2019-11-14,13.0500000000,15.6000000000
2019-11-15,12.0500000000,14.9900000000
2019-11-18,12.4600000000,15.1700000000
2019-11-19,12.8600000000,15.5000000000
2019-11-20,12.7800000000,15.6400000000
2019-11-21,13.1300000000,15.8200000000
2019-11-22,12.3400000000,15.4000000000
2019-11-25,11.8700000000,14.9900000000
2019-11-26,11.5400000000,14.8500000000
2019-11-27,11.7500000000,14.9600000000
2019-11-29,12.6200000000,15.5100000000
2019-12-02,14.9100000000,16.8400000000
2019-12-03,15.9600000000,17.6300000000
2019-12-04,14.8000000000,16.9800000000
2019-12-05,14.5200000000,16.7800000000
2019-12-06,13.6200000000,16.2100000000
2019-12-09,15.8600000000,17.3000000000
2019-12-10,15.6800000000,17.1300000000
2019-12-11,14.9900000000,16.9100000000
2019-12-12,13.9400000000,16.0900000000
2019-12-13,12.6300000000,15.2800000000
2019-12-16,12.1400000000,14.9800000000
2019-12-17,12.2900000000,15.1500000000
2019-12-18,12.5800000000,15.2000000000
2019-12-19,12.5000000000,15.1400000000
2019-12-20,12.5100000000,15.3200000000
2019-12-23,12.6100000000,15.5000000000
2019-12-24,12.6700000000,15.5200000000
2019-12-26,12.6500000000,15.5200000000
2019-12-27,13.4300000000,15.9500000000
2019-12-30,14.8200000000,16.6800000000
2019-12-31,13.7800000000,15.8700000000
2020-01-02,12.4700000000,15.1900000000
2020-01-03,14.0200000000,16.0100000000
2020-01-06,13.8500000000,15.9200000000
2020-01-07,13.7900000000,15.8600000000
2020-01-08,13.4500000000,15.4000000000
2020-01-09,12.5400000000,14.9500000000
2020-01-10,12.5600000000,14.9500000000
2020-01-13,12.3200000000,14.6400000000
2020-01-14,12.3900000000,14.6400000000
2020-01-15,12.4200000000,14.6300000000
2020-01-16,12.3200000000,14.4500000000
2020-01-17,12.1000000000,14.4100000000
2020-01-21,12.8500000000,14.8700000000
2020-01-22,12.9100000000,14.9800000000
2020-01-23,12.9800000000,14.9900000000
2020-01-24,14.5600000000,16.0700000000
2020-01-27,18.2300000000,18.1600000000
2020-01-28,16.2800000000,17.0300000000
2020-01-29,16.3900000000,17.0300000000
2020-01-30,15.4900000000,16.5900000000
2020-01-31,18.8400000000,18.6300000000
2020-02-03,17.9700000000,18.0400000000
2020-02-04,16.0500000000,16.7000000000
2020-02-05,15.1500000000,16.1100000000
2020-02-06,14.9600000000,15.8900000000
2020-02-07,15.4700000000,16.2900000000
2020-02-10,15.0400000000,16.1300000000
2020-02-11,15.1800000000,16.1400000000
2020-02-12,13.7400000000,15.3600000000
2020-02-13,14.1500000000,15.6800000000
2020-02-14,13.6800000000,15.5000000000
2020-02-18,14.8300000000,16.1000000000
2020-02-19,14.3800000000,15.8200000000
2020-02-20,15.5600000000,16.6000000000
2020-02-21,17.0800000000,17.6100000000
2020-02-24,25.0300000000,21.9200000000
2020-02-25,27.8500000000,23.8600000000
2020-02-26,27.5600000000,23.7000000000
2020-02-27,39.1600000000,29.9200000000
2020-02-28,40.1100000000,29.8500000000
2020-03-02,33.4200000000,27.7000000000
2020-03-03,36.8200000000,30.1700000000
2020-03-04,31.9900000000,27.5100000000
2020-03-05,39.6200000000,32.5700000000
2020-03-06,41.9400000000,35.4600000000
2020-03-09,54.4600000000,43.0500000000
2020-03-10,47.3000000000,39.4400000000
2020-03-11,53.9000000000,44.3700000000
2020-03-12,75.4700000000,57.2400000000
2020-03-13,57.8300000000,48.3100000000
2020-03-16,82.6900000000,67.7000000000
2020-03-17,75.9100000000,65.2700000000
2020-03-18,76.4500000000,72.9800000000
2020-03-19,72.0000000000,69.4700000000
2020-03-20,66.0400000000,65.5900000000
2020-03-23,61.5900000000,56.6400000000
2020-03-24,61.6700000000,52.1100000000
2020-03-25,63.9500000000,53.8500000000
2020-03-26,61.0000000000,49.7900000000
2020-03-27,65.5400000000,55.7500000000
2020-03-30,57.0800000000,51.2600000000
2020-03-31,53.5400000000,48.3200000000
2020-04-01,57.0600000000,51.1700000000
2020-04-02,50.9100000000,47.3000000000
2020-04-03,46.8000000000,44.8400000000
2020-04-06,45.2400000000,43.0900000000
2020-04-07,46.7000000000,43.4200000000
2020-04-08,43.3500000000,41.5900000000
2020-04-09,41.6700000000,40.6100000000
2020-04-13,41.1700000000,39.9700000000
2020-04-14,37.7600000000,36.4600000000
2020-04-15,40.8400000000,39.2800000000
2020-04-16,40.1100000000,39.2100000000
2020-04-17,38.1500000000,37.2800000000
2020-04-20,43.8300000000,40.9700000000
2020-04-21,45.4100000000,43.2800000000
2020-04-22,41.9800000000,40.9200000000
2020-04-23,41.3800000000,40.8600000000
2020-04-24,35.9300000000,37.8100000000
2020-04-27,33.2900000000,35.3300000000
2020-04-28,33.5700000000,35.3700000000
2020-04-29,31.2300000000,33.3300000000
2020-04-30,34.1500000000,35.0500000000
2020-05-01,37.1900000000,37.9700000000
2020-05-04,35.9700000000,37.0000000000
2020-05-05,33.6100000000,35.5200000000
2020-05-06,34.1200000000,35.6800000000
2020-05-07,31.4400000000,34.0100000000
2020-05-08,27.9800000000,31.6400000000
2020-05-11,27.5700000000,30.3900000000
2020-05-12,33.0400000000,34.2600000000
2020-05-13,35.2800000000,36.5100000000
2020-05-14,32.6100000000,34.9000000000
2020-05-15,31.8900000000,34.5100000000
2020-05-18,29.3000000000,31.7700000000
2020-05-19,30.5300000000,32.8100000000
2020-05-20,27.9900000000,31.1100000000
2020-05-21,29.5300000000,32.3800000000
2020-05-22,28.1600000000,31.5400000000
2020-05-26,28.0100000000,30.8500000000
2020-05-27,27.6200000000,30.1900000000
2020-05-28,28.5900000000,31.2100000000
2020-05-29,27.5100000000,30.2700000000
2020-06-01,28.2300000000,30.9200000000
2020-06-02,26.8400000000,29.9300000000
2020-06-03,25.6600000000,28.9100000000
2020-06-04,25.8100000000,28.8500000000
2020-06-05,24.5200000000,27.4200000000
2020-06-08,25.8100000000,28.0800000000
2020-06-09,27.5700000000,29.6700000000
2020-06-10,27.5700000000,29.5700000000
2020-06-11,40.7900000000,40.4300000000
2020-06-12,36.0900000000,38.0500000000
2020-06-15,34.4000000000,36.4300000000
2020-06-16,33.6700000000,35.8000000000
2020-06-17,33.4700000000,35.7200000000
2020-06-18,32.9400000000,35.1400000000
2020-06-19,35.1200000000,36.6800000000
2020-06-22,31.7700000000,33.7500000000
2020-06-23,31.3700000000,33.0600000000
2020-06-24,33.8400000000,35.3900000000
2020-06-25,32.2200000000,34.0900000000
2020-06-26,34.7300000000,35.8000000000
2020-06-29,31.7800000000,33.9100000000
2020-06-30,30.4300000000,32.5200000000
2020-07-01,28.6200000000,31.6800000000
2020-07-02,27.6800000000,30.8700000000
2020-07-06,27.9400000000,30.9800000000
2020-07-07,29.4300000000,32.0700000000
2020-07-08,28.0800000000,31.1900000000
2020-07-09,29.2600000000,32.0600000000
2020-07-10,27.2900000000,31.0200000000
2020-07-13,32.1900000000,34.5400000000
2020-07-14,29.5200000000,32.5600000000
2020-07-15,27.7600000000,31.5600000000
2020-07-16,28.0000000000,31.5500000000
2020-07-17,25.6800000000,30.3700000000
2020-07-20,24.4600000000,29.1000000000
2020-07-21,24.8400000000,29.4700000000
2020-07-22,24.3200000000,29.0500000000
2020-07-23,26.0800000000,30.2500000000
2020-07-24,25.8400000000,30.5600000000
2020-07-27,24.7400000000,30.0000000000
2020-07-28,25.4400000000,30.1000000000
2020-07-29,24.1000000000,29.2900000000
2020-07-30,24.7600000000,29.7600000000
2020-07-31,24.4600000000,29.7100000000
2020-08-03,24.2800000000,29.6600000000
2020-08-04,23.7600000000,29.0900000000
2020-08-05,22.9900000000,28.6000000000
2020-08-06,22.6500000000,28.2000000000
2020-08-07,22.2100000000,28.2800000000
2020-08-10,22.1300000000,28.0500000000
2020-08-11,24.0300000000,29.1700000000
2020-08-12,22.2800000000,28.1200000000
2020-08-13,22.1300000000,28.1700000000
2020-08-14,22.0500000000,28.3700000000
2020-08-17,21.3500000000,27.4500000000
2020-08-18,21.5100000000,27.3500000000
2020-08-19,22.5400000000,28.1100000000
2020-08-20,22.7200000000,28.1300000000
2020-08-21,22.5400000000,28.1700000000
2020-08-24,22.3700000000,28.1000000000
2020-08-25,22.0300000000,27.9100000000
2020-08-26,23.2700000000,28.7000000000
2020-08-27,24.4700000000,29.9300000000
2020-08-28,22.9600000000,29.6200000000
2020-08-31,26.4100000000,31.8500000000
2020-09-01,26.1200000000,32.1000000000
2020-09-02,26.5700000000,32.6700000000
2020-09-03,33.6000000000,37.6300000000
2020-09-04,30.7500000000,34.7500000000
2020-09-08,31.4600000000,34.3100000000
2020-09-09,28.8100000000,32.1200000000
2020-09-10,29.7100000000,32.9200000000
2020-09-11,26.8700000000,31.1300000000
2020-09-14,25.8500000000,30.4800000000
2020-09-15,25.5900000000,30.2700000000
2020-09-16,26.0400000000,30.5700000000
2020-09-17,26.4600000000,30.7500000000
2020-09-18,25.8300000000,30.4600000000
2020-09-21,27.7800000000,31.6400000000
2020-09-22,26.8600000000,31.6700000000
2020-09-23,28.5800000000,33.2800000000
2020-09-24,28.5100000000,33.0600000000
2020-09-25,26.3800000000,32.0300000000
2020-09-28,26.1900000000,31.7400000000
2020-09-29,26.2700000000,31.0900000000
2020-09-30,26.3700000000,31.6400000000
2020-10-01,26.7000000000,31.7200000000
2020-10-02,27.6300000000,32.3900000000
2020-10-05,27.9600000000,31.2800000000
2020-10-06,29.4800000000,31.8800000000
2020-10-07,28.0600000000,30.7000000000
2020-10-08,26.3600000000,29.4900000000
2020-10-09,25.0000000000,28.2800000000
2020-10-12,25.0700000000,27.9800000000
2020-10-13,26.0700000000,28.3500000000
2020-10-14,26.4000000000,28.2400000000
2020-10-15,26.9700000000,28.7200000000
2020-10-16,27.4100000000,29.2100000000
2020-10-19,29.1800000000,30.4000000000
2020-10-20,29.3500000000,30.1100000000
2020-10-21,28.6500000000,29.6100000000
2020-10-22,28.1100000000,29.3000000000
2020-10-23,27.5500000000,28.9900000000
2020-10-26,32.4600000000,32.0700000000
2020-10-27,33.3500000000,32.7200000000
2020-10-28,40.2800000000,37.7500000000
2020-10-29,37.5900000000,35.8400000000
2020-10-30,38.0200000000,36.2700000000
2020-11-02,37.1300000000,35.0600000000
2020-11-03,35.5500000000,33.5200000000
2020-11-04,29.5700000000,29.9800000000
2020-11-05,27.5800000000,29.0500000000
2020-11-06,24.8600000000,27.3700000000
2020-11-09,25.7500000000,26.8800000000
2020-11-10,24.8000000000,26.4900000000
2020-11-11,23.4500000000,25.6200000000
2020-11-12,25.3500000000,27.2200000000
2020-11-13,23.1000000000,25.6900000000
2020-11-16,22.4500000000,25.3500000000
2020-11-17,22.7100000000,25.3800000000
2020-11-18,23.8400000000,26.3900000000
2020-11-19,23.1100000000,25.8000000000
2020-11-20,23.7000000000,26.0600000000
2020-11-23,22.6600000000,25.4300000000
2020-11-24,21.6400000000,24.8400000000
2020-11-25,21.2500000000,24.4200000000
2020-11-27,20.8400000000,24.4300000000
2020-11-30,20.5700000000,24.3300000000
2020-12-01,20.7700000000,24.4900000000
2020-12-02,21.1700000000,24.5400000000
2020-12-03,21.2800000000,24.5600000000
2020-12-04,20.7900000000,24.2900000000
2020-12-07,21.3000000000,24.5200000000
2020-12-08,20.6800000000,23.8700000000
2020-12-09,22.2700000000,24.7300000000
2020-12-10,22.5200000000,25.0500000000
2020-12-11,23.3100000000,26.0500000000
2020-12-14,24.7200000000,27.1100000000
2020-12-15,22.8900000000,25.8700000000
2020-12-16,22.5000000000,25.4700000000
2020-12-17,21.9300000000,25.1500000000
2020-12-18,21.5700000000,25.1700000000
2020-12-21,25.1600000000,27.5800000000
2020-12-22,24.2300000000,27.2500000000
2020-12-23,23.3100000000,26.2600000000
2020-12-24,21.5300000000,25.3700000000
2020-12-28,21.7000000000,25.1500000000
2020-12-29,23.0800000000,26.2400000000
2020-12-30,22.7700000000,25.4400000000
2020-12-31,22.7500000000,25.2800000000
2021-01-04,26.9700000000,28.2600000000
2021-01-05,25.3400000000,27.2500000000
2021-01-06,25.0700000000,26.7900000000
2021-01-07,22.3700000000,25.0200000000
2021-01-08,21.5600000000,24.9000000000
2021-01-11,24.0800000000,26.7000000000
2021-01-12,23.3300000000,26.2000000000
2021-01-13,22.2100000000,25.5500000000
2021-01-14,23.2500000000,26.3200000000
2021-01-15,24.3400000000,27.2600000000
2021-01-19,23.2400000000,26.6900000000
2021-01-20,21.5800000000,25.7200000000
2021-01-21,21.3200000000,25.7000000000
2021-01-22,21.9100000000,25.9900000000
2021-01-25,23.1900000000,26.8800000000
2021-01-26,23.0200000000,26.8900000000
2021-01-27,37.2100000000,35.7300000000
2021-01-28,30.2100000000,31.7700000000
2021-01-29,33.0900000000,33.8800000000
2021-02-01,30.2400000000,32.5300000000
2021-02-02,25.5600000000,29.3600000000
2021-02-03,22.9100000000,27.5700000000
2021-02-04,21.7700000000,26.7900000000
2021-02-05,20.8700000000,26.5200000000
2021-02-08,21.2400000000,26.6500000000
2021-02-09,21.6300000000,27.1100000000
2021-02-10,21.9900000000,27.4900000000
2021-02-11,21.2500000000,27.2200000000
2021-02-12,19.9700000000,26.5000000000
2021-02-16,21.4600000000,27.5500000000
2021-02-17,21.5000000000,27.5200000000
2021-02-18,22.4900000000,27.8600000000
2021-02-19,22.0500000000,27.0900000000
2021-02-22,23.4500000000,27.8100000000
2021-02-23,23.1100000000,27.1200000000
2021-02-24,21.3400000000,25.8900000000
2021-02-25,28.8900000000,30.2400000000
2021-02-26,27.9500000000,29.6000000000
2021-03-01,23.3500000000,26.7800000000
2021-03-02,24.1000000000,27.1600000000
2021-03-03,26.6700000000,28.7900000000
2021-03-04,28.5700000000,30.0800000000
2021-03-05,24.6600000000,27.8900000000
2021-03-08,25.4700000000,28.1300000000
2021-03-09,24.0300000000,27.2800000000
2021-03-10,22.5600000000,26.6800000000
2021-03-11,21.9100000000,26.0900000000
2021-03-12,20.6900000000,25.7400000000
2021-03-15,20.0300000000,24.8900000000
2021-03-16,19.7900000000,24.7100000000
2021-03-17,19.2300000000,23.8800000000
2021-03-18,21.5800000000,25.2800000000
2021-03-19,20.9500000000,24.9900000000
2021-03-22,18.8800000000,22.9400000000
2021-03-23,20.3000000000,23.8000000000
2021-03-24,21.2000000000,24.4000000000
2021-03-25,19.8100000000,23.3700000000
2021-03-26,18.8600000000,22.3200000000
2021-03-29,20.7400000000,23.2000000000
2021-03-30,19.6100000000,22.3100000000
2021-03-31,19.4000000000,22.1500000000
2021-04-01,17.3300000000,20.9700000000
2021-04-05,17.9100000000,20.9600000000
2021-04-06,18.1200000000,21.1600000000
2021-04-07,17.1600000000,20.6600000000
2021-04-08,16.9500000000,20.5900000000
2021-04-09,16.6900000000,20.7400000000
2021-04-12,16.9100000000,20.8200000000
2021-04-13,16.6500000000,20.7800000000
2021-04-14,16.9900000000,21.0600000000
2021-04-15,16.5700000000,20.7600000000
2021-04-16,16.2500000000,20.5300000000
2021-04-19,17.2900000000,21.3700000000
2021-04-20,18.6800000000,22.3500000000
2021-04-21,17.5000000000,21.4900000000
2021-04-22,18.7100000000,22.5200000000
2021-04-23,17.3300000000,21.5700000000
2021-04-26,17.6400000000,21.5400000000
2021-04-27,17.5600000000,21.3200000000
2021-04-28,17.2800000000,21.1300000000
2021-04-29,17.6100000000,21.3100000000
2021-04-30,18.6100000000,22.0700000000
2021-05-03,18.3100000000,21.7400000000
2021-05-04,19.4800000000,22.6700000000
2021-05-05,19.1500000000,22.2600000000
2021-05-06,18.3900000000,21.8800000000
2021-05-07,16.6900000000,20.7900000000
2021-05-10,19.6600000000,22.4000000000
2021-05-11,21.8400000000,24.2300000000
2021-05-12,27.5900000000,28.1800000000
2021-05-13,23.1300000000,25.2600000000
2021-05-14,18.8100000000,22.2600000000
2021-05-17,19.7200000000,23.1400000000
2021-05-18,21.3400000000,24.2200000000
2021-05-19,22.1800000000,25.2700000000
2021-05-20,20.6700000000,23.8100000000
2021-05-21,20.1500000000,23.4900000000
2021-05-24,18.4000000000,22.2300000000
2021-05-25,18.8400000000,22.4000000000
2021-05-26,17.3600000000,21.3000000000
2021-05-27,16.7400000000,20.3100000000
2021-05-28,16.7600000000,20.4800000000
2021-06-01,17.9000000000,21.3400000000
2021-06-02,17.4800000000,21.4200000000
2021-06-03,18.0400000000,21.8200000000
2021-06-04,16.4200000000,20.6200000000
2021-06-07,16.4200000000,20.5500000000
2021-06-08,17.0700000000,20.8500000000
2021-06-09,17.8900000000,21.2800000000
2021-06-10,16.1000000000,20.0800000000
2021-06-11,15.6500000000,19.6400000000
2021-06-14,16.3900000000,20.1400000000
2021-06-15,17.0200000000,20.6800000000
2021-06-16,18.1500000000,21.2600000000
2021-06-17,17.7500000000,20.9800000000
2021-06-18,20.7000000000,22.9300000000
2021-06-21,17.8900000000,21.1200000000
2021-06-22,16.6600000000,20.0700000000
2021-06-23,16.3200000000,19.7000000000
2021-06-24,15.9700000000,19.2600000000
2021-06-25,15.6200000000,19.0000000000
2021-06-28,15.7600000000,19.0200000000
2021-06-29,16.0200000000,19.4900000000
2021-06-30,15.8300000000,19.5100000000
2021-07-01,15.4800000000,19.4500000000
2021-07-02,15.0700000000,19.3000000000
2021-07-06,16.4400000000,20.2600000000
2021-07-07,16.2000000000,20.4100000000
2021-07-08,19.0000000000,21.9800000000
2021-07-09,16.1800000000,20.4400000000
2021-07-12,16.1700000000,20.4600000000
2021-07-13,17.1200000000,21.1300000000
2021-07-14,16.3300000000,20.6200000000
2021-07-15,17.0100000000,21.0900000000
2021-07-16,18.4500000000,22.0700000000
2021-07-19,22.5000000000,24.9000000000
2021-07-20,19.7300000000,23.2000000000
2021-07-21,17.9100000000,21.8700000000
2021-07-22,17.6900000000,21.8600000000
2021-07-23,17.2000000000,21.6500000000
2021-07-26,17.5800000000,21.7400000000
2021-07-27,19.3600000000,23.0000000000
2021-07-28,18.3100000000,22.3500000000
2021-07-29,17.7000000000,21.8800000000
2021-07-30,18.2400000000,22.1800000000
2021-08-02,19.4600000000,23.0500000000
2021-08-03,18.0400000000,22.1800000000
2021-08-04,17.9700000000,22.1700000000
2021-08-05,17.2800000000,21.5200000000
2021-08-06,16.1500000000,20.8700000000
2021-08-09,16.7200000000,21.2700000000
2021-08-10,16.7900000000,21.2100000000
2021-08-11,16.0600000000,20.6700000000
2021-08-12,15.5900000000,20.2500000000
2021-08-13,15.4500000000,20.2600000000
2021-08-16,16.1200000000,20.6400000000
2021-08-17,17.9100000000,21.7000000000
2021-08-18,21.5700000000,23.8000000000
2021-08-19,21.6700000000,24.2000000000
2021-08-20,18.5600000000,22.4100000000
2021-08-23,17.1500000000,21.2000000000
2021-08-24,17.2200000000,21.2200000000
2021-08-25,16.7900000000,20.7900000000
2021-08-26,18.8400000000,21.8600000000
2021-08-27,16.3900000000,20.6100000000
2021-08-30,16.1900000000,20.4000000000
2021-08-31,16.4800000000,20.4200000000
2021-09-01,16.1100000000,20.0800000000
2021-09-02,16.4100000000,20.1300000000
2021-09-03,16.4100000000,20.3200000000
2021-09-07,18.1400000000,21.5300000000
2021-09-08,17.9600000000,21.5900000000
2021-09-09,18.8000000000,22.0600000000
2021-09-10,20.9500000000,23.3100000000
2021-09-13,19.3700000000,22.4700000000
2021-09-14,19.4600000000,22.5500000000
2021-09-15,18.1800000000,21.7600000000
2021-09-16,18.6900000000,21.8100000000
2021-09-17,20.8100000000,23.2200000000
2021-09-20,25.7100000000,26.4000000000
2021-09-21,24.3600000000,25.4700000000
2021-09-22,20.8700000000,23.0500000000
2021-09-23,18.6300000000,21.3700000000
2021-09-24,17.7500000000,20.8200000000
2021-09-27,18.7600000000,21.4000000000
2021-09-28,23.2500000000,24.0300000000
2021-09-29,22.5600000000,23.7200000000
2021-09-30,23.1400000000,23.8700000000
2021-10-01,21.1500000000,23.0500000000
2021-10-04,22.9600000000,24.1100000000
2021-10-05,21.3000000000,23.1100000000
2021-10-06,21.0000000000,22.8400000000
2021-10-07,19.5400000000,22.1200000000
2021-10-08,18.7700000000,21.8800000000
2021-10-11,20.0000000000,22.3900000000
2021-10-12,19.8500000000,22.3300000000
2021-10-13,18.6400000000,21.5400000000
2021-10-14,16.8600000000,20.3700000000
2021-10-15,16.3000000000,20.3000000000
2021-10-18,16.3100000000,20.2900000000
2021-10-19,15.7000000000,19.9800000000
2021-10-20,15.4900000000,19.8700000000
2021-10-21,15.0100000000,19.4800000000
2021-10-22,15.4300000000,20.0100000000
2021-10-25,15.2400000000,19.5600000000
2021-10-26,15.9800000000,20.1100000000
2021-10-27,16.9800000000,20.8900000000
2021-10-28,16.5300000000,20.4800000000
2021-10-29,16.2600000000,20.3700000000
2021-11-01,16.4100000000,20.3900000000
2021-11-02,16.0300000000,20.1000000000
2021-11-03,15.1000000000,19.5000000000
2021-11-04,15.4400000000,19.7000000000
2021-11-05,16.4800000000,20.4900000000
2021-11-08,17.2200000000,20.9800000000
2021-11-09,17.7800000000,21.4100000000
2021-11-10,18.7300000000,22.0000000000
2021-11-11,17.6600000000,21.3800000000
2021-11-12,16.2900000000,20.6900000000
2021-11-15,16.4900000000,20.8700000000
2021-11-16,16.3700000000,20.9000000000
2021-11-17,17.1100000000,21.5800000000
2021-11-18,17.5900000000,21.9000000000
2021-11-19,17.9100000000,21.9200000000
2021-11-22,19.1700000000,22.6300000000
2021-11-23,19.3800000000,22.4500000000
2021-11-24,18.5800000000,21.9000000000
2021-11-26,28.6200000000,29.1700000000
2021-11-29,22.9600000000,25.0400000000
2021-11-30,27.1900000000,28.1300000000
2021-12-01,31.1200000000,30.7900000000
2021-12-02,27.9500000000,29.1500000000
2021-12-03,30.6700000000,31.7800000000
2021-12-06,27.1800000000,28.8800000000
2021-12-07,21.8900000000,24.9600000000
2021-12-08,19.9000000000,23.6300000000
2021-12-09,21.5800000000,24.6600000000
2021-12-10,18.6900000000,23.1800000000
2021-12-13,20.3100000000,24.3200000000
2021-12-14,21.8900000000,25.3500000000
2021-12-15,19.2900000000,23.3000000000
2021-12-16,20.5700000000,24.3700000000
2021-12-17,21.5700000000,25.3800000000
2021-12-20,22.8700000000,26.3100000000
2021-12-21,21.0100000000,25.0000000000
2021-12-22,18.6300000000,23.5600000000
2021-12-23,17.9600000000,23.2400000000
2021-12-27,17.6800000000,22.7400000000
2021-12-28,17.5400000000,22.3300000000
2021-12-29,16.9500000000,21.8300000000
2021-12-30,17.3300000000,21.8800000000
2021-12-31,17.2200000000,21.8800000000
2022-01-03,16.6000000000,21.5300000000
2022-01-04,16.9100000000,21.6200000000
2022-01-05,19.7300000000,23.4700000000
2022-01-06,19.6100000000,23.5000000000
2022-01-07,18.7600000000,22.8700000000
2022-01-10,19.4000000000,22.6800000000
2022-01-11,18.4100000000,21.9800000000
2022-01-12,17.6200000000,21.5800000000
2022-01-13,20.3100000000,23.4100000000
2022-01-14,19.1900000000,22.8200000000
2022-01-18,22.7900000000,25.1200000000
2022-01-19,23.8500000000,25.8100000000
2022-01-20,25.5900000000,27.2500000000
2022-01-21,28.8500000000,29.9500000000
2022-01-24,29.9000000000,30.8200000000
2022-01-25,31.1600000000,31.7600000000
2022-01-26,31.9600000000,31.9500000000
2022-01-27,30.4900000000,30.8700000000
2022-01-28,27.6600000000,28.8200000000
2022-01-31,24.8300000000,26.8500000000
2022-02-01,21.9600000000,24.7600000000
2022-02-02,22.0900000000,25.1400000000
2022-02-03,24.3500000000,26.6700000000
2022-02-04,23.2200000000,26.2500000000
2022-02-07,22.8600000000,25.6900000000
2022-02-08,21.4400000000,24.5400000000
2022-02-09,19.9600000000,23.4900000000
2022-02-10,23.9100000000,26.0700000000
2022-02-11,27.3600000000,28.8300000000
2022-02-14,28.3300000000,29.4400000000
2022-02-15,25.7000000000,27.2800000000
2022-02-16,24.2900000000,26.2600000000
2022-02-17,28.1100000000,29.3200000000
2022-02-18,27.7500000000,29.2200000000
2022-02-22,28.8100000000,29.1100000000
2022-02-23,31.0200000000,30.8800000000
2022-02-24,30.3200000000,30.0500000000
2022-02-25,27.5900000000,28.0400000000
2022-02-28,30.1500000000,29.6500000000
2022-03-01,33.3200000000,32.5900000000
2022-03-02,30.7400000000,30.9700000000
2022-03-03,30.4800000000,30.8000000000
2022-03-04,31.9800000000,32.3400000000
2022-03-07,36.4500000000,35.7400000000
2022-03-08,35.1300000000,35.0000000000
2022-03-09,32.4500000000,33.0600000000
2022-03-10,30.2300000000,31.5200000000
2022-03-11,30.7500000000,32.3400000000
2022-03-14,31.7700000000,33.3200000000
2022-03-15,29.8300000000,31.9600000000
2022-03-16,26.6700000000,28.9600000000
2022-03-17,25.6700000000,28.2200000000
2022-03-18,23.8700000000,26.5500000000
2022-03-21,23.5300000000,26.3800000000
2022-03-22,22.9400000000,25.8500000000
2022-03-23,23.5700000000,26.4100000000
2022-03-24,21.6700000000,25.3000000000
2022-03-25,20.8100000000,24.7200000000
2022-03-28,19.6300000000,24.1800000000
2022-03-29,18.9000000000,23.1900000000
2022-03-30,19.3300000000,23.5700000000
2022-03-31,20.5600000000,24.4600000000
2022-04-01,19.6300000000,24.2100000000
2022-04-04,18.5700000000,23.0300000000
2022-04-05,21.0300000000,24.9000000000
2022-04-06,22.1000000000,25.8000000000
2022-04-07,21.5500000000,25.2300000000
2022-04-08,21.1600000000,25.1700000000
2022-04-11,24.3700000000,27.0000000000
2022-04-12,24.2600000000,27.1700000000
2022-04-13,21.8200000000,25.5400000000
2022-04-14,22.7000000000,26.0300000000
2022-04-18,22.1700000000,25.7500000000
2022-04-19,21.3700000000,25.0600000000
2022-04-20,20.3200000000,24.1500000000
2022-04-21,22.6800000000,26.1100000000
2022-04-22,28.2100000000,29.8700000000
2022-04-25,27.0200000000,29.0700000000
2022-04-26,33.5200000000,33.1400000000
2022-04-27,31.6000000000,32.2000000000
2022-04-28,29.9900000000,31.1500000000
2022-04-29,33.4000000000,33.1800000000
2022-05-02,32.3400000000,33.0100000000
2022-05-03,29.2500000000,30.8100000000
2022-05-04,25.4200000000,28.0900000000
2022-05-05,31.2000000000,32.6800000000
2022-05-06,30.1900000000,32.3100000000
2022-05-09,34.7500000000,35.0500000000
2022-05-10,32.9900000000,33.9700000000
2022-05-11,32.5600000000,33.6300000000
2022-05-12,31.7700000000,33.0800000000
2022-05-13,28.8700000000,30.7000000000
2022-05-16,27.4700000000,29.5100000000
2022-05-17,26.1000000000,28.3700000000
2022-05-18,30.9600000000,32.8000000000
2022-05-19,29.3500000000,30.7900000000
2022-05-20,29.4300000000,31.1400000000
2022-05-23,28.4800000000,30.2900000000
2022-05-24,29.4500000000,30.7400000000
2022-05-25,28.3700000000,29.7300000000
2022-05-26,27.5000000000,29.2800000000
2022-05-27,25.7200000000,28.0200000000
2022-05-30,26.5400000000,
2022-05-31,26.1900000000,27.9900000000
2022-06-01,25.6900000000,27.7200000000
2022-06-02,24.7200000000,27.0600000000
2022-06-03,24.7900000000,27.3300000000
2022-06-06,25.0700000000,27.2200000000
2022-06-07,24.0200000000,26.5200000000
2022-06-08,23.9600000000,26.5400000000
2022-06-09,26.0900000000,28.0100000000
2022-06-10,27.7500000000,29.7200000000
2022-06-13,34.0200000000,34.2400000000
2022-06-14,32.6900000000,33.2800000000
2022-06-15,29.6200000000,30.7800000000
2022-06-16,32.9500000000,33.4900000000
2022-06-17,31.1300000000,32.3600000000
2022-06-20,31.0300000000,
2022-06-21,30.1900000000,31.2500000000
2022-06-22,28.9500000000,30.2400000000
2022-06-23,29.0500000000,30.1900000000
2022-06-24,27.2300000000,28.9500000000
2022-06-27,26.9500000000,28.1800000000
2022-06-28,28.3600000000,29.1500000000
2022-06-29,28.1600000000,29.0000000000
2022-06-30,28.7100000000,29.7100000000
2022-07-01,26.7000000000,28.5200000000
2022-07-04,27.5300000000,
2022-07-05,27.5400000000,28.9000000000
2022-07-06,26.7300000000,28.3900000000
2022-07-07,26.0800000000,28.0300000000
2022-07-08,24.6400000000,27.3000000000
2022-07-11,26.1700000000,28.2500000000
2022-07-12,27.2900000000,28.8200000000
2022-07-13,26.8200000000,28.5600000000
2022-07-14,26.4000000000,28.6100000000
2022-07-15,24.2300000000,27.0800000000
2022-07-18,25.3000000000,27.8200000000
2022-07-19,24.5000000000,27.3100000000
2022-07-20,23.8800000000,26.7000000000
2022-07-21,23.1100000000,26.2200000000
2022-07-22,23.0300000000,25.9700000000
2022-07-25,23.3600000000,25.8000000000
2022-07-26,24.6900000000,26.4200000000
2022-07-27,23.2400000000,25.3100000000
2022-07-28,22.3300000000,24.3300000000
2022-07-29,21.3300000000,23.7900000000
2022-08-01,22.8400000000,24.8600000000
2022-08-02,23.9300000000,25.6600000000
2022-08-03,21.9500000000,24.3700000000
2022-08-04,21.4400000000,24.3200000000
2022-08-05,21.1500000000,24.1800000000
2022-08-08,21.2900000000,24.4800000000
2022-08-09,21.7700000000,24.6900000000
2022-08-10,19.7400000000,23.4600000000
2022-08-11,20.2000000000,23.7100000000
2022-08-12,19.5300000000,23.3100000000
2022-08-15,19.9500000000,23.3200000000
2022-08-16,19.6900000000,23.3200000000
2022-08-17,19.9000000000,23.6000000000
2022-08-18,19.5600000000,23.3900000000
2022-08-19,20.6000000000,24.3200000000
2022-08-22,23.8000000000,26.0000000000
2022-08-23,24.1100000000,25.9200000000
2022-08-24,22.8200000000,24.8900000000
2022-08-25,21.7800000000,24.1300000000
2022-08-26,25.5600000000,26.5600000000
2022-08-29,26.2100000000,26.8200000000
2022-08-30,26.2100000000,26.9100000000
2022-08-31,25.8700000000,26.6500000000
2022-09-01,25.5600000000,26.4300000000
2022-09-02,25.4700000000,26.4800000000
2022-09-05,25.9900000000,
2022-09-06,26.9100000000,27.5900000000
2022-09-07,24.6400000000,26.1000000000
2022-09-08,23.6100000000,25.5200000000
2022-09-09,22.7900000000,25.1400000000
2022-09-12,23.8700000000,25.3700000000
2022-09-13,27.2700000000,27.9500000000
2022-09-14,26.1600000000,27.4600000000
2022-09-15,26.2700000000,27.6000000000
2022-09-16,26.3000000000,27.6300000000
2022-09-19,25.7600000000,27.0100000000
2022-09-20,27.1600000000,27.8800000000
2022-09-21,27.9900000000,28.7600000000
2022-09-22,27.3500000000,28.2200000000
2022-09-23,29.9200000000,30.3200000000
2022-09-26,32.2600000000,31.7700000000
2022-09-27,32.6000000000,32.1200000000
2022-09-28,30.1800000000,30.5800000000
2022-09-29,31.8400000000,31.7400000000
2022-09-30,31.6200000000,31.8600000000
2022-10-03,30.1000000000,30.6900000000
2022-10-04,29.0700000000,29.6700000000
2022-10-05,28.5500000000,29.4300000000
2022-10-06,30.5200000000,30.7900000000
2022-10-07,31.3600000000,32.1000000000
2022-10-10,32.4500000000,32.7300000000
2022-10-11,33.6300000000,33.3600000000
2022-10-12,33.5700000000,33.1300000000
2022-10-13,31.9400000000,31.8000000000
2022-10-14,32.0200000000,32.4500000000
2022-10-17,31.3700000000,31.7400000000
2022-10-18,30.5000000000,30.9800000000
2022-10-19,30.7600000000,31.3500000000
2022-10-20,29.9800000000,30.8100000000
2022-10-21,29.6900000000,30.4700000000
2022-10-24,29.8500000000,30.3300000000
2022-10-25,28.4600000000,29.2900000000
2022-10-26,27.2800000000,28.4600000000
2022-10-27,27.3900000000,28.2800000000
2022-10-28,25.7500000000,26.9000000000
2022-10-31,25.8800000000,26.9200000000
2022-11-01,25.8100000000,26.6900000000
2022-11-02,25.8600000000,27.2200000000
2022-11-03,25.3000000000,26.7000000000
2022-11-04,24.5500000000,26.3900000000
2022-11-07,24.3500000000,26.2600000000
2022-11-08,25.5400000000,27.1000000000
2022-11-09,26.0900000000,27.9100000000
2022-11-10,23.5300000000,26.1800000000
2022-11-11,22.5200000000,25.7400000000
2022-11-14,23.7300000000,26.1300000000
2022-11-15,24.5400000000,26.5900000000
2022-11-16,24.1100000000,26.0300000000
2022-11-17,23.9300000000,25.8300000000
2022-11-18,23.1200000000,25.3300000000
2022-11-21,22.3600000000,24.7200000000
2022-11-22,21.2900000000,23.8300000000
2022-11-23,20.3500000000,23.3800000000
2022-11-24,20.4200000000,
2022-11-25,20.5000000000,23.5900000000
2022-11-28,22.2100000000,24.9000000000
2022-11-29,21.8900000000,24.6500000000
2022-11-30,20.5800000000,23.5300000000
2022-12-01,19.8400000000,23.3100000000
2022-12-02,19.0600000000,22.9600000000
2022-12-05,20.7500000000,23.8900000000
2022-12-06,22.1700000000,24.7200000000
2022-12-07,22.6800000000,25.1800000000
2022-12-08,22.2900000000,24.7300000000
2022-12-09,22.8300000000,25.2100000000
2022-12-12,25.0000000000,25.6700000000
2022-12-13,22.5500000000,24.2900000000
2022-12-14,21.1400000000,23.4600000000
2022-12-15,22.8300000000,25.0800000000
2022-12-16,22.6200000000,25.1500000000
2022-12-19,22.4200000000,25.0800000000
2022-12-20,21.4800000000,24.4000000000
2022-12-21,20.0700000000,23.3500000000
2022-12-22,21.9700000000,24.7800000000
2022-12-23,20.8700000000,24.1300000000
2022-12-27,21.6500000000,24.4300000000
2022-12-28,22.1400000000,24.5800000000
2022-12-29,21.4400000000,23.9500000000
2022-12-30,21.6700000000,24.2900000000
2023-01-03,22.9000000000,24.5800000000
2023-01-04,22.0100000000,23.8100000000
2023-01-05,22.4600000000,24.0700000000
2023-01-06,21.1300000000,23.1800000000
2023-01-09,21.9700000000,23.7400000000
2023-01-10,20.5800000000,22.7400000000
2023-01-11,21.0900000000,22.7400000000
2023-01-12,18.8300000000,21.5800000000
2023-01-13,18.3500000000,21.1400000000
2023-01-16,19.4900000000,
2023-01-17,19.3600000000,21.4500000000
2023-01-18,20.3400000000,22.2700000000
2023-01-19,20.5200000000,22.4500000000
2023-01-20,19.8500000000,21.7200000000
2023-01-23,19.8100000000,21.6000000000
2023-01-24,19.2000000000,20.9100000000
2023-01-25,19.0800000000,20.9400000000
2023-01-26,18.7300000000,20.7000000000
2023-01-27,18.5100000000,20.4700000000
2023-01-30,19.9400000000,21.3700000000
2023-01-31,19.4000000000,20.8100000000
2023-02-01,17.8700000000,19.9700000000
2023-02-02,18.7300000000,20.8400000000
2023-02-03,18.3300000000,20.7800000000
2023-02-06,19.4300000000,21.4300000000
2023-02-07,18.6600000000,20.7800000000
2023-02-08,19.6300000000,21.8200000000
2023-02-09,20.7100000000,22.5000000000
2023-02-10,20.5300000000,22.5500000000
2023-02-13,20.3400000000,21.9700000000
2023-02-14,18.9100000000,21.1400000000
2023-02-15,18.2300000000,20.6800000000
2023-02-16,20.1700000000,21.8800000000
2023-02-17,20.0200000000,21.7700000000
2023-02-20,21.2300000000,
2023-02-21,22.8700000000,23.3800000000
2023-02-22,22.2900000000,22.6800000000
2023-02-23,21.1400000000,21.7400000000
2023-02-24,21.6700000000,22.4300000000
2023-02-27,20.9500000000,21.5900000000
2023-02-28,20.7000000000,21.3200000000
2023-03-01,20.5800000000,21.3600000000
2023-03-02,19.5900000000,20.6300000000
2023-03-03,18.4900000000,19.9800000000
2023-03-06,18.6100000000,19.9900000000
2023-03-07,19.5900000000,20.5900000000
2023-03-08,19.1100000000,20.1900000000
2023-03-09,22.6100000000,22.8700000000
2023-03-10,24.8000000000,25.3900000000
2023-03-13,26.5200000000,26.6400000000
2023-03-14,23.7300000000,24.8700000000
2023-03-15,26.1400000000,27.2000000000
2023-03-16,22.9900000000,24.5600000000
2023-03-17,25.5100000000,27.4200000000
2023-03-20,24.1500000000,25.8500000000
2023-03-21,21.3800000000,23.5700000000
2023-03-22,22.2600000000,24.3800000000
2023-03-23,22.6100000000,24.5300000000
2023-03-24,21.7400000000,23.9600000000
2023-03-27,20.6000000000,22.8700000000
2023-03-28,19.9700000000,22.3800000000
2023-03-29,19.1200000000,21.4900000000
2023-03-30,19.0200000000,21.4500000000
2023-03-31,18.7000000000,21.2300000000
2023-04-03,18.5500000000,20.8300000000
2023-04-04,19.0000000000,21.3400000000
2023-04-05,19.0800000000,21.4800000000
2023-04-06,18.4000000000,21.0000000000
2023-04-10,18.9700000000,21.0700000000
2023-04-11,19.1000000000,21.0100000000
2023-04-12,19.0900000000,21.0500000000
2023-04-13,17.8000000000,20.2600000000
2023-04-14,17.0700000000,20.0300000000
2023-04-17,16.9500000000,19.6500000000
2023-04-18,16.8300000000,19.8200000000
2023-04-19,16.4600000000,20.0200000000
2023-04-20,17.1700000000,20.5500000000
2023-04-21,16.7700000000,20.3900000000
2023-04-24,16.8900000000,20.4000000000
2023-04-25,18.7600000000,21.6500000000
2023-04-26,18.8400000000,21.5400000000
2023-04-27,17.0300000000,20.3700000000
2023-04-28,15.7800000000,19.5400000000
2023-05-01,16.0800000000,19.6700000000
2023-05-02,17.7800000000,20.7500000000
2023-05-03,18.3400000000,21.2900000000
2023-05-04,20.0900000000,22.7700000000
2023-05-05,17.1900000000,20.7800000000
2023-05-08,16.9800000000,20.7100000000
2023-05-09,17.7100000000,21.1700000000
2023-05-10,16.9400000000,20.6900000000
2023-05-11,16.9300000000,20.6200000000
2023-05-12,17.0300000000,20.6600000000
2023-05-15,17.1200000000,20.3100000000
2023-05-16,17.9900000000,20.9000000000
2023-05-17,16.8700000000,20.0500000000
2023-05-18,16.0500000000,19.3300000000
2023-05-19,16.8100000000,20.0400000000
2023-05-22,17.2100000000,20.3600000000
2023-05-23,18.5300000000,21.0600000000
2023-05-24,20.0300000000,22.0200000000
2023-05-25,19.1400000000,21.3800000000
2023-05-26,17.9500000000,20.4400000000
2023-05-29,17.4600000000,
2023-05-30,17.4600000000,20.1300000000
2023-05-31,17.9400000000,20.2100000000
2023-06-01,15.6500000000,18.7500000000
2023-06-02,14.6000000000,17.9200000000
2023-06-05,14.7300000000,17.9000000000
2023-06-06,13.9600000000,17.0400000000
2023-06-07,13.9400000000,17.1400000000
2023-06-08,13.6500000000,16.8600000000
2023-06-09,13.8300000000,16.9600000000
2023-06-12,15.0100000000,17.2800000000
2023-06-13,14.6100000000,17.2300000000
2023-06-14,13.8800000000,16.8600000000
2023-06-15,14.5000000000,17.1800000000
2023-06-16,13.5400000000,16.7500000000
2023-06-19,14.1900000000,
2023-06-20,13.8800000000,17.3000000000
2023-06-21,13.2000000000,16.8900000000
2023-06-22,12.9100000000,16.5600000000
2023-06-23,13.4400000000,16.8700000000
2023-06-26,14.2500000000,17.0500000000
2023-06-27,13.7400000000,16.4400000000
2023-06-28,13.4300000000,15.9000000000
2023-06-29,13.5400000000,16.1000000000
2023-06-30,13.5900000000,16.0200000000
2023-07-03,13.5700000000,16.0700000000
2023-07-04,13.7000000000,
2023-07-05,14.1800000000,16.5100000000
2023-07-06,15.4400000000,17.5200000000
2023-07-07,14.8300000000,17.2400000000
2023-07-10,15.0700000000,17.2500000000
2023-07-11,14.8400000000,16.9700000000
2023-07-12,13.5400000000,16.1100000000
2023-07-13,13.6100000000,16.1200000000
2023-07-14,13.3400000000,16.0400000000
2023-07-17,13.4800000000,16.2700000000
2023-07-18,13.3000000000,16.1300000000
2023-07-19,13.7600000000,16.5600000000
2023-07-20,13.9900000000,16.6600000000
2023-07-21,13.6000000000,16.4000000000
2023-07-24,13.9100000000,16.2600000000
2023-07-25,13.8600000000,16.2200000000
2023-07-26,13.1900000000,15.7900000000
2023-07-27,14.4100000000,16.6300000000
2023-07-28,13.3300000000,15.9200000000
2023-07-31,13.6300000000,16.0100000000
2023-08-01,13.9300000000,16.3400000000
2023-08-02,16.0900000000,17.9600000000
2023-08-03,15.9200000000,17.7200000000
2023-08-04,17.1000000000,18.6100000000
2023-08-07,15.7700000000,17.7200000000
2023-08-08,15.9900000000,18.1300000000
2023-08-09,15.9600000000,18.0500000000
2023-08-10,15.8500000000,18.1600000000
2023-08-11,14.8400000000,17.5600000000
2023-08-14,14.8200000000,17.4100000000
2023-08-15,16.4600000000,18.5900000000
2023-08-16,16.7800000000,18.9700000000
2023-08-17,17.8900000000,19.8300000000
2023-08-18,17.3000000000,19.2400000000
2023-08-21,17.1300000000,18.7700000000
2023-08-22,16.9700000000,18.7200000000
2023-08-23,15.9800000000,17.9400000000
2023-08-24,17.2000000000,18.7500000000
2023-08-25,15.6800000000,17.7200000000
2023-08-28,15.0800000000,17.1200000000
2023-08-29,14.4500000000,16.5600000000
2023-08-30,13.8800000000,16.1800000000
2023-08-31,13.5700000000,15.9200000000
2023-09-01,13.0900000000,15.7400000000
2023-09-04,13.8200000000,
2023-09-05,14.0100000000,16.2400000000
2023-09-06,14.4500000000,16.6100000000
2023-09-07,14.4000000000,16.5800000000
2023-09-08,13.8400000000,16.1400000000
2023-09-11,13.8000000000,16.0200000000
2023-09-12,14.2300000000,16.2500000000
2023-09-13,13.4800000000,15.9200000000
2023-09-14,12.8200000000,15.3400000000
2023-09-15,13.7900000000,16.0200000000
2023-09-18,14.0000000000,16.1300000000
2023-09-19,14.1100000000,16.1300000000
2023-09-20,15.1400000000,16.8100000000
2023-09-21,17.5400000000,18.2400000000
2023-09-22,17.2000000000,18.0900000000
2023-09-25,16.9000000000,18.0200000000
2023-09-26,18.9400000000,19.7200000000
2023-09-27,18.2200000000,19.1100000000
2023-09-28,17.3400000000,18.3800000000
2023-09-29,17.5200000000,18.5100000000
2023-10-02,17.6100000000,18.6200000000
2023-10-03,19.7800000000,20.4100000000
2023-10-04,18.5800000000,19.5200000000
2023-10-05,18.4900000000,19.5000000000
2023-10-06,17.4500000000,18.7300000000
2023-10-09,17.7000000000,18.8100000000
2023-10-10,17.0300000000,18.2700000000
2023-10-11,16.0900000000,17.6300000000
2023-10-12,16.6900000000,18.0900000000
2023-10-13,19.3200000000,20.5700000000
2023-10-16,17.2100000000,18.7900000000
2023-10-17,17.8800000000,19.2600000000
2023-10-18,19.2200000000,20.4700000000
2023-10-19,21.4000000000,22.1900000000
2023-10-20,21.7100000000,22.4400000000
2023-10-23,20.3700000000,21.3300000000
2023-10-24,18.9700000000,20.2100000000
2023-10-25,20.1900000000,21.3300000000
2023-10-26,20.6800000000,21.5700000000
2023-10-27,21.2700000000,22.2700000000
2023-10-30,19.7500000000,20.8000000000
2023-10-31,18.1400000000,19.4900000000
2023-11-01,16.8700000000,18.5500000000
2023-11-02,15.6600000000,17.8000000000
2023-11-03,14.9100000000,17.2200000000
2023-11-06,14.8900000000,17.0300000000
2023-11-07,14.8100000000,16.9200000000
2023-11-08,14.4500000000,16.6400000000
2023-11-09,15.2900000000,17.3000000000
2023-11-10,14.1700000000,16.5200000000
2023-11-13,14.7600000000,16.6100000000
2023-11-14,14.1600000000,16.2900000000
2023-11-15,14.1800000000,16.2800000000
2023-11-16,14.3200000000,16.1400000000
2023-11-17,13.8000000000,15.8500000000
2023-11-20,13.4100000000,15.6900000000
2023-11-21,13.3500000000,15.5000000000
2023-11-22,12.8500000000,15.4800000000
2023-11-23,12.8000000000,
2023-11-24,12.4600000000,15.1200000000
2023-11-27,12.6900000000,15.3400000000
2023-11-28,12.6900000000,15.2400000000
2023-11-29,12.9800000000,15.5100000000
2023-11-30,12.9200000000,15.4400000000
2023-12-01,12.6300000000,15.3600000000
2023-12-04,13.0800000000,15.6800000000
2023-12-05,12.8500000000,15.5700000000
2023-12-06,12.9700000000,15.7400000000
2023-12-07,13.0600000000,15.6500000000
2023-12-08,12.3500000000,15.1600000000
2023-12-11,12.6300000000,15.1900000000
2023-12-12,12.0700000000,14.8300000000
2023-12-13,12.1900000000,14.6600000000
2023-12-14,12.4800000000,14.7900000000
2023-12-15,12.2800000000,15.1300000000
2023-12-18,12.5600000000,15.4700000000
2023-12-19,12.5300000000,15.6400000000
2023-12-20,13.6700000000,16.5800000000
2023-12-21,13.6500000000,16.3000000000
2023-12-22,13.0300000000,15.9900000000
2023-12-26,12.9900000000,15.8800000000
2023-12-27,12.4300000000,15.2700000000
2023-12-28,12.4700000000,15.2300000000
2023-12-29,12.4500000000,15.2600000000
2024-01-02,13.2000000000,15.4800000000
2024-01-03,14.0400000000,16.0400000000
2024-01-04,14.1300000000,16.0400000000
2024-01-05,13.3500000000,15.5100000000
2024-01-08,13.0800000000,15.1400000000
2024-01-09,12.7600000000,14.9000000000
2024-01-10,12.6900000000,14.7300000000
2024-01-11,12.4400000000,14.5600000000
2024-01-12,12.7000000000,14.9400000000
2024-01-15,13.2500000000,
2024-01-16,13.8400000000,15.7400000000
2024-01-17,14.7900000000,16.3800000000
2024-01-18,14.1300000000,15.8400000000
2024-01-19,13.3000000000,15.2600000000
2024-01-22,13.1900000000,14.9700000000
2024-01-23,12.5500000000,14.5200000000
2024-01-24,13.1400000000,14.9700000000
2024-01-25,13.4500000000,15.1000000000
2024-01-26,13.2600000000,15.0300000000
2024-01-29,13.6000000000,15.2200000000
2024-01-30,13.3100000000,15.1400000000
2024-01-31,14.3500000000,15.9600000000
2024-02-01,13.8800000000,15.5000000000
2024-02-02,13.8500000000,15.6100000000
2024-02-05,13.6700000000,15.3300000000
2024-02-06,13.0600000000,14.9900000000
2024-02-07,12.8300000000,14.8500000000
2024-02-08,12.7900000000,14.9300000000
2024-02-09,12.9300000000,15.0800000000
2024-02-12,13.9300000000,15.6700000000
2024-02-13,15.8500000000,16.8200000000
2024-02-14,14.3800000000,15.9300000000
2024-02-15,14.0100000000,15.7600000000
2024-02-16,14.2400000000,15.8600000000
2024-02-19,14.7100000000,
2024-02-20,15.4200000000,16.4100000000
2024-02-21,15.3400000000,16.2300000000
2024-02-22,14.5400000000,15.7700000000
2024-02-23,13.7500000000,15.2500000000
2024-02-26,13.7400000000,15.2200000000
2024-02-27,13.4300000000,14.8900000000
2024-02-28,13.8400000000,15.2200000000
2024-02-29,13.4000000000,14.9300000000
2024-03-01,13.1100000000,14.9300000000
2024-03-04,13.4900000000,15.2300000000
2024-03-05,14.4600000000,15.9100000000
2024-03-06,14.5000000000,15.9700000000
2024-03-07,14.4400000000,15.9100000000
2024-03-08,14.7400000000,16.3000000000
2024-03-11,15.2200000000,16.4600000000
2024-03-12,13.8400000000,15.6600000000
2024-03-13,13.7500000000,15.6000000000
2024-03-14,14.4000000000,16.1200000000
2024-03-15,14.4100000000,16.4100000000
2024-03-18,14.3300000000,16.2200000000
2024-03-19,13.8200000000,15.7700000000
2024-03-20,13.0400000000,15.2800000000
2024-03-21,12.9200000000,15.1800000000
2024-03-22,13.0600000000,15.3000000000
2024-03-25,13.1900000000,15.3800000000
2024-03-26,13.2400000000,15.2900000000
2024-03-27,12.7800000000,15.0100000000
2024-03-28,13.0100000000,15.1900000000
2024-04-01,13.6500000000,15.5200000000
2024-04-02,14.6100000000,16.0900000000
2024-04-03,14.3300000000,15.9100000000
2024-04-04,16.3500000000,17.1600000000
2024-04-05,16.0300000000,17.1800000000
2024-04-08,15.1900000000,16.5600000000
2024-04-09,14.9800000000,16.4200000000
2024-04-10,15.8000000000,17.0400000000
2024-04-11,14.9100000000,16.4900000000
2024-04-12,17.3100000000,18.2000000000
2024-04-15,19.2300000000,19.5500000000
2024-04-16,18.4000000000,18.8400000000
2024-04-17,18.2100000000,18.7700000000
2024-04-18,18.0000000000,18.6600000000
2024-04-19,18.7100000000,19.2500000000
2024-04-22,16.9400000000,17.6300000000
2024-04-23,15.6900000000,16.6800000000
2024-04-24,15.9700000000,16.8400000000
2024-04-25,15.3700000000,16.3700000000
2024-04-26,15.0300000000,16.2700000000
2024-04-29,14.6700000000,16.0000000000
2024-04-30,15.6500000000,16.5900000000
2024-05-01,15.3900000000,16.5700000000
2024-05-02,14.6800000000,16.0500000000
2024-05-03,13.4900000000,15.2700000000
2024-05-06,13.4900000000,15.0200000000
2024-05-07,13.2300000000,14.9500000000
2024-05-08,13.0000000000,14.9000000000
2024-05-09,12.6900000000,14.7100000000
2024-05-10,12.5500000000,14.6600000000
2024-05-13,13.6000000000,14.8900000000
2024-05-14,13.4200000000,14.7000000000
2024-05-15,12.4500000000,14.0800000000
2024-05-16,12.4200000000,14.2200000000
2024-05-17,11.9900000000,13.9900000000
2024-05-20,12.1500000000,14.1100000000
2024-05-21,11.8600000000,13.9500000000
2024-05-22,12.2900000000,14.3100000000
2024-05-23,12.7700000000,14.6700000000
2024-05-24,11.9300000000,14.1700000000
2024-05-27,12.3600000000,
2024-05-28,12.9200000000,14.7200000000
2024-05-29,14.2800000000,15.4500000000
2024-05-30,14.4700000000,15.5900000000
2024-05-31,12.9200000000,14.6600000000
2024-06-03,13.1100000000,14.8000000000
2024-06-04,13.1600000000,14.8800000000
2024-06-05,12.6300000000,14.5400000000
2024-06-06,12.5800000000,14.5400000000
2024-06-07,12.2200000000,14.4100000000
2024-06-10,12.7400000000,14.6000000000
2024-06-11,12.8500000000,14.4900000000
2024-06-12,12.0400000000,14.1200000000
2024-06-13,11.9400000000,14.1700000000
2024-06-14,12.6600000000,14.8400000000
2024-06-17,12.7500000000,14.7900000000
2024-06-18,12.3000000000,14.6900000000
2024-06-19,12.4800000000,
2024-06-20,13.2800000000,15.4100000000
2024-06-21,13.2000000000,15.1700000000
2024-06-24,13.3300000000,15.2300000000
2024-06-25,12.8400000000,14.8600000000
2024-06-26,12.5500000000,14.7100000000
2024-06-27,12.2400000000,14.4200000000
2024-06-28,12.4400000000,14.5200000000
2024-07-01,12.2200000000,14.1900000000
2024-07-02,12.0300000000,14.0100000000
2024-07-03,12.0900000000,14.0200000000
2024-07-04,12.2600000000,
2024-07-05,12.4800000000,14.3500000000
2024-07-08,12.3700000000,14.2900000000
2024-07-09,12.5100000000,14.3900000000
2024-07-10,12.8500000000,14.5000000000
2024-07-11,12.9200000000,14.6700000000
2024-07-12,12.4600000000,14.3700000000
2024-07-15,13.1200000000,14.8700000000
2024-07-16,13.1900000000,14.9100000000
2024-07-17,14.4800000000,15.7900000000
2024-07-18,15.9300000000,16.5600000000
2024-07-19,16.5200000000,17.1600000000
2024-07-22,14.9100000000,16.0900000000
2024-07-23,14.7200000000,16.0100000000
2024-07-24,18.0400000000,18.4300000000
2024-07-25,18.4600000000,18.6900000000
2024-07-26,16.3900000000,17.2400000000
2024-07-29,16.6000000000,17.1600000000
2024-07-30,17.6900000000,18.0100000000
2024-07-31,16.3600000000,16.9700000000
2024-08-01,18.5900000000,19.1400000000
2024-08-02,23.3900000000,23.3400000000
2024-08-05,38.5700000000,33.7100000000
2024-08-06,27.7100000000,26.7600000000
2024-08-07,27.8500000000,27.0100000000
2024-08-08,23.7900000000,24.1300000000
2024-08-09,20.3700000000,21.1800000000
2024-08-12,20.7100000000,21.6300000000
2024-08-13,18.1200000000,19.8600000000
2024-08-14,16.1900000000,18.4500000000
2024-08-15,15.2300000000,17.8800000000
2024-08-16,14.8000000000,17.8100000000
2024-08-19,14.6500000000,17.5900000000
2024-08-20,15.8800000000,18.2800000000
2024-08-21,16.2700000000,18.5800000000
2024-08-22,17.5500000000,19.3600000000
2024-08-23,15.8600000000,18.1900000000
2024-08-26,16.1500000000,18.2500000000
2024-08-27,15.4300000000,17.7300000000
2024-08-28,17.1100000000,18.9000000000
2024-08-29,15.6500000000,18.0000000000
2024-08-30,15.0000000000,17.4300000000
2024-09-02,15.5500000000,
2024-09-03,20.7200000000,21.7000000000
2024-09-04,21.3200000000,22.0700000000
2024-09-05,19.9000000000,20.9300000000
2024-09-06,22.3800000000,22.7400000000
2024-09-09,19.4500000000,20.8800000000
2024-09-10,19.0800000000,20.5500000000
2024-09-11,17.6900000000,19.5900000000
2024-09-12,17.0700000000,19.4800000000
2024-09-13,16.5600000000,19.2800000000
2024-09-16,17.1400000000,19.8100000000
2024-09-17,17.6100000000,20.1300000000
2024-09-18,18.2300000000,20.3500000000
2024-09-19,16.3300000000,19.0700000000
2024-09-20,16.1500000000,18.9400000000
2024-09-23,15.8900000000,18.7000000000
2024-09-24,15.3900000000,18.4700000000
2024-09-25,15.4100000000,18.5700000000
2024-09-26,15.3700000000,18.4500000000
2024-09-27,16.9600000000,19.5400000000
2024-09-30,16.7300000000,19.2200000000
2024-10-01,19.2600000000,20.8900000000
2024-10-02,18.9000000000,20.5900000000
2024-10-03,20.4900000000,21.6300000000
2024-10-04,19.2100000000,20.6500000000
2024-10-07,22.6400000000,22.5900000000
2024-10-08,21.4200000000,21.5200000000
2024-10-09,20.8600000000,20.9100000000
2024-10-10,20.9300000000,21.0200000000
2024-10-11,20.4600000000,20.7700000000
2024-10-14,19.7000000000,20.1200000000
2024-10-15,20.6400000000,20.8000000000
2024-10-16,19.5800000000,20.3200000000
2024-10-17,19.1100000000,19.8100000000
2024-10-18,18.0300000000,19.1900000000
2024-10-21,18.3700000000,19.2400000000
2024-10-22,18.2000000000,19.1700000000
2024-10-23,19.2400000000,20.0400000000
2024-10-24,19.0800000000,19.8500000000
2024-10-25,20.3300000000,20.9400000000
2024-10-28,19.8000000000,20.1700000000
2024-10-29,19.3400000000,19.9600000000
2024-10-30,20.3500000000,20.7600000000
2024-10-31,23.1600000000,22.6400000000
2024-11-01,21.8800000000,21.9100000000
2024-11-04,21.9800000000,21.5700000000
2024-11-05,20.4900000000,20.1900000000
2024-11-06,16.2700000000,17.6700000000
2024-11-07,15.2000000000,16.9500000000
2024-11-08,14.9400000000,16.8300000000
2024-11-11,14.9700000000,16.8000000000
2024-11-12,14.7100000000,16.7100000000
2024-11-13,14.0200000000,16.5100000000
2024-11-14,14.3100000000,16.6800000000
2024-11-15,16.1400000000,17.8100000000
2024-11-18,15.5800000000,17.1900000000
2024-11-19,16.3500000000,17.6900000000
2024-11-20,17.1600000000,18.2600000000
2024-11-21,16.8700000000,18.1800000000
2024-11-22,15.2400000000,17.3000000000
2024-11-25,14.6000000000,16.8700000000
2024-11-26,14.1000000000,16.5300000000
2024-11-27,14.1000000000,16.6000000000
2024-11-28,13.9000000000,
2024-11-29,13.5100000000,16.2600000000
2024-12-02,13.3400000000,16.3400000000
2024-12-03,13.3000000000,16.2400000000
2024-12-04,13.4500000000,16.3900000000
2024-12-05,13.5400000000,16.5800000000
2024-12-06,12.7700000000,16.3200000000
2024-12-09,14.1900000000,17.0900000000
2024-12-10,14.1800000000,16.9800000000
2024-12-11,13.5800000000,16.8800000000
2024-12-12,13.9200000000,17.3500000000
2024-12-13,13.8100000000,17.1500000000
2024-12-16,14.6900000000,17.5700000000
2024-12-17,15.8700000000,18.1300000000
2024-12-18,27.6200000000,24.2400000000
2024-12-19,24.0900000000,24.1400000000
2024-12-20,18.3600000000,20.1000000000
2024-12-23,16.7800000000,18.6500000000
2024-12-24,14.2700000000,17.2000000000
2024-12-26,14.7300000000,17.3600000000
2024-12-27,15.9500000000,18.0700000000
2024-12-30,17.4000000000,18.9400000000
2024-12-31,17.3500000000,18.9800000000
2025-01-02,17.9300000000,19.3300000000
2025-01-03,16.1300000000,18.1400000000
2025-01-06,16.0400000000,18.0300000000
2025-01-07,17.8200000000,19.1900000000
2025-01-08,17.7000000000,19.3400000000
2025-01-09,18.0700000000,
2025-01-10,19.5400000000,20.9700000000
2025-01-13,19.1900000000,20.4300000000
2025-01-14,18.7100000000,19.9900000000
2025-01-15,16.1200000000,18.2300000000
2025-01-16,16.6000000000,18.3500000000
2025-01-17,15.9700000000,18.1900000000
2025-01-20,15.8100000000,
2025-01-21,15.0600000000,17.5000000000
2025-01-22,15.1000000000,17.8100000000
2025-01-23,15.0200000000,17.5200000000
2025-01-24,14.8500000000,17.5500000000
2025-01-27,17.9000000000,18.9700000000
2025-01-28,16.4100000000,18.1300000000
2025-01-29,16.5600000000,18.1500000000
2025-01-30,15.8400000000,17.9100000000
2025-01-31,16.4300000000,18.4300000000
2025-02-03,18.6200000000,19.5500000000
2025-02-04,17.2100000000,18.6400000000
2025-02-05,15.7700000000,17.9600000000
2025-02-06,15.5000000000,17.9400000000
2025-02-07,16.5400000000,18.6300000000
2025-02-10,15.8100000000,18.2300000000
2025-02-11,16.0200000000,18.2800000000
2025-02-12,15.8900000000,18.3100000000
2025-02-13,15.1000000000,17.8400000000
2025-02-14,14.7700000000,17.8100000000
2025-02-17,15.3700000000,
2025-02-18,15.3500000000,17.8200000000
2025-02-19,15.2700000000,17.9300000000
2025-02-20,15.6600000000,18.0100000000
2025-02-21,18.2100000000,19.4800000000
2025-02-24,18.9800000000,19.8600000000
2025-02-25,19.4300000000,20.0300000000
2025-02-26,19.1000000000,19.7500000000
2025-02-27,21.1300000000,21.2200000000
2025-02-28,19.6300000000,20.1800000000
2025-03-03,22.7800000000,22.1800000000
2025-03-04,23.5100000000,22.7800000000
2025-03-05,21.9300000000,21.7200000000
2025-03-06,24.8700000000,23.7000000000
2025-03-07,23.3700000000,22.5900000000
2025-03-10,27.8600000000,25.7200000000
2025-03-11,26.9200000000,25.3400000000
2025-03-12,24.2300000000,23.6700000000
2025-03-13,24.6600000000,24.0600000000
2025-03-14,21.7700000000,22.1700000000
2025-03-17,20.5100000000,21.3000000000
2025-03-18,21.7000000000,21.9700000000
2025-03-19,19.9000000000,20.8300000000
2025-03-20,19.8000000000,20.7100000000
2025-03-21,19.2800000000,20.3500000000
2025-03-24,17.4800000000,19.0400000000
2025-03-25,17.1500000000,19.0500000000
2025-03-26,18.3300000000,19.8400000000
2025-03-27,18.6900000000,19.8900000000
2025-03-28,21.6500000000,22.0100000000
2025-03-31,22.2800000000,21.9700000000
2025-04-01,21.7700000000,21.8200000000
2025-04-02,21.5100000000,21.4500000000
2025-04-03,30.0200000000,27.3800000000
2025-04-04,45.3100000000,36.7100000000
2025-04-07,46.9800000000,36.8800000000
2025-04-08,52.3300000000,41.5000000000
2025-04-09,33.6200000000,29.9200000000
2025-04-10,40.7200000000,35.7100000000
2025-04-11,37.5600000000,33.9100000000
2025-04-14,30.8900000000,29.6300000000
2025-04-15,30.1200000000,29.0000000000
2025-04-16,32.6400000000,30.9400000000
2025-04-17,29.6500000000,29.3500000000
2025-04-21,33.8200000000,31.8300000000
2025-04-22,30.5700000000,29.4500000000
2025-04-23,28.4500000000,28.0200000000
2025-04-24,26.4700000000,26.4400000000
2025-04-25,24.8400000000,25.3700000000
2025-04-28,25.1500000000,25.7300000000
2025-04-29,24.1700000000,25.2200000000
2025-04-30,24.7000000000,25.5400000000
2025-05-01,24.6000000000,25.4900000000
2025-05-02,22.6800000000,24.0000000000
2025-05-05,23.6400000000,24.5500000000
2025-05-06,24.7600000000,25.4100000000
2025-05-07,23.5500000000,24.7000000000
2025-05-08,22.4800000000,23.7600000000
2025-05-09,21.9000000000,23.3800000000
2025-05-12,18.3900000000,20.2200000000
2025-05-13,18.2200000000,20.0900000000
2025-05-14,18.6200000000,20.5800000000
2025-05-15,17.8300000000,20.2500000000
2025-05-16,17.2400000000,20.0800000000
2025-05-19,18.1400000000,20.6900000000
2025-05-20,18.0900000000,20.7200000000
2025-05-21,20.8700000000,22.6600000000
2025-05-22,20.2800000000,22.3200000000
2025-05-23,22.2900000000,23.8000000000
2025-05-26,20.5700000000,
2025-05-27,18.9600000000,21.2900000000
2025-05-28,19.3100000000,21.6700000000
2025-05-29,19.1800000000,21.6200000000
2025-05-30,18.5700000000,21.3800000000
2025-06-02,18.3600000000,21.0900000000
2025-06-03,17.6900000000,20.7200000000
2025-06-04,17.6100000000,20.6600000000
2025-06-05,18.4800000000,21.1100000000
2025-06-06,16.7700000000,20.0200000000
2025-06-09,17.1600000000,20.0900000000
2025-06-10,16.9500000000,19.9400000000
2025-06-11,17.2600000000,20.3000000000
2025-06-12,18.0200000000,20.6500000000
2025-06-13,20.8200000000,22.6200000000
2025-06-16,19.1100000000,21.2300000000
2025-06-17,21.6000000000,22.9100000000
2025-06-18,20.1400000000,21.9700000000
2025-06-19,22.1700000000,
2025-06-20,20.6200000000,22.4800000000
2025-06-23,19.8300000000,21.8200000000
2025-06-24,17.4800000000,20.0500000000
2025-06-25,16.7600000000,19.6700000000
2025-06-26,16.5900000000,19.4500000000
2025-06-27,16.3200000000,19.4500000000
2025-06-30,16.7300000000,19.4400000000
2025-07-01,16.8300000000,19.5100000000
2025-07-02,16.6400000000,19.3500000000
2025-07-03,16.3800000000,19.2100000000
2025-07-04,17.4800000000,
2025-07-07,17.7900000000,20.2100000000
2025-07-08,16.8100000000,19.5800000000
2025-07-09,15.9400000000,19.0200000000
2025-07-10,15.7800000000,18.9200000000
2025-07-11,16.4000000000,19.3700000000
2025-07-14,17.2000000000,19.8400000000
2025-07-15,17.3800000000,20.0600000000
2025-07-16,17.1600000000,20.0900000000
2025-07-17,16.5200000000,19.6900000000
2025-07-18,16.4100000000,19.5800000000
2025-07-21,16.6500000000,19.5100000000
2025-07-22,16.5000000000,19.5300000000
2025-07-23,15.3700000000,18.5600000000
2025-07-24,15.3900000000,18.5600000000
2025-07-25,14.9300000000,18.3200000000
2025-07-28,15.0300000000,18.1600000000
2025-07-29,15.9800000000,18.7700000000
2025-07-30,15.4800000000,18.3500000000
2025-07-31,16.7200000000,19.1400000000
2025-08-01,20.3800000000,21.2400000000
2025-08-04,17.5200000000,19.6100000000
2025-08-05,17.8500000000,20.0300000000
2025-08-06,16.7700000000,19.4700000000
2025-08-07,16.5700000000,19.3500000000
2025-08-08,15.1500000000,18.7000000000
2025-08-11,16.2500000000,19.2500000000
2025-08-12,14.7300000000,18.3400000000
2025-08-13,14.4900000000,18.3300000000
2025-08-14,14.8300000000,18.4900000000
2025-08-15,15.0900000000,18.6400000000
2025-08-18,14.9900000000,18.4500000000
2025-08-19,15.5700000000,18.9000000000
2025-08-20,15.6900000000,19.1000000000
2025-08-21,16.6000000000,19.4100000000
2025-08-22,14.2200000000,17.7600000000
2025-08-25,14.7900000000,18.0200000000
2025-08-26,14.6200000000,17.9000000000
2025-08-27,14.8500000000,17.9400000000
2025-08-28,14.4300000000,17.7200000000
2025-08-29,15.3600000000,18.3500000000
2025-09-01,16.1200000000,
2025-09-02,17.1700000000,19.3800000000
2025-09-03,16.3500000000,18.9300000000
2025-09-04,15.3000000000,18.3900000000
2025-09-05,15.1800000000,18.4200000000
2025-09-08,15.1100000000,18.2900000000
2025-09-09,15.0400000000,18.2700000000
2025-09-10,15.3500000000,18.4400000000
2025-09-11,14.7100000000,18.0300000000
2025-09-12,14.7600000000,18.0600000000
2025-09-15,15.6900000000,18.5300000000
2025-09-16,16.3600000000,18.9100000000
2025-09-17,15.7200000000,18.4400000000
2025-09-18,15.7000000000,18.5200000000
2025-09-19,15.4500000000,18.4800000000
2025-09-22,16.1000000000,18.9500000000
2025-09-23,16.6400000000,19.4400000000
2025-09-24,16.1800000000,19.1400000000
2025-09-25,16.7400000000,19.4600000000
2025-09-26,15.2900000000,18.4100000000
2025-09-29,16.1200000000,18.7600000000
2025-09-30,16.2800000000,18.7700000000
2025-10-01,16.2900000000,18.7600000000
2025-10-02,16.6300000000,18.8900000000
2025-10-03,16.6500000000,19.0800000000
2025-10-06,16.3700000000,19.1200000000
2025-10-07,17.2400000000,19.7100000000
2025-10-08,16.3000000000,19.2600000000
2025-10-09,16.4300000000,19.3800000000
2025-10-10,21.6600000000,22.8100000000
2025-10-13,19.0300000000,20.9300000000
2025-10-14,20.8100000000,22.0300000000
2025-10-15,20.6400000000,21.9400000000
2025-10-16,25.3100000000,24.8700000000
2025-10-17,20.7800000000,22.0900000000
2025-10-20,18.2300000000,20.3100000000
2025-10-21,17.8700000000,19.9900000000
2025-10-22,18.6000000000,20.3100000000
2025-10-23,17.3000000000,19.6500000000
2025-10-24,16.3700000000,19.2000000000
2025-10-27,15.7900000000,18.9900000000
2025-10-28,16.4200000000,19.5500000000
2025-10-29,16.9200000000,19.8300000000
2025-10-30,16.9100000000,19.9800000000
2025-10-31,17.4400000000,20.4900000000
2025-11-03,17.1700000000,20.3800000000
2025-11-04,19.0000000000,21.2900000000
2025-11-05,18.0100000000,20.6000000000
2025-11-06,19.5000000000,21.3500000000
2025-11-07,19.0800000000,21.1900000000
2025-11-10,17.6000000000,20.2400000000
2025-11-11,17.2800000000,20.1900000000
2025-11-12,17.5100000000,20.3400000000
2025-11-13,20.0000000000,21.8500000000
2025-11-14,19.8300000000,21.5800000000
2025-11-17,22.3800000000,23.1800000000
2025-11-18,24.6900000000,24.5400000000
2025-11-19,23.6600000000,23.9900000000
2025-11-20,26.4200000000,25.7600000000
2025-11-21,23.4300000000,23.9600000000
2025-11-24,20.5200000000,21.8500000000
2025-11-25,18.5600000000,20.7300000000
2025-11-26,17.1900000000,20.0200000000
2025-11-27,17.2100000000,
2025-11-28,16.3500000000,19.6400000000
2025-12-01,17.2400000000,20.2200000000
2025-12-02,16.5900000000,19.8400000000
2025-12-03,16.0800000000,19.7100000000
2025-12-04,15.7800000000,19.4900000000
2025-12-05,15.4100000000,19.2700000000
2025-12-08,16.6600000000,19.9100000000
2025-12-09,16.9300000000,20.0800000000
2025-12-10,15.7700000000,19.3500000000
2025-12-11,14.8500000000,19.0500000000
2025-12-12,15.7400000000,19.2500000000
2025-12-15,16.5000000000,19.6800000000
2025-12-16,16.4800000000,19.6700000000
2025-12-17,17.6200000000,20.0800000000
2025-12-18,16.8700000000,19.5900000000
2025-12-19,14.9100000000,18.2500000000
2025-12-22,14.0800000000,17.7900000000
2025-12-23,14.0000000000,17.8400000000
2025-12-24,13.4700000000,17.7700000000
2025-12-26,13.6000000000,17.7700000000
2025-12-29,14.2000000000,17.8200000000
2025-12-30,14.3300000000,17.7700000000
2025-12-31,14.9500000000,18.1800000000
2026-01-02,14.5100000000,18.0200000000
2026-01-05,14.9000000000,18.3200000000
2026-01-06,14.7500000000,18.1500000000
2026-01-07,15.3800000000,18.5900000000
2026-01-08,15.4500000000,18.3900000000
2026-01-09,14.4900000000,17.8800000000
2026-01-12,15.1200000000,18.2300000000
2026-01-13,15.9800000000,18.8500000000
2026-01-14,16.7500000000,19.3700000000
2026-01-15,15.8400000000,18.9000000000
2026-01-16,15.8600000000,18.9900000000
2026-01-19,18.8400000000,
2026-01-20,20.0900000000,21.2800000000
2026-01-21,16.9000000000,19.3600000000
2026-01-22,15.6400000000,18.7500000000
2026-01-23,16.0900000000,19.1500000000
2026-01-26,16.1500000000,19.0700000000
2026-01-27,16.3500000000,19.2200000000
2026-01-28,16.3500000000,19.3000000000
2026-01-29,16.8800000000,19.6700000000
2026-01-30,17.4400000000,20.0700000000
2026-02-02,16.3400000000,19.3700000000
2026-02-03,18.0000000000,20.3500000000
2026-02-04,18.6400000000,20.6200000000
2026-02-05,21.7700000000,22.4500000000
2026-02-06,17.7600000000,20.3700000000
2026-02-09,17.3600000000,20.0900000000
2026-02-10,17.7900000000,20.4300000000
2026-02-11,17.6500000000,20.3700000000
2026-02-12,20.8200000000,22.1700000000
2026-02-13,20.6000000000,22.1700000000
2026-02-16,21.2000000000,
2026-02-17,20.2900000000,21.6000000000
2026-02-18,19.6200000000,21.3900000000
2026-02-19,20.2300000000,21.8800000000
2026-02-20,19.0900000000,21.0900000000
2026-02-23,21.0100000000,22.1400000000
2026-02-24,19.5500000000,21.3400000000
2026-02-25,17.9300000000,20.3600000000
2026-02-26,18.6300000000,20.8100000000
2026-02-27,19.8600000000,21.5600000000
2026-03-02,21.4400000000,22.4400000000
2026-03-03,23.5700000000,23.5400000000
2026-03-04,21.1500000000,22.2900000000
2026-03-05,23.7500000000,23.8600000000
2026-03-06,29.4900000000,27.5600000000
2026-03-09,25.5000000000,25.3400000000
2026-03-10,24.9300000000,25.5100000000
2026-03-11,24.2300000000,24.9700000000
2026-03-12,27.2900000000,26.9500000000
2026-03-13,27.1900000000,27.2800000000
2026-03-16,23.5100000000,24.9200000000
2026-03-17,22.3700000000,24.3300000000
2026-03-18,25.0900000000,26.5600000000
2026-03-19,24.0600000000,25.5400000000
2026-03-20,26.7800000000,27.4300000000
2026-03-23,26.1500000000,26.1000000000
2026-03-24,26.9500000000,26.5600000000
2026-03-25,25.3300000000,25.6300000000
2026-03-26,27.4400000000,27.1600000000
2026-03-27,31.0500000000,29.2700000000
2026-03-30,30.6100000000,29.1300000000
2026-03-31,25.2500000000,25.5500000000
2026-04-01,24.5400000000,24.8600000000
2026-04-02,23.8700000000,24.7200000000
2026-04-06,24.1700000000,24.7700000000
2026-04-07,25.7800000000,25.5700000000
2026-04-08,21.0400000000,22.6800000000
2026-04-09,19.4900000000,21.8100000000
2026-04-10,19.2300000000,21.8600000000
2026-04-13,19.1200000000,21.3400000000
2026-04-14,18.3600000000,20.8200000000
2026-04-15,18.1700000000,20.7800000000
2026-04-16,17.9400000000,20.7700000000
2026-04-17,17.4800000000,20.5100000000
2026-04-20,18.8700000000,21.2400000000
2026-04-21,19.5000000000,21.5100000000
2026-04-22,18.9200000000,21.2400000000
2026-04-23,19.3100000000,21.4800000000
2026-04-24,18.7100000000,21.3000000000
2026-04-27,18.0200000000,20.7700000000
2026-04-28,17.8300000000,20.4900000000
2026-04-29,18.8100000000,21.1900000000
2026-04-30,16.8900000000,20.0800000000
2026-05-01,16.9900000000,20.3700000000
2026-05-04,18.2900000000,21.0500000000
2026-05-05,17.3800000000,20.8200000000
2026-05-06,17.3900000000,20.5700000000
2026-05-07,17.0800000000,20.3500000000
2026-05-08,17.1900000000,20.5000000000
2026-05-11,18.3800000000,21.2400000000
2026-05-12,17.9900000000,21.0400000000
2026-05-13,17.8700000000,21.1800000000
2026-05-14,17.2600000000,20.8500000000
2026-05-15,18.4300000000,21.3600000000
2026-05-18,17.8200000000,20.9200000000
2026-05-19,18.0600000000,21.1200000000
2026-05-20,17.4400000000,20.7600000000
2026-05-21,16.7600000000,20.0000000000
2026-05-22,16.7000000000,20.0300000000
2026-05-25,16.5900000000,
2026-05-26,17.0100000000,19.8900000000
2026-05-27,16.2900000000,19.4500000000
2026-05-28,15.7400000000,19.1100000000
2026-05-29,15.3200000000,18.6600000000
2026-06-01,16.0500000000,19.4300000000
2026-06-02,15.7700000000,19.4900000000
2026-06-03,16.0600000000,19.7600000000
2026-06-04,15.4000000000,19.2300000000
2026-06-05,21.5100000000,21.8200000000
2026-06-08,18.9200000000,20.7900000000
2026-06-09,19.8700000000,21.3100000000
2026-06-10,22.2200000000,22.8900000000
2026-06-11,19.4400000000,21.4200000000
2026-06-12,17.6800000000,20.5100000000
2026-06-15,16.2000000000,19.3600000000
2026-06-16,16.4100000000,19.5300000000
2026-06-17,18.4400000000,20.6200000000
2026-06-18,16.4000000000,19.5700000000
2026-06-19,16.7800000000,
2026-06-22,17.2800000000,19.7600000000
2026-06-23,19.4900000000,21.0600000000
2026-06-24,18.6300000000,20.3700000000
2026-06-25,18.8900000000,20.3300000000
2026-06-26,18.4100000000,20.1300000000
2026-06-29,17.6500000000,19.5300000000
2026-06-30,16.4500000000,19.0000000000
2026-07-01,16.5900000000,19.1600000000
2026-07-02,16.1500000000,19.0400000000
2026-07-03,15.8100000000,
2026-07-06,15.5700000000,18.7800000000
2026-07-07,16.1300000000,19.0100000000
2026-07-08,16.9000000000,19.4600000000
2026-07-09,15.8400000000,18.9900000000
2026-07-10,15.0300000000,18.5700000000
2026-07-13,17.1600000000,19.6400000000
2026-07-14,16.5000000000,19.3000000000
2026-07-15,15.6700000000,18.9100000000
2026-07-16,16.7300000000,19.5000000000
2026-07-17,18.7700000000,20.5400000000
2026-07-20,18.6500000000,20.4000000000
2026-07-21,17.0500000000,19.5900000000
2026-07-22,16.6400000000,19.5400000000
2026-07-23,18.7000000000,20.6000000000
2026-07-24,18.5800000000,20.5100000000
2026-07-27,18.6700000000,20.2000000000
2026-07-28,18.2100000000,19.8600000000
2026-07-29,20.6600000000,21.5000000000
2026-07-30,17.0900000000,19.5000000000
2026-07-31,15.9900000000,19.0200000000
2026-08-03,15.8600000000,18.9300000000
2026-08-04,16.5000000000,19.3400000000
2026-08-05,15.8100000000,18.9500000000
2026-08-06,15.1500000000,18.6900000000
2026-08-07,14.9000000000,18.7200000000
2026-08-10,15.4600000000,18.9800000000
