date,volume
2007-05-30,132036500.0
2007-05-31,109457700.0
2007-06-01,125089800.0
2007-06-04,64782700.0
2007-06-05,151160400.0
2007-06-06,183166500.0
2007-06-07,221373300.0
2007-06-08,177587800.0
2007-06-11,97100400.0
2007-06-12,153967700.0
2007-06-13,147985300.0
2007-06-14,101531900.0
2007-06-15,100378400.0
2007-06-18,75713200.0
2007-06-19,109621300.0
2007-06-20,161889500.0
2007-06-21,143181300.0
2007-06-22,153328700.0
2007-06-25,136602600.0
2007-06-26,128211900.0
2007-06-27,141196200.0
2007-06-28,116546300.0
2007-06-29,124794700.0
2007-07-02,80863100.0
2007-07-03,34803300.0
2007-07-05,73588500.0
2007-07-06,65804300.0
2007-07-09,66768800.0
2007-07-10,104383100.0
2007-07-11,99637600.0
2007-07-12,107667100.0
2007-07-13,74232200.0
2007-07-16,77799500.0
2007-07-17,124833700.0
2007-07-18,144915900.0
2007-07-19,116563800.0
2007-07-20,163721300.0
2007-07-23,107464100.0
2007-07-24,175496200.0
2007-07-25,170258700.0
2007-07-26,318522000.0
2007-07-27,246387600.0
2007-07-30,166517200.0
2007-07-31,260224500.0
2007-08-01,301153900.0
2007-08-02,177369900.0
2007-08-03,166048400.0
2007-08-06,190869100.0
2007-08-07,167109700.0
2007-08-08,164831200.0
2007-08-09,242418200.0
2007-08-10,247006400.0
2007-08-13,116935100.0
2007-08-14,153529800.0
2007-08-15,214854100.0
2007-08-16,362468700.0
2007-08-17,223246600.0
2007-08-20,144715100.0
2007-08-21,115027200.0
2007-08-22,115814100.0
2007-08-23,118663400.0
2007-08-24,88189200.0
2007-08-27,72490400.0
2007-08-28,106024800.0
2007-08-29,113201000.0
2007-08-30,138930000.0
2007-08-31,94687200.0
2007-09-04,98480900.0
2007-09-05,114049300.0
2007-09-06,99222600.0
2007-09-07,152438000.0
2007-09-10,125199400.0
2007-09-11,103064500.0
2007-09-12,93993400.0
2007-09-13,80807500.0
2007-09-14,99801200.0
2007-09-17,84882300.0
2007-09-18,151452100.0
2007-09-19,127025800.0
2007-09-20,109970600.0
2007-09-21,86829500.0
2007-09-24,107226800.0
2007-09-25,101102200.0
2007-09-26,96124600.0
2007-09-27,73423200.0
2007-09-28,75546000.0
2007-10-01,100404100.0
2007-10-02,71046000.0
2007-10-03,106785000.0
2007-10-04,84129300.0
2007-10-05,115674700.0
2007-10-08,63022400.0
2007-10-09,93965600.0
2007-10-10,91777500.0
2007-10-11,239786700.0
2007-10-12,131676000.0
2007-10-15,121578700.0
2007-10-16,193676600.0
2007-10-17,183985200.0
2007-10-18,144491200.0
2007-10-19,245111500.0
2007-10-22,207052100.0
2007-10-23,162360600.0
2007-10-24,298293400.0
2007-10-25,233833100.0
2007-10-26,146690300.0
2007-10-29,101896600.0
2007-10-30,114616600.0
2007-10-31,148431900.0
2007-11-01,181974200.0
2007-11-02,217882900.0
2007-11-05,150588900.0
2007-11-06,131884700.0
2007-11-07,197908200.0
2007-11-08,380626400.0
2007-11-09,309414900.0
2007-11-12,283216000.0
2007-11-13,255625900.0
2007-11-14,263284100.0
2007-11-15,251548800.0
2007-11-16,263623700.0
2007-11-19,198651100.0
2007-11-20,300763600.0
2007-11-21,212225400.0
2007-11-23,46463300.0
2007-11-26,150352100.0
2007-11-27,211369300.0
2007-11-28,216868100.0
2007-11-29,172087300.0
2007-11-30,171417400.0
2007-12-03,108625700.0
2007-12-04,113374100.0
2007-12-05,137614200.0
2007-12-06,99724500.0
2007-12-07,88992300.0
2007-12-10,75657900.0
2007-12-11,167064300.0
2007-12-12,162975200.0
2007-12-13,153476200.0
2007-12-14,128396700.0
2007-12-17,134377000.0
2007-12-18,154251700.0
2007-12-19,137970900.0
2007-12-20,167341700.0
2007-12-21,107573500.0
2007-12-24,34499800.0
2007-12-26,58492100.0
2007-12-27,65778900.0
2007-12-28,67545400.0
2007-12-31,70135600.0
2008-01-02,152344100.0
2008-01-03,114103700.0
2008-01-04,212617600.0
2008-01-07,235083600.0
2008-01-08,261669800.0
2008-01-09,254011800.0
2008-01-10,249958500.0
2008-01-11,211685200.0
2008-01-14,168048500.0
2008-01-15,241094900.0
2008-01-16,265625900.0
2008-01-17,254098800.0
2008-01-18,273063300.0
2008-01-22,325732000.0
2008-01-23,390129000.0
2008-01-24,250249100.0
2008-01-25,199299100.0
2008-01-28,163711200.0
2008-01-29,138520000.0
2008-01-30,220824400.0
2008-01-31,246824100.0
2008-02-01,161920300.0
2008-02-04,100209900.0
2008-02-05,188990400.0
2008-02-06,178285000.0
2008-02-07,286254800.0
2008-02-08,173781300.0
2008-02-11,119562300.0
2008-02-12,145412400.0
2008-02-13,148685900.0
2008-02-14,170868900.0
2008-02-15,100053300.0
2008-02-19,110507600.0
2008-02-20,137338800.0
2008-02-21,127857000.0
2008-02-22,157364700.0
2008-02-25,121444300.0
2008-02-26,148375900.0
2008-02-27,125682600.0
2008-02-28,129196700.0
2008-02-29,188724500.0
2008-03-03,132963800.0
2008-03-04,183851000.0
2008-03-05,183208300.0
2008-03-06,152752200.0
2008-03-07,242552400.0
2008-03-10,146801900.0
2008-03-11,196755300.0
2008-03-12,155566100.0
2008-03-13,208967900.0
2008-03-14,309589800.0
2008-03-17,193130600.0
2008-03-18,216300400.0
2008-03-19,216157200.0
2008-03-20,128397000.0
2008-03-24,125018000.0
2008-03-25,118107500.0
2008-03-26,124824600.0
2008-03-27,143868600.0
2008-03-28,111822300.0
2008-03-31,113644800.0
2008-04-01,137494400.0
2008-04-02,132486800.0
2008-04-03,140033800.0
2008-04-04,139261000.0
2008-04-07,102297100.0
2008-04-08,97435200.0
2008-04-09,127182300.0
2008-04-10,112773800.0
2008-04-11,120135400.0
2008-04-14,89274600.0
2008-04-15,124232300.0
2008-04-16,134027900.0
2008-04-17,124953100.0
2008-04-18,133022500.0
2008-04-21,83303200.0
2008-04-22,104689600.0
2008-04-23,131086200.0
2008-04-24,166509000.0
2008-04-25,121945400.0
2008-04-28,71244000.0
2008-04-29,91270600.0
2008-04-30,132152700.0
2008-05-01,143596900.0
2008-05-02,124990000.0
2008-05-05,75624700.0
2008-05-06,139582600.0
2008-05-07,140008300.0
2008-05-08,128058700.0
2008-05-09,97062000.0
2008-05-12,89606500.0
2008-05-13,85448100.0
2008-05-14,143598200.0
2008-05-15,157248900.0
2008-05-16,146563200.0
2008-05-19,140048700.0
2008-05-20,137163700.0
2008-05-21,192806700.0
2008-05-22,153198200.0
2008-05-23,121698400.0
2008-05-27,106984300.0
2008-05-28,121363000.0
2008-05-29,143993000.0
2008-05-30,94153600.0
2008-06-02,144359900.0
2008-06-03,167606900.0
2008-06-04,174870800.0
2008-06-05,126653700.0
2008-06-06,189136000.0
2008-06-09,208897300.0
2008-06-10,162798500.0
2008-06-11,170366900.0
2008-06-12,189913200.0
2008-06-13,167855000.0
2008-06-16,136343900.0
2008-06-17,122932000.0
2008-06-18,169338100.0
2008-06-19,221304200.0
2008-06-20,197434200.0
2008-06-23,131488800.0
2008-06-24,178293800.0
2008-06-25,179023400.0
2008-06-26,190028300.0
2008-06-27,181351800.0
2008-06-30,132912400.0
2008-07-01,245494300.0
2008-07-02,199576400.0
2008-07-03,123118300.0
2008-07-07,181011300.0
2008-07-08,206151200.0
2008-07-09,168500300.0
2008-07-10,238811500.0
2008-07-11,265514700.0
2008-07-14,177389800.0
2008-07-15,283891100.0
2008-07-16,186047800.0
2008-07-17,197555100.0
2008-07-18,160661000.0
2008-07-21,128107800.0
2008-07-22,152524500.0
2008-07-23,169259100.0
2008-07-24,145561000.0
2008-07-25,111616700.0
2008-07-28,124028500.0
2008-07-29,142290900.0
2008-07-30,165679900.0
2008-07-31,180473100.0
2008-08-01,180350400.0
2008-08-04,116298000.0
2008-08-05,151657400.0
2008-08-06,133463700.0
2008-08-07,152805800.0
2008-08-08,143121500.0
2008-08-11,157290100.0
2008-08-12,140549300.0
2008-08-13,169652100.0
2008-08-14,158069200.0
2008-08-15,123115900.0
2008-08-18,151399100.0
2008-08-19,155410600.0
2008-08-20,155466700.0
2008-08-21,118916200.0
2008-08-22,96515500.0
2008-08-25,128076500.0
2008-08-26,107225500.0
2008-08-27,108489900.0
2008-08-28,112808600.0
2008-08-29,133184300.0
2008-09-02,162277500.0
2008-09-03,161682900.0
2008-09-04,219004700.0
2008-09-05,247977500.0
2008-09-08,311065100.0
2008-09-09,214180600.0
2008-09-10,160658100.0
2008-09-11,203398200.0
2008-09-12,172094300.0
2008-09-15,616772300.0
2008-09-16,349506500.0
2008-09-17,340088000.0
2008-09-18,423934000.0
2008-09-19,263394000.0
2008-09-22,164698200.0
2008-09-23,184011200.0
2008-09-24,159270800.0
2008-09-25,148586800.0
2008-09-26,182678600.0
2008-09-29,307954400.0
2008-09-30,195436700.0
2008-10-01,174033300.0
2008-10-02,192124000.0
2008-10-03,272116100.0
2008-10-06,394046600.0
2008-10-07,329365700.0
2008-10-08,452066500.0
2008-10-09,352433900.0
2008-10-10,472339100.0
2008-10-13,276998700.0
2008-10-14,341595900.0
2008-10-15,312088500.0
2008-10-16,494783500.0
2008-10-17,326571300.0
2008-10-20,232783400.0
2008-10-21,239932400.0
2008-10-22,289993600.0
2008-10-23,377966900.0
2008-10-24,322129500.0
2008-10-27,239302300.0
2008-10-28,327239500.0
2008-10-29,341316000.0
2008-10-30,255292100.0
2008-10-31,224261000.0
2008-11-03,128455500.0
2008-11-04,182487600.0
2008-11-05,183893900.0
2008-11-06,220677200.0
2008-11-07,176946200.0
2008-11-10,142584500.0
2008-11-11,162869800.0
2008-11-12,184946400.0
2008-11-13,317943900.0
2008-11-14,259407000.0
2008-11-17,202835200.0
2008-11-18,252661800.0
2008-11-19,244180600.0
2008-11-20,342472400.0
2008-11-21,282746800.0
2008-11-24,225058200.0
2008-11-25,202968700.0
2008-11-26,164912000.0
2008-11-28,41238200.0
2008-12-01,149161500.0
2008-12-02,181743000.0
2008-12-03,230944900.0
2008-12-04,188868700.0
2008-12-05,212283700.0
2008-12-08,185782500.0
2008-12-09,178148300.0
2008-12-10,162335100.0
2008-12-11,167161400.0
2008-12-12,158600100.0
2008-12-15,107887000.0
2008-12-16,169300100.0
2008-12-17,159813500.0
2008-12-18,142656400.0
2008-12-19,118308900.0
2008-12-22,95379600.0
2008-12-23,68764800.0
2008-12-24,27194700.0
2008-12-26,20937000.0
2008-12-29,52688300.0
2008-12-30,77089500.0
2008-12-31,89189700.0
2009-01-02,107891500.0
2009-01-05,91751900.0
2009-01-06,136791700.0
2009-01-07,133879800.0
2009-01-08,131926600.0
2009-01-09,117137900.0
2009-01-12,102726200.0
2009-01-13,186266700.0
2009-01-14,136294000.0
2009-01-15,192567200.0
2009-01-16,175478100.0
2009-01-20,135105800.0
2009-01-21,149179600.0
2009-01-22,200602700.0
2009-01-23,170164100.0
2009-01-26,140398700.0
2009-01-27,110591300.0
2009-01-28,139722800.0
2009-01-29,130731800.0
2009-01-30,140334200.0
2009-02-02,126796100.0
2009-02-03,120541100.0
2009-02-04,175780900.0
2009-02-05,217578900.0
2009-02-06,164513200.0
2009-02-09,98856900.0
2009-02-10,232795200.0
2009-02-11,169117200.0
2009-02-12,201151400.0
2009-02-13,145066700.0
2009-02-17,157783300.0
2009-02-18,161271900.0
2009-02-19,155322400.0
2009-02-20,210752400.0
2009-02-23,169473500.0
2009-02-24,181337300.0
2009-02-25,220224700.0
2009-02-26,211218500.0
2009-02-27,204492600.0
2009-03-02,188180400.0
2009-03-03,158758800.0
2009-03-04,164911000.0
2009-03-05,199626900.0
2009-03-06,218421600.0
2009-03-09,181098800.0
2009-03-10,175068200.0
2009-03-11,173094900.0
2009-03-12,184395100.0
2009-03-13,156783500.0
2009-03-16,190269800.0
2009-03-17,169773800.0
2009-03-18,208033900.0
2009-03-19,146753400.0
2009-03-20,149410800.0
2009-03-23,179499000.0
2009-03-24,118757600.0
2009-03-25,190555200.0
2009-03-26,182459500.0
2009-03-27,156108100.0
2009-03-30,162919700.0
2009-03-31,150243800.0
2009-04-01,137950000.0
2009-04-02,212272400.0
2009-04-03,134577300.0
2009-04-06,160413700.0
2009-04-07,147531200.0
2009-04-08,126126000.0
2009-04-09,131871500.0
2009-04-13,119310500.0
2009-04-14,124069000.0
2009-04-15,124808200.0
2009-04-16,171168000.0
2009-04-17,129835400.0
2009-04-20,123080500.0
2009-04-21,145490200.0
2009-04-22,165040500.0
2009-04-23,181666600.0
2009-04-24,141170000.0
2009-04-27,120749100.0
2009-04-28,108968000.0
2009-04-29,141413600.0
2009-04-30,144120400.0
2009-05-01,100112000.0
2009-05-04,119317400.0
2009-05-05,113569500.0
2009-05-06,178840500.0
2009-05-07,216484700.0
2009-05-08,183507300.0
2009-05-11,142775900.0
2009-05-12,147842200.0
2009-05-13,175548300.0
2009-05-14,140021700.0
2009-05-15,121326400.0
2009-05-18,114333400.0
2009-05-19,129086400.0
2009-05-20,131873700.0
2009-05-21,139253200.0
2009-05-22,83510600.0
2009-05-26,144857200.0
2009-05-27,121348800.0
2009-05-28,118931300.0
2009-05-29,111535700.0
2009-06-01,119126200.0
2009-06-02,126858600.0
2009-06-03,93329800.0
2009-06-04,89280600.0
2009-06-05,121958800.0
2009-06-08,89194100.0
2009-06-09,109187800.0
2009-06-10,133404700.0
2009-06-11,147909800.0
2009-06-12,109452500.0
2009-06-15,112152900.0
2009-06-16,110550300.0
2009-06-17,153421800.0
2009-06-18,126266700.0
2009-06-19,122044700.0
2009-06-22,137714900.0
2009-06-23,114903100.0
2009-06-24,103314600.0
2009-06-25,112538200.0
2009-06-26,87677300.0
2009-06-29,93817600.0
2009-06-30,97843000.0
2009-07-01,85976000.0
2009-07-02,113309800.0
2009-07-06,107632500.0
2009-07-07,149773000.0
2009-07-08,152776400.0
2009-07-09,97851500.0
2009-07-10,108482000.0
2009-07-13,127140300.0
2009-07-14,115631700.0
2009-07-15,160869700.0
2009-07-16,120142500.0
2009-07-17,104906500.0
2009-07-20,97168800.0
2009-07-21,130587600.0
2009-07-22,113808600.0
2009-07-23,160239300.0
2009-07-24,109312300.0
2009-07-27,94718600.0
2009-07-28,111564300.0
2009-07-29,126538200.0
2009-07-30,108969900.0
2009-07-31,78208300.0
2009-08-03,111722800.0
2009-08-04,100690800.0
2009-08-05,118093000.0
2009-08-06,116937500.0
2009-08-07,107442100.0
2009-08-10,87163200.0
2009-08-11,91922700.0
2009-08-12,147240000.0
2009-08-13,110107000.0
2009-08-14,124480200.0
2009-08-17,131797200.0
2009-08-18,84496200.0
2009-08-19,88036300.0
2009-08-20,81473500.0
2009-08-21,114660200.0
2009-08-24,109904900.0
2009-08-25,92900400.0
2009-08-26,96407500.0
2009-08-27,121957800.0
2009-08-28,114300900.0
2009-08-31,96415300.0
2009-09-01,162958900.0
2009-09-02,92757200.0
2009-09-03,76783100.0
2009-09-04,74866600.0
2009-09-08,71024400.0
2009-09-09,99280800.0
2009-09-10,99289100.0
2009-09-11,93868400.0
2009-09-14,90435600.0
2009-09-15,91594600.0
2009-09-16,96888500.0
2009-09-17,102169600.0
2009-09-18,87444200.0
2009-09-21,71351400.0
2009-09-22,75638400.0
2009-09-23,143924100.0
2009-09-24,111016400.0
2009-09-25,109216000.0
2009-09-28,84478500.0
2009-09-29,106686400.0
2009-09-30,173102700.0
2009-10-01,140119100.0
2009-10-02,145286400.0
2009-10-05,97054200.0
2009-10-06,124628000.0
2009-10-07,93787600.0
2009-10-08,107850400.0
2009-10-09,62828000.0
2009-10-12,53221900.0
2009-10-13,70939300.0
2009-10-14,91004900.0
2009-10-15,85772800.0
2009-10-16,111859300.0
2009-10-19,83512000.0
2009-10-20,89847900.0
2009-10-21,110397400.0
2009-10-22,85871800.0
2009-10-23,117020400.0
2009-10-26,107068600.0
2009-10-27,121438200.0
2009-10-28,143553600.0
2009-10-29,85207600.0
2009-10-30,162796500.0
2009-11-02,142456600.0
2009-11-03,95107000.0
2009-11-04,107970600.0
2009-11-05,135204800.0
2009-11-06,96312300.0
2009-11-09,101620800.0
2009-11-10,72846500.0
2009-11-11,84676200.0
2009-11-12,92426100.0
2009-11-13,87959500.0
2009-11-16,87776100.0
2009-11-17,81884000.0
2009-11-18,100240800.0
2009-11-19,114558000.0
2009-11-20,70912100.0
2009-11-23,91621500.0
2009-11-24,60670000.0
2009-11-25,37630100.0
2009-11-27,61230000.0
2009-11-30,84819400.0
2009-12-01,81817800.0
2009-12-02,81653600.0
2009-12-03,72460400.0
2009-12-04,125062600.0
2009-12-07,67471900.0
2009-12-08,86621400.0
2009-12-09,78820500.0
2009-12-10,76722400.0
2009-12-11,66643700.0
2009-12-14,47965500.0
2009-12-15,61171100.0
2009-12-16,61629700.0
2009-12-17,90440900.0
2009-12-18,96442600.0
2009-12-21,82357400.0
2009-12-22,51569100.0
2009-12-23,73932200.0
2009-12-24,31770400.0
2009-12-28,49381400.0
2009-12-29,32410200.0
2009-12-30,57612700.0
2009-12-31,50079200.0
2010-01-04,62822800.0
2010-01-05,62935600.0
2010-01-06,96033000.0
2010-01-07,77094100.0
2010-01-08,88886600.0
2010-01-11,104673400.0
2010-01-12,90673900.0
2010-01-13,100661000.0
2010-01-14,75209000.0
2010-01-15,126849300.0
2010-01-19,84388200.0
2010-01-20,145680000.0
2010-01-21,204939600.0
2010-01-22,171098700.0
2010-01-25,154218700.0
2010-01-26,140816500.0
2010-01-27,161632700.0
2010-01-28,221439800.0
2010-01-29,212099600.0
2010-02-01,136827100.0
2010-02-02,110727700.0
2010-02-03,93581600.0
2010-02-04,151652500.0
2010-02-05,213618600.0
2010-02-08,94354400.0
2010-02-09,118956000.0
2010-02-10,94102900.0
2010-02-11,93050800.0
2010-02-12,93938500.0
2010-02-16,83861400.0
2010-02-17,82691700.0
2010-02-18,65752600.0
2010-02-19,80416500.0
2010-02-22,72055000.0
2010-02-23,95814400.0
2010-02-24,86591000.0
2010-02-25,97961300.0
2010-02-26,66222400.0
2010-03-01,77290100.0
2010-03-02,76368500.0
2010-03-03,65735500.0
2010-03-04,54470900.0
2010-03-05,68136300.0
2010-03-08,58712400.0
2010-03-09,98002800.0
2010-03-10,102578900.0
2010-03-11,67510300.0
2010-03-12,64068300.0
2010-03-15,60150500.0
2010-03-16,74950600.0
2010-03-17,75643500.0
2010-03-18,77829400.0
2010-03-19,86337100.0
2010-03-22,71902800.0
2010-03-23,59182600.0
2010-03-24,62995700.0
2010-03-25,76294800.0
2010-03-26,78067900.0
2010-03-29,57993300.0
2010-03-30,49437300.0
2010-03-31,59947400.0
2010-04-01,83728600.0
2010-04-05,56220300.0
2010-04-06,54097100.0
2010-04-07,77211500.0
2010-04-08,68314300.0
2010-04-09,54227300.0
2010-04-12,44280600.0
2010-04-13,59376000.0
2010-04-14,69004800.0
2010-04-15,72254200.0
2010-04-16,127388000.0
2010-04-19,98251700.0
2010-04-20,69543700.0
2010-04-21,74748700.0
2010-04-22,110477200.0
2010-04-23,77205200.0
2010-04-26,67361000.0
2010-04-27,112608000.0
2010-04-28,130082100.0
2010-04-29,84180200.0
2010-04-30,110897000.0
2010-05-03,74169700.0
2010-05-04,141136500.0
2010-05-05,128560200.0
2010-05-06,274356800.0
2010-05-07,288200400.0
2010-05-10,136041600.0
2010-05-11,113016100.0
2010-05-12,85462400.0
2010-05-13,102844300.0
2010-05-14,147386100.0
2010-05-17,120969600.0
2010-05-18,153072100.0
2010-05-19,159000300.0
2010-05-20,189289800.0
2010-05-21,190631100.0
2010-05-24,113038000.0
2010-05-25,155643000.0
2010-05-26,140203200.0
2010-05-27,110671600.0
2010-05-28,128535300.0
2010-06-01,104242700.0
2010-06-02,97249300.0
2010-06-03,98928400.0
2010-06-04,112849900.0
2010-06-07,88436600.0
2010-06-08,133030100.0
2010-06-09,101949200.0
2010-06-10,76892300.0
2010-06-11,74346800.0
2010-06-14,68085000.0
2010-06-15,76332600.0
2010-06-16,78399700.0
2010-06-17,77111900.0
2010-06-18,75921400.0
2010-06-21,95488100.0
2010-06-22,94493400.0
2010-06-23,92397600.0
2010-06-24,114145900.0
2010-06-25,88740300.0
2010-06-28,71350000.0
2010-06-29,136384200.0
2010-06-30,101313200.0
2010-07-01,158695000.0
2010-07-02,78565300.0
2010-07-06,88591900.0
2010-07-07,72448400.0
2010-07-08,78264600.0
2010-07-09,47851200.0
2010-07-12,60927500.0
2010-07-13,93310500.0
2010-07-14,87687100.0
2010-07-15,95992500.0
2010-07-16,98831900.0
2010-07-19,81800800.0
2010-07-20,89061200.0
2010-07-21,83577000.0
2010-07-22,82890300.0
2010-07-23,81056100.0
2010-07-26,64850900.0
2010-07-27,67655600.0
2010-07-28,51988200.0
2010-07-29,85669500.0
2010-07-30,98958100.0
2010-08-02,68706800.0
2010-08-03,60856600.0
2010-08-04,43820600.0
2010-08-05,39150200.0
2010-08-06,71339200.0
2010-08-09,26927600.0
2010-08-10,86694500.0
2010-08-11,92219700.0
2010-08-12,66000200.0
2010-08-13,46387300.0
2010-08-16,55472900.0
2010-08-17,56927100.0
2010-08-18,61835400.0
2010-08-19,82969500.0
2010-08-20,65806700.0
2010-08-23,69612200.0
2010-08-24,79095800.0
2010-08-25,87247900.0
2010-08-26,91199000.0
2010-08-27,109568800.0
2010-08-30,49373200.0
2010-08-31,72066900.0
2010-09-01,83523100.0
2010-09-02,41816800.0
2010-09-03,64041100.0
2010-09-07,51195200.0
2010-09-08,66879800.0
2010-09-09,61476400.0
2010-09-10,66995700.0
2010-09-13,64523400.0
2010-09-14,91405800.0
2010-09-15,67108200.0
2010-09-16,66885800.0
2010-09-17,76372600.0
2010-09-20,84475000.0
2010-09-21,82272000.0
2010-09-22,88315900.0
2010-09-23,85040000.0
2010-09-24,79495900.0
2010-09-27,43859800.0
2010-09-28,104922900.0
2010-09-29,81679200.0
2010-09-30,122458600.0
2010-10-01,77675400.0
2010-10-04,71359900.0
2010-10-05,99301300.0
2010-10-06,81831200.0
2010-10-07,75693300.0
2010-10-08,83223900.0
2010-10-11,46880000.0
2010-10-12,88571700.0
2010-10-13,71122900.0
2010-10-14,68464000.0
2010-10-15,104654000.0
2010-10-18,72399400.0
2010-10-19,105739800.0
2010-10-20,80861400.0
2010-10-21,85885400.0
2010-10-22,47406900.0
2010-10-25,51413900.0
2010-10-26,60498300.0
2010-10-27,57483400.0
2010-10-28,61220000.0
2010-10-29,46668700.0
2010-11-01,60555600.0
2010-11-02,48137500.0
2010-11-03,126225800.0
2010-11-04,84201000.0
2010-11-05,77937100.0
2010-11-08,39623500.0
2010-11-09,66828700.0
2010-11-10,83553700.0
2010-11-11,85163600.0
2010-11-12,99164300.0
2010-11-15,56723400.0
2010-11-16,101097000.0
2010-11-17,77836200.0
2010-11-18,71488300.0
2010-11-19,54506100.0
2010-11-22,69918900.0
2010-11-23,76818300.0
2010-11-24,53444200.0
2010-11-26,23640300.0
2010-11-29,89269100.0
2010-11-30,118862100.0
2010-12-01,81758800.0
2010-12-02,56844600.0
2010-12-03,38014200.0
2010-12-06,39312000.0
2010-12-07,59067300.0
2010-12-08,48066900.0
2010-12-09,51679800.0
2010-12-10,44696200.0
2010-12-13,53110200.0
2010-12-14,69884800.0
2010-12-15,76951900.0
2010-12-16,65519400.0
2010-12-17,36844200.0
2010-12-20,48159600.0
2010-12-21,35775400.0
2010-12-22,35766500.0
2010-12-23,21664800.0
2010-12-27,29263700.0
2010-12-28,24160500.0
2010-12-29,24132700.0
2010-12-30,27553300.0
2010-12-31,38540100.0
2011-01-03,90994300.0
2011-01-04,43851500.0
2011-01-05,43787400.0
2011-01-06,46139600.0
2011-01-07,72261700.0
2011-01-10,55551800.0
2011-01-11,56663800.0
2011-01-12,51979300.0
2011-01-13,47364500.0
2011-01-14,43867400.0
2011-01-18,65805600.0
2011-01-19,67767200.0
2011-01-20,92357800.0
2011-01-21,59673300.0
2011-01-24,64103300.0
2011-01-25,55305100.0
2011-01-26,60547700.0
2011-01-27,53656100.0
2011-01-28,123359900.0
2011-01-31,70571300.0
2011-02-01,76952900.0
2011-02-02,48661000.0
2011-02-03,45341900.0
2011-02-04,47647800.0
2011-02-07,45627100.0
2011-02-08,38099900.0
2011-02-09,62540800.0
2011-02-10,70194700.0
2011-02-11,47853500.0
2011-02-14,48506100.0
2011-02-15,39723800.0
2011-02-16,53061700.0
2011-02-17,38361900.0
2011-02-18,44334300.0
2011-02-22,92598100.0
2011-02-23,97842900.0
2011-02-24,98716100.0
2011-02-25,54094600.0
2011-02-28,51402800.0
2011-03-01,91993900.0
2011-03-02,61552900.0
2011-03-03,64146600.0
2011-03-04,62328400.0
2011-03-07,98470000.0
2011-03-08,62399100.0
2011-03-09,84764200.0
2011-03-10,102894400.0
2011-03-11,81679400.0
2011-03-14,73565800.0
2011-03-15,101276500.0
2011-03-16,176507700.0
2011-03-17,94434500.0
2011-03-18,94887200.0
2011-03-21,57423000.0
2011-03-22,36162100.0
2011-03-23,60365100.0
2011-03-24,69502400.0
2011-03-25,74131100.0
2011-03-28,37824000.0
2011-03-29,47994800.0
2011-03-30,44935900.0
2011-03-31,50004300.0
2011-04-01,68031800.0
2011-04-04,48659100.0
2011-04-05,55349400.0
2011-04-06,49532100.0
2011-04-07,60697000.0
2011-04-08,42782200.0
2011-04-11,42451700.0
2011-04-12,50422800.0
2011-04-13,49979800.0
2011-04-14,53544100.0
2011-04-15,68530000.0
2011-04-18,69065000.0
2011-04-19,38608400.0
2011-04-20,67397500.0
2011-04-21,43666800.0
2011-04-25,25376800.0
2011-04-26,49400000.0
2011-04-27,56465500.0
2011-04-28,48100000.0
2011-04-29,44831200.0
2011-05-02,48149400.0
2011-05-03,38100000.0
2011-05-04,53097200.0
2011-05-05,72200000.0
2011-05-06,72507000.0
2011-05-09,40022000.0
2011-05-10,38053600.0
2011-05-11,61900000.0
2011-05-12,66100000.0
2011-05-13,63506600.0
2011-05-16,73115300.0
2011-05-17,63136000.0
2011-05-18,42351100.0
2011-05-19,35015800.0
2011-05-20,44703300.0
2011-05-23,43700000.0
2011-05-24,39314800.0
2011-05-25,41369000.0
2011-05-26,40564100.0
2011-05-27,30127200.0
2011-05-31,47590100.0
2011-06-01,51795000.0
2011-06-02,50198100.0
2011-06-03,57773700.0
2011-06-06,50175600.0
2011-06-07,46311100.0
2011-06-08,46426400.0
2011-06-09,45307500.0
2011-06-10,53740600.0
2011-06-13,37736800.0
2011-06-14,40565300.0
2011-06-15,59022400.0
2011-06-16,66316200.0
2011-06-17,70337000.0
2011-06-20,37402900.0
2011-06-21,55892800.0
2011-06-22,36833300.0
2011-06-23,80743300.0
2011-06-24,56298300.0
2011-06-27,49968900.0
2011-06-28,47028800.0
2011-06-29,65407300.0
2011-06-30,50347200.0
2011-07-01,53203900.0
2011-07-05,43128800.0
2011-07-06,49282700.0
2011-07-07,54799800.0
2011-07-08,69519500.0
2011-07-11,52080800.0
2011-07-12,84000700.0
2011-07-13,82378100.0
2011-07-14,98774200.0
2011-07-15,68281500.0
2011-07-18,59512200.0
2011-07-19,73904600.0
2011-07-20,57085500.0
2011-07-21,70148800.0
2011-07-22,43620400.0
2011-07-25,48916100.0
2011-07-26,40918900.0
2011-07-27,83969500.0
2011-07-28,61031900.0
2011-07-29,82860500.0
2011-08-01,85421100.0
2011-08-02,90853300.0
2011-08-03,103612300.0
2011-08-04,132830000.0
2011-08-05,214111800.0
2011-08-08,204804500.0
2011-08-09,193707100.0
2011-08-10,205917900.0
2011-08-11,143825300.0
2011-08-12,90483300.0
2011-08-15,73554300.0
2011-08-16,89219200.0
2011-08-17,84416600.0
2011-08-18,130019400.0
2011-08-19,96674600.0
2011-08-22,77107700.0
2011-08-23,75688400.0
2011-08-24,80197700.0
2011-08-25,93623700.0
2011-08-26,91573300.0
2011-08-29,45985800.0
2011-08-30,61617900.0
2011-08-31,60900400.0
2011-09-01,57158400.0
2011-09-02,58185700.0
2011-09-06,52992200.0
2011-09-07,48952200.0
2011-09-08,61422800.0
2011-09-09,63663500.0
2011-09-12,65973000.0
2011-09-13,59020000.0
2011-09-14,90757300.0
2011-09-15,83536100.0
2011-09-16,91902100.0
2011-09-19,73042900.0
2011-09-20,66570100.0
2011-09-21,79938000.0
2011-09-22,151885500.0
2011-09-23,85940600.0
2011-09-26,96261400.0
2011-09-27,81148600.0
2011-09-28,76757100.0
2011-09-29,116900200.0
2011-09-30,104870100.0
2011-10-03,99149500.0
2011-10-04,137013700.0
2011-10-05,108825700.0
2011-10-06,71939200.0
2011-10-07,72525200.0
2011-10-10,48230200.0
2011-10-11,66449100.0
2011-10-12,85627600.0
2011-10-13,63443700.0
2011-10-14,65643600.0
2011-10-17,65161300.0
2011-10-18,91434600.0
2011-10-19,67639400.0
2011-10-20,80378300.0
2011-10-21,60455800.0
2011-10-24,61449500.0
2011-10-25,65299200.0
2011-10-26,98193800.0
2011-10-27,104455500.0
2011-10-28,42950000.0
2011-10-31,60520200.0
2011-11-01,99933000.0
2011-11-02,65003800.0
2011-11-03,78994200.0
2011-11-04,61527800.0
2011-11-07,65559000.0
2011-11-08,62906900.0
2011-11-09,69539000.0
2011-11-10,66052400.0
2011-11-11,54471000.0
2011-11-14,44617600.0
2011-11-15,52203900.0
2011-11-16,68342800.0
2011-11-17,101706900.0
2011-11-18,60417000.0
2011-11-21,52283700.0
2011-11-22,51940100.0
2011-11-23,48437300.0
2011-11-25,25448100.0
2011-11-28,46710700.0
2011-11-29,52056700.0
2011-11-30,66918600.0
2011-12-01,45362200.0
2011-12-02,36938900.0
2011-12-05,40492200.0
2011-12-06,38670000.0
2011-12-07,44576200.0
2011-12-08,51692600.0
2011-12-09,55757900.0
2011-12-12,55411700.0
2011-12-13,68557700.0
2011-12-14,63682800.0
2011-12-15,58732900.0
2011-12-16,60978900.0
2011-12-19,46733900.0
2011-12-20,81758800.0
2011-12-21,78552300.0
2011-12-22,40334100.0
2011-12-23,26594600.0
2011-12-27,21443500.0
2011-12-28,38180100.0
2011-12-29,28077900.0
2011-12-30,21832400.0
2012-01-03,39514100.0
2012-01-04,29403400.0
2012-01-05,41260600.0
2012-01-06,46325200.0
2012-01-09,39195500.0
2012-01-10,35949900.0
2012-01-11,37144100.0
2012-01-12,26188300.0
2012-01-13,35980400.0
2012-01-17,41790800.0
2012-01-18,48692700.0
2012-01-19,47774500.0
2012-01-20,41041700.0
2012-01-23,40958300.0
2012-01-24,38440200.0
2012-01-25,61591800.0
2012-01-26,37852700.0
2012-01-27,45532300.0
2012-01-30,42797800.0
2012-01-31,51449600.0
2012-02-01,46146700.0
2012-02-02,46373600.0
2012-02-03,36453800.0
2012-02-06,28541300.0
2012-02-07,37935700.0
2012-02-08,41171100.0
2012-02-09,46856400.0
2012-02-10,58090500.0
2012-02-13,36810200.0
2012-02-14,51648200.0
2012-02-15,105709100.0
2012-02-16,83642300.0
2012-02-17,76112300.0
2012-02-21,38141300.0
2012-02-22,43174700.0
2012-02-23,54250000.0
2012-02-24,41364900.0
2012-02-27,42678500.0
2012-02-28,43717500.0
2012-02-29,59784400.0
2012-03-01,67558900.0
2012-03-02,33358200.0
2012-03-05,45788800.0
2012-03-06,54638600.0
2012-03-07,42741800.0
2012-03-08,43711100.0
2012-03-09,43117200.0
2012-03-12,32687300.0
2012-03-13,61559100.0
2012-03-14,59926900.0
2012-03-15,65531200.0
2012-03-16,53023100.0
2012-03-19,60966200.0
2012-03-20,47290600.0
2012-03-21,39648100.0
2012-03-22,56953900.0
2012-03-23,45541700.0
2012-03-26,40855300.0
2012-03-27,37278200.0
2012-03-28,44421900.0
2012-03-29,53975300.0
2012-03-30,39480900.0
2012-04-02,40031600.0
2012-04-03,45539900.0
2012-04-04,54088100.0
2012-04-05,42979900.0
2012-04-09,36908200.0
2012-04-10,69254200.0
2012-04-11,62950000.0
2012-04-12,57407400.0
2012-04-13,55227500.0
2012-04-16,57588000.0
2012-04-17,47362400.0
2012-04-18,42536100.0
2012-04-19,81110900.0
2012-04-20,59906900.0
2012-04-23,70514400.0
2012-04-24,49661500.0
2012-04-25,57526900.0
2012-04-26,41799500.0
2012-04-27,46003800.0
2012-04-30,37787700.0
2012-05-01,37643800.0
2012-05-02,38299300.0
2012-05-03,51297600.0
2012-05-04,107554000.0
2012-05-07,50267800.0
2012-05-08,72659700.0
2012-05-09,85715300.0
2012-05-10,49448900.0
2012-05-11,47099900.0
2012-05-14,46360000.0
2012-05-15,66908600.0
2012-05-16,52825900.0
2012-05-17,62253900.0
2012-05-18,79496500.0
2012-05-21,61473000.0
2012-05-22,62954800.0
2012-05-23,56951100.0
2012-05-24,83131200.0
2012-05-25,32078900.0
2012-05-29,44216700.0
2012-05-30,56431800.0
2012-05-31,55260100.0
2012-06-01,71430800.0
2012-06-04,74119500.0
2012-06-05,47916900.0
2012-06-06,58781800.0
2012-06-07,38414800.0
2012-06-08,39730800.0
2012-06-11,51008900.0
2012-06-12,48802600.0
2012-06-13,50840100.0
2012-06-14,65170600.0
2012-06-15,41536100.0
2012-06-18,32191200.0
2012-06-19,36476500.0
2012-06-20,51389700.0
2012-06-21,42492700.0
2012-06-22,29504200.0
2012-06-25,33136400.0
2012-06-26,30611100.0
2012-06-27,35705800.0
2012-06-28,49793400.0
2012-06-29,44761300.0
2012-07-02,33425600.0
2012-07-03,15895100.0
2012-07-05,37016200.0
2012-07-06,40684100.0
2012-07-09,35628300.0
2012-07-10,47365700.0
2012-07-11,43432000.0
2012-07-12,57680400.0
2012-07-13,32357200.0
2012-07-16,27621400.0
2012-07-17,42467800.0
2012-07-18,44489700.0
2012-07-19,53017800.0
2012-07-20,40573100.0
2012-07-23,48657800.0
2012-07-24,57269700.0
2012-07-25,46264400.0
2012-07-26,41928200.0
2012-07-27,42621000.0
2012-07-30,37821300.0
2012-07-31,34588300.0
2012-08-01,30920200.0
2012-08-02,40534900.0
2012-08-03,42117400.0
2012-08-06,23523600.0
2012-08-07,28223300.0
2012-08-08,20723500.0
2012-08-09,20726200.0
2012-08-10,20312000.0
2012-08-13,19890300.0
2012-08-14,24218700.0
2012-08-15,29100400.0
2012-08-16,35699900.0
2012-08-17,22584800.0
2012-08-20,26924000.0
2012-08-21,41391000.0
2012-08-22,44555700.0
2012-08-23,28800400.0
2012-08-24,38384800.0
2012-08-27,20671400.0
2012-08-28,27337900.0
2012-08-29,26672400.0
2012-08-30,24425400.0
2012-08-31,42128000.0
2012-09-04,32017200.0
2012-09-05,26129300.0
2012-09-06,43100000.0
2012-09-07,32958600.0
2012-09-10,25490000.0
2012-09-11,29810100.0
2012-09-12,42203400.0
2012-09-13,45417800.0
2012-09-14,38880300.0
2012-09-17,31798400.0
2012-09-18,27169800.0
2012-09-19,36484600.0
2012-09-20,42520200.0
2012-09-21,23678500.0
2012-09-24,32341600.0
2012-09-25,41299600.0
2012-09-26,32770400.0
2012-09-27,25339500.0
2012-09-28,30112600.0
2012-10-01,37715300.0
2012-10-02,33254300.0
2012-10-03,38236000.0
2012-10-04,26128600.0
2012-10-05,25207900.0
2012-10-08,30911500.0
2012-10-09,67974000.0
2012-10-10,45134300.0
2012-10-11,30469400.0
2012-10-12,24891200.0
2012-10-15,22220100.0
2012-10-16,33960600.0
2012-10-17,33439400.0
2012-10-18,61707600.0
2012-10-19,75362600.0
2012-10-22,38621500.0
2012-10-23,52591200.0
2012-10-24,39872400.0
2012-10-25,52688700.0
2012-10-26,54213100.0
2012-10-31,38524500.0
2012-11-01,26945000.0
2012-11-02,44083000.0
2012-11-05,28094700.0
2012-11-06,29608400.0
2012-11-07,70737800.0
2012-11-08,58585800.0
2012-11-09,51542100.0
2012-11-12,32663700.0
2012-11-13,43288300.0
2012-11-14,82655300.0
2012-11-15,55124200.0
2012-11-16,70873100.0
2012-11-19,55306400.0
2012-11-20,52012700.0
2012-11-21,19611700.0
2012-11-23,16462900.0
2012-11-26,26430900.0
2012-11-27,25828600.0
2012-11-28,37295800.0
2012-11-29,41136100.0
2012-11-30,33497400.0
2012-12-03,28240000.0
2012-12-04,49584500.0
2012-12-05,54076200.0
2012-12-06,47512300.0
2012-12-07,30089400.0
2012-12-10,33219600.0
2012-12-11,40750800.0
2012-12-12,45917700.0
2012-12-13,45467700.0
2012-12-14,39630300.0
2012-12-17,42302900.0
2012-12-18,55596000.0
2012-12-19,34832500.0
2012-12-20,40754300.0
2012-12-21,51152900.0
2012-12-24,11418300.0
2012-12-26,21751300.0
2012-12-27,52933200.0
2012-12-28,33082100.0
2012-12-31,57544000.0
2013-01-02,70695900.0
2013-01-03,47366500.0
2013-01-04,33972500.0
2013-01-07,26766200.0
2013-01-08,28734900.0
2013-01-09,25600300.0
2013-01-10,37528000.0
2013-01-11,21158600.0
2013-01-14,36768500.0
2013-01-15,31675300.0
2013-01-16,33822300.0
2013-01-17,32024200.0
2013-01-18,31992000.0
2013-01-22,32123100.0
2013-01-23,31975700.0
2013-01-24,42596300.0
2013-01-25,39240100.0
2013-01-28,32926100.0
2013-01-29,35554700.0
2013-01-30,34445000.0
2013-01-31,34870500.0
2013-02-01,53120800.0
2013-02-04,48483700.0
2013-02-05,35120300.0
2013-02-06,43593200.0
2013-02-07,46017900.0
2013-02-08,39837200.0
2013-02-11,17650400.0
2013-02-12,22057900.0
2013-02-13,23494700.0
2013-02-14,24478800.0
2013-02-15,25333600.0
2013-02-19,23436500.0
2013-02-20,38200300.0
2013-02-21,45855600.0
2013-02-22,21968000.0
2013-02-25,40927600.0
2013-02-26,42088800.0
2013-02-27,36339500.0
2013-02-28,28557300.0
2013-03-01,31617200.0
2013-03-04,19380500.0
2013-03-05,35581900.0
2013-03-06,29071100.0
2013-03-07,21775900.0
2013-03-08,26159900.0
2013-03-11,23187900.0
2013-03-12,27575400.0
2013-03-13,34297300.0
2013-03-14,31530800.0
2013-03-15,30752600.0
2013-03-18,36163000.0
2013-03-19,33125100.0
2013-03-20,28035400.0
2013-03-21,30050800.0
2013-03-22,28837200.0
2013-03-25,24909800.0
2013-03-26,19725200.0
2013-03-27,22539500.0
2013-03-28,23662800.0
2013-04-01,28112800.0
2013-04-02,29431900.0
2013-04-03,35131200.0
2013-04-04,32287400.0
2013-04-05,55610800.0
2013-04-08,17891600.0
2013-04-09,30931400.0
2013-04-10,55271300.0
2013-04-11,37233600.0
2013-04-12,32783700.0
2013-04-15,48795800.0
2013-04-16,27682600.0
2013-04-17,60204800.0
2013-04-18,56798200.0
2013-04-19,43062800.0
2013-04-22,34412100.0
2013-04-23,53078300.0
2013-04-24,44500700.0
2013-04-25,26437100.0
2013-04-26,24079800.0
2013-04-29,31664000.0
2013-04-30,30135800.0
2013-05-01,28537200.0
2013-05-02,31744200.0
2013-05-03,34061700.0
2013-05-06,19244300.0
2013-05-07,25838100.0
2013-05-08,24252100.0
2013-05-09,29337200.0
2013-05-10,20663700.0
2013-05-13,29730100.0
2013-05-14,36009800.0
2013-05-15,27214400.0
2013-05-16,27253400.0
2013-05-17,31114500.0
2013-05-20,25132400.0
2013-05-21,25900000.0
2013-05-22,59843200.0
2013-05-23,48222100.0
2013-05-24,26430300.0
2013-05-28,27057100.0
2013-05-29,32090300.0
2013-05-30,32390500.0
2013-05-31,38347600.0
2013-06-03,47613100.0
2013-06-04,35251900.0
2013-06-05,48654200.0
2013-06-06,62524100.0
2013-06-07,31969800.0
2013-06-10,25390000.0
2013-06-11,40278900.0
2013-06-12,42081900.0
2013-06-13,28221500.0
2013-06-14,27690700.0
2013-06-17,32441900.0
2013-06-18,24853100.0
2013-06-19,43145100.0
2013-06-20,60908400.0
2013-06-21,51558900.0
2013-06-24,41492300.0
2013-06-25,28897400.0
2013-06-26,23742300.0
2013-06-27,23545000.0
2013-06-28,28301100.0
2013-07-01,24942800.0
2013-07-02,23067900.0
2013-07-03,18847500.0
2013-07-05,28795900.0
2013-07-08,20558500.0
2013-07-09,26108600.0
2013-07-10,25598900.0
2013-07-11,47768900.0
2013-07-12,31412600.0
2013-07-15,19783600.0
2013-07-16,31747100.0
2013-07-17,24631500.0
2013-07-18,36278800.0
2013-07-19,37732400.0
2013-07-22,21135900.0
2013-07-23,24739500.0
2013-07-24,24426900.0
2013-07-25,23162200.0
2013-07-26,20885600.0
2013-07-29,20958400.0
2013-07-30,24104600.0
2013-07-31,25007600.0
2013-08-01,16880000.0
2013-08-02,18105300.0
2013-08-05,15462800.0
2013-08-06,23675400.0
2013-08-07,20281200.0
2013-08-08,19994000.0
2013-08-09,18558500.0
2013-08-12,20515900.0
2013-08-13,23917000.0
2013-08-14,29921000.0
2013-08-15,39406600.0
2013-08-16,23825000.0
2013-08-19,29586900.0
2013-08-20,18842800.0
2013-08-21,30705100.0
2013-08-22,17269500.0
2013-08-23,20697300.0
2013-08-26,27525500.0
2013-08-27,40068900.0
2013-08-28,20490400.0
2013-08-29,27287900.0
2013-08-30,26228500.0
2013-09-03,27241500.0
2013-09-04,27142900.0
2013-09-05,17809700.0
2013-09-06,27715100.0
2013-09-09,25161900.0
2013-09-10,27619400.0
2013-09-11,28132900.0
2013-09-12,18332700.0
2013-09-13,16932500.0
2013-09-16,25704300.0
2013-09-17,27174300.0
2013-09-18,31714700.0
2013-09-19,26435700.0
2013-09-20,26328900.0
2013-09-23,30319400.0
2013-09-24,21871300.0
2013-09-25,22746400.0
2013-09-26,22421700.0
2013-09-27,25151600.0
2013-09-30,28031900.0
2013-10-01,33129700.0
2013-10-02,25503800.0
2013-10-03,42998200.0
2013-10-04,22852700.0
2013-10-07,20227100.0
2013-10-08,43660700.0
2013-10-09,64526700.0
2013-10-10,48062700.0
2013-10-11,25214100.0
2013-10-14,31471900.0
2013-10-15,38684000.0
2013-10-16,46735900.0
2013-10-17,32193500.0
2013-10-18,39628200.0
2013-10-21,31176900.0
2013-10-22,43944800.0
2013-10-23,38021300.0
2013-10-24,23155100.0
2013-10-25,35824500.0
2013-10-28,28618400.0
2013-10-29,36878100.0
2013-10-30,33535500.0
2013-10-31,31309900.0
2013-11-01,30867800.0
2013-11-04,16834000.0
2013-11-05,27975600.0
2013-11-06,25576800.0
2013-11-07,52173200.0
2013-11-08,31470500.0
2013-11-11,24822900.0
2013-11-12,20108500.0
2013-11-13,31345900.0
2013-11-14,31101200.0
2013-11-15,20511300.0
2013-11-18,31679600.0
2013-11-19,25545300.0
2013-11-20,32177400.0
2013-11-21,28125000.0
2013-11-22,25361300.0
2013-11-25,21695100.0
2013-11-26,26621000.0
2013-11-27,21638100.0
2013-11-29,16708900.0
2013-12-02,26354600.0
2013-12-03,37147000.0
2013-12-04,37193200.0
2013-12-05,39829300.0
2013-12-06,36842900.0
2013-12-09,22590000.0
2013-12-10,26965900.0
2013-12-11,36830600.0
2013-12-12,33662600.0
2013-12-13,34072000.0
2013-12-16,24902500.0
2013-12-17,24454900.0
2013-12-18,68387200.0
2013-12-19,44964100.0
2013-12-20,40475400.0
2013-12-23,28181800.0
2013-12-24,13852500.0
2013-12-26,15241100.0
2013-12-27,15827400.0
2013-12-30,18983700.0
2013-12-31,24890500.0
2014-01-02,29177500.0
2014-01-03,35723700.0
2014-01-06,32073100.0
2014-01-07,25860600.0
2014-01-08,27197400.0
2014-01-09,23674700.0
2014-01-10,38008900.0
2014-01-13,48842300.0
2014-01-14,37178900.0
2014-01-15,39835600.0
2014-01-16,31630100.0
2014-01-17,36895800.0
2014-01-21,26412700.0
2014-01-22,29376900.0
2014-01-23,35011900.0
2014-01-24,63974600.0
2014-01-27,63519300.0
2014-01-28,44378800.0
2014-01-29,51939300.0
2014-01-30,65833600.0
2014-01-31,45187000.0
2014-02-03,65596900.0
2014-02-04,37675500.0
2014-02-05,41721800.0
2014-02-06,32308600.0
2014-02-07,38359400.0
2014-02-10,30205400.0
2014-02-11,38635500.0
2014-02-12,32507200.0
2014-02-13,40454500.0
2014-02-14,33212400.0
2014-02-18,29546600.0
2014-02-19,41749900.0
2014-02-20,41814800.0
2014-02-21,31192200.0
2014-02-24,31500400.0
2014-02-25,26771700.0
2014-02-26,42953700.0
2014-02-27,28742400.0
2014-02-28,48609800.0
2014-03-03,38885700.0
2014-03-04,33189000.0
2014-03-05,27203300.0
2014-03-06,24063900.0
2014-03-07,31167800.0
2014-03-10,18131700.0
2014-03-11,27484300.0
2014-03-12,27977200.0
2014-03-13,48542000.0
2014-03-14,38732300.0
2014-03-17,28467200.0
2014-03-18,31250200.0
2014-03-19,40869400.0
2014-03-20,31634500.0
2014-03-21,62754000.0
2014-03-24,77735300.0
2014-03-25,41723300.0
2014-03-26,40930400.0
2014-03-27,64784500.0
2014-03-28,39895100.0
2014-03-31,33924300.0
2014-04-01,38683800.0
2014-04-02,34631600.0
2014-04-03,30319100.0
2014-04-04,131213200.0
2014-04-07,83995800.0
2014-04-08,51495700.0
2014-04-09,45685200.0
2014-04-10,73659600.0
2014-04-11,93657400.0
2014-04-14,46500700.0
2014-04-15,84631500.0
2014-04-16,46970900.0
2014-04-17,53719500.0
2014-04-21,25947900.0
2014-04-22,38593400.0
2014-04-23,34376700.0
2014-04-24,48926300.0
2014-04-25,44334000.0
2014-04-28,58623800.0
2014-04-29,36742700.0
2014-04-30,38689400.0
2014-05-01,37127200.0
2014-05-02,40074200.0
2014-05-05,27924400.0
2014-05-06,33698500.0
2014-05-07,67489100.0
2014-05-08,46556900.0
2014-05-09,35081500.0
2014-05-12,38951100.0
2014-05-13,30311900.0
2014-05-14,26483600.0
2014-05-15,59680300.0
2014-05-16,66804100.0
2014-05-19,32017000.0
2014-05-20,33716000.0
2014-05-21,36837700.0
2014-05-22,30617100.0
2014-05-23,22687300.0
2014-05-27,29725200.0
2014-05-28,30468100.0
2014-05-29,33036100.0
2014-05-30,29906400.0
2014-06-02,30409900.0
2014-06-03,21774500.0
2014-06-04,20118300.0
2014-06-05,35583100.0
2014-06-06,22680600.0
2014-06-09,23399500.0
2014-06-10,20626000.0
2014-06-11,22878200.0
2014-06-12,35275900.0
2014-06-13,39447100.0
2014-06-16,25212300.0
2014-06-17,19977900.0
2014-06-18,34514000.0
2014-06-19,38422200.0
2014-06-20,25897500.0
2014-06-23,20837900.0
2014-06-24,31945800.0
2014-06-25,32818600.0
2014-06-26,22563900.0
2014-06-27,22877800.0
2014-06-30,19751900.0
2014-07-01,31862500.0
2014-07-02,18777300.0
2014-07-03,15291700.0
2014-07-07,23266400.0
2014-07-08,40612400.0
2014-07-09,29919000.0
2014-07-10,44245300.0
2014-07-11,19566300.0
2014-07-14,19579000.0
2014-07-15,39467500.0
2014-07-16,22052600.0
2014-07-17,43111500.0
2014-07-18,36682200.0
2014-07-21,29750700.0
2014-07-22,25770400.0
2014-07-23,28947500.0
2014-07-24,24707200.0
2014-07-25,29898900.0
2014-07-28,25603400.0
2014-07-29,27022200.0
2014-07-30,35348500.0
2014-07-31,50047900.0
2014-08-01,60708000.0
2014-08-04,33230500.0
2014-08-05,50331100.0
2014-08-06,34431900.0
2014-08-07,33274700.0
2014-08-08,40236900.0
2014-08-11,28277500.0
2014-08-12,28152300.0
2014-08-13,27996500.0
2014-08-14,25006600.0
2014-08-15,55205500.0
2014-08-18,38938300.0
2014-08-19,21363400.0
2014-08-20,23435600.0
2014-08-21,19339500.0
2014-08-22,24692000.0
2014-08-25,24124700.0
2014-08-26,20100400.0
2014-08-27,15589100.0
2014-08-28,23563900.0
2014-08-29,17906300.0
2014-09-02,18326800.0
2014-09-03,25950700.0
2014-09-04,24663500.0
2014-09-05,30798200.0
2014-09-08,25571300.0
2014-09-09,36449200.0
2014-09-10,31080100.0
2014-09-11,28691900.0
2014-09-12,30444400.0
2014-09-15,32972200.0
2014-09-16,38166900.0
2014-09-17,37196500.0
2014-09-18,30196700.0
2014-09-19,46918000.0
2014-09-22,48658000.0
2014-09-23,33989600.0
2014-09-24,35959000.0
2014-09-25,68642500.0
2014-09-26,56106200.0
2014-09-29,33342700.0
2014-09-30,41834300.0
2014-10-01,58164900.0
2014-10-02,54501300.0
2014-10-03,41627800.0
2014-10-06,36038700.0
2014-10-07,45154000.0
2014-10-08,64931600.0
2014-10-09,62497100.0
2014-10-10,77579400.0
2014-10-13,80835900.0
2014-10-14,71814500.0
2014-10-15,108847800.0
2014-10-16,93165800.0
2014-10-17,69546700.0
2014-10-20,41479300.0
2014-10-21,53609800.0
2014-10-22,39178000.0
2014-10-23,48123800.0
2014-10-24,43157600.0
2014-10-27,29545700.0
2014-10-28,34495100.0
2014-10-29,40552800.0
2014-10-30,35935800.0
2014-10-31,54254100.0
2014-11-03,33481000.0
2014-11-04,22773300.0
2014-11-05,25818600.0
2014-11-06,24671900.0
2014-11-07,20931700.0
2014-11-10,20360000.0
2014-11-11,15454000.0
2014-11-12,22050300.0
2014-11-13,28027800.0
2014-11-14,19251300.0
2014-11-17,23361600.0
2014-11-18,26336800.0
2014-11-19,23760200.0
2014-11-20,22874000.0
2014-11-21,34049100.0
2014-11-24,17928300.0
2014-11-25,17526000.0
2014-11-26,18973800.0
2014-11-28,17360400.0
2014-12-01,35969500.0
2014-12-02,26031300.0
2014-12-03,32974300.0
2014-12-04,31008800.0
2014-12-05,25622200.0
2014-12-08,32685800.0
2014-12-09,46035100.0
2014-12-10,39330100.0
2014-12-11,47576000.0
2014-12-12,46889400.0
2014-12-15,52968400.0
2014-12-16,65348600.0
2014-12-17,79715300.0
2014-12-18,49840900.0
2014-12-19,51419900.0
2014-12-22,33869200.0
2014-12-23,30156900.0
2014-12-24,14291300.0
2014-12-26,13924300.0
2014-12-29,17073800.0
2014-12-30,18604000.0
2014-12-31,24367100.0
2015-01-02,31314600.0
2015-01-05,36521300.0
2015-01-06,66205500.0
2015-01-07,37577400.0
2015-01-08,40212600.0
2015-01-09,41410100.0
2015-01-12,34129800.0
2015-01-13,56162300.0
2015-01-14,51354200.0
2015-01-15,51005400.0
2015-01-16,35362200.0
2015-01-20,30964100.0
2015-01-21,40128800.0
2015-01-22,40887200.0
2015-01-23,34783000.0
2015-01-26,19960900.0
2015-01-27,45253200.0
2015-01-28,43591700.0
2015-01-29,46539700.0
2015-01-30,42927600.0
2015-02-02,43624700.0
2015-02-03,30750400.0
2015-02-04,34073200.0
2015-02-05,23605500.0
2015-02-06,34169300.0
2015-02-09,22604700.0
2015-02-10,23686500.0
2015-02-11,20303600.0
2015-02-12,22520300.0
2015-02-13,29030200.0
2015-02-17,17675300.0
2015-02-18,15149600.0
2015-02-19,19828100.0
2015-02-20,28336700.0
2015-02-23,17868000.0
2015-02-24,19745000.0
2015-02-25,19472300.0
2015-02-26,22255500.0
2015-02-27,27757600.0
2015-03-02,22988600.0
2015-03-03,20788900.0
2015-03-04,21007400.0
2015-03-05,15381000.0
2015-03-06,30990400.0
2015-03-09,26237100.0
2015-03-10,34234500.0
2015-03-11,25459700.0
2015-03-12,21473200.0
2015-03-13,42021100.0
2015-03-16,25674100.0
2015-03-17,19603800.0
2015-03-18,40622200.0
2015-03-19,31314000.0
2015-03-20,31761400.0
2015-03-23,17268500.0
2015-03-24,22445300.0
2015-03-25,41581400.0
2015-03-26,47846300.0
2015-03-27,33878400.0
2015-03-30,30570200.0
2015-03-31,30488100.0
2015-04-01,32970500.0
2015-04-02,19164200.0
2015-04-06,24451100.0
2015-04-07,19379400.0
2015-04-08,25866900.0
2015-04-09,23114700.0
2015-04-10,17164300.0
2015-04-13,17783500.0
2015-04-14,23755700.0
2015-04-15,21128600.0
2015-04-16,16195300.0
2015-04-17,46514000.0
2015-04-20,28945900.0
2015-04-21,22759800.0
2015-04-22,21429200.0
2015-04-23,29473200.0
2015-04-24,32508100.0
2015-04-27,31121300.0
2015-04-28,36849200.0
2015-04-29,34043900.0
2015-04-30,44080500.0
2015-05-01,32874300.0
2015-05-04,23507300.0
2015-05-05,47843300.0
2015-05-06,42687200.0
2015-05-07,29335800.0
2015-05-08,33023300.0
2015-05-11,19679300.0
2015-05-12,33665000.0
2015-05-13,20738400.0
2015-05-14,23904200.0
2015-05-15,23937400.0
2015-05-18,17631100.0
2015-05-19,14212900.0
2015-05-20,21131900.0
2015-05-21,16771800.0
2015-05-22,13543800.0
2015-05-26,25488400.0
2015-05-27,30572700.0
2015-05-28,17302400.0
2015-05-29,30383000.0
2015-06-01,24570200.0
2015-06-02,19449600.0
2015-06-03,20507200.0
2015-06-04,31374600.0
2015-06-05,22641700.0
2015-06-08,24549200.0
2015-06-09,27554600.0
2015-06-10,30297900.0
2015-06-11,17593500.0
2015-06-12,27201800.0
2015-06-15,31238800.0
2015-06-16,16456900.0
2015-06-17,23296700.0
2015-06-18,43032400.0
2015-06-19,27877600.0
2015-06-22,19120900.0
2015-06-23,18127900.0
2015-06-24,15815900.0
2015-06-25,18326700.0
2015-06-26,32311700.0
2015-06-29,50874900.0
2015-06-30,34809900.0
2015-07-01,21293000.0
2015-07-02,20499400.0
2015-07-06,24311000.0
2015-07-07,44230800.0
2015-07-08,39691500.0
2015-07-09,28381000.0
2015-07-10,26415800.0
2015-07-13,25780700.0
2015-07-14,21977200.0
2015-07-15,28631500.0
2015-07-16,29838900.0
2015-07-17,35926800.0
2015-07-20,26539000.0
2015-07-21,35468900.0
2015-07-22,35575000.0
2015-07-23,25698300.0
2015-07-24,30844700.0
2015-07-27,35994800.0
2015-07-28,33553500.0
2015-07-29,26714100.0
2015-07-30,25438100.0
2015-07-31,22081700.0
2015-08-03,25001800.0
2015-08-04,22132300.0
2015-08-05,28989900.0
2015-08-06,42125400.0
2015-08-07,30006800.0
2015-08-10,21500800.0
2015-08-11,36123300.0
2015-08-12,41889000.0
2015-08-13,22510500.0
2015-08-14,17924900.0
2015-08-17,21224900.0
2015-08-18,13984400.0
2015-08-19,42511400.0
2015-08-20,57747300.0
2015-08-21,97763400.0
2015-08-24,150829900.0
2015-08-25,75088300.0
2015-08-26,104103800.0
2015-08-27,69377700.0
2015-08-28,49919600.0
2015-08-31,39549400.0
2015-09-01,73155500.0
2015-09-02,43963600.0
2015-09-03,45131800.0
2015-09-04,49379600.0
2015-09-08,37343500.0
2015-09-09,47146700.0
2015-09-10,47686700.0
2015-09-11,29106100.0
2015-09-14,19718800.0
2015-09-15,30020200.0
2015-09-16,31329100.0
2015-09-17,56139800.0
2015-09-18,48384000.0
2015-09-21,35772600.0
2015-09-22,47359700.0
2015-09-23,21775100.0
2015-09-24,38284300.0
2015-09-25,44700000.0
2015-09-28,44077500.0
2015-09-29,49315500.0
2015-09-30,41411400.0
2015-10-01,39339100.0
2015-10-02,59370900.0
2015-10-05,32853500.0
2015-10-06,33051500.0
2015-10-07,37389300.0
2015-10-08,50188900.0
2015-10-09,23916200.0
2015-10-12,16162000.0
2015-10-13,26999600.0
2015-10-14,30902600.0
2015-10-15,38393800.0
2015-10-16,27091100.0
2015-10-19,23776300.0
2015-10-20,23404700.0
2015-10-21,30195200.0
2015-10-22,42778700.0
2015-10-23,53170900.0
2015-10-26,25918000.0
2015-10-27,31390500.0
2015-10-28,42221900.0
2015-10-29,24913300.0
2015-10-30,27199200.0
2015-11-02,22176900.0
2015-11-03,20418400.0
2015-11-04,28633000.0
2015-11-05,25004100.0
2015-11-06,29924900.0
2015-11-09,33479800.0
2015-11-10,35452100.0
2015-11-11,22748800.0
2015-11-12,31196900.0
2015-11-13,52836000.0
2015-11-16,33980600.0
2015-11-17,30579500.0
2015-11-18,32966500.0
2015-11-19,26188100.0
2015-11-20,22727600.0
2015-11-23,20696200.0
2015-11-24,26374400.0
2015-11-25,14159900.0
2015-11-27,8828000.0
2015-11-30,25041600.0
2015-12-01,28639400.0
2015-12-02,22395500.0
2015-12-03,42754300.0
2015-12-04,40037300.0
2015-12-07,25892100.0
2015-12-08,30792600.0
2015-12-09,48509200.0
2015-12-10,30154600.0
2015-12-11,56022200.0
2015-12-14,53098500.0
2015-12-15,48428000.0
2015-12-16,44944100.0
2015-12-17,45668800.0
2015-12-18,53746100.0
2015-12-21,26432800.0
2015-12-22,26540300.0
2015-12-23,25656900.0
2015-12-24,11468600.0
2015-12-28,19183600.0
2015-12-29,27725700.0
2015-12-30,19520100.0
2015-12-31,29886800.0
2016-01-04,50807600.0
2016-01-05,38795200.0
2016-01-06,41891100.0
2016-01-07,61386300.0
2016-01-08,69344000.0
2016-01-11,50024100.0
2016-01-12,46734200.0
2016-01-13,69870700.0
2016-01-14,78445700.0
2016-01-15,91443900.0
2016-01-19,56563800.0
2016-01-20,86675000.0
2016-01-21,61660100.0
2016-01-22,42229800.0
2016-01-25,38881500.0
2016-01-26,36143900.0
2016-01-27,54524700.0
2016-01-28,47641500.0
2016-01-29,54245100.0
2016-02-01,32750300.0
2016-02-02,44928100.0
2016-02-03,61572900.0
2016-02-04,49321600.0
2016-02-05,70749900.0
2016-02-08,91673100.0
2016-02-09,73778400.0
2016-02-10,59421700.0
2016-02-11,76839200.0
2016-02-12,49186500.0
2016-02-16,40565900.0
2016-02-17,41766500.0
2016-02-18,38991500.0
2016-02-19,28257900.0
2016-02-22,23979100.0
2016-02-23,29869700.0
2016-02-24,40739100.0
2016-02-25,29389300.0
2016-02-26,30925000.0
2016-02-29,27553900.0
2016-03-01,37699800.0
2016-03-02,29209800.0
2016-03-03,25474600.0
2016-03-04,31655400.0
2016-03-07,25861200.0
2016-03-08,28898500.0
2016-03-09,31047400.0
2016-03-10,44236100.0
2016-03-11,31454000.0
2016-03-14,25374900.0
2016-03-15,26524600.0
2016-03-16,31693100.0
2016-03-17,29623700.0
2016-03-18,37682300.0
2016-03-21,17288600.0
2016-03-22,18840300.0
2016-03-23,20912900.0
2016-03-24,19017300.0
2016-03-28,13892300.0
2016-03-29,29963900.0
2016-03-30,23807200.0
2016-03-31,21447200.0
2016-04-01,26389000.0
2016-04-04,17163000.0
2016-04-05,20107900.0
2016-04-06,25056000.0
2016-04-07,28567200.0
2016-04-08,22898000.0
2016-04-11,25772100.0
2016-04-12,28564100.0
2016-04-13,25356700.0
2016-04-14,17199700.0
2016-04-15,21353300.0
2016-04-18,17126100.0
2016-04-19,42481400.0
2016-04-20,18078300.0
2016-04-21,20216000.0
2016-04-22,39074000.0
2016-04-25,14351900.0
2016-04-26,19118300.0
2016-04-27,33059800.0
2016-04-28,29818200.0
2016-04-29,67502800.0
2016-05-02,24813800.0
2016-05-03,38569400.0
2016-05-04,27474500.0
2016-05-05,20788100.0
2016-05-06,30758500.0
2016-05-09,19289600.0
2016-05-10,21178900.0
2016-05-11,20966300.0
2016-05-12,29196300.0
2016-05-13,21059300.0
2016-05-16,18311900.0
2016-05-17,29932700.0
2016-05-18,27524400.0
2016-05-19,27334600.0
2016-05-20,29549600.0
2016-05-23,15729800.0
2016-05-24,29931300.0
2016-05-25,37951700.0
2016-05-26,21885900.0
2016-05-27,19870000.0
2016-05-31,24366100.0
2016-06-01,19571500.0
2016-06-02,15696600.0
2016-06-03,20269900.0
2016-06-06,12502400.0
2016-06-07,12184300.0
2016-06-08,14568700.0
2016-06-09,17571600.0
2016-06-10,32965000.0
2016-06-13,25154700.0
2016-06-14,24588500.0
2016-06-15,24605700.0
2016-06-16,32079900.0
2016-06-17,29208800.0
2016-06-20,20562800.0
2016-06-21,22804100.0
2016-06-22,22724200.0
2016-06-23,18714200.0
2016-06-24,68012700.0
2016-06-27,48222600.0
2016-06-28,28260600.0
2016-06-29,31356700.0
2016-06-30,36300800.0
2016-07-01,19902800.0
2016-07-05,21167900.0
2016-07-06,24579300.0
2016-07-07,19161700.0
2016-07-08,29457900.0
2016-07-11,20218500.0
2016-07-12,21906100.0
2016-07-13,21107800.0
2016-07-14,20871000.0
2016-07-15,17999300.0
2016-07-18,20713900.0
2016-07-19,18936700.0
2016-07-20,24997900.0
2016-07-21,18885400.0
2016-07-22,20003400.0
2016-07-25,12968100.0
2016-07-26,21223800.0
2016-07-27,27646100.0
2016-07-28,16939700.0
2016-07-29,22385300.0
2016-08-01,13990100.0
2016-08-02,21278400.0
2016-08-03,15011300.0
2016-08-04,12835300.0
2016-08-05,23196600.0
2016-08-08,12358200.0
2016-08-09,13276500.0
2016-08-10,14688400.0
2016-08-11,12969800.0
2016-08-12,19379000.0
2016-08-15,11777800.0
2016-08-16,14161400.0
2016-08-17,15980300.0
2016-08-18,10036300.0
2016-08-19,18743000.0
2016-08-22,14500600.0
2016-08-23,11997900.0
2016-08-24,17728700.0
2016-08-25,24266300.0
2016-08-26,23896000.0
2016-08-29,11184900.0
2016-08-30,19843300.0
2016-08-31,16169800.0
2016-09-01,20944700.0
2016-09-02,18088200.0
2016-09-06,18525200.0
2016-09-07,17546900.0
2016-09-08,20125300.0
2016-09-09,50813300.0
2016-09-12,39646000.0
2016-09-13,45863900.0
2016-09-14,28221800.0
2016-09-15,38521400.0
2016-09-16,27596500.0
2016-09-19,16222900.0
2016-09-20,18078600.0
2016-09-21,31546800.0
2016-09-22,22614400.0
2016-09-23,22213400.0
2016-09-26,16403900.0
2016-09-27,20238400.0
2016-09-28,14794300.0
2016-09-29,27207500.0
2016-09-30,25543200.0
2016-10-03,19216400.0
2016-10-04,21239700.0
2016-10-05,14481300.0
2016-10-06,11987100.0
2016-10-07,19984200.0
2016-10-10,19687300.0
2016-10-11,27774400.0
2016-10-12,14267800.0
2016-10-13,22821000.0
2016-10-14,21313300.0
2016-10-17,14182700.0
2016-10-18,19276700.0
2016-10-19,13702900.0
2016-10-20,18132200.0
2016-10-21,15707800.0
2016-10-24,19143000.0
2016-10-25,20341800.0
2016-10-26,20463700.0
2016-10-27,19099800.0
2016-10-28,35369300.0
2016-10-31,18749400.0
2016-11-01,23498700.0
2016-11-02,26960100.0
2016-11-03,36205200.0
2016-11-04,26997500.0
2016-11-07,26591200.0
2016-11-08,20777900.0
2016-11-09,70234400.0
2016-11-10,72825400.0
2016-11-11,41115200.0
2016-11-14,35906000.0
2016-11-15,31796600.0
2016-11-16,16538100.0
2016-11-17,20598600.0
2016-11-18,16428700.0
2016-11-21,20268500.0
2016-11-22,18850600.0
2016-11-23,22926000.0
2016-11-25,7162800.0
2016-11-28,13479000.0
2016-11-29,18553000.0
2016-11-30,30405300.0
2016-12-01,39796600.0
2016-12-02,32876800.0
2016-12-05,21419700.0
2016-12-06,27293300.0
2016-12-07,26622400.0
2016-12-08,18578400.0
2016-12-09,21863100.0
2016-12-12,23259300.0
2016-12-13,54477900.0
2016-12-14,28746000.0
2016-12-15,22762300.0
2016-12-16,26283900.0
2016-12-19,21138700.0
2016-12-20,11461800.0
2016-12-21,7079300.0
2016-12-22,16645000.0
2016-12-23,9007500.0
2016-12-27,16110600.0
2016-12-28,17975200.0
2016-12-29,13267500.0
2016-12-30,41749000.0
2017-01-03,22307600.0
2017-01-04,19749100.0
2017-01-05,20644300.0
2017-01-06,24074300.0
2017-01-09,18909200.0
2017-01-10,16176600.0
2017-01-11,20686000.0
2017-01-12,19622500.0
2017-01-13,16930800.0
2017-01-17,14538500.0
2017-01-18,12499700.0
2017-01-19,12710700.0
2017-01-20,22091000.0
2017-01-23,17434200.0
2017-01-24,17640900.0
2017-01-25,15036200.0
2017-01-26,16052200.0
2017-01-27,15053000.0
2017-01-30,25006700.0
2017-01-31,19091100.0
2017-02-01,22861900.0
2017-02-02,15101400.0
2017-02-03,16957200.0
2017-02-06,11630100.0
2017-02-07,17541100.0
2017-02-08,12569100.0
2017-02-09,17542700.0
2017-02-10,13915700.0
2017-02-13,19120200.0
2017-02-14,16333500.0
2017-02-15,17891400.0
2017-02-16,15098300.0
2017-02-17,15563700.0
2017-02-21,18479600.0
2017-02-22,12110900.0
2017-02-23,17489000.0
2017-02-24,18624500.0
2017-02-27,12008700.0
2017-02-28,16598600.0
2017-03-01,25813800.0
2017-03-02,19951400.0
2017-03-03,13722700.0
2017-03-06,12026200.0
2017-03-07,15500900.0
2017-03-08,15776000.0
2017-03-09,20855300.0
2017-03-10,21922600.0
2017-03-13,10731600.0
2017-03-14,14019700.0
2017-03-15,22709100.0
2017-03-16,18457300.0
2017-03-17,21234500.0
2017-03-20,10105200.0
2017-03-21,35841900.0
2017-03-22,29177900.0
2017-03-23,20311700.0
2017-03-24,22967600.0
2017-03-27,18472400.0
2017-03-28,23721900.0
2017-03-29,13710000.0
2017-03-30,16092400.0
2017-03-31,19841400.0
2017-04-03,23700300.0
2017-04-04,13400000.0
2017-04-05,32011200.0
2017-04-06,18832200.0
2017-04-07,16743100.0
2017-04-10,15619300.0
2017-04-11,33778400.0
2017-04-12,15955200.0
2017-04-13,23683000.0
2017-04-17,13325500.0
2017-04-18,12841100.0
2017-04-19,17764800.0
2017-04-20,21977900.0
2017-04-21,22454900.0
2017-04-24,22469900.0
2017-04-25,19384400.0
2017-04-26,25398500.0
2017-04-27,16136500.0
2017-04-28,22771900.0
2017-05-01,24815500.0
2017-05-02,18345100.0
2017-05-03,23827600.0
2017-05-04,14630100.0
2017-05-05,19330700.0
2017-05-08,13279900.0
2017-05-09,28426100.0
2017-05-10,20499400.0
2017-05-11,27232100.0
2017-05-12,19738600.0
2017-05-15,20481300.0
2017-05-16,21786000.0
2017-05-17,55642200.0
2017-05-18,41319900.0
2017-05-19,36730100.0
2017-05-22,19509700.0
2017-05-23,19687500.0
2017-05-24,15891900.0
2017-05-25,23928600.0
2017-05-26,13851600.0
2017-05-30,20306400.0
2017-05-31,33229400.0
2017-06-01,20120700.0
2017-06-02,37222900.0
2017-06-05,15727500.0
2017-06-06,22393000.0
2017-06-07,18842400.0
2017-06-08,25417400.0
2017-06-09,109783700.0
2017-06-12,104454000.0
2017-06-13,51193000.0
2017-06-14,60093800.0
2017-06-15,55145200.0
2017-06-16,48087400.0
2017-06-19,39626500.0
2017-06-20,40935100.0
2017-06-21,35743400.0
2017-06-22,24099100.0
2017-06-23,21654300.0
2017-06-26,34411100.0
2017-06-27,65957800.0
2017-06-28,57427200.0
2017-06-29,88769400.0
2017-06-30,68898300.0
2017-07-03,32797000.0
2017-07-05,42116600.0
2017-07-06,48430500.0
2017-07-07,36970400.0
2017-07-10,24853500.0
2017-07-11,31517700.0
2017-07-12,36045800.0
2017-07-13,31073600.0
2017-07-14,34544800.0
2017-07-17,25343200.0
2017-07-18,25748500.0
2017-07-19,33752300.0
2017-07-20,36139400.0
2017-07-21,39697100.0
2017-07-24,26712700.0
2017-07-25,28120900.0
2017-07-26,18610600.0
2017-07-27,80665900.0
2017-07-28,38013200.0
2017-07-31,33848600.0
2017-08-01,20149400.0
2017-08-02,41769700.0
2017-08-03,27112800.0
2017-08-04,29472900.0
2017-08-07,17933900.0
2017-08-08,30810400.0
2017-08-09,36169500.0
2017-08-10,63331700.0
2017-08-11,45862500.0
2017-08-14,34161000.0
2017-08-15,25509200.0
2017-08-16,31913000.0
2017-08-17,70191000.0
2017-08-18,60751900.0
2017-08-21,37111500.0
2017-08-22,36294200.0
2017-08-23,25702300.0
2017-08-24,38160800.0
2017-08-25,26380400.0
2017-08-28,15362100.0
2017-08-29,24498300.0
2017-08-30,33642700.0
2017-08-31,38480700.0
2017-09-01,22293600.0
2017-09-05,44794300.0
2017-09-06,30722700.0
2017-09-07,22721100.0
2017-09-08,27890100.0
2017-09-11,27126300.0
2017-09-12,30256700.0
2017-09-13,28450900.0
2017-09-14,35296400.0
2017-09-15,46422400.0
2017-09-18,24858200.0
2017-09-19,20871200.0
2017-09-20,34236200.0
2017-09-21,28841800.0
2017-09-22,21702400.0
2017-09-25,54947700.0
2017-09-26,29628800.0
2017-09-27,33249400.0
2017-09-28,24149400.0
2017-09-29,43102400.0
2017-10-02,27351300.0
2017-10-03,19715200.0
2017-10-04,26381100.0
2017-10-05,31562400.0
2017-10-06,23561100.0
2017-10-09,13704800.0
2017-10-10,19223100.0
2017-10-11,12439100.0
2017-10-12,14513500.0
2017-10-13,18409900.0
2017-10-16,21809400.0
2017-10-17,13138200.0
2017-10-18,17218200.0
2017-10-19,27680300.0
2017-10-20,30173300.0
2017-10-23,29297100.0
2017-10-24,20289500.0
2017-10-25,36179100.0
2017-10-26,28230200.0
2017-10-27,60165100.0
2017-10-30,31733400.0
2017-10-31,26319300.0
2017-11-01,29481600.0
2017-11-02,31017400.0
2017-11-03,26199200.0
2017-11-06,28693900.0
2017-11-07,21333100.0
2017-11-08,17373500.0
2017-11-09,40594500.0
2017-11-10,20150800.0
2017-11-13,12522400.0
2017-11-14,25173800.0
2017-11-15,24808000.0
2017-11-16,34790600.0
2017-11-17,28725800.0
2017-11-20,21143900.0
2017-11-21,20147800.0
2017-11-22,17299000.0
2017-11-24,8280600.0
2017-11-27,22653400.0
2017-11-28,25227300.0
2017-11-29,71986300.0
2017-11-30,56595500.0
2017-12-01,59015800.0
2017-12-04,51319100.0
2017-12-05,40604200.0
2017-12-06,28647800.0
2017-12-07,32666200.0
2017-12-08,28081700.0
2017-12-11,20821500.0
2017-12-12,20310300.0
2017-12-13,24418500.0
2017-12-14,24594700.0
2017-12-15,49816200.0
2017-12-18,26844500.0
2017-12-19,31415000.0
2017-12-20,38972600.0
2017-12-21,18638700.0
2017-12-22,23330400.0
2017-12-26,21918700.0
2017-12-27,22388200.0
2017-12-28,25393800.0
2017-12-29,33186000.0
2018-01-02,32573300.0
2018-01-03,29383600.0
2018-01-04,24776100.0
2018-01-05,26992300.0
2018-01-08,23159100.0
2018-01-09,24782400.0
2018-01-10,34004000.0
2018-01-11,20473500.0
2018-01-12,37762700.0
2018-01-16,41231800.0
2018-01-17,33849900.0
2018-01-18,26432200.0
2018-01-19,38937600.0
2018-01-22,26081400.0
2018-01-23,37989700.0
2018-01-24,54287400.0
2018-01-25,28925000.0
2018-01-26,32038200.0
2018-01-29,37277800.0
2018-01-30,44987700.0
2018-01-31,42449200.0
2018-02-01,38037900.0
2018-02-02,68478100.0
2018-02-05,105372200.0
2018-02-06,118537900.0
2018-02-07,91028300.0
2018-02-08,94184800.0
2018-02-09,113836600.0
2018-02-12,63050600.0
2018-02-13,31785600.0
2018-02-14,52107400.0
2018-02-15,51633900.0
2018-02-16,62256300.0
2018-02-20,36785600.0
2018-02-21,41161800.0
2018-02-22,37074400.0
2018-02-23,50096900.0
2018-02-26,39266700.0
2018-02-27,42209900.0
2018-02-28,42936300.0
2018-03-01,76809900.0
2018-03-02,57445100.0
2018-03-05,38540200.0
2018-03-06,29480900.0
2018-03-07,34609400.0
2018-03-08,25828400.0
2018-03-09,38310500.0
2018-03-12,37635000.0
2018-03-13,55638900.0
2018-03-14,40536400.0
2018-03-15,28810400.0
2018-03-16,31176700.0
2018-03-19,71395100.0
2018-03-20,34075700.0
2018-03-21,43863500.0
2018-03-22,66607300.0
2018-03-23,80110400.0
2018-03-26,57481500.0
2018-03-27,78889100.0
2018-03-28,89369700.0
2018-03-29,68692600.0
2018-04-02,85549400.0
2018-04-03,64090000.0
2018-04-04,65768700.0
2018-04-05,43054900.0
2018-04-06,59870900.0
2018-04-09,41810400.0
2018-04-10,48296800.0
2018-04-11,41622100.0
2018-04-12,30467900.0
2018-04-13,44604900.0
2018-04-16,28180800.0
2018-04-17,35536100.0
2018-04-18,29573900.0
2018-04-19,34705700.0
2018-04-20,49197100.0
2018-04-23,33040600.0
2018-04-24,70256800.0
2018-04-25,52089300.0
2018-04-26,43005500.0
2018-04-27,51043400.0
2018-04-30,35615300.0
2018-05-01,36513500.0
2018-05-02,38646800.0
2018-05-03,60337100.0
2018-05-04,41543200.0
2018-05-07,32500200.0
2018-05-08,26040200.0
2018-05-09,29122700.0
2018-05-10,27067600.0
2018-05-11,24688800.0
2018-05-14,21821700.0
2018-05-15,49361600.0
2018-05-16,22941200.0
2018-05-17,27480200.0
2018-05-18,26217900.0
2018-05-21,22954600.0
2018-05-22,19477700.0
2018-05-23,26557800.0
2018-05-24,27696500.0
2018-05-25,27460500.0
2018-05-29,41220500.0
2018-05-30,22665800.0
2018-05-31,35670900.0
2018-06-01,45543300.0
2018-06-04,20459600.0
2018-06-05,24779300.0
2018-06-06,25036600.0
2018-06-07,39600300.0
2018-06-08,31780300.0
2018-06-11,22319700.0
2018-06-12,22511800.0
2018-06-13,37858600.0
2018-06-14,35916000.0
2018-06-15,49615700.0
2018-06-18,31633200.0
2018-06-19,38236000.0
2018-06-20,33038000.0
2018-06-21,43469400.0
2018-06-22,30073200.0
2018-06-25,77799700.0
2018-06-26,39008100.0
2018-06-27,52843500.0
2018-06-28,46407700.0
2018-06-29,36408500.0
2018-07-02,31770000.0
2018-07-03,25512700.0
2018-07-05,31626200.0
2018-07-06,37005600.0
2018-07-09,27362100.0
2018-07-10,23902500.0
2018-07-11,30280600.0
2018-07-12,27930100.0
2018-07-13,28049800.0
2018-07-16,21405300.0
2018-07-17,31034100.0
2018-07-18,23220800.0
2018-07-19,31094100.0
2018-07-20,35897300.0
2018-07-23,22184700.0
2018-07-24,36900300.0
2018-07-25,35026600.0
2018-07-26,40873500.0
2018-07-27,59456100.0
2018-07-30,60193000.0
2018-07-31,47285100.0
2018-08-01,37101900.0
2018-08-02,47178200.0
2018-08-03,28934400.0
2018-08-06,24808800.0
2018-08-07,29895700.0
2018-08-08,22680700.0
2018-08-09,18852900.0
2018-08-10,33818500.0
2018-08-13,26089200.0
2018-08-14,20913000.0
2018-08-15,58528000.0
2018-08-16,27711800.0
2018-08-17,36092600.0
2018-08-20,24939000.0
2018-08-21,26258700.0
2018-08-22,18042400.0
2018-08-23,25776200.0
2018-08-24,23136100.0
2018-08-27,29343600.0
2018-08-28,20277000.0
2018-08-29,29175600.0
2018-08-30,29315500.0
2018-08-31,28653200.0
2018-09-04,29063500.0
2018-09-05,42623300.0
2018-09-06,46091400.0
2018-09-07,46629500.0
2018-09-10,26132000.0
2018-09-11,30116500.0
2018-09-12,36204000.0
2018-09-13,31133200.0
2018-09-14,31224100.0
2018-09-17,33071200.0
2018-09-18,31877300.0
2018-09-19,31843400.0
2018-09-20,33295800.0
2018-09-21,38605400.0
2018-09-24,34945600.0
2018-09-25,25277500.0
2018-09-26,36210600.0
2018-09-27,33113300.0
2018-09-28,28076800.0
2018-10-01,27371300.0
2018-10-02,25618600.0
2018-10-03,29128700.0
2018-10-04,80557300.0
2018-10-05,83325600.0
2018-10-08,66864500.0
2018-10-09,49097900.0
2018-10-10,114471100.0
2018-10-11,143084500.0
2018-10-12,102078400.0
2018-10-15,64885300.0
2018-10-16,71979700.0
2018-10-17,66987600.0
2018-10-18,82486200.0
2018-10-19,82923700.0
2018-10-22,52909300.0
2018-10-23,77567000.0
2018-10-24,102997400.0
2018-10-25,83481100.0
2018-10-26,130970900.0
2018-10-29,111871900.0
2018-10-30,92584000.0
2018-10-31,73828600.0
2018-11-01,52706800.0
2018-11-02,75966800.0
2018-11-05,39573500.0
2018-11-06,34410400.0
2018-11-07,51169600.0
2018-11-08,40296500.0
2018-11-09,50602700.0
2018-11-12,62578400.0
2018-11-13,64128100.0
2018-11-14,75270700.0
2018-11-15,73254300.0
2018-11-16,65390700.0
2018-11-19,67280500.0
2018-11-20,102652800.0
2018-11-21,42965800.0
2018-11-23,23503700.0
2018-11-26,42012600.0
2018-11-27,36608100.0
2018-11-28,70141000.0
2018-11-29,44885700.0
2018-11-30,36722800.0
2018-12-03,50771700.0
2018-12-04,70594700.0
2018-12-06,71715500.0
2018-12-07,80432200.0
2018-12-10,73960800.0
2018-12-11,59058300.0
2018-12-12,53780000.0
2018-12-13,46378500.0
2018-12-14,56547400.0
2018-12-17,74834100.0
2018-12-18,63642100.0
2018-12-19,81856500.0
2018-12-20,99002100.0
2018-12-21,141129400.0
2018-12-24,56163300.0
2018-12-26,98982100.0
2018-12-27,85824300.0
2018-12-28,77856600.0
2018-12-31,53015300.0
2019-01-02,58576700.0
2019-01-03,74820200.0
2019-01-04,74709300.0
2019-01-07,52059300.0
2019-01-08,49388700.0
2019-01-09,46491700.0
2019-01-10,38943400.0
2019-01-11,30176600.0
2019-01-14,30710200.0
2019-01-15,40874200.0
2019-01-16,33812200.0
2019-01-17,39329000.0
2019-01-18,57183200.0
2019-01-22,56711700.0
2019-01-23,38106100.0
2019-01-24,32417800.0
2019-01-25,36515900.0
2019-01-28,33491200.0
2019-01-29,30784200.0
2019-01-30,41346500.0
2019-01-31,37258400.0
2019-02-01,32143700.0
2019-02-04,26718800.0
2019-02-05,28156400.0
2019-02-06,27970000.0
2019-02-07,42036200.0
2019-02-08,29020700.0
2019-02-11,21434100.0
2019-02-12,29722100.0
2019-02-13,26094100.0
2019-02-14,30326800.0
2019-02-15,32521700.0
2019-02-19,19487700.0
2019-02-20,32593000.0
2019-02-21,25207400.0
2019-02-22,27735400.0
2019-02-25,32608800.0
2019-02-26,21939700.0
2019-02-27,25162000.0
2019-02-28,25085500.0
2019-03-01,31431200.0
2019-03-04,38063500.0
2019-03-05,22319900.0
2019-03-06,27194600.0
2019-03-07,39407400.0
2019-03-08,39303200.0
2019-03-11,30518400.0
2019-03-12,33953500.0
2019-03-13,42426100.0
2019-03-14,23751500.0
2019-03-15,38192000.0
2019-03-18,32935100.0
2019-03-19,36893300.0
2019-03-20,50105000.0
2019-03-21,42428500.0
2019-03-22,70794500.0
2019-03-25,46336500.0
2019-03-26,33248100.0
2019-03-27,37096700.0
2019-03-28,30368200.0
2019-03-29,35205500.0
2019-04-01,30969500.0
2019-04-02,22645200.0
2019-04-03,31633500.0
2019-04-04,28530800.0
2019-04-05,25674700.0
2019-04-08,22697500.0
2019-04-09,25631900.0
2019-04-10,24563000.0
2019-04-11,20654100.0
2019-04-12,24989100.0
2019-04-15,21073000.0
2019-04-16,27195700.0
2019-04-17,29651600.0
2019-04-18,28580900.0
2019-04-22,17936000.0
2019-04-23,33665600.0
2019-04-24,24977100.0
2019-04-25,29517500.0
2019-04-26,26359500.0
2019-04-29,21716200.0
2019-04-30,31495300.0
2019-05-01,34797100.0
2019-05-02,44110100.0
2019-05-03,30386200.0
2019-05-06,38371800.0
2019-05-07,58818100.0
2019-05-08,37165300.0
2019-05-09,55351700.0
2019-05-10,58526400.0
2019-05-13,67185800.0
2019-05-14,43360600.0
2019-05-15,40944500.0
2019-05-16,39281200.0
2019-05-17,44702300.0
2019-05-20,38608300.0
2019-05-21,31613800.0
2019-05-22,24332600.0
2019-05-23,45351300.0
2019-05-24,25903300.0
2019-05-28,24763800.0
2019-05-29,42178800.0
2019-05-30,30354800.0
2019-05-31,45446200.0
2019-06-03,75842300.0
2019-06-04,47797800.0
2019-06-05,34412700.0
2019-06-06,29913200.0
2019-06-07,45888300.0
2019-06-10,41385300.0
2019-06-11,41260300.0
2019-06-12,27758100.0
2019-06-13,23715800.0
2019-06-14,22844100.0
2019-06-17,20379500.0
2019-06-18,48177300.0
2019-06-19,31672900.0
2019-06-20,40922000.0
2019-06-21,39980400.0
2019-06-24,19375200.0
2019-06-25,33921100.0
2019-06-26,22595700.0
2019-06-27,19709200.0
2019-06-28,21179200.0
2019-07-01,31025600.0
2019-07-02,18035800.0
2019-07-03,15792100.0
2019-07-05,21415600.0
2019-07-08,17598800.0
2019-07-09,19193500.0
2019-07-10,28374500.0
2019-07-11,23736100.0
2019-07-12,20211900.0
2019-07-15,15606100.0
2019-07-16,20190900.0
2019-07-17,16765100.0
2019-07-18,28877000.0
2019-07-19,29387900.0
2019-07-22,18954900.0
2019-07-23,23786700.0
2019-07-24,20422900.0
2019-07-25,23434700.0
2019-07-26,20431200.0
2019-07-29,20451700.0
2019-07-30,18705000.0
2019-07-31,41627500.0
2019-08-01,63251600.0
2019-08-02,55214000.0
2019-08-05,75040000.0
2019-08-06,41897200.0
2019-08-07,49990600.0
2019-08-08,38418100.0
2019-08-09,33608900.0
2019-08-12,24642900.0
2019-08-13,40241900.0
2019-08-14,51000500.0
2019-08-15,36685000.0
2019-08-16,32781400.0
2019-08-19,22494100.0
2019-08-20,19902900.0
2019-08-21,20418500.0
2019-08-22,24243700.0
2019-08-23,55372400.0
2019-08-26,27598900.0
2019-08-27,28012800.0
2019-08-28,21792400.0
2019-08-29,25358900.0
2019-08-30,26319800.0
2019-09-03,27964200.0
2019-09-04,21592100.0
2019-09-05,33932600.0
2019-09-06,19487800.0
2019-09-09,24407600.0
2019-09-10,23744700.0
2019-09-11,25063600.0
2019-09-12,28689900.0
2019-09-13,27669800.0
2019-09-16,20319000.0
2019-09-17,20953400.0
2019-09-18,29781300.0
2019-09-19,26039400.0
2019-09-20,29086100.0
2019-09-23,22485900.0
2019-09-24,40820700.0
2019-09-25,34704900.0
2019-09-26,26826000.0
2019-09-27,40773500.0
2019-09-30,26307700.0
2019-10-01,32367600.0
2019-10-02,48544300.0
2019-10-03,39392500.0
2019-10-04,31887600.0
2019-10-07,21216000.0
2019-10-08,32379300.0
2019-10-09,20147400.0
2019-10-10,25177700.0
2019-10-11,40976700.0
2019-10-14,14975000.0
2019-10-15,23234200.0
2019-10-16,20457100.0
2019-10-17,19045200.0
2019-10-18,27700800.0
2019-10-21,15801200.0
2019-10-22,22392300.0
2019-10-23,14828400.0
2019-10-24,18998500.0
2019-10-25,21507100.0
2019-10-28,18818700.0
2019-10-29,18569700.0
2019-10-30,21764300.0
2019-10-31,26801800.0
2019-11-01,22131900.0
2019-11-04,19015900.0
2019-11-05,15048900.0
2019-11-06,19725500.0
2019-11-07,17832400.0
2019-11-08,15258800.0
2019-11-11,10147600.0
2019-11-12,14778300.0
2019-11-13,15774600.0
2019-11-14,16945400.0
2019-11-15,18427900.0
2019-11-18,18365900.0
2019-11-19,16923300.0
2019-11-20,36629000.0
2019-11-21,17883600.0
2019-11-22,17189600.0
2019-11-25,17752800.0
2019-11-26,14780600.0
2019-11-27,16963100.0
2019-11-29,9854600.0
2019-12-02,28007000.0
2019-12-03,31104100.0
2019-12-04,15300100.0
2019-12-05,14962300.0
2019-12-06,16555300.0
2019-12-09,13984100.0
2019-12-10,21799800.0
2019-12-11,18780800.0
2019-12-12,32612000.0
2019-12-13,32519400.0
2019-12-16,21296600.0
2019-12-17,15996100.0
2019-12-18,15443300.0
2019-12-19,17865900.0
2019-12-20,27672600.0
2019-12-23,23774700.0
2019-12-24,7089000.0
2019-12-26,17067500.0
2019-12-27,18134100.0
2019-12-30,21815500.0
2019-12-31,18170900.0
2020-01-02,30969400.0
2020-01-03,27518900.0
2020-01-06,21655300.0
2020-01-07,22139300.0
2020-01-08,26397300.0
2020-01-09,23547000.0
2020-01-10,21898500.0
2020-01-13,22756900.0
2020-01-14,24418100.0
2020-01-15,25742100.0
2020-01-16,18805000.0
2020-01-17,24325200.0
2020-01-21,21146300.0
2020-01-22,20736400.0
2020-01-23,26496100.0
2020-01-24,37436500.0
2020-01-27,42264400.0
2020-01-28,26731900.0
2020-01-29,28924500.0
2020-01-30,39568100.0
2020-01-31,52015800.0
2020-02-03,25408600.0
2020-02-04,30691200.0
2020-02-05,38534800.0
2020-02-06,22467100.0
2020-02-07,25884900.0
2020-02-10,21478900.0
2020-02-11,30198000.0
2020-02-12,24471300.0
2020-02-13,22773200.0
2020-02-14,23438500.0
2020-02-18,24394500.0
2020-02-19,22230500.0
2020-02-20,42604000.0
2020-02-21,66017200.0
2020-02-24,84522600.0
2020-02-25,97743000.0
2020-02-26,79537700.0
2020-02-27,121822600.0
2020-02-28,148173700.0
2020-03-02,112933900.0
2020-03-03,131953500.0
2020-03-04,73086200.0
2020-03-05,78705500.0
2020-03-06,89828400.0
2020-03-09,116424000.0
2020-03-10,100599200.0
2020-03-11,89168800.0
2020-03-12,137820700.0
2020-03-13,134882000.0
2020-03-16,92054400.0
2020-03-17,121257100.0
2020-03-18,114156300.0
2020-03-19,120896500.0
2020-03-20,118983900.0
2020-03-23,124639800.0
2020-03-24,94881800.0
2020-03-25,88754900.0
2020-03-26,79887600.0
2020-03-27,58845000.0
2020-03-30,49356900.0
2020-03-31,62659300.0
2020-04-01,53715400.0
2020-04-02,56465300.0
2020-04-03,47487600.0
2020-04-06,64763500.0
2020-04-07,69904500.0
2020-04-08,45940400.0
2020-04-09,68252600.0
2020-04-13,42853900.0
2020-04-14,63959600.0
2020-04-15,47036000.0
2020-04-16,64657400.0
2020-04-17,62863200.0
2020-04-20,38249100.0
2020-04-21,72932800.0
2020-04-22,40089100.0
2020-04-23,43278500.0
2020-04-24,34231900.0
2020-04-27,36451700.0
2020-04-28,46862800.0
2020-04-29,48716400.0
2020-04-30,43359500.0
2020-05-01,48795000.0
2020-05-04,32841000.0
2020-05-05,37783100.0
2020-05-06,36455200.0
2020-05-07,38624800.0
2020-05-08,31852300.0
2020-05-11,35714100.0
2020-05-12,41054100.0
2020-05-13,65521200.0
2020-05-14,51549300.0
2020-05-15,55747200.0
2020-05-18,42398100.0
2020-05-19,36237300.0
2020-05-20,37417000.0
2020-05-21,43642900.0
2020-05-22,28762400.0
2020-05-26,33055300.0
2020-05-27,55665600.0
2020-05-28,42784300.0
2020-05-29,50691800.0
2020-06-01,25776000.0
2020-06-02,33383400.0
2020-06-03,37228700.0
2020-06-04,38716100.0
2020-06-05,47365600.0
2020-06-08,32937300.0
2020-06-09,35046300.0
2020-06-10,58084400.0
2020-06-11,72919400.0
2020-06-12,72034800.0
2020-06-15,45307400.0
2020-06-16,48890100.0
2020-06-17,34749300.0
2020-06-18,30578600.0
2020-06-19,49422100.0
2020-06-22,24068700.0
2020-06-23,32767400.0
2020-06-24,46032400.0
2020-06-25,36940800.0
2020-06-26,52824600.0
2020-06-29,34377800.0
2020-06-30,38909200.0
2020-07-01,34689200.0
2020-07-02,31956500.0
2020-07-06,34589000.0
2020-07-07,36578200.0
2020-07-08,30426300.0
2020-07-09,40312900.0
2020-07-10,32885300.0
2020-07-13,64108100.0
2020-07-14,72230500.0
2020-07-15,54523900.0
2020-07-16,47594100.0
2020-07-17,35137900.0
2020-07-20,40610100.0
2020-07-21,43243800.0
2020-07-22,29865500.0
2020-07-23,51363500.0
2020-07-24,54054500.0
2020-07-27,36445700.0
2020-07-28,31302400.0
2020-07-29,27556900.0
2020-07-30,41774500.0
2020-07-31,53686300.0
2020-08-03,32081600.0
2020-08-04,24911300.0
2020-08-05,21612100.0
2020-08-06,28048200.0
2020-08-07,44969400.0
2020-08-10,35088400.0
2020-08-11,43104300.0
2020-08-12,38773400.0
2020-08-13,31895700.0
2020-08-14,30799500.0
2020-08-17,24803000.0
2020-08-18,23529500.0
2020-08-19,31999400.0
2020-08-20,27723400.0
2020-08-21,34748900.0
2020-08-24,36418500.0
2020-08-25,34866600.0
2020-08-26,42216700.0
2020-08-27,49482700.0
2020-08-28,28021000.0
2020-08-31,36321000.0
2020-09-01,36216200.0
2020-09-02,50836800.0
2020-09-03,110083300.0
2020-09-04,123959000.0
2020-09-08,99568600.0
2020-09-09,64837900.0
2020-09-10,69667500.0
2020-09-11,71809000.0
2020-09-14,38525200.0
2020-09-15,41849900.0
2020-09-16,42321000.0
2020-09-17,81570800.0
2020-09-18,86251100.0
2020-09-21,57168600.0
2020-09-22,41128900.0
2020-09-23,48837300.0
2020-09-24,70631700.0
2020-09-25,55242400.0
2020-09-28,58438300.0
2020-09-29,27050000.0
2020-09-30,49380800.0
2020-10-01,50020200.0
2020-10-02,75497400.0
2020-10-05,28184600.0
2020-10-06,49704200.0
2020-10-07,27539700.0
2020-10-08,25443300.0
2020-10-09,30201100.0
2020-10-12,79370700.0
2020-10-13,64240000.0
2020-10-14,36949100.0
2020-10-15,42514200.0
2020-10-16,40570700.0
2020-10-19,36756800.0
2020-10-20,32195400.0
2020-10-21,29306100.0
2020-10-22,32196200.0
2020-10-23,24658500.0
2020-10-26,38421100.0
2020-10-27,30559100.0
2020-10-28,53413500.0
2020-10-29,43246300.0
2020-10-30,65838300.0
2020-11-02,39987400.0
2020-11-03,43604100.0
2020-11-04,75728200.0
2020-11-05,52054200.0
2020-11-06,40959800.0
2020-11-09,86537100.0
2020-11-10,69024900.0
2020-11-11,36102900.0
2020-11-12,34414600.0
2020-11-13,24806900.0
2020-11-16,30168400.0
2020-11-17,21843500.0
2020-11-18,28069600.0
2020-11-19,22718400.0
2020-11-20,25907300.0
2020-11-23,26875600.0
2020-11-24,24516800.0
2020-11-25,23326800.0
2020-11-27,17163100.0
2020-11-30,27836200.0
2020-12-01,27521300.0
2020-12-02,23620000.0
2020-12-03,22828700.0
2020-12-04,19332100.0
2020-12-07,20851000.0
2020-12-08,18341500.0
2020-12-09,48839300.0
2020-12-10,27519500.0
2020-12-11,26760400.0
2020-12-14,28804800.0
2020-12-15,25709000.0
2020-12-16,25461900.0
2020-12-17,23730500.0
2020-12-18,41173400.0
2020-12-21,37095500.0
2020-12-22,26176300.0
2020-12-23,21201300.0
2020-12-24,16785000.0
2020-12-28,22497700.0
2020-12-29,25871900.0
2020-12-30,18138100.0
2020-12-31,21611400.0
2021-01-04,45305900.0
2021-01-05,29323400.0
2021-01-06,52809600.0
2021-01-07,30394800.0
2021-01-08,33955800.0
2021-01-11,32746400.0
2021-01-12,29266800.0
2021-01-13,22898400.0
2021-01-14,23500100.0
2021-01-15,35118700.0
2021-01-19,24537000.0
2021-01-20,30728100.0
2021-01-21,25130600.0
2021-01-22,21609400.0
2021-01-25,39080600.0
2021-01-26,25498100.0
2021-01-27,55264000.0
2021-01-28,42836300.0
2021-01-29,55259000.0
2021-02-01,35646000.0
2021-02-02,33930800.0
2021-02-03,24824500.0
2021-02-04,22350900.0
2021-02-05,22732000.0
2021-02-08,20462800.0
2021-02-09,17597500.0
2021-02-10,28068700.0
2021-02-11,22046100.0
2021-02-12,20346800.0
2021-02-16,27080800.0
2021-02-17,31360300.0
2021-02-18,32236200.0
2021-02-19,39157700.0
2021-02-22,47256900.0
2021-02-23,97241900.0
2021-02-24,58206300.0
2021-02-25,110182600.0
2021-02-26,104739800.0
2021-03-01,49164500.0
2021-03-02,48370000.0
2021-03-03,86301100.0
2021-03-04,139131600.0
2021-03-05,121523700.0
2021-03-08,88409800.0
2021-03-09,80391100.0
2021-03-10,76798100.0
2021-03-11,53484800.0
2021-03-12,69315600.0
2021-03-15,42955700.0
2021-03-16,54925900.0
2021-03-17,78258700.0
2021-03-18,82718100.0
2021-03-19,78446200.0
2021-03-22,56194800.0
2021-03-23,53455400.0
2021-03-24,64803700.0
2021-03-25,78729000.0
2021-03-26,63519600.0
2021-03-29,54608000.0
2021-03-30,44635700.0
2021-03-31,55032500.0
2021-04-01,55685600.0
2021-04-05,42172500.0
2021-04-06,33537200.0
2021-04-07,32046400.0
2021-04-08,29940800.0
2021-04-09,36664900.0
2021-04-12,25833000.0
2021-04-13,30374000.0
2021-04-14,42564300.0
2021-04-15,36342800.0
2021-04-16,40860100.0
2021-04-19,34533100.0
2021-04-20,38081800.0
2021-04-21,36598100.0
2021-04-22,45936100.0
2021-04-23,36381900.0
2021-04-26,30812000.0
2021-04-27,33187200.0
2021-04-28,33615700.0
2021-04-29,37708900.0
2021-04-30,38263400.0
2021-05-03,29729700.0
2021-05-04,65147000.0
2021-05-05,46219300.0
2021-05-06,46814300.0
2021-05-07,53324500.0
2021-05-10,60700500.0
2021-05-11,71963600.0
2021-05-12,91164900.0
2021-05-13,69877800.0
2021-05-14,44370000.0
2021-05-17,39395000.0
2021-05-18,36528500.0
2021-05-19,66319100.0
2021-05-20,46466100.0
2021-05-21,50330400.0
2021-05-24,32475800.0
2021-05-25,31280300.0
2021-05-26,25444900.0
2021-05-27,27931700.0
2021-05-28,29927400.0
2021-06-01,31145400.0
2021-06-02,22047900.0
2021-06-03,37057800.0
2021-06-04,38736500.0
2021-06-07,32611900.0
2021-06-08,27282800.0
2021-06-09,21485300.0
2021-06-10,33702100.0
2021-06-11,21222800.0
2021-06-14,27827700.0
2021-06-15,35963800.0
2021-06-16,55399500.0
2021-06-17,59722700.0
2021-06-18,55414900.0
2021-06-21,32992600.0
2021-06-22,28941600.0
2021-06-23,27188500.0
2021-06-24,32581600.0
2021-06-25,28682800.0
2021-06-28,39130300.0
2021-06-29,29426000.0
2021-06-30,32724000.0
2021-07-01,29290000.0
2021-07-02,32727200.0
2021-07-06,38842400.0
2021-07-07,35265200.0
2021-07-08,50890000.0
2021-07-09,35184500.0
2021-07-12,25717700.0
2021-07-13,39723000.0
2021-07-14,35336400.0
2021-07-15,53391600.0
2021-07-16,47262000.0
2021-07-19,64404600.0
2021-07-20,42183700.0
2021-07-21,30259900.0
2021-07-22,30252200.0
2021-07-23,31960800.0
2021-07-26,28438100.0
2021-07-27,57933100.0
2021-07-28,42066200.0
2021-07-29,25672500.0
2021-07-30,36484600.0
2021-08-02,27334100.0
2021-08-03,35558500.0
2021-08-04,29602200.0
2021-08-05,21443900.0
2021-08-06,33332100.0
2021-08-09,25960200.0
2021-08-10,35130800.0
2021-08-11,34249800.0
2021-08-12,25969200.0
2021-08-13,19336200.0
2021-08-16,34856900.0
2021-08-17,44793900.0
2021-08-18,38541900.0
2021-08-19,48499400.0
2021-08-20,39486000.0
2021-08-23,34034700.0
2021-08-24,21732900.0
2021-08-25,20441900.0
2021-08-26,29133300.0
2021-08-27,27104700.0
2021-08-30,27295700.0
2021-08-31,29628200.0
2021-09-01,28138300.0
2021-09-02,25453400.0
2021-09-03,24605400.0
2021-09-07,23970200.0
2021-09-08,32949200.0
2021-09-09,29399000.0
2021-09-10,40249400.0
2021-09-13,48741800.0
2021-09-14,41826600.0
2021-09-15,34097900.0
2021-09-16,35193100.0
2021-09-17,60912300.0
2021-09-20,76203200.0
2021-09-21,41927500.0
2021-09-22,46972900.0
2021-09-23,44652000.0
2021-09-24,36056800.0
2021-09-27,43338100.0
2021-09-28,97701600.0
2021-09-29,58076600.0
2021-09-30,61384600.0
2021-10-01,56375500.0
2021-10-04,76766000.0
2021-10-05,47232900.0
2021-10-06,56806500.0
2021-10-07,39411200.0
2021-10-08,41822300.0
2021-10-11,34847200.0
2021-10-12,43905100.0
2021-10-13,40120800.0
2021-10-14,43433900.0
2021-10-15,40419900.0
2021-10-18,34513500.0
2021-10-19,29091000.0
2021-10-20,31390300.0
2021-10-21,25469300.0
2021-10-22,36275800.0
2021-10-25,32597800.0
2021-10-26,47191300.0
2021-10-27,45760500.0
2021-10-28,38007000.0
2021-10-29,37310100.0
2021-11-01,30765300.0
2021-11-02,25135300.0
2021-11-03,33748900.0
2021-11-04,40265300.0
2021-11-05,43383800.0
2021-11-08,29256300.0
2021-11-09,50490700.0
2021-11-10,54937400.0
2021-11-11,32243000.0
2021-11-12,34730600.0
2021-11-15,33716900.0
2021-11-16,27872900.0
2021-11-17,28703300.0
2021-11-18,45721500.0
2021-11-19,45191700.0
2021-11-22,61715400.0
2021-11-23,70098700.0
2021-11-24,46954400.0
2021-11-26,51533300.0
2021-11-29,54447100.0
2021-11-30,81332700.0
2021-12-01,77766500.0
2021-12-02,84416600.0
2021-12-03,105349100.0
2021-12-06,67588800.0
2021-12-07,56005300.0
2021-12-08,39204000.0
2021-12-09,49973700.0
2021-12-10,52545800.0
2021-12-13,50166400.0
2021-12-14,75199200.0
2021-12-15,73858000.0
2021-12-16,82591400.0
2021-12-17,80492500.0
2021-12-20,65336800.0
2021-12-21,48899500.0
2021-12-22,37042200.0
2021-12-23,29595500.0
2021-12-27,32820700.0
2021-12-28,33113700.0
2021-12-29,32248500.0
2021-12-30,23850100.0
2021-12-31,34752900.0
2022-01-03,40575900.0
2022-01-04,58027200.0
2022-01-05,75739800.0
2022-01-06,70814300.0
2022-01-07,72652300.0
2022-01-10,91770500.0
2022-01-11,68295700.0
2022-01-12,54576400.0
2022-01-13,77994000.0
2022-01-14,80121200.0
2022-01-18,75450900.0
2022-01-19,81791500.0
2022-01-20,88610700.0
2022-01-21,143388900.0
2022-01-24,198685800.0
2022-01-25,124398400.0
2022-01-26,146559500.0
2022-01-27,95255700.0
2022-01-28,108167900.0
2022-01-31,94326400.0
2022-02-01,74433000.0
2022-02-02,78777100.0
2022-02-03,95384800.0
2022-02-04,86318300.0
2022-02-07,58198100.0
2022-02-08,64720900.0
2022-02-09,55766400.0
2022-02-10,112468500.0
2022-02-11,101569100.0
2022-02-14,80254400.0
2022-02-15,55128800.0
2022-02-16,58947100.0
2022-02-17,61801400.0
2022-02-18,80001500.0
2022-02-22,85967100.0
2022-02-23,86215400.0
2022-02-24,130614100.0
2022-02-25,78842100.0
2022-02-28,77515500.0
2022-03-01,67407000.0
2022-03-02,70609000.0
2022-03-03,71089400.0
2022-03-04,76936300.0
2022-03-07,89933800.0
2022-03-08,116153900.0
2022-03-09,64723400.0
2022-03-10,69362700.0
2022-03-11,66228400.0
2022-03-14,79802600.0
2022-03-15,76471000.0
2022-03-16,105243000.0
2022-03-17,67810000.0
2022-03-18,85446300.0
2022-03-21,73799100.0
2022-03-22,63345900.0
2022-03-23,70615500.0
2022-03-24,53555300.0
2022-03-25,57584200.0
2022-03-28,56833900.0
2022-03-29,68073000.0
2022-03-30,68757700.0
2022-03-31,67011400.0
2022-04-01,54527800.0
2022-04-04,45950200.0
2022-04-05,62738700.0
2022-04-06,90077100.0
2022-04-07,63777400.0
2022-04-08,61956100.0
2022-04-11,66107400.0
2022-04-12,72790200.0
2022-04-13,61367800.0
2022-04-14,73519400.0
2022-04-18,58560600.0
2022-04-19,56515700.0
2022-04-20,65500000.0
2022-04-21,75801000.0
2022-04-22,82562100.0
2022-04-25,101755900.0
2022-04-26,105819600.0
2022-04-27,111204200.0
2022-04-28,99450000.0
2022-04-29,91977900.0
2022-05-02,115511800.0
2022-05-03,78185500.0
2022-05-04,116083400.0
2022-05-05,154607400.0
2022-05-06,139572800.0
2022-05-09,113387300.0
2022-05-10,124124600.0
2022-05-11,140326100.0
2022-05-12,120910900.0
2022-05-13,83684900.0
2022-05-16,59190400.0
2022-05-17,62715300.0
2022-05-18,79477100.0
2022-05-19,79920700.0
2022-05-20,91764200.0
2022-05-23,63648400.0
2022-05-24,73491100.0
2022-05-25,67144500.0
2022-05-26,59462200.0
2022-05-27,66985600.0
2022-05-31,60968300.0
2022-06-01,65341700.0
2022-06-02,59291300.0
2022-06-03,60914700.0
2022-06-06,51785000.0
2022-06-07,44900300.0
2022-06-08,38342100.0
2022-06-09,55900500.0
2022-06-10,85963500.0
2022-06-13,94442000.0
2022-06-14,64697500.0
2022-06-15,86051400.0
2022-06-16,81910300.0
2022-06-17,82703400.0
2022-06-21,51633700.0
2022-06-22,67472900.0
2022-06-23,57457800.0
2022-06-24,58422300.0
2022-06-27,54151500.0
2022-06-28,61609800.0
2022-06-29,57302700.0
2022-06-30,79313600.0
2022-07-01,56675100.0
2022-07-05,61829300.0
2022-07-06,63194700.0
2022-07-07,56620100.0
2022-07-08,59895500.0
2022-07-11,55273900.0
2022-07-12,55797100.0
2022-07-13,73939400.0
2022-07-14,63741800.0
2022-07-15,63818100.0
2022-07-18,59519600.0
2022-07-19,55172600.0
2022-07-20,67769400.0
2022-07-21,55049400.0
2022-07-22,57127700.0
2022-07-25,40582400.0
2022-07-26,50074100.0
2022-07-27,69304400.0
2022-07-28,55139900.0
2022-07-29,57501000.0
2022-08-01,46358800.0
2022-08-02,48676500.0
2022-08-03,53735700.0
2022-08-04,38973700.0
2022-08-05,53894000.0
2022-08-08,43878500.0
2022-08-09,39764200.0
2022-08-10,51459600.0
2022-08-11,45897700.0
2022-08-12,40928400.0
2022-08-15,38266600.0
2022-08-16,41186900.0
2022-08-17,47842200.0
2022-08-18,41937200.0
2022-08-19,51770600.0
2022-08-22,51098900.0
2022-08-23,39497100.0
2022-08-24,38057100.0
2022-08-25,38098300.0
2022-08-26,69047700.0
2022-08-29,48321900.0
2022-08-30,51184500.0
2022-08-31,50044000.0
2022-09-01,57990700.0
2022-09-02,64666800.0
2022-09-06,57005400.0
2022-09-07,49260400.0
2022-09-08,55649800.0
2022-09-09,56125200.0
2022-09-12,45905700.0
2022-09-13,79562200.0
2022-09-14,54907200.0
2022-09-15,65299400.0
2022-09-16,79920400.0
2022-09-19,52613800.0
2022-09-20,51271100.0
2022-09-21,82931000.0
2022-09-22,62757100.0
2022-09-23,74815200.0
2022-09-26,71176700.0
2022-09-27,69780100.0
2022-09-28,79652100.0
2022-09-29,81216000.0
2022-09-30,78482400.0
2022-10-03,61267400.0
2022-10-04,66696900.0
2022-10-05,55766300.0
2022-10-06,53489400.0
2022-10-07,71354700.0
2022-10-10,60393000.0
2022-10-11,66522500.0
2022-10-12,50580200.0
2022-10-13,112894100.0
2022-10-14,77244300.0
2022-10-17,64576500.0
2022-10-18,69781000.0
2022-10-19,53115400.0
2022-10-20,60605500.0
2022-10-21,77897700.0
2022-10-24,63963600.0
2022-10-25,59014500.0
2022-10-26,63492400.0
2022-10-27,57760300.0
2022-10-28,62651300.0
2022-10-31,47742000.0
2022-11-01,45895900.0
2022-11-02,79803100.0
2022-11-03,70038900.0
2022-11-04,78313200.0
2022-11-07,47333800.0
2022-11-08,63213800.0
2022-11-09,64862100.0
2022-11-10,99256700.0
2022-11-11,66961800.0
2022-11-14,55290700.0
2022-11-15,73985400.0
2022-11-16,48859800.0
2022-11-17,55462100.0
2022-11-18,53588600.0
2022-11-21,40083500.0
2022-11-22,41873400.0
2022-11-23,46390000.0
2022-11-25,15498800.0
2022-11-28,38714200.0
2022-11-29,35618900.0
2022-11-30,74718100.0
2022-12-01,51547300.0
2022-12-02,53583200.0
2022-12-05,41482100.0
2022-12-06,53937600.0
2022-12-07,45614300.0
2022-12-08,42594900.0
2022-12-09,47860500.0
2022-12-12,35732500.0
2022-12-13,80667700.0
2022-12-14,64984400.0
2022-12-15,60554100.0
2022-12-16,68300400.0
2022-12-19,44167900.0
2022-12-20,51064200.0
2022-12-21,46394700.0
2022-12-22,60278400.0
2022-12-23,39373600.0
2022-12-27,38009000.0
2022-12-28,47139000.0
2022-12-29,45893600.0
2022-12-30,37858300.0
2023-01-03,42335300.0
2023-01-04,47754900.0
2023-01-05,45396700.0
2023-01-06,54659700.0
2023-01-09,45568700.0
2023-01-10,35247800.0
2023-01-11,44077000.0
2023-01-12,60600000.0
2023-01-13,44802900.0
2023-01-17,36269700.0
2023-01-18,47754500.0
2023-01-19,44150400.0
2023-01-20,60613600.0
2023-01-23,52799900.0
2023-01-24,44875100.0
2023-01-25,50872000.0
2023-01-26,51596300.0
2023-01-27,56441900.0
2023-01-30,49405800.0
2023-01-31,46705100.0
2023-02-01,67562200.0
2023-02-02,83070600.0
2023-02-03,76170800.0
2023-02-06,40802300.0
2023-02-07,67584000.0
2023-02-08,56720900.0
2023-02-09,49137800.0
2023-02-10,50050100.0
2023-02-13,39636700.0
2023-02-14,64079100.0
2023-02-15,43100600.0
2023-02-16,59498600.0
2023-02-17,58230700.0
2023-02-21,46526700.0
2023-02-22,51389200.0
2023-02-23,69294400.0
2023-02-24,74332000.0
2023-02-27,48995000.0
2023-02-28,48243100.0
2023-03-01,58287000.0
2023-03-02,53565900.0
2023-03-03,60511500.0
2023-03-06,56736300.0
2023-03-07,65955800.0
2023-03-08,50876300.0
2023-03-09,71456700.0
2023-03-10,98593600.0
2023-03-13,97123600.0
2023-03-14,73602500.0
2023-03-15,83631500.0
2023-03-16,98198100.0
2023-03-17,89923700.0
2023-03-20,56359500.0
2023-03-21,49757000.0
2023-03-22,75791900.0
2023-03-23,74576000.0
2023-03-24,57195200.0
2023-03-27,50287400.0
2023-03-28,48585900.0
2023-03-29,53274300.0
2023-03-30,58354800.0
2023-03-31,62138100.0
2023-04-03,47126800.0
2023-04-04,45875400.0
2023-04-05,62795700.0
2023-04-06,46916500.0
2023-04-10,45134700.0
2023-04-11,40113600.0
2023-04-12,62813300.0
2023-04-13,54613800.0
2023-04-14,56278300.0
2023-04-17,43007000.0
2023-04-18,46746900.0
2023-04-19,38960100.0
2023-04-20,62462100.0
2023-04-21,59002300.0
2023-04-24,44043100.0
2023-04-25,57121600.0
2023-04-26,55400500.0
2023-04-27,65430400.0
2023-04-28,59712600.0
2023-05-01,41013400.0
2023-05-02,56519400.0
2023-05-03,59882100.0
2023-05-04,50224500.0
2023-05-05,51806100.0
2023-05-08,36465800.0
2023-05-09,31768800.0
2023-05-10,60446600.0
2023-05-11,44278500.0
2023-05-12,48432800.0
2023-05-15,33375600.0
2023-05-16,40019200.0
2023-05-17,47486100.0
2023-05-18,64213500.0
2023-05-19,61554900.0
2023-05-22,43015900.0
2023-05-23,48216700.0
2023-05-24,62891200.0
2023-05-25,66862800.0
2023-05-26,63007000.0
2023-05-30,72652200.0
2023-05-31,65105400.0
2023-06-01,50488600.0
2023-06-02,53372100.0
2023-06-05,47266200.0
2023-06-06,41390400.0
2023-06-07,69225900.0
2023-06-08,47153900.0
2023-06-09,53196900.0
2023-06-12,44606500.0
2023-06-13,57097800.0
2023-06-14,69525600.0
2023-06-15,71138800.0
2023-06-16,80932000.0
2023-06-20,49204700.0
2023-06-21,53378300.0
2023-06-22,47603000.0
2023-06-23,48922900.0
2023-06-26,52685500.0
2023-06-27,49428100.0
2023-06-28,46498000.0
2023-06-29,46151000.0
2023-06-30,58712500.0
2023-07-03,19432900.0
2023-07-05,34460900.0
2023-07-06,49374700.0
2023-07-07,47133700.0
2023-07-10,48498800.0
2023-07-11,38214100.0
2023-07-12,61975400.0
2023-07-13,46960000.0
2023-07-14,55148500.0
2023-07-17,40868900.0
2023-07-18,55262000.0
2023-07-19,54093000.0
2023-07-20,71941700.0
2023-07-21,60499600.0
2023-07-24,40380100.0
2023-07-25,38894400.0
2023-07-26,47075700.0
2023-07-27,63940200.0
2023-07-28,56902900.0
2023-07-31,44019900.0
2023-08-01,41060600.0
2023-08-02,72687100.0
2023-08-03,47666400.0
2023-08-04,61702800.0
2023-08-07,37230400.0
2023-08-08,44726500.0
2023-08-09,51150900.0
2023-08-10,72035300.0
2023-08-11,48707200.0
2023-08-14,42130800.0
2023-08-15,45539900.0
2023-08-16,53190500.0
2023-08-17,62604300.0
2023-08-18,61191400.0
2023-08-21,50696500.0
2023-08-22,44530200.0
2023-08-23,51770600.0
2023-08-24,66842500.0
2023-08-25,69960500.0
2023-08-28,40910000.0
2023-08-29,58492400.0
2023-08-30,41731500.0
2023-08-31,35730700.0
2023-09-01,39801200.0
2023-09-05,32344200.0
2023-09-06,42998700.0
2023-09-07,52060700.0
2023-09-08,35800100.0
2023-09-11,39936600.0
2023-09-12,41391000.0
2023-09-13,46300700.0
2023-09-14,48039400.0
2023-09-15,69811200.0
2023-09-18,36903500.0
2023-09-19,37621700.0
2023-09-20,45514200.0
2023-09-21,69734800.0
2023-09-22,51589700.0
2023-09-25,39168000.0
2023-09-26,53657700.0
2023-09-27,56066000.0
2023-09-28,56453300.0
2023-09-29,64829600.0
2023-10-02,51625100.0
2023-10-03,60478500.0
2023-10-04,54786700.0
2023-10-05,45897400.0
2023-10-06,75049100.0
2023-10-09,45304800.0
2023-10-10,46968800.0
2023-10-11,38215100.0
2023-10-12,49587900.0
2023-10-13,52469900.0
2023-10-16,44201100.0
2023-10-17,50999100.0
2023-10-18,54280500.0
2023-10-19,72274200.0
2023-10-20,72559700.0
2023-10-23,60665200.0
2023-10-24,47082100.0
2023-10-25,71190500.0
2023-10-26,78621400.0
2023-10-27,63476700.0
2023-10-30,55298500.0
2023-10-31,47671900.0
2023-11-01,58992700.0
2023-11-02,58162400.0
2023-11-03,53280500.0
2023-11-06,38848700.0
2023-11-07,50777400.0
2023-11-08,35663400.0
2023-11-09,53859400.0
2023-11-10,58309800.0
2023-11-13,40733500.0
2023-11-14,67792600.0
2023-11-15,54141400.0
2023-11-16,45343500.0
2023-11-17,46571900.0
2023-11-20,44429600.0
2023-11-21,43337000.0
2023-11-22,44121000.0
2023-11-24,15718800.0
2023-11-27,34139700.0
2023-11-28,35491100.0
2023-11-29,38811700.0
2023-11-30,52834400.0
2023-12-01,40490100.0
2023-12-04,51186900.0
2023-12-05,42933000.0
2023-12-06,41994100.0
2023-12-07,49593500.0
2023-12-08,46687500.0
2023-12-11,41198000.0
2023-12-12,39221200.0
2023-12-13,55408100.0
2023-12-14,55447800.0
2023-12-15,62896600.0
2023-12-18,46610000.0
2023-12-19,35711900.0
2023-12-20,54042400.0
2023-12-21,45568900.0
2023-12-22,34314000.0
2023-12-26,22722500.0
2023-12-27,31980500.0
2023-12-28,27029200.0
2023-12-29,42662100.0
2024-01-02,58026900.0
2024-01-03,47002800.0
2024-01-04,39432800.0
2024-01-05,44922800.0
2024-01-08,42473800.0
2024-01-09,39132900.0
2024-01-10,33962800.0
2024-01-11,54536200.0
2024-01-12,39595000.0
2024-01-16,43903000.0
2024-01-17,54386000.0
2024-01-18,59562500.0
2024-01-19,70325100.0
2024-01-22,44880600.0
2024-01-23,33003800.0
2024-01-24,46948000.0
2024-01-25,44367200.0
2024-01-26,37137000.0
2024-01-29,38694700.0
2024-01-30,36739000.0
2024-01-31,64010600.0
2024-02-01,51008600.0
2024-02-02,59602400.0
2024-02-05,39889200.0
2024-02-06,35846100.0
2024-02-07,37712700.0
2024-02-08,29889900.0
2024-02-09,36943900.0
2024-02-12,33203300.0
2024-02-13,64491700.0
2024-02-14,45092700.0
2024-02-15,38796100.0
2024-02-16,53716500.0
2024-02-20,53999500.0
2024-02-21,49779000.0
2024-02-22,53887800.0
2024-02-23,39853900.0
2024-02-26,33043200.0
2024-02-27,33713200.0
2024-02-28,32938800.0
2024-02-29,42495200.0
2024-03-01,43853000.0
2024-03-04,34325700.0
2024-03-05,57917100.0
2024-03-06,46234500.0
2024-03-07,44526700.0
2024-03-08,72096000.0
2024-03-11,45860000.0
2024-03-12,55300900.0
2024-03-13,37928700.0
2024-03-14,52195200.0
2024-03-15,73069800.0
2024-03-18,47323800.0
2024-03-19,43004100.0
2024-03-20,43653500.0
2024-03-21,39345700.0
2024-03-22,28253900.0
2024-03-25,27789200.0
2024-03-26,34142000.0
2024-03-27,41359200.0
2024-03-28,36839600.0
2024-04-01,38729000.0
2024-04-02,44259700.0
2024-04-03,39949800.0
2024-04-04,57267700.0
2024-04-05,54744600.0
2024-04-08,28144900.0
2024-04-09,39443600.0
2024-04-10,61502200.0
2024-04-11,45474600.0
2024-04-12,53665000.0
2024-04-15,63453600.0
2024-04-16,47619000.0
2024-04-17,56880500.0
2024-04-18,46549400.0
2024-04-19,75231000.0
2024-04-22,47807700.0
2024-04-23,44384700.0
2024-04-24,48440300.0
2024-04-25,57392200.0
2024-04-26,41874900.0
2024-04-29,30022200.0
2024-04-30,43665900.0
2024-05-01,52251700.0
2024-05-02,36559000.0
2024-05-03,48515300.0
2024-05-06,30227200.0
2024-05-07,30996100.0
2024-05-08,24896700.0
2024-05-09,24580100.0
2024-05-10,27116600.0
2024-05-13,22994200.0
2024-05-14,34478300.0
2024-05-15,41464700.0
2024-05-16,34780400.0
2024-05-17,35803700.0
2024-05-20,24474200.0
2024-05-21,23167700.0
2024-05-22,25120000.0
2024-05-23,40899200.0
2024-05-24,29669500.0
2024-05-28,26216800.0
2024-05-29,29739200.0
2024-05-30,30536800.0
2024-05-31,55941300.0
2024-06-03,32997500.0
2024-06-04,23767400.0
2024-06-05,33817400.0
2024-06-06,21966800.0
2024-06-07,25829700.0
2024-06-10,20660800.0
2024-06-11,22053300.0
2024-06-12,34532600.0
2024-06-13,25859000.0
2024-06-14,23372600.0
2024-06-17,37054500.0
2024-06-18,24438600.0
2024-06-20,33918700.0
2024-06-21,37456800.0
2024-06-24,37751000.0
2024-06-25,29014700.0
2024-06-26,22737100.0
2024-06-27,26222100.0
2024-06-28,34881600.0
2024-07-01,24898300.0
2024-07-02,26723600.0
2024-07-03,18064900.0
2024-07-05,28495900.0
2024-07-08,22109400.0
2024-07-09,25614500.0
2024-07-10,28046900.0
2024-07-11,49966600.0
2024-07-12,37109400.0
2024-07-15,31151400.0
2024-07-16,25950600.0
2024-07-17,56268800.0
2024-07-18,49347400.0
2024-07-19,42042900.0
2024-07-22,40300000.0
2024-07-23,23282500.0
2024-07-24,58818600.0
2024-07-25,59256800.0
2024-07-26,39992100.0
2024-07-29,28218500.0
2024-07-30,41317200.0
2024-07-31,44552100.0
2024-08-01,56653900.0
2024-08-02,66323200.0
2024-08-05,87483500.0
2024-08-06,63164400.0
2024-08-07,54929200.0
2024-08-08,47890100.0
2024-08-09,33574000.0
2024-08-12,27795000.0
2024-08-13,40084500.0
2024-08-14,34733700.0
2024-08-15,38280600.0
2024-08-16,38383600.0
2024-08-19,23737700.0
2024-08-20,29209300.0
2024-08-21,25658800.0
2024-08-22,37739600.0
2024-08-23,36061500.0
2024-08-26,27452600.0
2024-08-27,27510000.0
2024-08-28,37372400.0
2024-08-29,41081500.0
2024-08-30,33466500.0
2024-09-03,44985200.0
2024-09-04,32505100.0
2024-09-05,34452400.0
2024-09-06,50624400.0
2024-09-09,32981200.0
2024-09-10,29680300.0
2024-09-11,57843000.0
2024-09-12,40067800.0
2024-09-13,29111800.0
2024-09-16,22585600.0
2024-09-17,30084400.0
2024-09-18,39909200.0
2024-09-19,52782500.0
2024-09-20,34577700.0
2024-09-23,24843000.0
2024-09-24,25952600.0
2024-09-25,26549900.0
2024-09-26,32020200.0
2024-09-27,22851100.0
2024-09-30,30281100.0
2024-10-01,42735400.0
2024-10-02,23744000.0
2024-10-03,25337200.0
2024-10-04,30686600.0
2024-10-07,24975100.0
2024-10-08,28272000.0
2024-10-09,24995000.0
2024-10-10,25750400.0
2024-10-11,20644500.0
2024-10-14,26060100.0
2024-10-15,34784500.0
2024-10-16,22996800.0
2024-10-17,27210700.0
2024-10-18,25335000.0
2024-10-21,30336500.0
2024-10-22,26685800.0
2024-10-23,39346600.0
2024-10-24,22024900.0
2024-10-25,38762100.0
2024-10-28,20477800.0
2024-10-29,28014100.0
2024-10-30,29756000.0
2024-10-31,41245200.0
2024-11-01,33655800.0
2024-11-04,23291600.0
2024-11-05,24353600.0
2024-11-06,43082200.0
2024-11-07,32853100.0
2024-11-08,22924500.0
2024-11-11,24167500.0
2024-11-12,25835300.0
2024-11-13,24567400.0
2024-11-14,28679500.0
2024-11-15,51461100.0
2024-11-18,27080800.0
2024-11-19,24523000.0
2024-11-20,29565500.0
2024-11-21,34526700.0
2024-11-22,23826600.0
2024-11-25,26375200.0
2024-11-26,26557100.0
2024-11-27,24957400.0
2024-11-29,15334000.0
2024-12-02,25147200.0
2024-12-03,18597900.0
2024-12-04,26086200.0
2024-12-05,18169600.0
2024-12-06,23762600.0
2024-12-09,20674400.0
2024-12-10,24350000.0
2024-12-11,32168600.0
2024-12-12,23577500.0
2024-12-13,28780400.0
2024-12-16,31979900.0
2024-12-17,28579100.0
2024-12-18,54703200.0
2024-12-19,46441800.0
2024-12-20,60530000.0
2024-12-23,29672800.0
2024-12-24,17558200.0
2024-12-26,19090500.0
2024-12-27,33839600.0
2024-12-30,34584000.0
2024-12-31,29117000.0
2025-01-02,36389800.0
2025-01-03,29059500.0
2025-01-06,36109700.0
2025-01-07,36690300.0
2025-01-08,30777800.0
2025-01-10,40532500.0
2025-01-13,31694200.0
2025-01-14,33737200.0
2025-01-15,34957600.0
2025-01-16,28229000.0
2025-01-17,51837900.0
2025-01-21,23628000.0
2025-01-22,33593000.0
2025-01-23,23096600.0
2025-01-24,19878300.0
2025-01-27,60771700.0
2025-01-28,33194200.0
2025-01-29,26649000.0
2025-01-30,27431300.0
2025-01-31,38755200.0
2025-02-03,40580800.0
2025-02-04,26046800.0
2025-02-05,21134100.0
2025-02-06,19434500.0
2025-02-07,29605500.0
2025-02-10,20852800.0
2025-02-11,19325500.0
2025-02-12,25009400.0
2025-02-13,28714800.0
2025-02-14,17862600.0
2025-02-18,20565000.0
2025-02-19,19666900.0
2025-02-20,26550800.0
2025-02-21,47093800.0
2025-02-24,39268400.0
2025-02-25,48940000.0
2025-02-26,34457600.0
2025-02-27,52448000.0
2025-02-28,47654000.0
2025-03-03,44587200.0
2025-03-04,67875400.0
2025-03-05,46323700.0
2025-03-06,57574300.0
2025-03-07,54714700.0
2025-03-10,76668000.0
2025-03-11,68760800.0
2025-03-12,46971100.0
2025-03-13,46563300.0
2025-03-14,43563000.0
2025-03-17,41744400.0
2025-03-18,39072300.0
2025-03-19,40430300.0
2025-03-20,36780500.0
2025-03-21,42234900.0
2025-03-24,34567200.0
2025-03-25,26035200.0
2025-03-26,34627100.0
2025-03-27,33469800.0
2025-03-28,46363800.0
2025-03-31,53000300.0
2025-04-01,41156200.0
2025-04-02,49894500.0
2025-04-03,70456300.0
2025-04-04,117088400.0
2025-04-07,161557000.0
2025-04-08,101248100.0
2025-04-09,142876900.0
2025-04-10,108384100.0
2025-04-11,52483800.0
2025-04-14,43941200.0
2025-04-15,35404200.0
2025-04-16,48980600.0
2025-04-17,44837000.0
2025-04-21,44149300.0
2025-04-22,52304400.0
2025-04-23,55801100.0
2025-04-24,45956100.0
2025-04-25,38697100.0
2025-04-28,33550800.0
2025-04-29,30613100.0
2025-04-30,46810600.0
2025-05-01,43316500.0
2025-05-02,39218100.0
2025-05-05,28309500.0
2025-05-06,32786300.0
2025-05-07,38006300.0
2025-05-08,39577600.0
2025-05-09,27767400.0
2025-05-12,45090600.0
2025-05-13,53269600.0
2025-05-14,47014500.0
2025-05-15,50153300.0
2025-05-16,48394600.0
2025-05-19,52536200.0
2025-05-20,42517600.0
2025-05-21,71292800.0
2025-05-22,55607200.0
2025-05-23,58368100.0
2025-05-27,47226300.0
2025-05-28,46637200.0
2025-05-29,58513300.0
2025-05-30,67662800.0
2025-06-02,44762800.0
2025-06-03,44070300.0
2025-06-04,41359300.0
2025-06-05,61031200.0
2025-06-06,42467000.0
2025-06-09,33688700.0
2025-06-10,40664800.0
2025-06-11,53701000.0
2025-06-12,34104900.0
2025-06-13,55814400.0
2025-06-16,37622100.0
2025-06-17,42180900.0
2025-06-18,43983500.0
2025-06-20,61643500.0
2025-06-23,50666100.0
2025-06-24,45442000.0
2025-06-25,44804200.0
2025-06-26,43811400.0
2025-06-27,57577100.0
2025-06-30,45548700.0
2025-07-01,56166700.0
2025-07-02,36538300.0
2025-07-03,26443500.0
2025-07-07,45349300.0
2025-07-08,36153300.0
2025-07-09,43045500.0
2025-07-10,34710900.0
2025-07-11,39618600.0
2025-07-14,36453300.0
2025-07-15,43277700.0
2025-07-16,52314700.0
2025-07-17,40423800.0
2025-07-18,50484700.0
2025-07-21,39595200.0
2025-07-22,43270600.0
2025-07-23,40215300.0
2025-07-24,42275500.0
2025-07-25,30630800.0
2025-07-28,31498700.0
2025-07-29,45463300.0
2025-07-30,43433800.0
2025-07-31,64613600.0
2025-08-01,69400800.0
2025-08-04,47669800.0
2025-08-05,48666600.0
2025-08-06,41823700.0
2025-08-07,44463000.0
2025-08-08,35255500.0
2025-08-11,33112900.0
2025-08-12,42143300.0
2025-08-13,41209300.0
2025-08-14,45425000.0
2025-08-15,49480200.0
2025-08-18,29831000.0
2025-08-19,53752600.0
2025-08-20,76781100.0
2025-08-21,46436900.0
2025-08-22,51502100.0
2025-08-25,34044700.0
2025-08-26,34103000.0
2025-08-27,36927100.0
2025-08-28,46787900.0
2025-08-29,56030400.0
2025-09-02,65876800.0
2025-09-03,54230200.0
2025-09-04,47526300.0
2025-09-05,68342500.0
2025-09-08,46371400.0
2025-09-09,44007600.0
2025-09-10,49308000.0
2025-09-11,44745800.0
2025-09-12,50745900.0
2025-09-15,44360300.0
2025-09-16,36942100.0
2025-09-17,69384800.0
2025-09-18,61069300.0
2025-09-19,58196100.0
2025-09-22,57154800.0
2025-09-23,64635500.0
2025-09-24,49850300.0
2025-09-25,70920200.0
2025-09-26,54337400.0
2025-09-29,48332900.0
2025-09-30,46533800.0
2025-10-01,46899600.0
2025-10-02,43765400.0
2025-10-03,46482100.0
2025-10-06,41962100.0
2025-10-07,58209500.0
2025-10-08,50629800.0
2025-10-09,45551000.0
2025-10-10,97614800.0
2025-10-13,65872600.0
2025-10-14,69203200.0
2025-10-15,62805500.0
2025-10-16,70982000.0
2025-10-17,72024900.0
2025-10-20,45761700.0
2025-10-21,44538200.0
2025-10-22,61478800.0
2025-10-23,42844300.0
2025-10-24,47632500.0
2025-10-27,54098600.0
2025-10-28,61195700.0
2025-10-29,67422800.0
2025-10-30,61628600.0
2025-10-31,66305100.0
2025-11-03,37154300.0
2025-11-04,63830800.0
2025-11-05,48688500.0
2025-11-06,72115100.0
2025-11-07,81835400.0
2025-11-10,55919900.0
2025-11-11,44868800.0
2025-11-12,47444400.0
2025-11-13,71333600.0
2025-11-14,80087300.0
2025-11-17,63850400.0
2025-11-18,83327300.0
2025-11-19,73111500.0
2025-11-20,117743200.0
2025-11-21,103344200.0
2025-11-24,60168100.0
2025-11-25,57560900.0
2025-11-26,42393600.0
2025-11-28,23034400.0
2025-12-01,40957600.0
2025-12-02,54541800.0
2025-12-03,47841600.0
2025-12-04,47067800.0
2025-12-05,53614200.0
2025-12-08,43462400.0
2025-12-09,37156000.0
2025-12-10,55031400.0
2025-12-11,58272800.0
2025-12-12,75158700.0
2025-12-15,49538200.0
2025-12-16,55152800.0
2025-12-17,70654300.0
2025-12-18,78875800.0
2025-12-19,60369800.0
2025-12-22,43703100.0
2025-12-23,41120400.0
2025-12-24,18468700.0
2025-12-26,28959800.0
2025-12-29,32458300.0
2025-12-30,31226800.0
2025-12-31,40746500.0
2026-01-02,61859200.0
2026-01-05,46828400.0
2026-01-06,43137500.0
2026-01-07,44880300.0
2026-01-08,50435900.0
2026-01-09,49688700.0
2026-01-12,37388700.0
2026-01-13,44481400.0
2026-01-14,72598700.0
2026-01-15,53934900.0
2026-01-16,61058100.0
2026-01-20,81988900.0
2026-01-21,79837900.0
2026-01-22,42254800.0
2026-01-23,43645800.0
2026-01-26,35983000.0
2026-01-27,38997200.0
2026-01-28,50691700.0
2026-01-29,79944000.0
2026-01-30,65650700.0
2026-02-02,49020300.0
2026-02-03,81234000.0
2026-02-04,81850700.0
2026-02-05,89354500.0
2026-02-06,78019300.0
2026-02-09,56797600.0
2026-02-10,53938900.0
2026-02-11,58575100.0
2026-02-12,81378900.0
2026-02-13,69237500.0
2026-02-17,69013800.0
2026-02-18,64250700.0
2026-02-19,60960800.0
2026-02-20,74127300.0
2026-02-23,63859100.0
2026-02-24,55023700.0
2026-02-25,55710700.0
2026-02-26,96178900.0
2026-02-27,68125200.0
2026-03-02,75264600.0
2026-03-03,97015500.0
2026-03-04,70943900.0
2026-03-05,89602400.0
2026-03-06,86302300.0
2026-03-09,93068200.0
2026-03-10,64078900.0
2026-03-11,60114800.0
2026-03-12,71836600.0
2026-03-13,63145500.0
2026-03-16,49077200.0
2026-03-17,47106600.0
2026-03-18,56128000.0
2026-03-19,75597600.0
2026-03-20,91964700.0
2026-03-23,89936100.0
2026-03-24,57750900.0
2026-03-25,60475500.0
2026-03-26,81492100.0
2026-03-27,82702200.0
2026-03-30,70602600.0
2026-03-31,95878000.0
2026-04-01,79435100.0
2026-04-02,50941700.0
2026-04-06,35108500.0
2026-04-07,49948200.0
2026-04-08,63086000.0
2026-04-09,37837500.0
2026-04-10,34038500.0
2026-04-13,32972100.0
2026-04-14,49921100.0
2026-04-15,50102400.0
2026-04-16,42320600.0
2026-04-17,53488900.0
2026-04-20,37138500.0
2026-04-21,39580500.0
2026-04-22,37368400.0
2026-04-23,40099800.0
2026-04-24,45563100.0
2026-04-27,32717000.0
2026-04-28,34147900.0
2026-04-29,31724900.0
2026-04-30,40622200.0
2026-05-01,39172600.0
2026-05-04,34542000.0
2026-05-05,37101100.0
2026-05-06,38778500.0
2026-05-07,43779100.0
2026-05-08,44320400.0
2026-05-11,36019100.0
2026-05-12,45873000.0
2026-05-13,40012500.0
2026-05-14,33327500.0
2026-05-15,51792700.0
2026-05-18,49834500.0
2026-05-19,46827500.0
2026-05-20,36779200.0
2026-05-21,36415400.0
2026-05-22,33118600.0
2026-05-26,34254700.0
2026-05-27,35148700.0
2026-05-28,32840000.0
2026-05-29,37541700.0
2026-06-01,33890600.0
2026-06-02,30085200.0
2026-06-03,40270200.0
2026-06-04,40782600.0
2026-06-05,99606600.0
2026-06-08,47401500.0
2026-06-09,91932200.0
2026-06-10,65334300.0
2026-06-11,71798900.0
2026-06-12,51168400.0
2026-06-15,46710200.0
2026-06-16,45348700.0
2026-06-17,51669300.0
2026-06-18,50154600.0
2026-06-22,43518600.0
2026-06-23,53354200.0
2026-06-24,52480400.0
2026-06-25,49668000.0
2026-06-26,47081800.0
2026-06-29,44939100.0
2026-06-30,42121800.0
2026-07-01,40803800.0
2026-07-02,50959800.0
2026-07-06,30220400.0
2026-07-07,42483100.0
2026-07-08,35603200.0
2026-07-09,33654700.0
2026-07-10,26415900.0
2026-07-13,36552400.0
2026-07-14,29448100.0
2026-07-15,32627600.0
2026-07-16,39402000.0
2026-07-17,54109300.0
2026-07-20,29687600.0
2026-07-21,33728300.0
2026-07-22,23692200.0
2026-07-23,44028600.0
2026-07-24,42876700.0
2026-07-27,42681500.0
2026-07-28,51398700.0
2026-07-29,57233300.0
2026-07-30,66753700.0
2026-07-31,50540500.0
2026-08-03,44965100.0
2026-08-04,59778600.0
2026-08-05,33540200.0
2026-08-06,33035900.0
2026-08-07,31070400.0
2026-08-10,26141400.0
