date,QQQ_return,v1_return,v2_return,QQQ_equity,v1_equity,v2_equity
2007-05-30,0.0,0.0,0.0,1.0,1.0,1.0
2007-05-31,0.004661720847226158,4.3079209003610716e-05,4.3079209003610716e-05,1.0046617208472262,1.0000430792090036,1.0000430792090036
2007-06-01,0.0006329913049292202,0.00025605298963439954,0.00025605298963439954,1.0052976629809176,1.0002991432291983,1.0002991432291983
2007-06-04,0.0029508399116175976,0.00021900701244104964,0.00021900701244104964,1.0082641354478976,1.0005182157561043,1.0005182157561043
2007-06-05,0.0,-3.110518196669113e-05,-3.110518196669113e-05,1.0082641354478976,1.0004870944549422,1.0004870944549422
2007-06-06,-0.010718663314094767,0.0004231662863380034,0.0004231662863380034,0.9974568916483547,1.0009104668632318,1.0009104668632318
2007-06-07,-0.015508215095053512,-0.0003349654275201785,-0.0003349654275201785,0.9819881156246285,1.0005751964607896,1.0005751964607896
2007-06-08,0.01229982223672721,0.00016303544990726695,0.00016303544990726695,0.9940663948853902,1.0007383256881108,1.0007383256881108
2007-06-11,-0.0019181706389819198,0.0004737693410345335,0.0004737693410345335,0.9921596059135224,1.0012124448252202,1.0012124448252202
2007-06-12,-0.00598068466231183,-0.0009392394824907252,-0.0009392394824907252,0.98622581217587,1.0002720665666793,1.0002720665666793
2007-06-13,0.01095808825382294,0.0009296903425111351,0.0009296903425111351,0.9970329616638914,1.00120200984685,1.00120200984685
2007-06-14,0.006588529797187714,0.0004373656810247036,0.0004373656810247036,1.0036019430405922,1.0016399012457298,1.0016399012457298
2007-06-15,0.009234817586500688,0.0009056652943156046,0.0009056652943156046,1.0128700239140298,1.0025470517416897,1.0025470517416897
2007-06-18,0.00020922510559473473,0.00020964088908972475,0.00020964088908972475,1.013081941751737,1.002757226596971,1.002757226596971
2007-06-19,-0.00020918133960678986,4.579457920544155e-05,4.579457920544155e-05,1.0128700239140298,1.0028031474422083,1.0028031474422083
2007-06-20,-0.009421926958219862,0.00013400416424417947,0.00013400416424417947,1.0033268365305414,1.0029375272398826,1.0029375272398826
2007-06-21,0.009089019716206348,-9.455335022876852e-06,-9.455335022876852e-06,1.0124460939295665,1.0029280441295556,1.0029280441295556
2007-06-22,-0.009426524159025562,0.000875260694196993,0.000875260694196993,1.0029022463654285,1.0038058676256902,1.0038058676256902
2007-06-25,-0.004229100805660191,-0.0004392800288201879,-0.0004392800288201879,0.998660871667326,1.0033649157552298,1.0033649157552298
2007-06-26,-0.00573360933159639,0.00016858833016395982,0.00016858833016395982,0.992934940374434,1.003534071370922,1.003534071370922
2007-06-27,0.015378238405256539,-0.00019697671153062524,-0.00019697671153062524,1.0082045306084213,1.0033363985296344,1.0033363985296344
2007-06-28,-0.00042085431841165644,0.00046657977215872553,0.00046657977215872553,1.0077802233778725,1.003804534997859,1.003804534997859
2007-06-29,0.001683470961415301,0.0004557115951734907,0.0004557115951734907,1.0094767921194179,1.0042619803637454,1.0042619803637454
2007-07-02,0.009033834252812678,0.00034205469309883137,0.00034205469309883137,1.0185962381414857,1.0046054928872294,1.0046054928872294
2007-07-03,0.005829628589639979,0.004756058634457867,0.004756058634457867,1.024534275892655,1.0093834555158996,1.0093834555158996
2007-07-05,0.007244755211308185,0.007137301739795612,0.007137301739795612,1.0319567759270922,1.016587729809074,1.016587729809074
2007-07-06,0.004110214131601619,0.0040910049928538,0.0040910049928538,1.0361983392507097,1.0207465952873969,1.0207465952873969
2007-07-09,0.0006139082935823215,0.0006354347430742559,0.0006354347430742559,1.0368344700049719,1.0213952131379171,1.0213952131379171
2007-07-10,-0.008386145263820421,-0.008271354797252307,-0.008271354797252307,1.0281394255249738,1.0129468909418384,1.0129468909418384
2007-07-11,0.006807024296729525,0.006711075890139326,0.006711075890139326,1.0351379955749478,1.01974485439963,1.01974485439963
2007-07-12,0.015365433220139613,0.015250596224519361,0.015250596224519361,1.0510433393195837,1.03529657142611,1.03529657142611
2007-07-13,0.00686049398583255,0.006812339100580469,0.006812339100580469,1.058254015827835,1.042349362740333,1.042349362740333
2007-07-16,-0.0010021528673365143,-0.0009966187205358115,-0.0009966187205358115,1.0571934835315029,1.0413105378520875,1.0413105378520875
2007-07-17,0.0076224856577225,0.007540514566804958,0.007540514566804958,1.0652519256971595,1.0491625551313288,1.0491625551313288
2007-07-18,-0.0011938865565133128,-0.0011223669826812342,-0.0011223669826812342,1.0639801357437697,1.047985009719984,1.047985009719984
2007-07-19,0.0029897466296111563,0.002998455360595956,0.002998455360595956,1.067161166768583,1.051127345990203,1.051127345990203
2007-07-20,-0.00536548476431975,-0.005279826370402611,-0.005279826370402611,1.0614353297872126,1.0455775761101926,1.0455775761101926
2007-07-23,0.0003994819882899847,0.0003826455727194538,0.0003826455727194538,1.061859354083197,1.0459776617406258,1.0459776617406258
2007-07-24,-0.01477937211705549,-0.014651261886747135,-0.014651261886747135,1.0461657395532253,1.0306527690907765,1.0306527690907765
2007-07-25,0.0014191354655450628,0.0013776257208775809,0.0013776257208775809,1.0476503904570635,1.0320726228547696,1.0320726228547696
2007-07-26,-0.008502116098014989,-0.00848976046380767,-0.00848976046380767,1.0387431452072668,1.0233105735054788,1.0233105735054788
2007-07-27,-0.020211883712177303,-0.02004249367259749,-0.02004249367259749,1.0177481895495162,1.0028008778108932,1.0028008778108932
2007-07-30,0.011668509037054076,0.011572324200031278,0.011572324200031278,1.02962379349672,1.0144056146769966,1.0144056146769966
2007-07-31,-0.021009002983105596,-0.020777216254773256,-0.020777216254773256,1.007992424147671,0.9933290898507965,0.9933290898507965
2007-08-01,0.007784776651137637,0.007728187495644211,0.007728187495644211,1.0158394200356995,1.001005723302041,1.001005723302041
2007-08-02,0.009185957925287536,0.009106918953589994,0.009106918953589994,1.025170878206996,1.0101218012962325,1.0101218012962325
2007-08-03,-0.019032374899120796,-0.01881938339515122,-0.01881938339515122,1.0056594417172995,0.991111931841838,0.991111931841838
2007-08-06,0.011598422757971072,0.011494155291382481,0.011494155291382481,1.017323505072882,1.0025039262975701,1.0025039262975701
2007-08-07,0.007087982125465908,0.007033335492509795,0.007033335492509795,1.0245342758926548,1.0095548727437793,1.0095548727437793
2007-08-08,0.010970416284677542,0.010865809323385541,0.010865809323385541,1.035773843397118,1.020524503492508,1.020524503492508
2007-08-09,-0.023136573317300346,-0.022982702386274742,-0.022982702386274742,1.0118095859292187,0.9970700925508388,0.9970700925508388
2007-08-10,-0.00901300615144185,-0.008879140505218312,-0.008879140505218312,1.0026901399071508,0.9882169671055289,0.9882169671055289
2007-08-13,0.006768444150548003,0.006690117103028939,0.006690117103028939,1.0094767921194177,0.994828254338665,0.994828254338665
2007-08-14,-0.01701653174473694,-0.016860077195000142,-0.016860077195000142,0.9922989982407424,0.9780553731747478,0.9780553731747478
2007-08-15,-0.019021602504268764,-0.018856238811912947,-0.018856238811912947,0.9734238811308229,0.9596129274868902,0.9596129274868902
2007-08-16,-0.009803829431350386,-0.009758419322660358,-0.009758419322660358,0.9638805994358132,0.9502486221530275,0.9502486221530275
2007-08-17,0.01892225836196948,0.018766403648572485,0.018766403648572485,0.9821193971684277,0.968081371362851,0.968081371362851
2007-08-20,0.004750529956522032,0.004709583718268273,0.004709583718268273,0.9867849847855577,0.9726406316273802,0.9726406316273802
2007-08-21,0.010531159906012277,0.010436042043377664,0.010436042043377664,0.9971769752531863,0.9827911501521409,0.9827911501521409
2007-08-22,0.013610501158815902,0.013501310618517896,0.013501310618517896,1.0107490536304142,0.9960601187434756,0.9960601187434756
2007-08-23,-0.0027273134442635794,-0.0027072512370343526,-0.0027072512370343526,1.0079924241476712,0.9933635337548468,0.9933635337548468
2007-08-24,0.014096487144921843,0.01401800281711389,0.01401800281711389,1.0222015763968475,1.0072885065694406,1.0072885065694406
2007-08-27,-0.006638973600585074,-0.006599676503516931,-0.006599676503516931,1.0154152071166724,1.0006407282803715,1.0006407282803715
2007-08-28,-0.02380970956788564,-0.023607785513385982,-0.023607785513385982,0.99123846594441,0.9770178165911703,0.9770178165911703
2007-08-29,0.02866939809209601,0.02843086759762883,0.02843086759762883,1.0196566761287689,1.0047952807751983,1.0047952807751983
2007-08-30,0.0051993282395299545,0.005141086919129458,0.005141086919129458,1.0249582058795905,1.0099610206495948,1.0099610206495948
2007-08-31,0.011173188468232453,0.011101152798701303,0.011101152798701303,1.0364102570859446,1.0211727522605583,1.0211727522605583
2007-09-04,0.016574955662466362,0.016477226911750232,0.016477226911750232,1.0535887111452695,1.0379988474156518,1.0379988474156518
2007-09-05,-0.010064292886400872,-0.00994914654403654,-0.00994914654403654,1.042985085774498,1.0276716447701726,1.0276716447701726
2007-09-06,-0.000813640072779509,-0.0007382190681751856,-0.0007382190681751856,1.0421364713134005,1.0269129979661804,1.0269129979661804
2007-09-07,-0.018518823531867734,-0.018293825496289738,-0.018293825496289738,1.0228373299050242,1.0081268307815154,1.0081268307815154
2007-09-10,-0.0006215587655914456,-0.0005894745214617216,-0.0005894745214617216,1.0222015763968475,1.0075325657003678,1.0075325657003678
2007-09-11,0.015144982645426408,0.01503737643741115,0.01503737643741115,1.0376828015315052,1.022683212163755,1.022683212163755
2007-09-12,0.00020422217405391407,0.00021107891470075488,0.00021107891470075488,1.0378947193692123,1.0228990790262613,1.0228990790262613
2007-09-13,0.004904511324982153,0.004824342164419854,0.004824342164419854,1.0429850857744978,1.027833894183154,1.027833894183154
2007-09-14,0.0008128262512743234,0.0008107327447012636,0.0008107327447012636,1.0438328514319029,1.0286671927772821,1.0286671927772821
2007-09-17,-0.008329739617820575,-0.008192385520290064,-0.008192385520290064,1.035137995574948,1.020239954561976,1.020239954561976
2007-09-18,0.025199394300023714,0.02498767958758927,0.02498767958758927,1.0612228460803774,1.0457333836490272,1.0457333836490272
2007-09-19,0.0025982192840803275,0.002565305832271395,0.002565305832271395,1.0639801357437702,1.0484160095971031,1.0484160095971031
2007-09-20,-0.002790306090128758,-0.002746377592152776,-0.002746377592152776,1.0610113054912282,1.0455366633610914,1.0455366633610914
2007-09-21,0.007119327784370411,0.00704690082480363,0.00704690082480363,1.068564992757943,1.0529044565364931,1.0529044565364931
2007-09-24,0.004566920960835885,0.0045288591322334105,0.0045288591322334105,1.0734450446213848,1.0576729124998476,1.0576729124998476
2007-09-25,0.009488648484358375,0.009394459032647134,0.009394459032647134,1.0836305873170735,1.067609177346268,1.067609177346268
2007-09-26,0.004894727245156938,0.004834208799986646,0.004834208799986646,1.0889346634764998,1.0727702230263418,1.0727702230263418
2007-09-27,0.0050664485266569415,0.005046608194109478,0.005046608194109478,1.094451694897896,1.0781840740242632,1.0781840740242632
2007-09-28,-0.003296264007100924,-0.0032339243597324374,-0.0032339243597324374,1.0908440931684935,1.0746973082830005,1.0746973082830005
2007-10-01,0.011476430742523913,0.011407670200967618,0.011407670200967618,1.103363089854633,1.0869571007417604,1.0869571007417604
2007-10-02,0.00019232179483807954,0.00012389122527354073,0.00012389122527354073,1.1035752906244318,1.087091765188791,1.087091765188791
2007-10-03,-0.0069212278323222964,-0.006878032421288574,-0.006878032421288574,1.0959371946078988,1.0796147127829068,1.0796147127829068
2007-10-04,0.0023228968610828904,0.0023632783643960068,0.0023632783643960068,1.0984829436771975,1.0821661428755103,1.0821661428755103
2007-10-05,0.020281784849534468,0.020087417078105473,0.020087417078105473,1.1207621384017417,1.1039040655352554,1.1039040655352554
2007-10-08,0.0062483448874095515,0.006145061111818705,0.006145061111818705,1.1277650467792264,1.1106876234795549,1.1106876234795549
2007-10-09,0.0043270211772703515,0.004312457445353339,0.004312457445353339,1.1326449100196254,1.115477416590891,1.115477416590891
2007-10-10,0.002435297296844441,0.0024264587490689642,0.0024264587490689642,1.1354032371072809,1.1181840765277669,1.1181840765277669
2007-10-11,-0.01588496394500649,-0.015691112807437433,-0.015691112807437433,1.117367397622788,1.1006385240434895,1.1006385240434895
2007-10-12,0.01652076972017391,0.016358746398880422,0.016358746398880422,1.1358271670917441,1.1186435905351548,1.1186435905351548
2007-10-15,-0.00765907266488719,-0.007547804543481675,-0.007547804543481675,1.1271277842842355,1.110200287359977,1.110200287359977
2007-10-16,-0.004706001268381055,-0.0046596452333738094,-0.0046596452333738094,1.1218235195017665,1.10502714788289,1.10502714788289
2007-10-17,0.012861583063030535,0.012731940438457736,0.012731940438457736,1.1362519458798996,1.1190962877126138,1.1190962877126138
2007-10-18,0.004294784769887761,0.0043094416941233,0.0043094416941233,1.14113190343182,1.1239189679146213,1.1239189679146213
2007-10-19,-0.024916420865828237,-0.024669061443593515,-0.024669061443593515,1.112698980662489,1.0961929418375154,1.0961929418375154
2007-10-22,0.012014020524123037,0.011846731531194426,0.011846731531194426,1.126066969053339,1.1091792453258547,1.1091792453258547
2007-10-23,0.020915880609344795,0.020730067479935315,0.020730067479935315,1.1496196513361854,1.1321726059288033,1.1321726059288033
2007-10-24,-0.007567347529217727,-0.0074579367293798856,-0.0074579367293798856,1.1409200799081063,1.1237289342670491,1.1237289342670491
2007-10-25,-0.013390188690501903,-0.013216032889464312,-0.013216032889464312,1.1256429447573542,1.1088776957129332,1.1088776957129332
2007-10-26,0.01658799439801295,0.0165054723433859,0.0165054723433859,1.144315103619152,1.1271802458517206,1.1271802458517206
2007-10-29,0.004079248268593849,0.0040768981650048785,0.0040768981650048785,1.148983049024316,1.131775644927663,1.131775644927663
2007-10-30,0.0020310505128884326,0.001975814176558561,0.001975814176558561,1.151316691635337,1.1340118232915948,1.1340118232915948
2007-10-31,0.014191157280599498,0.014098384287012199,0.014098384287012199,1.1676552078861135,1.149999557762375,1.149999557762375
2007-11-01,-0.018716659172465788,-0.018549161047186003,-0.018549161047186003,1.1458006033291546,1.128668030761248,1.128668030761248
2007-11-02,0.007777604193447418,0.007796961374948895,0.007796961374948895,1.154712186906462,1.137468211802233,1.137468211802233
2007-11-05,-0.006431357431358475,-0.0063602314906393365,-0.0063602314906393365,1.147285820102121,1.1302336506619273,1.1302336506619273
2007-11-06,0.011281591191933726,0.011230396232164593,0.011230396232164593,1.1602290297048155,1.1429266223937864,1.1429266223937864
2007-11-07,-0.02432389394132628,-0.0240539715911646,-0.0240539715911646,1.1320077418386276,1.1154346978879406,1.1154346978879406
2007-11-08,-0.03036508113959291,-0.030062858881740557,-0.030062858881740557,1.0976342349070503,1.0819015419735385,1.0819015419735385
2007-11-09,-0.03344291886394457,-0.03308470220964175,-0.03308470220964175,1.060926142246766,1.0461071516371918,1.0461071516371918
2007-11-12,-0.02539963815970181,-0.025323605966199095,-0.025323605966199095,1.0339790021195299,1.0196159463307086,1.0196159463307086
2007-11-13,0.041247413793894516,0.04086866092167913,0.04086866092167913,1.0766279618741523,1.0612862847116353,1.0612862847116353
2007-11-14,-0.012810554618949643,-0.01264436570480071,-0.01264436570480071,1.062835760564275,1.0478669928102522,1.0478669928102522
2007-11-15,-0.0053903376073675124,-0.005408082750725264,-0.005408082750725264,1.0571067169936503,1.0422000414013808,1.0422000414013808
2007-11-16,0.009233381492240067,0.009133077087900263,0.009133077087900263,1.066867386589662,1.0517185347205125,1.0517185347205125
2007-11-19,-0.011535096885022744,-0.011420693102478306,-0.011420693102478306,1.0545609679218793,1.0397071801052813,1.0397071801052813
2007-11-20,0.00402399101588613,0.004095609659971445,0.004095609659971445,1.0588045117825011,1.043965414875662,1.043965414875662
2007-11-21,-0.011823709234664359,-0.01171867049730582,-0.01171867049730582,1.0462855150988342,1.031731528168151,1.031731528168151
2007-11-23,0.010748391532867663,0.010743793732206476,0.010743793732206476,1.0575314014702846,1.0428162388938038,1.0428162388938038
2007-11-26,-0.017255496011216565,-0.0170636321346754,-0.0170636321346754,1.0392831725904779,1.025022006209254,1.025022006209254
2007-11-27,0.020008635450070145,0.019756399131751104,0.019756399131751104,1.060077810720233,1.0452727500827523,1.0452727500827523
2007-11-28,0.03042388730392287,0.030102038756515605,0.030102038756515605,1.0923294985669747,1.076737590916873,1.076737590916873
2007-11-29,0.004273817530720647,0.004176208415630081,0.004176208415630081,1.0969979155272735,1.0812342715054852,1.0812342715054852
2007-11-30,-0.007543641053817551,-0.00750775411652893,-0.00750775411652893,1.0887225570157497,1.0731166304526578,1.0731166304526578
2007-12-03,-0.008380525619566481,-0.008238008984152943,-0.008238008984152943,1.0795984897340793,1.0642762860099448,1.0642762860099448
2007-12-04,-0.004127485921691765,-0.0027488196039011747,-0.0027488196039011747,1.0751424621666223,1.0613507824909936,1.0613507824909936
2007-12-05,0.017959696887388965,0.014749311827431829,0.014749311827431829,1.094451694897896,1.077004976140242,1.077004976140242
2007-12-06,0.014346228190292853,0.012215381828985551,0.012215381828985551,1.1101529486561539,1.0901610031555127,1.0901610031555127
2007-12-07,0.00019140038732512465,-0.00042343393388161746,-0.00042343393388161746,1.1103654323605168,1.0896993919933822,1.0896993919933822
2007-12-10,0.004012863247996545,0.004192630861748008,0.004192630861748008,1.114821176995882,1.0942680992942815,1.0942680992942815
2007-12-11,-0.023220328114988975,-0.020176774276114827,-0.020176774276114827,1.0889346634764994,1.0721892988572674,1.0721892988572674
2007-12-12,0.008963330216532839,0.008345379710393633,0.008345379710393633,1.0986951444494684,1.081137125677652,1.081137125677652
2007-12-13,-0.0054077175033330205,-0.005600775161914551,-0.005600775161914551,1.092753711486002,1.075081919717533,1.075081919717533
2007-12-14,-0.010290723401441326,-0.00930317599820878,-0.00930317599820878,1.081508485295201,1.0650802434059086,1.0650802434059086
2007-12-17,-0.024328152799756975,-0.02076459769254871,-0.02076459769254871,1.0551973816107056,1.042964280641303,1.042964280641303
2007-12-18,0.0032172512457273594,0.0037994017178214767,0.0037994017178214767,1.058592216701181,1.046926920920798,1.046926920920798
2007-12-19,-0.0002004556300821969,0.0002147003437561628,0.0002147003437561628,1.058380015931382,1.0471516964906074,1.0471516964906074
2007-12-20,0.02044914806638931,0.016833902198566605,0.016833902198566605,1.0800229855876704,1.0647793457363934,1.0647793457363934
2007-12-21,0.019725781311722423,0.01729478067784681,0.01729478067784681,1.1013272828130063,1.0831944709912056,1.0831944709912056
2007-12-24,0.007521779385500027,0.006352474359417552,0.006352474359417552,1.109611223665558,1.0900754360944402,1.0900754360944402
2007-12-26,0.004976629763022489,0.004867448285165569,0.004867448285165569,1.1151333479066359,1.0953813219065593,1.0953813219065593
2007-12-27,-0.011999464813808203,-0.01002646353746077,-0.01002646353746077,1.101752344535726,1.0843985210228477,1.0843985210228477
2007-12-28,-0.0009641276544453126,0.000640657348470853,0.000640657348470853,1.1006901146320092,1.0850932489040122,1.0850932489040122
2007-12-31,-0.011578812078153145,-0.010228718268410614,-0.010228718268410614,1.0879454306384042,1.0739941357660185,1.0739941357660185
2008-01-02,-0.015814171457989135,-0.011390419001665772,-0.011390419001665772,1.0707404750613527,1.0617608925543116,1.0617608925543116
2008-01-03,0.0041659477094824204,0.003998866820511722,0.003998866820511722,1.0752011238908847,1.066006732958864,1.066006732958864
2008-01-04,-0.04385592045925302,-0.04342298029037076,-0.04342298029037076,1.0280471889238267,1.0197175436041888,1.0197175436041888
2008-01-07,-0.004752602045375642,-0.004688236889678088,-0.004688236889678088,1.0231612897510047,1.0149368661992118,1.0149368661992118
2008-01-08,-0.02594962792684108,-0.02561348181457864,-0.02561348181457864,0.9966106349728193,0.9889407992338728,0.9889407992338728
2008-01-09,0.021313063370036245,0.021109429250482065,0.021109429250482065,1.017851460591247,1.0098167750682154,1.0098167750682154
2008-01-10,0.0014611142907348107,0.0014830727779958591,0.0014830727779958591,1.019338657906162,1.0113144068380826,1.0113144068380826
2008-01-11,-0.01958759710286373,-0.019365816256483682,-0.019365816256483682,0.9993722629637223,0.9917294778577215,0.9917294778577215
2008-01-14,0.017428002237801943,0.017302454436830372,0.017302454436830372,1.0167893249990512,1.0088888319620162,1.0088888319620162
2008-01-15,-0.02757470282018537,-0.027348249025864635,-0.027348249025864635,0.9887516615314654,0.9812974889461052,0.9812974889461052
2008-01-16,-0.010740947689736657,-0.010723731766059397,-0.010723731766059397,0.9781315316568158,0.9707743178919397,0.9707743178919397
2008-01-17,-0.01389817333348764,-0.013779261003304158,-0.013779261003304158,0.9645372900868996,0.9573977651904021,0.9573977651904021
2008-01-18,-0.0013209937573660513,-0.001293903711879503,-0.001293903711879503,0.9632631423479481,0.9561589846682771,0.9561589846682771
2008-01-22,-0.025799717417892887,-0.02553126329967653,-0.02553126329967653,0.9384112254762995,0.93174703787436,0.93174703787436
2008-01-23,-0.0038477889230534856,-0.003795990210640442,-0.003795990210640442,0.9348004171576427,0.9282101352397957,0.9282101352397957
2008-01-24,0.02045038238996355,0.020281878848946732,0.020281878848946732,0.9539174431468139,0.9470359807490937,0.9470359807490937
2008-01-25,-0.02048584488911509,-0.020266292341387493,-0.020266292341387493,0.934375638369487,0.92784307270542,0.92784307270542
2008-01-28,0.007729420813073151,0.007726705025897622,0.007726705025897622,0.9415978208759286,0.9350122424385372,0.9350122424385372
2008-01-29,0.0018043016794571098,0.0017574033041171603,0.0017574033041171603,0.9432967474055082,0.9366554360427888,0.9366554360427888
2008-01-30,-0.0009008259613860758,-0.0008824013125257813,-0.0008824013125257813,0.9424470012061542,0.9358289300566401,0.9358289300566401
2008-01-31,0.017128823782386338,0.016966131809286092,0.016966131809286092,0.9585900098140528,0.9517063270349244,0.9517063270349244
2008-02-01,0.010192354670658155,0.010040867427937191,0.010040867427937191,0.9683602991778274,0.961262284095011,0.961262284095011
2008-02-04,-0.0140377309982741,-0.012482653162319345,-0.012482653162319345,0.9547667177885608,0.9492631804046341,0.9492631804046341
2008-02-05,-0.028475781715727844,-0.025730962191929864,-0.025730962191929864,0.9275789891433718,0.9248377253994514,0.9248377253994514
2008-02-06,-0.019693401526524545,-0.016543638241297006,-0.016543638241297006,0.9093118036626036,0.9095375446385389,0.9095375446385389
2008-02-07,0.007007665958868259,0.006022938077120475,0.006022938077120475,0.9156839570351271,0.9150156329487129,0.9150156329487129
2008-02-08,0.01136628967329556,0.010581515340461405,0.010581515340461405,0.9260918861399778,0.9246978849055216,0.9246978849055216
2008-02-11,0.010779972025621865,0.009845159670418905,0.009845159670418905,0.9360751307657222,0.9338016832293152,0.9338016832293152
2008-02-12,-0.005672842092308339,-0.00583353708998551,-0.00583353708998551,0.9307649243623514,0.9283543164755061,0.9283543164755061
2008-02-13,0.021907669984449152,0.018908726914350634,0.018908726914350634,0.9511558151583825,0.9459083147255002,0.9459083147255002
2008-02-14,-0.018087976486354962,-0.016115029703273033,-0.016115029703273033,0.9339513311389379,0.9306649741371258,0.9306649741371258
2008-02-15,-0.0034117482039462965,-0.0029267175745374147,-0.0029267175745374147,0.9307649243623514,0.9279411806013123,0.9279411806013123
2008-02-19,-0.0018249974274726632,-0.0006610528524201456,-0.0006610528524201456,0.9290662807698082,0.9273277624369977,0.9273277624369977
2008-02-20,0.004571799698217083,0.004949852614742339,0.004949852614742339,0.9333137857118553,0.9319178981866195,0.9319178981866195
2008-02-21,-0.009558531300107753,-0.00837020967481859,-0.00837020967481859,0.9243926766783065,0.9241175499790812,0.9241175499790812
2008-02-22,0.003676176138165843,0.003401250561769427,0.003401250561769427,0.9277909069786066,0.9272607053150885,0.9272607053150885
2008-02-25,0.005036838040494818,0.0038582619223800157,0.0038582619223800157,0.9324640395125016,0.9308383199865249,0.9308383199865249
2008-02-26,0.00387263326005427,0.004079576657089929,0.004079576657089929,0.9360751307657222,0.9346357462682668,0.9346357462682668
2008-02-27,0.004991959991481387,0.004578408671175501,0.004578408671175501,0.9407479803675254,0.9389148906733721,0.9389148906733721
2008-02-28,-0.0038390332864884913,-0.0026408665934842686,-0.0026408665934842686,0.9371364175566976,0.9364353417044678,0.9364353417044678
2008-02-29,-0.02651778830469853,-0.02297209858353155,-0.02297209858353155,0.9122856324233055,0.9149234567177298,0.9149234567177298
2008-03-03,-0.006519305672460618,-0.005034372864313959,-0.005034372864313959,0.9063381635249439,0.9103173908943057,0.9103173908943057
2008-03-04,0.00562442208949987,0.005357365919614634,0.005357365919614634,0.9114357919124303,0.9151942942603154,0.9151942942603154
2008-03-05,0.00489367613497782,0.004940548260790044,0.004940548260790044,0.9158960634958767,0.9197158558391082,0.9197158558391082
2008-03-06,-0.02203112260533957,-0.021872911264434185,-0.021872911264434185,0.8957178450272512,0.8995989925358463,0.8995989925358463
2008-03-07,-0.0023713746166167393,-0.002359287661220252,-0.002359287661220252,0.8935937624659029,0.8974765797327102,0.8974765797327102
2008-03-10,-0.01925356016144575,-0.019046773345373177,-0.019046773345373177,0.876388901200373,0.8803825467357606,0.8803825467357606
2008-03-11,0.038051236391412724,0.03767880733168398,0.03767880733168398,0.909736582450759,0.9135543110923946,0.9135543110923946
2008-03-12,-0.002801446555083187,-0.0027068818444419677,-0.0027068818444419677,0.9071880040358191,0.9110814275137868,0.9110814275137868
2008-03-13,0.007726426630795702,0.007680223318268354,0.007680223318268354,0.9141973255893399,0.9180787363382196,0.9180787363382196
2008-03-14,-0.01835509284125958,-0.018132721343734143,-0.01303580540312363,0.8974171488029163,0.9014314704405911,0.9061108405865689
2008-03-17,-0.01822528236408405,-0.018023372122763087,-0.0045415654716167726,0.881061467867612,0.8851846356056708,0.9019956788795033
2008-03-18,0.044600211024397485,0.04407394460937583,0.007761561972881885,0.9203569952599728,0.9241982142044257,0.9089965742403983
2008-03-19,-0.024694380337531685,-0.0245547505466338,-0.021653635565084664,0.8976293495727152,0.9015047575989916,0.8893134936918862
2008-03-20,0.020437052471876438,0.020107246498709017,0.012191903142690856,0.9159742476902292,0.9196315359797935,0.9001559176704658
2008-03-24,0.03457919589443903,0.03420294363250527,0.025172889346095073,0.9476479006353711,0.9510856415675847,0.922815442980217
2008-03-25,0.005607844213820545,0.005652313106177233,0.006719566522737782,0.9529621624316883,0.9564614754045141,0.9290163627375323
2008-03-26,-0.0028996232912028574,-0.002833550101804058,-0.003073550101804058,0.9501989311498663,0.95375129389351,0.9261609844012627
2008-03-27,-0.022148229148775123,-0.02192855621917004,-0.02192855621917004,0.9291537074858379,0.93283690502626,0.9058516111868178
2008-03-28,-0.005032495527264591,-0.005041214618986592,-0.005041214618986592,0.9244777456087742,0.9281342739835114,0.9012850188018703
2008-03-31,0.0052883015975839776,0.005202754432422637,0.0029096224685504447,0.9293666627478079,0.9329631286913626,0.9039074179431442
2008-04-01,0.04277168716335167,0.04220303392562867,0.028555356220276707,0.9691172429069053,0.9723370032628849,0.9297188162526613
2008-04-02,-0.0021931329136940514,5.524837540396465e-05,0.0008871161606257004,0.9669918399842578,0.9723907233026603,0.9305435848393968
2008-04-03,0.002197953317457424,0.0020191007133505824,0.001971808906905706,0.9691172429069054,0.9743540781057362,0.932378438968247
2008-04-04,0.005922704519171207,0.005639097240163392,0.005564106436355003,0.9748570379810768,0.9798485554985242,0.9375662918416289
2008-04-07,-0.0021805103434874296,-0.0011489708047845504,-0.0012012513435003867,0.9727313521263375,0.9787227381151461,0.9364400390739335
2008-04-08,-0.007648609195937572,-0.00658811996478926,-0.00658811996478926,0.9652913101612872,0.9722747953041765,0.9302706597566824
2008-04-09,-0.011231009549543591,-0.007499031714548207,-0.007499031714548207,0.9544501142387743,0.9649836757789345,0.9232945305760534
2008-04-10,0.014254075985671744,0.010948362516606393,0.010948362516606393,0.9680549186916669,0.9755486668839697,0.9334030938064
2008-04-11,-0.027668222166798095,-0.022296654270826527,-0.022296654270826527,0.9412705601316442,0.9537971955340921,0.9125913277284788
2008-04-14,-0.004516129935849267,-0.003966613139328077,-0.0038735916730266184,0.9370196599773001,0.9500138510460323,0.9090563215605135
2008-04-15,0.0013605928302011794,0.0013046973016064367,0.0012899175306736216,0.9382945622084228,0.9512533315539808,0.910228929246064
2008-04-16,0.02786621586872018,0.023673745529638447,0.022565181878626144,0.964441281027369,0.9737730608594106,0.9307684105856886
2008-04-17,-0.0022048416930526837,-0.0022776504155499603,-0.0023299309542657966,0.9623148406804588,0.9715551462426928,0.9285997844546122
2008-04-18,0.031810097315196906,0.024102702384565543,0.024102702384565543,0.9929261694103624,0.9949722507827734,0.9509815486936933
2008-04-21,0.007064481630985053,0.0052976809316589496,0.0052976809316589496,0.9999406780950862,1.000243296303275,0.9560195455105674
2008-04-22,-0.014881155331624929,-0.01190928107879653,-0.01190928107879653,0.9850604055419429,0.9883311177404174,0.9446340400262588
2008-04-23,0.011005423868910569,0.007902144657480696,0.007902144657480696,0.9959014128414129,0.9961410532022917,0.9520986748589267
2008-04-24,0.008964831223316372,0.00539406202035427,0.00539406202035427,1.0048295009225985,1.0015142998242859,0.957234354160613
2008-04-25,-0.0025385818058071274,-0.0021382301889826673,-0.0021382301889826673,1.0022786590336181,0.9993728317137037,0.9551875667666154
2008-04-28,0.0019089466234294417,0.002101364430739465,0.002101364430739465,1.0041919554955157,1.0014728782353144,0.9571947639441034
2008-04-29,0.007620674455244725,0.004639544427646831,0.004639544427646831,1.0118445754789225,1.0061192561469705,0.961635711577333
2008-04-30,-0.008193121366061318,-0.006059780674765094,-0.006059780674765094,1.0035544100684328,1.000022394122062,0.9558084100761527
2008-05-01,0.031561094626544994,0.023494183640680327,0.023494183640680327,1.0352276857674891,1.0235171038943587,0.9782643483877885
2008-05-02,0.0014375006103373167,0.0012588652359649276,0.0012588652359649276,1.036715826197618,1.0248055739948667,0.9794958513675577
2008-05-05,-0.002870783363248197,-0.0027847751903588474,-0.0027847751903588474,1.0337396396513536,1.0219517208574644,0.9767681756216099
2008-05-06,0.006169011650588141,0.006115224112558777,0.006115224112558777,1.0401167915320375,1.028201184662723,0.9827413319215512
2008-05-07,-0.01818927652328539,-0.018055790957333073,-0.018055790957333073,1.021197819594349,1.0096361990103706,0.9649971598672445
2008-05-08,0.007494045491145629,0.007497873423927758,0.007497873423927758,1.0288507225098478,1.017206323434766,0.9722325864263789
2008-05-09,-0.003925630724868512,-0.0038734312464855985,-0.0038734312464855985,1.0248118345022599,1.013266244677451,0.9684667103472634
2008-05-12,0.018253307257497298,0.01807303393916185,0.01807303393916185,1.043518039798549,1.0315790399069138,0.985969842072318
2008-05-13,0.002648176458809104,0.002531017350014429,0.002531017350014429,1.0462814597058863,1.0341899843548295,0.9884653488491939
2008-05-14,-0.002235102979190162,-0.002215753639600884,-0.002215753639600884,1.0439429128982263,1.0318984741329564,0.9862751531548619
2008-05-15,0.017511631479243395,0.01742633381531815,0.01742633381531815,1.062224056474268,1.0498806814067148,1.0034623132074927
2008-05-16,0.0008006791823897963,0.0008755162103372724,0.0008755162103372724,1.0630745571633207,1.0507998689622062,1.0043408607291684
2008-05-19,-0.007198661882075741,-0.007100870383991235,-0.007100870383991235,1.0554218428708646,1.0433382752931906,0.9972091664557844
2008-05-20,-0.007653778148314028,-0.00751193913101682,-0.00751193913101682,1.0473438782326463,1.0355007816761281,0.9897181918964766
2008-05-21,-0.022122326726240038,-0.02186189368788356,-0.02186189368788356,1.0241741947636562,1.0128627736734042,0.9680810780042715
2008-05-22,0.0035282507299825294,0.0034494526313206776,0.0034494526313206776,1.0277877381139604,1.0163565958332186,0.971420427826125
2008-05-23,-0.00310236814554421,-0.003070953994937517,-0.003070953994937517,1.0245991621748547,1.0132354114849635,0.9684372403825285
2008-05-27,0.017635133299754635,0.017383611179489073,0.017383611179489073,1.0426681049786253,1.0308491019115078,0.9852721768210759
2008-05-28,0.0040772160082478415,0.004011895312753756,0.004011895312753756,1.0469192880675335,1.034984760591623,0.989224985649051
2008-05-29,0.008934064186708834,0.008746640220221832,0.008746640220221832,1.0562725321854325,1.0440373999259303,0.9978773806953775
2008-05-30,0.00643964958912191,0.0064132532669511355,0.0064132532669511355,1.063074557163321,1.0507330761918245,1.0042770210671388
2008-06-02,-0.01219752809422181,-0.012053790170316972,-0.012053790170316972,1.0501076753860692,1.0380677601663966,0.9921716765823245
2008-06-03,-0.00546573136082551,-0.005452820161804403,-0.005452820161804403,1.044368068932468,1.0324073633544422,0.9867615428602852
2008-06-04,0.012823191862523897,0.012683519075606832,0.012683519075606832,1.0577602010554825,1.0455019218413453,0.999277151712229
2008-06-05,0.015876537043352235,0.01571969158610043,0.01571969158610043,1.0745537700705237,1.0619368896053665,1.0149854803461822
2008-06-06,-0.030070024835288978,-0.02968274968443272,-0.02968274968443272,1.0422419115176496,1.0304156827305453,0.9848579203997327
2008-06-09,-0.005302113894061322,-0.005275076580722546,-0.005275076580722546,1.0367158261976188,1.0249801610941642,0.979662719448493
2008-06-10,-0.004716319445577821,-0.004774051383488429,-0.004774051383488429,1.0318263431869847,1.0200868531380445,0.974985759287358
2008-06-11,-0.02410355677947673,-0.023799236099360275,-0.023799236099360275,1.0069556583374175,0.9958095652783587,0.951781843008564
2008-06-12,0.001055079752482646,0.0009684758232985652,0.0009684758232985652,1.008018076864177,0.9967739827669403,0.9527036207125724
2008-06-13,0.020034181675440355,0.019849654348071722,0.019849654348071722,1.028212894148202,1.016559601788015,0.9716144582798734
2008-06-16,0.008889857491151787,0.008847105962211341,0.008847105962211341,1.0373535602477444,1.0255532123019369,0.9802104343466919
2008-06-17,-0.005328190187576354,-0.0052595336397820314,-0.0052595336397820314,1.031826343186985,1.0201592806824482,0.9750549845931801
2008-06-18,-0.010712732525062885,-0.010550901381310122,-0.010550901381310122,1.020772663560109,1.0093956807187394,0.9647672756093826
2008-06-19,0.015618720217198678,0.015471071495802296,0.015471071495802296,1.036715826197619,1.0250121134626933,0.9796932591071459
2008-06-20,-0.02700275734291513,-0.02672037577720503,-0.02672037577720503,1.008721640309245,0.997623404614783,0.9535154870774083
2008-06-23,-0.007802522952369606,-0.007783192966073755,-0.007783192966073755,1.0008510665581802,0.9898587091491947,0.946094092045345
2008-06-24,-0.005101114850556865,-0.005028281939758395,-0.005028281939758395,0.9957456103193646,0.9848814204790673,0.9413368642090013
2008-06-25,0.016235754006759917,0.01607870287906067,0.01607870287906067,1.0119122911018208,1.0007170362100577,0.9564723399577246
2008-06-26,-0.0403615312373381,-0.03985792131445037,-0.03985792131445037,0.9710699615550683,0.9608305353227673,0.9183493406922415
2008-06-27,0.0,5.497018994228272e-05,5.497018994228272e-05,0.9710699615550683,0.9608833523597964,0.9183998225299328
2008-06-30,-0.010514532433563817,-0.010400255534839196,-0.010400255534839196,0.9608596149490379,0.9508899199560816,0.9088482296924706
2008-07-01,0.014168317440137024,0.014079894392939902,0.014079894392939902,0.9744733789890437,0.9642783496083743,0.921644716785751
2008-07-02,-0.02401189721420871,-0.01859944363125854,-0.01859944363125854,0.9510744243747762,0.9463433087999904,0.9045026378278472
2008-07-03,-0.0017891991600401669,-0.002611214622629028,-0.002611214622629028,0.9493727628135491,0.9438722033140248,0.9021407873137446
2008-07-07,0.006049358273561012,0.004108335779445485,0.0036030417563338146,0.9551158587909687,0.9477499472581239,0.9053912382405278
2008-07-08,0.0238309464408597,0.01897531009175102,0.01783058399032919,0.977877173666632,0.9657337963967876,0.9215348927580838
2008-07-09,-0.026539471022740235,-0.020341520327749253,-0.01888034090124955,0.9519248307523073,0.9460893027461879,0.9041359998304147
2008-07-10,0.011843858229083626,0.010973041645007075,0.010767744872005037,0.963199293492482,0.9564707800651175,0.9138715056061837
2008-07-11,-0.015901165596118982,-0.011957561794430463,-0.011027849212826636,0.9478833020245933,0.9450337216079219,0.9037934684424599
2008-07-14,-0.007404957572609505,-0.00496032437268282,-0.0043839971456918325,0.9408642663893162,0.940346047805623,0.8998312404565132
2008-07-15,0.0002254378934929413,0.00018660909268022402,0.00017745512426465561,0.9410763728475938,0.9405215249284096,0.8999909201211056
2008-07-16,0.02486403366335166,0.017549386386668205,0.015824943479849064,0.9644753274618613,0.9570271005743567,0.9142332255643993
2008-07-17,0.006616736218677088,0.004625342105729792,0.004155866911252554,0.9708570062930986,0.9614536783189678,0.91803265717569
2008-07-18,-0.0230060583870898,-0.01841358891679309,-0.01733090493993462,0.9485214133208043,0.9437498655238636,0.9021223204624226
2008-07-21,0.004261170707920536,0.004576674536457898,0.0046510552028954785,0.9525632249830823,0.9480691015021923,0.9063181411746576
2008-07-22,0.0,-0.0018166340115423328,-0.002244909158243729,0.9525632249830823,0.946346806927111,0.9042835392792522
2008-07-23,0.013175796960186892,0.008130129570316324,0.006940603266243316,0.9651140046272002,0.9540407290858834,0.9105598125655838
2008-07-24,-0.014987984283098443,-0.01101397004350737,-0.010077088139590285,0.9506488910944495,0.9435329530754456,0.9013840210779916
2008-07-25,0.012978120391958337,0.009899749333178838,0.009174017122715155,0.9629865268535549,0.9528736927984865,0.9096533335215031
2008-07-28,-0.01877617473342008,-0.014483830115594724,-0.01347190118042557,0.9449053235594232,0.9390724321103738,0.8973985737038568
2008-07-29,0.020711073812896386,0.015584164794477095,0.014375485611968535,0.9644753274618612,0.9537070916463322,0.9102991139883376
2008-07-30,0.005072902811069424,0.0036092098198227023,0.0032641412333220096,0.9693680170617496,0.9571492206467366,0.9132704588609635
2008-07-31,-0.002413417692451847,-0.0014368060177197253,-0.001206567837872431,0.9670285271388758,0.9557739828866556,0.9121685360980228
2008-08-01,-0.012759075771820005,-0.011005231918699891,-0.01059175967898957,0.9546901368875994,0.9452554685431285,0.9025070661769368
2008-08-04,-0.010026239934206371,-0.009826944813945818,-0.009355596009965779,0.945118184512344,0.9359664952186746,0.8940635746696458
2008-08-05,0.03376117438284654,0.02919107144733701,0.02328451556608963,0.9770264843520645,0.9632883600529164,0.9148814118911149
2008-08-06,0.015240395020475583,0.013746510783292481,0.011815764178336014,0.9919167539190565,0.976530213881804,0.9256914349051635
2008-08-07,-0.007720021321184323,-0.006887161247508095,-0.007028106848213354,0.9842591354299615,0.9698046928357364,0.9191855765921741
2008-08-08,0.02269250976313808,0.019557147973069806,0.019557147973069806,1.0065944454701636,0.9887713067185024,0.9371622249282988
2008-08-11,0.009087154533004016,0.006698257611135811,0.006698257611135811,1.0157415247482144,0.9953943516494024,0.9434395789342938
2008-08-12,0.0010470678185647841,0.000614744660345727,0.000614744660345727,1.0168050750107582,0.9960062650120172,0.9440195533778024
2008-08-13,-0.0020920379838373915,-0.001362114288187824,-0.001362114288187824,1.0146778801716771,0.9946495906473197,0.9427336908558178
2008-08-14,0.011530284331136453,0.009158702096721521,0.009158702096721521,1.0263774046345715,1.0037592899386845,0.951367907886909
2008-08-15,-0.0018655958691153884,-0.002357369061702372,-0.002357369061702372,1.0244625991883318,1.0013930588431867,0.9491251826145598
2008-08-18,-0.011627843819051464,-0.009579654490646728,-0.009579654490646728,1.0125503080865104,0.9918000593301372,0.9400328912967404
2008-08-19,-0.012394750153430278,-0.010235960334667964,-0.010235960334667964,0.9999999999999992,0.9816480332629125,0.9304107519081437
2008-08-20,0.0017022274278828409,0.0012812796933019965,0.0012812796933019965,1.001702227427882,0.9829057989539021,0.9316028683109934
2008-08-21,-0.004672535110194831,-0.0029031070503666378,-0.0029031070503666378,0.9970217386002648,0.9800523181991128,0.9288983254558579
2008-08-22,0.013228099054090725,0.011308864738844513,0.011308864738844513,1.0102104409175507,0.9911355973026175,0.9394031109745773
2008-08-25,-0.02105713439219492,-0.018839493051409237,-0.018839493051409237,0.9889383038987514,0.9724631051042305,0.9217052325928996
2008-08-26,-0.0012904023192038538,-0.0008466640906493134,-0.0008466640906493134,0.9876621756178509,0.9716397555136574,0.9209248578702997
2008-08-27,0.006461398430333665,0.005890499504827243,0.005890499504827243,0.9940438544490879,0.9773631990123811,0.9263495652895677
2008-08-28,0.008131584668796155,0.0077091503514145395,0.0077091503514145395,1.0021270062160372,0.9848978388615072,0.9334909333663526
2008-08-29,-0.021014389707773584,-0.019142039972369268,-0.019142039972369268,0.981067918770729,0.96604488506132,0.9156220126060095
2008-09-02,-0.012359136225690737,-0.012306607341711873,-0.012306607341711873,0.9689427667159867,0.9541561499864012,0.9043538120234395
2008-09-03,-0.009440170545398696,-0.009294334329613149,-0.009294334329613149,0.9597957817494573,0.9452879037257711,0.8959484453422335
2008-09-04,-0.0323583646595873,-0.03159518695358977,-0.03159518695358977,0.9287383598448747,0.9154213556825884,0.8676407867108675
2008-09-05,-0.004810223683311743,-0.0046867776326773875,-0.0046867776326773875,0.9242709205907488,0.9111309793483,0.8635743472785123
2008-09-08,-0.0018405750583745384,-0.0017092024836001358,-0.0017092024836001358,0.9225697305871285,0.9095736720155129,0.8620983238593705
2008-09-09,-0.021212799627131962,-0.020993854549507664,-0.020993854549507664,0.9029994437501266,0.8904782146431576,0.8439995570408925
2008-09-10,0.008244894098508482,0.007799353291757208,0.003757987122157249,0.9104445785348585,0.8974233688377729,0.8471712965073587
2008-09-11,0.018691378703642236,0.018047199967848274,0.012527730988798318,0.9274620429409315,0.9136193478310082,0.8577844306114344
2008-09-12,-0.003899213691244907,-0.0034712231134558153,0.0001958968738579955,0.9238456702449862,0.9104479712339167,0.8579524678998353
2008-09-15,-0.03108408198723367,-0.029982348297375883,-0.020542445074166575,0.8951287756875402,0.8831506030537422,0.8403280264517572
2008-09-16,0.007842528642451718,0.0074853375568395145,-0.002176989426895583,0.9021488487495525,0.8897612834311258,0.8384986412230476
2008-09-17,-0.05187518151043469,-0.049511464564186265,0.011451236586416648,0.8553497134712398,0.8457078991759407,0.8481004875410816
2008-09-18,0.0338225784124877,0.032701003970548356,0.0037744408172813732,0.8842798462252197,0.8733633965448173,0.8513015926384128
2008-09-19,0.032689694273712266,0.03209064205130001,0.016640466569635276,0.9131866840507274,0.9013901886840447,0.8654676483313896
2008-09-22,-0.04708639249200597,-0.04561372206905712,-0.007632030974421637,0.8701880174270414,0.8602744271416358,0.8588623724319645
2008-09-23,-0.007582736626389974,-0.00746810340000453,-0.0045115941051175985,0.8635896108754517,0.8538498087673625,0.8549875340153932
2008-09-24,0.00690187734062464,0.006568970310634696,-0.002017045799468013,0.8695500004423519,0.8594587228108964,0.8532629850013099
2008-09-25,0.01591141762525905,0.015515113495390101,0.005294020706638228,0.8833857736454344,0.8727933224399105,0.8577801769121148
2008-09-26,-0.01012076202868295,-0.009779421878766457,-0.0009759068965312747,0.8744452364508449,0.8642579083268004,0.8569430633217585
2008-09-29,-0.07935708455563417,-0.07699708756777969,-0.01613032798590918,0.8050518118825437,0.7977125664782156,0.8431202906451288
2008-09-30,0.028821248303807945,0.027569078905479494,-0.004725663043798263,0.828254410050241,0.8197047671673461,0.8391359882461507
2008-10-01,-0.010536750869196698,-0.010141283194360588,5.823655525319932e-05,0.8195272996752282,0.8113919089877346,0.8391848566354951
2008-10-02,-0.04545551317532226,-0.03066776766633138,-0.025519472085880835,0.7822752657073045,0.7865083304365577,0.8177693021116917
2008-10-03,-0.01550986006521482,-0.005949032521183645,-0.00305103072716485,0.7701422858037055,0.7818293668006088,0.8152742628432168
2008-10-06,-0.036484013212431665,-0.013867672556747472,-0.007012387750859408,0.7420444044729908,0.7709872131465687,0.809557243588864
2008-10-07,-0.06339663600316892,-0.02651916255302562,-0.015341156912277994,0.6950012854644284,0.7505412779148306,0.797137698885496
2008-10-08,-0.007963400165959533,-2.2064719556692602e-05,0.002385049545876127,0.689466712112419,0.7505247174320177,0.7990389117922236
2008-10-09,-0.026859954068854885,-0.013782959357425704,-0.009819165014355972,0.670947667893075,0.7401802657549088,0.7911930168644443
2008-10-10,-0.0063455052601415485,-0.021468428575328723,-0.026052368479733946,0.6666901659371798,0.7242897585866818,0.7705805648504995
2008-10-13,0.12164716032535106,0.05775232878984838,0.03838503703966767,0.7477911314402748,0.7661191788636998,0.800159328374334
2008-10-14,-0.04326762667902395,-0.01976625093274137,-0.01264270134867258,0.715435983931232,0.7509758749298941,0.7900431529543428
2008-10-15,-0.0895561777794206,-0.04156433443359142,-0.027017429631264987,0.6513642717644919,0.7197620625127491,0.7686982176637361
2008-10-16,0.054248204615227946,0.016733816840439765,0.005362754809232557,0.686699614058221,0.7318064290355346,0.7728205577273608
2008-10-17,0.0012396325318908552,-0.0057850800865701804,-0.007914354950802598,0.6875508692394444,0.7275728702356971,0.7667041815202292
2008-10-20,0.027863714874512002,0.02246378562948245,0.020827002143157584,0.7067085906216551,0.743916911222499,0.7826723311519189
2008-10-21,-0.05180687912770421,-0.030823328116287817,-0.02446296148527024,0.6700962240888089,0.7209869161766326,0.7635258480593629
2008-10-22,-0.027636536161019465,-0.024361370898931818,-0.023368628925339422,0.6515770855604159,0.7034226864983766,0.7456832958411586
2008-10-23,-0.003920518527204431,-0.002026935940630175,-0.0014529682890077097,0.6490225655245745,0.7019968937736584,0.7445998416586586
2008-10-24,-0.03214157735232959,-0.014563058828720814,-0.009234798489016817,0.628161956531359,0.6917736717120533,0.737723612165987
2008-10-27,-0.027787305329841305,-0.013810727788224704,-0.009574259072173609,0.6107070284486316,0.6822197738409774,0.7306604551794502
2008-10-28,0.11049138373485468,0.05883520670463406,0.0431775983003083,0.6781848930785221,0.7223583152529001,0.7622086188071089
2008-10-29,-0.0025109488996057916,-0.0021694730190825965,-0.0020659675735745704,0.6764820054675174,0.720791178377849,0.7606339205163544
2008-10-30,0.033354101461471775,0.013708940620569205,0.0077542561438822604,0.6990454549147408,0.7306724618420611,0.7665320707677636
2008-10-31,0.001522511515140934,-0.004644880282949373,-0.006514290897560942,0.7001097596694554,0.7272785757307568,0.7615386578764727
2008-11-03,-0.0021280737362403546,-0.0011373169692754294,-0.0008370066797238605,0.6986198744774174,0.7264514294651878,0.7609012449329621
2008-11-04,0.028336167703953752,0.02677286584616643,0.026935690233656648,0.7184160844019246,0.745900616130015,0.78139664516488
2008-11-05,-0.052147788935294814,-0.02266437896473797,-0.02266437896473797,0.6809522740648121,0.7289952418960128,0.7636867754770883
2008-11-06,-0.044701707004290436,-0.017355484841573544,-0.017355484841573544,0.6505125450256616,0.7163431760257073,0.7504326212215855
2008-11-07,0.020615317813419187,0.008281128813662834,0.008281128813662834,0.6639230678829817,0.7222753061411645,0.7566470504238961
2008-11-10,-0.013465798512669047,-0.0007153722874651333,-0.0007153722874651333,0.6549828136229564,0.7217586104032307,0.7561057660926307
2008-11-11,-0.021774494243141262,-0.010642917873970583,-0.010642917873970583,0.6407208941183669,0.7140769927878781,0.7480585945200713
2008-11-12,-0.046179384632921594,-0.020625386116348475,-0.020625386116348475,0.6111327975065254,0.6993488790948271,0.7326295971704418
2008-11-13,0.06095439889782406,0.026517694710317924,0.026517694710317924,0.6483840298252813,0.7178939991666667,0.7520572451639508
2008-11-14,-0.04858861338603815,-0.008867864371589311,-0.008867864371589311,0.6168799488744193,0.711527812548879,0.7453881035141658
2008-11-17,-0.021048848085596372,-0.006414275794529349,-0.006414275794529349,0.6038953365435112,0.7069638769237123,0.7406069786442648
2008-11-18,-0.001056893017889915,-0.0012786739194407194,-0.0012786739194407194,0.6032570837787822,0.7060599006523033,0.7396599838161166
2008-11-19,-0.052223386931564475,-0.012571240146169775,-0.012571240146169775,0.5717529556733957,0.6971838520836224,0.7303615405330522
2008-11-20,-0.04839896928259024,-0.006981095040151539,-0.006981095040151539,0.5440807019345288,0.6923167453517677,0.7252628172049195
2008-11-21,0.04342692934238479,0.0359732508572909,0.0359732508572909,0.5677084561339948,0.7172216293050101,0.7513528784656976
2008-11-24,0.06111713135152774,0.021590608770759346,0.021590608770759346,0.6024051684169092,0.7327068809052611,0.7675750445134344
2008-11-25,-0.004593182015604769,0.002878527092742876,0.002878527092742876,0.5996382118312292,0.7348159975129861,0.7697845300747796
2008-11-26,0.04188838315496324,0.009728428963795584,0.009728428963795584,0.6247560870027727,0.7419646027462518,0.7772733241930408
2008-11-28,-0.007836341220953114,-0.0008090833981623698,-0.0008090833981623698,0.6198602851251516,0.7413642915041456,0.7766444452506018
2008-12-01,-0.07520629765106035,-0.03422463324284202,-0.03422463324284202,0.5732428880199583,0.7159913705280768,0.7500640739518095
2008-12-02,0.03341998468638763,0.017254005009994442,0.01642885300495784,0.5924006565591659,0.7283450892222811,0.7623867663670637
2008-12-03,0.028386856428520568,0.008047057762423638,0.00695925602578402,0.6092170489450722,0.7342061242262304,0.7676924110648817
2008-12-04,-0.028302087604298642,-0.01197108239670228,-0.01109767670977652,0.5919749346557965,0.7254168822169548,0.7591728088743348
2008-12-05,0.04063314979439503,0.009701977651359705,0.008047734001958358,0.6160287408501928,0.7324548605961426,0.7652824297016751
2008-12-08,0.03939187259807997,0.019022269897273156,0.017932874197917954,0.6402952665265191,0.746387814641972,0.7790061432393922
2008-12-09,-0.0023272403334934078,0.000651114287197056,0.0008104009832898756,0.6388051455569137,0.7468737984118752,0.7796374505838622
2008-12-10,-0.0033320995763883587,0.010136148707345489,0.010856450029548824,0.6366765832020088,0.754444222298198,0.7881015456072907
2008-12-11,-0.027415542261494008,-0.007081493079625896,-0.005993998833686238,0.6192217494283305,0.7491016307590295,0.7833776658620943
2008-12-12,0.020281428775011046,0.007740831605581964,0.007070142401458166,0.6317804512352989,0.754900300338202,0.7889162575138612
2008-12-15,-0.017519812661569656,-0.0007750179745427387,0.00012051776989819237,0.6207117760864145,0.7543152390364521,0.7890113359418531
2008-12-16,0.04801063889449786,0.026556808782043483,0.025409427038644076,0.6505125450256617,0.7743474446009248,0.8090596619151307
2008-12-17,-0.012107153430847784,-0.0012328893016453624,-0.0006513179892340265,0.6426366898343447,0.7733927599207199,0.8085327068029617
2008-12-18,-0.01755536977710337,-0.007605377869432712,-0.0070732379670473714,0.6313549651119691,0.7675108157400393,0.8028137625636035
2008-12-19,0.008204516591373112,-0.00031326761308762515,-0.0007688109840934666,0.636534927398276,0.7672703794587735,0.8021965505247632
2008-12-22,-0.021768230134708966,-0.005930082165248245,-0.005083035193487797,0.6226786886098901,0.7627204030656218,0.7981189572263513
2008-12-23,-0.005135659331651499,-0.005098050994355317,-0.0050960396462935926,0.6194808229921102,0.758832015556358,0.7940517113778673
2008-12-24,0.002753081468924945,0.0035261215614964805,0.003567464859382365,0.6211863041662441,0.7615077494879652,0.7968844629547404
2008-12-26,-0.00034312392849467077,0.006484358075112043,0.0068495016491621945,0.6209731602812315,0.7664456384126178,0.8023427243979405
2008-12-29,-0.008238788092663762,-0.0016450227661247564,-0.0012923786966847306,0.6158570940024427,0.7651848178884321,0.8013057937534886
2008-12-30,0.020768571687956205,0.008491193732895967,0.007834581871582086,0.6286475662087688,0.7716821504185934,0.8075836895988234
2008-12-31,0.0084773370681972,0.0031986813674002587,0.0029163712554510822,0.6339768235246224,0.7741505157346928,0.8099389034575406
2009-01-02,0.04337622653056128,0.012831337274765662,0.011197752590699793,0.661476345836952,0.7840839021035185,0.8190083989120409
2009-01-05,-0.0003223670776378862,-0.002836929556366415,-0.0028724660234152634,0.661263107640418,0.78185951130697,0.8166558251132743
2009-01-06,0.009993464292143761,0.007802821710200405,0.007802821710200405,0.6678714168943345,0.7879602216761227,0.8230280449152297
2009-01-07,-0.02840698115425211,-0.02427755722777406,-0.02427755722777406,0.6488992061411535,0.7688304723011711,0.8030469344547373
2009-01-08,0.010511764894704179,0.00948760523141485,0.00948760523141485,0.6557202820364695,0.7761248323122467,0.8106659267511417
2009-01-09,-0.02243117828411323,-0.017975389788716222,-0.017975389788716222,0.6410117034856004,0.7621736859267321,0.796093890729359
2009-01-12,-0.018290791332698397,-0.016842906655739155,-0.016842906655739155,0.6292870921753277,0.7493364656792074,0.7826853556386002
2009-01-13,0.0003386319744005384,7.616472605776675e-05,-0.0009838132070764084,0.6295001889058158,0.749393538685841,0.7819153394487377
2009-01-14,-0.030477122924365108,-0.02456598725177629,-0.011538255011223754,0.6103148342676222,0.7309839465679211,0.7728934008649906
2009-01-15,0.016416098880577268,0.013525974682693901,0.007156341793608758,0.6203338229352426,0.7408712169226545,0.7784244902116051
2009-01-16,0.010996575066909875,0.010736798729984426,0.010164269736006162,0.6271553703856932,0.7488258020635916,0.786336606699229
2009-01-20,-0.049625986820235335,-0.037721653268073835,-0.011485329385515334,0.596032166240693,0.7205788547999615,0.7773052717633999
2009-01-21,0.0425606519663686,0.03229978193186591,0.00968553743321681,0.6213996838288239,0.743853394674714,0.784833891070101
2009-01-22,-0.013378983499481967,-0.010602688549976017,-0.004483927413992572,0.6130859877122948,0.7359665488041356,0.7813147528705013
2009-01-23,0.004867511377598666,0.007023978846412565,0.011776683288546549,0.6160701907329308,0.7411359622746031,0.7905160492637263
2009-01-26,0.007266818726483049,0.0063646877950826785,0.004376453913951494,0.6205470611317768,0.7458530612881892,0.793975706321568
2009-01-27,0.007213633133762443,0.005907000971748618,0.0030272744883002617,0.6250234599730159,0.7502588160460002,0.7963792887216454
2009-01-28,0.035129999688995106,0.025872678727502697,0.00547018664625443,0.6469805339274826,0.7696700213560349,0.8007356320721642
2009-01-29,-0.02537069015032678,-0.01880844994052806,-0.019289968297919367,0.6305661912679155,0.7551937212886347,0.7852894671144778
2009-01-30,-0.017580023206628437,-0.012683221749857712,-0.012683221749857712,0.6194808229921102,0.7456154318574307,0.7753294666652373
2009-02-02,0.012044455486145411,0.008062283698865223,0.008062283698865223,0.6269421321891594,0.7516267949993173,0.7815803927855823
2009-02-03,0.015640975052056305,0.0073018340241329145,0.0073018340241329145,0.636748118437813,0.7571150491044932,0.7872873630902192
2009-02-04,0.001339396933247583,0.0020923456233137103,0.0020923456233137103,0.6376009769148998,0.758699195463832,0.7889346403586712
2009-02-05,0.022065754923880965,0.01505839469339264,0.01505839469339264,0.6516701238107311,0.7701239874026858,0.8008147295604818
2009-02-06,0.026169625266725616,0.014626473153524487,0.014626473153524487,0.6687240867483786,0.7813881852293164,0.8125278247033451
2009-02-09,0.004144082460288079,0.0006849713924603244,0.0006849713924603244,0.6714953345070447,0.781923413782605,0.8130843830188449
2009-02-10,-0.036825472668058024,-0.018851595404082114,-0.018851595404082114,0.646767201419427,0.7671829099489966,0.7977564452007959
2009-02-11,-0.004614248345625183,0.0010900308530984164,0.0010900308530984164,0.6437828569302728,0.7680191629908107,0.7986260243393228
2009-02-12,0.012251439744864756,0.007729902726486808,0.007729902726486808,0.651670123810731,0.7739558764128075,0.8047993258223066
2009-02-13,-0.004579460102768329,-0.005391183925470342,-0.005391183925470342,0.6486858264785736,0.7697833379328675,0.800460504633704
2009-02-17,-0.039763461649370835,-0.019239609980245962,-0.019239609980245962,0.6228918324949024,0.7549730067417472,0.7850599567199606
2009-02-18,0.0006843688586990471,0.0013243156344191949,0.0013243156344191949,0.6233181202674,0.7559728292981397,0.7860996238946013
2009-02-19,-0.015389508374045402,-0.01171143577961727,-0.01171143577961727,0.6137255608358506,0.747119302056679,0.7768932686329784
2009-02-20,0.002778668214120872,0.004401282916400916,0.004401282916400916,0.6154309005439387,0.7504075854773343,0.7803125957040795
2009-02-23,-0.034984359858842184,-0.0215389290388137,-0.0215389290388137,0.5939004444510582,0.7342446097435504,0.7635054980771168
2009-02-24,0.033022005724990144,0.01653268549580065,0.01653268549580065,0.6135122283277952,0.7463836449534273,0.7761282943511403
2009-02-25,-0.006601593315878507,-0.007243024313257714,-0.007243024313257714,0.6094620701020567,0.7409775700660117,0.7705067782449477
2009-02-26,-0.027981992279296763,-0.018347458981553214,-0.011465216597772727,0.5924081071619367,0.7273825144929746,0.7616727511423174
2009-02-27,-0.009355714643897506,-0.007056241121075104,-0.005342309630515185,0.5868657059585982,0.7222499280834583,0.7576036594685888
2009-03-02,-0.032328349026224945,-0.0220224025669756,-0.014340780664736277,0.5678933065848467,0.7063442494132353,0.7467390315573481
2009-03-03,-0.0007508137163704243,-0.003612952142370619,-0.006161385838239578,0.5674669245008278,0.7037922614440665,0.74213808426345
2009-03-04,0.02667150411588981,0.015640806579638365,0.0055584115862947585,0.582602120913283,0.7148001400775593,0.7462631931896505
2009-03-05,-0.030003753990361814,-0.014203020057225938,0.0002393341252767962,0.5651218702031379,0.7046478193511299,0.7464417994382189
2009-03-06,-0.007921705332675999,-0.004927329722447664,-0.0021903788123589798,0.5606451412703378,0.701175787206983,0.7448068091360703
2009-03-09,-0.021292553330117925,-0.017012455711887673,-0.013100315554364013,0.5487075747005676,0.6892470651808762,0.7350496049093489
2009-03-10,0.06177160253567093,0.03519293944105566,0.010899228292306114,0.5826021209132831,0.7135036954057121,0.7430610783594254
2009-03-11,0.015367806047542176,0.011670142456910487,0.00829036481812272,0.5915554373103652,0.7218303851746289,0.7492213257811727
2009-03-12,0.033152909498907146,0.024458282243886253,0.01651112695140219,0.6111672211871022,0.7394851164674432,0.7615918142058435
2009-03-13,0.00244201374587516,0.0019958441462021278,0.0015880314831187919,0.6126596999422694,0.7409610135083483,0.7628012459840879
2009-03-16,-0.016701398871372453,-0.011074268616699542,-0.005930899421764052,0.6024274259211182,0.7327554122102549,0.75827714851536
2009-03-17,0.037862821907744815,0.02335770829740012,0.01009959072485371,0.6252370282611106,0.7498708993820032,0.7659354373713743
2009-03-18,0.012614842885939836,0.015643484402521123,0.01841175539926072,0.6331242951390964,0.76160149310039,0.7800376532958817
2009-03-19,-0.0006736061091673351,0.0016015030824255538,0.0012672234649110895,0.6326978187460285,0.7628212002391701,0.7810261353136525
2009-03-20,-0.015220388756677306,-0.011085972320266433,-0.011085972320266433,0.6230679119792122,0.7543645855280062,0.7723677011961607
2009-03-23,0.058944364201661825,0.0363347618039744,0.0363347618039744,0.6597942539052838,0.7817742430565202,0.8004314976442065
2009-03-24,-0.018446854933933943,-0.013418998407460858,-0.013418998407460858,0.6476231250172498,0.7712836157339509,0.7896905086520374
2009-03-25,0.004616450718692322,0.0035031995540936835,0.0035031995540936835,0.6506128452581775,0.7739855761526698,0.7924569520898193
2009-03-26,0.030849716954284956,0.020459139004213454,0.020459139004213454,0.6706840673812143,0.7898206546424336,0.8086699390274802
2009-03-27,-0.01878371052089145,-0.013316170617076356,-0.013316170617076356,0.6580861320085516,0.779303268048324,0.7979015521464895
2009-03-30,-0.024659647211160207,-0.017242413858587668,-0.017242413858587668,0.6418579601586637,0.7658661985792848,0.7841438033659702
2009-03-31,0.00864970110160046,0.006573994297454283,0.006573994297454283,0.6474098396637191,0.7709009986013581,0.7892987602576822
2009-04-01,0.014841445831731859,0.011074188346416942,0.011074188346416942,0.6570183377300184,0.7794381014563104,0.7980396033903692
2009-04-02,0.032174308541522034,0.031403461339862805,0.031403461339862805,0.6781574484455819,0.8039151557422097,0.8231008092231181
2009-04-03,0.018577128856479108,0.018325321570463963,0.018325321570463963,0.6907556667503366,0.8186471594865553,0.8381843962370409
2009-04-06,-0.002473308679259101,-0.0025588125560263787,-0.0025588125560263787,0.6890472147645156,0.8165523948559058,0.8360396394796841
2009-04-07,-0.026340314821426625,-0.02601992603744638,-0.02601992603744638,0.670897494200791,0.7953057619360554,0.8142859498960493
2009-04-08,0.016868444590221854,0.016720038887797554,0.016720038887797554,0.6822144914074357,0.8086033052033157,0.8279008426440984
2009-04-09,0.030985949177004368,0.030643737175849475,0.030643737175849475,0.7033535549660024,0.8333819323674893,0.8532708184737484
2009-04-13,-0.0015184154455969434,-0.0014358680814225112,-0.0014358680814225112,0.7022855720644264,0.8321853058511686,0.8520456341406927
2009-04-14,-0.012161297522687353,-0.012064711343059208,-0.012064711343059208,0.6937448682766603,0.8221452303521388,0.8417659495136713
2009-04-15,-0.0027700243565457194,-0.0027282769935308595,-0.0027282769935308595,0.6918231780943053,0.8199021904348279,0.8394693788396755
2009-04-16,0.025926056191164948,0.0255955153481418,0.0255955153481418,0.7097594246839285,0.8408880095340776,0.8609560302100615
2009-04-17,0.002105452824751497,0.0020339129150750423,0.0020339129150750423,0.7112537896695232,0.8425983025168007,0.8627071397992175
2009-04-20,-0.03212214425299864,-0.03171629299778457,-0.03171629299778457,0.6884067928372669,0.815874207874742,0.8353452673820648
2009-04-21,0.013958067029317789,0.01380270455493418,0.01380270455493418,0.6980156209951272,0.827135478520028,0.846875291309102
2009-04-22,0.0030586357514028606,0.003032353976008555,0.003032353976008555,0.7001505965285405,0.829643646077016,0.8494433169658866
2009-04-23,0.0097589338542734,0.009722931031569387,0.009722931031569387,0.7069833198880926,0.8377102140286026,0.8577023957519735
2009-04-24,0.017517732002703346,0.01736176187746193,0.01736176187746193,0.7193680642162736,0.8522543392868849,0.8725936205087479
2009-04-27,0.0011871394600670993,0.0011613948208534397,0.0011613948208534397,0.7202220544316169,0.8532441430625826,0.8736070462203166
2009-04-28,-0.007411707828922198,-0.007403665647564679,-0.007403665647564679,0.7148839789922237,0.8469270087116043,0.8671391517427448
2009-04-29,0.01373931922665772,0.013616677631436072,0.013616677631436072,0.7247059981896211,0.8584593407665867,0.8789467060336228
2009-04-30,0.010017467059589391,0.00986820153331989,0.00986820153331989,0.7319657166543725,0.8669307905494322,0.8876203292658101
2009-05-01,0.0026255760408904205,0.0026053912263654297,0.0026053912263654297,0.7338875483027734,0.8691894844249958,0.889932927484023
2009-05-04,0.01978485854701373,0.01966773151365742,0.01966773151365742,0.7484074096353585,0.886284469839161,0.907435889366942
2009-05-05,-0.0008559650025420362,-0.0008620735445767354,-0.0008620735445767354,0.7477667990850675,0.8855204274447435,0.9066536128933194
2009-05-06,0.000285671205088045,0.00032193401335539796,0.00032193401335539796,0.7479804145276869,0.8858055065898589,0.9069454955296412
2009-05-07,-0.02340889227568066,-0.02321477256126579,-0.02321477256126579,0.7304710215796894,0.8652417332208585,0.885890962125456
2009-05-08,0.0005848058521449317,0.0006214774146870878,0.0006214774146870878,0.7308982053079315,0.8657794614163,0.8864415233502925
2009-05-11,0.0035057520610044524,0.003478581553715678,0.003478581553715678,0.7334605531975742,0.8687911458803687,0.8895250824818665
2009-05-12,-0.012227330731006458,-0.012052872099028507,-0.012052872099028507,0.7244922884354805,0.8583197173183041,0.8788037504338347
2009-05-13,-0.026819625115924728,-0.02654903947687941,-0.02654903947687941,0.7050616768602626,0.8355321532594365,0.8554723549711373
2009-05-14,0.01120542769147126,0.011095101189228806,0.011095101189228806,0.7129621944983477,0.8448024670467043,0.86496390731413
2009-05-15,-0.0005991012945897323,-0.0005957491876014419,-0.0005957491876014419,0.7125350579246302,0.8442991766632775,0.864448605769043
2009-05-18,0.026071168222911112,0.025744732262127697,0.025744732262127697,0.7311116792845049,0.8660354329156084,0.8867036036789365
2009-05-19,0.004673057239216849,0.00465887055734542,0.00465887055734542,0.7345282060100614,0.8700701798956367,0.8908346409912083
2009-05-20,-0.0034886194086516387,-0.0034107800464648645,-0.0034107800464648645,0.7319657166543726,0.8671025618870246,0.8877961999730158
2009-05-21,-0.018377679402113545,-0.018179905542467064,-0.018179905542467064,0.7185138853803602,0.8513387192162873,0.8716561489165452
2009-05-22,-0.003268875511442171,-0.0032351988128292986,-0.0032351988128292986,0.7161651529358092,0.8485844692025631,0.868836167978375
2009-05-26,0.037268927672116536,0.03688866223555755,0.03688866223555755,0.7428558602218641,0.8798876150653163,0.9008863719169654
2009-05-27,-0.0068981964868959356,-0.006885407374575275,-0.006885407374575275,0.7377314945366116,0.8738292303917481,0.8946834022481139
2009-05-28,0.011576661794940879,0.01153167682474473,0.01153167682474473,0.7462719625443383,0.883905946676641,0.9050006021033022
2009-05-29,0.0123037913449906,0.012302507874388552,0.012302507874388552,0.7554539370581004,0.8947802065458493,0.9161343791370046
2009-06-01,0.02854696513221544,0.028228324414359993,0.028228324414359993,0.7770198542582929,0.9200383524957736,0.9419953175984321
2009-06-02,0.0013742174960926778,0.0013818114215780905,0.0013818114215780905,0.778087648536826,0.9213096719995421,0.9432969774873626
2009-06-03,-0.0030188386514179433,-0.003061131928193377,-0.003061131928193377,0.7757387274692321,0.9184894215468309,0.9404094209918078
2009-06-04,0.011285564339472254,0.011217688213946128,0.011217688213946128,0.7844933767887065,0.9287927495055509,0.9509586406699515
2009-06-05,0.0010881674071956393,0.0009730536903613861,0.0009730536903613861,0.7853470369124887,0.9296965147180382,0.9518839744846365
2009-06-08,-0.002990393490521992,-0.0029756959227571467,-0.0029756959227571467,0.7829985402455049,0.9269300205897901,0.9490514572228247
2009-06-09,0.007635748975127088,0.0075677177717749155,0.0075677177717749155,0.7889773205467104,0.9339447653797992,0.9562336108019788
2009-06-10,-0.0035189702645396226,-0.0034912574924390698,-0.0034912574924390698,0.7862009328163104,0.9306841237201428,0.9528951530437443
2009-06-11,0.0,2.824717962839638e-05,2.824717962839638e-05,0.7862009328163104,0.9307104129217628,0.9529220696442994
2009-06-12,-0.004616841281385842,-0.004597144136864266,-0.004597144136864266,0.78257116789422,0.926431803003881,0.9485413495389455
2009-06-15,-0.02046360379116907,-0.020306281532733027,-0.020306281532733027,0.7665569415760403,0.9076194179912066,0.9292800018497691
2009-06-16,-0.009749345173923785,-0.009601433695445201,-0.009601433695445201,0.7590835133571481,0.8989049703286655,0.9203575815275054
2009-06-17,0.009564291126187285,0.009475296441022251,0.009475296441022251,0.7663436090679849,0.9074223613948379,0.9290782424442208
2009-06-18,-0.0019504241400293276,-0.001955078529910567,-0.001955078529910567,0.7648489139933016,0.9056482794185141,0.927261821519811
2009-06-19,0.010733283846449782,0.01064418972289449,0.01064418972289449,0.7730582544868405,0.9152881715268576,0.9371317722708644
2009-06-22,-0.02986708942896399,-0.029607793757264456,-0.029607793757264456,0.7499692544662833,0.8881885081158267,0.909385368034089
2009-06-23,-0.002280607319016137,-0.002232288368343218,-0.002232288368343218,0.7482588690955104,0.8862058152402637,0.907355357654685
2009-06-24,0.016857318701240853,0.016700623959803224,0.016700623959803224,0.7608725073228835,0.9010060053115823,0.9225087582807887
2009-06-25,0.019668100685691803,0.019548618329871766,0.019548618329871766,0.7758374244058848,0.9186194278223409,0.9405425299023839
2009-06-26,0.002205113748789511,0.0021842880658867487,0.0021842880658867487,0.7775482341772676,0.9206259572756248,0.9425969457259085
2009-06-29,0.0021993522215613126,0.0021834652336247397,0.0021834652336247397,0.7792583366134764,0.9226361120465086,0.9446550733862219
2009-06-30,-0.0019202780538365438,-0.0019468897612738049,-0.0019468897612738049,0.7777619439314084,0.9208398412465838,0.9428159340959109
2009-07-01,0.0005496718155713065,0.0005994538131388216,0.0005994538131388216,0.7781894577512114,0.9213918422007092,0.9433811087026928
2009-07-02,-0.021978611295640382,-0.02182174056004881,-0.02182174056004881,0.7610859341449323,0.90128546846606,0.9227948908993314
2009-07-06,-0.0053366077169293424,-0.005301823193263677,-0.005301823193263677,0.7570243170755281,0.896507012265595,0.9179023955441361
2009-07-07,-0.024851453329211792,-0.02461475141347344,-0.02461475141347344,0.7382111625906471,0.8744397150182416,0.8953084562559854
2009-07-08,0.005212091842020206,0.005126305307642172,0.005126305307642172,0.7420587869688741,0.8789223599705528,0.8998980807472675
2009-07-09,0.0017288004313109617,0.001704891217255668,0.001704891217255668,0.7433416585198439,0.8804208269827163,0.9014323090815588
2009-07-10,0.0043140663087262165,0.004285217118268548,0.004285217118268548,0.746548483724737,0.8841936213817828,0.9052951422433955
2009-07-13,0.019186997107916604,0.019031203739770894,0.019031203739770894,0.7608725073228831,0.9010208903357053,0.9225239985400544
2009-07-14,0.0036520514168807416,0.003621524925573376,0.003621524925573376,0.7636512528413173,0.9042839599485183,0.9258649421952068
2009-07-15,0.033594841921680274,0.03329239611617181,0.03329239611617181,0.7893059959638145,0.9343897397446247,0.956689204600846
2009-07-16,0.011918365591031543,0.011806865382132433,0.011806865382132433,0.7987132333869045,0.9454219536162352,0.9679847052521076
2009-07-17,0.005352886309976768,0.00526816995054018,0.00526816995054018,0.8029886545194985,0.9504025971428571,0.9730842131888991
2009-07-20,0.009584551590291701,0.009557156126825127,0.009557156126825127,0.8106849407051596,0.9594857431470915,0.9823841309388942
2009-07-21,0.006856582849924742,0.006819994750769921,0.006819994750769921,0.8162434691662909,0.9660294308787931,0.9890839855551371
2009-07-22,0.008381625614825028,0.008290840434762208,0.008290840434762208,0.8230849163353887,0.9740386267454932,0.9972843230559533
2009-07-23,0.022077832493691885,0.021850279430313667,0.021850279430313667,0.8412568472463259,0.9953216429158013,1.019075264186197
2009-07-24,-0.0076241151038421995,-0.0075211891355891755,-0.0075211891355891755,0.8348430082110245,0.9878356405886861,1.0114106063808521
2009-07-27,0.007682688807618465,0.007597878548903431,0.007597878548903431,0.8412568472463259,0.9953410958121572,1.0190951813312066
2009-07-28,-0.00686200628473288,-0.006855970226369836,-0.006855970226369836,0.8354841374734471,0.9885170668941867,1.0121082951101628
2009-07-29,0.0066530628312591045,0.006554614768926483,0.006554614768926483,0.8410426659345782,0.9949964154601871,1.0187422750890447
2009-07-30,0.0058473499092353,0.005843514061133385,0.005843514061133385,0.8459605366908938,1.000810691004706,1.0246953098981986
2009-07-31,-0.003033269192519339,-0.00291988903543313,-0.00291988903543313,0.8433945106568621,0.9978884348414971,1.021703313298167
2009-08-03,0.014955854259172563,0.014812973986851162,0.014812973986851162,0.8560081960412323,1.0126701302685839,1.0368377779003324
2009-08-04,0.0,5.142284553294741e-06,5.142284553294741e-06,0.8560081960412323,1.0126753377065523,1.036843109615222
2009-08-05,-0.00774216905521341,-0.007694986018514986,-0.007694986018514986,0.8493808358748328,1.0048828151416054,1.0288646163833393
2009-08-06,-0.008809559183584392,-0.008721616371010675,-0.008721616371010675,0.841898165131791,0.996118612730119,1.0198912539015368
2009-08-07,0.012696394872949712,0.012534183557138737,0.012534183557138737,0.8525872366791161,1.0086041462667608,1.032674758086259
2009-08-10,-0.007020700156954218,-0.006960295599469388,-0.006960295599469388,0.8466014773327458,1.0015839632658936,1.025487036511868
2009-08-11,-0.008585936679771033,-0.008484293266388656,-0.008484293266388656,0.8393326106553662,0.9930862311906339,1.0167865037532215
2009-08-12,0.01553758192951693,0.015375391387177683,0.015375391387177683,0.8523738098595394,1.008355320676407,1.0324199942056274
2009-08-13,0.005518009182824191,0.005508293554981432,0.005508293554981432,0.8570772163695431,1.0139096377904202,1.0381068666057442
2009-08-14,-0.011474260022297122,-0.011378106805005336,-0.011378106805005336,0.8472428895297324,1.0023732656410165,1.0262951758024947
2009-08-17,-0.02901822761568751,-0.028769919539589465,-0.028769919539589465,0.8226574025155858,0.9735350674398888,0.9967687461707881
2009-08-18,0.014293046489003869,0.01415974368399251,0.01415974368399251,0.8344156830142643,0.9873200744622159,1.010882736128781
2009-08-19,0.006917701012546074,0.006885517754946055,0.006885517754946055,0.8401879212295363,0.9941182843647401,1.0178431871565643
2009-08-20,0.011704576630104047,0.011599956086620816,0.011599956086620816,0.8500219651372553,1.0056500128082781,1.0296501234306468
2009-08-21,0.013330080227476504,0.01323460655963111,0.01323460655963111,0.8613528261276521,1.0189593950644837,1.043277137708327
2009-08-24,-0.0009928756680273043,-0.001004122175404018,-0.001004122175404018,0.8604976098650033,1.0179362353400632,1.042229559999262
2009-08-25,0.0029814777484706845,0.002971196528197376,0.002971196528197376,0.863063164341428,1.0209607239484317,1.0453262288495164
2009-08-26,-0.001734198414433119,-0.0017071082304775547,-0.0017071082304775547,0.8615664415702715,1.019217833493585,1.0435417438407133
2009-08-27,0.002481792670298688,0.00246349843496093,0.00246349843496093,0.863704670849936,1.0217286750312808,1.0461125072934814
2009-08-28,0.0009890801523562143,0.001009714526515699,0.001009714526515699,0.864558943997371,1.0227603293166176,1.0471687822884654
2009-08-31,-0.010137599156949784,-0.010060078725032862,-0.010060078725032862,0.8557943919755698,1.0124712798868518,1.0366341819002467
2009-09-01,-0.018736011055021318,-0.018544612744668842,-0.018544612744668842,0.8397602187866903,0.9936953920862509,1.01741020243902
2009-09-02,-0.0007641409025991308,-0.0006519674849607868,-0.0006519674849607868,0.8391185236551397,0.9930475350006553,1.0167468840681624
2009-09-03,0.006624247119931148,0.006593533743837456,0.006593533743837456,0.8446770521187431,0.9995952274319168,1.0234508389572075
2009-09-04,0.021514247422732113,0.021282366728769167,0.021282366728769167,0.8628496432103298,1.0208689796424502,1.045232295040761
2009-09-08,0.0094147539288576,0.009311035895507637,0.009311035895507637,0.8709731602787576,1.0303743273565114,1.0549644904590296
2009-09-09,0.008591377676540057,0.008488242927012482,0.008488242927012482,0.8784560196448421,1.0391203949528707,1.0639192853334178
2009-09-10,0.009490773173153944,0.00944309535540519,0.00944309535540519,0.886793246469883,1.0489329079281569,1.0739659765952758
2009-09-11,0.0009651364020932807,0.0009990505714040764,0.0009990505714040764,0.8876491229131815,1.0499808449491872,1.0750389229178618
2009-09-14,0.003853210793744122,0.0037887895857393627,0.0037887895857393627,0.8910694220946481,1.0539590014397564,1.0791120191932775
2009-09-15,0.0031191268302681596,0.0031202321052491034,0.0031202321052491034,0.8938487806367351,1.0572475981536649,1.0824790991607245
2009-09-16,0.014589622486612441,0.01449694932920253,0.01449694932920253,0.9068896969063439,1.0725744630125196,1.0981717438111782
2009-09-17,-0.00023575531444619546,-0.0002374737284627981,-0.0002374737284627981,0.9066758928406817,1.072319754755734,1.0979109568726828
2009-09-18,0.001676056976936291,0.0016274705333688456,0.0016274705333688456,0.9081955332966973,1.0740649235589481,1.099697774603256
2009-09-21,0.0030631123460753695,0.0030221415850586854,0.0030221415850586854,0.910977438247389,1.0773108998294885,1.103021216978881
2009-09-22,0.001879132376111814,0.0019014936417315238,0.0019014936417315238,0.9126892854455071,1.0793593996556823,1.105118604809661
2009-09-23,-0.0046893813167296905,-0.004667342770461596,-0.004667342770461596,0.9084093373623595,1.0743216593649696,1.099960637479
2009-09-24,-0.008951813303646694,-0.008909111416809829,-0.008909111416809829,0.9002774265710023,1.064750408004195,1.0901609656055944
2009-09-25,-0.008794556678213272,-0.008705739468333827,-0.008705739468333827,0.8923598857169076,1.0554809683533082,1.0806703082604847
2009-09-28,0.017026603705422527,0.016878938142275587,0.016878938142275587,0.9075537438536255,1.073296366328493,1.0989108755458072
2009-09-29,-0.004480126300454912,-0.004422401115645829,-0.004422401115645829,0.9034877884567106,1.068549819280623,1.0940510508637982
2009-09-30,0.0007102421745475151,0.0007480993790236997,0.0007480993790236997,0.9041294835882613,1.0693492007368828,1.0948695097755696
2009-10-01,-0.029585980898140574,-0.029321262478701197,-0.029321262478701197,0.8773799259573732,1.0379945321406874,1.0627665534995132
2009-10-02,-0.0029265812511204414,-0.002904167918428109,-0.002904167918428109,0.8748122023159569,1.0349800217209406,1.0596801009700616
2009-10-05,0.008072313927600439,0.008054502209170138,0.008054502209170138,0.8818739610407468,1.0433162705923387,1.0682152966843386
2009-10-06,0.017714051292690103,0.017615598618294488,0.017615598618294488,0.8974955216203103,1.061694911247029,1.0870325485886523
2009-10-07,0.0028613029387287714,0.00285545714829986,0.00285545714829986,0.9000635281938184,1.064726535570663,1.0901365234499545
2009-10-08,0.0042798660406899725,0.00426402291012146,0.00426402291012146,0.9039156795225988,1.0692665539113504,1.0947848905611053
2009-10-09,0.005681438776008241,0.0055706420230469955,0.0055706420230469955,0.9090512211144803,1.0752230551104076,1.1008835452786618
2009-10-12,0.00211893135190655,0.0021341514653274705,0.0021341514653274705,0.9109774382473887,1.0775177439690253,1.1032329975099733
2009-10-13,0.00023542212716520794,0.000255723304231861,0.000255723304231861,0.9111919024937004,1.0777932903668817,1.1035151198974342
2009-10-14,0.01362063253289092,0.013460341569231146,0.013460341569231146,0.9236029125645129,1.0923007561962454,1.1183688103380647
2009-10-15,-0.0023168317752337853,-0.002334075143295022,-0.002334075143295022,0.9214630799889849,1.0897512441522055,1.1157584534968181
2009-10-16,-0.006502684735214537,-0.006409119764089133,-0.006409119764089133,0.9154710960846768,1.0827668979153688,1.108607423940562
2009-10-19,0.010051724073876445,0.01000980378829708,0.01000980378829708,0.9246731589401292,1.093605182111965,1.1197043667324567
2009-10-20,0.00023162920830666067,0.0002000778075746464,0.0002000778075746464,0.924887340251877,1.0938239882391543,1.1199283947272842
2009-10-21,-0.0018513808966034162,-0.0018310538287997593,-0.0018310538287997593,0.9231750214986244,1.091821137637456,1.1178777455521371
2009-10-22,0.003940715392328542,0.0039027257054935005,0.0039027257054935005,0.9268129915156572,1.0960822160571149,1.1222405157653026
2009-10-23,-0.004156036254862161,-0.004156276746497255,-0.004156276746497255,0.9229611231214409,1.0915265950302675,1.1175761736056502
2009-10-26,-0.0032457586173235686,-0.003300731177098069,-0.003300731177098069,0.9199654141026148,1.0879237591674193,1.1138873550866482
2009-10-27,-0.015120232146009216,-0.014952325882267636,-0.014952325882267636,0.9060553234750838,1.0716567685852865,1.0972321483572554
2009-10-28,-0.022437260950720184,-0.02225322898260366,-0.02225322898260366,0.8857259237464842,1.047808945123201,1.0728151901127871
2009-10-29,0.016912209648428878,0.016803681322123003,0.016803681322123003,0.9007055062599331,1.0654159927235214,1.0908424346849752
2009-10-30,-0.02684692570794167,-0.026576677026041086,-0.026576677026041086,0.8765243324486387,1.0371007759865294,1.0618514676120523
2009-11-02,0.004150234350970727,0.004144063024698775,0.004144063024698775,0.8801621138426288,1.0413985869651816,1.0662518470167055
2009-11-03,0.003160244758701136,0.0031987391373994945,0.0031987391373994945,0.8829436415497073,1.0447297493829397,1.0696625085300824
2009-11-04,0.0016968600061455508,0.0016930550169041668,0.0016930550169041668,0.8844418733027335,1.0464985343264415,1.0714735060065435
2009-11-05,0.024679447945026745,0.024443962492101425,0.024443962492101425,0.9062694104753103,1.072079105247556,1.0976645641986478
2009-11-06,0.005903016080862411,0.0058626026439919645,0.0058626026439919645,0.9116191333789397,1.0783642790445487,1.1040997353749349
2009-11-09,0.021362296012031212,0.02119120470641084,0.02119120470641084,0.931093411156412,1.101216117229863,1.1274969388835592
2009-11-10,0.0025270097724103824,0.002507940321928541,0.002507940321928541,0.9334462933054312,1.1039779015334212,1.1303246339194364
2009-11-11,0.006419609988167485,0.00639869255739534,0.00639869255739534,0.9394386544533526,1.1110419167154921,1.1375572337419373
2009-11-12,-0.00569479603730505,-0.0056978675614439075,-0.0056978675614439075,0.9340887429266804,1.1047113470188346,1.1310755832805133
2009-11-13,0.008247328585469837,0.008230454286271397,0.008230454286271397,0.9417924797175852,1.1138036232599984,1.1403848491630213
2009-11-16,0.010224733030510968,0.010213599829801441,0.010213599829801441,0.9514220563928404,1.125179567756959,1.1520322836643409
2009-11-17,0.003148962051896076,0.0031314275982508594,0.0031314275982508594,0.9544180483437583,1.128702986108421,1.1556397893514834
2009-11-18,-0.005605219759740487,-0.005552671700938227,-0.005552671700938227,0.949068325440129,1.1224356689786923,1.1492229009966732
2009-11-19,-0.0155579840027813,-0.015412241897117587,-0.015412241897117587,0.934302735615385,1.1051364189344397,1.1315107996528053
2009-11-20,-0.005038778821956358,-0.0049661775222528725,-0.0049661775222528725,0.9295949907778703,1.0996481152917044,1.1258915161533831
2009-11-23,0.01611379119669132,0.016006477697620723,0.016006477697620723,0.9445742903567551,1.1172496083243517,1.1439130735966327
2009-11-24,-0.0033980405118231305,-0.003337868859265257,-0.003337868859265257,0.9413645886516963,1.1135203756486995,1.140094841770568
2009-11-25,0.00431921430172566,0.004353512323717291,0.004353512323717291,0.9454305440461388,1.1183681003267965,1.1450582587144227
2009-11-27,-0.015164660143482167,-0.015071164647128071,-0.015071164647128071,0.9310934111564116,1.1015129905506755,1.1278008971667839
2009-11-30,0.001148944679087771,0.0011665233022284107,0.0011665233022284107,0.9321631859768935,1.1027979311218603,1.129116503193603
2009-12-01,0.010330051524830353,0.010281778713455344,0.010281778713455344,0.9417924797175848,1.1141366554153116,1.14072582922115
2009-12-02,0.001363711649330357,0.00141671104943872,0.00141671104943872,0.9430768130934274,1.1157150651256231,1.1423419081077877
2009-12-03,-0.004084463378017711,-0.004068560621774311,-0.004068560621774311,0.9392248503876897,1.1111757107465328,1.1376942208038578
2009-12-04,0.005240312621316745,0.005021502178286515,0.005021502178286515,0.9441466822254306,1.1167554819985055,1.1434071548118483
2009-12-07,-0.004759690993923482,-0.004724615367274952,-0.004724615367274952,0.9396528357650995,1.1114792418867667,1.138004995797172
2009-12-08,-0.006148769057174985,-0.006156660924170003,-0.006156660924170003,0.9338751274840603,1.1046362410702164,1.1309986849080373
2009-12-09,0.010081970037925991,0.009977687368122445,0.009977687368122445,0.943290428538519,1.1156579561391131,1.1422834361998075
2009-12-10,0.00499146908867365,0.004934262474111159,0.004934262474111159,0.9479988335542107,1.121162905326034,1.1479197624938469
2009-12-11,-0.0038380232610606413,-0.003831462744598142,-0.003831462744598142,0.9443603919795712,1.1168672114236518,1.1435215506900638
2009-12-14,0.009517427477940155,0.009458295037841184,0.009458295037841184,0.9533482735232759,1.1274308710273877,1.1543373148986202
2009-12-15,-0.005611212730574855,-0.005568026764913283,-0.005568026764913283,0.9479988335542106,1.1211533057619176,1.1479099338335266
2009-12-16,0.0013539878328034938,0.0013779537661690597,0.0013779537661690597,0.9492824124403548,1.1226982031820452,1.1494917006500753
2009-12-17,-0.012173089212159316,-0.012163063680763007,-0.012163063680763007,0.9377267129461846,1.1090427534424636,1.13551035989456
2009-12-18,0.01629840955180728,0.01618941673843754,0.01618941673843754,0.9530101669614516,1.1269975087586879,1.1538936103217061
2009-12-21,0.011245605485075583,0.011042601442797093,0.011042601442797093,0.9637273433223661,1.1394424930749354,1.166635597567879
2009-12-22,0.00600573799014259,0.005903827690535312,0.005903827690535312,0.9695152372402964,1.1461695652173236,1.1735232131135644
2009-12-23,0.007295866090444303,0.007239982337622445,0.007239982337622445,0.976588690583847,1.1544678126254173,1.1820195004492964
2009-12-24,0.009218505732734306,0.00917609711188889,0.00917609711188889,0.9855913790265177,1.165061321386618,1.1928658261735654
2009-12-28,0.005219901385086656,0.0051713568513130255,0.0051713568513130255,0.9907360688310277,1.1710862692331705,1.1990345610364452
2009-12-29,-0.00411092344486419,-0.004095964795014055,-0.004095964795014055,0.9866632286979977,1.166289541102467,1.1941233576864347
2009-12-30,0.0030417461549483438,0.00300482275856257,0.00300482275856257,0.9896644077801188,1.1697940344586453,1.1977114867281422
2009-12-31,-0.009096898903242834,-0.009015049529103083,-0.009015049529103083,0.9806615307144053,1.1592482832991513,1.1869140583537123
2010-01-04,0.014644863105813144,0.014579415022352155,0.014579415022352155,0.995023184584855,1.176149445135319,1.2042185710063154
2010-01-05,0.0,-6.916408290913004e-06,-6.916408290913004e-06,0.995023184584855,1.1761413104055454,1.2042102421390068
2010-01-06,-0.006031811507606122,-0.005926405586525561,-0.005926405586525561,0.9890213922897412,1.1691710199730145,1.1970736038326428
2010-01-07,0.0006501532680591726,0.0006190674890397747,0.0006190674890397747,0.9896644077801188,1.1698948157406073,1.1978146731827635
2010-01-08,0.008229892270416261,0.008162988367665516,0.008162988367665516,0.9978092392400144,1.17944465351289,1.2075924204265733
2010-01-11,-0.004081120711492137,-0.003989762149407595,-0.003989762149407595,0.9937370592876338,1.1747389498769831,1.2027744138956438
2010-01-12,-0.012510962810235116,-0.01243963851837767,-0.01243963851837767,0.9813044518957338,1.1601256219870548,1.1878123349676284
2010-01-13,0.012450439378778988,0.012355117290801982,0.012355117290801982,0.9935221234861875,1.1744591101187696,1.2024878956856149
2010-01-14,0.0008637350865703386,0.0008864260176213077,0.0008864260176213077,0.9943802634035264,1.1755001812306112,1.2035538122422254
2010-01-15,-0.011640639293375443,-0.011557589674597812,-0.011557589674597812,0.9828050414367943,1.1619142324735323,1.1896436311290317
2010-01-19,0.016139478132188412,0.016007527288914383,0.016007527288914383,0.9986670019112679,1.1805136062572303,1.2086868840184128
2010-01-20,-0.014381106790406717,-0.014316026001178702,-0.014316026001178702,0.9843050651087266,1.1636133427753066,1.1913832911595217
2010-01-21,-0.009363547081652102,-0.00932735446011179,-0.00932735446011179,0.9750884782888725,1.1527599086727258,1.1802708369050223
2010-01-22,-0.029237379732672486,-0.028977400513573927,-0.028977400513573927,0.946579446176187,1.1193559231031254,1.1460696561495345
2010-01-25,0.0033970196901074168,0.0033748785748465853,0.0033748785748465853,0.9497949951930984,1.1231336134256338,1.1499375020773555
2010-01-26,0.000902606476118617,0.0009003473480969947,0.0009003473480969947,0.9506522863067447,1.1241448237960403,1.1509728452578283
2010-01-27,0.007891626960975895,0.007772959339096864,0.007772959339096864,0.9581544795198764,1.1328827558026633,1.159919310384422
2010-01-28,-0.025727225364318596,-0.025481952434445027,-0.025481952434445027,0.9335038232914372,1.1040146913054967,1.130362301689412
2010-01-29,-0.017451336095932857,-0.01728565189656018,-0.01728565189656018,0.91721293432434,1.0849310776629015,1.1108232524254142
2010-02-01,0.010984065270093879,0.010944739461308988,0.010944739461308988,0.9272876610615329,1.0968053656413992,1.1229809235107742
2010-02-02,0.00901579862432178,0.00896230737372442,0.00896230737372442,0.935647899880482,1.1066352724574275,1.1330454237221066
2010-02-03,0.005497826291831931,0.005405443446289922,0.005405443446289922,0.9407919295043423,1.112617126838366,1.1391700366821143
2010-02-04,-0.02893565984847679,-0.028786243375289775,-0.028786243375289775,0.9135694942440125,1.0805890594416812,1.1063776107603451
2010-02-05,0.008446298020569065,0.008369745347732244,0.008369745347732244,0.9212857744548979,1.0896333146947537,1.1156377096208416
2010-02-08,-0.007212434684451097,-0.007167825456065356,-0.007167825456065356,0.914641060980928,1.0818230132839077,1.107641013246075
2010-02-09,0.010311410769839657,0.010249518278743684,0.010249518278743684,0.9240723006676643,1.0929111780329266,1.1189938000576267
2010-02-10,-0.002087447227549055,-0.002096006070999105,-0.002096006070999105,0.9221433485055808,1.0906204295687068,1.1166483822592956
2010-02-11,0.015108862168652815,0.015024115777303322,0.015024115777303322,0.9360758852578915,1.1070060371716393,1.1334250368368977
2010-02-12,0.002061485278188835,0.0020399814996798125,0.0020399814996798125,0.9380055919146183,1.1092643090075034,1.1357372029433188
2010-02-16,0.012796620573618078,0.012772816040984727,0.012772816040984727,0.9500088935702817,1.1234327379672864,1.1502437653074165
2010-02-17,0.005641161977135489,0.005549768677415762,0.005549768677415762,0.9553680476186309,1.1296675297876406,1.1566273521275123
2010-02-18,0.006282079454669187,0.006243493362672011,0.006243493362672011,0.9613697456022233,1.1367206015118958,1.1638487473236054
2010-02-19,-0.000445869614703831,-0.00043668056408295157,-0.00043668056408295157,0.9609411000441638,1.1362242177184227,1.1633405171961169
2010-02-22,-0.002007259188878119,-0.002009478614774689,-0.002009478614774689,0.9590122421911295,1.1339409994513283,1.1610028093051104
2010-02-23,-0.01296416820137436,-0.012858417194231945,-0.012858417194231945,0.9465794461761865,1.1193603130067387,1.14607415081939
2010-02-24,0.010190261995500327,0.010077266887092401,0.010077266887092401,0.9562253387322774,1.1306404056237267,1.1576234459095947
2010-02-25,-0.00022447937550662544,-0.00018586180260158643,-0.00018586180260158643,0.9560106858653952,1.1304302627598433,1.157408287929204
2010-02-26,0.0035881358294753696,0.0035883379705885458,0.0035883379705885458,0.9594409820607102,1.1344866285948068,1.1615614600362543
2010-03-01,0.014521908339240275,0.014389337388977323,0.014389337388977323,0.9733738960591065,1.150811139456941,1.1782755597827492
2010-03-02,0.003082596434545559,0.003105509919580548,0.003105509919580548,0.9763744149605781,1.1543849948660883,1.1819347062216539
2010-03-03,0.001097688905002503,0.0010986419108899785,0.0010986419108899785,0.9774461703230086,1.1556532506027508,1.1832332292258445
2010-03-04,0.0032895523958458295,0.003243718493946872,0.003243718493946872,0.980661530714405,1.1594018644243207,1.1870713047341368
2010-03-05,0.015082057646111036,0.014920095552205645,0.014920095552205645,0.9954519244519632,1.1767002510249371,1.2047825220280517
2010-03-08,0.0019376705249691817,0.0018808174933992393,0.0018808174933992393,0.9973807823049976,1.178913409441552,1.2070484980712237
2010-03-09,0.005588349710630602,0.005526053928412579,0.005526053928412579,1.0029544949111802,1.1854281485190548,1.2137187131657747
2010-03-10,0.008121026551318966,0.00799606107816906,0.00799606107816906,1.0110995149941187,1.194906904398394,1.2234236821279652
2010-03-11,0.0038160199139931628,0.0037903678818013427,0.0037903678818013427,1.014957890878365,1.1994360411505685,1.2280609079585383
2010-03-12,0.00021102482543611245,0.00019291964996384663,0.00019291964996384663,1.0151720721901125,1.1996674359317814,1.228297825039036
2010-03-15,-0.0025338074795024923,-0.0024934904448136526,-0.0024934904448136526,1.0125998216006151,1.1966760766433315,1.2252350761489157
2010-03-16,0.006350516783676152,0.006374544021966013,0.006374544021966013,1.0190303537628373,1.204304340973928,1.233045391079084
2010-03-17,0.002734302839395353,0.002691330162292295,0.002691330162292295,1.021816691352561,1.2075455215713709,1.2363639233315706
2010-03-18,0.0033570563358549244,0.0033375835216695768,0.0033375835216695768,1.0252469875503485,1.2115758056058334,1.2404903911888687
2010-03-19,-0.006048829237527031,-0.0060520114814902925,-0.0060520114814902925,1.0190454435963674,1.204243334919611,1.2329829290987153
2010-03-22,0.00905423620036161,0.00894177170176512,0.00894177170176512,1.028272121741591,1.2150114038938344,1.2440079809628897
2010-03-23,0.00688630772982779,0.00683292096062685,0.00683292096062685,1.0353531200019066,1.2233134807829011,1.252508189171198
2010-03-24,-0.004766615038891975,-0.004820877627891045,-0.004820877627891045,1.0304179902495418,1.2174160361914972,1.2464700004632723
2010-03-25,-0.001457298865125356,-0.0014431687854282447,-0.0014431687854282447,1.0289163632817464,1.2156590993691858,1.244671133866631
2010-03-26,0.001042551672276515,0.0010980314082366233,0.0010980314082366233,1.0299890617569185,1.216993931242002,1.246037821864542
2010-03-29,0.00479162212362616,0.004754248309794976,0.004754248309794976,1.034924380132326,1.2227798225826398,1.251961795073082
2010-03-30,0.0033173630058251913,0.003260837709606123,0.003260837709606123,1.0383575999848036,1.226767109138663,1.2560442393054425
2010-03-31,-0.0047531861841454415,-0.0046638951481174145,-0.0046638951481174145,1.0334220929863533,1.2210455959704811,1.250186180671925
2010-04-01,0.0,5.1888443946691924e-05,5.1888443946691924e-05,1.0334220929863533,1.221108954126444,1.2502510508874838
2010-04-05,0.009344336769697259,0.009248890785672887,0.009248890785672887,1.0430787370484633,1.2324028574805668,1.261814486311815
2010-04-06,0.0028795824059297814,0.0028677624203192384,0.0028677624203192384,1.0460823682276674,1.2359370960819436,1.2654330704770744
2010-04-07,-0.002461641655455038,-0.0023832744448610997,-0.0023832744448610997,1.0435072882950012,1.2329915187853957,1.2624171961785242
2010-04-08,0.0022619226317499574,0.0022399305623213594,0.0022399305623213594,1.0458676210467917,1.235753334171406,1.2652449230386444
2010-04-09,0.005950128716855074,0.005933175615563863,0.005933175615563863,1.052090668012811,1.2430852757205635,1.2727518433637333
2010-04-12,0.0008158313408508366,0.0007994701760360604,0.0007994701760360604,1.0529489965531926,1.2440790853247716,1.2737693705039976
2010-04-13,0.005095035708966744,0.005031295851603263,0.005031295851603263,1.058313809290352,1.2503384152658326,1.2801780810537136
2010-04-14,0.01196232902197325,0.01184465812975537,0.01184465812975537,1.070973707285581,1.2651482463411563,1.295341352769001
2010-04-15,0.00440844220038672,0.004384586972694064,0.004384586972694064,1.0756950329722834,1.2706953988605907,1.3010208895895439
2010-04-16,-0.01196928958682475,-0.011923214359889465,-0.011923214359889465,1.0628197276155291,1.2555446252338507,1.2855085386362737
2010-04-19,-0.0006058963612164403,-0.0006057151839238212,-0.0006057151839238212,1.0621757690099378,1.2547841227902525,1.284729886595358
2010-04-20,0.005050688014318405,0.005027773112347656,0.005027773112347656,1.0675404874355758,1.261092892664618,1.2911892169758115
2010-04-21,0.005628258756816162,0.005612607246142768,0.005612607246142768,1.073548881532241,1.2681709117720468,1.2984361549311514
2010-04-22,0.005596495199664986,0.005524111350732654,0.005524111350732654,1.0795569926943418,1.2751764291004357,1.3056088608328082
2010-04-23,0.004173771319298414,0.00417559477031608,0.00417559477031608,1.0840628167079975,1.2805010491290179,1.3110605543641802
2010-04-26,-0.0021769545724955597,-0.002168295333443628,-0.002168295333443628,1.0817028612022928,1.2777245446797216,1.3082177878822903
2010-04-27,-0.02122581896912823,-0.020952364543372556,-0.020952364543372556,1.058742832092025,1.2509531942335774,1.280807531888456
2010-04-28,0.0006077840916147714,0.000589453882221663,0.000589453882221663,1.0593863191424817,1.251690573450396,1.2815625088605065
2010-04-29,0.01741953443722255,0.017252307658796255,0.017252307658796255,1.0778403356111066,1.2732851243171774,1.3036724195473468
2010-04-30,-0.019709201189354042,-0.019458982841254517,-0.019458982841254517,1.0565969635865464,1.248508290931065,1.2783042803047582
2010-05-03,0.014012869274169226,0.013896595215102338,0.013896595215102338,1.071402918712769,1.2658583052728334,1.2960683574498864
2010-05-04,-0.03004182209502737,-0.029758765923489475,-0.029758765923489475,1.0392160228367069,1.228187924273914,1.2574989625796937
2010-05-05,-0.00516227454903373,-0.005101171151760651,-0.005101171151760651,1.0338513044110689,1.221922727465667,1.2510842451484132
2010-05-06,-0.033416142915761005,-0.03296055575983821,-0.03296055575983821,0.9993039814692226,1.1816474752728212,1.2098478131259438
2010-05-07,-0.024908581580747602,-0.02468873659813576,-0.02468873659813576,0.9744127367228306,1.1524740920039585,1.1799781991438467
2010-05-10,0.05197070033944362,0.051428371455123634,0.051428371455123634,1.02505364906999,1.2117439576999443,1.2406625562783642
2010-05-11,-0.0010470323629148126,-0.0009458401135314758,-0.0009458401135314758,1.0239803847256899,1.2105978416574223,1.2394890878652796
2010-05-12,0.01886025740590247,0.018690313960513193,0.018690313960513193,1.0432929183602113,1.2332242953979193,1.2626555280681118
2010-05-13,-0.01583725419126958,-0.015696935067270445,-0.015696935067270445,1.0267700232161892,1.213866453709678,1.2428357062316966
2010-05-14,-0.019226577573616344,-0.019020888355562645,-0.019020888355562645,1.0070287497145591,1.1907776354151034,1.2191958670191567
2010-05-17,0.0031966642989722516,0.003129954909892813,0.003129954909892813,1.0102478825668104,1.1945047157216615,1.2230118951092543
2010-05-18,-0.013806889693816826,-0.013653727473554578,-0.013653727473554578,0.9962995014887984,1.1781952738673223,1.206313223996517
2010-05-19,-0.007968626069031592,-0.00797428714079608,-0.00797428714079608,0.9883603633086716,1.1688000064455755,1.1966937359666294
2010-05-20,-0.03712541206732567,-0.03677887882512748,-0.03677887882512748,0.9516670775498255,1.1258128526377054,1.1526806820607236
2010-05-21,0.011048111305761665,0.01092619948111758,0.01092619948111758,0.9621812013486248,1.138113708444031,1.1652751011309497
2010-05-24,-0.004014049171545353,-0.003940560625289911,-0.003940560625289911,0.9583189586944749,1.1336289023774337,1.1606832639498024
2010-05-25,0.0008957590206419841,0.0009044215755779983,0.0009044215755779983,0.9591773815463778,1.1346541808154427,1.1617330109361308
2010-05-26,-0.011185983681125,-0.011043283890635264,-0.011043283890635264,0.9484480390090958,1.1221238725790015,1.1489036634912406
2010-05-27,0.037783029411361246,0.03739418773382634,0.03739418773382634,0.9842832791621243,1.164084783330829,1.191865982771913
2010-05-28,-0.005886732922913973,-0.00581495257910386,-0.00581495257910386,0.9784890663772069,1.1573156855177038,1.1849353386014474
2010-06-01,-0.009210047688845369,-0.009100083959903868,-0.009100083959903868,0.9694771354128591,1.1467840156113789,1.1741523275331172
2010-06-02,0.023682704466233107,0.014480892519344543,0.014480892519344543,0.992436975897612,1.1633904716843495,1.1911551011894623
2010-06-03,0.00951385036331076,0.003750903854796324,0.003750903854796324,1.0018788727813186,1.1677542374892236,1.195623009450174
2010-06-04,-0.03426837846046393,-0.01927815517781612,-0.01927815517781612,0.9675461083973054,1.1452420900893538,1.172573603539826
2010-06-07,-0.01818618328376531,-0.008107532511488725,-0.008107532511488725,0.9499501375344981,1.135957002610429,1.1630669249270134
2010-06-08,-0.0018068044635753955,-0.0013644372538690094,-0.0013644372538690094,0.9482337633858267,1.134407060557274,1.1614799930859
2010-06-09,-0.008373349459182666,-0.005952943540614994,-0.005952943540614994,0.9402938707160012,1.1276539993737016,1.1545657682635058
2010-06-10,0.028525614409287137,0.01577914651382776,0.01577914651382776,0.967116331103462,1.145447417046723,1.1727838306807856
2010-06-11,0.009541084176370784,0.007887613798303262,0.007887613798303262,0.976343669426863,1.1544822638986516,1.1820342966060904
2010-06-14,-0.00021975720443478952,-0.0007410071788021707,-0.0007410071788021707,0.9761291108715021,1.1536267842533028,1.1811584007067149
2010-06-15,0.02681907417156104,0.01863305413266682,0.01863305413266682,1.0023079898969849,1.1751223745731891,1.2031669891263372
2010-06-16,0.004067413662343533,0.0023453662791013226,0.0023453662791013226,1.006384791108968,1.1778784669643305,1.205988856410762
2010-06-17,0.003198616042985103,0.004440914414508801,0.004440914414508801,1.0096038296472254,1.1831093244268118,1.2113445497069335
2010-06-18,0.0008304532922576158,0.0015385388751771951,0.0015385388751771951,1.0104422584714319,1.184929584116027,1.2132082503878916
2010-06-21,-0.008510636709794683,-0.008378086452125464,-0.008378086452125464,1.001842751493357,1.1750021416206218,1.20304388678171
2010-06-22,-0.007725527537466026,-0.0038570549721907215,-0.0038570549721907215,0.9941029877284844,1.1704700937679493,1.1984036803764349
2010-06-23,-0.004108859053097991,-0.002998730760296932,-0.002998730760296932,0.9900183586676444,1.1669601690937599,1.194809990396837
2010-06-24,-0.015201009705060664,-0.009580023182749944,-0.009580023182749944,0.9749690799893493,1.155780663620496,1.183363682989854
2010-06-25,0.00019907602867985652,0.002177150171703254,0.002177150171703254,0.9751631729618793,1.1582969716907485,1.1859400434354626
2010-06-28,-0.0035341051011914537,-0.0033528731688870607,-0.0033528731688870607,0.9717168438178206,1.1544133488527635,1.181963736883919
2010-06-29,-0.0385728809532514,-0.023682277847208638,-0.023682277847208638,0.9342349256809667,1.1270742111747056,1.1539721432617092
2010-06-30,-0.015217576526190713,-0.00890704497940375,-0.00890704497940375,0.9200181342059764,1.1170353104806465,1.1436936614766982
2010-07-01,-0.0028091958014383467,-0.006901837568379371,-0.006901837568379371,0.9174336231261179,1.109325714209565,1.135800073597201
2010-07-02,-0.002817932005530932,-0.0021414608863220795,-0.0021414608863220795,0.9148483575565606,1.106950136582394,1.1333678021649107
2010-07-06,0.0030611459100389204,0.002089007312194144,0.002089007312194144,0.9176488418646007,1.1092625635119489,1.1357354157910386
2010-07-07,0.03192400233249293,0.02779409462747572,0.02779409462747572,0.9469438656326956,1.1400935121689162,1.1673021534093102
2010-07-08,0.005460229829074459,0.004429781097176788,0.004429781097176788,0.9521143967742823,1.145143876858136,1.1724730464231765
2010-07-09,0.009502223135443355,0.008463327291332234,0.008463327291332234,0.9611616002228996,1.1548356042836512,1.182396069555321
2010-07-12,0.002913841887184354,0.002116324954799762,0.002116324954799762,0.9639622731539823,1.157279611691688,1.1848984038637782
2010-07-13,0.012960211923765286,0.011241758198629513,0.011241758198629513,0.9764554285005724,1.1702894692545298,1.1982187452099569
2010-07-14,0.0050745065508506215,0.004534207831620797,0.004534207831620797,0.9814104579691122,1.1755958049312871,1.2036517180284827
2010-07-15,0.0008772774489906876,0.001028557788545429,0.001028557788545429,0.9822714272320922,1.1768049731526304,1.204889743377757
2010-07-16,-0.027631284969053205,-0.02423354163942151,-0.02423354163942151,0.9551300055092836,1.1482868208342578,1.1756909976107002
2010-07-19,0.008570213763325896,0.006882840403007209,0.006882840403007209,0.9633156738282648,1.1561902957589365,1.183783091110507
2010-07-20,0.012074861299433026,0.010861087420505993,0.010861087420505993,0.9749475769773109,1.168747779635915,1.196640262749975
2010-07-21,-0.013698532077265124,-0.011862611655660733,-0.011862611655660733,0.9615922263204353,1.1548833786026784,1.1824449840214444
2010-07-22,0.025313944144581768,0.021882336024703943,0.021882336024703943,0.9859339182273749,1.1801549247626077,1.2083196424925273
2010-07-23,0.0063358395781820676,0.004794805836798206,0.004794805836798206,0.992180637367952,1.1858135384841855,1.2141133005670683
2010-07-26,0.008250179461497975,0.006801719747002876,0.006801719747002876,1.0003663056844612,1.1938791098451569,1.2223713589786342
2010-07-27,-0.0004307512454700957,-0.001241988036520848,-0.001241988036520848,0.9999353966523613,1.192396326273677,1.220853188374597
2010-07-28,-0.00797077589626205,-0.006642747205084768,-0.006642747205084768,0.9919651356949054,1.1844755389099693,1.212743369269703
2010-07-29,-0.007382887819554651,-0.0063223767285790974,-0.0063223767285790974,0.9846415683771607,1.1769868383271938,1.2050759488140936
2010-07-30,0.0021871939134519014,0.0027571023756296905,0.0027571023756296905,0.9867951704224469,1.1802319115352304,1.208398466575383
2010-08-02,0.018773308581278236,0.015928778851419276,0.015928778851419276,1.0053205806633025,1.199031564647463,1.2276467785138565
2010-08-03,-0.004285159050830822,-0.004369402496092006,-0.004369402496092006,1.0010126220780866,1.1937925131359992,1.2222826956154988
2010-08-04,0.01011333908021439,0.010026043245962209,0.010026043245962209,1.011136202148737,1.2057615284994068,1.2345373547805312
2010-08-05,-0.0023428249233449217,-0.0023080161004879556,-0.0023080161004879556,1.0087672870534465,1.2029786114782812,1.2316880226890439
2010-08-06,-0.001494559666603168,-0.0014313988886246395,-0.0014313988886246395,1.0072596241532277,1.201256669230772,1.2299249858222345
2010-08-09,0.006843261712196291,0.00675800232727181,0.00675800232727181,1.0141525653734367,1.2093747645970843,1.238236821738791
2010-08-10,-0.008708733785909417,-0.008599911425153513,-0.008599911425153513,1.0053205806633023,1.1989742487417334,1.2275880947484736
2010-08-11,-0.027212045200359913,-0.026950953540491932,-0.026950953540491932,0.9779637515814404,1.1666607494676486,1.1945034250400466
2010-08-12,-0.007929592058869783,-0.007814254901496554,-0.007814254901496554,0.9702088979830378,1.1575441649877374,1.185169270796073
2010-08-13,-0.007104886554950562,-0.007011533677882547,-0.007011533677882547,0.9633156738282647,1.1494280050912895,1.176859416539895
2010-08-16,0.001788882844048656,0.0018312099483214549,0.0018312099483214549,0.9650389327105792,1.1515328490890921,1.1790144932112385
2010-08-17,0.01272332344431737,0.012601075315048544,0.012601075315048544,0.9773174351878147,1.1660434012482161,1.193871343637727
2010-08-18,0.003967128514280827,0.003939737413411878,0.003939737413411878,0.981194579052452,1.1706373060617756,1.1985748832370569
2010-08-19,-0.015148164094029193,-0.01498465450850361,-0.01498465450850361,0.9663312825607936,1.1530957104756745,1.1806146527091794
2010-08-20,0.001337572837654788,0.0013172860254273327,0.0013172860254273327,0.967623821036523,1.1546146673410644,1.182169859892608
2010-08-23,-0.009794855222716059,-0.00969676101573747,-0.00969676101573747,0.958146085799419,1.1434186448465928,1.1707066412812215
2010-08-24,-0.018660288587784013,-0.01843049801758385,-0.01843049801758385,0.9402668033291461,1.1223448697794793,1.1491299348499155
2010-08-25,0.009621953488716528,0.009547224307885958,0.009547224307885958,0.9493140067777633,1.1330601480020692,1.1601009360968342
2010-08-26,-0.012026445364301086,-0.011909040194677197,-0.011909040194677197,0.9378971337416848,1.1195664891565258,1.1462852474189744
2010-08-27,0.012172841376038246,0.012033403507664887,0.012033403507664887,0.9493140067777632,1.133038684474206,1.1600789603360504
2010-08-30,-0.010438086283432346,-0.010324940641821864,-0.010324940641821864,0.9394049852649461,1.1213401273121217,1.1481012139307543
2010-08-31,-0.003439829882559753,-0.00335040389644957,-0.00335040389644957,0.9361735919248061,1.11758318498033,1.1442546111500822
2010-09-01,0.029913249551936527,0.029596256000672,0.029596256000672,0.9641775862039856,1.1506594630250542,1.1781202635516295
2010-09-02,0.011170131858931454,0.011057809092847603,0.011057809092847603,0.9749475769773104,1.1633832356980638,1.191147692514399
2010-09-03,0.016571074853610313,0.016376921927279138,0.016376921927279138,0.9911035062537474,1.1824358721205963,1.210655025278566
2010-09-07,-0.006737664070465721,-0.006616806553449712,-0.006616806553449712,0.9844257837695489,1.1746119226929146,1.202644355173336
2010-09-08,0.012034837991267366,0.011897799924431834,0.011897799924431834,0.9962731885916418,1.188587220337967,1.2169531770914357
2010-09-09,0.0038920259574626304,0.0037992224325122106,0.0037992224325122106,1.0001507097023645,1.1931029275684726,1.2215766529011587
2010-09-10,0.0036615619162905233,0.0036152716893188327,0.0036152716893188327,1.0038128234515618,1.1974163188049542,1.225992984390725
2010-09-13,0.013948202083924333,0.013819548208478557,0.013819548208478557,1.0178142075674987,1.2139640713482984,1.242935653541769
2010-09-14,0.0042329295457546046,0.004270740717240901,0.004270740717240901,1.0221225433988,1.219148597137073,1.2482439094462603
2010-09-15,0.0063223542547681255,0.006228344422129204,0.006228344422129204,1.0285847642099517,1.2267418745017984,1.2560184024371166
2010-09-16,0.003979734564752313,0.003944193503880009,0.003944193503880009,1.0326782585488556,1.231580381834146,1.2609723820607628
2010-09-17,0.003386680808938003,0.003353495437786548,0.003353495437786548,1.0361756101888906,1.235710481025894,1.2652010471911783
2010-09-20,0.01750355109917634,0.01736173705904108,0.01736173705904108,1.054312362929552,1.257164561478567,1.287167135099335
2010-09-21,-0.0002046685737528975,-0.00015613410431193509,-0.00015613410431193509,1.0540965783219414,1.2569682752157878,1.2869661644115966
2010-09-22,-0.002663204482745818,-0.0026104973515800114,-0.0026104973515800114,1.0512893035893074,1.2536869628623168,1.283606542647827
2010-09-23,-0.0004102450930614232,-0.0004133361017760684,-0.0004133361017760684,1.050858017311122,1.2531687687802398,1.2830759817232746
2010-09-24,0.020340999471287535,0.02014275871855819,0.02014275871855819,1.0722335196856458,1.2784110449234127,1.3089206716407036
2010-09-27,-0.005437120187196887,-0.0053492300616586955,-0.0053492300616586955,1.0664036571703739,1.2715725301307519,1.3019189538356366
2010-09-28,-0.00040496123996769384,-0.0003577950251611317,-0.0003577950251611317,1.06597180502306,1.2711175678053397,1.3014531337107913
2010-09-29,-0.0016205896724130753,-0.001615243653782918,-0.001615243653782918,1.064244302124756,1.26906440322073,1.299350969795869
2010-09-30,-0.0044629916508585055,-0.004422532913740185,-0.004422532913740185,1.0594945886898997,1.2634519241278304,1.2936045473654465
2010-10-01,-0.0012230731405953321,-0.001182595661349422,-0.001182595661349422,1.0581987493158669,1.2619577713640333,1.2920747362402303
2010-10-04,-0.010813923423819705,-0.010713787322021748,-0.010713787322021748,1.0467554690735834,1.2484374241922664,1.278231722311995
2010-10-05,0.02434002149003467,0.024165840708786954,0.024165840708786954,1.0722335196856458,1.2786069641201852,1.309121266502305
2010-10-06,-0.008658579812827805,-0.008536514566695533,-0.008536514566695533,1.0629495001774585,1.2676921171458948,1.2979459337412371
2010-10-07,0.0036558737170300226,0.0035689315227326744,0.0035689315227326744,1.0668355093176876,1.2722164235038966,1.302578213898969
2010-10-08,0.006881112294438108,0.0068437240360176175,0.0068437240360176175,1.0741765242569967,1.2809231216204464,1.311492699730222
2010-10-11,0.0004021186896274731,0.0004146340142486964,0.0004146340142486964,1.0746084707133596,1.281454235916308,1.3120364892129692
2010-10-12,0.006831426934460261,0.006736279710437923,0.006736279710437923,1.08194957996419,1.2900864700855659,1.3208747339946088
2010-10-13,0.008181681963071785,0.008159611160410722,0.008159611160410722,1.0908017473275362,1.300613074044771,1.3316525582156158
2010-10-14,-0.0019794306599386635,-0.0019645068472675634,-0.0019645068472675634,1.0886425809049614,1.2980580107551642,1.3290365176468197
2010-10-15,0.021221932695918877,0.02096255061695246,0.02096255061695246,1.111745680486838,1.32526861750936,1.3568965129197694
2010-10-18,-0.0036900162388752156,-0.0036244306236685635,-0.0036244306236685635,1.1076433208723422,1.3204652733474722,1.3519785356451939
2010-10-19,-0.009356954890894498,-0.009357492330112736,-0.009357492330112736,1.097279152283739,1.308109029679943,1.339327406867417
2010-10-20,0.007280934429301222,0.007246347120643381,0.007246347120643381,1.1052683698421562,1.3175880417806518,1.3490326381657696
2010-10-21,0.0019532663260046768,0.0018662960697826572,0.0018662960697826572,1.107427253330167,1.3200470511646196,1.351550332476387
2010-10-22,0.006823913846047747,0.006762828736468774,0.006762828736468774,1.1149842414976574,1.3289743032957264,1.3606906359036421
2010-10-25,0.004841502498501793,0.004829363216537137,0.004829363216537137,1.1203824404886584,1.3353924029117856,1.3672619052097617
2010-10-26,0.002697817882008069,0.0026433644291158523,0.0026433644291158523,1.1234050282712966,1.3389223316885543,1.3708760766952783
2010-10-27,0.0030753086256709583,0.0029898659090664683,0.0029898659090664683,1.1268598454448615,1.3429255299229577,1.3749748123425443
2010-10-28,0.0021075833341528405,0.0021408594199528383,0.0021408594199528383,1.129234796475047,1.3458005446939882,1.3779184401217457
2010-10-29,-0.0022943235144127216,-0.0022176162821130204,-0.0022176162821130204,1.1266439665282013,1.3428160754935983,1.3748627457535079
2010-11-01,0.0007665331784405538,0.0007241880486901137,0.0007241880486901137,1.1275075765088352,1.3437885268470597,1.375858404922572
2010-11-02,0.010723830317141747,0.010662237789972967,0.010662237789972967,1.1395987764406077,1.3581163196597406,1.3905281344011893
2010-11-03,0.00454716425895807,0.004443705187707763,0.004443705187707763,1.1447807192663908,1.3641513881949232,1.3967072314856814
2010-11-04,0.01225937734273308,0.012276108956421762,0.012276108956421762,1.1588150180785628,1.3808978592694583,1.413853361639622
2010-11-05,0.0,-1.5755455137209402e-05,-1.5755455137209402e-05,1.1588150180785628,1.3808761025951874,1.4138310857364123
2010-11-08,0.001304538057913529,0.0013310726370148913,0.0013310726370148913,1.160326736371728,1.3827141489904595,1.415712997607997
2010-11-09,-0.005396428568190892,-0.005437320245900349,-0.005437320245900349,1.1540651160231359,1.3751958893538607,1.4080153126637187
2010-11-10,0.005051507163969626,0.0050424570041041296,0.0050424570041041296,1.1598948842244141,1.3821302554981483,1.4151151693389457
2010-11-11,-0.0063290346708835266,-0.006260388010751367,-0.006260388010751367,1.1525538692875774,1.373477583817331,1.4062559992989838
2010-11-12,-0.016298303210147802,-0.01624902536260426,-0.01624902536260426,1.1337691968598995,1.3511599117229147,1.38340570990006
2010-11-15,-0.0038087456826204624,-0.0038324669730461294,-0.0038324669730461294,1.1294509583262713,1.3459816359859327,1.3781038532065446
2010-11-16,-0.016440715725369537,-0.016285156705690997,-0.016285156705690997,1.1108819761946829,1.3240621141209195,1.3556612160003594
2010-11-17,0.0029156456998247204,0.002864561299332823,0.002864561299332823,1.1141209144515878,1.3278549712109429,1.3595445906547203
2010-11-18,0.016085045138307885,0.01597807829203096,0.01597807829203096,1.1320415996500743,1.3490715419014137,1.3812675005657085
2010-11-19,0.0007630449304543152,0.0007607943122117326,0.0007607943122117326,1.1329053982537507,1.3500979078572588,1.3823183610237817
2010-11-22,0.008386012303069013,0.008348447058244697,0.008348447058244697,1.14240595686172,1.361369128764452,1.3938585726784283
2010-11-23,-0.015876256489918195,-0.015697401023854928,-0.015697401023854928,1.124268826874973,1.3399991716087403,1.3719786156925569
2010-11-24,0.0201654099149704,0.019938805248924423,0.019938805248924423,1.1469401686235297,1.366717154125167,1.3993342301165397
2010-11-26,-0.006589236240777119,-0.006548327238192258,-0.006548327238192258,1.1393827088984325,1.3577674429579047,1.390170931662133
2010-11-29,-0.0007581285874626031,-0.0007212295973193504,-0.0007212295973193504,1.138518910294756,1.3567881808917668,1.3891682992408851
2010-11-30,-0.012136692593719411,-0.011956416747454481,-0.011956416747454481,1.1247010562683721,1.340565855963004,1.3725588241228086
2010-12-01,0.02111670626809059,0.020885608016280952,0.020885608016280952,1.1484510381130026,1.3685643889506574,1.401225549702725
2010-12-02,0.010152566059500323,0.010039705215761004,0.010039705215761004,1.1601107631435466,1.38230437198451,1.415293441162533
2010-12-03,0.0026058368164614265,0.00264614990576332,0.00264614990576332,1.1631338224813192,1.385962156568173,1.4190385197684927
2010-12-06,-0.00037160761949539545,-0.00032006780605626703,-0.00032006780605626703,1.1627015930903923,1.3855185547014433,1.418584331222761
2010-12-07,0.0005570914048995679,0.00044488500303390197,0.00044488500303390197,1.163349324154366,1.3861349511278551,1.4192154381172608
2010-12-08,0.0037119829405398708,0.003613291584919327,0.003613291584919327,1.1676676569995155,1.391143460882328,1.4243434773169976
2010-12-09,0.0009244830010450844,0.000943277535351652,0.000943277535351652,1.1687471458992817,1.3924556952574298,1.4256870285217755
2010-12-10,0.006651001175943749,0.006579238381494249,0.006579238381494249,1.1765204845410389,1.4016169932121978,1.4350669633398245
2010-12-13,-0.003487338756557712,-0.0034265222785264974,-0.0034265222785264974,1.1724175590574148,1.396814321358995,1.4301496744187634
2010-12-14,0.0018418773588437798,0.0018067686704800886,0.0018067686704800886,1.1745770084145535,1.3993380417133043,1.4327336240446005
2010-12-15,-0.00441167201436099,-0.004429959344634969,-0.004429959344634969,1.1693951598978192,1.3931390310791132,1.4263866723383913
2010-12-16,0.007754878888335259,0.0076733986135863125,0.0076733986135863125,1.1784636777354323,1.4038291421887288,1.4373319058523508
2010-12-17,0.0008810409809067998,0.0009134844104397806,0.0009134844104397806,1.1795019525300272,1.405111518225039,1.4386448861409746
2010-12-20,0.0007336211577795293,0.0007493985530231138,0.0007493985530231138,1.1803672601180455,1.406164506763633,1.439723004536963
2010-12-21,0.006048676734615954,0.006004151886194283,0.006004151886194283,1.1875069201026238,1.4146073320392172,1.4483673201302507
2010-12-22,-0.00018258591019815196,-0.00019561027225776343,-0.00019561027225776343,1.1872900980707504,1.414330620313859,1.4480840046044308
2010-12-23,-0.002550870861285248,-0.00253554910238846,-0.00253554910238846,1.1842614743556892,1.4107445155790417,1.444412316506373
2010-12-27,0.000547905016147876,0.0005642430773078842,0.0005642430773078842,1.1849103371579193,1.4115405184058072,1.44522731615674
2010-12-28,-0.001825800966301916,-0.0017755891039438307,-0.0017755891039438307,1.182746926719355,1.4090342024415505,1.44266118628145
2010-12-29,0.002195303639795032,0.0022071003753553076,0.0022071003753553076,1.1853434153525384,1.4121440823586475,1.4458452843272023
2010-12-30,-0.002372936618618815,-0.002368821952913502,-0.002368821952913502,1.1825306705566097,1.4087989644556793,1.4424203342771715
2010-12-31,-0.0036591097448105403,-0.0035605556269624077,-0.0035605556269624077,1.1782036610564386,1.4037828573755278,1.4372845164395158
2011-01-03,0.015608168905207886,0.015426286922617022,0.015426286922617022,1.1965932628029419,1.4254380145104537,1.4594564797795466
2011-01-04,-0.0007235367041906748,-0.0007908142545767861,-0.0007908142545767861,1.1957274836573166,1.424310757809563,1.4583023207914025
2011-01-05,0.008503531609438175,0.00836876400864048,0.00836876400864048,1.2058953901108707,1.4362304784166393,1.4705065087673586
2011-01-06,0.0032297045226223897,0.0031919202422086763,0.0031919202422086763,1.2097900759061213,1.4408148115531743,1.4752002482589925
2011-01-07,-0.0008941653559162432,-0.0008798195095695406,-0.0008798195095695406,1.2087083235323148,1.439547154572293,1.4739023383000525
2011-01-10,0.003758543430127048,0.003737638718237128,0.003737638718237128,1.2132513062606671,1.4449276617539506,1.4794112527465828
2011-01-11,0.0014267385604200822,0.001421286984338452,0.001421286984338452,1.2149822986827892,1.4469813186329121,1.4815139207045953
2011-01-12,0.0071225202809024335,0.0070593672602204385,0.0070593672602204385,1.2236360347460948,1.4571960911798199,1.491972471571978
2011-01-13,0.00035338777356241913,0.000328776983929855,0.000328776983929855,1.2240684527600645,1.457675183715672,1.4924629977812875
2011-01-14,0.00742314450946191,0.007310207485005042,0.007310207485005042,1.2331548897743758,1.4683310917543766,1.5033732119587615
2011-01-18,0.0028071914877729753,0.002790406057816203,0.002790406057816203,1.2366165916840561,1.4724283317276878,1.5075682336765697
2011-01-19,-0.0113717525964393,-0.011240987190603848,-0.011240987190603848,1.2225540937467732,1.4558767837116546,1.49062167847285
2011-01-20,-0.007078638924577385,-0.007088943141184297,-0.007088943141184297,1.2139000747513757,1.4455561559713526,1.4800547461491393
2011-01-21,-0.007663630634511032,-0.007576910327821116,-0.007576910327821116,1.2045971929512758,1.4346033066037278,1.4688405040573012
2011-01-24,0.013829508044636674,0.013676176463690064,0.013676176463690064,1.2212561795217423,1.4542231945802337,1.4889286259878043
2011-01-25,0.0014170779276747592,0.0014111133277786142,0.0014111133277786142,1.2229867946977788,1.4562752683116706,1.4910296730160466
2011-01-26,0.005306869494714261,0.005256014535083111,0.005256014535083111,1.2294770260109988,1.4639294722889988,1.4988665466496591
2011-01-27,0.0061589329966018624,0.0060234912941953414,0.0060234912941953414,1.2370492926350618,1.4727474387206478,1.507894956244564
2011-01-28,-0.02535885907999247,-0.025051610308796508,-0.025051610308796508,1.205679133948125,1.43585274380254,1.4701197594141253
2011-01-31,0.004844878165770172,0.0047791660261359645,0.0047791660261359645,1.211520502459115,1.4427149224542553,1.4771457058226687
2011-02-01,0.01875018536993789,0.01858686772679481,0.01858686772679481,1.2342367364597036,1.4695304738853856,1.5046012176699977
2011-02-02,-0.0015774653215138157,-0.0015720120390335802,-0.0015720120390335802,1.2322897708094,1.467220354288711,1.5022359664418758
2011-02-03,0.0017556020424831509,0.0017725355273541222,0.0017725355273541222,1.2344531812479642,1.469821054493145,1.5048987330628631
2011-02-04,0.005607867057917604,0.005520615416326482,0.005520615416326482,1.2413758305776263,1.4779353712658212,1.5132067002086202
2011-02-07,0.004705711993211903,0.004674809306177444,0.004674809306177444,1.2472173877116588,1.4848444372933436,1.5202806529729256
2011-02-08,0.006591501363994778,0.006548615275973298,0.006548615275973298,1.2554384228239581,1.4945681122578467,1.5302363860807506
2011-02-09,-0.0017234563888756105,-0.0016922891340945007,-0.0016922891340945007,1.2532747294533022,1.4920388708813086,1.5276467836719902
2011-02-10,0.0015539541918963007,0.001516853247548165,0.001516853247548165,1.255222260972734,1.494302074888073,1.5299639996569097
2011-02-11,0.00723868143694828,0.007170257659655073,0.007170257659655073,1.2643084150524815,1.5050166057863779,1.5409342357444462
2011-02-14,0.002395478570737186,0.002381179316723608,0.002381179316723608,1.2673370387675424,1.508600320199402,1.5446034764750323
2011-02-15,-0.0013657012685709402,-0.0013176729418230922,-0.0013176729418230922,1.2656062349659907,1.5066124783774497,1.5425681942682352
2011-02-16,0.0064958780311599185,0.006429106042243779,0.006429106042243779,1.2738274587038052,1.516298649765506,1.552485528766578
2011-02-17,-0.00033975972143651667,-0.0003060724615654214,-0.0003060724615654214,1.2733946634412778,1.5158345525053039,1.5520103556992437
2011-02-18,-0.00220863330286325,-0.002182767983187146,-0.002182767983187146,1.270582201579913,1.5125258373762864,1.5486226771852485
2011-02-22,-0.028945916307509645,-0.02861257319530836,-0.02861257319530836,1.2338040355111695,1.4692485811445624,1.504312597482371
2011-02-23,-0.008241179695009482,-0.0081239017687229,-0.0081239017687229,1.223636034746094,1.4573125499975084,1.4920917097109718
2011-02-24,0.005303976687026424,0.0052312949196878485,0.0052312949196878485,1.2301261717477927,1.4649361817367075,1.499897281491691
2011-02-25,0.013893872316838696,0.013792490371587937,0.013792490371587937,1.2472173877116581,1.485141299918302,1.5205846003050363
2011-02-28,0.0020812202961466575,0.0020775902238071597,0.0020775902238071597,1.2498131218526707,1.4882268149639848,1.5237437520051018
2011-03-01,-0.01609812755333151,-0.015881850376131074,-0.015881850376131074,1.2296934707992588,1.4645910193629805,1.4995438817241922
2011-03-02,0.0052778494444476465,0.0052019629252008474,0.0052019629252008474,1.2361836078009576,1.472209767546289,1.5073444534016334
2011-03-03,0.019776371623467792,0.019529427998993768,0.019529427998993768,1.2606308342236685,1.5009611822009996,1.536782028374023
2011-03-04,-0.005148698876069169,-0.005059401945969698,-0.005059401945969698,1.254140225664363,1.493367216274947,1.5290068303891362
2011-03-07,-0.013455100322689595,-0.013317224019386596,-0.013317224019386596,1.2372656431093285,1.4734797105126056,1.5086447039016717
2011-03-08,0.004021439854527298,0.003973286004842124,0.003973286004842124,1.2422412324771657,1.479334266824804,1.5146389807899632
2011-03-09,-0.006791915084939926,-0.006696780033541734,-0.006696780033541734,1.2338040355111697,1.4694274906437976,1.504495776705385
2011-03-10,-0.015605597487259981,-0.015475720599913562,-0.015475720599913562,1.2145497863548254,1.446687041356762,1.4812126204213425
2011-03-11,0.006234162518491404,0.006176516722604138,0.006176516722604138,1.2221214871097603,1.455622528060077,1.4903613549411074
2011-03-14,-0.0035402636314969538,-0.0035010503747782413,-0.0035010503747782413,1.2177948548556747,1.4505263202626766,1.485143524760836
2011-03-15,-0.014212605618037721,-0.014131531953975523,-0.014131531953975523,1.2004868168599356,1.430028161217802,1.4641561715844384
2011-03-16,-0.02414800390994476,-0.02390769510458824,-0.02390769510458824,1.1714974565125649,1.3958394839484318,1.4291515722486965
2011-03-17,0.009233284456275914,0.00914869335851565,0.00914869335851565,1.1823142257683492,1.4086095913647847,1.4422264417460404
2011-03-18,-0.0022538594792574917,-0.002186604192068324,-0.002186604192068324,1.1796494556431403,1.4055295197273188,1.4390728633626069
2011-03-21,0.01928386901107637,0.01911658864560149,0.01911658864560149,1.2023976612247502,1.4323984493851958,1.4665830273225577
2011-03-22,-0.001801835435722543,-0.001781466926821353,-0.001781466926821353,1.2002311385109257,1.4298466789215858,1.4639703581639452
2011-03-23,0.005595599644697691,0.005568075819018832,0.005568075819018832,1.2069471514431325,1.4378081736393935,1.4721218561149982
2011-03-24,0.017770399926270386,0.017554830863602326,0.017554830863602326,1.2283950850141498,1.4630486529419382,1.4979647063097095
2011-03-25,0.0024694283111232895,0.0024431925301713828,0.0024431925301713828,1.2314285186143286,1.4666231624820831,1.5016245224906257
2011-03-28,-0.0054538390439718976,-0.005419887725983894,-0.005419887725983894,1.2247125056796493,1.4586742296051027,1.4934858861721423
2011-03-29,0.00972937424812681,0.009627055650072226,0.009627055650072226,1.2366281919937678,1.4727169675888372,1.5078637579109189
2011-03-30,0.004730260595930069,0.004714757525698123,0.004714757525698123,1.2424777656021722,1.4796604709949999,1.5149729699112566
2011-03-31,0.001394771811655815,0.0014071186146926713,0.0014071186146926713,1.244210738566243,1.481742528787162,1.517104716577975
2011-04-01,0.000522415148709765,0.0005148519048659786,0.0005148519048659786,1.2448607331042574,1.482505406750629,1.5178858008311862
2011-04-04,-0.0033065734092067034,-0.003259957374024489,-0.003259957374024489,1.2407445097060092,1.477672502317861,1.5129375578218394
2011-04-05,-0.0026191449871449946,-0.002545519202788818,-0.002545519202788818,1.237494819943085,1.473911058587778,1.5090863462157835
2011-04-06,0.002451117310376505,0.002421120431407728,0.002421120431407728,1.2405280649177488,1.4774795747658027,1.512740026001365
2011-04-07,-0.0006990521540768402,-0.0006982084638249113,-0.0006982084638249113,1.2396608711017754,1.4764479860215727,1.511683818111644
2011-04-08,-0.004718156040979582,-0.0046531881204810045,-0.0046531881204810045,1.2338119576740205,1.469577795792509,1.5046496689272837
2011-04-11,-0.0033363366258204463,-0.003336662121381674,-0.003336662121381674,1.2296955456502574,1.4646743112268643,1.4996291613710244
2011-04-12,-0.00687133177542687,-0.006812583404807005,-0.006812583404807005,1.22124589957333,1.454696095320753,1.4894128126329034
2011-04-13,0.008515126912949977,0.008449315051591487,0.008449315051591487,1.2316449634001165,1.466987280934438,1.5019973307287156
2011-04-14,-0.001758971513020291,-0.0016931081956396022,-0.0016931081956396022,1.2294785349953408,1.4645035127461887,1.49945428673823
2011-04-15,-0.001762224362726772,-0.001683217377808307,-0.001683217377808307,1.2273119179675223,1.462038434983673,1.496930379225563
2011-04-18,-0.007060649522520501,-0.0069745591537900276,-0.0069745591537900276,1.2186462986599411,1.4518413614337649,1.4864899497465491
2011-04-19,0.006222338274344041,0.00616928280926223,0.00616928280926223,1.2262291281669806,1.4607981813866342,1.4956605266396616
2011-04-20,0.022614906378142674,0.022401560395686172,0.022401560395686172,1.2539601850986284,1.4935223400728754,1.5291656562586238
2011-04-21,0.007947383669776986,0.007873772892866922,0.007873772892866922,1.2639258877962318,1.5052819957890322,1.541205959351576
2011-04-25,0.0025711078409178523,0.002557069258333309,0.002557069258333309,1.2671755775566838,1.5091311061055868,1.5451469297309937
2011-04-26,0.005642050323950931,0.005596318674274851,0.005596318674274851,1.27432504593454,1.5175766846966146,1.5537940643483457
2011-04-27,0.00680031202070297,0.006791757218664858,0.006791757218664858,1.2829908538626915,1.5278836970997802,1.564347056401202
2011-04-28,-0.0015194323045951696,-0.0014698831743243234,-0.0014698831743243234,1.2810414361128324,1.525637886561089,1.5620476489841943
2011-04-29,-0.0008458307921722641,-0.0007699822435379536,-0.0007699822435379536,1.2799578918201195,1.5244631724783682,1.5608449000309164
2011-05-02,-0.001861828290474321,-0.0018886377607808457,-0.0018886377607808457,1.277574830006513,1.5215840137659058,1.5578970294139958
2011-05-03,-0.0047484419771862685,-0.004697755998389559,-0.004697755998389559,1.2715083400547136,1.5144359833381835,1.550578409299193
2011-05-04,-0.0015331537265224071,-0.0015572195361189967,-0.0015572195361189967,1.2695589223048545,1.5120776740387278,1.548163818307948
2011-05-05,-0.005460747455852899,-0.005500687265038631,-0.005500687265038631,1.2626261816498228,1.5037602076333938,1.539647853308388
2011-05-06,0.0032597503635294345,0.003272540353375364,0.003272540353375364,1.2667420278044577,1.508681323594674,1.5446864130383273
2011-05-09,0.003762654230804241,0.003775999909354721,0.003775999909354721,1.2715083400547136,1.5143781041358129,1.5505191487939416
2011-05-10,0.008519572817011989,0.008447496608791984,0.008447496608791984,1.2823410479452477,1.5271708080349289,1.5636171540452455
2011-05-11,-0.007265051710463988,-0.00721776267167991,-0.00721776267167991,1.2730247739214748,1.5161480515834151,1.5523313365179792
2011-05-12,0.005956619204455782,0.0058976423315399975,0.0058976423315399975,1.2806076977375636,1.5250897505133154,1.5614864315208037
2011-05-13,-0.011842180459161744,-0.011739624415735403,-0.011739624415735403,1.2654425102835636,1.5071857696420015,1.5431551672844825
2011-05-16,-0.017291641032243676,-0.0171139807904577,-0.0171139807904577,1.2435609326487989,1.481391821332697,1.5167456393948804
2011-05-17,0.002787493071122027,0.002765541728918893,0.002765541728918893,1.2470273501320754,1.485488672231472,1.5209402627527828
2011-05-18,0.008339158028255467,0.008253523886249885,0.008253523886249885,1.2574265082703835,1.4977491884704879,1.533493379540972
2011-05-19,0.0029290386896436704,0.002905610713505636,0.002905610713505636,1.261109559162491,1.502101064558652,1.5379491143336563
2011-05-20,-0.007559217735950252,-0.007439334013864976,-0.007439334013864976,1.2515765574158935,1.4909264330168182,1.5265077971758005
2011-05-23,-0.014713118564940397,-0.014563370289569583,-0.014563370289569583,1.2331619631335335,1.4692135192982871,1.5042766988756142
2011-05-24,-0.006149247507068023,-0.006064112657353498,-0.006064112657353498,1.2255789450059236,1.4603040429995555,1.4951545955058005
2011-05-25,0.003889260014006801,0.003841269524446084,0.003841269524446084,1.2303455401907437,1.4659134644163552,1.5008978872878525
2011-05-26,0.006162557399298496,0.0061040937201541625,0.0061040937201541625,1.23792761520314,1.4748615375887886,1.510059508656239
2011-05-27,0.005075517571414334,0.005059470110226317,0.005059470110226317,1.2442107385662426,1.4823235554549414,1.517699609604948
2011-05-31,0.016193656839312842,0.01603791147802393,0.01603791147802393,1.2643590603023724,1.5060969294191175,1.5420403415940238
2011-06-01,-0.021761334617772854,-0.02152764949100281,-0.02152764949100281,1.2368449197141196,1.473674202623107,1.5088438376192015
2011-06-02,0.00210172395743502,0.0020421582988508023,0.0020421582988508023,1.2394444263135145,1.4766836786257962,1.5119251355838654
2011-06-03,-0.015032222939347473,-0.01486615925358726,-0.01486615925358726,1.2208128213762381,1.454731063892172,1.4894486157387743
2011-06-06,-0.008163401837851247,-0.008090677488680857,-0.008090677488680857,1.210846835746543,1.4429613040214548,1.4773979673528697
2011-06-07,-0.0017891845118792604,-0.0017646268597609372,-0.0017646268597609372,1.2086804073417672,1.4404150157467828,1.4747909112171225
2011-06-08,-0.007169487694964172,-0.007097595453384338,-0.007097595453384338,1.200014788034186,1.4301915326800319,1.4643234419509754
2011-06-09,0.0018050989802884665,0.0017973583948918631,0.0017973583948918631,1.2021809335043976,1.4327620994375976,1.4669553559822028
2011-06-10,-0.015317891594940014,-0.015186805443678383,-0.015186805443678383,1.1837660562874734,1.4110030201863626,1.4446769903963392
2011-06-13,0.0,-4.132234813960171e-05,-4.132234813960171e-05,1.1837660562874734,1.4109447142283364,1.4446172929507928
2011-06-14,0.01281104630849339,0.012688722567341357,0.012688722567341357,1.198931338052995,1.4288478002650364,1.462947640997029
2011-06-15,-0.01897334176029153,-0.01875693235619723,-0.01875693235619723,1.176183604028992,1.4020469987281639,1.4355072310541894
2011-06-16,-0.00386833097220729,-0.003821943903449625,-0.003821943903449625,1.1716337365645242,1.396688453749025,1.4300208029441042
2011-06-17,-0.003132247881292405,-0.003075372176000466,-0.003075372176000466,1.1679638892755193,1.392393116939824,1.425622956755628
2011-06-20,0.005205539515195312,0.0051634299347681194,0.0051634299347681194,1.1740437714534642,1.3995826412407961,1.4329840610062325
2011-06-21,0.021453931174387764,0.021246437084193524,0.021246437084193524,1.1992316257219455,1.4293187857720482,1.4634298667010537
2011-06-22,-0.007242648664786855,-0.007165773529243585,-0.007165773529243585,1.1905460123891403,1.4190766110521122,1.4529432597003427
2011-06-23,0.009301577993540588,0.009149139398072164,0.009149139398072164,1.2016199689782765,1.432059940783172,1.4662364401208305
2011-06-24,-0.01734733665526944,-0.017227419760617372,-0.017227419760617372,1.180775062844716,1.4073892430609354,1.4409769694985557
2011-06-27,0.015998541208640304,0.015813364627198873,0.015813364627198873,1.199665741345772,1.4296448023338555,1.4637636637366325
2011-06-28,0.014841604981883139,0.014697630741974247,0.014697630741974247,1.2174707063891241,1.450657193730741,1.4852775215597527
2011-06-29,0.004102085328627769,0.004082479591898115,0.004082479591898115,1.222464875111837,1.456579472118987,1.4913411367298255
2011-06-30,0.013321480223492665,0.01315951841474881,0.01315951841474881,1.2387499167695537,1.475747356504882,1.5109664678812942
2011-07-01,0.015074606741316554,0.014903848359949786,0.014903848359949786,1.2574235846156934,1.4977416713238274,1.5334856829955659
2011-07-05,0.005007398741593283,0.005022278418875233,0.005022278418875233,1.2637200058909477,1.5052637469967671,1.5411872750469284
2011-07-06,0.0032646903793627224,0.003273411751910504,0.003273411751910504,1.2678456604363881,1.510191095035911,1.546232215584962
2011-07-07,0.013701150130538853,0.013569993509833091,0.013569993509833091,1.2852166041723794,1.530684378394156,1.5672145767151446
2011-07-08,-0.0027031638183053763,-0.0026330192061492764,-0.0026330192061492764,1.2817424531492954,1.5266540570272915,1.5630880706344967
2011-07-11,-0.018126300906088022,-0.017906214467617938,-0.017906214467617938,1.258509203759404,1.4993174620643017,1.5350990804099403
2011-07-12,-0.007591548136866466,-0.007475198708057056,-0.007475198708057056,1.2489551705583748,1.4881097661089113,1.5236239097473203
2011-07-13,0.004172280060506184,0.004162617365782473,0.004162617365782473,1.2541661613129615,1.4943041976635068,1.529966173092956
2011-07-14,-0.011599674299893281,-0.011498241413990308,-0.011498241413990308,1.2396182423237838,1.4771223272528327,1.512374252679494
2011-07-15,0.013312585525770082,0.013197009504425613,0.013197009504425613,1.256120766194024,1.4966159246447874,1.532333070066354
2011-07-18,-0.005358718095335391,-0.005299986850989028,-0.005299986850989028,1.2493895691142933,1.4886838799231894,1.5242117249436666
2011-07-19,0.02276658550636368,0.022536496091224732,0.022536496091224732,1.2778339035702928,1.5222335983641475,1.5585621165250583
2011-07-20,-0.004247962131368799,-0.004188742005946565,-0.004188742005946565,1.2724057135377471,1.5158573545478164,1.5520337019186927
2011-07-21,0.006655287180950431,0.006569698470888852,0.006569698470888852,1.280873938972023,1.525816080292075,1.5622300953569561
2011-07-22,0.01034045367772407,0.01027012441512042,0.01027012441512042,1.2941187566049672,1.5414864012712661,1.5782743928013174
2011-07-25,-0.0020132262962344605,-0.0019791052348252782,-0.0019791052348252782,1.2915134026937198,1.5384356374650983,1.5751508216885337
2011-07-26,0.0025220293284571316,0.002514633453238494,0.002514633453238494,1.294770637373409,1.5423042391847221,1.5791117486386477
2011-07-27,-0.025826030609646056,-0.025586057904659662,-0.025586057904659662,1.2613318512601324,1.5028427536143398,1.538708504000051
2011-07-28,0.0017211611287606399,0.0017078116152513013,0.0017078116152513013,1.263502806612989,1.5054093259248587,1.5413363282556682
2011-07-29,-0.003265176944860282,-0.003190795916692469,-0.003190795916692469,1.25937724637907,1.5006058719947468,1.5364182385932204
2011-08-01,-0.004655223775752448,-0.004603749560570971,-0.004603749560570971,1.2535145634790845,1.4936974583709608,1.5293449538024435
2011-08-02,-0.025289922530408293,-0.024924992553309756,-0.024924992553309756,1.22181327727796,1.456467060344167,1.491226042217476
2011-08-03,0.009596537701344277,0.009503527324940433,0.009503527324940433,1.2335384544573609,1.4703086348500234,1.5053979496573524
2011-08-04,-0.046470892844814315,-0.046002829666617,-0.046002829666617,1.176214821120315,1.4026702771636617,1.4361453841987908
2011-08-05,-0.006276178977176361,-0.006224580037511415,-0.006224580037511415,1.1688326863873564,1.3939392437572182,1.4272059823093428
2011-08-08,-0.060189890898863396,-0.05948142677136919,-0.05948142677136919,1.098480774514676,1.3110257487059356,1.3423137341849496
2011-08-09,0.04823121503570982,0.04781968425325965,0.04781968425325965,1.1514618369628864,1.3737185860569467,1.4065027531224878
2011-08-10,-0.04092040545693054,-0.04036122710267503,-0.04036122710267503,1.104343551726183,1.3182736182299368,1.3497345760831736
2011-08-11,0.04404230124327935,0.04349236154009562,0.04349236154009562,1.1529813831073807,1.3756084510427633,1.4084377202493508
2011-08-12,0.008851595954587621,0.008770471106920604,0.008770471106920604,1.1631871084538088,1.3876731852170696,1.4207903825806947
2011-08-15,0.014747030557550556,0.014657451955765807,0.014657451955765807,1.180340664286326,1.4080129382596933,1.4416155493525853
2011-08-16,-0.00846216980920833,-0.008311277263384048,-0.008311277263384048,1.1703524211524212,1.3963105523393848,1.4296338828147102
2011-08-17,-0.0059366090692314355,-0.005833615364344028,-0.005833615364344028,1.1634044963548107,1.388165013647862,1.4212939486305354
2011-08-18,-0.04908554155196354,-0.04851141095076738,-0.04851141095076738,1.1062981566072454,1.320823170203313,1.3523449738066806
2011-08-19,-0.018056713648930023,-0.017825224576818646,-0.017825224576818646,1.0863220475830493,1.2972792005681735,1.3282391209432445
2011-08-22,0.0035974449000359954,0.0036427231626029407,0.0036427231626029407,1.0902300312929236,1.302004829560446,1.3330775283545797
2011-08-23,0.041226862886371896,0.0406830604308605,0.0406830604308605,1.135176795307642,1.354974370722726,1.3873112019996514
2011-08-24,0.007842250733479439,0.007624858882008965,0.007624858882008965,1.144079136363272,1.3653058590882257,1.397889254140329
2011-08-25,-0.016321347676459652,-0.016145783002992048,-0.016145783002992048,1.1254062230093034,1.3432619269546735,1.3753192375807648
2011-08-26,0.025081478728630646,0.024951022406548326,0.024951022406548326,1.1536330752527797,1.3767776853919829,1.4096348586937995
2011-08-29,0.027855825662277844,0.027505439681197195,0.027505439681197195,1.1857684770752586,1.4146465609719503,1.4484074852721145
2011-08-30,0.0065928306109315216,0.006655967103506702,0.006655967103506702,1.193586047788398,1.4240624019448684,1.4580480378465586
2011-08-31,0.0016369581334430006,0.0015766599665790239,0.0015766599665790239,1.1955398981772893,1.4263076641239252,1.4603468838171803
2011-09-01,-0.009080655336215937,-0.008962580017330156,-0.008962580017330156,1.1846836124212468,1.4135242675548831,1.44725840801791
2011-09-02,-0.023460447910582216,-0.013483339388018116,-0.013483339388018116,1.1568904042415178,1.3944652401222408,1.4277445317204418
2011-09-06,0.00018758099654125893,0.00025064379750486607,0.00025064379750486607,1.1571074148964344,1.3948147541855138,1.428102387031739
2011-09-07,0.025333111855421198,0.01492682149812052,0.01492682149812052,1.186420546466743,1.4156349050441857,1.4494194164440015
2011-09-08,-0.004575584344689521,-0.00042521346078436544,-0.00042521346078436544,1.1809919791881118,1.4150329580270047,1.4488031037978073
2011-09-09,-0.022246793589304037,-0.016887143488882785,-0.016887143488882785,1.1547186943964902,1.3911370934233045,1.424336957896835
2011-09-12,0.012787011480244859,0.007445269750974401,0.007445269750974401,1.1694840955981916,1.4014944843444275,1.4349415307646591
2011-09-13,0.013368215470238587,0.010343239035750311,0.010343239035750311,1.1851180109771653,1.4159904768032874,1.4497834740196835
2011-09-14,0.014290462926522807,0.010263106459425565,0.010263106459425565,1.202053895976589,1.4305229378122524,1.4646627561566634
2011-09-15,0.014812432580191492,0.008972553321086731,0.008972553321086731,1.2198592382684987,1.4433583811488104,1.477804520833689
2011-09-16,0.009166120962617041,0.008101218556620568,0.008101218556620568,1.2310406156038336,1.455051342850027,1.4897765382409245
2011-09-19,0.0003533306858711782,-0.0005471594369894954,-0.0005471594369894954,1.2314755800288801,1.4542551977764824,1.4889613929490204
2011-09-20,-0.004416222350775878,-0.0012375086718984893,-0.0012375086718984893,1.226037110047922,1.4524555443580804,1.4871187903131238
2011-09-21,-0.017388551813041775,-0.013016839926609342,-0.013016839926609342,1.2047181002351417,1.4335491630366552,1.467761203067765
2011-09-22,-0.03250263468572734,-0.02499856359490708,-0.02499856359490708,1.1655615879239154,1.3977124931180576,1.4310692812907382
2011-09-23,0.010638465728158408,0.0019897029470762775,0.0019897029470762775,1.1779613749311018,1.40049352578478,1.4339166840571929
2011-09-26,0.011634395827427202,0.006689536441803621,0.006689536441803621,1.1916662438364707,1.4098621782620273,1.4435089219697037
2011-09-27,0.010405735932697668,0.00895960201592767,0.00895960201592767,1.2040664080897427,1.422493982276564,1.456442187416993
2011-09-28,-0.01481516757824708,-0.013772092125908962,-0.013772092125908962,1.1862279624785552,1.4029032641041002,1.436383931435826
2011-09-29,-0.011919996642863695,-0.007004713217469045,-0.007004713217469045,1.1720881291481398,1.3930763290671997,1.4263224739259373
2011-09-30,-0.025798358444075742,-0.017974333066005547,-0.017974333066005547,1.1418501794643299,1.3680367111421774,1.4006852787200634
2011-10-03,-0.025719101490918828,-0.016484364339896126,-0.016484364339896126,1.112482818811263,1.3454854955653566,1.377595872260113
2011-10-04,0.020532408034406258,0.01496421712046023,-0.0008027420212681263,1.1353247699783622,1.3656196326534267,1.376490018165124
2011-10-05,0.025675199370950752,0.021507702370990672,0.0097789923845138,1.1644744597983354,1.394990973264518,1.38995070357012
2011-10-06,0.016812833051958354,0.013930622293772284,0.0058191313669661345,1.1840525744841943,1.4144240656162879,1.3980390093078017
2011-10-07,-0.006614173202422968,-0.005989462986427102,-0.004231322560873096,1.1762210456757811,1.4059524250281674,1.392123455306737
2011-10-10,0.03458503181705619,0.02979914378120595,0.01633007762452374,1.2169006879643691,1.4478486034911169,1.414856939394816
2011-10-11,0.0067929163753248645,0.004832328218785159,0.004315846708602329,1.2251669925747863,1.4548450831542958,1.4209632450598464
2011-10-12,0.004971807028372632,0.004034201347792,0.004034201347792,1.2312582864393997,1.4607142211495856,1.4266956968982298
2011-10-13,0.009186735497248133,0.007476853251431177,0.007476853251431177,1.2425695306457134,1.4716357670233995,1.4373628912583862
2011-10-14,0.01855786160321493,0.01534457817291687,0.01534457817291687,1.2656289640278082,1.4942173970925505,1.4594186185061504
2011-10-17,-0.015469302757253445,-0.01258278183312702,-0.01258278183312702,1.246050566404913,1.4754159855736722,1.4410550724262838
2011-10-18,0.012395397818223186,0.009859420551869698,0.009859420551869698,1.2614958588771243,1.4899627322643942,1.4552630404237394
2011-10-19,-0.019313987522315168,-0.016633058916870426,-0.016633058916870426,1.2371313435993192,1.4651800943546993,1.4310575645328274
2011-10-20,-0.004923267062141523,-0.004915429120163936,-0.004915429120163936,1.2310406156038338,1.4579781054526237,1.4240233025074918
2011-10-21,0.012546073953463521,0.010936810697184728,0.010936810697184728,1.2464853422069169,1.4739237359925992,1.439597575795396
2011-10-24,0.020768133265168354,0.01752665260964072,0.01752665260964072,1.272372515906949,1.4997566852864452,1.4648289024040428
2011-10-25,-0.019661442437695964,-0.013673177410909221,-0.013673177410909221,1.2473558369261382,1.4792502460553265,1.4448000369448448
2011-10-26,-0.0012205577222744735,-0.000745256676180153,-0.000745256676180153,1.245833367126954,1.4781478249337126,1.4437232900715662
2011-10-27,0.027588351598438976,0.022816514301583223,0.022816514301583223,1.2802038560923195,1.5118740059211668,1.476664023167013
2011-10-28,0.0015293703186787244,0.0014630560895150134,0.0014630560895150134,1.2821617618716852,1.5140859623921092,1.4788244654582752
2011-10-31,-0.01679672208269556,-0.013628686805515277,-0.013628686805515277,1.2606256470924673,1.49345095901404,1.4586700299782107
2011-11-01,-0.026057142480408246,-0.020706089281853628,-0.020706089281853628,1.227777344991722,1.4625274301186253,1.428466678104718
2011-11-02,0.0085047026404379,0.0073941665183305215,0.0073941665183305215,1.2382192262195428,1.4733416014745484,1.4390289985885107
2011-11-03,0.020731136249119375,0.017184971815451124,0.017184971815451124,1.2638889177045793,1.49866093537042,1.463758671370871
2011-11-04,-0.005163856673104816,-0.004390941778641876,-0.004390941778641876,1.2573623764828272,1.4920804024572836,1.4573313922668993
2011-11-07,0.0070935226477997215,0.007671814905990822,0.007671814905990822,1.2662815049768994,1.5035273671297922,1.468511768965061
2011-11-08,0.011510068115776928,0.00816623574101957,0.00816623574101957,1.2808564913529321,1.5158055260528485,1.4805039822588912
2011-11-09,-0.03515612172107374,-0.02797908171026082,-0.02797908171026082,1.235826544635701,1.4733946793825508,1.439080840366903
2011-11-10,-0.000528172478973743,-0.0011330267781022713,-0.0011330267781022713,1.2351738150660392,1.471725283756097,1.4374503232389135
2011-11-11,0.018844518178400493,0.01603602697419368,0.01603602697419368,1.2584500704775354,1.4953259101050127,1.4605013153964361
2011-11-14,-0.006222704518037192,-0.004932728965761883,-0.004932728965761883,1.2506191075382507,1.4879498726749834,1.4532970582534468
2011-11-15,0.011132367186380998,0.008815906535191327,0.008815906535191327,1.2645414586536705,1.5010674996815359,1.4661091892868778
2011-11-16,-0.01651488949631119,-0.01374214039431613,-0.01374214039431613,1.243657696200501,1.4804396193595672,1.4459617109743006
2011-11-17,-0.023438979355103307,-0.020140130037168812,-0.020140130037168812,1.214507629134442,1.4506233729134888,1.416839854086511
2011-11-18,-0.007701885425177579,-0.005564470738778616,-0.005564470738778616,1.2051536305268447,1.4425514216019233,1.4089558901769113
2011-11-21,-0.019133550218335182,-0.01690289723326054,-0.01690289723326054,1.1820947630163503,1.418168123168892,1.3851404535590537
2011-11-22,0.003312523980472104,0.003458833383442735,0.003458833383442735,1.1860104802660325,1.423073330416643,1.3899314236005806
2011-11-23,-0.02256051585024965,-0.01783828495080119,-0.01783828495080119,1.1592534720274286,1.3976881428427852,1.3651374308043207
2011-11-25,-0.007693611254758648,-0.007073052654537405,-0.007073052654537405,1.1503346264679204,1.3878022210138357,1.3554817418755618
2011-11-28,0.034795476236116896,0.028969218531808744,0.028969218531808744,1.1903610676267673,1.4280057668333148,1.3947489886718316
2011-11-29,-0.006213714968108852,-0.0048384371647098015,-0.0048384371647098015,1.1829645032434009,1.4210964506596486,1.3880005833296005
2011-11-30,0.036962668683076405,0.030561792474036766,0.030561792474036766,1.2266900282406268,1.464527705470299,1.4304203691111617
2011-12-01,0.006915998850647309,0.004988395422450194,0.004988395422450194,1.2351738150660394,1.4718333487723183,1.437555871532615
2011-12-02,-0.0028177976634692348,-0.002285313289062406,-0.002285313289062406,1.231693345175968,1.4684697484610836,1.4342706059956318
2011-12-05,0.010949973463046714,0.008692406868286092,0.008692406868286092,1.245180354620256,1.481234284988477,1.446737869662169
2011-12-06,-0.0027952289692058097,-0.0022727221970149157,-0.0022727221970149157,1.2416997904211355,1.477867850950004,1.4434498363925259
2011-12-07,0.0,0.0003743992570357602,0.0003743992570357602,1.2416997904211355,1.4784211635753968,1.4439902629388397
2011-12-08,-0.016818612924978882,-0.015309769361224196,-0.015309769361224196,1.220816122277015,1.4557868765423048,1.4218831050533927
2011-12-09,0.016037370575465726,0.013535416627580617,0.013535416627580617,1.2403948028344747,1.475491558437269,1.4411288852760082
2011-12-12,-0.011224280935914766,-0.010788342032426113,-0.010788342032426113,1.2264722630960119,1.4595734508388905,1.4255814939488418
2011-12-13,-0.01099712568579625,-0.010240742884574064,-0.010240742884574064,1.212984593468602,1.4446263344076988,1.4109824804083047
2011-12-14,-0.015602096088883965,-0.014861303343542,-0.014861303343542,1.194059491286969,1.423157304233997,1.3900134417545336
2011-12-15,-0.002732763327857768,-0.002387320498372057,-0.002387320498372057,1.1907964092978995,1.4197597716291912,1.3866950341720201
2011-12-16,0.00514841664408916,0.005587372660462399,0.005587372660462399,1.1969271253512503,1.4276924985616166,1.394443016094352
2011-12-19,-0.00984350043220128,-0.008351837710840427,-0.008351837710840427,1.185145172675542,1.4157686425126457,1.3827968543269171
2011-12-20,0.029639612835024476,0.02580499075643315,0.02580499075643315,1.2202724167469432,1.4523025392459323,1.418479914370848
2011-12-21,-0.014303853593749083,-0.012322689512477548,-0.012322689512477548,1.2028178187533045,1.4344062659766221,1.4010004268063703
2011-12-22,0.008525462892222446,0.007046726917105485,0.007046726917105485,1.2130723974331898,1.4445141352211444,1.410872894224823
2011-12-23,0.008633220154663057,0.007334422814912603,0.007334422814912603,1.2235451185037756,1.4551088126509741,1.4212208325691673
2011-12-27,0.003729770611775818,0.0029459491451470097,0.0029459491451470097,1.2281086611289527,1.4593954892136993,1.4254076768659398
2011-12-28,-0.01155712249594365,-0.010772960565003747,-0.010772960565003747,1.213915258893956,1.4436734791596557,1.4100518161740094
2011-12-29,0.007195207649973723,0.006039825766983556,0.006039825766983556,1.2226496312511694,1.452393015438195,1.4185682834661193
2011-12-30,-0.002857692292568381,-0.0019410160233391486,-0.0019410160233391486,1.2191556748234313,1.4495738973230436,1.4158148196977107
2012-01-03,0.019165214268714648,0.017161241947827404,0.017161241947827404,1.2425210545583418,1.4744503856962594,1.4401119603718626
2012-01-04,0.004217870720447436,0.004035518789952917,0.004035518789952917,1.247761847733903,1.48040055793259,1.4459235592475794
2012-01-05,0.00822525631758353,0.008162364203756234,0.008162364203756234,1.258025008754816,1.49248412645388,1.4577257139489497
2012-01-06,0.003471687035453863,0.003432346774990676,0.003432346774990676,1.2623924778679867,1.4976068495320385,1.4627291341020432
2012-01-09,-0.0032866512262820224,-0.00326746157702571,-0.00326746157702571,1.2582434340825526,1.492713476693702,1.4579497228587686
2012-01-10,0.007289509528872751,0.007264553137954069,0.007264553137954069,1.267415411584939,1.5035573730648835,1.4685410760929414
2012-01-11,0.002067474804892111,0.0020806823238376858,0.0020806823238376858,1.270035761015723,1.5066857983138955,1.4715966435517975
2012-01-12,0.003954434741495927,0.003926635282559546,0.003926635282559546,1.2750580345520257,1.5126020039292862,1.4773750668540642
2012-01-13,-0.0035964683105612627,-0.0035701057174925576,-0.0035701057174925576,1.2704723287366328,1.5072018548667676,1.4721006816810074
2012-01-17,0.00910977179164485,0.009051062864877831,0.009051062864877831,1.2820460417190231,1.5208436336052273,1.4854247574943318
2012-01-18,0.013285446610610707,0.013158075785062923,0.013158075785062923,1.299078595958626,1.5408550093934354,1.5049700890264508
2012-01-19,0.00621960563416879,0.006119816565657608,0.006119816565657608,1.3071583525132784,1.5502847594051978,1.514180229908094
2012-01-20,-0.0015036056590630453,-0.001486784169059957,-0.001486784169059957,1.305192901817148,1.5479798205673792,1.511928970713163
2012-01-23,0.0003349910181693616,0.000354214654461017,0.000354214654461017,1.3056301297162352,1.548528137704634,1.5124645181110938
2012-01-24,-0.0018399555084213093,-0.0018546993503476435,-0.0018546993503476435,1.303227828367103,1.5456560835736382,1.5096593511519294
2012-01-25,0.012566703917696431,0.012553104983005017,0.012553104983005017,1.3196051066234948,1.5650588666583585,1.5286102634755148
2012-01-26,-0.0034748447530348336,-0.0034021165216999404,-0.0034021165216999404,1.3150196837426662,1.559734354030667,1.5234097532429045
2012-01-27,0.0029889470057122836,0.002989110200472135,0.002989110200472135,1.3189502078888415,1.564396571898327,1.5279633928758218
2012-01-30,0.0008279556863932669,0.0008132871147216559,0.0008132871147216559,1.3200422402135328,1.5656688754725667,1.5292060658150142
2012-01-31,0.001323533161811774,0.0013565898383114522,0.0013565898383114522,1.3217893598934476,1.5677928459591932,1.531280571224583
2012-02-01,0.008094953233854785,0.008006465538057726,0.008006465538057726,1.332489182946792,1.5803453253511788,1.5435407163471897
2012-02-02,0.0031136126397783848,0.0031089288777888698,0.0031089288777888698,1.3366380381091831,1.5852585065700415,1.5483394746542842
2012-02-03,0.01372373937237148,0.01348951206529998,0.01348951206529998,1.3549817101793915,1.6066428703210376,1.5692258186788135
2012-02-06,-0.000806286811172896,-0.0007971346294053581,-0.0007971346294053581,1.3538892062970933,1.6053621596520176,1.5679749344373877
2012-02-07,0.0020968252474709015,0.0021157674992748807,0.0021157674992748807,1.3567280753671354,1.608758732733975,1.5712924048433479
2012-02-08,0.005311695790113147,0.0052370804114673835,0.0052370804114673835,1.3639346021733914,1.6171839315799532,1.5795213895174405
2012-02-09,0.007204800157852631,0.00710745053342697,0.00710745053342697,1.3737614784104308,1.6286779863771108,1.5907477596599255
2012-02-10,-0.0069945389402723546,-0.00692286439144673,-0.00692286439144673,1.364152650255043,1.6174028695400875,1.5797352286388022
2012-02-13,0.009284490537147194,0.00919989512129312,0.00919989512129312,1.3768181126275603,1.6322828063087347,1.594268627061691
2012-02-14,0.0025377037066065533,0.002511016011344105,0.002511016011344105,1.3803120690552984,1.6363814945704178,1.5982718611106266
2012-02-15,-0.006960798127531587,-0.006873779460720241,-0.006873779460720241,1.370703995389609,1.625133369063137,1.5872856928190773
2012-02-16,0.013700682039035517,0.01355906579642523,0.01355906579642523,1.3894835750000776,1.6471686593422306,1.6088078039657356
2012-02-17,-0.003143028285603422,-0.0031238117467820704,-0.0031238117467820704,1.385116388821471,1.642023214535246,1.6037821912493928
2012-02-21,0.002837685105668175,0.002864001464292339,0.002864001464292339,1.3890469129676466,1.6467259714260771,1.6083754257935372
2012-02-22,-0.004559319324077937,-0.00445700115364501,-0.00445700115364501,1.3827138045353025,1.639386511871694,1.601206894665281
2012-02-23,0.006633452342302615,0.006568278241538887,0.006568278241538887,1.3918859706607314,1.650154458627093,1.611724067071713
2012-02-24,0.003451458620082226,0.0034177542876444454,0.0034177542876444454,1.3966900074923398,1.6557942811033413,1.6172325439124469
2012-02-27,0.00140695031789706,0.0013948724276870164,0.0013948724276870164,1.3986550809423848,1.6581039028919744,1.6194883769971087
2012-02-28,0.010148499964069302,0.010073796839948697,0.010073796839948697,1.412849331981074,1.6748073047492342,1.6358027738916359
2012-02-29,-0.004482441246543067,-0.0046331330972864725,-0.0046331330972864725,1.406516317860251,1.6670476995940233,1.6282238819192854
2012-03-01,0.007918248172830156,0.007877621648945371,0.007877621648945371,1.417653463124204,1.6801800706421697,1.6410504136208226
2012-03-02,-0.0007703763029179855,-0.0007575292290443221,-0.0007575292290443221,1.4165613364904635,1.6789072851286004,1.6398072699661694
2012-03-05,-0.010328404693985549,-0.010245231928435562,-0.010245231928435562,1.401930517733337,1.6617064906061179,1.6230070641674315
2012-03-06,-0.009812980940999805,-0.009767996168977387,-0.009767996168977387,1.3881734002822137,1.6454749479719124,1.6071535373824208
2012-03-07,0.007707843307737106,0.007645761469338684,0.007645761469338684,1.3988732233355576,1.658055856927878,1.6194414499738505
2012-03-08,0.010771559857838175,0.010684827679066046,0.010684827679066046,1.4139412699942435,1.6757718980414187,1.636744902803158
2012-03-09,0.004169619857156359,0.004158137097587564,0.004158137097587564,1.4198368675904645,1.6827399873377595,1.6435507125027913
2012-03-12,0.00046164782641100466,0.0004408670196375489,0.0004408670196375489,1.4204923321942458,1.6834818519008021,1.6442752998070358
2012-03-13,0.018600802193885713,0.018332563434952754,0.018332563434952754,1.4469146290833224,1.7143443897423651,1.6744190810452741
2012-03-14,0.0034711530700710647,0.003324843006971719,0.003324843006971719,1.4519370912401957,1.720044315698141,1.6799862616176275
2012-03-15,0.0028577868456090005,0.002867841085968904,0.002867841085968904,1.4560864179601938,1.7249771294563874,1.6848041952425576
2012-03-16,-0.0007063223642714833,-0.0006927677822689313,-0.0006927677822689313,1.4550579515588766,1.7237821208759494,1.6836370171766621
2012-03-19,0.0070654289947633675,0.006975165679453212,0.006975165679453212,1.4653385601988818,1.7358057867643384,1.6953806643155298
2012-03-20,0.0017915036068831824,0.0017483546723659792,0.0017483546723659792,1.467963719514783,1.7388405909219478,1.6983447910214249
2012-03-21,0.00014898751033221025,0.00016461465511057586,0.00016461465511057586,1.4681824277746116,1.7391268295661149,1.698624363463458
2012-03-22,-0.0020854502055994706,-0.0020705149378742143,-0.0020705149378742143,1.4651206064287514,1.7355259414866404,1.6951073363450697
2012-03-23,-0.0005973639893569471,-0.0005353865967816402,-0.0005353865967816402,1.464245396138406,1.7345967641592015,1.6941997985970842
2012-03-26,0.017477930212916215,0.017365056465983034,0.017365056465983034,1.489837374986697,1.7647181349145376,1.7236196737643799
2012-03-27,0.001468380723278262,0.00144514286529306,0.00144514286529306,1.4920250234689472,1.7672684047364626,1.7261105504383991
2012-03-28,-0.0039580437379592714,-0.003966449805107309,-0.003966449805107309,1.4861195231679274,1.7602586233169235,1.719264019582019
2012-03-29,-0.00382685860467058,-0.0037763357768494966,-0.0037763357768494966,1.4804323538831232,1.7536112957011838,1.7127715013550213
2012-03-30,-0.0019209072668683325,-0.0019046057608273163,-0.0019046057608273163,1.4775885806164422,1.7502713575251394,1.7095093468865596
2012-04-02,0.010362723404037766,0.010286728878052482,0.010286728878052482,1.492900422382335,1.7682759244430213,1.727094606052478
2012-04-03,-0.00029337682854901903,-0.00037824912570696826,-0.00037824912570696826,1.492462439991077,1.7676070756205922,1.7264413340277256
2012-04-04,-0.013630291187324617,-0.01353672286320166,-0.01353672286320166,1.4721197423478538,1.743679468506882,1.7030709761494163
2012-04-05,0.006240962820644347,0.0062072833604121455,0.0062072833604121455,1.4813071869273833,1.754502981057637,1.7136424202812692
2012-04-09,-0.007531063798785875,-0.007400724357065624,-0.007400724357065624,1.470151367997033,1.7415183881111793,1.7009602250821927
2012-04-10,-0.016069209525536587,-0.015865076364777946,-0.015865076364777946,1.4465271976304346,1.7138890658931305,1.6739743612178137
2012-04-11,0.004838904853068149,0.004770551487639049,0.004770551487639049,1.4535268051071435,1.7220652619260752,1.681960142096991
2012-04-12,0.011437396841583514,0.01135595975831439,0.01135595975831439,1.4701513679970328,1.7416209657416988,1.701060413785733
2012-04-13,-0.015176293902987359,-0.015043225533619732,-0.015043225533619732,1.4478399187544309,1.7154213687599658,1.6754709783348418
2012-04-16,-0.011180074216107116,-0.011068934316063766,-0.011068934316063766,1.4316529610097137,1.6964334823047895,1.6569253001271822
2012-04-17,0.020320942206227377,0.020115504999475994,0.020115504999475994,1.4607454980897665,1.7305580984993698,1.6902551892856486
2012-04-18,-0.002546013575541406,-0.0025396813498645907,-0.0025396813498645907,1.4570264202212189,1.7261630323717538,1.685962479704908
2012-04-19,-0.01125936648898962,-0.011140503597012961,-0.011140503597012961,1.4406212257718076,1.7069327069005855,1.6671800086353266
2012-04-20,-0.0027331326318487115,-0.0026944252554627402,-0.0026944252554627402,1.4366838168895169,1.7023335043057373,1.662687916714657
2012-04-23,-0.009134928998514313,-0.009044844679167234,-0.009044844679167234,1.4235598122289166,1.6869361621671495,1.647649162758045
2012-04-24,-0.0053781438889917155,-0.005325845617466083,-0.005325845617466083,1.4159037027241634,1.6779518006009266,1.6388740376854485
2012-04-25,0.02657179461470016,0.026309215260700566,0.026309215260700566,1.4535268051071433,1.7220973957200165,1.6819915275280883
2012-04-26,0.0058690683979940594,0.005856536326866572,0.005856536326866572,1.4620576533446348,1.732182921676453,1.6918421720105383
2012-04-27,0.005984799812034591,0.0059395781761736426,0.0059395781761736426,1.4708077757135556,1.7424713575551833,1.7018910008529424
2012-04-30,-0.007138726298409281,-0.00705819828764377,-0.00705819828764377,1.4603080815651643,1.7301726492030192,1.6898787167049658
2012-05-01,0.001647583498878502,0.0016197503760046385,0.0016197503760046385,1.46271406106363,1.7329750970021187,1.692615898391751
2012-05-02,0.002841373618552634,0.002802531740797344,0.002802531740797344,1.466870178208222,1.7378318147174785,1.6973595081719721
2012-05-03,-0.010587992337087848,-0.010521194943155454,-0.010521194943155454,1.4513389680018507,1.7195477474164185,1.6795012578978765
2012-05-04,-0.024867715378254496,-0.024597086040494813,-0.024597086040494813,1.415247483628211,1.6772518835224777,1.638190420952243
2012-05-07,0.0009274892396275991,0.0009086225155878878,0.0009086225155878878,1.4165601104406862,1.6787758723481583,1.6396789176535407
2012-05-08,-0.0037058534268612497,-0.0037270892905659184,-0.0037270892905659184,1.4113105463010547,1.6725189247730692,1.6335676879195875
2012-05-09,-0.003100032342599479,-0.0031032420323879833,-0.0031032420323879833,1.4069354379620698,1.667328693745749,1.6284983320076847
2012-05-10,-0.002021119496255719,-0.001989271708815669,-0.001989271708815669,1.4040918533184314,1.6640119239459839,1.6252588063479683
2012-05-11,-0.00015569775423929233,-0.00016598803293650256,-0.00016598803293650256,1.403873239370124,1.663735717879945,1.6249890328356897
2012-05-14,-0.009348761590537547,-0.009287663403234612,-0.009287663403234612,1.390748763151917,1.6482835005403371,1.6098966816647642
2012-05-15,-0.003302989080380514,-0.003307749574145727,-0.003307749574145727,1.3861551351736736,1.6428313914933534,1.604571546601569
2012-05-16,-0.006785786527892412,-0.006719200792105635,-0.006719200792105635,1.3767489823318433,1.6317928775063353,1.5937901081946537
2012-05-17,-0.021131055993005132,-0.020819408021492153,-0.020819408021492153,1.3476568224978762,1.597819915782966,1.560608341631531
2012-05-18,-0.01298456362285616,-0.012815231434403319,-0.012815231434403319,1.3301580867443763,1.5773434837717084,1.5406087845550627
2012-05-21,0.027955626700957747,0.02767857132290543,0.02767857132290543,1.3673434896706622,1.621002097888004,1.5832506346790647
2012-05-22,-0.001119658549776359,-0.001180709165068571,-0.001180709165068571,1.3658125318419714,1.6190881658544323,1.5813812761440986
2012-05-23,0.001921635206578065,0.001898328054333692,0.001898328054333692,1.3684371252887444,1.6221617263421133,1.584383256585201
2012-05-24,-0.006553379289615413,-0.006494769192097789,-0.006494769192097789,1.3594692377727362,1.6116261603372664,1.5740930530218558
2012-05-25,-0.001287437708401229,-0.0012356324808534395,-0.0012356324808534395,1.357719005812616,1.6096347827065605,1.572148052517656
2012-05-29,0.012727387657338607,0.01255973128858784,0.01255973128858784,1.3749992219293297,1.6298513630501195,1.5918938096031547
2012-05-30,-0.00843124296762976,-0.008291915252876076,-0.008291915252876076,1.3634062694089417,1.6163367736729233,1.5786939610423474
2012-05-31,-0.004331776953552247,-0.004274951076013326,-0.004274951076013326,1.3575002975527874,1.6094270130431103,1.5719451215948936
2012-06-01,-0.026587209313584492,-0.026151843119898526,-0.026151843119898526,1.3214081529984982,1.56733753028508,1.5308358593818543
2012-06-04,0.007614528754701144,0.007523251382869015,0.007523251382869015,1.3314700533762018,1.5791290045272197,1.5423527223778941
2012-06-05,0.0041070144233343875,0.004047289237907243,0.004047289237907243,1.3369384200896557,1.58552019635251,1.5485950699522313
2012-06-06,0.02290590006290749,0.022662115429518286,0.022662115429518286,1.3675621979304908,1.6214514380580833,1.5836895101810717
2012-06-07,-0.0039987616960311945,-0.0040109188031652275,-0.0040109188031652275,1.3620936425964663,1.614947927996757,1.577337460146311
2012-06-08,0.009635586070800617,0.009550080756137037,0.009550080756137037,1.3752182131261947,1.6303708111260822,1.5924011602703885
2012-06-11,-0.016860417949061013,-0.01667679105393201,-0.01667679105393201,1.3520314592817262,1.6031814577685028,1.5658450188465203
2012-06-12,0.012134086003985134,0.012027947403932348,0.012027947403932348,1.3684371252887442,1.622464440021502,1.5846789203759157
2012-06-13,-0.0068735085046768285,-0.006774092218063919,-0.006774092218063919,1.3590311610699566,1.611473716284267,1.5739441592332672
2012-06-14,0.0037020734090120744,0.003683247155551722,0.003683247155551722,1.3640623941933725,1.6174091722660173,1.5797413845807604
2012-06-15,0.01242434341004306,0.012314745162036482,0.012314745162036482,1.3810099738115564,1.6373271540452137,1.5991954971537952
2012-06-18,0.009366473360865157,0.00928775140015513,0.00928775140015513,1.3939451669423515,1.652534241612709,1.614048427371607
2012-06-19,0.010380621901455278,0.010237860183904999,0.010237860183904999,1.408415184671741,1.6694526561274554,1.6305728295010893
2012-06-20,0.0007781749412902883,0.0007392420714449046,0.0007392420714449046,1.4095111780753853,1.6706867857671504,1.6317782175372115
2012-06-21,-0.02488732062059318,-0.024728557874978303,-0.024728557874978303,1.3744322214683131,1.6293731108943459,1.5914266954457137
2012-06-22,0.010528271055822769,0.010418451469659754,0.010418451469659754,1.388902616443788,1.646348655576167,1.6080068972397357
2012-06-25,-0.01925806516219064,-0.019021860434254485,-0.019021860434254485,1.3621550393523765,1.6150320412236747,1.577419614463123
2012-06-26,0.006277229159730169,0.00618722785053375,0.00618722785053375,1.3707055986854726,1.625024612448638,1.5871794690337073
2012-06-27,0.006077893221631658,0.006034499447818997,0.006034499447818997,1.3790366009525756,1.6348308225751516,1.596757302663181
2012-06-28,-0.011128729733530074,-0.011050418144169637,-0.011050418144169637,1.3636896753279284,1.6167652583907193,1.5791124667939964
2012-06-29,0.031511205007089815,0.031272894933811135,0.031272894933811135,1.4066611802532385,1.667326188449008,1.6284958850567162
2012-07-02,0.0029613018047702777,0.0029533828144235647,0.0029533828144235647,1.4108267285450227,1.6722504409600116,1.633305456817002
2012-07-03,0.008391875784386826,0.008347995529694287,0.008347995529694287,1.4226662112042654,1.6862103801656751,1.6469402834691358
2012-07-05,0.0006161845668801735,0.0005741040112010484,0.0005741040112010484,1.4235428361674314,1.6871784403086572,1.647885798492084
2012-07-06,-0.012474774019930801,-0.012385277607893375,-0.012385277607893375,1.4057844609785513,1.6662822669513817,1.6274762754116545
2012-07-09,-0.0018719601528230934,-0.0018319274424973336,-0.0018319274424973336,1.4031528884841415,1.6632297587396068,1.6244948569607145
2012-07-10,-0.009843416355298062,-0.009785554133536304,-0.009785554133536304,1.389341070392653,1.6469541338989517,1.608598274598274
2012-07-11,-0.005523027184846319,-0.005442424551037824,-0.005442424551037824,1.3816677018918508,1.6379907102861868,1.5998435998558433
2012-07-12,-0.009362151070134939,-0.009267962349932646,-0.009267962349932646,1.3687323201380133,1.622809874053715,1.5850163096065986
2012-07-13,0.015217155831126705,0.015109725171847865,0.015109725171847865,1.389560533144653,1.6473300852568278,1.6089654704376508
2012-07-16,-0.002840147658762282,-0.002806188719146585,-0.002806188719146585,1.3856139760497337,1.6427073661548692,1.6044504096850123
2012-07-17,0.005221450331379884,0.0051437526304190665,0.0051437526304190665,1.3928488906041432,1.651157046490537,1.6127033057002065
2012-07-18,0.013537023935541903,0.01339885893265121,0.01339885893265121,1.4117039193748444,1.6732806668321167,1.634311689793504
2012-07-19,0.01102599847622332,0.010919189999122442,0.010919189999122442,1.42726936463875,1.6915515363551148,1.6521570496521458
2012-07-20,-0.013209966131222384,-0.013051460403824747,-0.013051460403824747,1.4084151846717408,1.669474318457347,1.6305939873377109
2012-07-23,-0.012142167426077322,-0.012030311985532657,-0.012030311985532657,1.3913139716940268,1.6493900215544708,1.6109774329483046
2012-07-24,-0.007878957179615509,-0.007787190455476169,-0.007787190455476169,1.3803518684876488,1.6365459073212643,1.5984324448584621
2012-07-25,-0.006670834443078699,-0.006552228919983082,-0.006552228919983082,1.3711437696997733,1.6258228838984339,1.5879591495666212
2012-07-26,0.013271621178619242,0.013164593844854645,0.013164593844854645,1.3893410703926525,1.647226181828627,1.6088639868128864
2012-07-27,0.023670436523817617,0.02343802338404426,0.02343802338404426,1.4222273800093146,1.6858339075971362,1.6465725785575536
2012-07-30,-0.0007707501923354121,-0.0007525847558410806,-0.0007525847558410806,1.4211311979826278,1.6845651746973986,1.6453333931355452
2012-07-31,-0.0003080600642902942,-0.0003295423605019747,-0.0003295423605019747,1.4206934042144124,1.6840100391133095,1.6447911860853586
2012-08-01,-0.0029321193358653463,-0.0029482405840975455,-0.0029482405840975455,1.416527761613579,1.679045172371968,1.6399419459581757
2012-08-02,-0.003560395665320959,-0.0035465796171947556,-0.0035465796171947556,1.4114843623113231,1.6730903049872843,1.6341257612792577
2012-08-03,0.0189501639126739,0.01877988764079193,0.01877988764079193,1.4382322223372987,1.7045107529278436,1.6648144594670056
2012-08-06,0.007621666230282598,0.007560228515617748,0.007560228515617748,1.4491939482975913,1.7173972437273057,1.6774008372166809
2012-08-07,0.008321074702498654,0.008209599775437533,0.008209599775437533,1.4612527993997846,1.7314963877537464,1.6911716267532135
2012-08-08,-0.0004501769933894506,-0.000450968851202333,-0.000450968851202333,1.460594977007969,1.7307155368169,1.6904089610275106
2012-08-09,0.003001950483686233,0.0029842288512910427,0.0029842288512910427,1.4649796108056676,1.735880388055247,1.69545352821949
2012-08-10,0.0005990309161345575,0.0006079770158509212,0.0006079770158509212,1.465857178884047,1.7369357634334508,1.6964843249960908
2012-08-13,0.002393080699500505,0.0023389615387007998,0.0023389615387007998,1.4693650934070588,1.7409983893793155,1.7004523365832656
2012-08-14,0.000447563215739466,0.0004038212137273507,0.0004038212137273507,1.4700227271733595,1.741701441462012,1.7011390153097101
2012-08-15,0.0025353991278855847,0.0024931417677810388,0.0024931417677810388,1.4737498215138067,1.7460437500727255,1.7053801960415809
2012-08-16,0.011900939012778666,0.011786900371479378,0.011786900371479378,1.491288828259736,1.766624193799077,1.725481342507817
2012-08-17,0.0044104674165044155,0.004377670136247351,0.004377670136247351,1.4978661090453727,1.7743578917742435,1.7330349306515658
2012-08-20,0.0014635323007612389,0.0014649865384038275,0.0014649865384038275,1.500058284478176,1.7769573022000034,1.735573803495554
2012-08-21,-0.0039460265207693634,-0.0038739349869430853,-0.0038739349869430853,1.4941390147049254,1.7700734851367068,1.7288503034157705
2012-08-22,0.004108604873010346,0.0041279771979913105,0.0041279771979913105,1.5002778415416969,1.7773803081221202,1.7359869580470113
2012-08-23,-0.00818339803403545,-0.008075196317942337,-0.008075196317942337,1.4880004708027177,1.7630276132023894,1.7219685225553942
2012-08-24,0.0061879829492412775,0.006131478641453884,0.006131478641453884,1.497208192344508,1.7738375793570333,1.7325267357726986
2012-08-27,0.0016110716964705674,0.0015908524920521347,0.0015908524920521347,1.499620302086918,1.776659493290649,1.7352829302478494
2012-08-28,0.0,1.0324691236896696e-05,1.0324691236896696e-05,1.499620302086918,1.7766778367513503,1.7353008465083128
2012-08-29,0.0,-2.9759529201832272e-05,-2.9759529201832272e-05,1.499620302086918,1.7766249636553852,1.7352492047720973
2012-08-30,-0.010087843175503708,-0.009986274838349924,-0.009986274838349924,1.4844923676566637,1.7588830984836492,1.717920529300215
2012-08-31,0.006646116891685816,0.006677921249046608,0.006677921249046608,1.4943584774569254,1.7706287813016022,1.7293926673070026
2012-09-04,-0.001027268594729125,-0.0010082792185873671,-0.0010082792185873671,1.4928233699237667,1.7688434930975832,1.7276489566197795
2012-09-05,-0.0010279459010003045,-0.0010303661757766328,-0.0010303661757766328,1.491288828259736,1.7670209365920528,1.7258688455712625
2012-09-06,0.022199057536451905,0.02197610313211348,0.02197610313211348,1.524394034761742,1.8058531709312036,1.7637967173140383
2012-09-07,-0.0014376922985125384,-0.0013604640198621992,-0.0013604640198621992,1.5222024251980666,1.8033963726669975,1.7613971353417814
2012-09-10,-0.01281895197384697,-0.012710993924328359,-0.012710993924328359,1.5026893854149792,1.7804734123308714,1.7390080270561226
2012-09-11,-0.0016048185983664753,-0.0015881399766374807,-0.0015881399766374807,1.5002778415416973,1.7776457713274088,1.7362462388886613
2012-09-12,0.002922862175181562,0.0028712571265840092,0.0028712571265840092,1.5046629468970025,1.7827498494168748,1.741231448275575
2012-09-13,0.013550734097769856,0.013493921854161879,0.013493921854161879,1.5250522343971706,1.8068061365704249,1.7647274893686147
2012-09-14,0.008913147506394381,0.008785489502713828,0.008785489502713828,1.5386452499173089,1.8226798129167032,1.780231484201613
2012-09-17,0.00042753350025193093,0.0004065619332247239,0.0004065619332247239,1.539303072306652,1.8234208451450924,1.7809552585554176
2012-09-18,0.0008547628575239496,0.0008793418605843687,0.0008793418605843687,1.5406188113993322,1.8250242554236906,1.7825213270660931
2012-09-19,0.0018494760809193433,0.001837876095353472,0.001837876095353472,1.5434681490408297,1.828378423876174,1.7857973804025655
2012-09-20,-0.0009945832274625976,-0.0009788134658690229,-0.0009788134658690229,1.541933041507671,1.8265887824541795,1.7840494178793138
2012-09-21,0.0002856378821163297,0.00029525700078091575,0.00029525700078091575,1.5423734759960126,1.8271280955797469,1.7845761709596817
2012-09-24,-0.005844732451519397,-0.005785392190743452,-0.005785392190743452,1.533358715688496,1.8165574429640918,1.7742516979164247
2012-09-25,-0.014051948472161513,-0.013904926654322464,-0.013904926654322464,1.5118120380263016,1.7912983449563127,1.7495808581905898
2012-09-26,-0.008144357383768619,-0.008065003187541235,-0.008065003187541235,1.4994993004915318,1.7768515180944027,1.7354704829924217
2012-09-27,0.01378318984694582,0.013684835158984537,0.013684835158984537,1.520167184025569,1.801167438221516,1.7592201104754561
2012-09-28,-0.008244334101930706,-0.008163294827529291,-0.008163294827529291,1.507634417869671,1.786463977389568,1.7448590780471263
2012-10-01,-0.0014580533179473498,-0.0014385241396155332,-0.0014385241396155332,1.5054362065044444,1.7838941058335396,1.742349056143128
2012-10-02,0.002920740567141644,0.0028956030266869786,0.0028956030266869786,1.5098331951040258,1.78905955500568,1.7473942073436413
2012-10-03,0.006407453501548366,0.006351980215484123,0.006351980215484123,1.519507381096749,1.800423625903399,1.7584936207773396
2012-10-04,0.0034725314800092555,0.003451125136344897,0.003451125136344897,1.5247839183117138,1.8066371131348236,1.7645624023141064
2012-10-05,-0.005334764349723242,-0.005322548048384121,-0.005322548048384121,1.516649555423273,1.7970212002941695,1.7551704341434173
2012-10-08,-0.009133597328398801,-0.009040110066044762,-0.009040110066044762,1.5027970890957418,1.7807759308524942,1.7393035002340933
2012-10-09,-0.015947000726499794,-0.015814414542493806,-0.015814414542493806,1.4788319828241503,1.7526140020746976,1.711797433666181
2012-10-10,-0.005054941229067134,-0.0049986495812629145,-0.0049986495812629145,1.4713565740633094,1.7438532988271114,1.7032407581411786
2012-10-11,-0.0031379963301537694,-0.0030828998453759668,-0.0030828998453759668,1.4667394625335513,1.7384771737617988,1.697989837471267
2012-10-12,-0.00044990760777208205,-0.0004746795674073175,-0.0004746795674073175,1.466079565290738,1.73765195416901,1.697183836389754
2012-10-15,0.007348624982743912,0.00724189862853697,0.00724189862853697,1.4768532342109237,1.7502358534727813,1.70947466968688
2012-10-16,0.014143079011246673,0.01400662451725154,0.01400662451725154,1.497740486190384,1.7747507498890056,1.7334186395069366
2012-10-17,-0.0005871244070126957,-0.0005820431037095136,-0.0005820431037095136,1.4968611261955707,1.7737177684542296,1.7324097151419702
2012-10-18,-0.011603905298995909,-0.011507755411877449,-0.011507755411877449,1.4794916914414489,1.7533062582051573,1.712473567866956
2012-10-19,-0.02392611193009664,-0.02371168116246888,-0.02371168116246888,1.4440932076323727,1.7117324192304353,1.6718679406265393
2012-10-22,0.005176149884047909,0.005122516744344139,0.005122516744344139,1.4515680505216133,1.7205007972097797,1.6804321121467307
2012-10-23,-0.009542455284691886,-0.0094755062511058,-0.0094755062511058,1.4377165273068235,1.7041981811507858,1.6645091671635255
2012-10-24,-0.0035172382245622913,-0.003518963796230794,-0.003518963796230794,1.432659735780895,1.6982011694497137,1.6586518196657827
2012-10-25,0.0,2.1793994020605996e-05,2.1793994020605996e-05,1.432659735780895,1.6982381800358464,1.6586879683136226
2012-10-26,0.0029157915974493687,0.0029087252111759583,0.0029087252111759583,1.436837073000489,1.7031778882446982,1.6635126358245307
2012-10-31,-0.006120831331628884,-0.006022298200667498,-0.006022298200667498,1.4280424356256216,1.6929208431129055,1.653494466671017
2012-11-01,0.014164789575677572,0.013983585069734485,0.013983585069734485,1.4482703562313965,1.7165939457389014,1.6766162472080464
2012-11-02,-0.010626812495079019,-0.010601935956276728,-0.010601935956276728,1.4328798587135443,1.6983947266632453,1.6588408691318937
2012-11-05,0.006598011210851684,0.006536209682659721,0.006536209682659721,1.44233401608514,1.7094957907206398,1.6696834008827053
2012-11-06,0.001828839242823399,0.0018631596715516672,0.0018631596715516672,1.4449718131350155,1.712680854336598,1.6727942876594892
2012-11-07,-0.023584654438388197,-0.023339633569460998,-0.023339633569460998,1.410892652249015,1.6727075107749503,1.6337518819484291
2012-11-08,-0.015739646891790526,-0.015528197083124393,-0.015528197083124393,1.3886857001003938,1.6467333788852145,1.6083826607406086
2012-11-09,0.0042750619466400686,0.00422173531087078,0.00422173531087078,1.3946224174927362,1.653685451338444,1.6151728266128498
2012-11-12,-0.00015776931507804903,-0.00016621311550026312,-0.00016621311550026312,1.394402388869136,1.6534105871275195,1.6149043637052671
2012-11-13,-0.006937737232023955,-0.006865828846947292,-0.006865828846947292,1.3847283914994555,1.6420585530225713,1.6038167067398785
2012-11-14,-0.011749766133655193,-0.01163780034060171,-0.01163780034060171,1.3684581567407044,1.6229486034349172,1.5851518081239184
2012-11-15,-0.0033740204759176162,-0.0033740901190965128,-0.0033740901190965128,1.3638409508994247,1.617472628588266,1.5798033630708594
2012-11-16,0.004352732225750611,0.004312211743311341,0.004312211743311341,1.369777385357203,1.624447513051749,1.5866158096852165
2012-11-19,0.023756165407553986,0.02355309318011473,0.02355309318011473,1.4023180434952756,1.6627082766928625,1.6239855196917756
2012-11-20,0.00031326898672889847,0.0002862443506542513,0.0002862443506542513,1.4027573462478329,1.6631842175438518,1.6244503763723315
2012-11-21,0.002037762168417112,0.0020142535067518117,0.0020142535067518117,1.4056158320994858,1.6665342921864137,1.6277224312394836
2012-11-23,0.015172928999996227,0.015058710219267876,0.015058710219267876,1.426943141321202,1.6916301491629215,1.6522338316489211
2012-11-26,0.0043141773869987965,0.0042866635035850465,0.0042866635035850465,1.4330992271540228,1.6988815983849022,1.6593164021144389
2012-11-27,-0.0033751028031743235,-0.0033452005742410787,-0.0033452005742410787,1.4282623699352284,1.6931984986864175,1.653765655933238
2012-11-28,0.00862078130490862,0.008491036061443505,0.008491036061443505,1.4405751074724704,1.7075755081979458,1.6678078397549438
2012-11-29,0.005952212216677744,0.005911237992067706,0.005911237992067706,1.44914971622621,1.7176693934163296,1.6776666488207714
2012-11-30,-0.0016688604236800852,-0.0016685917173378266,-0.0016685917173378266,1.4467312876168128,1.7148033044933506,1.6748673081460952
2012-12-03,-0.001975888810618942,-0.0019588753479685655,-0.0019588753479685655,1.4438727074536384,1.7114442185735634,1.6715864518650494
2012-12-04,-0.0006090287549214146,-0.0006350533051006925,-0.0006350533051006925,1.4429933474563528,1.7103573602660629,1.670524905364031
2012-12-05,-0.011122855253243857,-0.011003522041146586,-0.011003522041146586,1.426943141321202,1.6915374053541379,1.6521432477475735
2012-12-06,0.0064713982681610105,0.006415718704517485,0.006415718704517485,1.4361774586947123,1.7023898335250593,1.66274293408469
2012-12-07,-0.005970372526255319,-0.005908845854627734,-0.005908845854627734,1.4276029442524942,1.6923306744142745,1.6529180423913121
2012-12-10,0.002925921597681569,0.00291623127455849,0.00291623127455849,1.4317799985399964,1.6972659020538963,1.6577383336808158
2012-12-11,0.013053143118259669,0.012911364074664363,0.012911364074664363,1.4504692277748006,1.7191799200468276,1.679141996847496
2012-12-12,-0.002122426600875915,-0.0021182018673295967,-0.0021182018673295967,1.4473907133020194,1.7155383499299088,1.6755852351342622
2012-12-13,-0.007899042180712024,-0.00785442735998873,-0.00785442735998873,1.435957713005676,1.7020637785771093,1.6624244726194304
2012-12-14,-0.009493292194700187,-0.00939531244184507,-0.00939531244184507,1.4223257468568797,1.6860723575814298,1.6468054752882013
2012-12-17,0.013294073741930035,0.013162513577050857,0.013162513577050857,1.4412342502206408,1.7082653078799854,1.6684815747154438
2012-12-18,0.015256209967457801,0.015045389797728187,0.015045389797728187,1.4632220225542985,1.733966825314976,1.6935845303773651
2012-12-19,-0.004358165173718009,-0.004328727810212282,-0.004328727810212282,1.456845059294185,1.7264609548962495,1.6862534639217752
2012-12-20,0.0,-3.549054850210176e-05,-3.549054850210176e-05,1.456845059294185,1.726399681849993,1.6861936178614272
2012-12-21,-0.01051720153151614,-0.010390601446518747,-0.010390601446518747,1.4415231262053945,1.708461350818493,1.6686730520165656
2012-12-24,-0.001993822715752769,-0.001972131057311166,-0.001972131057311166,1.4386489846510833,1.705092041128328,1.6653822100661855
2012-12-26,-0.008759731887786448,-0.00867093169823426,-0.00867093169823426,1.4260468052649036,1.6903073045005013,1.650941794671247
2012-12-27,-0.001550334176296575,-0.0015206830540169382,-0.0015206830540169382,1.4238359561657028,1.6877368828264663,1.648431235460922
2012-12-28,-0.009627235411254986,-0.009546706519096082,-0.009546706519096082,1.4101283522286863,1.671624554124668,1.6326941462390656
2012-12-31,0.02116637935439969,0.02097412217854203,0.02097412217854203,1.4399756638703531,1.7066854117595296,1.666938472742474
2013-01-02,0.03178251463600357,0.03148876329862074,0.03148876329862074,1.4857417114828015,1.7604268247156345,1.719428303744026
2013-01-03,-0.005208535006647863,-0.005221591717779108,-0.005221591717779108,1.4780031737677064,1.751234594587943,1.7104501511538812
2013-01-04,-0.0032906841862095915,-0.0032632856415580527,-0.0032632856415580527,1.4731395320966214,1.7455198158804244,1.70486846373502
2013-01-07,0.00030006511574343087,0.0002666062607451105,0.0002666062607451105,1.4735815698808261,1.7459851823915926,1.7053229923411986
2013-01-08,-0.0019503181839475303,-0.0019021978921572745,-0.0019021978921572745,1.4707076169495577,1.7426639730579094,1.7020791305397198
2013-01-09,0.0037581383855902484,0.0037193601138742808,0.0037193601138742808,1.4762347396987958,1.7491455679311867,1.708409775768507
2013-01-10,0.005990891575777368,0.005961465057723403,0.005961465057723403,1.4850787019647271,1.75957303811528,1.718594400951024
2013-01-11,0.0013397232252154723,0.0013193303419904634,0.0013193303419904634,1.4870682963930222,1.761894496213414,1.7208617946897735
2013-01-14,-0.004460276597069046,-0.004410958473739337,-0.004410958473739337,1.4804355604723771,1.7541228527555068,1.7132711447743525
2013-01-15,-0.004928298516031049,-0.004847704939078283,-0.004847704939078283,1.4731395320966214,1.7456193827384539,1.7049657117838495
2013-01-16,0.004052447566269324,0.0040145384147284285,0.0040145384147284285,1.4791093528082415,1.7526272388079518,1.7118103621296004
2013-01-17,0.004783130937153324,0.004740176642340958,0.004740176642340958,1.4861841265130915,1.7609350015080798,1.7199246456242843
2013-01-18,-0.0022313381477327976,-0.002194668634840915,-0.002194668634840915,1.4828679471770478,1.7570703326922763,1.7161499809502427
2013-01-22,0.001639753496329277,0.001647450691694626,0.001647450691694626,1.4852994850780261,1.7599650194272263,1.718977253423411
2013-01-23,0.00610291133793317,0.0060243692284272935,0.0060243692284272935,1.4943641361457352,1.770567698533372,1.7293330070933013
2013-01-24,-0.013759174745396008,-0.013657800282537462,-0.013657800282537462,1.4738029188632533,1.746385638520091,1.705714122260421
2013-01-25,0.005100346662294308,0.0050156444582953996,0.0050156444582953996,1.481319824661357,1.7551448879699811,1.7142693778451727
2013-01-28,0.002239111003542904,0.002199859784712496,0.002199859784712496,1.4846366641805224,1.7590059606253703,1.7180405301096586
2013-01-29,0.0001489024575485054,0.00016342953992899177,0.00016342953992899177,1.4848577302283856,1.7592934341602477,1.718321308683074
2013-01-30,-0.0020850227138388133,-0.002039940601728567,-0.002039940601728567,1.4817617681340403,1.7557045800535498,1.714816035278676
2013-01-31,-0.002237870340774717,-0.0022241652717357708,-0.0022241652717357708,1.478445777421039,1.7517996028991674,1.7110020010055937
2013-02-01,0.011813764121112902,0.011682329373817139,0.011682329373817139,1.4959117871013468,1.7722647028571574,1.7309904899406012
2013-02-04,-0.017439947454631843,-0.01724235957909,-0.01724235957909,1.4698231641375348,1.7417066775811652,1.7011441294850602
2013-02-05,0.014741370410152888,0.01458639512242057,0.01458639512242057,1.4914903718375092,1.7671118993677224,1.7259576899179154
2013-02-06,-0.0032614331645084427,-0.003204921352028988,-0.003204921352028988,1.4866259756742533,1.7614484447100143,1.7204261312647988
2013-02-07,0.0008928536307308832,0.0008690856517942142,0.0008690856517942142,1.4879533150741728,1.7629792942796867,1.7219213289304527
2013-02-08,0.010252318942751026,0.01014697181620986,0.01014697181620986,1.503208287032237,1.7808681954913044,1.7393936161248407
2013-02-11,0.00029406289734956736,0.0002557388886204572,0.0002557388886204572,1.5036503248164415,1.7813236327443986,1.7398384467151018
2013-02-12,-0.0041170501696761175,-0.004073065394095843,-0.004073065394095843,1.4974597209915224,1.7740681851001825,1.7327519709464692
2013-02-13,0.003543371903093284,0.0034774243105842257,0.0034774243105842257,1.5027657776928975,1.7802373729356837,1.738777484774451
2013-02-14,-0.0002941494880748241,-0.00030237577754585823,-0.00030237577754585823,1.5023237399086928,1.7796990722758261,1.738251720580513
2013-02-15,-0.0029436159131710493,-0.002972265599736217,-0.002972265599736217,1.497901475841163,1.7744093339454183,1.7330851747877494
2013-02-19,0.007232489498778749,0.007150230263898614,0.007150230263898614,1.5087350325353894,1.787096769265539,1.7454771328544307
2013-02-20,-0.015386593595509757,-0.015316716460090762,-0.015316716460090762,1.4855207397464592,1.7597243147639545,1.7187421545229271
2013-02-21,-0.010715929803192026,-0.010577584119616078,-0.010577584119616078,1.4696020037781503,1.7411106827972052,1.7005620148035308
2013-02-22,0.010080132538923703,0.009998129430699026,0.009998129430699026,1.484415786755702,1.7585185327569843,1.7175644539324668
2013-02-25,-0.01236290310696364,-0.012187640898269743,-0.012187640898269743,1.466064098213594,1.73708634036679,1.6966313951483052
2013-02-26,0.0037706206414809262,0.0037723872995245288,0.0037723872995245288,1.4715920697640523,1.7436393028153672,1.7030317458753372
2013-02-27,0.010216082445056562,0.010081670243736884,0.010081670243736884,1.4866259756742533,1.7612180992903712,1.720201150351868
2013-02-28,-0.002082035194340248,-0.0020909984571398517,-0.0020909984571398517,1.483530768072079,1.7575353949620682,1.7166042124005119
2013-03-01,0.004172885362826895,0.004129808376796831,0.004129808376796831,1.4897213718994704,1.7647936793586996,1.7236934588565282
2013-03-04,0.004452713045824952,0.004407214991072754,0.004407214991072754,1.4963546736867714,1.7725715045185197,1.7312901465084147
2013-03-05,0.014775467464024805,0.01463183845100225,0.01463183845100225,1.5184640134824718,1.7985074844154847,1.7566221042439378
2013-03-06,-0.002475322855518325,-0.0024472991423793345,-0.0024472991423793345,1.5147053248046165,1.794105998591312,1.752323124474737
2013-03-07,0.0026269137424868028,0.002571861095312059,0.002571861095312059,1.5186843250381636,1.798720190009955,1.7568298561449893
2013-03-08,0.0011646376911822465,0.001138578145622789,0.001138578145622789,1.5204530420441107,1.8007681735083907,1.7588301442247736
2013-03-11,0.0029083933010320973,0.0028908354393153224,0.0028908354393153224,1.5248751174861257,1.8059738979623599,1.7639146327374347
2013-03-12,-0.003624825153185296,-0.0035561884818163117,-0.0035561884818163117,1.5193477118047956,1.7995515143879652,1.7576418198375867
2013-03-13,-0.0013090090705842883,-0.001301167663027114,-0.001301167663027114,1.5173588718686717,1.797209996149492,1.7553548331384299
2013-03-14,0.003350776515117282,0.0033170910178564484,0.0033170910178564484,1.5224432023415342,1.8031715052849213,1.761177504888584
2013-03-15,-0.0027800151128658523,-0.002731816384942422,-0.002731816384942422,1.5182107872305448,1.7982455718219226,1.7563662913239373
2013-03-18,-0.002189734635625884,-0.0021356818234430927,-0.0021356818234430927,1.5148863084855653,1.7944050914400953,1.7526152517602485
2013-03-19,-0.0019018724941994858,-0.0018521086847431223,-0.0018521086847431223,1.5120051878836172,1.7910816581862918,1.74936921783145
2013-03-20,0.007035784961664238,0.006942665294176697,0.006942665294176697,1.522643331246487,1.803516538653618,1.7615145027867893
2013-03-21,-0.011352853296890841,-0.011214133172662647,-0.011214133172662647,1.5053569848833566,1.783291664010057,1.7417606445669618
2013-03-22,0.009716349603773766,0.00960717064106305,0.00960717064106305,1.519983559626966,1.8004240513289866,1.7584940362952044
2013-03-25,-0.0036451771151160273,-0.003617581176820196,-0.003617581176820196,1.5144429503400612,1.7939108711706044,1.7521325413699522
2013-03-26,0.005414783636837894,0.00536153304512923,0.00536153304512923,1.522643331246487,1.8035289835864023,1.7615266578899536
2013-03-27,0.00130976832098062,0.001324514762195311,0.001324514762195311,1.5246376412459062,1.8059177843492098,1.7638598259523295
2013-03-28,0.002470557626498726,0.002433337771379417,0.002433337771379417,1.5284043463981334,1.8103121923058727,1.768151892690238
2013-04-01,-0.006814544679990653,-0.006731510913554182,-0.006731510913554182,1.5179889666905113,1.7981260560264256,1.7562495589277722
2013-04-02,0.00788314042598981,0.007750664878831555,0.007750664878831555,1.5299554868800358,1.8120627284965813,1.769861660702617
2013-04-03,-0.009125052736930983,-0.009062838103801903,-0.009062838103801903,1.5159945623770985,1.7956402973542833,1.753821691005543
2013-04-04,0.0002919559636407332,0.00030486909173781416,0.00030486909173781416,1.5164371660304314,1.7961877325808255,1.75435637703155
2013-04-05,-0.008329417779310067,-0.00815271309352107,-0.00815271309352107,1.503806127338491,1.781543929334992,1.7400536128258228
2013-04-08,0.005305264198454118,0.005232351154585701,0.005232351154585701,1.5117842161472759,1.7908655927705932,1.7491581843559332
2013-04-09,0.006742983757068499,0.00669633995383485,0.00669633995383485,1.5219781525609495,1.802857837591411,1.7608711421914132
2013-04-10,0.019510357895278663,0.01924360945527437,0.01924360945527437,1.5516724910262087,1.8375513297214006,1.7947566587528077
2013-04-11,-0.0004285634139090666,-0.0004107793479703994,-0.0004107793479703994,1.5510075009661857,1.8367965015843155,1.7940194097827595
2013-04-12,-0.0007141124157463707,-0.000843219332873759,-0.000843219332873759,1.54989990725283,1.8352476792636248,1.7925066579328799
2013-04-15,-0.01973123029061452,-0.019844864949110728,-0.019844864949110728,1.5193184752554223,1.798827436920469,1.75693460538582
2013-04-16,0.013273463389908091,0.013182942558249745,0.013182942558249745,1.539485093414336,1.8225412756935953,1.7800961733672223
2013-04-17,-0.019577336018724356,-0.01937994086504108,-0.01937994086504108,1.5093460764447464,1.787220533546557,1.7455980147932797
2013-04-18,-0.013800931739059497,-0.013617524913922551,-0.013617524913922551,1.4885156942731153,1.7628830134043127,1.7218272903371385
2013-04-19,0.013696020250238972,0.01360285021663486,0.01360285021663486,1.5089024353646783,1.7868632469851014,1.7452490490665087
2013-04-22,0.010280988176569306,0.010239768800120747,0.010239768800120747,1.5244154434622592,1.8051603135116618,1.7631199958275805
2013-04-23,0.009594503214156891,0.009473024875347756,0.009473024875347756,1.5390414523342684,1.8222606420655485,1.7798220754062783
2013-04-24,-0.0004322032275717591,-0.0003827419676641094,-0.0003827419676641094,1.5383762736512028,1.8215631864418076,1.7791408628030454
2013-04-25,0.005329991266228129,0.005350105566914522,0.005350105566914522,1.5465758057539363,1.8313087417860765,1.788659454237453
2013-04-26,-0.003152159331354154,-0.0031226486389293474,-0.0031226486389293474,1.5417007523961825,1.8255902080360789,1.7830740992271703
2013-04-29,0.009198986792869235,0.009141957729457686,0.009141957729457686,1.5558828372560316,1.8422796765492564,1.7993748872707958
2013-04-30,0.007264407886713231,0.0072099739221087806,0.0072099739221087806,1.5671854048097962,1.8555624649744076,1.8123483332841155
2013-05-01,-0.004666751357543242,-0.004656033400633963,-0.004656033400633963,1.559871740194378,1.8469229041605242,1.8039099789107613
2013-05-02,0.012644215429195249,0.01253523844790957,0.01253523844790957,1.5795950945193094,1.870074523159082,1.8265224206349713
2013-05-03,0.01178425155173346,0.011633127858666844,0.011633127858666844,1.5982094404630092,1.891829339192227,1.8477705894909395
2013-05-06,0.0038827858701271367,0.0038262965076313014,0.0038262965076313014,1.6044149454959427,1.8990680391858124,1.8548407076444124
2013-05-07,-0.0005529077964766538,-0.000587668968563078,-0.000587668968563078,1.6035278519637943,1.897952015829993,1.8537506753189021
2013-05-08,0.004837531860106603,0.004835686026930064,0.004835686026930064,1.6112849690362374,1.9071299158727257,1.862714831556954
2013-05-09,-0.0013759662007305495,-0.0014203218236617547,-0.0014203218236617547,1.6090678953790984,1.9044211776326534,1.8600691770304352
2013-05-10,0.006060530042532708,0.005957990602112004,0.005957990602112004,1.6188196996995183,1.915767701111452,1.871151451706461
2013-05-13,0.0012316035770587597,0.00117098481603453,0.00117098481603453,1.6208134438322814,1.9180110360005032,1.8733425416449103
2013-05-14,0.00519523321522164,0.0051178330547860685,0.0051178330547860685,1.6292339476713567,1.927827096279991,1.8829299960274777
2013-05-15,0.0020402849471958806,0.00196110582734877,0.00196110582734877,1.632558049170251,1.9316077692326266,1.8866226210151769
2013-05-16,-0.0010860595933398498,-0.0010833075653205796,-0.0010833075653205796,1.6307849938392653,1.9295152439229848,1.884578828456926
2013-05-17,0.009648101920786356,0.009462542050608393,0.009462542050608393,1.6465189736707155,1.9477733630558962,1.9024117348688863
2013-05-20,-0.0014799825451133897,-0.001366509547394414,-0.001366509547394414,1.6440821543294848,1.94511171215912,1.8998120710701127
2013-05-21,0.0010778732748271125,0.0010250226653461543,0.0010250226653461543,1.6458542665452567,1.9471054957507132,1.9017594215028577
2013-05-22,-0.008752259005808116,-0.008727523371112284,-0.008727523371112284,1.6314493237186383,1.9301120870305277,1.8851617717054585
2013-05-23,-0.0023085201237116326,-0.0022138934405251743,-0.0022138934405251743,1.627683090124018,1.9258390245415726,1.880988224424751
2013-05-24,-0.000544540302610419,-0.0005684316151541082,-0.0005684316151541082,1.626796751081568,1.9247443167543257,1.8799190112502555
2013-05-28,0.006538391702255453,0.006414724068217479,0.006414724068217479,1.6374333854600958,1.9370910204481746,1.8919781729780223
2013-05-29,-0.0047365570899023934,-0.004655007858236244,-0.004655007858236244,1.6296775887489519,1.9280738465258696,1.8831709997151982
2013-05-30,0.005303204179370358,0.005297409881212259,0.005297409881212259,1.6383201017486315,1.9382876439721626,1.8931469283771016
2013-05-31,-0.009197772427880557,-0.009184909875141466,-0.009184909875141466,1.6232512062887254,1.9204846466501782,1.875758544459557
2013-06-03,0.0017741521096752422,0.0018314892815866246,0.0018314892815866246,1.6261311008408954,1.9240019936959698,1.8791939761285794
2013-06-04,-0.005178244135573329,-0.005176944805540452,-0.005176944805540452,1.6177105970042926,1.914041541568856,1.8694654926352576
2013-06-05,-0.013013228003526112,-0.01286084676782662,-0.01286084676782662,1.5966589601617553,1.8894253465954844,1.8454225833967361
2013-06-06,0.004857634302444236,0.004847337690359908,0.004847337690359908,1.604414945495942,1.8985840292911582,1.8543679698398765
2013-06-07,0.01367315237086486,0.013432447516652424,0.013432447516652424,1.626352355511801,1.9240866596205664,1.8792766702713122
2013-06-10,0.00040963823586137593,0.00041553187486012403,0.00041553187486012403,1.6270185716216017,1.924886178957632,1.880057569629491
2013-06-11,-0.00994322364644995,-0.009849846337212517,-0.009849846337212517,1.6108407620870406,1.9059263458782751,1.8615392914635274
2013-06-12,-0.011555846681998494,-0.011448919809297482,-0.011448919809297482,1.5922261332112493,1.8841055479818873,1.8402266773937048
2013-06-13,0.01266567464147883,0.012569351140437467,0.012569351140437467,1.6123927513701628,1.907787532200118,1.8633571326798668
2013-06-14,-0.006597503062000354,-0.006519018524729333,-0.006519018524729333,1.601754985255851,1.8953506299364578,1.85120987301374
2013-06-17,0.009685301307326588,0.009568154355548709,0.009568154355548709,1.6172684649085665,1.9134856373215765,1.8689225348232514
2013-06-18,0.008221170706913306,0.008104938796829216,0.008104938796829216,1.6305643050374874,1.9289943213006797,1.884070037584009
2013-06-19,-0.011144334271996903,-0.011113449547920599,-0.011113449547920599,1.6123927513701632,1.9075565402326793,1.8631315202765701
2013-06-20,-0.023777191872877523,-0.023778901233535654,-0.023778901233535654,1.574054579546398,1.8621969416651014,1.8188282998708265
2013-06-21,-0.005310257747203839,-0.005226424535700962,-0.005226424535700962,1.56569594402084,1.8524643098788756,1.8093223310181543
2013-06-24,-0.009938598909485119,-0.009869974689290207,-0.009869974689290207,1.5501351200190092,1.8341805340275577,1.7914643654062377
2013-06-25,0.007313672021858952,0.00722906983278789,0.00722906983278789,1.5614722998763932,1.8474399531939831,1.8044149864067105
2013-06-26,0.008969018303041087,0.008755111949870607,0.008755111949870607,1.5754771735136763,1.86361449680486,1.8202128416167254
2013-06-27,0.004233391516490936,0.004137006555180754,0.004137006555180754,1.5821467852144542,1.8713242821944716,1.827743074074318
2013-06-28,0.0014050625999704192,0.0015058114931026925,0.0015058114931026925,1.5843698004900224,1.874142143805922,1.8304953106016977
2013-07-01,0.006173696388844574,0.006155908204680402,0.006155908204680402,1.5941512186059021,1.8856791908057144,1.8417636717028598
2013-07-02,0.0004185043534310484,0.0003805917567826531,0.0003805917567826531,1.5948183778309162,1.8863968647616718,1.842464631774252
2013-07-03,0.004042193895291035,0.004017606711637869,0.004017606711637869,1.6012649429418822,1.893975665466351,1.8498669300448238
2013-07-05,0.007635666753950998,0.007427364360323398,0.007427364360323398,1.6134916684309708,1.9080429128233556,1.8636065657523795
2013-07-08,0.0009649219191834035,0.001026660325120409,0.001026660325120409,1.6150485619082597,1.9100018247805783,1.8655198566750713
2013-07-09,0.006056306742722395,0.006033612974547154,0.006033612974547154,1.6248297914035688,1.921526036571983,1.8767756814865812
2013-07-10,0.005745649319212065,0.005693581209864676,0.005693581209864676,1.6341654935883823,1.932466401108075,1.887461256241824
2013-07-11,0.019861458154787792,0.01979151323249223,0.01979151323249223,1.666622403157286,1.970712835456952,1.9248169706705505
2013-07-12,0.00440223605447132,0.004354472792221941,0.004354472792221941,1.6739592683896547,1.979294250880232,1.9331985337993425
2013-07-15,0.0022574452093464537,0.0022591125050243095,0.0022591125050243095,1.677738139720722,1.9837656992735184,1.9375658467817434
2013-07-16,-0.001325063510764668,-0.0012895808727121415,-0.0012895808727121415,1.6755150301311599,1.9812074729717928,1.9350671989261135
2013-07-17,0.0025212538014411923,0.002453668062119593,0.002453668062119593,1.6797394287702498,1.9860686984726565,1.9398152115101739
2013-07-18,-0.0025149130673099984,-0.0024791459936800483,-0.0024791459936800483,1.6755150301311597,1.9811449442156648,1.9350061264000789
2013-07-19,-0.010349006098669178,-0.01019064410426125,-0.01019064410426125,1.6581751148659205,1.9609558011702064,1.9152871676263703
2013-07-22,0.0029495095696550067,0.003029789568499201,0.003029789568499201,1.6630659182353813,1.96689708460088,1.921090084707525
2013-07-23,-0.007352145577096292,-0.007258086307028494,-0.007258086307028494,1.6508388155002074,1.9526211758038041,1.907146647069141
2013-07-24,0.0032321537137707246,0.003104800357819331,0.003104800357819331,1.6561745803085632,1.9586836747291254,1.913067956661375
2013-07-25,0.006308406718074533,0.006285047542847377,0.006285047542847377,1.666622403157286,1.9709940947461968,1.9250916797216895
2013-07-26,0.005335717890883496,0.005297846992648535,0.005297846992648535,1.6755150301311597,1.981436119883576,1.9352905208876758
2013-07-29,-0.0018577304069602452,-0.00185556670532215,-0.00185556670532215,1.672402374912366,1.9777594329907973,1.931699460231991
2013-07-30,0.005316938818436867,0.0052575094410759644,0.0052575094410759644,1.6812944360195836,1.9881575218819236,1.9418553883814822
2013-07-31,0.001851232317832352,0.001823565840477801,0.001823565840477801,1.6844069026153348,1.9917830580243163,1.9453964895348823
2013-08-01,0.01016245982785624,0.010004083368304181,0.010004083368304181,1.701524620096927,2.0117090217883673,1.9648583982005956
2013-08-02,0.005618143188977465,0.005569839266387379,0.005569839266387379,1.711084029052202,2.02291391769047,1.9758023436597845
2013-08-05,0.0006496202266563778,0.0006084654993356599,0.0006084654993356599,1.7121955838469831,2.0241447910175103,1.977004551219408
2013-08-06,-0.005972229552245745,-0.0059630419437837695,-0.0059630419437837695,1.7019699587819075,2.0120747307283815,1.9652155901574355
2013-08-07,-0.0018295193407990018,-0.0017935036504112744,-0.0017935036504112744,1.6988561718248572,2.0084660673539196,1.961690968822643
2013-08-08,0.0049731159075048215,0.005009867034382005,0.005009867034382005,1.707304780477522,2.018528215294431,1.9715187797389926
2013-08-09,-0.004036605093424517,-0.003999836288126565,-0.003999836288126565,1.7004130653046186,2.010454432890289,1.9636330273810694
2013-08-12,0.002353331118785107,0.0023801068203906984,0.0023801068203906984,1.7044147002859886,2.0152395291980962,1.9683066837422838
2013-08-13,0.005608948821433257,0.005485365459431108,0.005485365459431108,1.7139746751103913,2.02629385450404,1.9791035652388511
2013-08-14,-0.0037618390416457315,-0.003692954600748682,-0.003692954600748682,1.7075269782611688,2.0188108432915803,1.9717948256222442
2013-08-15,-0.016924647912838098,-0.016715535989695836,-0.016715535989695836,1.6786276853524262,1.9850653379841516,1.9388352182502595
2013-08-16,-0.00039778034015325314,-0.000386800964091261,-0.000386800964091261,1.677959960260756,1.9842975127976352,1.9380852749186261
2013-08-19,-0.0017221525029710305,-0.0017405180985425232,-0.0017405180985425232,1.6750702573153078,1.9808438070637182,1.9347120024211115
2013-08-20,0.004379921725526481,0.004365871628635763,0.004365871628635763,1.6824069339271064,1.9894919168417364,1.9431587066620628
2013-08-21,-0.0034360978629585093,-0.0034401153515490174,-0.0034401153515490174,1.676626019056813,1.9826478351568266,1.9364740165647787
2013-08-22,0.009812266530998093,0.009757936109406905,0.009757936109406905,1.6930775204286046,2.001994386059741,1.9553700062959443
2013-08-23,0.006696196553666489,0.006707087794057058,0.006707087794057058,1.7044147002859888,2.015421938170253,1.9684848445980372
2013-08-26,0.0005212428030403338,0.0005306876557870514,0.0005306876557870514,1.705303114181909,2.0164914977140422,1.9695294952056694
2013-08-27,-0.020465985001449027,-0.020209562787169472,-0.020209562787169472,1.6704024062241378,1.975739086181197,1.9297261652111284
2013-08-28,0.0038594016088502325,0.0038121332455680985,0.0038121332455680985,1.6768491599581465,1.9832708668361967,1.9370825384803723
2013-08-29,0.007026132303091348,0.006942481565833217,0.006942481565833217,1.6886309240083401,1.9970396882692611,1.9505306982952697
2013-08-30,-0.006450660196226199,-0.006422889673979516,-0.006422889673979516,1.677738139720723,1.9842129226769492,1.938002654814409
2013-09-03,0.005697458296599844,0.005654362630687073,0.005654362630687073,1.6872969828043967,1.99543238207826,1.9489608246039638
2013-09-04,0.010671583936329387,0.01051560577186323,0.01051560577186323,1.705303114181909,2.0164155623526048,1.9694553283003045
2013-09-05,0.001695092229732964,0.001593659218350085,0.001593659218350085,1.7081937602400983,2.0196290416015725,1.972593968939379
2013-09-06,0.0011715819926931825,0.0012244068493201504,0.0012244068493201504,1.7101950492896265,2.0221018892331952,1.9750092265058758
2013-09-09,0.011698580558837435,0.011576308204735163,0.011576308204735163,1.7302019038450662,2.0455103639243357,1.9978725420191032
2013-09-10,0.004882473842317214,0.004774655479952164,0.004774655479952164,1.7386495693825172,2.055276971192746,2.007411695100101
2013-09-11,-0.0019176368682498612,-0.0018950207351054425,-0.0018950207351054425,1.7353154708673026,2.051382178715951,2.003607608313993
2013-09-12,-0.0006408752069044787,-0.0007422965148352364,-0.0007422965148352364,1.734203350205866,2.049859444874095,2.002120337369244
2013-09-13,0.0006412861913249746,0.0006491466637025497,0.0006491466637025497,1.7353154708673026,2.0511901042937946,2.0034200071065786
2013-09-16,-0.0026908932565564703,-0.0027075749199178493,-0.0027075749199178493,1.7306459221687478,2.045636353411425,1.9979955973412753
2013-09-17,0.006679990317050466,0.006631481714607016,0.006631481714607016,1.742206620171078,2.059201953483808,2.0112452686109092
2013-09-18,0.0119943229297379,0.0120776974518671,0.0120776974518671,1.763103208983737,2.0840723716702794,2.035536480466691
2013-09-19,0.0023958949153122244,0.002347879311709849,0.002347879311709849,1.7673274189973118,2.08896552207583,2.040315674457409
2013-09-20,-0.0034318313207303275,-0.003506024631796502,-0.003506024631796502,1.7612622494068113,2.0816415575004585,2.033162277446121
2013-09-23,-0.002025386298448839,-0.001993020727215524,-0.001993020727215524,1.7576950129788875,2.077492802729727,2.0291101428853784
2013-09-24,0.0,2.111374153681973e-05,2.111374153681973e-05,1.7576950129788875,2.0775366663758086,2.029152984992485
2013-09-25,-0.003425419747532077,-0.003364941355023325,-0.003364941355023325,1.751674169771291,2.0705458773305434,2.022325004197615
2013-09-26,0.007764697824399702,0.0076454853623855006,0.0076454853623855006,1.7652753903863714,2.086376205527822,2.037786660415194
2013-09-27,-0.001262881790098147,-0.001220249412922328,-0.001220249412922328,1.7630460562413441,2.0838303061878913,2.035300052439162
2013-09-30,-0.002403033720820069,-0.0024012282160269043,-0.0024012282160269043,1.7588093971168373,2.078826554059261,2.0304128325251636
2013-10-01,0.010142127051597338,0.009939506301898342,0.009939506301898342,1.7766474654819395,2.0994890636938868,2.050594133669503
2013-10-02,-0.0003767898314444018,-0.0002997987134797865,-0.0002997987134797865,1.7759780427828844,2.0988596395736265,2.0499793681863596
2013-10-03,-0.01167575363796658,-0.011570388221535118,-0.011570388221535118,1.7552421606889135,2.0745750187212484,2.026260311050306
2013-10-04,0.008638167151999276,0.008536107376211112,0.008536107376211112,1.7704042358651806,2.092283813841058,2.0435566866375865
2013-10-07,-0.008312428849340803,-0.008195030137205933,-0.008195030137205933,1.7556878766199797,2.0751374849310427,2.0268096780035028
2013-10-08,-0.019303980210760296,-0.019111661011908046,-0.019111661011908046,1.7217961125934358,2.035478160765937,1.9880739785018453
2013-10-09,-0.003107607213018726,-0.003123635639037851,-0.003123635639037851,1.7164454465745929,2.029120068640485,1.981863959769553
2013-10-10,0.021173690460591033,0.020928757601583237,0.020928757601583237,1.7527889311528542,2.07158703070157,2.023341910182884
2013-10-11,0.007887173346287524,0.00776410595941106,0.00776410595941106,1.7666134812923107,2.0876710519120785,2.039051351165661
2013-10-14,0.007068126666522456,0.006988370582434159,0.006988370582434159,1.7791001291488708,2.10226047087706,2.05330099764422
2013-10-15,-0.0038851587571927526,-0.0038329515200970967,-0.0038329515200970967,1.7721880427021854,2.0942026084095717,2.0454307944640826
2013-10-16,0.011323730480438332,0.011233637564920082,0.011233637564920082,1.7922558224584004,2.117728121499955,2.0684084226732184
2013-10-17,0.005722288413672505,0.005801841011860731,0.005801841011860731,1.8025116271855912,2.130014843367244,2.0804089994891624
2013-10-18,0.016205245514159472,0.01603624445981218,0.01603624445981218,1.8317217706462607,2.1641722820985096,2.1137709467813637
2013-10-21,0.0021910148524679762,0.0021650011846356637,0.0021650011846356637,1.8357351002513356,2.1688577176530086,2.1183472633851936
2013-10-22,0.0014575174503026478,0.001535487782434171,0.001535487782434171,1.838410716194085,2.1721879721803026,2.121599959727074
2013-10-23,-0.006064236273438106,-0.006010444393397962,-0.006010444393397962,1.8272621592434635,2.159132157161505,2.108848201144099
2013-10-24,0.004393137382745715,0.004372890340569898,0.004372890340569898,1.8352895729433125,2.168573805315571,2.1180699630726108
2013-10-25,0.007167875649892075,0.007126591620949366,0.007126591620949366,1.8484447003837137,2.184028345225943,2.1331645827240284
2013-10-28,0.00024143638034135328,0.00023452291720066102,0.00023452291720066102,1.8488909821814354,2.1845405499247144,2.133664858704838
2013-10-29,0.0016879123957203035,0.0016547238885657612,0.0016547238885657612,1.852011748188595,2.1881553613582154,2.13719548491673
2013-10-30,-0.0009629688324944707,-0.0009741037022046143,-0.0009741037022046143,1.8502283185976758,2.1860238711197173,2.1351136348825377
2013-10-31,-0.002289803417445113,-0.0023182889785164154,-0.0023182889785164154,1.845991659470697,2.180956036072527,2.1301638244749093
2013-11-01,0.00024175721374719572,0.00020853515824690108,0.00020853515824690108,1.8464379412708913,2.1814108420846385,2.130608038525138
2013-11-04,0.001449068979219481,0.0014325564920800002,0.0014325564920800002,1.8491135572136408,2.1845358363483607,2.133660254902805
2013-11-05,0.001085458678877771,0.0010440375712293594,0.0010440375712293594,1.8511206935725488,2.186816573837205,2.1358878763731624
2013-11-06,-0.00024098546286055456,-0.0002068514088211351,-0.0002068514088211351,1.8506746003953976,2.1863642277480735,2.1354460649568505
2013-11-07,-0.018795587425293636,-0.018635295723404836,-0.018635295723404836,1.8158900841478955,2.1456206838049146,2.0956513960349983
2013-11-08,0.013507090199527116,0.013281682571287333,0.013281682571287333,1.840417475306908,2.1741181366456,2.1234851726572104
2013-11-11,-0.0015748489863919302,-0.0015753489014283591,-0.0015753489014283591,1.837519095711383,2.17069314202746,2.120139942623265
2013-11-12,0.0015773330477433234,0.0015207169129985041,0.0015207169129985041,1.840417475306908,2.173994151801471,2.1233640752919363
2013-11-13,0.012115350361236343,0.012018840489778622,0.012018840489778622,1.8627147778311932,2.2001230407376844,2.148884449414596
2013-11-14,0.0031125013758070974,0.0031381502411622995,0.0031381502411622995,1.868512480139929,2.207027357388562,2.1556279716677564
2013-11-15,0.0019090307612723567,0.0018960309151361124,0.0018960309151361124,1.8720795279423375,2.211211949488722,2.159715108943571
2013-11-18,-0.00976636236718964,-0.009697374102753247,-0.009697374102753247,1.8537961208922553,2.1897689999940515,2.1387715435767767
2013-11-19,-0.0028867362749502856,-0.002876634293112766,-0.002876634293112766,1.8484447003837134,2.183469835394673,2.13261908000939
2013-11-20,-0.0024126290615408275,-0.0025071752146176994,-0.0025071752146176994,1.8439850889809166,2.177995493941506,2.1272722303097695
2013-11-21,0.010157180208342886,0.010058395786832956,0.010058395786832956,1.862714777831193,2.1999026346415085,2.148669176348564
2013-11-22,0.00538644909028041,0.005344922765639913,0.005344922765639913,1.8727481961516936,2.2116609443155952,2.160153647145058
2013-11-25,0.0023813192889259316,0.002375369672146501,0.002375369672146501,1.877207807554491,2.2169144566477934,2.1652848106056632
2013-11-26,0.005226295804233061,0.005149564376206589,0.005149564376206589,1.8870186508427864,2.228330600358844,2.1764350841306994
2013-11-27,0.006972181445513259,0.006889941071243061,0.006889941071243061,1.90017528726753,2.243683666882564,2.191430593605746
2013-11-29,0.005983757888721186,0.0059541078029509914,0.0059541078029509914,1.91154547613267,2.257042801310903,2.2044786076027596
2013-12-02,-0.0029157654705329605,-0.002991055555762686,-0.002991055555762686,1.905971857838009,2.250291860900448,2.197884889615929
2013-12-03,-0.0008189284392083884,-0.0007845265009346554,-0.0007845265009346554,1.9044110032792945,2.2485264473007343,2.1961605906740216
2013-12-04,0.0009365720994147786,0.0009733767377662818,0.0009733767377662818,1.9061946214907843,2.250715110638789,2.1982982823053825
2013-12-05,-0.0012870764238707144,-0.0013300811162336396,-0.0013300811162336396,1.9037412033341543,2.2477214769721066,2.195374367272239
2013-12-06,0.0072618792595415815,0.007216026900552882,0.007216026900552882,1.9175659420941813,2.2639410956148875,2.2112162477632595
2013-12-09,0.004070180064625228,0.004056331860254184,0.004056331860254184,1.9253707807642972,2.273124392010769,2.2201856746789734
2013-12-10,-0.0006952721981871024,-0.0006243722687696724,-0.0006243722687696724,1.92403212398923,2.2717051161769333,2.2187994523121843
2013-12-11,-0.012863593013940466,-0.012779541657814702,-0.012779541657814702,1.899282157800485,2.2426737660104794,2.190444212281024
2013-12-12,-0.0025830249512120984,-0.002636372435137603,-0.002636372435137603,1.8943762645974944,2.236761242712763,2.1846693855390598
2013-12-13,-0.0012943094888709927,-0.0012433074547160776,-0.0012433074547160776,1.8919243554227338,2.2339802607852786,2.181953169805929
2013-12-16,0.005539175014151576,0.005488546931516439,0.005488546931516439,1.9024040555409563,2.24624156629068,2.19392892218078
2013-12-17,-0.0019931084958360046,-0.0019974174594271695,-0.0019974174594271695,1.8986123578553447,2.24175488416808,2.1895467302468736
2013-12-18,0.011626967792746079,0.01149090010921872,0.01149090010921872,1.9206874625910384,2.2675146656114085,2.2147065930086067
2013-12-19,-0.0027856113368217583,-0.0028552380127967666,-0.0028552380127967666,1.9153371738207534,2.2610403715435807,2.208383078557057
2013-12-20,0.010183154576689057,0.010146798113009137,0.010146798113009137,1.934841348328249,2.2839826917189967,2.230791095811361
2013-12-23,0.010520269509549873,0.010393600118066355,0.010393600118066355,1.955196400770883,2.307721494493309,2.2539770464081674
2013-12-24,0.0004574731356863371,0.00045992940280419243,0.00045992940280419243,1.9560908505992263,2.3087828834621096,2.2550137167250566
2013-12-26,0.0033163689884341263,0.003290924275028158,0.003290924275028158,1.9625779696347132,2.3163809130990645,2.2624347961059486
2013-12-27,-0.0025072154401483138,-0.00246662715497521,-0.00246662715497521,1.95765736384675,2.310667265037548,2.2568542130015126
2013-12-30,-0.0014856412902257699,-0.0015115712904833006,-0.0015115712904833006,1.9547489872349049,2.3071745267378576,2.2534428169663334
2013-12-31,0.006522558915297072,0.006472058289761218,0.006472058289761218,1.9674989526687618,2.322106694759557,2.268027230230383
2014-01-02,-0.00784460800382758,-0.007716939097815163,-0.007716939097815163,1.952064694637134,2.304187138817469,2.250525002222509
2014-01-03,-0.007219128588811241,-0.007110972926627912,-0.007110972926627912,1.93797248859287,2.2878021264554538,2.2345215798610054
2014-01-06,-0.0036933823957405743,-0.003649400192910998,-0.003649400192910998,1.9308148151200715,2.279453020933825,2.2263669163763966
2014-01-07,0.009267929320945223,0.009171280746614215,0.009171280746614215,1.9487094703584382,2.300358524537527,2.2467855524114584
2014-01-08,0.002180763306013578,0.0021319883939511534,0.0021319883939511534,1.952959144465477,2.305262862213768,2.251575673132897
2014-01-09,-0.003321107519368205,-0.003265293535456935,-0.003265293535456935,1.9464731571657738,2.2977355022922525,2.244223617642824
2014-01-10,0.0032175354578027893,0.0032683626899406505,0.0032683626899406505,1.9527360035666161,2.3052453352792965,2.251558554382611
2014-01-13,-0.014776685877218476,-0.014608492680657004,-0.014608492680657004,1.9238810370407773,2.2715691756717504,2.218666677720842
2014-01-14,0.01906758245251461,0.01883685509738814,0.01883685509738814,1.9605647973433815,2.3143583950775724,2.2604593804384727
2014-01-15,0.008214662610191992,0.008123278775719079,0.008123278775719079,1.9766701756789768,2.3331585735077134,2.2788217221469638
2014-01-16,0.00011298269540560568,0.00013461268649444697,0.00013461268649444697,1.976893505203353,2.333472646251311,2.279128480461024
2014-01-17,-0.005657847093789914,-0.005564171925560379,-0.005564171925560379,1.965708544030206,2.3204888032639763,2.2664470177552976
2014-01-21,0.007624431612862637,0.007526693559453281,0.007526693559453281,1.980695954394984,2.337954411394287,2.2835058699266786
2014-01-22,0.002597415213119625,0.0025542521767289977,0.0025542521767289977,1.985840644199494,2.343926136538684,2.2893385197655123
2014-01-23,-0.0033789575882523515,-0.003250901656114021,-0.003250901656114021,1.9791305728857163,2.3363062631796017,2.281896105380201
2014-01-24,-0.0196655237898975,-0.019454102386567237,-0.019454102386567237,1.9402099335213188,2.2908555219293274,2.2375038649106256
2014-01-27,-0.009684252196473397,-0.00963531203224898,-0.00963531203224898,1.9214204512109954,2.268782414154738,2.2159448169988485
2014-01-28,-0.0005820408639192198,-0.000568888992265274,-0.000568888992265274,1.9203021059916205,2.2674917288134804,2.2146841903849905
2014-01-29,-0.010716417560765135,-0.010550551698391883,-0.010550551698391883,1.8997233467809977,2.243568440102958,2.1913180503387224
2014-01-30,0.018485850377507607,0.01823548832283272,0.01823548832283272,1.9348413483282492,2.284481006193931,2.2312778050572866
2014-01-31,-0.0026591674054144976,-0.0026122554690414523,-0.0026122554690414523,1.9296962812801264,2.2785133581915797,2.225449137408075
2014-02-03,-0.02295110330079031,-0.022673546336647765,-0.022673546336647765,1.8854076225893153,2.226851379985952,2.1749903132712003
2014-02-04,0.0073555033214214305,0.007252369942036875,0.007252369942036875,1.8992757446195043,2.2430013299995455,2.1907641476433897
2014-02-05,-0.002590780091781153,-0.0025725191870072123,-0.0025725191870072123,1.8943551388315414,2.237231166041639,2.1851283648393696
2014-02-06,0.01275256069341002,0.01262302271064982,0.01262302271064982,1.9185130177143639,2.2654717858595563,2.212711289814422
2014-02-07,0.01783828701513035,0.017696163549434207,0.017696163549434207,1.9527360035666166,2.3055619450987557,2.2518677906866573
2014-02-10,0.005727357940363609,0.005697956087117196,0.005697956087117196,1.9639200216220778,2.3186989358180567,2.264698834471983
2014-02-11,0.011389676317371089,0.011321848413240108,0.011321848413240108,1.9862884349815577,2.3449508936853296,2.2903394113775164
2014-02-12,0.0019145388810319908,0.0018925784079135645,0.0018925784079135645,1.990091261419274,2.349388897114336,2.294674058294283
2014-02-13,0.007418037627080487,0.0073939424901909604,0.0073939424901909604,2.004853833277806,2.3667601435066925,2.311640746315044
2014-02-14,0.002008110153580267,0.002039674704206771,0.002039674704206771,2.008879800616856,2.371587564302328,2.3163557414705167
2014-02-18,0.004899324831738383,0.0048645140344396225,0.0048645140344396225,2.0187219553079956,2.383124185292779,2.327623686483655
2014-02-19,-0.006869753406963608,-0.006844927048508693,-0.006844927048508693,2.004853833277806,2.3668118740969133,2.3116912721532934
2014-02-20,0.0046854335530384095,0.004678424388637669,0.004678424388637669,2.0142474426971835,2.3778848244920057,2.3225063449799364
2014-02-21,-0.0013322782736199246,-0.0013106771980109138,-0.0013106771980109138,2.0115639045915836,2.374768185073048,2.3194622888713354
2014-02-24,0.0053375351973745655,0.005314206967474673,0.005314206967474673,2.0223006977341096,2.3873881947083007,2.3317883915276503
2014-02-25,-0.001105919519393539,-0.001074608360523702,-0.001074608360523702,2.0200641959184025,2.3848226873944514,2.3292826322271423
2014-02-26,-0.0008858458691350934,-0.0009045487505524917,-0.0009045487505524917,2.0182747303950603,2.3826654990122798,2.3271756825324776
2014-02-27,0.006487913000875478,0.00643331201368197,0.00643331201368197,2.031369121257729,2.397993929591661,2.342147129808862
2014-02-28,-0.0011059037983666142,-0.0010997365402367226,-0.0010997365402367226,2.0291226224306453,2.395356768044023,2.3395713850276008
2014-03-03,-0.007416271456328949,-0.007268443657810573,-0.007268443657810573,2.0140740982445218,2.37794625233514,2.322566342232102
2014-03-04,0.012713409274683451,0.012527396741664807,0.012527396741664807,2.0396798465650434,2.4077357284684973,2.351662052260081
2014-03-05,0.0027526621272073726,0.002722528648885807,0.002722528648885807,2.0452943960303114,2.414290857968199,2.3580645195698566
2014-03-06,-0.0008785150052490476,-0.0008543865025936238,-0.0008543865025936238,2.043497574213247,2.412228120445816,2.3560498210720913
2014-03-07,-0.004945738197441374,-0.004930314311476402,-0.004930314311476402,2.0333909702040818,2.400335077621036,2.344433754920708
2014-03-10,0.0008834722870822986,0.0008769565297900869,0.0008769565297900869,2.0351874147750606,2.40244006714104,2.3464897214107463
2014-03-11,-0.0043037281330472466,-0.004243333328636526,-0.004243333328636526,2.0264285214420696,2.3922457131340886,2.336532783370581
2014-03-12,0.0037682163889507514,0.0038098210990893454,0.0038098210990893454,2.034064542607605,2.4013597413261927,2.34543455526738
2014-03-13,-0.014134584943167994,-0.013952085239716668,-0.013952085239716668,2.0053138845502314,2.3678557655239856,2.3127108524281126
2014-03-14,-0.006832065728906822,-0.0067351351335249695,-0.0067351351335249695,1.9916134482838947,2.3519079369664855,2.2971344323122396
2014-03-17,0.008796912953962899,0.008665171150940126,0.008665171150940126,2.00913349842639,2.3722876217715547,2.317039495324943
2014-03-18,0.012073598791066287,0.011927781536502894,0.011927781536502894,2.0333909702040818,2.400583750265796,2.344676636236628
2014-03-19,-0.005412983870357824,-0.005454705286283267,-0.005454705286283267,2.022384257680236,2.3874892733930553,2.3318871161943235
2014-03-20,0.0027765761803741906,0.00274478643701085,0.00274478643701085,2.0279995616376745,2.3940424215691736,2.3382876483234942
2014-03-21,-0.01203326981331121,-0.01187190866820731,-0.01187190866820731,2.0035960957312113,2.3656205685924907,2.3105277109226003
2014-03-24,-0.008763883971226072,-0.008725117388001493,-0.008725117388001493,1.9860368120230214,2.3449802514360503,2.29036808541657
2014-03-25,0.0032874482898719304,0.003255873673484563,0.003255873673484563,1.9925658053443291,2.3526152109015417,2.297825234568467
2014-03-26,-0.012880081539063282,-0.012772118367165098,-0.012772118367165098,1.9669013952995449,2.3225673309555144,2.2684771386854994
2014-03-27,-0.005608048800151089,-0.00555573551529556,-0.00555573551529556,1.9558709162896197,2.3096637611482596,2.2558740796804684
2014-03-28,0.0019564649650063437,0.0019271192799761455,0.0019271192799761455,1.9596975092134152,2.3141147587126305,2.2602214181126192
2014-03-31,0.007122480111665608,0.0070333854774156795,0.0070333854774156795,1.9736554157476685,2.330390819849633,2.276118426610516
2014-04-01,0.017565731842903887,0.017361820435664227,0.017361820435664227,2.008324117530987,2.370850646808783,2.3156359860236346
2014-04-02,0.002578306964075905,0.002567829372446716,0.002567829372446716,2.0135021935893387,2.3769385867373427,2.3215821441244406
2014-04-03,-0.00793845363516732,-0.007856861283907711,-0.007856861283907711,1.997518099781222,2.3582633099809795,2.303341795258858
2014-04-04,-0.02659724147585607,-0.02627187627083775,-0.02627187627083775,1.9443896285289477,2.296307308087103,2.242828684604368
2014-04-07,-0.009494154394136811,-0.00940853898328015,-0.00940853898328015,1.9259292931933356,2.2747024112613743,2.221726943492449
2014-04-08,0.009234439066371669,0.009190553345625246,0.009190553345625246,1.9437141698974698,2.2956081851174948,2.2421458434860293
2014-04-09,0.017141492447798168,0.01697156849082054,0.01697156849082054,1.9770323316614455,2.3345682566593045,2.280198575235161
2014-04-10,-0.03097267245044133,-0.030636334918729895,-0.030636334918729895,1.9157983568289634,2.2630456416576545,2.2103416480030456
2014-04-11,-0.011632740507214079,-0.01150795731467098,-0.01150795731467098,1.893512371679825,2.237002609012306,2.184905130666987
2014-04-14,0.007846203455206258,0.007797218540539759,0.007797218540539759,1.908369254992975,2.254445007230532,2.2019413134611443
2014-04-15,0.003303029697423021,0.0032306514835293786,0.0032306514835293786,1.9146726553158657,2.261728333337677,2.2090550184321223
2014-04-16,0.013286347199483073,0.013159896194209802,0.013159896194209802,1.9401116609877485,2.291492443423904,2.2381259531619873
2014-04-17,0.00023226504654005886,0.00018259670536600935,0.00018259670536600935,1.9405622811129808,2.2919108623944444,2.2385346275872284
2014-04-21,0.0074244375905736515,0.007332976880945844,0.007332976880945844,1.9549698646597253,2.3087173917615713,2.2549497502585223
2014-04-22,0.007945536828043442,0.007854886581567622,0.007854886581567622,1.9705031497170944,2.3268521050227506,2.272662124793937
2014-04-23,-0.008796485349043537,-0.00869579487507022,-0.00869579487507022,1.953169647630364,2.3066182764128476,2.2528995211363876
2014-04-24,0.009566493747205307,0.00950299003240646,0.00950299003240646,1.971854632851651,2.3285380469021653,2.27430880282976
2014-04-25,-0.01598362188716662,-0.015787802568718937,-0.015787802568718937,1.9403372539836925,2.2917755479439235,2.238402464470384
2014-04-28,0.003248610679623898,0.003199854155393455,0.003199854155393455,1.946640654309056,2.299108895454241,2.2455650258977626
2014-04-29,0.00797972767550581,0.007890960269250086,0.007890960269250086,1.9621743166125107,2.3172510724029496,2.2632846902991393
2014-04-30,0.002638755776400492,0.0026035073644517658,0.0026035073644517658,1.9673520154247768,2.323284052635234,2.269177168658184
2014-05-01,0.0029751449653407924,0.002953576460494282,0.002953576460494282,1.973205172868521,2.330146049724139,2.2758793569282236
2014-05-02,-0.0018256187134932933,-0.0017840521066594367,-0.0017840521066594367,1.9696028525793703,2.3259889477553046,2.2718190695669933
2014-05-05,0.005257990007041968,0.00524146944173518,0.00524146944173518,1.979959004696074,2.3381805477467776,2.2837267397972796
2014-05-06,-0.012961996365011275,-0.012843139254406822,-0.012843139254406822,1.954294783274332,2.3081509693701205,2.2543965192590507
2014-05-07,-0.0028801674300913405,-0.0028902525426444023,-0.0028902525426444023,1.948666087090748,2.3014798301620916,2.2478807439871336
2014-05-08,-0.0009241105546092809,-0.0009293302078213668,-0.0009293302078213668,1.9468653041922581,2.2993409954332305,2.245791720508166
2014-05-09,0.003700345725606846,0.003644691115082885,0.003644691115082885,1.9540693788989583,2.3077213831298318,2.253976937638229
2014-05-12,0.016474766886272585,0.016313446566222713,0.016313446566222713,1.986262216395922,2.34536827260325,2.2907470699718884
2014-05-13,0.0006802253384865509,0.0006813319401674275,0.0006813319401674275,1.987613322284393,2.34696624691883,2.2923078291175054
2014-05-14,-0.005210060795765581,-0.005103222812370475,-0.005103222812370475,1.9772577360368178,2.33498915522769,2.2806096715109776
2014-05-15,-0.007856546221820526,-0.0077977054196977985,-0.0077977054196977985,1.9617233192411923,2.3167815976370356,2.262826149115221
2014-05-16,0.006541580438187422,0.006469469827180257,0.006469469827180257,1.9745560901314765,2.331769946279115,2.2774654346110768
2014-05-19,0.006954537773779856,0.0068556786827562045,0.0068556786827562045,1.988288215046743,2.3477558117929127,2.293079005841854
2014-05-20,-0.003622590675418702,-0.0035802432873303317,-0.0035802432873303317,1.9810854606988697,2.3393502748074506,2.2848692251238707
2014-05-21,0.009544992811554964,0.009431853474360756,0.009431853474360756,1.9999949071803165,2.36141468382464,2.306419776863315
2014-05-22,0.004389643481218064,0.004360190849187128,0.004360190849187128,2.0087741717870897,2.371710902520188,2.3164762072687783
2014-05-23,0.0072844421760249745,0.007215321913149332,0.007215321913149332,2.0234069710861653,2.3888235601667973,2.333190328808374
2014-05-27,0.012461336819031166,0.012277116258680552,0.012277116258680552,2.0486213268748457,2.41815142473644,2.3618351777287834
2014-05-28,-0.0030766224941386477,-0.003040499595405374,-0.003040499595405374,2.04231849241861,2.4107990363079,2.354654018826485
2014-05-29,0.006393245507922085,0.0063175561264425095,0.0063175561264425095,2.0553755359460117,2.426029394529349,2.369529677748775
2014-05-30,0.00010902339263818561,0.00010324245470220931,0.00010324245470220931,2.055599619960086,2.4262798637592202,2.3697743138091956
2014-06-02,-0.0009855080754223033,-0.0010138817662884874,-0.0010138817662884874,2.0535738099347802,2.423819902845442,2.3673716428422056
2014-06-03,-0.00043812950099109127,-0.00043974002580822956,-0.00043974002580822956,2.0526740786661852,2.42275405221881,2.3663306147748844
2014-06-04,0.003728765525569777,0.0036848079826523428,0.0036848079826523428,2.0603280190059463,2.4316814356904293,2.3750500887138015
2014-06-05,0.008413256432193927,0.00836433470284962,0.00836433470284962,2.0776620869642777,2.45202083310925,2.3949158025918367
2014-06-06,0.005742858444235166,0.005681959997119996,0.005681959997119996,2.0895938062246677,2.465953117395082,2.4085236183786343
2014-06-09,-0.0007542772239235163,-0.0007547401247978636,-0.0007547401247978636,2.088017673209381,2.4640919636315135,2.406705808962321
2014-06-10,0.00172496357010532,0.0017200383314537623,0.0017200383314537623,2.091619427629403,2.4683302962611866,2.4108454352062685
2014-06-11,-0.00021517024089512393,-0.00022384102781098356,-0.00022384102781098356,2.0911693733732992,2.4677777826706944,2.4103057890861583
2014-06-12,-0.009042973676568478,-0.00889510068560543,-0.00889510068560543,2.072258983776638,2.4458266508241384,2.3888658764091395
2014-06-13,0.002933302191813869,0.0029171793407066623,0.0029171793407066623,2.078337545595756,2.452961565800872,2.395834626591519
2014-06-16,0.000866635041257835,0.0008552694765344268,0.0008552694765344268,2.080138705740331,2.455059508955214,2.397883710818467
2014-06-17,0.0005411665614021288,0.0005159270074011519,0.0005159270074011519,2.081264407250956,2.4563261404606607,2.3991208437854854
2014-06-18,0.005624344978743867,0.005614589448286216,0.005614589448286216,2.0929701562693164,2.4701174032904407,2.4125909223601667
2014-06-19,-0.0006453645007156172,-0.000528035425291294,-0.000528035425291294,2.091619427629403,2.4688130937968746,2.411316988886424
2014-06-20,0.0011764924442367874,0.0011563061537213494,0.0011563061537213494,2.094080202082228,2.47166779756962,2.4141052095592466
2014-06-23,0.0002158181363265399,0.0002192601541398828,0.0002192601541398828,2.0945321425687595,2.472209735831898,2.4146345266396048
2014-06-24,-0.0009700715109146607,-0.0009394227771024054,-0.0009394227771024054,2.0925002966085584,2.4698872856962835,2.412366163966902
2014-06-25,0.006364771501005784,0.0063077954456805035,0.0063077954456805035,2.1058185828622586,2.4854668294683426,2.427582876269286
2014-06-26,0.0005359107690710019,0.000529762955175335,0.000529762955175335,2.1069471137185243,2.4867835377209118,2.4288689197477513
2014-06-27,0.004392508430114406,0.0043510975441034,0.0043510975441034,2.116201896677338,2.497603775464606,2.439437165339415
2014-06-30,0.0017067140141688864,0.001736137529809768,0.001736137529809768,2.119813648111208,2.5019399591137845,2.443672363753773
2014-07-01,0.010967784646053413,0.010831048086091722,0.010831048086091722,2.1430633076934567,2.5290385911194604,2.470139896632244
2014-07-02,0.0016850578103682068,0.0016300560350671627,0.0016300560350671627,2.146674493258199,2.5331610657378327,2.47416636307821
2014-07-03,0.00630906178303503,0.006209689788630112,0.006209689788630112,2.1602179952642304,2.5488912101407,2.489530168678389
2014-07-07,-0.003030322874907232,-0.0029834596196542736,-0.0029834596196542736,2.153671837258395,2.5412866961403537,2.4821027559482256
2014-07-08,-0.012052860997702086,-0.011905986095141171,-0.011905986095141171,2.127713929969254,2.5110301720723394,2.4525508750491944
2014-07-09,0.00742625253427609,0.007371412072225819,0.007371412072225819,2.143514870933903,2.529540010196477,2.47062963817728
2014-07-10,-0.0031591807904283176,-0.0030986673801902953,-0.0030986673801902953,2.136743119929651,2.521701807079995,2.462973978708929
2014-07-11,0.006443698826919864,0.0063865903429449426,0.0063865903429449426,2.150511649064971,2.537806883488879,2.478703984536276
2014-07-14,0.005983361629521955,0.005821961503709442,0.005821961503709442,2.163378937949826,2.5525818974684,2.493134903713337
2014-07-15,-0.0034431819178667444,-0.0034397799941181463,-0.0034397799941181463,2.1559300307091833,2.5438015773241403,2.484559068148906
2014-07-16,0.003978357705793245,0.003958212086844984,0.003958212086844984,2.164507091560006,2.5538704834740398,2.494393479882933
2014-07-17,-0.013244082036036886,-0.013037829495289654,-0.013037829495289654,2.135840182071802,2.520573555557452,2.461872002998057
2014-07-18,0.015853104748073443,0.015674425034370783,0.015674425034370783,2.1696998802033307,2.5600820967976547,2.5004604311532663
2014-07-21,-0.0012489954654700819,-0.0012263499887415453,-0.0012263499887415453,2.1669899348915256,2.5569425401470696,2.497393991531673
2014-07-22,0.006354454119950059,0.006274549291225572,0.006274549291225572,2.1807599730111873,2.572986202150054,2.513064013231149
2014-07-23,0.006417430985818484,0.006347587259208365,0.006347587259208365,2.194754849634622,2.58931845658494,2.5290159063431097
2014-07-24,-0.0011312622600797573,-0.0011585610458870977,-0.0011585610458870977,2.1922720063031034,2.5863185730857445,2.5260858870295917
2014-07-25,-0.0039124932714574845,-0.003824496148665249,-0.003824496148665249,2.183694756829238,2.5764272076637567,2.5164248812834495
2014-07-28,0.0003098374292553885,0.000313041415391819,0.000313041415391819,2.1843713471989723,2.577233736083498,2.5172126264900134
2014-07-29,-0.0017564680877536487,-0.0017565790739710184,-0.0017565790739710184,2.1805345686358137,2.5727066212339613,2.5127909434655855
2014-07-30,0.003933380534822728,0.003847991619119475,0.003847991619119475,2.189111440863594,2.5826063747509225,2.5224601419566404
2014-07-31,-0.02021023016536183,-0.020070974492812716,-0.020070974492812716,2.144868994786114,2.530770948078321,2.471831908788292
2014-08-01,-0.0036833400441937947,-0.0036019643427389197,-0.0036019643427389197,2.1369687129280686,2.5216552013637035,2.4629284583915925
2014-08-04,0.006865727209993455,0.006776646824782377,0.006776646824782377,2.1516405571673234,2.5387435680772206,2.479618854708818
2014-08-05,-0.00765865051914727,-0.007593020826546198,-0.007593020826546198,2.1351618940971555,2.51946683529155,2.460791057103117
2014-08-06,-0.0007398581133327697,-0.0006881884661885017,-0.0006881884661885017,2.1335821772465287,2.5177329672745583,2.4590975690799186
2014-08-07,-0.00317371124973731,-0.0031046072112918474,-0.0031046072112918474,2.1268108034883624,2.5099163953482506,2.451463037033683
2014-08-08,0.007217263964012233,0.007160914636651625,0.007160914636651625,2.142160558458651,2.5278896924004717,2.469017754576788
2014-08-11,0.005900760087859336,0.005829742190807556,0.005829742190807556,2.15480093398379,2.5426266375939663,2.4834114915504975
2014-08-12,-0.00041877278522117756,-0.00042505073637345224,-0.00042505073637345224,2.1538985619950686,2.541545892269334,2.482355915667296
2014-08-13,0.010584310178264777,0.010502028090921921,0.010502028090921921,2.176696092467743,2.5682372786243137,2.5084256872252997
2014-08-14,0.00518555780376162,0.005156345841968039,0.005156345841968039,2.1879834758764565,2.581479998237136,2.52135999758751
2014-08-15,0.004848886737071512,0.004796692914800169,0.004796692914800169,2.1985927599335655,2.5938625650543785,2.5334541872235987
2014-08-18,0.007700139893768387,0.00759365115915529,0.00759365115915529,2.2155222317544805,2.613559452528193,2.552692354549076
2014-08-19,0.005603717080724824,0.005545460356764111,0.005545460356764111,2.2279373915272886,2.6280528428622345,2.5668482088042426
2014-08-20,0.0,-1.5146758302358558e-05,-1.5146758302358558e-05,2.2279373915272886,2.628013036381018,2.566809329374825
2014-08-21,0.002026313974673455,0.001981283047595158,0.001981283047595158,2.232451892198438,2.6332198740588586,2.571894905185524
2014-08-22,0.0015166200002789676,0.0015152482376883196,0.0015152482376883196,2.235837673387807,2.6372098558324724,2.5757919644081264
2014-08-25,0.003533477386162165,0.0034964889041227453,0.0034964889041227453,2.243737955245852,2.6464308308312336,2.5847981924310077
2014-08-26,0.0010060222631156357,0.0009961908123138393,0.0009961908123138393,2.2459952055814267,2.649067180910332,2.587373144641993
2014-08-27,0.0002010526288407366,0.00022184501890379926,0.00022184501890379926,2.2464467688218726,2.6496548632691583,2.587947140486177
2014-08-28,-0.0011053152868001348,-0.0010557068739772849,-0.0010557068739772849,2.243963736867311,2.6468576044163377,2.585215026900476
2014-08-29,0.003721916250817525,0.0036838107015131996,0.0036838107015131996,2.252315581965803,2.656608126784868,2.5947384696822846
2014-09-02,0.002906244939489877,0.0027852443542156816,0.0027852443542156816,2.2588613627280254,2.664007429571359,2.6019654503556335
2014-09-03,-0.005895600040223714,-0.005813958594977205,-0.005813958594977205,2.2455440195870664,2.6485190006791197,2.5868377309617046
2014-09-04,-0.0009047506169715946,-0.0009324011821781001,-0.0009324011821781001,2.2435123622499082,2.6460495184318655,2.584425760403253
2014-09-05,0.00503044895884841,0.005007877345539296,0.005007877345539296,2.2547982366767516,2.6593006098703955,2.5973682476200044
2014-09-08,0.0019022084652793314,0.0018371314727482107,0.0018371314727482107,2.259087332970055,2.6641860947162868,2.6021399545740236
2014-09-09,-0.008293075435403696,-0.008217081876168392,-0.008217081876168392,2.2403525513025695,2.6422942594426537,2.58075795751404
2014-09-10,0.008261561964742814,0.008145789288272013,0.008145789288272013,2.2588613627280254,2.663817831717684,2.60178026803998
2014-09-11,-0.000799379335502115,-0.0008061339502523932,-0.0008061339502523932,2.2570556756328966,2.6616704377262486,2.599682884634816
2014-09-12,-0.0051002977773697555,-0.005120689536843894,-0.005120689536843894,2.2455440195870664,2.648040849765257,2.5863707156883544
2014-09-15,-0.00965044925048264,-0.009539802974951076,-0.009539802974951076,2.2238735109863166,2.622779061788875,2.5616972486405043
2014-09-16,0.008729479518178707,0.008654709491873495,0.008654709491873495,2.2432867692514917,2.6454784526300257,2.583867994133619
2014-09-17,0.0015091266939915027,0.0014502825851381565,0.0014502825851381565,2.246672173197247,2.649315143959233,2.587615332887807
2014-09-18,0.0075356905705206145,0.007467632812617795,0.007467632812617795,2.2636023995078607,2.669099256659228,2.606938694054113
2014-09-19,-0.0006196317603687218,-0.000605991467939445,-0.000605991467939445,2.2621997995682785,2.667481805282609,2.6053589114480746
2014-09-22,-0.00930190674072584,-0.009223482636313845,-0.009223482636313845,2.241157028003806,2.642878333168902,2.5813284287669678
2014-09-23,-0.0027257929856836505,-0.002671261995999073,-0.002671261995999073,2.2350480978970575,2.6358185127174583,2.5744330242360105
2014-09-24,0.010730429232544747,0.010599412184040256,0.010599412184040256,2.2590311233428757,2.6637566395760746,2.601720501000093
2014-09-25,-0.021033627601878102,-0.02079960775984692,-0.02079960775984692,2.211515503953429,2.6083515463052045,2.547605735078539
2014-09-26,0.010640935549201425,0.01052193550261723,0.01052193550261723,2.235048097897057,2.6357964530435796,2.5744114783091328
2014-09-29,-0.0013162810641516032,-0.001288467822201065,-0.001288467822201065,2.232106146408327,2.632400314127961,2.5710944319582265
2014-09-30,0.001419167772470864,0.0013750401065449668,0.0013750401065449668,2.235273879516044,2.6360199701363682,2.574629789919883
2014-10-01,-0.01599326272564361,-0.01577760034262209,-0.01577760034262209,2.1995245570971753,2.594429900552386,2.5340083100643183
2014-10-02,0.0,-2.04333311442465e-05,-2.04333311442465e-05,2.1995245570971753,2.5943768877070976,2.5339565318333968
2014-10-03,0.009875428802135877,0.009722183421746416,0.009722183421746416,2.221245805259338,2.6195998956745257,2.5585921220186134
2014-10-06,-0.0021394145216562244,-0.0020685594183897436,-0.0020685594183897436,2.216493639727398,2.6141810976379154,2.553299522186794
2014-10-07,-0.014189351050516996,-0.014018759542829516,-0.014018759542829516,2.1850430333720676,2.577533521428719,2.5175054301444355
2014-10-08,0.019467831449964113,0.019328978411627975,0.019328978411627975,2.2275810828566733,2.6273546112196624,2.5661662382548536
2014-10-09,-0.016150359713258067,-0.016008775289844897,-0.016008775289844897,2.1916048470780893,2.585293881641909,2.525085059590245
2014-10-10,-0.02498456189067022,-0.024712189150726347,-0.024712189150726347,2.136848560136374,2.5214056102285585,2.4626846799759776
2014-10-13,-0.015671463930544083,-0.01548293091765532,-0.01548293091765532,2.1033610150011617,2.4823668613500014,2.4245551032039416
2014-10-14,0.00010788131738914686,0.00012776601028777448,0.00012776601028777448,2.103587928358405,2.4826840234599468,2.424864878936201
2014-10-15,-0.00645370938106038,-0.0063787727209996484,-0.0063787727209996484,2.090011983211273,2.466847546336239,2.409397216994333
2014-10-16,-0.006279211564304221,-0.006218313628192677,-0.006218313628192677,2.076888355796758,2.4515079146201826,2.3944148294441674
2014-10-17,0.013182062404480055,0.013044795185303597,0.013044795185303597,2.104266027710009,2.4834873332615537,2.4256494804829205
2014-10-20,0.01494638596677711,0.01483968126045933,0.01483968126045933,2.1357171999369395,2.5203414937015434,2.461645345622886
2014-10-21,0.026273722073888672,0.026004475100017074,0.026004475100017074,2.1918304400765063,2.585881651318045,2.525659140718209
2014-10-22,-0.005161369828307616,-0.005115578791988157,-0.005115578791988157,2.180517592574329,2.572653369983971,2.51273893238216
2014-10-23,0.015046199480400091,0.014857194603484466,0.014857194603484466,2.2133260952427243,2.610875781749133,2.550071183688314
2014-10-24,0.008178363768347463,0.008101973097949067,0.008101973097949067,2.231427481187595,2.6320290270949513,2.5707317918164114
2014-10-27,0.0007097151679502645,0.0006972554823898495,0.0006972554823898495,2.233011159117175,2.6338642237639025,2.5725242486520092
2014-10-28,0.01509752845297685,0.01494415088747351,0.01494415088747351,2.2667241086277614,2.6732250881409483,2.610968439185549
2014-10-29,-0.00369328162776994,-0.0037078867172326358,-0.0037078867172326358,2.2583524581221432,2.6633130723444576,2.601287263990779
2014-10-30,0.002104262120312006,0.002066844247397361,0.002066844247397361,2.2631046236540833,2.668817725647051,2.6066637196081865
2014-10-31,0.01379700696127295,0.01358081021786711,0.01358081021786711,2.2943286939007277,2.7050624326851436,2.642064324885985
2014-11-03,0.0029586698768060415,0.0029163044088607506,0.0029163044088607506,2.3011168550948633,2.712951218183827,2.6497693887251437
2014-11-04,-0.00334298887051121,-0.0033061617896725506,-0.0033061617896725506,2.2934242470585353,2.703981762529022,2.6410088224206967
2014-11-05,9.852962979683966e-05,4.2819219698638626e-05,4.2819219698638626e-05,2.293650217300565,2.704097544918173,2.64112190835769
2014-11-06,0.003156831629188117,0.003102641364192932,0.003102641364192932,2.3008908848528336,2.7124873898138486,2.649316362438437
2014-11-07,-0.0008852826489164078,-0.0007547349428918842,-0.0007547349428918842,2.2988539460754236,2.7104401807986025,2.6473168308049293
2014-11-10,0.0035434477679909815,0.0034262042805171204,0.0034262042805171204,2.306999814959582,2.71972670254814,2.656387079062518
2014-11-11,0.0031384009046009353,0.003154685216016175,0.003154685216016175,2.3142401052657653,2.7283065841682737,2.664767144108853
2014-11-12,0.0017600261337853418,0.0017019711455721984,0.0017019711455721984,2.3183132283308874,2.7329500832508025,2.6693025008977953
2014-11-13,0.004294293340769917,0.0042521227582550175,0.0042521227582550175,2.3282687453891273,2.744570922496968,2.68065270281053
2014-11-14,0.0031096503346010884,0.0031719626727235196,0.0031719626727235196,2.335508847072268,2.753276599015771,2.6891556331223807
2014-11-17,-0.003003256205786342,-0.0029781636435325313,-0.0029781636435325313,2.3284947156336293,2.745076890747993,2.6811468875840148
2014-11-18,0.007482234492987683,0.007447081313918823,0.007447081313918823,2.3459170591116827,2.7655197015663533,2.7011136064704133
2014-11-19,-0.004532577357908241,-0.004539943291903293,-0.004539943291903293,2.3352840085660223,2.752964398948601,2.688850703872049
2014-11-20,0.004456209349209095,0.004450911025349367,0.004450911025349367,2.3456905229980527,2.7652175985442757,2.700818539115432
2014-11-21,0.0019296594621389662,0.00194153069795166,0.00194153069795166,2.3502169069110055,2.7705863533983655,2.706062261218721
2014-11-24,0.007797994681649545,0.007704786747750364,0.007704786747750364,2.36854388585182,2.791933130417527,2.7269118938675465
2014-11-25,0.001528545918240365,0.0015347984479264511,0.0015347984479264511,2.3721643139407123,2.796218185052806,2.7310971540098863
2014-11-26,0.006486127078094928,0.00642286515935115,0.00642286515935115,2.3875504731310535,2.814177917411526,2.7486386227671797
2014-11-28,0.004643462048804503,0.004526760552561464,0.004526760552561464,2.3986369731426427,2.826917026995954,2.761081051657969
2014-12-01,-0.011319716403861424,-0.011071583420922784,-0.011071583420922784,2.3714850828508514,2.795618579307541,2.7305115124626087
2014-12-02,0.004007595867467462,0.003917976471737824,0.003917976471737824,2.380989036668645,2.806571747125221,2.7412095923242465
2014-12-03,0.001805195289947381,0.0018233619992630624,0.0018233619992630624,2.3852871868630556,2.811689143397135,2.746207809726906
2014-12-04,-0.000473991439475574,-0.00047250571001103935,-0.00047250571001103935,2.384156581155792,2.8103606042221037,2.744910210855933
2014-12-05,9.446348936914539e-05,3.887342025264024e-05,3.887342025264024e-05,2.38438179690565,2.810469852550933,2.7450169149041153
2014-12-08,-0.007117080471095716,-0.006983115140953102,-0.006983115140953102,2.367411959783257,2.790844017970392,2.725848145723476
2014-12-09,0.0031540835180792204,0.0032063936671179387,0.0032063936671179387,2.374878974826113,2.799792562555526,2.734588287955449
2014-12-10,-0.015720356221044063,-0.01557055862997953,-0.01557055862997953,2.3375450313599786,2.7561982283084747,2.692009220688983
2014-12-11,0.004743441879055732,0.0047063032140459635,0.0047063032140459635,2.34863304035591,2.7691697328889107,2.7046786323365533
2014-12-12,-0.010886181899752656,-0.0107744481800158,-0.0107744481800158,2.3230653938628265,2.739333457100231,2.675537212568847
2014-12-15,-0.010324519702942347,-0.010326323469507294,-0.010326323469507294,2.2990808594326664,2.71104621373137,2.647908749857157
2014-12-16,-0.016041654086707324,-0.015842283774596,-0.015842283774596,2.2621997995682777,2.6680970502873937,2.605959828032684
2014-12-17,0.018203087739471657,0.018001189062272684,0.018001189062272684,2.303378821004034,2.716125969726109,2.652870203585788
2014-12-18,0.024067043391243548,0.023844544886404462,0.023844544886404462,2.3588143390356096,2.780890757328372,2.716126686232994
2014-12-19,0.004400081564627012,0.004370978892162143,0.004370978892162143,2.369193314523178,2.7930459721300633,2.727998818646957
2014-12-22,0.002492103204516427,0.002405218259315514,0.002405218259315514,2.37509758877442,2.7997638573013384,2.7345602512169576
2014-12-23,-0.0035381026833559703,-0.003526835976218797,-0.003526835976218797,2.366694249622345,2.789889549404491,2.7249159057438277
2014-12-24,0.000864493872147376,0.0008833614655694013,0.0008833614655694013,2.3687402422983896,2.7923540303256296,2.727322991451879
2014-12-26,0.00709448018048775,0.007105016346207618,0.007105016346207618,2.3855452230000993,2.8121937513554918,2.7467006658875324
2014-12-29,-0.00019024024785241345,-0.0001988660438321792,-0.0001988660438321792,2.385091396285613,2.8116345015096704,2.7461544403925164
2014-12-30,-0.00666560693950502,-0.0065728943471565545,-0.0065728943471565545,2.369193314523178,2.793153924988427,2.7281042573948415
2014-12-31,-0.010257016553447684,-0.01021707150637738,-0.01021707150637738,2.344892459477796,2.7646160716085015,2.7002310211201856
2015-01-02,-0.003002258269769631,-0.0029334201858631343,-0.0029334201858631343,2.3378524866996084,2.7565062910178835,2.6923101089363377
2015-01-05,-0.014668736540414007,-0.014455051455756877,-0.014455051455756877,2.30355914450186,2.7166608507431023,2.6533926277768085
2015-01-06,-0.013408463944087123,-0.013214627901480315,-0.013214627901480315,2.2726719547697347,2.6807611884660134,2.618329031524207
2015-01-07,0.01289128614853774,0.012751408952416818,0.012751408952416818,2.301969619260428,2.71494467068391,2.6517164157771576
2015-01-08,0.019139905882515462,0.01892367641040811,0.01892367641040811,2.3460291011174825,2.7663214051040947,2.701896639161492
2015-01-09,-0.0065829060555947505,-0.006468018235042424,-0.006468018235042424,2.3305854119411347,2.748428787811893,2.6844207224301955
2015-01-12,-0.01042676989105884,-0.010280707245004536,-0.010280707245004536,2.306284934139366,2.7201729960606564,2.656822978860467
2015-01-13,-0.0002957398814573686,-0.0002988263754727562,-0.0002988263754727562,2.305602873706337,2.719360136623585,2.6560290500794212
2015-01-14,-0.005515920560415055,-0.0054495486470880995,-0.0054495486470880995,2.2928853514111083,2.7045408512701026,2.6415548905629342
2015-01-15,-0.012975650880194478,-0.012725958952822589,-0.012725958952822589,2.2631336715828856,2.6701229754106075,2.6079385714540027
2015-01-16,0.011741436688417206,0.011662671894502737,0.011662671894502737,2.2897061123052014,2.7012637435907947,2.638354103333889
2015-01-20,0.00793487670797588,0.007926108627587454,0.007926108627587454,2.307874648003842,2.722674253454259,2.6592659845549544
2015-01-21,0.005117287239599699,0.005059296142573073,0.005059296142573073,2.3196847054906677,2.736449068802243,2.6727199986926893
2015-01-22,0.0185035763134902,0.01833595375352923,0.01833595375352923,2.3626071684619503,2.786624472376689,2.721726868984851
2015-01-23,0.0022109194650585806,0.0021856885883092514,0.0021856885883092514,2.3678307026389898,2.7927151656858658,2.7276757163428855
2015-01-26,-0.0011509369167905792,-0.001180943671297623,-0.001180943671297623,2.3651054788706123,2.7894171263852123,2.724454484968318
2015-01-27,-0.02592655774266095,-0.025623974249504286,-0.025623974249504286,2.3037864351051898,2.7179411737675916,2.6546431334015437
2015-01-28,-0.005126368184303565,-0.005085139727029653,-0.005085139727029653,2.2919763776208364,2.7041200631291367,2.641143902142797
2015-01-29,0.009611884615726263,0.00944044836744986,0.00944044836744986,2.314006590104498,2.7296481689644927,2.6660774847819813
2015-01-30,-0.007753488005661557,-0.007593693813184905,-0.007593693813184905,2.296064967763101,2.708920056551656,2.6458321086803207
2015-02-02,0.008704010809963414,0.008590312107333261,0.008590312107333261,2.3160499420628895,2.7321905253112493,2.668560632277488
2015-02-03,0.009609787851754259,0.009446818149568813,0.009446818149568813,2.3383066906601817,2.7580010323538398,2.693770039291712
2015-02-04,-0.0008743436873963617,-0.0008616819244015734,-0.0008616819244015734,2.336262206966006,2.7556245127167793,2.6914488663403597
2015-02-05,0.00865178176897441,0.008566509899354025,0.008566509899354025,2.3564750377357786,2.77923059738387,2.7145051896974692
2015-02-06,-0.006071536744994055,-0.0061697646712010785,-0.0061697646712010785,2.3421676129555045,2.76208339863101,2.697757331478282
2015-02-09,-0.003200158876570769,-0.0031685352086988756,-0.0031685352086988756,2.3346723044784885,2.753331640133085,2.6892093923889675
2015-02-10,0.015564583974303936,0.01540096345563966,0.01540096345563966,2.3710105076140255,2.7957356001040305,2.730625807965713
2015-02-11,0.0036396661317821266,0.00354247846953858,0.00354247846953858,2.379640194256688,2.805639433273922,2.740298991098798
2015-02-12,0.011643439290073943,0.011526382382665663,0.011526382382665663,2.4073473903907354,2.8379783062097226,2.7718847251130354
2015-02-13,0.008584982298488697,0.008487093754029501,0.008487093754029501,2.428014425123553,2.8620644941664266,2.7954099706504323
2015-02-17,0.0009351849553382863,0.0008464340509494141,0.0008464340509494141,2.430285067685273,2.864487043010302,2.797776100835954
2015-02-18,0.0014021653232383358,0.0014297373146422109,0.0014297373146422109,2.433692729132765,2.8685825070230027,2.801776185725333
2015-02-19,0.004945504813215207,0.004862939323488248,0.004862939323488248,2.445728568238578,2.8825322496990755,2.8154010533145097
2015-02-20,0.00668598196558734,0.006598914599572958,0.006598914599572958,2.4620806653385428,2.9015538338453544,2.83397964442888
2015-02-23,0.0010145618704597847,0.0010352911368998747,0.0010352911368998747,2.4645785985035915,2.9045577868127723,2.8369136384369114
2015-02-24,0.0007373240569197304,0.0007531502219878974,0.0007531502219878974,2.466395791594438,2.9067453551546873,2.839050260573461
2015-02-25,-0.002486195492854004,-0.002458335444580124,-0.002458335444580124,2.460263849493782,2.899599600019742,2.8320709226889487
2015-02-26,0.005077015443333721,0.005007294115992723,0.005007294115992723,2.4727546470523376,2.914118748035656,2.8462519347562028
2015-02-27,-0.004408553970414619,-0.004346099724965786,-0.004346099724965786,2.461853374735214,2.9014536973463003,2.8338818400053754
2015-03-02,0.00904072413440482,0.00888433597674614,0.00888433597674614,2.4841103119555488,2.927231186814497,2.8590589983903825
2015-03-03,-0.004662514767812875,-0.004617374145579391,-0.004617374145579391,2.47252811094118,2.913715065214366,2.8458576532905284
2015-03-04,-0.003858009798476836,-0.0038365838187339636,-0.0038365838187339636,2.4629890732621593,2.9025363531427635,2.8349392818674937
2015-03-05,0.0017519109929049481,0.001740380357875411,0.001740380357875411,2.467304010895012,2.9075878703997926,2.8398731545094256
2015-03-06,-0.011321713646936349,-0.01136901632597769,-0.01136901632597769,2.439369901403721,2.8745314564320026,2.8075865902521024
2015-03-09,0.0028861346603274995,0.002873836374210332,0.002873836374210332,2.446410251425522,2.8827923894903082,2.815655134718914
2015-03-10,-0.018566448779211653,-0.018381505303048367,-0.018381505303048367,2.4009891007994915,2.8298023258953044,2.763899154928523
2015-03-11,-0.005770111704072267,-0.005726651914309338,-0.005726651914309338,2.3871351254876183,2.813597032988599,2.7480712665419933
2015-03-12,0.006564527389215202,0.0065128331310395,0.0065128331310395,2.4028055394006396,2.831921520962442,2.7659689961331857
2015-03-13,-0.004347941108126641,-0.004312156777711063,-0.004312156777711063,2.392358282421045,2.819709831381878,2.7540417041795715
2015-03-16,0.012910692071517627,0.012813276424728433,0.012813276424728433,2.423245283530128,2.8558395528888982,2.7893300018204545
2015-03-17,0.0015933636360034864,0.0015663401567615738,0.0015663401567615738,2.427106394446022,2.8603127690618564,2.793699041412766
2015-03-18,0.00982498084787875,0.009852001610636577,0.009852001610636577,2.450952668287218,2.888492575069578,2.821222568868398
2015-03-19,0.0014824615397484031,0.001447641345860519,0.001447641345860519,2.4545861113536978,2.89267407634846,2.825306687304967
2015-03-20,0.006472816201108955,0.006465223458558318,0.006465223458558318,2.470474196102285,2.9113758606448314,2.8435729263773526
2015-03-23,-0.0019348079447492061,-0.0018960739003454573,-0.0018960739003454573,2.4656943030003684,2.9058556768613673,2.8381813019679196
2015-03-24,-0.003600497334586783,-0.0035480625322908445,-0.0035480625322908445,2.45681657723451,2.8955455192100508,2.8281112572305585
2015-03-25,-0.022885114083886937,-0.022678454489094016,-0.022678454489094016,2.4005920495813133,2.8298790219315455,2.7639740647933606
2015-03-26,-0.0034135469200087254,-0.0033839570130871676,-0.0033839570130871676,2.3923975159842676,2.8203028329690922,2.754620895372812
2015-03-27,0.003996217446998296,0.003965850523393885,0.003965850523393885,2.4019580566777994,2.831487732435352,2.7655453100924783
2015-03-30,0.011466933873590657,0.011314013587653472,0.011314013587653472,2.429501150880862,2.8635232231133996,2.796834727308136
2015-03-31,-0.010587566871739451,-0.01047955124716181,-0.01047955124716181,2.4037786449809433,2.8335147847493447,2.7675251544534687
2015-04-01,-0.005208088117348297,-0.005076016914663014,-0.005076016914663014,2.3912595539832826,2.8191318157740093,2.7534771499577078
2015-04-02,0.0006663006101368385,0.000637406410602852,0.000637406410602852,2.3928528516830974,2.820928748465718,2.7552322339445396
2015-04-06,0.008181046245097745,0.008146945185298498,0.008146945185298498,2.4124288915204306,2.843910700351101,2.777678959927253
2015-04-07,-0.0016985553679012,-0.0016974894131254405,-0.0016974894131254405,2.408331247477059,2.839083192045381,2.7729638792997156
2015-04-08,0.007939791202425939,0.007839990483940264,0.007839990483940264,2.4274528947283045,2.8613415772541315,2.7947038897257355
2015-04-09,0.0062829936228261385,0.006171523040183856,0.006171523040183856,2.4427045657855935,2.879000412723991,2.811951469171669
2015-04-10,0.004100013582484019,0.00410499078180751,0.00410499078180751,2.45271968768331,2.8908186828790434,2.823494504031509
2015-04-13,-0.0025059798296248603,-0.0025105406571734653,-0.0025105406571734653,2.4465732216182516,2.883561165043159,2.8164060062838323
2015-04-14,-0.002883959098002875,-0.0028627538709522548,-0.0028627538709522548,2.4395174045168355,2.875306239155804,2.80834332908717
2015-04-15,0.006251612116757066,0.006219787863712228,0.006219787863712228,2.4547683210819526,2.8931900340065617,2.825810628842564
2015-04-16,-0.0013911003693688473,-0.0013993149573385169,-0.0013993149573385169,2.4513534919637805,2.8891415499175537,2.8218564297630184
2015-04-17,-0.015600119851106986,-0.015419343760273334,-0.015419343760273334,2.4131120836917157,2.844592883187286,2.7783452554303647
2015-04-20,0.014998303019149173,0.014825994381227352,0.014825994381227352,2.4493046699420944,2.8867668012903,2.819536986576485
2015-04-21,0.004275177448203493,0.004238766759760913,0.004238766759760913,2.45977588203081,2.8990031324507908,2.8314883462331024
2015-04-22,0.005460133830148317,0.005338643914425212,0.005338643914425212,2.4732065875388693,2.9144798778817487,2.8466046542614856
2015-04-23,0.0037735158349070375,0.0037722556774448654,0.0037722556774448654,2.4825392717599435,2.925474041147887,2.8573427748299647
2015-04-24,0.013570301247265437,0.013405576582339044,0.013405576582339044,2.5162280775358927,2.9646917074461396,2.8956471022199413
2015-04-27,-0.002532835101935582,-0.0024479762429080306,-0.0024479762429080306,2.509854886736634,2.957434212578765,2.888558626905861
2015-04-28,-0.001995309856919758,-0.0019587753195173577,-0.0019587753195173577,2.50484694854169,2.951641263434069,2.882900589558499
2015-04-29,-0.006270419394739046,-0.006257181328610598,-0.006257181328610598,2.4891405076547013,2.933172308831753,2.8648617578172733
2015-04-30,-0.015729156129110522,-0.015641000576762924,-0.015641000576762924,2.449988427982507,2.8872945590575707,2.8200524534109075
2015-05-01,0.013193426313974577,0.013030780542716405,0.013030780542716405,2.4823121697771846,2.9249182608188287,2.856799938050254
2015-05-04,0.00165035686506676,0.001658725663167535,0.001658725663167535,2.486408870707815,2.9297698978007163,2.8615385854220334
2015-05-05,-0.016295750318049307,-0.016145005911078585,-0.016145005911078585,2.445890972562178,2.8824687454826234,2.8153390280456154
2015-05-06,-0.0068868938558500625,-0.006849184684390625,-0.006849184684390625,2.42904638105116,2.862726184697829,2.796056251093358
2015-05-07,0.005997379519188106,0.005933038060722619,0.005933038060722619,2.443614294068034,2.879710848109068,2.8126453592510163
2015-05-08,0.012482802038595642,0.012388349654786872,0.012388349654786872,2.474117447559568,2.915385713000126,2.847489393416332
2015-05-11,-0.0038643751316556063,-0.003888169323220188,-0.003888169323220188,2.4645565296224237,2.9040501997054844,2.8364178725086555
2015-05-12,-0.004526004069686951,-0.004446525730710489,-0.004446525730710489,2.453401936739379,2.891137265769219,2.8238056674554985
2015-05-13,0.002041606487363623,0.0020599883730091084,0.0020599883730091084,2.4584108180495363,2.8970929749214767,2.829622674298094
2015-05-14,0.014629412937180897,0.014518710251108785,0.014518710251108785,2.4943759250760156,2.9391550283948846,2.8707051460261956
2015-05-15,0.0,5.199451679908282e-05,5.199451679908282e-05,2.4943759250760156,2.939307848340384,2.870854406953136
2015-05-18,0.0043801710822881645,0.004315038219533807,0.004315038219533807,2.5053017183713893,2.9519910740449484,2.883242253441856
2015-05-19,-0.001090116634547722,-0.001137565283942407,-0.001137565283942407,2.5025706472936315,2.9486329914806073,2.8799623771491447
2015-05-20,0.0006364383089079162,0.0006401686035241937,0.0006401686035241937,2.504163379124318,2.950520613745069,2.8818060386423268
2015-05-21,0.005181594196466133,0.00513922026804135,0.00513922026804135,2.5171389375565916,2.9656839890845017,2.8966162746446815
2015-05-22,-0.000994767932795404,-0.0009887664289878666,-0.0009887664289878666,2.5146349684591196,2.9627516203171083,2.893752197714653
2015-05-26,-0.011496266074045636,-0.01141299436472956,-0.01141299436472956,2.485726055782614,2.9289377527703357,2.860725820189212
2015-05-27,0.016117274154271444,0.015963595050887926,0.015963595050887926,2.5257891840960784,2.9756941289848187,2.9063932887343316
2015-05-28,-0.0022532834589314987,-0.002229995312140683,-0.002229995312140683,2.5200978651068064,2.969058345026818,2.899912045325217
2015-05-29,-0.005961300273560455,-0.005893857387817144,-0.005893857387817144,2.505074805014146,2.9515591385651216,2.882820377292857
2015-06-01,0.003361980570036005,0.003310546391434282,0.003310546391434282,2.5134968178350903,2.9613304120204034,2.892364087890057
2015-06-02,-0.0031697093513981534,-0.0031591294418907684,-0.0031591294418907684,2.505529763466889,2.951975185928623,2.883226735343336
2015-06-03,0.0029981313341180815,0.0029049900848151845,0.0029049900848151845,2.5130416707593044,2.9605506445743663,2.8916024804217826
2015-06-04,-0.007608665220938393,-0.007539744160504448,-0.007539744160504448,2.4939207780002293,2.9382288501400593,2.8698005375055224
2015-06-05,-0.0023732147567842032,-0.00239868858762044,-0.00239868858762044,2.4880021684076286,2.931180954129411,2.8629167797074606
2015-06-08,-0.010155530369449495,-0.010053084735998703,-0.010053084735998703,2.462735186827109,2.9017135436210024,2.834135634728949
2015-06-09,-0.0016634760205122001,-0.0016549042390120036,-0.0016549042390120036,2.45863848589895,2.8969114855772653,2.8294454116531007
2015-06-10,0.013702143421488566,0.01358860880399718,0.01358860880399718,2.492327103054329,2.936276482494581,2.867893638484319
2015-06-11,0.00146133295145634,0.001474927949619391,0.001474927949619391,2.49596922277583,2.9406072787464224,2.8721235749682554
2015-06-12,-0.008207767067785365,-0.008141543502699534,-0.008141543502699534,2.4754828887869245,2.9166661966621534,2.8487400559375224
2015-06-15,-0.004965415211527824,-0.00489877616828802,-0.00489877616828802,2.463191088395065,2.9023781018070935,2.834784716041848
2015-06-16,0.00545202733661343,0.005400055778769244,0.005400055778769244,2.4766204735442976,2.91805110544793,2.8500927116292765
2015-06-17,0.0027575000139139494,0.0027438485035832893,0.0027438485035832893,2.4834497545345555,2.9260577956069933,2.8579129342511544
2015-06-18,0.01457381639248534,0.014477980840296991,0.014477980840296991,2.5196430952771047,2.968421204309393,2.89928974295648
2015-06-19,-0.004943967692082496,-0.004890937778666624,-0.004890937778666624,2.507186061218476,2.953902840898241,2.8851094972213533
2015-06-22,0.007371019755846309,0.007220915809744004,0.007220915809744004,2.5256665792072996,2.975232724622531,2.9059426300026816
2015-06-23,0.000812768842891165,0.0007628493942546015,0.0007628493942546015,2.527719362310411,2.977502379104276,2.908159426577718
2015-06-24,-0.005144574467342178,-0.005100313361354629,-0.005100313361354629,2.5147153218184624,2.962316183936665,2.893326902197394
2015-06-25,-0.001996103802535787,-0.0019933878911231446,-0.0019933878911231446,2.5096956890022857,2.9564111387259273,2.8875593793854932
2015-06-26,-0.006636573531284773,-0.006575747599957144,-0.006575747599957144,2.4930399090210735,2.9369705252759637,2.868571517726765
2015-06-29,-0.023610851976398672,-0.023327094578410246,-0.023327094578410246,2.4341771127579226,2.868459536058848,2.8016560786278193
2015-06-30,0.003561335024851564,0.0034973125756373753,0.0034973125756373753,2.4428460329662793,2.878491435667014,2.8114543456642154
2015-07-01,0.007938876457544097,0.007832924504767249,0.007832924504767249,2.4622394858268004,2.9010384417702126,2.833476255302403
2015-07-02,0.0002780040432805997,0.0002833294823842977,0.0002833294823842977,2.4629239983593854,2.9018603914902963,2.8342790626631658
2015-07-06,-0.0023160054279228737,-0.0022517020728578113,-0.0022517020728578113,2.4572198530106237,2.8953262664316335,2.8278971106227093
2015-07-07,0.002507301095549641,0.0024830416967282047,0.0024830416967282047,2.4633808430400834,2.902515482276816,2.834918897062443
2015-07-08,-0.017412493803672824,-0.01722131704938703,-0.01722131704938703,2.4204872393745616,2.8525303429157725,2.7860978599268322
2015-07-09,-0.0005652872480665927,-0.0005940489264937552,-0.0005940489264937552,2.4191189688040353,2.8508358003277725,2.784442781484036
2015-07-10,0.015278561826925996,0.01511048649343167,0.01511048649343167,2.456079627535597,2.893913316183617,2.826517066525384
2015-07-13,0.01755695175005534,0.0173647395389853,0.0173647395389853,2.4992008990505337,2.944165367167547,2.875598799188094
2015-07-14,0.006572591226103874,0.006501897132433067,0.006501897132433067,2.515627124951904,2.9633080275257426,2.8942956467745633
2015-07-15,0.0010884915032718379,0.0010755848808068286,0.0010755848808068286,2.5183653637028147,2.9664953168373227,2.897408707412819
2015-07-16,0.01413298142734365,0.014004232907535406,0.014004232907535406,2.553957374615292,3.0080388081734255,2.9379846937797494
2015-07-17,0.014739789470343823,0.014556381422723213,0.014556381422723213,2.5916021686333535,3.0518249683995515,2.98075111959653
2015-07-20,0.0034335075693257,0.0032910145709669175,0.0032910145709669175,2.600500454296037,3.061868568838595,2.990560814963548
2015-07-21,-0.0006141395420865559,-0.0006179035698117161,-0.0006179035698117161,2.5989033841378397,3.0599766293196153,2.988712936760243
2015-07-22,-0.01132461750377145,-0.011218236855780196,-0.011218236855780196,2.5694717973832213,3.025649086718756,2.9551848471417324
2015-07-23,-0.003729555166006593,-0.0037017372467346003,-0.0037017372467346003,2.5598888105673825,3.0144489287989007,2.944245529322082
2015-07-24,-0.009803733024429273,-0.009666888934532537,-0.009666888934532537,2.5347923440963562,2.9853085858053814,2.915783834794132
2015-07-27,-0.008280665900662898,-0.008191127565417629,-0.008191127565417629,2.513802575567336,2.960855542356913,2.8919002774501505
2015-07-28,0.00862203446155596,0.00852953958778476,0.00852953958778476,2.535476668003426,2.9861102769191583,2.9165668553505872
2015-07-29,0.0037794858521866814,0.0037473272958245133,0.0037473272958245133,2.5450594661986945,2.9973002094681997,2.92749618593774
2015-07-30,0.00475096280635201,0.004692695649930609,0.004692695649930609,2.557150949062559,3.0113656271227076,2.941234034554679
2015-07-31,-0.0011597743089417634,-0.0011036637631923671,-0.0011036637631923671,2.55418523108775,3.0080420920023294,2.9379879011316725
2015-08-03,-0.0031264527389642804,-0.0031039421693052674,-0.0031039421693052674,2.5461996916761938,2.998705303305918,2.928868556592441
2015-08-04,-0.001881340013318633,-0.001881347016361895,-0.001881347016361895,2.541409424314344,2.993063698030595,2.9233583384721795
2015-08-05,0.007720492377830457,0.007621248573913084,0.007621248573913084,2.5610303564037094,3.015874580470842,2.945637979040298
2015-08-06,-0.016035850448274935,-0.0158435431707808,-0.0158435431707808,2.519962056614927,2.9680924413574914,2.898968636553881
2015-08-07,-0.0012673105290943454,-0.001209337037960249,-0.001209337037960249,2.516768482167661,2.964503017236068,2.8954628064098116
2015-08-10,0.011422516182117981,0.011319677132762631,0.011319677132762631,2.5455163108818653,2.9980602342502807,2.9282385105282933
2015-08-11,-0.012817309418427292,-0.012641517297406151,-0.012641517297406151,2.5128896406956387,2.9601602039403403,2.891221132746519
2015-08-12,0.003450081754536427,0.003470894737132431,0.003470894737132431,2.5215593153961664,2.970434608413266,2.901256256960055
2015-08-13,-0.0016287090858603248,-0.0016460428214499642,-0.0016460428214499642,2.517452428828645,2.9655451458495006,2.896480664925099
2015-08-14,0.0015407055182303786,0.0015387085966346182,0.0015387085966346182,2.5213310816776238,2.970108255659127,2.900937504624205
2015-08-17,0.00832517521052889,0.008256774569267862,0.008256774569267862,2.542321604696342,2.994631769972426,2.9248898916394217
2015-08-18,-0.005115322530437005,-0.005074258525077637,-0.005074258525077637,2.5293168097122223,2.979436234184175,2.910048244171857
2015-08-19,-0.0065848667308618936,-0.00645379934620681,-0.00645379934620681,2.5126615956001386,2.9602075505639323,2.8912673767161907
2015-08-20,-0.027694668091066688,-0.027345348436433964,-0.027345348436433964,2.443074266684823,2.8792596436495987,2.812204662876992
2015-08-21,-0.04370560248655131,-0.04325723429060966,-0.04325723429060966,2.336298233939973,2.7547108346607505,2.6905564669017767
2015-08-24,-0.03847666400288263,-0.0381486353108733,-0.0381486353108733,2.2464052717821366,2.649622375642366,2.587915409462629
2015-08-25,-0.0037580070500563556,-0.0038129004009228844,-0.0038129004009228844,2.2379632649334957,2.639519629423985,2.5780479457603342
2015-08-26,0.05036230015137755,0.049800800897450086,0.049800800897450086,2.3506722426098334,2.7709698209538396,2.7064367982112247
2015-08-27,0.025332515291628388,0.025084424447697755,0.025084424447697755,2.4102206831413535,2.8404780040744066,2.774326207598423
2015-08-28,-0.00018946649297391094,-0.00015301589246155659,-0.00015301589246155659,2.4097640270812257,2.840043365797596,2.7739016915977883
2015-08-31,-0.012402974928825361,-0.012296870059341616,-0.012296870059341616,2.379875784268952,2.8051197215654873,2.7397913829388223
2015-09-01,-0.03125280125620333,-0.03094379905870091,-0.03094379905870091,2.3054979993687437,2.7183186605657657,2.655011828922403
2015-09-02,0.028203546670301227,0.016326229094018114,0.016326229094018114,2.3705212197922263,2.7626985537687068,2.698358160288718
2015-09-03,-0.004908368918273953,-0.0034739955793142954,-0.0034739955793142954,2.358885827116889,2.7531009512059366,2.6889840759684684
2015-09-04,-0.011896852259237645,-0.00819330430491824,-0.00819330430491824,2.33082251093527,2.7305439573305463,2.6669524111629794
2015-09-08,0.028191034930564962,0.018037983718055206,0.018037983718055206,2.3965308097579934,2.7797974647743087,2.715058855332365
2015-09-09,-0.011233563789418644,-0.008985586895342795,-0.008985586895342795,2.3696092280332697,2.7548193531031253,2.690662458061806
2015-09-10,0.010879844110418535,0.006705127228537839,0.006705127228537839,2.395390207036881,2.77329076735732,2.708703692172161
2015-09-11,0.005524451625608995,0.004047546987904452,0.004047546987904452,2.4086234243601137,2.7845157920493206,2.719667297642538
2015-09-14,-0.003031124826140319,-0.00163894052851723,-0.00163894052851723,2.4013225861017125,2.7799521362654347,2.715209924684349
2015-09-15,0.011781181890395231,0.006025837224936627,0.006025837224936627,2.429613004266091,2.796703675331685,2.731571337722029
2015-09-16,0.005634590100090042,0.005414826745886622,0.005414826745886622,2.4433028776469787,2.811847341193191,2.7463623232598238
2015-09-17,0.0003732618527567677,0.0029292708364208582,0.0029292708364208582,2.4442148694059354,2.8200840036062154,2.754407162319594
2015-09-18,-0.01422272277150416,-0.007610493086313257,-0.007610493086313257,2.4094514789243866,2.798621773793948,2.7334447656538687
2015-09-21,0.0031325576430294433,0.0004769212961452295,0.0004769212961452295,2.4169992245702,2.799956496117726,2.734748403674446
2015-09-22,-0.014950847991709537,-0.009914874405300866,-0.009914874405300866,2.380863036567571,2.7721952791184123,2.707633716721917
2015-09-23,0.0007683993369786979,0.0008989805925991343,0.0008989805925991343,2.3826924901463067,2.774687428873235,2.7100678268851173
2015-09-24,-0.003647391292374458,0.0009058075435527636,0.0009058075435527636,2.374001878305341,2.7772007616773093,2.71252262676625
2015-09-25,-0.008478092428458317,-0.006089309869521848,-0.006089309869521848,2.353874870955735,2.760289525669584,2.696005235963781
2015-09-28,-0.02846890878079711,-0.018950396446705445,-0.018950396446705445,2.2868626219730857,2.707980944850457,2.6449148679198737
2015-09-29,-0.0052001024083289105,-0.003613602273191578,-0.003613602273191578,2.2749707021450463,2.698195378752386,2.63535719754076
2015-09-30,0.02302174307029725,0.013689897335614987,0.013689897335614987,2.327344493142283,2.735133396478937,2.6714349670177673
2015-10-01,0.004520525407968101,0.0024793771846766755,0.0024793771846766755,2.3378653130566276,2.741914823819214,2.678058461925339
2015-10-02,0.017511313790123717,0.01708350962248903,0.01708350962248903,2.378804406152608,2.7887563520959753,2.7238090994292286
2015-10-05,0.014325497927445419,0.014161208032738529,0.014161208032738529,2.412881963742745,2.828248510950627,2.7623815267277116
2015-10-06,-0.004739333528448353,-0.004653981723689605,-0.004653981723689605,2.401446511351791,2.8150858940706107,2.749525453588463
2015-10-07,0.0059999365346574685,0.005925196758917469,0.005925196758917469,2.4158550380112764,2.8317658318862327,2.7658169328946265
2015-10-08,0.003976153385876868,0.00392043234502669,0.00392043234502669,2.4254608482004527,2.8428675782471005,2.776660131058769
2015-10-09,0.004526400712013823,0.004534340849575339,0.004534340849575339,2.4364394559107088,2.8557581088370796,2.7892504545164156
2015-10-12,0.0024405848237598615,0.0024521469166737414,0.0024521469166737414,2.442385793070814,2.8627608472784307,2.7960901064182893
2015-10-13,-0.0064615923788226,-0.0063811003025687025,-0.0063811003025687025,2.426604091644163,2.8444932831696805,2.778247974994214
2015-10-14,-0.0016019628067528435,-0.0015109870602328327,-0.0015109870602328327,2.422716762142635,2.8401952906258923,2.77405007825388
2015-10-15,0.01642596981640665,0.016253866468584167,0.016253866468584167,2.4625122345512924,2.886359445624427,2.819139117802984
2015-10-16,0.004179326679554007,0.004114862454080242,0.004114862454080242,2.472803877631881,2.8982364177362068,2.8307394875116607
2015-10-19,0.0057341945228683855,0.005654904999467657,0.005654904999467657,2.4869834160831252,2.9146256693445025,2.8467470503917807
2015-10-20,-0.005149507973130962,-0.005076863471550922,-0.005076863471550922,2.4741766751529606,2.8998285127505627,2.8322945042789014
2015-10-21,-0.006101370482892499,-0.006060416614348022,-0.006060416614348022,2.459080806617721,2.882254343853129,2.815129619608443
2015-10-22,0.020368456873633756,0.02017890112294751,0.02017890112294751,2.509168487976095,2.9404150692689273,2.871935841850802
2015-10-23,0.02798294915318489,0.02766648733401121,0.02766648733401121,2.579382422191904,3.0217660255395913,2.95139221844346
2015-10-26,0.000620776449776983,0.0006169768652429165,0.0006169768652429165,2.5809836420545693,3.0236303852695263,2.9532131591624973
2015-10-27,0.0020381049912392424,0.0020272146582952333,0.0020272146582952333,2.5862439576977474,3.0297599331078113,2.9591999561678217
2015-10-28,0.008312701154290059,0.00818497451501789,0.00818497451501789,2.607742630830177,3.0545584409469213,2.983420932393898
2015-10-29,-0.0015787877811506146,-0.0016301383054936123,-0.0016301383054936123,2.6036255586282366,3.049579088225965,2.978557543650591
2015-10-30,-0.004479641408020374,-0.004431585860069243,-0.004431585860069243,2.5919622497648254,3.03606461665942,2.9653578101567466
2015-11-02,0.011294033847041973,0.011153110482366975,0.011153110482366975,2.6212359591439243,3.069926180760628,2.9984307734331748
2015-11-03,0.0034901811225649393,0.0033924854280304507,0.0033924854280304507,2.630384547406317,3.0803408605939877,3.008602906139005
2015-11-04,8.683990400215613e-05,5.96008495871828e-05,5.96008495871828e-05,2.6306129697479026,3.0805244515262973,3.0087822214282816
2015-11-05,-0.002695029898105994,-0.0026904810281349143,-0.0026904810281349143,2.623523389144087,3.0722363589327597,3.000687149943739
2015-11-06,0.0006972550600212735,0.0005840565968109816,0.0005840565968109816,2.625352654102252,3.0740307188451568,3.002439721068629
2015-11-09,-0.010628065833835576,-0.010516751624360408,-0.010516751624360408,2.597450233257418,3.041701901289408,2.9708638082550363
2015-11-10,-0.0025532660235637605,-0.0025251734591526247,-0.0025251734591526247,2.590818251828944,3.034021076377618,2.963361861815674
2015-11-11,-0.0012359270954309665,-0.0012238611924793627,-0.0012238611924793627,2.5876161893521714,3.030307855725075,2.959735118233724
2015-11-12,-0.009722664246387014,-0.009631067962783636,-0.009631067962783636,2.562457665944585,3.0011227548184296,2.9312297081581775
2015-11-13,-0.019635877060006357,-0.019442255754763466,-0.019442255754763466,2.512141562244626,2.9427741586678096,2.8742399904962057
2015-11-16,0.014384839777686897,0.014260762833421113,0.014260762833421113,2.548278316116383,2.984740363016891,2.9152288453270065
2015-11-17,0.0006282055639115214,0.0005620271506795955,0.0005620271506795955,2.5498791587329626,2.986417868138636,2.916867283088525
2015-11-18,0.01919443697333545,0.019008590733812596,0.019008590733812596,2.598822653534884,3.0431854631542286,2.9723128194976027
2015-11-19,0.0007038821803420081,0.0007625672178156773,0.0007625672178156773,2.6006519184905765,3.0455060966261636,2.9745794078148453
2015-11-20,0.006771823204267946,0.006686054658783878,0.006686054658783878,2.618263073498435,3.065868516851866,2.9944676083223882
2015-11-23,-0.0028825139280600487,-0.002887712120825602,-0.002887712120825602,2.6107158937217507,3.057015171174895,2.985820447914416
2015-11-24,-0.0008760973886970946,-0.0008425738824812666,-0.0008425738824812666,2.608428652344631,3.0544394100333143,2.983304673587225
2015-11-25,0.0008768656083668613,0.0008453063843694403,0.0008453063843694403,2.6107158937217507,3.057021347167285,2.9858264800743273
2015-11-27,0.001401567972901585,0.0013515457344354218,0.0013515457344354218,2.614374989504736,3.061153051329127,2.9898619611172363
2015-11-30,-0.002536881167080063,-0.002483375161078377,-0.002483375161078377,2.6077426308301765,3.053551059877197,2.982437012187945
2015-12-01,0.009998362406787198,0.0099359196108909,0.0099359196108909,2.6338157867168452,3.083890897735887,3.0120702665855896
2015-12-02,-0.006165478548181502,-0.0061798957785290974,-0.0061798957785290974,2.617577051983981,3.064832773395525,2.9934559862604844
2015-12-03,-0.01695055710399762,-0.016790601870238828,-0.016790601870238828,2.5732076626902125,3.0133723864985806,2.943194058579101
2015-12-04,0.02337569785987581,0.023251076683853383,0.023251076683853383,2.633358187543976,3.0834365389340657,3.0116264893305855
2015-12-07,-0.004516019556464634,-0.004501831419930413,-0.004501831419930413,2.6214658904698513,3.0695554274417307,2.9980686545758224
2015-12-08,8.684753451948524e-05,9.119998538764976e-05,9.119998538764976e-05,2.6216935583192655,3.0698353708518598,2.998342078393311
2015-12-09,-0.015179083922956083,-0.015036284294492821,-0.015036284294492821,2.581898651777264,3.0236764534784415,2.953258154490449
2015-12-10,0.004517776324658884,0.004459017578727377,0.004459017578727377,2.593563092378932,3.037159079936886,2.9664267845158414
2015-12-11,-0.023016089466263545,-0.022750751504649173,-0.022750751504649173,2.5338694122083396,2.9680614284291527,2.8989383458845857
2015-12-14,0.007581706625896745,0.007451098862124348,0.007451098862124348,2.553080466720037,2.9901767475612364,2.920538622094975
2015-12-15,0.006091670354939849,0.006018670139011901,0.006018670139011901,2.5686329913129313,3.008173635062151,2.938116380689609
2015-12-16,0.014869779828340812,0.01478845650666583,0.01478845650666583,2.606827998353567,3.0526598800287665,2.98156658699696
2015-12-17,-0.014564284533935212,-0.01447473656598328,-0.01447473656598328,2.568861413654517,3.008473432439804,2.938409196096241
2015-12-18,-0.019182126893875107,-0.01894526024561997,-0.01894526024561997,2.5195851880450166,2.9514771203201984,2.882740269168075
2015-12-21,0.011107900333190202,0.011032289709880148,0.011032289709880148,2.547572489194803,2.984038670983654,2.9145434949758755
2015-12-22,0.006573737760416476,0.0064888115402459935,0.0064888115402459935,2.564319562664421,3.003401535548473,2.933455418440624
2015-12-23,0.0074254762039553945,0.0073452003035468574,0.0073452003035468574,2.583360856556323,3.0254621214190562,2.955002236070595
2015-12-24,-0.00017764437864098426,-0.00014334743039751862,-0.00014334743039751862,2.5829019370221546,3.0250284291981857,2.9545786440932353
2015-12-28,-0.0005332469070618018,-0.0005460981292988612,-0.0005460981292988612,2.5815246125529936,3.023376466831925,2.95296515422283
2015-12-29,0.015729312670032858,0.015545827298292524,0.015545827298292524,2.622130220349225,3.0703773552430156,2.9988714405282537
2015-12-30,-0.009011439892996465,-0.0089466476138227,-0.0089466476138227,2.5985010514769384,3.0429077710041956,2.9720415945106904
2015-12-31,-0.012448018023138552,-0.012328408320383486,-0.012328408320383486,2.566154863555009,3.0053935615219878,2.935401052188399
2016-01-04,-0.021097955755387643,-0.020826038079563996,-0.020826038079563996,2.5120142417822526,2.9428031207656544,2.8742682780967312
2016-01-05,-0.0017352157870643703,-0.0017099934149485915,-0.0017099934149485915,2.5076553550125817,2.937770946807655,2.8693532982683903
2016-01-06,-0.009605520100123721,-0.009435630140539523,-0.009435630140539523,2.4835680210958255,2.9100512267159555,2.8422791418033926
2016-01-07,-0.03131365896219174,-0.030953963854221698,-0.030953963854221698,2.4057984190738253,2.8199736062302563,2.754299335984402
2016-01-08,-0.008200609351691424,-0.008131939098267175,-0.008131939098267175,2.386069406060084,2.7970417526056712,2.7319015415257795
2016-01-11,0.003076772271061845,0.00300537389981877,0.00300537389981877,2.393410798245479,2.8054479088856557,2.7401119271155556
2016-01-12,0.011597963127758737,0.011484018392831783,0.011484018392831783,2.4211694884331094,2.83766572427143,2.7715794228849684
2016-01-13,-0.03448932150492223,-0.03411434669894029,-0.03411434669894029,2.3376649955286317,2.7408606119379346,2.677028801549022
2016-01-14,0.021295495761071592,0.021023085305732398,0.021023085305732398,2.387446730531717,2.798481958393828,2.7333082064098897
2016-01-15,-0.03103731798846654,-0.030672044282439158,-0.030672044282439158,2.3133467871756794,2.7126467958423652,2.6494720560653313
2016-01-19,0.00218208799403552,0.0021681336286778347,0.0021681336286778347,2.318394713426016,2.718528176583156,2.655216465528329
2016-01-20,-0.0030674886555450698,-0.0029968222240450092,-0.0029968222240450092,2.311283063943506,2.7103812309268793,2.6472592538147834
2016-01-21,0.0009924544572039729,0.000975583338899631,0.000975583338899631,2.313576907122177,2.7130254336978377,2.649841875836553
2016-01-22,0.02895385638835446,0.02865502115937082,0.02865502115937082,2.3805638806344054,2.7907672349063604,2.7257731508576364
2016-01-25,-0.014840393488085524,-0.01465176477436032,-0.01465176477436032,2.345235375922267,2.7498775698405202,2.685835763823003
2016-01-26,0.008999184458753362,0.008955155502321004,0.008955155502321004,2.366340581669385,2.7745031510907867,2.7098878407417333
2016-01-27,-0.024915285351239103,-0.024653632494438537,-0.024653632494438537,2.3073825308388756,2.7061015700491327,2.6430792618149392
2016-01-28,0.014118213521162826,0.013959693639390125,0.013959693639390125,2.33995865008426,2.7438779189240914,2.6799758385745016
2016-01-29,0.02088221460105877,0.020716737217593012,0.020716737217593012,2.3888221687729234,2.8007221167275977,2.735496193771748
2016-02-01,0.002689004313936705,0.0027074467916954345,0.0027074467916954345,2.3952457218899816,2.8083049228369625,2.74290240416527
2016-02-02,-0.021645230960852024,-0.018406400698738706,-0.018406400698738706,2.3434000750316804,2.756614137142985,2.6924154434366705
2016-02-03,-0.004796949064577727,-0.0036160739150920226,-0.0036160739150920226,2.3321589042338258,2.7466460166676883,2.6826794701830683
2016-02-04,-9.842986125541131e-05,0.0005680984927336142,0.0010184463638285247,2.3319293501564564,2.74820638212983,2.685411635334794
2016-02-05,-0.034726755829185274,-0.029282515745900836,-0.024667172500199473,2.2509490090026625,2.667731985472128,2.6191701232919478
2016-02-08,-0.01528760030608689,-0.012130249350970661,-0.009453611623375597,2.2165374002436473,2.6353717312867913,2.594409506170797
2016-02-09,-0.003105055953700475,-0.002769549784133994,-0.0018192496314526792,2.209654927592421,2.628072938077293,2.5896896276328585
2016-02-10,0.003841508454111464,0.00380480649651307,0.0033236924880354034,2.2181433356774365,2.6380722470654,2.5982969595945646
2016-02-11,-0.0014479146569790213,0.0006742314915620613,0.002473276490171197,2.214931653430429,2.639850918451387,2.6047232663792133
2016-02-12,0.015225106032559,0.012420640181254721,0.0002656573344556499,2.2486542227087782,2.672639556841627,2.605415230219154
2016-02-16,0.022546629694959686,0.017900227881230236,0.013511250374772901,2.2993537967802005,2.720480413953482,2.640617647724892
2016-02-17,0.022647836809264632,0.019718733158738008,0.017235591610494327,2.3514291863364414,2.774124841299804,2.6861302551005424
2016-02-18,-0.011414536329297786,-0.008125826944424538,-0.00533783038028469,2.3245887124632327,2.751582782917173,2.671792147419465
2016-02-19,0.002960159039332,0.0021298742620831142,0.00142600206319719,2.33146986475316,2.7574433082664993,2.675602128534119
2016-02-22,0.016235614132577236,0.013347744231155957,0.010899558508246391,2.3693227098390244,2.794248956277153,2.704765010478865
2016-02-23,-0.01646010269280973,-0.013378861558549927,-0.010766745773824311,2.3303234147226677,2.7568650863309982,2.6756434932331037
2016-02-24,0.009549308048109717,0.008372629514864019,0.0073751027273420075,2.3525763908615773,2.7799472963213114,2.6953766388574425
2016-02-25,0.00984840181592439,0.008954510300171208,0.008196715620563276,2.3757455084614394,2.8048403630201535,2.7174698746564667
2016-02-26,-0.0012547625232972592,-0.0020910358104280955,-0.0027999847561533714,2.3727645120325302,2.798975341378544,2.7098610004321224
2016-02-29,-0.008991758595467192,-0.006914768810337785,-0.005154005025210106,2.3514291863364423,2.7796210739870753,2.695894363218274
2016-03-01,0.03209734213818094,0.02689554714730605,0.022485736226151038,2.4269038134439875,2.85438050363414,2.756513532763168
2016-03-02,0.0003782711479103362,0.0006290087031368372,0.0012096976473365017,2.427821841135367,2.85617593381299,2.7598480806986028
2016-03-03,-0.001889785949566014,-0.0010886926161773123,-0.001249449982484202,2.42323377753194,2.8530664361633447,2.756399788562515
2016-03-04,0.0003786105289378394,0.0003585867391700609,0.0003585867391700609,2.4241512393541913,2.854089507953324,2.7573881969745444
2016-03-07,-0.006151104134028529,-0.00540308217755575,-0.00540308217755575,2.4092400326442895,2.838668627799753,2.7424898019508688
2016-03-08,-0.008284253724709756,-0.007469594760879565,-0.007469594760879565,2.389281276930136,2.8174649234896667,2.7220045144944507
2016-03-09,0.006432870742106855,0.005595287652842737,0.005595287652842737,2.404651214551164,2.833229450188386,2.7372349127453837
2016-03-10,-0.0015260669172127983,-0.0009460884421172357,-0.0009460884421172357,2.4009815558852017,2.8305489645516966,2.7346452464310755
2016-03-11,0.01748503005263702,0.015256246066198048,0.015256246066198048,2.4429627905456814,2.8737325160573195,2.7763656672143866
2016-03-14,0.0016904514282285454,0.0011524660958103156,0.0011524660958103156,2.4470925004840685,2.8770443953505027,2.7795653345154228
2016-03-15,-0.00037515038405688816,-0.0002599026254124198,-0.0002599026254124198,2.446174472792689,2.876296643958723,2.7788429181874768
2016-03-16,0.008909444868770766,0.008954313646714205,0.008954313646714205,2.46796852939743,2.902051906249721,2.8037255492518782
2016-03-17,-0.0005578509555959066,-0.000488497272303874,-0.000488497272303874,2.466591770794925,2.9006342618094343,2.8023559369687803
2016-03-18,0.0015669686591655019,0.001321054550196115,0.001321054550196115,2.4704568427947162,2.9044661578994524,2.8060580020305816
2016-03-21,0.003911941760319726,0.0032264577846859333,0.0032264577846859333,2.4801211260851126,2.9138372953449636,2.8151116297155134
2016-03-22,0.003061398016216188,0.00285968739329953,0.00285968739329953,2.4877137639804854,2.9221699591245875,2.823161968953742
2016-03-23,-0.008231668318918861,-0.008038625682980171,-0.008038625682980171,2.4672357294029887,2.8986797286411354,2.8004676266428974
2016-03-24,0.000279734606719817,0.0002649748921253217,0.0002649748921253217,2.4679259006194383,2.899447805989538,2.8012096802501674
2016-03-28,-0.0013985111791248173,-0.0012092346151315356,-0.0012092346151315356,2.4644744786581705,2.895941693337768,2.797822360540567
2016-03-29,0.016058561647870784,0.015427974471285216,0.015427974471285216,2.5040503940033068,2.940620207852914,2.8409870924941782
2016-03-30,0.004869823058349931,0.003881542652670549,0.003881542652670549,2.5162446763512945,2.952034350615,2.852014505069381
2016-03-31,-0.0014630347037876135,-0.0010530303180282929,-0.0010530303180282929,2.512563323066572,2.9489257689439414,2.8490112473280864
2016-04-01,0.010622749202962023,0.009559796260366961,0.009559796260366961,2.539253653104069,2.977116898481992,2.876247214396037
2016-04-04,-0.0038055085754538087,-0.003876666490796116,-0.003876666490796116,2.529590501551929,2.965575609162464,2.8650969632007426
2016-04-05,-0.00964198050667453,-0.009499249415663864,-0.009499249415663864,2.505200239246096,2.9374048667900206,2.8378806925472375
2016-04-06,0.016440202997819897,0.016243052011403056,0.016243052011403056,2.5463862397294887,2.9851172868198392,2.8839765362384386
2016-04-07,-0.014366870574392343,-0.014155591082401591,-0.014155591082401591,2.5098026381908816,2.9428611871746093,2.8431521437002063
2016-04-08,-0.0007336580155713479,-0.0007354225983045125,-0.0007354225983045125,2.5079613013678705,2.940696940553888,2.8410612253633114
2016-04-11,-0.003669704761095516,-0.003593289764585653,-0.003593289764585653,2.4987578238395978,2.9301301643366475,2.8308524691416523
2016-04-12,0.0083796242764127,0.008295352556520651,0.008295352556520651,2.5196964755611204,2.9544366270863156,2.8543353884086793
2016-04-13,0.012784110048539077,0.012618778552000023,0.012618778552000023,2.55190855259361,2.9917180086294355,2.8903536145881454
2016-04-14,9.017562511637323e-05,3.126558112094925e-05,3.126558112094925e-05,2.55213867254258,2.9918115464315256,2.890443983173551
2016-04-15,-0.0025245420027303345,-0.0024581015331322565,-0.0024581015331322565,2.5456956912669537,2.9844573698823993,2.883338978387079
2016-04-18,0.005332827710185839,0.005266022411263328,0.005266022411263328,2.5592714477910428,3.0001735892776598,2.8985227060665344
2016-04-19,-0.006113637854790244,-0.005999531102677877,-0.005999531102677877,2.5436249889871436,2.9821739545153556,2.88113292893967
2016-04-20,0.0008140753014989066,0.0007470004177211499,0.0007470004177211499,2.5456956912669533,2.984401639705096,2.8832851364410983
2016-04-21,9.032160609123707e-05,7.334139668264924e-05,7.334139668264924e-05,2.545925622590408,2.984620519889614,2.8834966006000395
2016-04-22,-0.015092496086302143,-0.014976257044482525,-0.014976257044482525,2.507501250095446,2.93992207580351,2.8403126143225617
2016-04-25,0.0,7.092675293676166e-07,7.092675293676166e-07,2.507501250095446,2.939924160994777,2.840314628864072
2016-04-26,-0.004863121144016769,-0.004801343165239713,-0.004801343165239713,2.4953069677474584,2.9258085762180617,2.8266773036336454
2016-04-27,-0.008022101617232713,-0.007903628543369486,-0.007903628543369486,2.4752893616859994,2.9026840720426295,2.804336296213752
2016-04-28,-0.012084171305696834,-0.011897447890959938,-0.011897447890959938,2.445377541008217,2.868149539551583,2.7709718512608212
2016-04-29,-0.005268978705284422,-0.005134007653892099,-0.005134007653892099,2.432492898818264,2.8534244378630182,2.756745660567729
2016-05-02,0.009458855776256048,0.009347930575368322,0.009347930575368322,2.4555014983249532,2.8800980514102212,2.7825155276166638
2016-05-03,-0.009276431292217557,-0.009173149816131614,-0.009173149816131614,2.4327232073878045,2.853678480499487,2.7569910958161237
2016-05-04,-0.006431741753202824,-0.006365292367644516,-0.006365292367644516,2.417076559960863,2.835513982647852,2.7394420414362615
2016-05-05,-0.0002854616222379702,-0.0002820937442283334,-0.0002820937442283334,2.416386577364983,2.834714101891675,2.738669261973696
2016-05-06,0.005332350195621949,0.00529534308747305,0.00529534308747305,2.4292715968034937,2.84972488561609,2.7531714553189635
2016-05-09,0.002841062396383043,0.0027471354180618256,0.0027471354180618256,2.4361733089877733,2.8575534657810984,2.760734790135867
2016-05-10,0.013695170366200715,0.013573731395140023,0.013573731395140023,2.469537117495952,2.8963411289728627,2.7982082626303897
2016-05-11,-0.009037723708937628,-0.008905448508287749,-0.008905448508287749,2.447218123339057,2.8705479121863586,2.773288963032069
2016-05-12,-0.0044187163225875015,-0.004403875772024236,-0.004403875772024236,2.4364045606725266,2.8579063757834464,2.76107574295895
2016-05-13,-0.0036832649196626432,-0.003622418548016756,-0.003622418548016756,2.4274306372240955,2.8475538427193134,2.751073970975176
2016-05-16,0.012512097659174604,0.012380965164151702,0.012380965164151702,2.457802886417916,2.882809307649068,2.7851349219738246
2016-05-17,-0.012544506065993999,-0.012422148708877166,-0.012422148708877166,2.4269709632002288,2.846998621730116,2.7505375617987786
2016-05-18,0.0036022976361236303,0.0034618402136166377,0.0034618402136166377,2.4357136349639057,2.8568544760469323,2.7600594833392766
2016-05-19,-0.005195483855262695,-0.00513363406735128,-0.00513363406735128,2.4230589240974076,2.842188430583233,2.7458903479476904
2016-05-20,0.011015138662977098,0.010900613266052645,0.010900613266052645,2.449749254134905,2.87317002749427,2.775822236701655
2016-05-23,-0.0013150287248279158,-0.0013094665328483922,-0.0013094665328483922,2.446527763497092,2.8694077075000832,2.772187390381558
2016-05-24,0.020032042015629914,0.01977233595474066,0.01977233595474066,2.4955367104478707,2.926142600683897,2.827000010793678
2016-05-25,0.007191600792320285,0.0071031349431544075,0.0071031349431544075,2.513483614231992,2.9469273864394676,2.8470805733546447
2016-05-26,0.0029292836962326874,0.0029043520223738127,0.0029043520223738127,2.52084632080391,2.9554863009540617,2.855349497575728
2016-05-27,0.005202747942154806,0.005127236440613174,0.005127236440613174,2.5339616488119607,2.9706397780160465,2.869989549570385
2016-05-31,0.0019067280589410984,0.0019097812460598942,0.0019097812460598942,2.5387932245880314,2.9763130501529016,2.875470601788543
2016-06-01,9.049287598017486e-05,8.935957371880407e-05,8.935957371880407e-05,2.5390229672884432,2.976579012218317,2.8757275526157597
2016-06-02,0.0020845651476730787,0.002065078779355237,0.002065078779355237,2.5443157260751943,2.9827258823715233,2.8816661565598736
2016-06-03,-0.004702606980352297,-0.004521475542128144,-0.004521475542128144,2.532350809181533,2.9692395602455077,2.8686367735124096
2016-06-06,0.0036342867146959,0.003592119583635898,0.003592119583635898,2.541554098084291,2.979905423818372,2.878941259844882
2016-06-07,-0.0025346846503359055,-0.0025094244917154406,-0.0025094244917154406,2.5351120599238786,2.9724275761648467,2.871716774137217
2016-06-08,0.0017246142465896508,0.0017768683867755628,0.0017768683867755628,2.5394841502991246,2.977709188756914,2.8768194368889546
2016-06-09,-0.0016311025415547409,-0.0015781942183322832,-0.0015781942183322832,2.535341991247334,2.973009785331343,2.8722792570864706
2016-06-10,-0.011343895683703087,-0.011211465623490778,-0.011211465623490778,2.506581336176112,2.939677988324799,2.84007679693458
2016-06-13,-0.008353244136838356,-0.00823861056494105,-0.00823861056494105,2.4856432503261905,2.915459126192662,2.816678510230111
2016-06-14,0.0,7.060994675392926e-06,7.060994675392926e-06,2.4856432503261905,2.915479712234028,2.816698398782074
2016-06-15,-0.00286951340442132,-0.0028159502849159778,-0.0028159502849159778,2.47851066370077,2.907269866307696,2.8087667161235013
2016-06-16,0.002970617266146558,0.0029189885658723502,0.0029189885658723502,2.485873370272688,2.9157561538053534,2.8169654740520684
2016-06-17,-0.0117214697493081,-0.011565552802839413,-0.011565552802839413,2.456735280762426,2.8820338220483137,2.784385711118144
2016-06-20,0.006291639519715009,0.006190234170929235,0.006190234170929235,2.472192173544349,2.899874286295331,2.8016217106921544
2016-06-21,0.003172921714908572,0.003068179531917689,0.003068179531917689,2.4800362457752145,2.9087716212256765,2.810217589081076
2016-06-22,-0.0024184449819658616,-0.002399414667508308,-0.002399414667508308,2.474038414561526,2.901792271933276,2.803474711778945
2016-06-23,0.014266959025767356,0.014086970043920238,0.014086970043920238,2.5093354192502497,2.9426697327416793,2.8429671760626634
2016-06-24,-0.04118803769007784,-0.040561905400981965,-0.040561905400981965,2.405980817425123,2.8233094414158786,2.727651010409113
2016-06-27,-0.019848211442546893,-0.019577967755206666,-0.019577967755206666,2.3582264014341576,2.768034780208868,2.674249146879866
2016-06-28,0.02191327010680899,0.021662706314848037,0.021662706314848037,2.4099028535417926,2.8279979047218173,2.7321806207614574
2016-06-29,0.01771021344227841,0.017535394963740354,0.017535394963740354,2.4525827474531736,2.877587964937745,2.780090487058787
2016-06-30,0.011570096406561259,0.01149807027212517,0.01149807027212517,2.480959366286276,2.910674673572821,2.8120561628418557
2016-07-01,0.005021283337826032,0.005051441778398761,0.005051441778398761,2.4934169662140326,2.9253777772222334,2.8262611008260383
2016-07-05,-0.006106638318283064,-0.005973746843708961,-0.005973746843708961,2.478190570624693,2.9079023109588955,2.809377732495481
2016-07-06,0.00819228740833422,0.008126928110859943,0.008126928110859943,2.498492620031874,2.9315346239934623,2.832209343363723
2016-07-07,0.002954635396467342,0.002885043586854955,0.002885043586854955,2.505874754764833,2.939992229160058,2.8403803907664256
2016-07-08,0.015466797660583342,0.015334185849559583,0.015334185849559583,2.5446326125595444,2.985074616398259,2.883935311561882
2016-07-11,0.005711762895850958,0.005597588235700329,0.005597588235700329,2.5591669506995345,3.0017838349536974,2.9000783939344013
2016-07-12,0.005048115972065448,0.004876329151039178,0.004876329151039178,2.572085922258543,3.0164215209732004,2.9142201307470423
2016-07-13,-0.002421728691680003,-0.002329067960683008,-0.002329067960683008,2.565857027983143,3.009396070252787,2.907432714010142
2016-07-14,0.006833366855554912,0.006692288750460628,0.006692288750460628,2.5833904703542556,3.02953581771942,2.9268900932548334
2016-07-15,-0.0016073236832990778,-0.0016138623163369976,-0.0016138623163369976,2.579238125668046,3.024646564027209,2.9221664956292694
2016-07-18,0.006618670626913792,0.006550595132704547,0.006550595132704547,2.596309253290221,3.044459799087677,2.941308425252491
2016-07-19,-0.003643126991782597,-0.0035893919935850106,-0.0035893919935850106,2.5868505689705446,3.0335320394600407,2.9307509163402257
2016-07-20,0.011683118834429518,0.011476520364812138,0.011476520364812138,2.617073051574739,3.068346431688214,2.964385738915796
2016-07-21,-0.0022922413068812153,-0.0021952327692368557,-0.0021952327692368557,2.611074088622794,3.061610697054001,2.95787822220107
2016-07-22,0.004152981480241902,0.004092208822112784,0.004092208822112784,2.621917830956384,3.0741394473583603,2.9699824775566963
2016-07-25,8.798361752693218e-05,5.755130816901212e-05,5.755130816901212e-05,2.6221485167720098,3.07431636810505,2.970153403933519
2016-07-26,0.0011436144685874616,0.001139031698093839,0.001139031698093839,2.6251472437545753,3.077818111898291,2.9735365028088006
2016-07-27,0.006942729968535399,0.006938564885756575,0.006938564885756575,2.643372932195608,3.0991737525742535,2.9941685787737047
2016-07-28,0.0034911365088658997,0.003435746967184007,0.003435746967184007,2.6526013079457442,3.1098217293954367,3.004455784387464
2016-07-29,0.002174004866356549,0.0022118262237075855,0.0022118262237075855,2.658368076097722,3.1167001146475695,3.0111011184793424
2016-08-01,0.005293836709548527,0.005223250672879498,0.005223250672879498,2.67244104260646,3.132979420618566,3.026828854422548
2016-08-02,-0.0075966067031556506,-0.007513725828962959,-0.007513725828962959,2.6521395590684076,3.109439072224255,3.004086092279223
2016-08-03,0.0033055634151446522,0.003250558208192558,0.003250558208192558,2.660906374566722,3.1195464849233483,3.0138510489845984
2016-08-04,0.0028609168649569305,0.0028483404284865396,0.0028483404284865396,2.6685190064897912,3.1284320152948983,3.0224355227728577
2016-08-05,0.00959612649024777,0.009408833729814428,0.009408833729814428,2.6941264524176978,3.157866911961836,3.050873116065712
2016-08-08,-0.0011129209381621763,-0.0011020756568625159,-0.0011020756568625159,2.6911281026787455,3.1543867037105513,3.0475108230723196
2016-08-09,0.0023143931359286274,0.002319394768626163,0.002319394768626163,2.69735643108749,3.1617029717293614,3.0545792037326853
2016-08-10,-0.0025656877967270564,-0.002517790659941007,-0.002517790659941007,2.6904358566088256,3.1537424655176336,3.046888412743477
2016-08-11,0.004287286022403025,0.004209152260201461,0.004209152260201461,2.7019705246510366,3.1670170477444604,3.0597132299925582
2016-08-12,0.0006830150479593122,0.0006793435336545142,0.0006793435336545142,2.7038160111785157,3.1691685402968193,3.061791826390191
2016-08-15,0.004266418686500906,0.004207902770864411,0.004207902770864411,2.715351622333468,3.18250409337887,3.074675548700268
2016-08-16,-0.005522427519817796,-0.005463996380369861,-0.005463996380369861,2.7003562898083118,3.1651149025321357,3.057875532631358
2016-08-17,0.001793916428112663,0.001799913395660776,0.001799913395660776,2.7052005033183564,3.1708118352440087,3.0633794437648043
2016-08-18,0.00025582482647812377,0.0002850255629762541,0.0002850255629762541,2.7058925607677065,3.1717155976724407,3.0642525852153732
2016-08-19,-0.0002557593968747218,-0.0003036382365175144,-0.0003036382365175144,2.705200503318357,3.1707525435416284,3.0633221609641543
2016-08-22,0.0007675442036922941,0.0007696934081156311,0.0007696934081156311,2.707276864284504,3.173193050873158,3.0656799798383827
2016-08-23,0.0017896093556608594,0.0017662456145923226,0.0017662456145923226,2.712121832289192,3.1787976891835177,3.0710947236585158
2016-08-24,-0.0064649822911527766,-0.006438660934502204,-0.006438660934502204,2.6945880126719937,3.158330488683486,3.05132098603514
2016-08-25,-0.001626745063552204,-0.0016219293206741637,-0.0016219293206741637,2.6902046049240727,3.153207899859511,3.046371959061101
2016-08-26,0.001457824987158185,0.0014083063940841952,0.0014083063940841952,2.694126452417699,3.1576485827067597,3.0506621841698056
2016-08-29,0.0013702874057066605,0.0013939038572686475,0.0013939038572686475,2.697818179964828,3.1620500412460935,3.054914513955543
2016-08-30,-0.003249245055949035,-0.0032659398149752885,-0.0032659398149752885,2.689052307581728,3.151722976119444,3.04493734701307
2016-08-31,-0.0010297249608519632,-0.0010242765878582649,-0.0010242765878582649,2.686283323299574,3.1484947400635894,3.041818488977029
2016-09-01,0.0025763340148103886,0.0025610352446186055,0.0025610352446186055,2.6932040863988087,3.1565581460603886,3.0496086933350313
2016-09-02,0.0032550218887981153,0.00326034926018252,0.00326034926018252,2.7019705246510375,3.16684962807662,3.0595514827821924
2016-09-06,0.0062328613587865345,0.006255330863760961,0.006255330863760961,2.7188115323267152,3.186659320296018,3.0786899896017053
2016-09-07,0.000593936244808857,0.0005727988839022936,0.0005727988839022936,2.7204263330385685,3.1884846351980607,3.0804534597916304
2016-09-08,-0.005851385946332499,-0.0058299011163711134,-0.0058299011163711134,2.704508068625394,3.169896085063787,3.0624947207274618
2016-09-09,-0.02516415270144856,-0.024992909365409797,-0.024992909365409797,2.636451414604205,3.090671159512021,2.9859540677402743
2016-09-12,0.017938429887199403,0.017767621837237825,0.017767621837237825,2.68374521345609,3.1455850358974877,3.0390073704392453
2016-09-13,-0.008939915932672848,-0.008902374589770192,-0.008902374589770192,2.6597527568630794,3.117581859603953,3.011952988446523
2016-09-14,0.004770475643137262,0.004739939444439052,0.004739939444439052,2.672441042606462,3.132359008831557,3.0262294632212563
2016-09-15,0.015538706204612174,0.015365184986294978,0.015365184986294978,2.713967318816671,3.1804882844457416,3.072728038734627
2016-09-16,-0.00047726201358311293,-0.0004588993590199791,-0.0004588993590199791,2.712672045309294,3.1790287604106386,3.071317965807209
2016-09-19,-0.0043483775216631715,-0.00429707570921699,-0.00429707570921699,2.700876323163827,3.165368233145376,3.058120279981057
2016-09-20,0.001884080643282715,0.0018742137529108589,0.0018742137529108589,2.7059649919642004,3.171300809820964,3.063851851067853
2016-09-21,0.009829011748887062,0.009812914698399558,0.009812914698399558,2.7325619536622936,3.202420514150703,3.0939171679309156
2016-09-22,0.007956082265956566,0.00790633016598101,0.00790633016598101,2.7543024413624537,3.227739908065889,3.118378698566774
2016-09-23,-0.006381725775980507,-0.006317402003862474,-0.006317402003862474,2.736725238477565,3.207348977502727,3.0986786467276466
2016-09-26,-0.008366544957665645,-0.008281320116018821,-0.008281320116018821,2.7138283037330644,3.180787893896241,3.073017496917423
2016-09-27,0.009886022574867148,0.009762564105129,0.009762564105129,2.740657271608083,3.211840539615222,3.1030180272272627
2016-09-28,0.0016876325119403734,0.0016551789183487497,0.0016551789183487497,2.7452824939237344,3.217156710365491,3.1081540772491856
2016-09-29,-0.007245191349183999,-0.0071921504833701985,-0.0071921504833701985,2.725392396947692,3.194018435175958,3.085799765400109
2016-09-30,0.0074676996036613374,0.007362599264307069,0.007362599264307069,2.7457448086702,3.2175347129569682,3.108519272482643
2016-10-03,-0.0014321147912739196,-0.0014459757493836267,-0.0014459757493836267,2.7418125869166396,3.212882235789232,3.1040244289981413
2016-10-04,-0.0015179609554031304,-0.001656475861054537,-0.001656475861054537,2.7376506224626675,3.2075601739212365,3.0988826874593824
2016-10-05,0.0035479825453827996,0.0034976806624910438,0.0034976806624910438,2.7473637590865216,3.2187791951153373,3.1097215895106376
2016-10-06,-0.0005048959599366354,-0.0005456528858770276,-0.0005456528858770276,2.7459766262240826,3.2170228589585217,3.108024760951047
2016-10-07,-0.0021899951658315153,-0.0021654624693546003,-0.0021654624693546003,2.7399629506871657,3.2100565166943915,3.1012944499773827
2016-10-10,0.006331000090889161,0.006278687875398662,0.006278687875398662,2.757309656376999,3.230211459625105,3.120766509838497
2016-10-11,-0.014259508037005042,-0.014146946857168621,-0.014146946857168621,2.7179917771713797,3.1845138297683713,3.07661719187018
2016-10-12,-0.0008508875891412027,-0.0008273490851232332,-0.0008273490851232332,2.7156790717007966,3.18187912516475,3.0740717554512114
2016-10-13,-0.0035770352387446414,-0.0035153799861586065,-0.0035153799861586065,2.7059649919642017,3.17069361096977,3.0632652251260826
2016-10-14,0.0011966486864496417,0.0011378443005703104,0.0011378443005703104,2.709203081417414,3.1743013666238666,3.0667507440036275
2016-10-17,-0.002731728916934517,-0.0026806850385197784,-0.0026806850385197784,2.701802273018058,3.165792064442605,3.0585297511673075
2016-10-18,0.008902438027885262,0.008847088837274789,0.008847088837274789,2.725854900317201,3.193800108077068,3.085588835587332
2016-10-19,-8.483638829315243e-05,-6.111856244328073e-05,-6.111856244328073e-05,2.7256236486324465,3.193604907605731,3.0854002488334102
2016-10-20,-0.0011876717974702578,-0.0011900066256221782,-0.0011900066256221782,2.722386502294448,3.189804496606061,3.081728602094602
2016-10-21,0.0037376953490146914,0.0037025142831090896,0.0037025142831090896,2.7325619536622945,3.2016147933150703,3.0931387462605233
2016-10-24,0.012018648015519107,0.011887085983435589,0.011887085983435589,2.765403653963961,3.239672663649046,3.1299071524960187
2016-10-25,-0.0031780196422049878,-0.0031101943338691694,-0.0031101943338691694,2.7566151468330378,3.229596652086974,3.120172533004789
2016-10-26,-0.006795820348800219,-0.006751774741670556,-0.006751774741670556,2.737881685524379,3.2077911429856294,3.099105830906793
2016-10-27,-0.004561661171379017,-0.004533491738455105,-0.004533491738455105,2.7253923969476928,3.1932486483402145,3.085056060225779
2016-10-28,-0.006279857821807178,-0.006199238050813748,-0.006199238050813748,2.708277320186227,3.173452939813714,3.0659310633083336
2016-10-31,-0.0009393963302594122,-0.0008913658129086901,-0.0008913658129086901,2.7057331744103195,3.1706242323542897,3.0631981971737656
2016-11-01,-0.007521749020139357,-0.007445615919682297,-0.007445615919682297,2.68538132855694,3.147016982094542,3.0403907999117465
2016-11-02,-0.00800954036491952,-0.007909186511841066,-0.007909186511841066,2.663872658410662,3.122126637827225,3.016343782006359
2016-11-03,-0.009811055105713784,-0.00970194790618579,-0.00970194790618579,2.6377372569643907,3.0918359278305103,2.987079371766186
2016-11-04,-0.0035069621156841313,-0.003457903981473743,-0.003457903981473743,2.628486812333088,3.0811446560656015,2.9767503381135776
2016-11-07,0.02375720489645161,0.02346221526241923,0.02346221526241923,2.6909323121013062,3.1534351352408656,3.0465914953288777
2016-11-08,0.006531801984285268,0.0064548824173238754,0.0064548824173238754,2.708508949117067,3.173790188249503,3.0662568852048446
2016-11-09,0.004611060989004656,0.004459893795799087,0.004459893795799087,2.7209980490707104,3.187944955419245,3.0799320652634963
2016-11-10,-0.016149695571932243,-0.01608572841284212,-0.01608572841284212,2.677054758926397,3.1366645386712806,3.0303891145316637
2016-11-11,0.00043205528894274536,0.0003353396156118592,0.0003353396156118592,2.6782113945937804,3.1377163865519817,3.031405324052485
2016-11-14,-0.010103558338308782,-0.01003998027043714,-0.01003998027043714,2.6511519295261787,3.1062137759367725,3.0009700744073
2016-11-15,0.013870708718756175,0.013786218446499009,0.013786218446499009,2.6879252857098046,3.1490367175933613,3.0423421034044855
2016-11-16,0.005937155247393244,0.005872637339201916,0.005872637339201916,2.7038839154244574,3.167529868203618,3.060208675239565
2016-11-17,0.007270455633490824,0.007161929090680581,0.007161929090680581,2.72354238346966,3.190215492512305,3.0821256727743163
2016-11-18,-0.003736386083720067,-0.003740039494101252,-0.003740039494101252,2.7133661776096423,3.178283960575615,3.0705984010323566
2016-11-21,0.010398789416704801,0.010323284777998558,0.010323284777998558,2.7415819011010143,3.2110942910059825,3.1022970627650808
2016-11-22,0.0030370717738386066,0.0030070571320958087,0.0030070571320958087,2.749908282108515,3.2207502349955837,3.111625847273548
2016-11-23,-0.004036939221304547,-0.004084378337298919,-0.004084378337298919,2.738807069509481,3.2075954725059175,3.0989167900691643
2016-11-25,0.0032086748130706333,0.003175737226017104,0.003175737226017104,2.747595010771276,3.2177819528539584,3.1087581354797162
2016-11-28,-0.002272458445080061,-0.0021802432361347256,-0.0021802432361347256,2.741351215285389,3.210766405515892,3.101980286582058
2016-11-29,0.0034586298235355084,0.0034162280852531577,0.0034162280852531577,2.7508325343553603,3.2217351158856027,3.1125773587569814
2016-11-30,-0.01210667998164261,-0.012087294766328492,-0.012087294766328492,2.717529085178829,3.1827930538808618,3.0749547187386854
2016-12-01,-0.01727635462414867,-0.017131705548809915,-0.017131705548809915,2.6705800890018416,3.128266380458977,3.0222754999213306
2016-12-02,0.001991552376853001,0.002006335069477568,0.002006335069477568,2.6758986891256695,3.13454273100476,3.0283391972464457
2016-12-05,0.007778733851041331,0.007682047479367187,0.007682047479367187,2.6967137928407285,3.158622437090444,3.051603042743322
2016-12-06,0.0024011579615434986,0.0023749718971150186,0.0023749718971150186,2.7031890286344122,3.1661240766121312,3.058850514210988
2016-12-07,0.012662668902819307,0.012571225770100334,0.012571225770100334,2.7374186162857437,3.2059261371953727,3.0973040146221216
2016-12-08,0.0017743138885071286,0.0017343683405490118,0.0017343683405490118,2.7422756561552775,3.2114863939898632,3.102675880646138
2016-12-09,0.007843503020596998,0.007722783500807148,0.007722783500807148,2.763784703547641,3.2362880081264347,3.126637174745544
2016-12-12,-0.004518771420425671,-0.00445181766292995,-0.00445181766292995,2.7512957922170402,3.2218806440095293,3.1127179561454383
2016-12-13,0.012609432887766392,0.012490499779646447,0.012490499779646447,2.785988071863395,3.2621235434835776,3.1515973590907747
2016-12-14,-0.0020753347955434487,-0.002142148293705798,-0.002142148293705798,2.780206213877888,3.2551355911010464,3.1448461701855503
2016-12-15,0.0015803120512716262,0.001534629442140664,0.001534629442140664,2.7845998072626994,3.2601310180173098,3.14967234370932
2016-12-16,-0.0037069558747296893,-0.0036459074561934635,-0.0036459074561934635,2.7742774186483956,3.248244882030553,3.138188929826824
2016-12-19,0.004097208727734669,0.00409621308497918,0.00409621308497918,2.785644212301239,3.261550385219543,3.1510436203843173
2016-12-20,0.0038301570310372846,0.0037592162814156283,0.0037592162814156283,2.796313667066953,3.2738112585303183,3.162889074865517
2016-12-21,-0.0007462450477775384,-0.0007321821597421618,-0.0007321821597421618,2.7942269318408717,3.2714142323324595,3.1605732639116573
2016-12-22,-0.002822565891849149,-0.0028072343307745237,-0.0028072343307745237,2.7863400422089715,3.2622306059892714,3.151700794140276
2016-12-23,0.0006658537329182757,0.0006749373536796659,0.0006749373536796659,2.788195337127256,3.2644324072815705,3.153827994733863
2016-12-27,0.005158015076149658,0.005125782531772082,0.005125782531772082,2.8025768907114084,3.281165177890965,3.1699938311774836
2016-12-28,-0.00777993462652582,-0.007694334947729276,-0.007694334947729276,2.780773025715862,3.2559187939934464,3.1456028368581683
2016-12-29,-0.0014181449159060833,-0.0013365126359432653,-0.0013365126359432653,2.776829486587154,3.251567217383669,3.1413986989190485
2016-12-30,-0.010275043623270141,-0.010196153097902273,-0.010196153097902273,2.748297442478088,3.218413740227105,3.109368516843319
2017-01-03,0.008946744983739707,0.008888250277858245,0.008888250277858245,2.7728857588354034,3.2470198070479412,3.1370053624271153
2017-01-04,0.0054377061644215186,0.005408492759783002,0.005408492759783002,2.7879638968194596,3.264581290165232,3.153971833217203
2017-01-05,0.005657542693467521,0.005677677862279783,0.005677677862279783,2.8037369215935617,3.2831165310860158,3.1718790692729146
2017-01-06,0.008769568098839109,0.008647452232971333,0.008647452232971333,2.828324483458706,3.3115071244638608,3.1993077420132137
2017-01-09,0.0032807817378412985,0.00327168423165681,0.00327168423165681,2.8376035987727266,3.3223413301059885,3.209774866704976
2017-01-10,0.00220708995473462,0.0021984993937420533,0.0021984993937420533,2.8438664451710967,3.3296454955060306,3.2168315548034756
2017-01-11,0.00269184958177604,0.0026873850265757126,0.0026873850265757126,2.8515217058721576,3.3385935349544584,3.2254764197568706
2017-01-12,-0.0015458162976959011,-0.001517578416158437,-0.001517578416158437,2.847113777145987,3.3335269574654856,3.2205815063604195
2017-01-13,0.003422040637446777,0.003391404675716156,0.003391404675716156,2.856856716190815,3.34483229637566,3.231503801539615
2017-01-17,-0.0030043847621320507,-0.002899227531698867,-0.002899227531698867,2.848273619405097,3.335134866493092,3.2221349367494017
2017-01-18,0.0020359780852958753,0.001961429228991439,0.001961429228991439,2.854072642075132,3.34167649750286,3.2284549263940963
2017-01-19,-0.0004874727245536281,-0.0005046826216675972,-0.0005046826216675972,2.852681359508226,3.3399900114473353,3.226825581297908
2017-01-20,0.002195292206009336,0.0021821328222525107,0.0021821328222525107,2.8589438286629822,3.3472783132773096,3.233866943310542
2017-01-23,0.0008115100893459903,0.000836483644586933,0.000836483644586933,2.8612638904248158,3.3500782568402463,3.2365720201173915
2017-01-24,0.006728687840848124,0.006635960368130475,0.006635960368130475,2.880516441973775,3.372309243382774,3.2580497837714906
2017-01-25,0.010066204592650285,0.009920552859524553,0.009920552859524553,2.909512309811176,3.405764415490416,3.290371438870358
2017-01-26,0.0010362384596844798,0.0009958828480681285,0.0009958828480681285,2.912527258365528,3.4091561578563634,3.2936482633501023
2017-01-27,0.0019115983708810624,0.0019020549161203545,0.0019020549161203545,2.918094840727766,3.4156405600862363,3.2999129632213786
2017-01-30,-0.007790364151893492,-0.007696071618882566,-0.007696071618882566,2.895361819288735,3.3893535457114528,3.274516596720348
2017-01-31,-0.0020029314659202324,-0.0019122784294250245,-0.0019122784294250245,2.8895626079956576,3.3828721580362937,3.2682548092656454
2017-02-01,0.0069040559150082,0.006799721017566803,0.006799721017566803,2.9095123098111766,3.4058747449490343,3.290478030182973
2017-02-02,-0.0008769518042683888,-0.0008402177633839421,-0.0008402177633839421,2.9069608077415467,3.4030130684884674,3.2877133120919884
2017-02-03,0.0028724015983634388,0.0028553677872680105,0.0028553677872680105,2.9153107666120834,3.4127299223838814,3.2971009427771083
2017-02-06,0.0011937295618162924,0.0012382718170315483,0.0012382718170315483,2.9187908592560694,3.41695580966591,3.3011836499524576
2017-02-07,0.0036553719184218014,0.003623479567610549,0.003623479567610549,2.9294601253987405,3.4293370792256623,3.31314542145699
2017-02-08,0.0016630849607095488,0.0016973041836912328,0.0016973041836912328,2.9343320664762893,3.4351577073975195,3.3187688370420063
2017-02-09,0.003636461811328484,0.003550842638371613,0.003550842638371613,2.945002652977787,3.4473554118544776,3.3305532629354744
2017-02-10,0.003307975264390306,0.003288334805850716,0.003288334805850716,2.9547446489074014,3.4586914706434166,3.341505237152725
2017-02-13,0.005652537175311112,0.005572611661822528,0.005572611661822528,2.971446452878902,3.47796541506737,3.3601261482053233
2017-02-14,0.003356805559639575,0.003308966500157568,0.003308966500157568,2.9814210208520975,3.4894738861145345,3.3712446930660382
2017-02-15,0.005912724022905103,0.005858184645109874,0.005858184645109874,2.999049340544484,3.509915868453682,3.3909940669618654
2017-02-16,-0.00030925094281075705,-0.00027028133112920417,-0.00027028133112920417,2.998121881708385,3.508967203720605,3.390077544571596
2017-02-17,0.00433248827666155,0.004287812080306956,0.004287812080306956,3.011111209612889,3.5240129956861193,3.4046135600203873
2017-02-21,0.004930512157871991,0.004891148684186476,0.004891148684186476,3.02595753004059,3.5412494672130257,3.4212660311546443
2017-02-22,0.00038323526505390504,0.0003890353980011439,0.0003890353980011439,3.027117183676657,3.5426271386089243,3.4225970247467425
2017-02-23,-0.003754553459411336,-0.003666918426479371,-0.003666918426479371,3.0157517103826406,3.5296366138762134,3.410046640650285
2017-02-24,0.0019225359010217602,0.0019525756847142905,0.0019525756847142905,3.021549601314419,3.5365284965043453,3.4167050148045606
2017-02-27,0.0012284789884811076,0.0011872464789344597,0.0011872464789344597,3.025261511512287,3.540727227509471,3.4207614858029447
2017-02-28,-0.003066899229537734,-0.0030197528964563086,-0.0030197528964563086,3.01598333931348,3.5300351062086377,3.4104316313981053
2017-03-01,0.01092111403681173,0.010776309697922723,0.010776309697922723,3.0489212372952466,3.5680758577576817,3.4471834988616434
2017-03-02,-0.005020938672953168,-0.005012521010142047,-0.005012521010142047,3.033612790744123,3.5501908025548907,3.4299044191477845
2017-03-03,0.0018350489182574758,0.0018154371892034364,0.0018154371892034364,3.03917961861419,3.5566359509666166,3.4361311951857187
2017-03-06,-0.0022136280472486725,-0.0022232899518545932,-0.0022232899518545932,3.032452005369799,3.5487285179944275,3.4284916792262083
2017-03-07,-0.0016827979899513013,-0.0016995425064350435,-0.0016995425064350435,3.027349001230539,3.5426973030342976,3.4226648118844047
2017-03-08,0.0017622713185749816,0.001698230833708307,0.001698230833708307,3.032684011546724,3.548713620828806,3.4284772868013955
2017-03-09,0.0007650192875352513,0.000725168735492434,0.000725168735492434,3.0350040733085573,3.551287036997847,3.4309635113401296
2017-03-10,0.00420358170485069,0.004182043207830546,0.004182043207830546,3.0477619609052646,3.56613867282998,3.445311948989044
2017-03-13,0.0016744066072860164,0.0016502665988054823,0.0016502665988054823,3.0528651536700395,3.5720237523684597,3.450997632220926
2017-03-14,-0.0024314461683965227,-0.002415999293024324,-0.002415999293024324,3.045442276389517,3.5633937455080718,3.4426600243812517
2017-03-15,0.006169643678013204,0.00620386037405606,0.00620386037405606,3.0642315700767977,3.585500542762988,3.464017806487857
2017-03-16,-0.0006814903378528081,-0.0006715121892994305,-0.0006715121892994305,3.062143325868847,3.583092835443783,3.46169167630685
2017-03-17,-0.0003491393204231308,-0.0003272418593288235,-0.0003272418593288235,3.061074211229015,3.5819202974821645,3.4605588658862723
2017-03-20,0.0009114190746599693,0.0009160466921624309,0.0009160466921624309,3.0638641326540785,3.5852015037222627,3.463728899388401
2017-03-21,-0.015173551235923233,-0.0149618946939671,-0.0149618946939671,3.0173744332573444,3.5315600963669174,3.411904952347301
2017-03-22,0.006778892433439099,0.006733627735334509,0.006733627735334509,3.0378288899718053,3.5553403073808143,3.4348794501647517
2017-03-23,-0.002524696525119552,-0.0025142600488540293,-0.0025142600488540293,3.0301592939293855,3.5464012572858863,3.426243269990573
2017-03-24,0.002071070246359552,0.002066103064518597,0.002066103064518597,3.0364349666847725,3.5537284877915774,3.4333222417104867
2017-03-27,0.0016076619131788483,0.001614955763581912,0.001614955763581912,3.041316527532556,3.5594676020951415,3.438866905252971
2017-03-28,0.006114256497778081,0.006030745112786815,0.006030745112786815,3.0599119168728217,3.5809338439405995,3.459605835035349
2017-03-29,0.004633784555670317,0.004602410551470151,0.004602410551470151,3.0740908894549386,3.597414771648068,3.4755283614344434
2017-03-30,0.0016637472089697791,0.0015982319840233351,0.0015982319840233351,3.0792053995923885,3.603164274995914,3.481083062023068
2017-03-31,-0.0006795852383665313,-0.0006536932672327829,-0.0006536932672327829,3.077112817056927,3.600808910768616,3.4788075014627453
2017-04-03,-0.0006040983428752256,-0.0005652851571097035,-0.0005652851571097035,3.075253938303303,3.59877342693777,3.4768409832177265
2017-04-04,0.00158712303228703,0.0015720341590304333,0.0015720341590304333,3.0801347446589156,3.604430821695527,3.4823066960088616
2017-04-05,-0.004075117624039115,-0.004021250269281212,-0.004021250269281212,3.067582833276541,3.589936503283178,3.468303469269816
2017-04-06,0.0005303434870775892,0.0005058408928166777,0.0005058408928166777,3.06920970585324,3.591752439969154,3.470057878993271
2017-04-07,-0.0005300623719508568,-0.0005263740743721516,-0.0005263740743721516,3.067582833276541,3.5898618346031914,3.4682313304891976
2017-04-10,0.0003787113666380293,0.00038363397047745993,0.00038363397047745993,3.0687445617636064,3.5912390275522657,3.4695618618450474
2017-04-11,-0.004317174952205516,-0.0042129366263911104,-0.0042129366263911104,3.055496254606844,3.5761093651189655,3.454944817599751
2017-04-12,-0.004031985496245283,-0.003948352019997692,-0.003948352019997692,3.0431765380244373,3.5619896264834656,3.4413034792502004
2017-04-13,-0.003972070058019472,-0.003913105368649069,-0.003913105368649069,3.031088827616483,3.548051185753001,3.4278372961303956
2017-04-17,0.008281989392704192,0.008184890188934526,0.008184890188934526,3.0561922731351467,3.5770915950931084,3.4558937679847572
2017-04-18,-0.0015204913616138072,-0.0014654749960492817,-0.0014654749960492817,3.0515453591844137,3.5718494568019215,3.4508292420787727
2017-04-19,0.0015997630368278504,0.0015404636948889003,0.0015404636948889003,3.0564271086552406,3.577351761213733,3.456145119243456
2017-04-20,0.008365330770285784,0.008277688084729078,0.008277688084729078,3.0819951323944097,3.6069639632624164,3.4847540105161117
2017-04-21,-0.0002262009628865025,-0.00020753272925139852,-0.00020753272925139852,3.0812979821278508,3.6062154001868088,3.4840308100055393
2017-04-24,0.01206953555969803,0.011923142143587149,0.011923142143587149,3.1184878176931687,3.6492128190036293,3.5255714045858726
2017-04-25,0.007230300850814997,0.0071015702605876675,0.0071015702605876675,3.1410354228146917,3.675127960233621,3.550608497624258
2017-04-26,-0.0014061586100412304,-0.0013687574511128098,-0.0013687574511128098,3.1366186288104565,3.670097601454258,3.5457485757871505
2017-04-27,0.006002870640081204,0.0059334948471674925,0.0059334948471674925,3.1554473446864746,3.6918741066610887,3.566787256690935
2017-04-28,0.0017678424828260209,0.0017590410994197574,0.0017590410994197574,3.161025678554732,3.698368264948589,3.5730613820683406
2017-05-01,0.008897486877739169,0.008755383751102958,0.008755383751102958,3.189150863049869,3.730748898361115,3.604344905634595
2017-05-02,0.0016764110325655501,0.0016705177320136594,0.0016705177320136594,3.1944971907412016,3.736981180549518,3.610366027711751
2017-05-03,-0.003201012382243129,-0.0032235809664249737,-0.0032235809664249737,3.184271565678598,3.7249347191440103,3.598727720502992
2017-05-04,0.00036441870748271654,0.0003254693524494815,0.0003254693524494815,3.1854319738068364,3.726147071234967,3.599898996083826
2017-05-05,0.0036487809683289907,0.0036211875705594357,0.0036211875705594357,3.1970549173687695,3.739640148695399,3.6129349055837143
2017-05-08,0.0021808374685525767,0.0021454317116615805,0.0021454317116615805,3.2040271745215874,3.747663291260613,3.6206862107023228
2017-05-09,0.003482547466236774,0.0034194866169154313,0.0034194866169154313,3.2151853512399713,3.760478375729784,3.63306709874387
2017-05-10,0.0005783320149910232,0.0005762249410367902,0.0005762249410367902,3.2170447958627237,3.7626452571601092,3.6351605626186263
2017-05-11,-0.000794585654049218,-0.0007763339820560625,-0.0007763339820560625,3.2144885782194974,3.759724187784554,3.632338463943636
2017-05-12,0.0022417717110576607,0.0022465591107513725,0.0022465591107513725,3.221694727779668,3.7681706304125338,3.6404987270131413
2017-05-15,0.0031744578276644564,0.003155617190271088,0.003155617190271088,3.2319218618266135,3.780061534429738,3.651986747377264
2017-05-16,0.004171281677834093,0.004139645125175468,0.004139645125175468,3.245403118273042,3.795709647733603,3.6671046765132496
2017-05-17,-0.025426057554423065,-0.02507884612341269,-0.02507884612341269,3.162885311800528,3.7005176295489393,3.5751379226125266
2017-05-18,0.008745729068860841,0.008634579777434828,0.008634579777434828,3.1905470498134147,3.7324700442390832,3.606007736220657
2017-05-19,0.004225019878318914,0.004206743080767748,0.004206743080767748,3.2040271745215883,3.748171586771859,3.621177284314198
2017-05-22,0.008416019011912024,0.008348842750721227,0.008348842750721227,3.2309923281370447,3.7794644819525383,3.651409924033421
2017-05-23,0.0010070420556358428,0.0009693305867207231,0.0009693305867207231,3.2342460732929155,3.783128032476319,3.654949347357442
2017-05-24,0.004599622642989631,0.004581415839151728,0.004581415839151728,3.2491223847646338,3.800460115165845,3.671694190188723
2017-05-25,0.008513080496814318,0.008434537377521197,0.008434537377521197,3.2767824251701363,3.8325152380589897,3.702663232074697
2017-05-26,0.0017738753341003388,0.0017885164524019776,0.0017885164524019776,3.282595028689359,3.83936975461634,3.709285506182967
2017-05-30,0.0008499708382303517,0.000835958600740503,0.000835958600740503,3.285385138737465,3.8425793087841345,3.7123863153044625
2017-05-31,-0.0003538920257991629,-0.0003242681291068882,-0.0003242681291068882,3.2842224671351867,3.84133328278073,3.7111825067394766
2017-06-01,0.0038925822809723343,0.0038652287804054855,0.0038652287804054855,3.297006573317528,3.8561809147404635,3.7255270761738637
2017-06-02,0.011421245887842657,0.011347960079300489,0.011347960079300489,3.334662496085221,3.899940701819499,3.767804208708638
2017-06-05,-0.00020940110225919906,-0.00021318433488380084,-0.00021318433488380084,3.3339642140828785,3.8991092955548954,3.767000971874432
2017-06-06,-0.003973570331581744,-0.003888949753655899,-0.003888949753655899,3.3207164727952434,3.8839458554204698,3.752351294372839
2017-06-07,0.003919442677883467,0.0038612937422162785,0.0038612937422162785,3.333731830659868,3.8989429112471115,3.766840224944398
2017-06-08,0.0010466188403432941,0.0009975836584126814,0.0009975836584126814,3.3372209772024886,3.902832432980455,3.770597963196654
2017-06-09,-0.02500566057301845,-0.024786402549275707,-0.024786402549275707,3.253771562189406,3.8060952572142326,3.6771384042293827
2017-06-12,-0.0053578695596517845,-0.0053161180930287,-0.0053161180930287,3.236338278582291,3.785861605353565,3.6575903022280882
2017-06-13,0.00811576552506632,0.008043902811811925,0.008043902811811925,3.2626036412110615,3.816314708166,3.687011603144637
2017-06-14,-0.004345849363979304,-0.004294808999397713,-0.004294808999397713,3.248424857251988,3.7999243654128345,3.6711765925305677
2017-06-15,-0.004436007073292059,-0.004402719001370021,-0.004402719001370021,3.2340148216081603,3.7831943662054623,3.6550134335892484
2017-06-16,-0.004339356834803354,-0.004286652499180549,-0.004286652499180549,3.2199812772881597,3.7669771266206817,3.639345661119614
2017-06-19,0.016721810874780196,0.016522155683373525,0.016522155683373525,3.2738251952273054,3.8292157091624155,3.699475496718242
2017-06-20,-0.007831783170315187,-0.007748238871111079,-0.007748238871111079,3.2481853061607704,3.799546031158814,3.6708110768718467
2017-06-21,0.009902602266729676,0.009810371392242589,0.009810371392242589,3.280350793336316,3.8368209888464033,3.7068230968467177
2017-06-22,-0.00028428412524539315,-0.00026732564555009337,-0.00026732564555009337,3.2794182416805344,3.8357953081987,3.705832167969413
2017-06-23,0.0038375466203670605,0.003808766771647018,0.003808766771647018,3.2920031620706656,3.850404957911407,3.719946818392076
2017-06-26,-0.0046728243697711225,-0.004649339113058664,-0.004649339113058664,3.276620209469578,3.8325031195394743,3.7026515241508275
2017-06-27,-0.018138911400375823,-0.01796718595323567,-0.01796718595323567,3.2171858857973286,3.7636438233243528,3.6361252956963783
2017-06-28,0.014416946165032973,0.014262847215685184,0.014262847215685184,3.2635678815157725,3.8173241001506852,3.6879867952459837
2017-06-29,-0.017354218072383243,-0.017222496038184824,-0.017222496038184824,3.206931212805922,3.7515802509593725,3.624470457275982
2017-06-30,0.0003631377648687373,0.00034952307835938394,0.00034952307835938394,3.208095770638628,3.7528915148374002,3.625737293347632
2017-07-03,-0.01053528618859434,-0.010500501795239687,-0.010500501795239687,3.174297563574531,3.7134842707485105,3.5876652323897678
2017-07-05,0.009839916115179204,0.009754069323616792,0.009754069323616792,3.205532385324722,3.7497058537575523,3.6226595677764277
2017-07-06,-0.009016619360779687,-0.008944311986611567,-0.008944311986611567,3.176629319957597,3.716167314743521,3.590257370380952
2017-07-07,0.010786309070004663,0.010634548581463838,0.010634548581463838,3.210893425603498,3.755687076589009,3.628438136806227
2017-07-10,0.006532878398622044,0.006474982108022844,0.006474982108022844,3.2318698019039007,3.780005083213255,3.6519322088221147
2017-07-11,0.002812765662599137,0.0027926157836304965,0.0027926157836304965,3.240960294308687,3.79056118507084,3.66213065234922
2017-07-12,0.011866219848290172,0.011777570359010135,0.011777570359010135,3.279418241680533,3.8352047861281444,3.7052616537711507
2017-07-13,0.00220325330995097,0.002162344185064793,0.002162344185064793,3.2866436307762292,3.8434978188959614,3.7132737047623268
2017-07-14,0.007871828573440043,0.007831220621881834,0.007831220621881834,3.312515526019688,3.8735970982754573,3.742353170373753
2017-07-17,0.0004924387195766045,0.0005102172431565402,0.0005102172431565402,3.314146736923899,3.875573474308039,3.7442625834912593
2017-07-18,0.006681075893433919,0.006656800073847448,0.006656800073847448,3.3362888027952637,3.9013723920980135,3.769187390933548
2017-07-19,0.005868627149649974,0.005808889642253029,0.005808889642253029,3.3558682378424214,3.9240350337770433,3.7910821845284524
2017-07-20,0.0013195128840211012,0.0013237462781367955,0.0013237462781367955,3.3602963492193316,3.9292294605482843,3.7961006154603325
2017-07-21,-0.0004165055185372246,-0.00036658871722991803,-0.00036658871722991803,3.358896767245961,3.9277890493606398,3.7947090078052352
2017-07-24,0.004579763436344031,0.004524538938544808,0.004524538938544808,3.374279719847048,3.945560483856862,3.811878316471497
2017-07-25,-0.002555645294157083,-0.0025697870873160012,-0.0025697870873160012,3.365656257759851,3.9354212334732224,3.8020826007954085
2017-07-26,0.003254890097263985,0.0032613530950936845,0.0032613530950936845,3.376611098984028,3.948256031693508,3.814482534653315
2017-07-27,-0.006281413772539768,-0.006225550792408302,-0.006225550792408302,3.3554012075223594,3.923675963226768,3.7907352798870764
2017-07-28,-0.000833214438910157,-0.0007894718780044839,-0.0007894718780044839,3.352605438787915,3.920578331395398,3.787742600986646
2017-07-31,-0.004241223585705667,-0.004190734306926734,-0.004190734306926734,3.3383862895273624,3.9041482292790257,3.7718691781228832
2017-08-01,0.002304119865136789,0.0022954325269404405,0.0022954325269404405,3.346078331694563,3.9131099381145096,3.7805272493217106
2017-08-02,0.0027164219626616415,0.002683807305331797,0.002683807305331797,3.355167692363564,3.9236119711529875,3.790673455971446
2017-08-03,-0.003889878961259141,-0.003821812174881358,-0.003821812174881358,3.3421164961455427,3.908616663152125,3.776186214006415
2017-08-04,0.0018129065943759404,0.0017517760550911847,0.0017517760550911847,3.3481754411805777,3.915463684231165,3.7828012465956764
2017-08-07,0.006335099092790397,0.006273700472588718,0.006273700472588718,3.369386464380504,3.94002813059733,3.806533408564153
2017-08-08,-0.0017291528977168014,-0.0017073956402277643,-0.0017073956402277643,3.3635602800120923,3.9333009437447735,3.8000341500179893
2017-08-09,-0.0013172804203445132,-0.0012606626755356119,-0.0012606626755356119,3.3591295279125837,3.9283423780533453,3.795243588799301
2017-08-10,-0.021439853231004724,-0.021180942782828966,-0.021180942782828966,3.2871102838502035,3.8451363829124348,3.7148567514980444
2017-08-11,0.007587011518964681,0.007520967492013257,0.007520967492013257,3.312049627437882,3.874055528650677,3.7427960683635475
2017-08-14,0.012878104386691458,0.012721122942748278,0.012721122942748278,3.35470254827393,3.9233378653176754,3.790408637298835
2017-08-15,0.00069495852566126,0.0006625453429151501,0.0006625453429151501,3.3570339274109102,3.9259372545490243,3.7929199548892227
2017-08-16,0.0017354031112872814,0.0017553496474613317,0.0017553496474613317,3.3628597345332363,3.932828647124752,3.7995778555948867
2017-08-17,-0.020446050364211432,-0.02021961342822375,-0.02021961342822375,3.294102535033191,3.8533083722004453,3.7227518601643186
2017-08-18,-0.0007079723853004039,-0.000701866183284098,-0.000701866183284098,3.2917704014040394,3.8506038653602324,3.7201389865249115
2017-08-21,-0.0012742675541181914,-0.001241990603884492,-0.001241990603884492,3.2875758051859236,3.8458214515401736,3.715518608858503
2017-08-22,0.015243018732422842,0.0150737658707951,0.0150737658707951,3.337688384768633,3.9037924636815715,3.7715254664570184
2017-08-23,-0.003561677650262718,-0.003501247700422776,-0.003501247700422776,3.325800614645061,3.8901243192951784,3.7583204215904997
2017-08-24,-0.0029433970312532365,-0.0029315188922326594,-0.0029315188922326594,3.316011462989375,3.878720346360031,3.7473028342715433
2017-08-25,-0.002108746760111857,-0.0020624743943221968,-0.0020624743943221968,3.309018834560302,3.870720584962927,3.7395741181280875
2017-08-28,0.003099235149847779,0.0031207141143239944,0.0031207141143239944,3.31927426204388,3.8827999973250247,3.75124425986009
2017-08-29,0.003932283663046432,0.0038900670839383507,0.0038900670839383507,3.3323265899976855,3.8979043497881345,3.7658368516791847
2017-08-30,0.011750870540740976,0.011629987624233628,0.011629987624233628,3.371484328356217,3.9432369291366167,3.8096334876590965
2017-08-31,0.010715218423214212,0.010652541650902016,0.010652541650902016,3.4076105193449977,3.9852424247636193,3.850215767061056
2017-09-01,-0.0013678937963002014,-0.0013602640628686785,-0.0013602640628686785,3.4029492700553785,3.9798214427113936,3.8449784569188323
2017-09-05,-0.008972553544724149,-0.00881980507195259,-0.00881980507195259,3.372416125519827,3.944720193365502,3.811066496422951
2017-09-06,0.0030411970510217934,0.0029824906894469778,0.0029824906894469778,3.382672307495576,3.9564852846146876,3.8224329667653953
2017-09-07,0.0023425409332631375,0.0023774306910211143,0.0023774306910211143,3.3905963558397,3.965891554158904,3.8315205362149545
2017-09-08,-0.008661776165795332,-0.008577265888178228,-0.008577265888178228,3.361227769136855,3.931875047815203,3.7986565658198237
2017-09-11,0.01151122221826184,0.011335341456535855,0.011335341456535855,3.399919608913582,3.9764441940466213,3.841715635069503
2017-09-12,0.0023994510723399642,0.0023636372389703284,0.0023636372389703284,3.4080775496650593,3.9858430656223574,3.8507960572060878
2017-09-13,0.0013674849624178975,0.0013183685781849978,0.0013183685781849978,3.41273804446498,3.9910978758776503,3.855872825728907
2017-09-14,-0.0058732385509642215,-0.005787015805326244,-0.005787015805326244,3.392694219817886,3.968001329389342,3.833558828743086
2017-09-15,0.0034351032570811846,0.003386294069372717,0.003386294069372717,3.404348474782663,3.9814381487583166,3.8465403862694503
2017-09-18,-0.001310806099616535,-0.0013523845281931258,-0.0013523845281931258,3.399886034036698,3.976053713405978,3.8413383845639895
2017-09-19,0.0017180794123659027,0.0017052854738840917,0.0017052854738840917,3.4057273082361665,3.9828340200468326,3.84788896311146
2017-09-20,-0.0030866628273332752,-0.0030898981221540054,-0.0030898981221540054,3.3952149763538,3.9705274686874388,3.8359993782300847
2017-09-21,-0.006123550792703769,-0.006088535091677547,-0.006088535091677547,3.3744242049939492,3.9463527728618657,3.8126437614040776
2017-09-22,-0.0009685971716316688,-0.0009458962742900422,-0.0009458962742900422,3.371155747253107,3.9426199324769815,3.80903739587497
2017-09-25,-0.010532516449402118,-0.010372108607561733,-0.010372108607561733,3.335648993891667,3.9017266503389925,3.7695296463146906
2017-09-26,0.002591010516558967,0.0025216330893728404,0.0025216330893728404,3.3442916955143898,3.9115653733661753,3.77903501700221
2017-09-27,0.009010131957082557,0.008847483876899254,0.008847483876899254,3.3744242049939497,3.94617288494047,3.8124699683853747
2017-09-28,-0.000345672028707944,-0.0003354272746574925,-0.0003354272746574925,3.373257760933288,3.9448492309243472,3.8111911619741656
2017-09-29,0.007201679572012898,0.007119874158383333,0.007119874158383333,3.3975508824413354,3.972936061022324,3.8383263634409643
2017-10-02,0.0008938287953743629,0.0008555834340094097,0.0008555834340094097,3.400587711253811,3.976335239300513,3.841610371891846
2017-10-03,0.0021292955182059536,0.002109494703219102,0.002109494703219102,3.40782856742665,3.9847232974260414,3.8497142286231836
2017-10-04,0.0009595455465221114,0.0009677881419906977,0.0009677881419906977,3.411098534151835,3.9885796653824044,3.853439936403698
2017-10-05,0.009792514159298493,0.009671721753210094,0.009671721753210094,3.4445017648462795,4.027156098096495,3.890709335261302
2017-10-06,0.0013564195172830473,0.0013513513601533418,0.0013513513601533418,3.4491739542674327,4.0325982009672074,3.8959670506134687
2017-10-09,-0.0011514768448785961,-0.0011024643883486244,-0.0011024643883486244,3.4452023103251355,4.0281524050581226,3.891671885681988
2017-10-10,0.0007457969126016817,0.0007618147717651873,0.0007618147717651873,3.447771731571464,4.031221111063218,3.8946366188113637
2017-10-11,0.002981183291041356,0.0029698275153833774,0.0029698275153833774,3.4580501710489497,4.043193142439447,3.906203017804329
2017-10-12,-0.0018240192349338047,-0.0017924770761384053,-0.0017924770761384053,3.4517426210215905,4.035945811417225,3.899201238440172
2017-10-13,0.003857330994699204,0.0038535672566438832,0.0038535672566438832,3.4650571348193813,4.051498600045692,3.914227072659691
2017-10-16,0.003438378320670843,0.0033747108453497402,0.0033747108453497402,3.47697131215163,4.065171236311185,3.927436457212957
2017-10-17,0.001276049651014688,0.0012466932648139207,0.0012466932648139207,3.4814081001810893,4.070239257911809,3.932332765792149
2017-10-18,-0.0012076735872196265,-0.0012214814854299386,-0.0012214814854299386,3.477203695572168,4.065267536017,3.9275294941241845
2017-10-19,-0.0036945574980022933,-0.003621720814579798,-0.003621720814579798,3.4643569665866107,4.050544271964972,3.913305078805439
2017-10-20,0.0026969643116148134,0.0026302540479295803,0.0026302540479295803,3.473700213688189,4.061198232432625,3.9235980653297498
2017-10-23,-0.006522767294704801,-0.006446668551039719,-0.006446668551039719,3.4510420755427345,4.035017033508064,3.8983039290750683
2017-10-24,0.0016919558201882179,0.0016513641094895086,0.0016513641094895086,3.4568810862681634,4.041680315818378,3.904741448271425
2017-10-25,-0.0037839373307917423,-0.0037519315207219153,-0.0037519315207219153,3.443800464877725,4.026516208044778,3.8900911257513857
2017-10-26,-0.00318793374419446,-0.0031922043397918784,-0.0031922043397918784,3.432821857167469,4.0136627455312155,3.8776731599775762
2017-10-27,0.029123723377707522,0.028862992694975893,0.028862992694975893,3.5327984113405626,4.12950906403558,3.9895944120675133
2017-10-30,0.0022480136065186063,0.002247789138633443,0.002247789138633443,3.5407401902383433,4.138791329657607,3.9985621790545114
2017-10-31,0.003760269276015027,0.003710837766262796,0.003710837766262796,3.554054326790048,4.154149712830382,4.0134001945992965
2017-11-01,-0.00032841325582289027,-0.0003121712446311936,-0.0003121712446311936,3.5528871282372156,4.152852906744143,4.012147326465345
2017-11-02,-0.001906781753233333,-0.0018726099755720957,-0.0018726099755720957,3.5461125478897952,4.14507623296389,4.004634139358341
2017-11-03,0.009617228927510046,0.009511647196683501,0.009511647196683501,3.5802163240655673,4.1845027356952,4.042724806443712
2017-11-06,0.003392689059356524,0.003390108335194033,0.003390108335194033,3.592362884818354,4.198688653298122,4.056430081506932
2017-11-07,0.0005855540578634244,0.0005837867581901946,0.0005837867581901946,3.5944664074828774,4.201139792135681,4.05879817167404
2017-11-08,0.004029100622604753,0.004000485306138821,0.004000485306138821,3.6089488743231986,4.217946390143155,4.075035334120405
2017-11-09,-0.005242735353980454,-0.005182824343586802,-0.005182824343586802,3.5900281104690763,4.196085514912377,4.053915141789749
2017-11-10,-6.504549591501707e-05,-0.00011630962296146883,-0.00011630962296146883,3.589794595310282,4.195597469788223,4.053443632448089
2017-11-13,0.0012360499069614672,0.0012444314373939876,0.0012444314373939876,3.594231760585826,4.200818603178278,4.058487865134012
2017-11-14,-0.0036391272939525487,-0.003571590607048464,-0.003571590607048464,3.581151893685087,4.185814998913252,4.043992607996079
2017-11-15,-0.004696569125485106,-0.0046504562383023985,-0.0046504562383023985,3.5643327662675333,4.166349049439177,4.025186197344574
2017-11-16,0.01277964942459242,0.012639349031980732,0.012639349031980732,3.60988368945302,4.2190089892641,4.076061930611523
2017-11-17,-0.0038182477689254757,-0.0037368911313862647,-0.0037368911313862647,3.5961002591096856,4.20324301198888,4.06083013093204
2017-11-20,-0.0007790181645120908,-0.0008162284325712412,-0.0008162284325712412,3.5932988316864325,4.199812205533488,4.0575155659193305
2017-11-21,0.01085596497488317,0.010761425842477804,0.010761425842477804,3.632307557947509,4.245008173135669,4.101180218786671
2017-11-22,0.0012217907478691004,0.0012485718217904846,0.0012485718217904846,3.636745477715224,4.250308370723916,4.106300836843933
2017-11-24,0.003661003123064166,0.0036097293943359414,0.0036097293943359414,3.650059614266929,4.2656508337847105,4.121123471676675
2017-11-27,-0.0004477266245278555,-0.0004241210742551935,-0.0004241210742551935,3.648425385396508,4.263841681370688,4.1193756163627295
2017-11-28,0.002561001901001836,0.0025409757864388017,0.0025409757864388017,3.6577690097441717,4.27467599984026,4.129842850059154
2017-11-29,-0.017434127101817465,-0.0172974426002318,-0.0172974426002318,3.593998999919203,4.200735037098434,4.058407130412278
2017-11-30,0.008384012413937603,0.00827018248497958,0.00827018248497958,3.6241311321502048,4.235475882426286,4.09197089797913
2017-12-01,-0.004253854762927833,-0.0041798842423809565,-0.0041798842423809565,3.6087146046722327,4.217772083526348,4.074866933302386
2017-12-04,-0.011521803898192462,-0.011419646642040003,-0.011419646642040003,3.567135702672656,4.169606616715816,4.028333392810739
2017-12-05,0.0006546293132647651,0.0006148001308851793,0.0006148001308851793,3.569470854268019,4.172170091409513,4.030810012707889
2017-12-06,0.004515889635033021,0.004473521259019299,0.004473521259019299,3.5855901907013603,4.190834383009678,4.048841926990805
2017-12-07,0.003387078243444197,0.003297604335160301,0.003297604335160301,3.597734865226192,4.204654096639029,4.0621934056816285
2017-12-08,0.004415191816203867,0.004374830143982371,0.004374830143982371,3.61361955476001,4.223048744126024,4.079964811843491
2017-12-11,0.007757111633999614,0.007667512113660898,0.007667512113660898,3.6416508050490872,4.255429021528191,4.111247991461611
2017-12-12,-0.0013470065078896587,-0.00134490614570463,-0.00134490614570463,3.6367454777152246,4.249705868884528,4.105718748771379
2017-12-13,0.0019269201826388471,0.0019504666430665014,0.0019504666430665014,3.6437531959753544,4.2579947784246315,4.11372681623667
2017-12-14,-0.0007049508064913557,-0.0006981679437839054,-0.0006981679437839054,3.641184529221196,4.255021982965537,4.110854744044089
2017-12-15,0.011354720425952758,0.011256721924537982,0.011256721924537982,3.6825291615698075,4.302919582210576,4.157129492769962
2017-12-18,0.008384369105925549,0.008290713755687892,0.008290713755687892,3.713404845303743,4.338593856780427,4.191595063439846
2017-12-19,-0.005925659081964629,-0.005901082763204353,-0.005901082763204353,3.6914004741571578,4.312991455355636,4.166860114060649
2017-12-20,-0.0010777574506671828,-0.0010827887183454071,-0.0010827887183454071,3.6874220397927386,4.308321396865456,4.16234828493822
2017-12-21,0.00012634804866529237,0.0001305827882709874,0.0001305827882709874,3.687887938372072,4.308883989486226,4.162891815983023
2017-12-22,-0.001142205739352975,-0.0011062171250104532,-0.0011062171250104532,3.683675611602773,4.304117428227373,4.158286753766617
2017-12-26,-0.00540131674933475,-0.005329203944953041,-0.005329203944953041,3.663778912822707,4.281179908649323,4.136126395594197
2017-12-27,0.00012798713000261586,0.00016838412534012084,0.00016838412534012084,3.6642478293707232,4.281900791383665,4.136822853619615
2017-12-28,0.0012137145526185389,0.0012227779856758094,0.0012227779856758094,3.6686951802856314,4.287136605408216,4.141881269535662
2017-12-29,-0.006189237451996732,-0.0061055861843125545,-0.0061055861843125545,3.6459887546758476,4.260961123379976,4.116592656479322
2018-01-02,0.01752718847786139,0.01737161834658153,0.01737161834658153,3.709892686767214,4.334980913804953,4.188104532996022
2018-01-03,0.009716852047538804,0.009611585104598589,0.009611585104598589,3.7459411651167773,4.3766469517848,4.228358856141868
2018-01-04,0.0017492959762441807,0.00174308022696186,0.00174308022696186,3.7524939249241633,4.384275798546849,4.235729224856508
2018-01-05,0.010043652010879978,0.009933034949113519,0.009933034949113519,3.790182668079043,4.427824963280368,4.277802871281989
2018-01-08,0.003890421244915343,0.003860354064634627,0.003860354064634627,3.8049280752530477,4.444917935374858,4.294316704983848
2018-01-09,6.137176687071033e-05,1.4307321186588143e-05,1.4307321186588143e-05,3.805161590411842,4.444981530243408,4.294378145152224
2018-01-10,-0.0023375359011706953,-0.0023185787046864953,-0.0023185787046864953,3.7962668885844986,4.43467549072466,4.284421291435002
2018-01-11,0.006844105481475626,0.006785952864845908,0.006785952864845908,3.8222489396058044,4.464768989575606,4.313495172371823
2018-01-12,0.007348806773695538,0.007320317056866278,0.007320317056866278,3.85033790850393,4.497452514164964,4.345071324656847
2018-01-16,-0.0028569208680431224,-0.0028251497492604214,-0.0028251497492604214,3.8393377977841077,4.48474653732226,4.3327958474934745
2018-01-17,0.010791091218439908,0.010663702243289433,0.010663702243289433,3.8807684421784003,4.532570539032887,4.378999492292105
2018-01-18,0.0001811976698584683,0.0001536276361989765,0.0001536276361989765,3.8814716283773834,4.533266867130704,4.379672227633023
2018-01-19,0.003135590222010487,0.0031020345948130092,0.0031020345948130092,3.8936423328623344,4.547329217780063,4.393258122397082
2018-01-22,0.010701142906202499,0.010605646330543308,0.010605646330543308,3.935308755891934,4.595556583212384,4.439851464282012
2018-01-23,0.0082679851368761,0.008220473023147545,0.008220473023147545,3.967845830194667,4.63333423213103,4.476349143470924
2018-01-24,-0.006489393542001842,-0.006392125705071682,-0.006392125705071682,3.9420969170885427,4.603717377285636,4.447735757046068
2018-01-25,-0.00035618325816322294,-0.00035428136039378666,-0.00035428136039378666,3.940692808164619,4.602086366030343,4.44616000717139
2018-01-26,0.015325070804475205,0.015175833778148875,0.015175833778148875,4.0010842044684285,4.671926863753905,4.513634192391276
2018-01-29,-0.004855440861681992,-0.0048552197469711005,-0.0048552197469711005,3.981657176731022,4.649243632188602,4.4917195065297735
2018-01-30,-0.00823067374905495,-0.008168529743870109,-0.008168529743870109,3.9488854555287656,4.611266147292571,4.4550287621395634
2018-01-31,0.004149251142296473,0.004152691590935693,0.004152691590935693,3.9652703730159162,4.630415313445999,4.473529122617477
2018-02-01,-0.008500533483182027,-0.008439568988621342,-0.008439568988621342,3.9315634594402247,4.591336603962203,4.43577446496454
2018-02-02,-0.019945393074601414,-0.01981246162150712,-0.01981246162150712,3.8531468808439495,4.500370923704781,4.347890853615769
2018-02-05,-0.03942641240764111,-0.03902117864878892,-0.03902117864878892,3.70123112285258,4.324761145905081,4.1782310278713926
2018-02-06,0.026498920824276295,0.026166589175138557,0.026166589175138557,3.799309753329398,4.437925394090581,4.28756108265652
2018-02-07,-0.01293771195407789,-0.012846215375819153,-0.012846215375819153,3.7501553781165033,4.380914848656277,4.232482149551734
2018-02-08,-0.04219535896174842,-0.04177839291521524,-0.04177839291521524,3.591916225774546,4.197887266781014,4.055655847301127
2018-02-09,0.01726990120484606,0.017104093688267884,0.017104093688267884,3.653948264129756,4.2696883238848224,4.125024164880736
2018-02-12,0.017745051933933054,0.017595689315225708,0.017595689315225708,3.718787765840643,4.344816433104747,4.197606808503776
2018-02-13,0.005161228278450336,0.0051429055092914655,0.0051429055092914655,3.737981278419255,4.367161413475422,4.21919470368507
2018-02-14,0.01872381885288732,0.01856909497771953,0.01856909497771953,3.8079705627518616,4.448255648545279,4.297541330867289
2018-02-15,0.01856414456847366,0.018408958706337287,0.018408958706337287,3.8786622787912792,4.530143403094581,4.376654591766002
2018-02-16,-0.004465777207145694,-0.004414471794268568,-0.004414471794268568,3.8613410371924375,4.510145212817628,4.357333973517394
2018-02-20,0.002000271601033665,0.0019120806779645827,0.0019120806779645827,3.8690647680110395,4.518768974333871,4.365665547615596
2018-02-21,-0.002843482951002785,-0.0028634719974935455,-0.0028634719974935455,3.8580631483068744,4.505829605912723,4.3531645865695765
2018-02-22,-0.00012134639593019969,-8.804753360563629e-05,-8.804753360563629e-05,3.8575949862485563,4.505432878729075,4.35278130116435
2018-02-23,0.020449202400284916,0.02027951698694102,0.02027951698694102,3.9364797269006773,4.596800881326784,4.441053603501751
2018-02-26,0.013260165252946488,0.013129703178730934,0.013129703178730934,3.988678098594254,4.657155512470333,4.499363319116562
2018-02-27,-0.012382587068917816,-0.012314295820323385,-0.012314295820323385,3.939287944748525,4.599805921808524,4.4439568282018485
2018-02-28,-0.006417306799873623,-0.00634727761401473,-0.00634727761401473,3.91400832543403,4.570609676652216,4.4157498005085545
2018-03-01,-0.01632688270680216,-0.016163834580275913,-0.016163834580275913,3.8501047705912215,4.4967310979078015,4.344374351185248
2018-03-02,0.00918044352108316,0.006318846416723539,0.006318846416723539,3.885450439987887,4.525145251092786,4.371825785487141
2018-03-05,0.011085177861577256,0.008201311677297835,0.008201311677297835,3.9285213491874966,4.562257377682042,4.407680491352769
2018-03-06,0.0042301043879586775,0.003779771118522828,0.003779771118522828,3.945139404584884,4.579501666353472,4.424340514773661
2018-03-07,0.0023137881966863727,0.0006725907335152643,0.0006725907335152643,3.9542676215734947,4.582581796738379,4.427316285205814
2018-03-08,0.005505660737026075,0.004207981770665347,0.004207981770665347,3.976038477561285,4.601865217401636,4.4459463514269295
2018-03-09,0.019428161222620144,0.013727459861101741,0.013727459861101741,4.053285594130687,4.665037137459717,4.506977901510754
2018-03-12,0.005312527484674812,0.004165172321760375,0.004165172321760375,4.074818785252742,4.684467821024649,4.525750241120912
2018-03-13,-0.013614319128455121,-0.009166695521594711,-0.009166695521594711,4.019342901919687,4.641526730828608,4.484264066653773
2018-03-14,-0.00017495053759120083,0.00047313486845342083,0.00047313486845342083,4.018639715718233,4.643722798967822,4.48638572834306
2018-03-15,-0.0008732160179952819,-0.001286126324020191,-0.001286126324020191,4.015130575147916,4.637750384834617,4.48061566955813
2018-03-16,-0.0029735211179637844,-0.0022318960509449958,-0.0022318960509449958,4.003191499591332,4.627399408065436,4.470615401139441
2018-03-19,-0.021336126998643956,-0.015257745265148072,-0.015257745265148072,3.9177788973561594,4.556795726657077,4.402403890170408
2018-03-20,0.003291313661160311,0.0015435950362528335,0.0015435950362528335,3.9306735365624332,4.5638295739219625,4.409199418962855
2018-03-21,-0.004354187133381315,-0.001359316357821316,-0.001359316357821316,3.9135586484240106,4.557625885727822,4.403205922067762
2018-03-22,-0.024682505194846827,-0.017389011516902992,-0.017389011516902992,3.8169622167539474,4.4783732767111655,4.326638523577631
2018-03-23,-0.02635142955037817,-0.017752100947699023,-0.017752100947699023,3.7163798058027004,4.398872742221511,4.249831599742877
2018-03-26,0.03715846805933998,0.027031945423416744,0.027031945423416744,3.854474786112996,4.517782830113798,4.364712815605838
2018-03-27,-0.03235996523201812,-0.022748072126684258,-0.022748072126684258,3.7297441160466893,4.415011980441673,4.265424013664173
2018-03-28,-0.011503853531919295,-0.00947803146136695,-0.00947803146136695,3.6868376860241505,4.373166357988735,4.2249961906665945
2018-03-29,0.018314878137344337,0.013423394491599318,0.013423394491599318,3.7543616689558514,4.431869095189408,4.281709981259417
2018-04-02,-0.028851701612743752,-0.01940567868680117,-0.01940567868680117,3.6460419463368146,4.345865667546198,4.198620493133027
2018-04-03,0.011253611911344663,0.0077152317463266866,0.0077152317463266866,3.687073087413373,4.379395028309721,4.231013823252424
2018-04-04,0.01577003583717973,0.012191994480530646,0.012191994480530646,3.7452183621361828,4.4327885883229365,4.282598320432567
2018-04-05,0.005696432227848325,0.003842267542576118,0.003842267542576118,3.7665527447145846,4.449820548038952,4.299053208957056
2018-04-06,-0.02502327142867722,-0.01849075953778991,-0.01849075953778991,3.6723012730331623,4.367539986298847,4.219560449830067
2018-04-09,0.007023161423988622,0.005680562090037151,0.005680562090037151,3.698092437671193,4.392350068371737,4.243529924957992
2018-04-10,0.022063023978915686,0.01687910682334593,0.01687910682334593,3.7796835397997794,4.466489014381315,4.315156919869423
2018-04-11,-0.005768950728588074,-0.0037256403065576813,-0.0037256403065576813,3.757878731689019,4.449848482880539,4.299080197319636
2018-04-12,0.0120416373154979,0.007692869531598367,0.007692869531598367,3.8031297444516414,4.48408058669472,4.332152460383494
2018-04-13,-0.005178496750045225,-0.0031169194286750058,-0.0031169194286750058,3.7834352494299983,4.470104068794307,4.318649490211742
2018-04-16,0.007622320571714969,0.006311683187445973,0.006311683187445973,3.81227380576348,4.49831794949145,4.345907437591583
2018-04-17,0.021524919541917598,0.016864104415899302,0.016864104415899302,3.894332692704299,4.5741780530875875,4.41919727440096
2018-04-18,0.0020466791641686743,0.0011859774927360839,0.0011859774927360839,3.902303142284798,4.579602925306316,4.42443834290436
2018-04-19,-0.009192114763481585,-0.0073760837487773494,-0.0073760837487773494,3.8664327239590213,4.545823390593111,4.391803315145796
2018-04-20,-0.015826842279904496,-0.013274471442075692,-0.013274471442075692,3.8052393030510605,4.485479987813963,4.3335044474596796
2018-04-23,-0.0025260496389749587,-0.0025510326718450097,-0.0025510326718450097,3.795627079683375,4.474037381816142,4.322449536030624
2018-04-24,-0.021187375613934467,-0.015747688491252354,-0.015747688491252354,3.7152077030557025,4.4035816348290835,4.254380947218055
2018-04-25,0.0011988942996017382,5.289763908115444e-05,5.289763908115444e-05,3.7196618443927325,4.403814573901068,4.2546059939259155
2018-04-26,0.02105314294656857,0.01634019586226381,0.01634019586226381,3.7979724169156297,4.475773766579703,4.324127089183427
2018-04-27,0.0006171261901410929,0.0013830390137748458,0.0013830390137748458,3.800316245163542,4.481963936315712,4.3301075256482875
2018-04-30,-0.007095403284841706,-0.006026618504008432,-0.006026618504008432,3.7733514687941714,4.4549528495228135,4.304011619509869
2018-05-01,0.011433092643600595,0.007967276959952732,0.007967276959952732,3.8164925457137615,4.490446692718493,4.33830287212136
2018-05-02,-0.005897263600518121,-0.006065457585474584,-0.006065457585474584,3.793985683142275,4.463210078763974,4.311989080057565
2018-05-03,-0.0001234952747672935,-0.00010014326528312649,-0.00010014326528312649,3.793517143837872,4.462763118333042,4.311557263391222
2018-05-04,0.01897398154325547,0.018800215487033867,0.018800215487033867,3.865495268109075,4.54666402662529,4.392615469027663
2018-05-07,0.008309470184176382,0.00821873802441656,0.00821873802441656,3.897615485786502,4.584031867145162,4.428717224809601
2018-05-08,-0.0010227680338931178,-0.0010384716418189001,-0.0010384716418189001,3.893629129259233,4.5792714800459375,4.424118127562001
2018-05-09,0.010899218201245509,0.010768701343177603,0.010768701343177603,3.936066642733755,4.628584286983883,4.471760134384654
2018-05-10,0.010364308242694298,0.010306298394898845,0.010306298394898845,3.9768612506828345,4.676287857791479,4.517847428680036
2018-05-11,-0.0009432897321950406,-0.0009342074612830978,-0.0009342074612830978,3.973109918298701,4.671919234783623,4.513626821903224
2018-05-14,0.0017115642912710616,0.0016716841192754312,0.0016716841192754312,3.9799101513601562,4.6797292079749475,4.521172180181735
2018-05-15,-0.011075353045485126,-0.011047456183311578,-0.011047456183311578,3.935831241344532,4.6280301046000805,4.47122472862397
2018-05-16,0.006612340684732265,0.006530240234670756,0.006530240234670756,3.961856298389915,4.658252252996407,4.500422900245085
2018-05-17,-0.0038464852833128838,-0.0038265236305322576,-0.0038265236305322576,3.946617076443558,4.6404273406733365,4.483201925669909
2018-05-18,-0.005168300744525345,-0.005097413927563663,-0.005097413927563663,3.926219772469018,4.616773161717141,4.460349189733919
2018-05-21,0.005612826792910974,0.005565392122981389,0.005565392122981389,3.9482569640027894,4.642467314704954,4.485172781980211
2018-05-22,-0.0013061333999826452,-0.0012945399544257742,-0.0012945399544257742,3.9431000137103913,4.636457455278953,4.479366546611434
2018-05-23,0.008443375719823232,0.008382194233312882,0.008382194233312882,3.9763930886269883,4.675321142223593,4.516913467047335
2018-05-24,-0.0002945755685416218,-0.00024237457057657373,-0.00024237457057657373,3.975221740372161,4.674187963269439,4.515818682085428
2018-05-25,0.0010023265510892276,0.0009980594115044372,0.0009980594115044372,3.979206210669003,4.678853080557321,4.5203257374217305
2018-05-29,-0.004418922707956852,-0.004341879094151,-0.004341879094151,3.961622405985035,4.6585380661822455,4.500699029603666
2018-05-30,0.0071608308768527085,0.007089646462873802,0.007089646462873802,3.9899909140322443,4.691565454105318,4.5326073945593555
2018-05-31,-0.0006459522000700213,-0.0006479244018714064,-0.0006479244018714064,3.987413570623066,4.688525674364626,4.529670607624317
2018-06-01,0.015699348010230096,0.01550534908503411,0.01550534908503411,4.050013363928992,4.761222901639794,4.599904731635751
2018-06-04,0.009030769278137063,0.008916443066373847,0.008916443066373847,4.086588100192007,4.803676074568581,4.640919520286125
2018-06-05,0.003097936958370795,0.003079378683655265,0.003079378683655265,4.09924809250123,4.8184684122757915,4.655210668929453
2018-06-06,0.005833934276273656,0.005739189447657089,0.005739189447657089,4.123162836455022,4.846122515341394,4.681927804877193
2018-06-07,-0.008131554135386576,-0.00802824575725569,-0.00802824575725569,4.089635114641374,4.807216652818463,4.644340137841911
2018-06-08,5.737599821831196e-05,5.839091080070897e-05,5.839091080070897e-05,4.089869761538425,4.807497350577237,4.644611325092628
2018-06-11,0.0026943957011875685,0.0026658834631576524,0.0026658834631576524,4.1008894890423315,4.820313578263315,4.656993317616987
2018-06-12,0.005259965799476518,0.005208040609019331,0.005208040609019331,4.122460027502127,4.845417967127118,4.681247127931068
2018-06-13,-5.682763432579563e-05,-4.883149763193617e-05,-4.883149763193617e-05,4.122225757851162,4.845181358111131,4.681018535623027
2018-06-14,0.010123855592264475,0.01005724278225093,0.01005724278225093,4.16395857614236,4.893910523353691,4.728096675504005
2018-06-15,-0.0034910080696466395,-0.003506410219763582,-0.003506410219763582,4.149422163151372,4.876750465479995,4.711518029000987
2018-06-18,-0.0005777665083720462,-0.0005791119833088333,-0.0005791119833088333,4.147024765996407,4.873926280845829,4.708789532450817
2018-06-19,-0.002832828977427315,-0.0027936003686771594,-0.0027936003686771594,4.135276954069184,4.860310478590753,4.69563505627694
2018-06-20,0.0071021461249689555,0.007004032104331192,0.007004032104331192,4.1646462952642,4.8943522492198195,4.7285234349613265
2018-06-21,-0.008687898276263928,-0.008597937847989665,-0.008597937847989665,4.128464271894325,4.852270912774859,4.687867884354766
2018-06-22,-0.002219999126597094,-0.002181902187668658,-0.002181902187668658,4.119299084816532,4.841683732255115,4.677639415162391
2018-06-25,-0.022529986300405813,-0.022295392586931202,-0.022295392586931202,4.026491332868342,4.733736492662729,4.573349608021242
2018-06-26,0.0040847382217104045,0.004026545230914027,0.004026545230914027,4.042938495915095,4.752797096761664,4.591764407074722
2018-06-27,-0.013598878117636048,-0.013463337253154866,-0.013463337253154866,3.987959068072047,4.688808586552146,4.529943934275242
2018-06-28,0.008601917200188103,0.008507131800305965,0.008507131800305965,4.022263161773342,4.728696899184352,4.568480764372119
2018-06-29,0.0026865985486745902,0.002671609685549095,0.002671609685549095,4.033069368146149,4.741330131620239,4.58068596183046
2018-07-02,0.0066999500321156535,0.0066033884469970236,0.0066033884469970236,4.060090731388785,4.772638976234778,4.610934010590132
2018-07-03,-0.01157394029291059,-0.011414073426099784,-0.011414073426099784,4.013099483679891,4.718163724523769,4.558304471230355
2018-07-05,0.012412047877702115,0.01230922313731151,0.01230922313731151,4.0629102666093075,4.7762406546073,4.614413658094533
2018-07-06,0.015556464258572378,0.015408641739924397,0.015408641739924397,4.126114784957602,4.849836035717806,4.685515504991926
2018-07-09,0.008997053249089726,0.008875313335748794,0.008875313335748794,4.163237659389722,4.892879850161808,4.727100923238239
2018-07-10,0.0007336980533028115,0.0007303771634260615,0.0007303771634260615,4.166292218755853,4.896453497867754,4.730553489801783
2018-07-11,-0.005075347891545845,-0.005050475674741402,-0.005050475674741402,4.145146836327826,4.871724078584271,4.706661944473476
2018-07-12,0.01723155974922652,0.01707458980789047,0.01707458980789047,4.216574181707326,4.954906768883321,4.787026266539769
2018-07-13,0.0008355357966538524,0.0008169626442399351,0.0008169626442399351,4.220097280375389,4.9589547426191904,4.790937088176528
2018-07-16,-0.0023937572440676513,-0.002373624456807782,-0.002373624456807782,4.20999539193982,4.947184046361906,4.7795652027330044
2018-07-17,0.006083162631736583,0.0059776044282173575,0.0059776044282173575,4.235605478587852,4.976756355624645,4.808135552853815
2018-07-18,-0.001886226635790078,-0.0018781029746787977,-0.0018781029746787977,4.227616166715441,4.967409494708895,4.799105379169341
2018-07-19,-0.005001816351759336,-0.004944550139671641,-0.004944550139671641,4.206470407043802,4.942847889398026,4.77537596199647
2018-07-20,-0.00022339853500163986,-0.0002222848469177273,-0.0002222848469177273,4.20553068771734,4.941749169211593,4.7743144682817835
2018-07-23,0.0031844319846838776,0.0031087830814324857,0.0031087830814324857,4.218922914151877,4.957111995421521,4.789156776326216
2018-07-24,0.00412125558362364,0.004089540586842548,0.004089540586842548,4.236310173768703,4.977384306120322,4.808742227339755
2018-07-25,0.013976842400446943,0.013857988338428719,0.013857988338428719,4.295520413426878,5.046360839790415,4.875381721048738
2018-07-26,-0.015151588337307342,-0.015018456624372468,-0.015018456624372468,4.230436456428134,4.970572288407091,4.802161012143909
2018-07-27,-0.01349651618662584,-0.013361381760629933,-0.013361381760629933,4.17334030231746,4.904158574492875,4.737997505584641
2018-07-30,-0.014131146637264447,-0.014004479789279418,-0.014004479789279418,4.114366218538206,4.835478384852968,4.6716443152760245
2018-07-31,0.007652255429482002,0.007599749588624896,0.007599749588624896,4.145850399772892,4.872226809719059,4.707147642239245
2018-08-01,0.0037972535406431973,0.0037169892326516037,0.0037169892326516037,4.161593244882407,4.890336824309822,4.72464405934195
2018-08-02,0.01360674271757567,0.013457209663183842,0.013457209663183842,4.218218973460722,4.956147112278147,4.78822458503243
2018-08-03,0.0030634204227035777,0.003066539698622188,0.003066539698622188,4.231141151611458,4.97134533415016,4.8029078658083515
2018-08-06,0.005885943965014517,0.005811114416651994,0.005811114416651994,4.25604541133791,5.000234390691595,4.830818112949202
2018-08-07,0.0036436274103139876,0.003604376381387328,0.003604376381387328,4.271552855058202,5.018257117430805,4.848230199658294
2018-08-08,0.0012102803886167024,0.0012030521043348977,0.0012030521043348977,4.276722631707618,5.024294342216024,4.8540628732022935
2018-08-09,-0.0006040558539964769,-0.0005834304520558943,-0.0005834304520558943,4.274139252366016,5.021363015896683,4.851230865105873
2018-08-10,-0.007641229558888019,-0.007560384134862596,-0.007560384134862596,4.241479573172033,4.983399582615912,4.814553696238771
2018-08-13,-0.001107773017370084,-0.0011462809145141829,-0.0011462809145141829,4.236780976547147,4.977687206784962,4.809034865224868
2018-08-14,0.006266593285108479,0.006204821833206042,0.006204821833206042,4.263331159765253,5.0085728690444915,4.838874069753264
2018-08-15,-0.012234804757972895,-0.012151656115415306,-0.012151656115415306,4.211170135406943,4.947710413910864,4.780073736071822
2018-08-16,0.003291697326159859,0.0032663588565404887,0.0032663588565404887,4.225032032881666,4.963871411640939,4.795687172254556
2018-08-17,0.0002225063775207481,0.0002557199349023236,0.0002557199349023236,4.225972129454211,4.965140772515187,4.796913525066057
2018-08-20,-0.0008896489796667018,-0.0008556921131692268,-0.0008556921131692268,4.222212497661142,4.96089214071537,4.792808843995103
2018-08-21,0.0036727347291962698,0.0036364853373485086,0.0036364853373485086,4.237719564135349,4.978932352245249,4.810237823081006
2018-08-22,0.003881491396417802,0.0038473058137208998,0.0038473058137208998,4.254168236163972,4.998087827630166,4.828744279023126
2018-08-23,-0.0014362086506176652,-0.0014494565167360747,-0.0014494565167360747,4.24805836294201,4.990843316657188,4.821745224160243
2018-08-24,0.00929177067506659,0.009264589628634667,0.009264589628634667,4.287530347064766,5.037081431886832,4.866416714955918
2018-08-27,0.010192999792479673,0.0100888872704769,0.0100888872704769,4.331233143002647,5.087899978625351,4.915513444604272
2018-08-28,0.00146465577293875,0.001414806270527445,0.001414806270527445,4.337576908629489,5.095098371418927,4.92246794384856
2018-08-29,0.011537820624937689,0.011446502215579463,0.011446502215579463,4.387623092948128,5.153419426215969,4.978812984073942
2018-08-30,-0.0017669655256835615,-0.0017621044517408765,-0.0017621044517408765,4.379870314203195,5.144338562903346,4.97003979555032
2018-08-31,0.001287410994601057,0.0012633128196544545,0.0012633128196544545,4.3855090074006275,5.150837471758504,4.976318510538231
2018-09-04,-0.004286081718058887,-0.004262273301760742,-0.004262273301760742,4.366712357419625,5.1288831947209195,4.955108081009707
2018-09-05,-0.012913853047343937,-0.012766014855164499,-0.012766014855164499,4.3103212757358875,5.063407795666708,4.891851097638591
2018-09-06,-0.008939709321757583,-0.008829084538183917,-0.008829084538183917,4.271788256447421,5.018702540187467,4.848660530749333
2018-09-07,-0.0038501821852844342,-0.0038509787374543187,-0.0038509787374543187,4.25534109340314,4.999375623415597,4.829988442140284
2018-09-10,0.0033681671894445486,0.0033450163360632663,0.0033450163360632663,4.269673793653835,5.016098616546039,4.84614483238224
2018-09-11,0.00770426616338038,0.00761977902193407,0.00761977902193407,4.302568496990954,5.054320179556349,4.883071385113281
2018-09-12,-0.002948827255755959,-0.0028923317165116084,-0.0028923317165116084,4.28988096573727,5.039701408995613,4.8689479228721275
2018-09-13,0.010680134159362309,0.010571059592379512,0.010571059592379512,4.3356974699790385,5.0929763929179055,4.920417861517001
2018-09-14,-0.002926382338164113,-0.0029274007360299567,-0.0029274007360299567,4.323009561479269,5.078067210076695,4.906013826647622
2018-09-17,-0.014402764822629477,-0.014242333229863362,-0.014242333229863362,4.260746271439305,5.00574368470714,4.8361407428981895
2018-09-18,0.008271480873716985,0.008168197123218103,0.008168197123218103,4.2959889527312765,5.046631585872132,4.875643293801809
2018-09-19,-0.0007656458848879222,-0.0007764543594192761,-0.0007764543594192761,4.292699746468093,5.042713106776898,4.871857579311363
2018-09-20,0.01105645707608316,0.01096792458278503,0.01096792458278503,4.340161796955431,5.098021203824649,4.925291745819319
2018-09-21,-0.00546742664719202,-0.005433333836459029,-0.005433333836459029,4.316432280693632,5.070321952718922,4.8985309915223265
2018-09-24,0.002780991581868175,0.0027409162166215383,0.0027409162166215383,4.3284362425299445,5.084219280382622,4.911957454554614
2018-09-25,0.0013594471291336063,0.0013397598991197375,0.0013397598991197375,4.334320522753489,5.09103091349281,4.918538298178409
2018-09-26,0.0007056951723043436,0.0006780794723308602,0.0006780794723308602,4.337379231821616,5.094483037048252,4.921873458032277
2018-09-27,0.008466110162757667,0.00836615237740751,0.00836615237740751,4.374099962215875,5.137104258420315,4.963050601364492
2018-09-28,-0.00021552714862849154,-0.00018111334074083748,-0.00018111334074083748,4.373157224923203,5.1361738603063385,4.962151726689813
2018-10-01,0.002045490776596326,0.002001680815859934,0.002001680815859934,4.382102477691388,5.146454840989435,4.972084370606513
2018-10-02,-0.002255846226459468,-0.0021702375567489687,-0.0021702375567489687,4.37221712835313,5.135285811409407,4.9612937663700984
2018-10-03,0.0010766330083156195,0.0010186689576255317,0.0010186689576255317,4.376924401633038,5.140516967654024,4.966347682319561
2018-10-04,-0.019198670196403533,-0.01901410145238495,-0.01901410145238495,4.292893273571494,5.042774656513345,4.87191704364012
2018-10-05,-0.012227268792527446,-0.012089932944370258,-0.012089932944370258,4.240402913617902,4.981807849062529,4.813015893271976
2018-10-08,-0.006105997425498666,-0.006084086492669979,-0.006084086492669979,4.214511024344274,4.95149809921897,4.783733088286715
2018-10-09,0.0032393197510098837,0.0032349555809194773,0.0032349555809194773,4.228163173146282,4.967515975628951,4.799208252338297
2018-10-10,-0.04397947212383857,-0.043542286762883145,-0.043542286762883145,4.0422107887378536,4.751218970518911,4.590239750380188
2018-10-11,-0.012403012658017132,-0.012192974932019294,-0.012192974932019294,3.9920751971587647,4.69328747671484,4.534271072171843
2018-10-12,0.02783023766723991,0.027533633902264258,0.027533633902264258,4.103175598681187,4.822510735896788,4.65911603188665
2018-10-15,-0.012104172023811866,-0.01195764951952757,-0.01195764951952757,4.053510055390842,4.764844842712775,4.603403955306537
2018-10-16,0.029092388001129788,0.028815647458384445,0.028815647458384445,4.171436342688754,4.902146931894288,4.736054020791183
2018-10-17,0.00039493170653592813,0.00037129107402666934,0.00037129107402666934,4.173083775162278,4.903967055293667,4.73781247537521
2018-10-18,-0.02318265951592202,-0.022940909152162094,-0.022940909152162094,4.076340594871272,4.79146559259298,4.629122749797648
2018-10-19,-0.000923601241284211,-0.0009015839691341677,-0.0009015839691341677,4.072575681637952,4.78714568402604,4.624949206935276
2018-10-22,0.005143971834944638,0.0050760761354645065,0.0050760761354645065,4.093524896239978,4.8114455999897165,4.648425801232335
2018-10-23,-0.0036800020198111127,-0.003623075429838921,-0.003623075429838921,4.078460716353668,4.794013369654387,4.631584203924461
2018-10-24,-0.045766920796278976,-0.045267257121795794,-0.045267257121795794,3.891802127777574,4.577001533804915,4.421925090884164
2018-10-25,0.03459525824790677,0.0342249339745647,0.0342249339745647,4.0264400274377925,4.7336491091008694,4.573265185160145
2018-10-26,-0.02572168016639509,-0.025467430639733852,-0.025467430639733852,3.9228732248428666,4.613095228742005,4.45679587125997
2018-10-29,-0.020580996563135834,-0.020376368935067706,-0.020376368935067706,3.842136584484758,4.519097098428558,4.36598255431889
2018-10-30,0.01647981291139944,0.0162965871653254,0.0162965871653254,3.90545427657711,4.592742958201668,4.4371331695776375
2018-10-31,0.023505331297966503,0.023233411011524447,0.023233411011524447,3.997253273217115,4.699448043019852,4.540222908219303
2018-11-01,0.013190498009243656,0.013101375800691884,0.013101375800691884,4.049979034559928,4.761017277887281,4.599706074758795
2018-11-02,-0.01557586173131853,-0.010732075009416328,-0.010732075009416328,3.9868971211028836,4.709921683339868,4.550341684143215
2018-11-05,-0.002479553969932824,-0.0009154005002582025,-0.0009154005002582025,3.9770113945185392,4.705610218674762,4.546176299089205
2018-11-06,0.007575533369235998,0.004200129010730328,0.004200129010730328,4.0071393770475465,4.725374388667407,4.565270826050904
2018-11-07,0.031367552772517904,0.019439415351769438,0.019439415351769438,4.13283353292392,4.817232904101326,4.654017021831823
2018-11-08,-0.006378659422746624,-0.004249595843881898,-0.004249595843881898,4.106471595366491,4.7967616111730464,4.634239330438491
2018-11-09,-0.01685229757241058,-0.01103480954779768,-0.01103480954779768,4.037268114068723,4.743830260347565,4.583101382028189
2018-11-12,-0.030258580768131038,-0.01895000836804617,-0.01895000836804617,3.9151061107565748,4.653934637217388,4.496251572487151
2018-11-13,0.0008412883630954937,0.0006542545346206356,0.0006542545346206356,3.9183998439678382,4.656979495057615,4.4991932654672455
2018-11-14,-0.0076287725423943575,-0.003776415252878392,-0.003776415252878392,3.888507262828054,4.639392806660138,4.482202443393887
2018-11-15,0.017493850666691735,0.01035131550550244,0.01035131550550244,3.9565322282003144,4.687416625355835,4.528599135044991
2018-11-16,-0.0035102215475307785,-0.00018121984014560121,-0.00018121984014560121,3.9426439235193858,4.686567172464293,4.527778463033655
2018-11-19,-0.03247735866164836,-0.018875963551626018,-0.018875963551626018,3.814597262740078,4.59810370133461,4.442312281795594
2018-11-20,-0.01789481137799198,-0.011004340328135525,-0.011004340328135525,3.74633576424034,4.547504603341064,4.393427565602859
2018-11-21,0.007602543814447138,0.004361084935233042,0.004361084935233042,3.7748174460316077,4.567336657159598,4.4125876763732474
2018-11-23,-0.0072331763716506625,-0.004626616880202389,-0.004626616880202389,3.747513525673677,4.546205340284017,4.392172323744366
2018-11-26,0.023114036946380923,0.014035919743868487,0.014035919743868487,3.8341336917631605,4.610015513579389,4.453820501981682
2018-11-27,0.0033767931470110035,0.0014500511344849572,0.0014500511344849572,3.8470807681382304,4.616700271804849,4.460278769453374
2018-11-28,0.0321825992230218,0.01979411947457652,0.01979411947457652,3.970889826677818,4.708083788563264,4.548566060305851
2018-11-29,-0.0032598324852800564,-0.0013683682970494495,-0.0013683682970494495,3.9579453910253455,4.701641395967141,4.542341946711893
2018-11-30,0.007255171903397084,0.0049602112339224395,0.0049602112339224395,3.9866609652214926,4.724962530437292,4.564872922264291
2018-12-03,0.017476662850020253,0.012294186721883253,0.012294186721883253,4.056334494808005,4.78305210204039,4.620994322332277
2018-12-04,-0.038356857947026035,-0.033365327729391256,-0.033365327729391256,3.900746248805033,4.623464001109059,4.466813332332004
2018-12-06,0.007060013646257746,0.006247226339479339,0.006247226339479339,3.9282855705521853,4.652347827196421,4.494718526235285
2018-12-07,-0.03301544425067693,-0.028561004465096972,-0.028561004465096972,3.798591477296881,4.51947210013068,4.366344850338125
2018-12-10,0.010472155192296162,0.009161991932907943,0.009161991932907943,3.8383709167592674,4.560879467053081,4.406349266633217
2018-12-11,0.0033114421516937664,0.0029144678033017953,0.0029144678033017953,3.8510814600068595,4.574172003414547,4.4191914297009225
2018-12-12,0.008801465143847498,0.0076916038391162955,0.0076916038391162955,3.8849766192432273,4.609354722356788,4.4531820994674005
2018-12-13,0.0003026724027188621,0.000262312532015702,0.000262312532015702,3.88615249445108,4.610563813864969,4.454350224939439
2018-12-14,-0.024348582423487253,-0.021523536708042634,-0.021523536708042634,3.7915301901296976,4.511328174372474,4.358476854362477
2018-12-17,-0.022659641913875594,-0.01993564412194496,-0.01993564412194496,3.70561547371571,4.421391941370881,4.271587810880173
2018-12-18,0.006288422034724572,0.005623021193317475,0.005623021193317475,3.7289179477128402,4.4462535219611725,4.295607039669869
2018-12-19,-0.024555004034600536,-0.02153398612269644,-0.02153398612269644,3.637354352462057,4.350507960321271,4.2031054972890605
2018-12-20,-0.014495842506874523,-0.01215416213388318,-0.0015828939386440366,3.5846278366270727,4.297631181206777,4.19645242707392
2018-12-21,-0.030993250861072408,-0.027483015708354392,-0.01076924134535552,3.473528566842907,4.179519315944957,4.151259818092458
2018-12-24,-0.024798210174066138,-0.02177326336886664,-0.007370160396397462,3.3873912753967135,4.088517541123623,4.120664367385997
2018-12-26,0.062439499522145114,0.054782637220479886,0.01832494613403166,3.5988982913181653,4.312497314348566,4.196175319954769
2018-12-27,0.003869840121388135,0.003766142642784679,0.0032723933114761935,3.6128254523187033,4.328738794381029,4.209906856005571
2018-12-28,-0.0005228234300544976,-6.172945811548225e-05,0.002133741862704811,3.610936582523534,4.328471583680929,4.218889710502317
2018-12-31,0.008432965866295827,0.007572978965379262,0.0034782028630077535,3.6413874874693137,4.361251007936387,4.2335638647721
2019-01-02,0.004019037853135288,0.0034470758842748365,0.0007237132387985007,3.656022361619386,4.376284571111114,4.236627750988335
2019-01-03,-0.03266994814854407,-0.0174869619902783,-0.006336723710960224,3.536580300635363,4.299756649157453,4.209781411464135
2019-01-04,0.04278445358025751,0.024055919575120762,0.010910266154436079,3.68789095634075,4.403191249302175,4.255711247115206
2019-01-07,0.01190548526295232,0.006896772737602921,0.006608076518573202,3.73179708777284,4.4335590586688145,4.283833312677096
2019-01-08,0.009045597063376931,0.005323396454372912,0.005323396454372912,3.7655534205511163,4.457160651241985,4.306637855744926
2019-01-09,0.008149415875948973,0.005270846802799957,0.005270846802799957,3.7962404813782897,4.480653662210149,4.329337484117697
2019-01-10,0.0028602682966956117,0.0010296679770828907,0.0010296679770828907,3.8070987476738085,4.485267247802526,4.333795264287078
2019-01-11,-0.0036580103206799164,-0.0017970074798940969,-0.0017970074798940969,3.79317234116297,4.477207189008901,4.326007401780824
2019-01-14,-0.008837076496421958,-0.00602706577032083,-0.00602706577032083,3.759651787020001,4.450222766813391,4.299934270647396
2019-01-15,0.019526586904369037,0.011578980997068965,0.011578980997068965,3.8330649543694135,4.501751811663047,4.349723127855868
2019-01-16,-0.0001849290042714724,0.0005854248816318939,0.0005854248816318939,3.832356109484094,4.504387249184526,4.352269564003125
2019-01-17,0.0078841183344327,0.004747736059037143,0.004747736059037143,3.862570858550953,4.525772890951346,4.372932991150792
2019-01-18,0.009900311264254835,0.0042722865692285976,0.0042722865692285976,3.900811512330847,4.545108289688737,4.391615414037022
2019-01-22,-0.020029809758726924,-0.010926237557555384,-0.010926237557555384,3.8226789998342086,4.495447356790783,4.343631580761832
2019-01-23,0.0012964411280462773,0.0010377093525631856,0.0010377093525631856,3.8276348781089125,4.50011232455688,4.348139007877276
2019-01-24,0.00647538965584471,0.004133828460262691,0.004133828460262691,3.8524203054049693,4.518715016958512,4.366113468657218
2019-01-25,0.01194882903450778,0.008388752082632903,0.008388752082632903,3.8984522170033196,4.556621396967848,4.402739712110428
2019-01-28,-0.012352738304393984,-0.0071614433724741895,-0.0071614433724741895,3.850295656974493,4.523989410863658,4.371209740978406
2019-01-29,-0.009440904865840594,-0.004090870457123152,-0.004090870457123152,3.813945381971638,4.505482356234418,4.353327688187148
2019-01-30,0.025437553053580864,0.015969049164605873,0.015969049164605873,3.910962819969001,4.577430625491389,4.422846192069449
2019-01-31,0.014968631196242699,0.010323142622016654,0.010323142622016654,3.9695045800433344,4.624684094680724,4.4685038641054255
2019-02-01,-0.004222069087615465,-0.0032274640021470132,-0.0032274640021470132,3.9527450574627854,4.6097580932438404,4.45408192874057
2019-02-04,0.012421283151822893,0.011874516642593713,0.011874516642593713,4.001843223048499,4.664496742440396,4.506971998730876
2019-02-05,0.008848184379284918,0.008776927120795287,0.008776927120795287,4.037252269743024,4.705436690403983,4.546529363499202
2019-02-06,-0.0029819899502672165,-0.002973338333195918,-0.002973338333195918,4.025213224047957,4.691445835117978,4.533010993459709
2019-02-07,-0.013429333324611492,-0.013260776714393019,-0.013260776714393019,3.9711572939595827,4.629233619430809,4.472899746831551
2019-02-08,0.0019614865425625627,0.0019646342026798927,0.0019646342026798927,3.9789466655500836,4.638328370131738,4.481687358659334
2019-02-11,-0.0009492424548790401,-0.0009631122075615101,-0.0009631122075615101,3.975169680449444,4.633861139455785,4.477370990853736
2019-02-12,0.01478617101459756,0.014646082196855358,0.014646082196855358,4.033947219156612,4.701729050593068,4.542946934411595
2019-02-13,0.000702225059526107,0.0006727260525925362,0.0006727260525925362,4.03677995798271,4.704892026217633,4.546003093169919
2019-02-14,0.001228148314811106,0.0012432549584915366,0.0012432549584915366,4.04173772248537,4.710741406558395,4.55165493405682
2019-02-15,0.004204855716577471,0.004190466143880844,0.004190466143880844,4.058732646452669,4.730481608935155,4.570728489956613
2019-02-19,0.001977534038514861,0.0020181318671409275,0.0020181318671409275,4.066758928414261,4.740028344617071,4.579952822778243
2019-02-20,-0.00017393111219532464,-0.00017474991864773197,-0.00017474991864773197,4.066051592510812,4.739200025049461,4.579152476395052
2019-02-21,-0.003657827728210661,-0.003670584884611269,-0.003670584884611269,4.051178676251391,4.721804389072365,4.562344308530866
2019-02-22,0.007400713113422164,0.007359262901132866,0.007359262901132866,4.081160287405541,4.756553388939271,4.595919799742831
2019-02-25,0.0036436391839802518,0.003593088846629365,0.003593088846629365,4.0960305629448355,4.773644107869466,4.612433347915291
2019-02-26,0.001037141949361553,0.0010361493325170782,0.0010361493325170782,4.100278728067533,4.778590316025509,4.617212517650012
2019-02-27,-0.0006331778571168067,-0.0006641610692810355,-0.0006641610692810355,4.097682522368913,4.775416562371562,4.614145944847192
2019-02-28,-0.002303973945505744,-0.002298713491071657,-0.002298713491071657,4.088241568600421,4.764439247894151,4.603539345313998
2019-03-01,0.006928621705422966,0.006786805187940469,0.006786805187940469,4.116567447869638,4.796774568899386,4.634782670025664
2019-03-04,0.00017191826892148931,0.00017477517393946462,0.00017477517393946462,4.117275161019174,4.7976129260090135,4.635592714972989
2019-03-05,0.0007453703201754092,0.0007431035222158959,0.0007431035222158959,4.1203440557241935,4.801178049072559,4.639037440247043
2019-03-06,-0.005671948246798508,-0.005614956137534222,-0.005614956137534222,4.096973677481122,4.7742196449185235,4.612989448499677
2019-03-07,-0.012272399931147593,-0.012138590865262438,-0.012138590865262438,4.046693978003689,4.7162673459479585,4.556994256918567
2019-03-08,-0.001516928124055572,-0.0014517099336605029,-0.0014517099336605029,4.040555434099009,4.7094206937920475,4.550378823088164
2019-03-11,0.020798418773625205,0.020576249501383266,0.020576249501383266,4.124592598095447,4.80632290899449,4.644008553077837
2019-03-12,0.0054941562276134,0.005479671810476602,0.005479671810476602,4.147253754204641,4.832659981150955,4.66945619583375
2019-03-13,0.007513345379934977,0.007462108925785292,0.007462108925785292,4.178413504038213,4.868721816331587,4.7043001865912455
2019-03-14,-0.0016951810575925874,-0.0017310347476724394,-0.0017310347476724394,4.171330336615378,4.860293889690766,4.696156879504774
2019-03-15,0.009280995307093365,0.009216269231812391,0.009216269231812391,4.210044433893842,4.9050876667238885,4.739437925661117
2019-03-18,0.002381462283042257,0.0023590580713156103,0.0023590580713156103,4.220070495923092,4.916659053374584,4.750618534953147
2019-03-19,0.003362527082298339,0.0033226028326863145,0.0033226028326863145,4.234260597254841,4.932995158672679,4.766402953554394
2019-03-20,0.003965470144723593,0.003966505418622267,0.003966505418622267,4.251051431238235,4.952561910699591,4.785308916697004
2019-03-21,0.015631773492849943,0.015476784938564303,0.015476784938564303,4.317502904317807,5.029211646286414,4.859370113665318
2019-03-22,-0.021964298196766596,-0.021705747369087636,-0.021705747369087636,4.222671983061964,4.920048848826448,4.753893853605204
2019-03-25,-0.0019037965418239322,-0.0018536569753391742,-0.0018536569753391742,4.214632874743354,4.910928765958811,4.745081765103447
2019-03-26,0.004657042047270243,0.004600427463214807,0.004600427463214807,4.234260597254841,4.93352113752362,4.766911169570829
2019-03-27,-0.006422851742227786,-0.0063707658379003225,-0.0063707658379003225,4.207064569200717,4.902090829600126,4.736542294739421
2019-03-28,0.002304867508448716,0.0022259029328997827,0.0022259029328997827,4.216761295632213,4.913002407955074,4.747085378125085
2019-03-29,0.007570929940743598,0.007504818974103961,0.007504818974103961,4.248686099978284,4.949873601646114,4.78271139454253
2019-04-01,0.013247110002815754,0.01307019406015908,0.01307019406015908,4.30496891211213,5.014569410192887,4.845222360602935
2019-04-02,0.0037906248700583234,0.003770642674380884,0.003770642674380884,4.32128743433521,5.033477559604605,4.863491962802689
2019-04-03,0.0057459594343840514,0.005668723699036428,0.005668723699036428,4.346117376637214,5.062010953135304,4.891061754952302
2019-04-04,-0.000380794453271327,-0.00036638414970769994,-0.00036638414970769994,4.3444623992469245,5.060156312556429,4.889269747450046
2019-04-05,0.005171381968914757,0.0051281599572904,0.0051281599572904,4.366929273763018,5.086105603536111,4.914342704789311
2019-04-08,0.0025449603178162583,0.0025241093572092913,0.0025241093572092913,4.378042935475455,5.0989434902817505,4.926747043195003
2019-04-09,-0.0035109884048355466,-0.0034542041972612384,-0.0034542041972612384,4.362671677493129,5.081330698276021,4.9097290528795545
2019-04-10,0.005366494263062238,0.005324564769636452,0.005324564769636452,4.38608393002202,5.1083865726949345,4.9358712232229776
2019-04-11,-0.0023724918922949367,-0.002393169779542449,-0.002393169779542449,4.375677981459117,5.096161336326941,4.924058845375847
2019-04-12,0.004323731077199744,0.004268811131011962,0.004268811131011962,4.394597236331371,5.1179158865648855,4.945078722584745
2019-04-15,0.0001614708559920519,0.00015824395087369006,0.00015824395087369006,4.395306835708861,5.1187257657950145,4.9458612513791875
2019-04-16,0.0034435546624536073,0.003358970171452767,0.003358970171452767,4.410442315055881,5.135919412958167,4.962474251794714
2019-04-17,0.0034851109340596764,0.0034421984171980765,0.0034421984171980765,4.425813195792122,5.153598266632309,4.979556072809629
2019-04-18,0.0012824001003952645,0.0012812566964073217,0.0012812566964073217,4.431488859078736,5.160201348922024,4.9859361623730525
2019-04-22,0.002828307902413618,0.002789086501205857,0.002789086501205857,4.444022474038326,5.174593596847807,4.999842369619402
2019-04-23,0.012718145066799913,0.01258834801354484,0.01258834801354484,4.500542196543265,5.239733181873588,5.062782125381038
2019-04-24,-0.0031525568440823326,-0.0030899810101270575,-0.0030899810101270575,4.48635398143947,5.223542505843467,5.047138224755201
2019-04-25,0.004058562161111112,0.004023683846954222,0.004023683846954222,4.504562127949891,5.244560389448108,5.067446313303494
2019-04-26,0.0008924971031687434,0.0009098259730707437,0.0009098259730707437,4.50858243660013,5.249332026707766,5.0720568075764785
2019-04-29,0.0019407911030768776,0.001892168763010406,0.001892168763010406,4.517332653280572,5.259264648795373,5.0816539950319894
2019-04-30,-0.007747625852240758,-0.007634155369216351,-0.007634155369216351,4.482334050032844,5.219114605338643,5.042859858901316
2019-05-01,-0.00321855406094107,-0.0032130081412555887,-0.0032130081412555887,4.467907415573617,5.202345547621544,5.026657109119455
2019-05-02,-0.00434018989851348,-0.004317195190932532,-0.004317195190932532,4.44851584894105,5.179886006441783,5.004956049221498
2019-05-03,0.01594806619499134,0.015816053524305353,0.015816053524305353,4.51946107416943,5.261811360769466,5.084114701982781
2019-05-06,-0.0061219605865147075,-0.006055942982658045,-0.006055942982658045,4.491793111601078,5.229946131183143,5.05332559323028
2019-05-07,-0.019479613636373294,-0.019264564496253207,-0.019264564496253207,4.404294717252566,5.129193496627035,4.955975476418928
2019-05-08,-0.00252371183308131,-0.0025271679061196067,-0.0025271679061196067,4.393179546558258,5.116231163438082,4.943450894251406
2019-05-09,-0.005383240064612438,-0.0053126291720275,-0.0053126291720275,4.36953000641219,5.089050524508364,4.91718817282012
2019-05-10,0.0012447860876629857,0.0012547744333295764,0.0012547744333295764,4.374969136573798,5.095436134996439,4.923358134823245
2019-05-13,-0.03470280709960938,-0.03429964483211029,-0.03429964483211029,4.223145426560532,4.920664485301361,4.754488699417528
2019-05-14,0.010975661827760996,0.010849643957740046,0.010849643957740046,4.269497242611917,4.974051943002378,4.806073209007307
2019-05-15,0.014123997011296074,0.013985053411592693,0.013985053411592693,4.329799608906304,5.043614325097302,4.873286399535298
2019-05-16,0.010049840573574498,0.009928916754736467,0.009928916754736467,4.373313404691338,5.093691951874189,4.921672854518274
2019-05-17,-0.010219928986839877,-0.010137230530862195,-0.010137230530862195,4.328618452258198,5.042056022304843,4.8717807221945355
2019-05-20,-0.016881604180828402,-0.01671408499841613,-0.01671408499841613,4.255544428897345,4.957782669381264,4.790353365110131
2019-05-21,0.010447441398929502,0.010333857418290819,0.010333857418290819,4.300003979938791,5.009015688597523,4.839856193768409
2019-05-22,-0.004454742563156033,-0.004393256854930852,-0.004393256854930852,4.280848569187617,4.987009796087135,4.818593462368256
2019-05-23,-0.015302128540184201,-0.015096937940473254,-0.015096937940473254,4.2153424741208445,4.911721218687076,4.745847455906512
2019-05-24,-0.0005050119048551904,-0.0004973211593298172,-0.0004973211593298172,4.213213675988372,4.909278515796293,4.743487245547739
2019-05-28,-0.003760805870068551,-0.0037425797588789356,-0.0037425797588789356,4.1973685972638615,4.890905149392375,4.725734366196051
2019-05-29,-0.008225609317188631,-0.008149201872051131,-0.008149201872051131,4.162842683022533,4.851048175992922,4.68722340285223
2019-05-30,0.004203962218475521,0.004197439108523289,0.004197439108523289,4.180343116383417,4.871410155324165,4.7068977376737475
2019-05-31,-0.01595321019789908,-0.015719147453273845,-0.015719147453273845,4.113653223948412,4.794835740787249,4.632909318087773
2019-06-03,-0.022017826321564238,-0.02173027189284998,-0.02173027189284998,4.023079521716373,4.690642656458388,4.532234938950808
2019-06-04,0.028156534695845892,0.027865111963477067,0.027865111963477067,4.136355499853727,4.821347939261262,4.658526172969454
2019-06-05,0.007432271226027076,0.007379138223950416,0.007379138223950416,4.167098015815909,4.856925332130829,4.692902081519686
2019-06-06,0.007945241889833587,0.007886342180813249,0.007886342180813249,4.2002066175302115,4.895228707246673,4.729911913155601
2019-06-07,0.019311879999686754,0.019143063497126755,0.019143063497126755,4.281320503701846,4.988938381222454,4.820456917244956
2019-06-10,0.011654886364217631,0.011488256452045348,0.011488256452045348,4.331218807661285,5.046252584769389,4.8758355625263015
2019-06-11,0.0013650191035452508,0.0013375657353429337,0.0013375657353429337,4.337131004075378,5.053002279318663,4.882357313105903
2019-06-12,-0.005779593157213991,-0.005687921805962386,-0.005687921805962386,4.312064151402283,5.024261197468548,4.8545868464801885
2019-06-13,0.0059230736188014,0.005891521244712063,0.005891521244712063,4.337604824820033,5.053861739052417,4.883187748020527
2019-06-14,-0.004252707798622302,-0.004195500850101774,-0.004195500850101774,4.31915825895418,5.032658257829926,4.8627003296725
2019-06-17,0.006022959881682999,0.005959831880852396,0.005959831880852396,4.345172375870501,5.062652054960377,4.891681206124314
2019-06-18,0.01453133169148102,0.014405792856787412,0.014405792856787412,4.408313516920936,5.135583571770124,4.962149752301181
2019-06-19,0.00375507465670899,0.003752625692899079,0.003752625692899079,4.424867063287153,5.154855494629579,4.980770842953678
2019-06-20,0.009299367401676362,0.00930353275497883,0.00930353275497883,4.466015527812237,5.202813861571047,5.027109607636142
2019-06-21,-0.0014823698593267043,-0.0014538212725577007,-0.0014538212725577007,4.4593952410025235,5.195249900101937,5.019801088749081
2019-06-24,3.172340038148924e-05,9.563412300813151e-05,9.563412300813151e-05,4.459536708183213,5.195746743269941,5.020281153023879
2019-06-25,-0.017166467788110706,-0.016988497226042756,-0.016988497226042756,4.382982214932289,5.107478814134679,4.934994120581778
2019-06-26,0.004650565500773141,0.004537588695990184,0.004537588695990184,4.403365560811555,5.130654452266706,4.957387094118108
2019-06-27,0.00382132078337305,0.0037950265238127054,0.0037950265238127054,4.420192233145873,5.150125421997576,4.976200509629093
2019-06-28,0.0012869326368765144,0.0012825513487173144,0.0012825513487173144,4.425880722791977,5.156730722303622,4.9825827423042055
2019-07-01,0.013494615237820584,0.013288611712591733,0.013288611712591733,4.485606280234542,5.225256514578707,5.048794349692546
2019-07-02,0.0039631107665618615,0.004023066874875379,0.004023066874875379,4.503383234778297,5.246278070975235,5.069105986998852
2019-07-03,0.007525761191880198,0.007477235064269086,0.007477235064269086,4.537274621558755,5.285505725324437,5.107008884029336
2019-07-05,-0.0020371870195328157,-0.0020789369658425778,-0.0020789369658425778,4.52803134459566,5.274517492088887,5.096391734475441
2019-07-08,-0.007013740966910653,-0.0069609779031516794,-0.0069609779031516794,4.496272905654614,5.23780169237667,5.060915864225953
2019-07-09,0.005007684574545479,0.00496930459553687,0.00496930459553687,4.518788822127207,5.263829924397108,5.086065096687676
2019-07-10,0.009965131306943098,0.009914975105393487,0.009914975105393487,4.5638191460880515,5.31602066705653,5.136493305505745
2019-07-11,-0.0007268303903105178,-0.0007667575455744282,-0.0007667575455744282,4.5605020236367935,5.311944568097635,5.132554860505956
2019-07-12,0.005768661272467446,0.005727386892902238,0.005727386892902238,4.5868100150435565,5.3423681297927805,5.161950987941119
2019-07-15,0.0032035557812071236,0.0031841194404832063,0.0031841194404832063,4.601504116784548,5.359378868013072,5.178387256432644
2019-07-16,-0.0051507555401812954,-0.005137464035053239,-0.005137464035053239,4.577802893961852,5.3318452518284305,5.151783478143143
2019-07-17,-0.004918251234458659,-0.00479434200619995,-0.00479434200619995,4.555288109227516,5.3062825621670315,5.1270840662070345
2019-07-18,0.0011445849931455143,0.0011920447219667912,0.0011920447219667912,4.560502023636792,5.312607888288528,5.133195779707237
2019-07-19,-0.007328103208074532,-0.007318425581989744,-0.007318425581989744,4.527082194126948,5.273727962811797,5.095628868395666
2019-07-22,0.007958100558514758,0.007874085182049592,0.007874085182049592,4.5631091694644725,5.315253746017933,5.135752284161525
2019-07-23,0.006544392784007647,0.0064460431549705054,0.0064460431549705054,4.592971948185755,5.349516101044383,5.168857565018468
2019-07-24,0.007017981339226376,0.006971512406646275,0.006971512406646275,4.625205339609713,5.386810318912368,5.204892319661181
2019-07-25,-0.009479990751042222,-0.009417118373638678,-0.009417118373638678,4.581358435768542,5.336082088482832,5.155877232564889
2019-07-26,0.010294768888676975,0.010203784939003866,0.010203784939003866,4.62852246206097,5.390530322530581,5.208486695017887
2019-07-29,-0.003430609601994594,-0.0033665593441650917,-0.0033665593441650917,4.612643808459576,5.37238278230326,5.1909520154658155
2019-07-30,-0.004316130070221247,-0.004264117857639947,-0.004264117857639947,4.592735037814664,5.349474308943164,5.168817184278516
2019-07-31,-0.013830351813377884,-0.013727691100721497,-0.013727691100721497,4.529215896456059,5.276038378078747,5.097861258616639
2019-08-01,-0.004971011594292363,-0.0047999253209740226,-0.0047999253209740226,4.506701111721723,5.250713787873376,5.0733919052785925
2019-08-02,-0.014725030501095193,-0.014574206512141084,-0.014574206512141084,4.440339800392301,5.174188800792763,4.999451243934038
2019-08-05,-0.0353353726272545,-0.03492259674887051,-0.03492259674887051,4.2834387389538096,4.993492691800155,4.82485742417649
2019-08-06,0.01399902752260318,0.013913986911079425,0.013913986911079425,4.343402715751808,5.062972083754433,4.8919904272243055
2019-08-07,0.00540211430875126,0.005401647242639467,0.005401647242639467,4.36686627371124,5.090320472950205,4.918415233826541
2019-08-08,0.021763871270465085,0.021582214407276985,0.021582214407276985,4.461906189147627,5.200180860799168,5.024565525947003
2019-08-09,-0.009401751820023563,-0.009324607570514785,-0.009324607570514785,4.419956454513034,5.151691214976514,4.97771342420521
2019-08-12,-0.011475213809723384,-0.01129853076941441,-0.01129853076941441,4.3692365091678305,5.09348467326958,4.9214725759205
2019-08-13,0.021914645523340104,0.021672089396191866,0.021672089396191866,4.46498677847388,5.203871128446812,5.028131169546756
2019-08-14,-0.029884462741070705,-0.029536146685330722,-0.029536146685330722,4.331553047453204,5.050168827465449,4.87961954976994
2019-08-15,-0.0011490114477789026,-0.001081985649471082,-0.001081985649471082,4.3265760434150184,5.044704617266726,4.87433987144221
2019-08-16,0.016050343666008215,0.015860859546304246,0.015860859546304246,4.3960190758089475,5.124717968653787,4.951651091524106
2019-08-19,0.01590441202329762,0.015689204994307936,0.015689204994307936,4.465935174452889,5.20512071940201,5.029338560559316
2019-08-20,-0.0077483495676388126,-0.007632089890155062,-0.007632089890155062,4.431331547574813,5.165394770182425,4.990954196577104
2019-08-21,0.008878872886090239,0.008771733993362518,0.008771733993362518,4.470676777101851,5.210704239077172,5.034733519162535
2019-08-22,-0.003234118920942275,-0.003214334032308611,-0.003214334032308611,4.456218076747609,5.193955295109212,5.018550203868286
2019-08-23,-0.03164527761017433,-0.031246891967010044,-0.031246891967010044,4.315199818617454,5.031660335121455,4.861736107816998
2019-08-26,0.015103820846407379,0.01496109912995547,0.01496109912995547,4.380375823594301,5.106939504183472,4.9344730236697325
2019-08-27,-0.0021104145103453265,-0.0020328920962822627,-0.0020328920962822627,4.371131414895422,5.096557647229226,4.924441772460597
2019-08-28,0.0035789376300849884,0.003534800811191788,0.003534800811191788,4.386775421602238,5.114572963334938,4.941848693232557
2019-08-29,0.015289686214272624,0.015112762626695189,0.015112762626695189,4.45384784129102,5.191868290466732,5.016533679470424
2019-08-30,-0.002394500120378229,-0.002383754056388466,-0.002383754056388466,4.443183102098902,5.179492153369098,5.0045754969629765
2019-09-03,-0.009708224315672087,-0.009535391672158281,-0.009535391672158281,4.400047683868122,5.130103667023852,4.956854909446548
2019-09-04,0.014435669096754644,0.013042857044481083,0.013042857044481083,4.463565316242384,5.197014875776213,5.021506459420694
2019-09-05,0.01831916396769473,0.015056633792626407,0.015056633792626407,4.545334101151144,5.275264425575607,5.097113443267499
2019-09-06,-0.000990809572936513,-0.0011183845734973107,-0.0011183845734973107,4.540830540611529,5.269364651220924,5.091412910223183
2019-09-09,-0.0020880142933425994,-0.0023862709466339078,-0.0023862709466339078,4.531349221539085,5.256790519446495,5.079263419518201
2019-09-10,-0.0028764545655806106,-0.0031419458108351934,-0.0031419458108351934,4.5183150013825495,5.240273968495482,5.063304649095118
2019-09-11,0.009389159038857287,0.008690159225583536,0.008690159225583536,4.560738179518185,5.285812783667388,5.107305572703392
2019-09-12,0.0041574693414221375,0.0036900430650358886,0.0036900430650358886,4.579699308673785,5.305317660472838,5.126151750212966
2019-09-13,-0.0035709731634444575,-0.0038886561524489015,-0.0038886561524489015,4.563345325345866,5.284687104311744,5.1062179086711135
2019-09-16,-0.004466507066707148,-0.003453403517007582,-0.003453403517007582,4.542963111202384,5.266436947279429,5.0885840777867015
2019-09-17,0.004799688568237093,0.004521846826465731,0.004521846826465731,4.5647679193131445,5.290250968476267,5.111593875550046
2019-09-18,-0.0004154460304347518,-0.000483180255994304,-0.000483180255994304,4.56287150460121,5.287694823659044,5.109124054312719
2019-09-19,0.0016620614041253923,0.0017671415164255124,0.0017671415164255124,4.570455277220991,5.297038928708121,5.118152599541664
2019-09-20,-0.01057850371960245,-0.008732429098022543,-0.008732429098022543,4.5221066990706325,5.250782911833712,5.073458694853306
2019-09-23,0.0004408883437387878,0.0006088754074394167,0.0006088754074394167,4.5241004432033955,5.25397998441853,5.0765477990832615
2019-09-24,-0.013280609036578017,-0.011349151362552207,-0.011349151362552207,4.4640176339750015,5.194351770319544,5.018933289712234
2019-09-25,0.011225300384389847,0.009080114534918365,0.009080114534918365,4.514127572837584,5.241517079328702,5.064505778825937
2019-09-26,-0.003682848026823393,-0.0031164758685479172,-0.0031164758685479172,4.49750272701313,5.225182017836392,5.048722368780104
2019-09-27,-0.012408800512866192,-0.011254721505606202,-0.011254721505606202,4.441694112867552,5.166374049409542,4.991900404560359
2019-09-30,0.009516982538964713,0.00796462383927839,0.00796462383927839,4.483965638183134,5.207522275326098,5.0316590135258235
2019-10-01,-0.00815627855732659,-0.007068964414101569,-0.007068964414101569,4.447393165396632,5.170710485676176,4.996090395015316
2019-10-02,-0.017194424821860843,-0.017087789891052974,-0.017087789891052974,4.370922797960962,5.082354471309477,4.910718252068587
2019-10-03,0.010975449244054802,0.010900130206444274,0.010900130206444274,4.418895639279665,5.137752796802054,4.964245720423296
2019-10-04,0.014725398428752534,0.014603151791351745,0.014603151791351745,4.483965638183135,5.2127801807601974,5.036739354208207
2019-10-07,-0.003018746837398001,-0.0030359901228673696,-0.0030359901228673696,4.470429681093869,5.19695423161873,5.021447863277373
2019-10-08,-0.014980873281418061,-0.014804460064521803,-0.014804460064521803,4.4034587405279115,5.120016130239583,4.947108038919405
2019-10-09,0.009761621417236688,0.00966281096780852,0.00966281096780852,4.446443637679367,5.169489878258219,4.994911008736809
2019-10-10,0.0077447303484372565,0.007613171548748893,0.007613171548748893,4.480880144662717,5.208846091520919,5.032938123117056
2019-10-11,0.012878477714741488,0.012708228975829124,0.012708228975829124,4.538587059748184,5.27504130035182,5.096897853206807
2019-10-14,-0.00010473077199302239,-8.732422513434635e-05,-8.732422513434635e-05,4.538111730021659,5.274580661457715,5.096452770551187
2019-10-15,0.012716811249045223,0.012549162292624502,0.012549162292624502,4.5958220403194225,5.3407722302038865,5.16040898348553
2019-10-16,-0.0024804298208285225,-0.0024338725971684502,-0.0024338725971684502,4.584422426279393,5.3277734710250755,5.147849205470442
2019-10-17,0.002641876285687239,0.002619681969229762,0.002619681969229762,4.596533903170953,5.34173054312326,5.161334933214326
2019-10-18,-0.00960970508872816,-0.009515212037345167,-0.009515212037345167,4.55236256793114,5.2909028443590795,5.112223736929035
2019-10-21,0.008868299655161005,0.008755495454897172,0.008755495454897172,4.592734283322492,5.337227320165168,5.156983788622135
2019-10-22,-0.007963033192599944,-0.007858077286168502,-0.007858077286168502,4.556162187779603,5.29528697538946,5.1164598114476245
2019-10-23,0.001928472235578349,0.0019245749563002702,0.0019245749563002702,4.5649486200595275,5.305478152088717,5.1263068218656525
2019-10-24,0.00972842375489158,0.009656934131620115,0.009656934131620115,4.609358374654774,5.356712805140187,5.175811229182884
2019-10-25,0.00798595697280624,0.007895894509352946,0.007895894509352946,4.646168512307011,5.399008844366475,5.216678888648836
2019-10-28,0.009865034364902714,0.009706989910224341,0.009706989910224341,4.692003124346049,5.451416968743953,5.267317137985831
2019-10-29,-0.007744066703789576,-0.007676084348978337,-0.007676084348978337,4.655667939176724,5.409571432270422,5.226884767341833
2019-10-30,0.004846123210496378,0.004853504086487067,0.004853504086487067,4.678229879637132,5.43582680932309,5.252253473919723
2019-10-31,0.0004566562795489393,0.0005124572568735099,0.0005124572568735099,4.680366222688842,5.438612438218636,5.254945029327372
2019-11-01,0.009082771975643444,0.008984793363182548,0.008984793363182548,4.722876921852028,5.4874772471584645,5.302159624550762
2019-11-04,0.006184899837555102,0.006083689398848533,0.006083689398848533,4.752087442558783,5.520861354313425,5.334416316849644
2019-11-05,0.000549743097009836,0.00045845365946499525,0.00045845365946499525,4.754699869826717,5.523392413404708,5.336861899531214
2019-11-06,-0.0022479081171744575,-0.0021948159756321893,-0.0021948159756321893,4.744011741394605,5.511269583496082,5.32514846977438
2019-11-07,0.0033544099559623675,0.0032245888863158324,0.0032245888863158324,4.759925101611141,5.529041162144514,5.342319884347996
2019-11-08,0.003991260123152651,0.003920886875626565,0.003920886875626565,4.778923200858395,5.550719907071966,5.363266516267935
2019-11-11,-0.0013418136461789132,-0.0013460939786580043,-0.0013460939786580043,4.772510776493442,5.543248116427839,5.356047055504449
2019-11-12,0.0028861907478590076,0.0028796886034383,0.0028796886034383,4.786285152940614,5.5592109448547475,5.3714708031696645
2019-11-13,0.00024811932139323645,0.0002827065267023062,0.0002827065267023062,4.787472722764757,5.560782570072173,5.372989353023712
2019-11-14,-0.0007936587983874421,-0.0007512645613088715,-0.0007512645613088715,4.783673102916294,5.556604951194133,5.368952816534495
2019-11-15,0.007347411620529876,0.007267591061770799,0.007267591061770799,4.8188207182614775,5.596988083671223,5.40797217003501
2019-11-18,0.0007886523618176877,0.000798906113433952,0.000798906113433952,4.822621092602111,5.601459551668085,5.412292632062932
2019-11-19,0.0014771081098849947,0.0014718584935063915,0.0014718584935063915,4.829744625328896,5.609704107485239,5.420258760942775
2019-11-20,-0.005998759943841581,-0.0059167646086539525,-0.0059167646086539525,4.8007721467314886,5.57651280875705,5.388188365736283
2019-11-21,-0.002226020965714226,-0.002236517242440363,-0.002236517242440363,4.7900855272812475,5.564040841707575,5.376137589550797
2019-11-22,0.0006444566568128973,0.0006356993954618997,0.0006356993954618997,4.793172529786007,5.567577899106974,5.379555196966394
2019-11-25,0.011841377346961446,0.011706501443637057,0.011706501443637057,4.849930294400293,5.632754757820432,5.442530967645807
2019-11-26,0.00190982466476175,0.0019208881602640127,0.0019208881602640127,4.859192810898914,5.643574649744399,5.452985460943427
2019-11-27,0.006989057354995332,0.006899904853433708,0.006899904853433708,4.8931539881532675,5.682514777860885,5.490610541791095
2019-11-29,-0.004562117586204728,-0.004503031980201572,-0.004503031980201572,4.8708308442919055,5.65692623208821,5.465886146930578
2019-12-02,-0.010238889081768732,-0.010162696999312631,-0.010162696999312631,4.8209589475411425,5.599436604844035,5.410338002186583
2019-12-03,-0.007832788457308615,-0.007685683430492236,-0.007685683430492236,4.7831973959436835,5.556401107710093,5.368755857049814
2019-12-04,0.005064491545023531,0.004999512944789233,0.004999512944789233,4.807421858713619,5.584180406974531,5.395597021454548
2019-12-05,0.001975913473540869,0.001956438190185516,0.001956438190185516,4.816920908337246,5.595105510783622,5.406153173526173
2019-12-06,0.010698700951204065,0.010543207156389008,0.010543207156389008,4.868455704641148,5.654095867245666,5.463151366353828
2019-12-09,-0.004536599453240142,-0.0044885159916492065,-0.0044885159916492065,4.846369471153349,5.628717367527217,5.438629924081148
2019-12-10,-0.0008330534306613124,-0.0008172579824620319,-0.0008172579824620319,4.842332186439153,5.624117253327582,5.434185160362036
2019-12-11,0.005296738169550785,0.005285761135671342,0.005285761135671342,4.867980752160709,5.65384499372768,5.4629089650867195
2019-12-12,0.007464041000390553,0.007346429516667834,0.007346429516667834,4.9043155600839485,5.695380567472266,5.503041840754702
2019-12-13,0.0032926117652409825,0.003301393626348468,0.003301393626348468,4.920463567197535,5.7141832605773475,5.521209548013298
2019-12-16,0.010039390106245438,0.009938851960446141,0.009938851960446141,4.969862020452199,5.770975682079086,5.576084032353604
2019-12-17,0.000573475102918275,0.0005635518798514013,0.0005635518798514013,4.972712112585867,5.774227926273299,5.579226444992247
2019-12-18,0.0007640182090495884,0.0007489729478337569,0.0007489729478337569,4.9765113551882445,5.778552666784704,5.583405134669385
2019-12-19,0.006251509473018668,0.006199586441478724,0.006199586441478724,5.007622063067789,5.814377303549073,5.6180199374395645
2019-12-20,0.00403136559580064,0.003997646666013636,0.003997646666013636,5.027809618369613,5.837621129591552,5.640478796112068
2019-12-23,0.0026410457937544596,0.0026229819781073715,0.0026229819781073715,5.041088293814006,5.85293310460949,5.655273670342167
2019-12-24,0.0005195738578396281,0.000552550340019333,0.000552550340019333,5.0437075115065335,5.8561671447865535,5.658398493731617
2019-12-26,0.008823830573145619,0.008770674578691387,0.008770674578691387,5.0882123320485695,5.9075296810919005,5.708026465556695
2019-12-27,-0.0008417242556607585,-0.0008315682517723263,-0.0008315682517723263,5.083929460310732,5.902617166962702,5.703279851967662
2019-12-30,-0.006554032048943892,-0.006481550309279204,-0.006481550309279204,5.050609223693286,5.864359056838618,5.666313756679235
2019-12-31,0.0018850305406730161,0.0018577882544213251,0.0018577882544213251,5.060129776328952,5.875253794214122,5.67684056782226
2020-01-02,0.016697097794175386,0.01656239611077774,0.01656239611077774,5.144619258055536,5.9725620748052455,5.770862649964264
2020-01-03,-0.009159942284719946,-0.008995292583192833,-0.008995292583192833,5.097494842574888,5.918837131471091,5.718952051970415
2020-01-06,0.006443046813857434,0.006406048883001492,0.006406048883001492,5.130338240478995,5.956753491465819,5.75558793837488
2020-01-07,-0.00013912320172715376,-0.00013247454188285626,-0.00013247454188285626,5.129624491397037,5.955964373275928,5.754825469499478
2020-01-08,0.007516566385179946,0.0074062569067626805,0.0074062569067626805,5.168181654417667,6.000075775551936,5.797447185380173
2020-01-09,0.008473279701523229,0.008378602554036689,0.008378602554036689,5.211973103123829,6.050348025769389,5.846021691174491
2020-01-10,-0.0025571347236816866,-0.002491963321682472,-0.002491963321682472,5.198645385722936,6.0352707804057575,5.831453619542325
2020-01-13,0.01153671576356885,0.011394703054938681,0.011394703054938681,5.25862067989361,6.104040898804628,5.897901301915657
2020-01-14,-0.00393729849983937,-0.003892006260418182,-0.003892006260418182,5.237915920579441,6.080283933412632,5.874946633125273
2020-01-15,0.0004085094714101345,0.0004524937638624973,0.0004524937638624973,5.240055658843448,6.083035223975015,5.877605009839788
2020-01-16,0.009583741742037688,0.009483218950995015,0.009483218950995015,5.290274998991707,6.140721978890586,5.933343625055564
2020-01-17,0.004948794216532049,0.004902410550254359,0.004902410550254359,5.316455481310581,6.170826319106078,5.962431311441321
2020-01-21,-0.00044760397405296803,-0.00041544280320138054,-0.00041544280320138054,5.314075814709271,6.168262693722,5.9599542622634
2020-01-22,0.002642457779046703,0.0026244195127800092,0.0026244195127800092,5.328118035684293,6.184450802695357,5.975595682524561
2020-01-23,0.0032160059701089594,0.003213059443938477,0.003213059443938477,5.345253295096499,6.204321810752531,5.9947956266654545
2020-01-24,-0.00841532365506048,-0.008297655492782326,-0.008297655492782326,5.300271258599984,6.152840485800551,5.945052877805747
2020-01-27,-0.020655428923089025,-0.020401960011279356,-0.020401960011279356,5.19079188234488,6.027310480253468,5.8237621467278124
2020-01-28,0.015359702063356684,0.015166077654406902,0.015166077654406902,5.270520899130587,6.118721139044212,5.912085775685882
2020-01-29,0.001625575511429167,0.0016433985830745785,0.0016433985830745785,5.27908852883669,6.128776636694346,5.92180168907266
2020-01-30,0.0035618010683611256,0.0035380374653101094,0.0035380374653101094,5.297891591998673,6.150460478051488,5.942753245310735
2020-01-31,-0.015858177736047918,-0.015667150251918924,-0.015667150251918924,5.2138766855064445,6.054100289623366,5.849647237306373
2020-02-03,0.015109580417855595,0.014935433088692301,0.014935433088692301,5.292656174574886,6.144520899411269,5.9370142522116165
2020-02-04,0.022888326844340945,0.02258279121385751,0.02258279121385751,5.413796218973276,6.283281331991857,6.071088605503007
2020-02-05,0.0032972274456779527,0.0032575220173265778,0.0032575220173265778,5.431646736451782,6.303749259271877,6.090865310304574
2020-02-06,0.00863200395757735,0.008574342809521802,0.008574342809521802,5.478532732576996,6.357799766406142,6.143090477481749
2020-02-07,-0.004300652341865829,-0.004235111841572087,-0.004235111841572087,5.45497146795065,6.330873773329091,6.1170738022567175
2020-02-10,0.012085691333838078,0.01197934118700419,0.01197934118700419,5.520898569347195,6.406713470271657,6.190352316400036
2020-02-11,0.00017219288510905706,0.00015533690466426787,0.00015533690466426787,5.521849228800245,6.4077086693112,6.191313906567647
2020-02-12,0.009741228402587288,0.009635040060584939,0.009635040060584939,5.575638823342639,6.46944719903657,6.2509674640850825
2020-02-13,-0.0012807973228236014,-0.0012272810628565047,-0.0012272810628565047,5.568497560064671,6.461507369002042,6.243295770091879
2020-02-14,0.0028635737352196156,0.002862161500372712,0.002862161500372712,5.584443363422307,6.480001246627975,6.261165090880477
2020-02-18,0.00038363339767988336,0.0004428403411856078,0.0004428403411856078,5.586585742403967,6.4828708525909144,6.263937787365541
2020-02-19,0.00958546882127198,0.00949922481285443,0.00949922481285443,5.640135785855143,6.544453100252377,6.3234403406214605
2020-02-20,-0.009283434812996538,-0.009159391264485705,-0.009159391264485705,5.587775952950707,6.484509893695089,6.265521476404076
2020-02-21,-0.019209387180956772,-0.018952250149936543,-0.018952250149936543,5.480438201190037,6.361613840090041,6.146775746063466
2020-02-24,-0.038563692209088396,-0.03813656788263999,-0.03813656788263999,5.269092269228414,6.119003722034305,5.912358815564351
2020-02-25,-0.027191508144057908,-0.026996648103582942,-0.026996648103582942,5.125817703877897,5.953811131806031,5.752744945158444
2020-02-26,0.005153643716256484,0.005100641349281752,0.005100641349281752,5.152234342078163,5.984179387050735,5.782087633897591
2020-02-27,-0.05007366282777226,-0.04960299867987832,-0.04960299867987832,4.894243096823272,5.687346144814702,5.495278748626428
2020-02-28,0.0007781175609122837,0.0006471115589575395,0.0006471115589575395,4.898051393324284,5.691026492244804,5.498834807024358
2020-03-02,0.051603189318994325,0.05115474572174969,0.05115474572174969,5.150806466668161,5.982149505351328,5.780126303343595
2020-03-03,-0.0320671723460777,-0.01601030074725123,-0.01601030074725123,4.9856346679802215,5.886373492655633,5.687584742869967
2020-03-04,0.041722237447991306,0.0281102941417086,0.0281102941417086,5.193646501426629,6.051841182962139,5.847464422947936
2020-03-05,-0.030382122124922417,-0.015479788269331524,-0.015479788269331524,5.03585249914661,5.958159962810265,5.756946911768253
2020-03-06,-0.01687220648455512,-0.007907337034150358,-0.007907337034150358,4.950886555955245,5.911046783880943,5.711424792249191
2020-03-09,-0.06946434895829756,-0.043728800703623075,-0.043728800703623075,4.606976444579426,5.652563797118821,5.461671035775194
2020-03-10,0.05445027052566265,0.02871047496925797,0.02871047496925797,4.857827558292131,5.814851588528135,5.618478205338139
2020-03-11,-0.04355472293107865,-0.03173452685138574,-0.03173452685138574,4.646246224943759,5.630320024655165,5.44017845786691
2020-03-12,-0.09169128864879805,-0.06621120272294484,-0.06621120272294484,4.220225921199053,5.257529764107666,5.079977699144086
2020-03-13,0.08470538723718879,0.05015104104894232,0.05015104104894232,4.577701792082641,5.521200355123465,5.3347438692615725
2020-03-16,-0.11978771659365517,-0.07713869012807328,-0.07713869012807328,4.029349347162378,5.095302191794588,4.923228715017966
2020-03-17,0.07584155551516081,0.050460066607035586,0.050460066607035586,4.33494146936517,5.352411479775518,5.171655163899443
2020-03-18,-0.030416169974717966,-0.02686599519905071,-0.02686599519905071,4.203089152802506,5.208613618656525,5.032713501094975
2020-03-19,0.006001967596331204,0.000987717278221026,0.000987717278221026,4.228315957702118,5.21375825632325,5.037684399176343
2020-03-20,-0.0391759418666392,-0.021442149306784442,-0.021442149306784442,4.062667697549397,5.101964073341687,4.9296656181287455
2020-03-23,0.0007221463638482639,0.006498535200034947,0.006498535200034947,4.065601538254707,5.135119366461611,4.961701223672557
2020-03-24,0.07743789541170454,0.05745382284318171,0.05745382284318171,4.380433164959739,5.430151604820888,5.246769926778238
2020-03-25,-0.007404913098009169,-0.0052524536902278,-0.0052524536902278,4.347996438041575,5.40162998498565,5.219211510714556
2020-03-26,0.052660192517151705,0.038373895343837616,0.038373895343837616,4.576962767532734,5.608911568715626,5.41949298700407
2020-03-27,-0.03439286667463892,-0.02093569537938777,-0.02093569537938777,4.419547897294194,5.491485104703071,5.306032132717424
2020-03-30,0.036373289629976435,0.024089375274399912,0.024089375274399912,4.580301392996029,5.62377155020404,5.433851131980478
2020-03-31,-0.00853977260027916,-0.010832450268990965,-0.010832450268990965,4.541186660659101,5.5628523245622885,5.374989209824199
2020-04-01,-0.04248962367436149,-0.027277380406010916,-0.027277380406010916,4.348233348412665,5.411112285562741,5.228373584469621
2020-04-02,0.020294961245332477,0.01628734142668271,0.01628734142668271,4.436480575704363,5.499244918855818,5.313529890146126
2020-04-03,-0.014192463809220013,-0.009067847903715523,-0.009067847903715523,4.373515985693371,5.4493786023463535,5.265347609270434
2020-04-06,0.07149461338777297,0.05041322516186334,0.05041322516186334,4.686198820235763,5.724099352818681,5.530790763852064
2020-04-07,-0.00040709584895193274,-0.0018759350807635595,-0.0018759350807635595,4.684291088148681,5.713361314036952,5.520415359433791
2020-04-08,0.02123220767130274,0.013156801022684628,0.013156801022684628,4.783748929325086,5.78853087201644,5.593046365880433
2020-04-09,0.0014460534226716781,0.0062013613448000885,0.0062013613448000885,4.790666485837539,5.8244276436093445,5.627730867413478
2020-04-13,0.010803321001909838,0.00736522177709598,0.00736522177709598,4.842421593697133,5.8673258449291765,5.669180353353787
2020-04-14,0.04349112863960625,0.02922863477961982,0.02922863477961982,5.053023974155822,6.038819769183635,5.834882755401761
2020-04-15,-0.011469920556138713,-0.0072278781729398075,-0.0072278781729398075,4.995066190603991,5.995171915583636,5.79270893369233
2020-04-16,0.018240027720011653,0.01122500694729499,0.01122500694729499,5.0861763363839,6.06246776198629,5.857732131716684
2020-04-17,0.009566402640822869,0.0036871919412140293,0.0036871919412140293,5.134832747119974,6.084821244262155,5.8793307144265405
2020-04-20,-0.011844582004050253,-0.00704694984338802,-0.00704694984338802,5.074012799569629,6.041941814147858,5.837899365769286
2020-04-21,-0.03689951413193171,-0.023626502249996375,-0.023626502249996375,4.886784192566307,5.899191862281547,5.699970223268686
2020-04-22,0.029674353084233163,0.021226666271680527,0.021226666271680527,5.031796352142969,6.02441203921481,5.820961588956526
2020-04-23,-0.002133114533869662,-0.00024240224256674145,-0.00024240224256674145,5.0210629542127405,6.022951708226358,5.8195505748134675
2020-04-24,0.01577064583471266,0.009501438551655923,0.009501438551655923,5.100248359777425,6.0801784137816615,5.874844676998311
2020-04-27,0.008043376718128492,0.0037123960792121236,0.0037123960792121236,5.141271578691132,6.102750444285894,5.896654427343179
2020-04-28,-0.018834585530574155,-0.011529162031037252,-0.011529162031037252,5.044437859406364,6.032390845578737,5.828670943009307
2020-04-29,0.03546094517294551,0.021912848254310523,0.021912848254310523,5.223318393767104,6.1645777107885955,5.9563937249077785
2020-04-30,-0.0004108789242247557,-0.0043956814049529785,-0.0043956814049529785,5.22117224232459,6.137480191175895,5.930211315770623
2020-05-01,-0.028185134664211464,-0.016899223913867042,-0.016899223913867042,5.074012799569628,6.03376153915829,5.829995346888867
2020-05-04,0.01165734211153957,0.00669145097683027,0.00669145097683027,5.133162302652542,6.0741361587034515,5.869006474947723
2020-05-05,0.011337447360540986,0.006410585133362647,0.006410585133362647,5.1913592600519785,6.113074925660457,5.906630240603632
2020-05-06,0.00615621692011481,-0.001072141348490099,-0.001072141348490099,5.223318393767105,6.106520845266238,5.9002974980924385
2020-05-07,0.012876854480098565,0.011048319299227121,0.011048319299227121,5.290578304626866,6.173987637372126,5.965485868811795
2020-05-08,0.01370471940669371,0.0062898200586946245,0.0062898200586946245,5.363084195790918,6.212820908655803,6.003007701489308
2020-05-11,0.008938890232529584,0.0030752995551274515,0.0030752995551274515,5.411024216724908,6.231927194032279,6.021468748403125
2020-05-12,-0.020937014174623125,-0.010215054371602287,-0.010215054371602287,5.297733526000109,6.168267718905372,5.959959117741283
2020-05-13,-0.012515962366285605,-0.005419245812886206,-0.005419245812886206,5.231427292562082,6.134840359896932,5.9276606342474905
2020-05-14,0.011352217351161098,0.008968120326243108,0.008968120326243108,5.290815592244043,6.189858346426781,5.980820608068556
2020-05-15,0.006491620694069278,0.0036224928708487587,0.0036224928708487587,5.325161560231159,6.212281064158276,6.00248608808311
2020-05-18,0.01863218997184113,0.00919622231509237,0.00919622231509237,5.424380982052131,6.269410581908113,6.057686284592371
2020-05-19,-0.002506241261731823,-0.000572043370738735,-0.000572043370738735,5.410786174615559,6.265824207146294,6.054221025311255
2020-05-20,0.019968115159132438,0.011655922528658989,0.011655922528658989,5.518829376051724,6.338858168682988,6.1247885565536615
2020-05-21,-0.010890771963570245,-0.00853918585701392,-0.00853918585701392,5.4587250638112925,6.284729480659353,6.072487848734338
2020-05-22,0.003451845211294602,0.003749002363982615,0.003749002363982615,5.477567737782583,6.308290946339335,6.095253620034498
2020-05-26,-0.0026996072285564443,-0.004210715588792916,-0.004210715588792916,5.462780456322758,6.281728527312943,6.069588240598972
2020-05-27,0.00545754305148094,0.003530998867952028,0.003530998867952028,5.492593815843928,6.3039093036316665,6.091019949805462
2020-05-28,-0.001302634851495954,0.0008129749213321848,0.0008129749213321848,5.485438971714299,6.309034223801872,6.095971796269987
2020-05-29,0.014652677938458147,0.009800078017891966,0.009800078017891966,5.5658153423178955,6.370863251412681,6.155712795468302
2020-06-01,0.0029997662980694173,0.0027921813163531628,0.0027921813163531628,5.582511487603059,6.3886518567523165,6.172900661724645
2020-06-02,0.00670749450203334,0.006162267029034088,0.006162267029034088,5.619956152713694,6.428020435449158,6.210939723945893
2020-06-03,0.004498725006688575,0.00438224051581312,0.00438224051581312,5.6452387899944005,6.456189567037858,6.238157555645442
2020-06-04,-0.007013401383067497,-0.006946182738603376,-0.006946182738603376,5.605646464456908,6.4113436945101485,6.194826173311729
2020-06-05,0.019827381994062865,0.01955982224412658,0.01955982224412658,5.716791758231363,6.536748437520769,6.3159958720949705
2020-06-08,0.0077599195935602605,0.007750194792773045,0.007750194792773045,5.761153602608366,6.587409511222909,6.364946070414057
2020-06-09,0.007245008828942634,0.0072040678110791324,0.0072040678110791324,5.802893211324158,6.634865656041107,6.410799573519181
2020-06-10,0.012001487428032975,0.01194744928663446,0.01194744928663446,5.872536561246083,6.714135376990291,6.48739227631058
2020-06-11,-0.04954901017371105,-0.049090377510028566,-0.049090377510028566,5.581558187427411,6.3845359366804,6.1689237404108495
2020-06-12,0.00794786431338168,0.00786073991703061,0.00786073991703061,5.625919654558328,6.4347231131695795,6.2174160455022145
2020-06-15,0.012167189471925965,0.012042580180746007,0.012042580180746007,5.694371284949171,6.512213782200823,6.292289776747231
2020-06-16,0.017172707759862904,0.016986799774912856,0.016986799774912856,5.792159058901758,6.622835453810497,6.399175643310568
2020-06-17,0.0031707447654749643,0.0031464374996645916,0.0031464374996645916,5.810524516918569,6.643673791636474,6.4193102495216205
2020-06-18,0.0027093023732351895,0.002686891513419858,0.002686891513419858,5.826266984781998,6.661524622365153,6.43655823975307
2020-06-19,-0.00016388009037071605,-0.00014872744077441285,-0.00014872744077441285,5.825312175622008,6.660533870856413,6.435600946918676
2020-06-22,0.011992471289622442,0.01190769470313796,0.01190769470313796,5.895172064641243,6.7398454747504815,6.512234118225809
2020-06-23,0.008511108301175518,0.00843278572365446,0.00843278572365446,5.945346512537469,6.796681147449593,6.567150393127078
2020-06-24,-0.020615520149344313,-0.020410680671452467,-0.020410680671452467,5.822780101713419,6.657956258923319,6.433110383531558
2020-06-25,0.009519289177805534,0.009412312537291502,0.009412312537291502,5.878208829320401,6.720623024091922,6.4936608290482525
2020-06-26,-0.02361489024520691,-0.023357085195942415,-0.023357085195942415,5.739395572977593,6.563648859548395,6.341987839830619
2020-06-29,0.010906641480961543,0.010811702193112673,0.010811702193112673,5.801993102809478,6.634613076317995,6.41055552366721
2020-06-30,0.019601460974286722,0.019414300723675535,0.019414300723675535,5.915720644187278,6.763419449766863,6.535011976409504
2020-07-01,0.011671896448666175,0.011561236823061191,0.011561236823061191,5.9847683229654685,6.841612943759315,6.610564797510315
2020-07-02,0.006786779408252563,0.006731780623306388,0.006731780623306388,6.025385625382933,6.8876691812062765,6.655065669523307
2020-07-06,0.024584522416281063,0.024340470986152555,0.024340470986152555,6.173516853356897,7.055318293073645,6.817053102363278
2020-07-07,-0.0068886052703291956,-0.006780089991876513,-0.006780089991876513,6.130989932624397,7.0074826001252735,6.770832868849855
2020-07-08,0.013171382975184054,0.013063014998738211,0.013063014998738211,6.211743549043991,7.099021450434107,6.85928036016959
2020-07-09,0.008423702679587697,0.008343870852108928,0.008343870852108928,6.264069429822984,7.15825476859288,6.916513309633252
2020-07-10,0.006827266572522417,0.006758583762591149,0.006758583762591149,6.306835901649174,7.206634433040383,6.963259144181484
2020-07-13,-0.02057039113333714,-0.020352577371428836,-0.020352577371428836,6.1771018203384775,7.059960848154326,6.821538873692221
2020-07-14,0.0070779602239603445,0.007034945667688176,0.007034945667688176,6.220823101322186,7.109627289137097,6.869528029038668
2020-07-15,0.0020357662973129464,0.0020125647194196763,0.0020125647194196763,6.233487243333404,7.1239358741874375,6.883353398788976
2020-07-16,-0.006822392718308423,-0.006771107652766503,-0.006771107652766503,6.190959945354818,7.075698937471909,6.83674547191374
2020-07-17,0.0011576421197576625,0.0011945220099835107,0.0011945220099835107,6.1981268613492935,7.084151015588737,6.844912114856596
2020-07-20,0.028371128759770325,0.02809417747483316,0.02809417747483316,6.373974716602025,7.283174411479206,7.037214290611012
2020-07-21,-0.010420643181,-0.01026666604901007,-0.01026666604901007,6.3075538004356,7.2084004920198534,6.964965561573988
2020-07-22,0.003522485931429342,0.0035584547963005385,0.0035584547963005385,6.329772069959368,7.234051259324337,6.989750076682639
2020-07-23,-0.026119879329446705,-0.0258062338349205,-0.0258062338349205,6.164439187309127,7.0473676409524115,6.8093709517561125
2020-07-24,-0.009496015548401848,-0.00938098040172925,-0.00938098040172925,6.105901576939262,6.981256423228856,6.745492376309584
2020-07-27,0.017843470984368448,0.017714814671300202,0.017714814671300202,6.2148520545607875,7.104928086939179,6.864987523622577
2020-07-28,-0.012724989387932983,-0.012539666035956925,-0.012539666035956925,6.135768128118928,7.015834661519471,6.778902872735339
2020-07-29,0.011525799338125475,0.011436976034925125,0.011436976034925125,6.206487760348892,7.096074594408266,6.856433022433897
2020-07-30,0.005235561042238768,0.005164740507704379,0.005164740507704379,6.238982205876106,7.132723978311699,6.891844719803224
2020-07-31,0.01784585192577981,0.017706026662178895,0.017706026662178895,6.350322158489747,7.2590161792456485,7.013871906163657
2020-08-03,0.01350649720990571,0.0133507371687363,0.0133507371687363,6.436092767005391,7.355929396358361,7.1075122665180315
2020-08-04,0.0037121484765361146,0.0037787148281078226,0.0037787148281078226,6.459984498965276,7.383725355842895,7.134369528510482
2020-08-05,0.0024780320939361555,0.00245957156034933,0.00245957156034933,6.4759925478800415,7.401886156737556,7.151917020903829
2020-08-06,0.01324509483789904,0.013173636782698176,0.013173636782698176,6.56176768334624,7.499395916473298,7.246133778037213
2020-08-07,-0.011542681856388626,-0.011479144793474458,-0.011479144793474458,6.486027286561842,7.41330926488451,7.162954359206237
2020-08-10,-0.0042728754188348095,-0.004248024969852967,-0.004248024969852967,6.4583133000032,7.381817342018038,7.132525950230412
2020-08-11,-0.018941283935656528,-0.018978461749397886,-0.018978461749397886,6.335984554042412,7.241721803951506,6.9971615793073765
2020-08-12,0.025151687601402406,0.024885675723428348,0.024885675723428348,6.495345258192997,7.4219369444439245,7.171290673354452
2020-08-13,0.002280894557789015,0.00232161967631956,0.00232161967631956,6.51016045584337,7.439167859290549,7.187939682886319
2020-08-14,-0.001174358718048163,-0.0011907729784569126,-0.0011907729784569126,6.502515192156158,7.430309499221501,7.17938047854116
2020-08-17,0.01161061569824251,0.01156865282473053,0.01156865282473053,6.578013397124267,7.516268170198292,7.26243623879405
2020-08-18,0.009625196895508559,0.009570760627821712,0.009570760627821712,6.6413280712528815,7.588204573669775,7.331943277610366
2020-08-19,-0.0067273789796982175,-0.0067804824945477985,-0.0067804824945477985,6.596649340389055,7.53675288539296,7.2822291645655115
2020-08-20,0.013871969334732448,0.013758730152748038,0.013758730152748038,6.688157857750915,7.640449034571026,7.3824233905512395
2020-08-21,0.006930148900375244,0.006841478865778935,0.006841478865778935,6.734507787574343,7.692721005166105,7.432930084155927
2020-08-24,0.006243748521213011,0.006172473571837962,0.006172473571837962,6.776556360614108,7.740204122266015,7.4788096486616995
2020-08-25,0.007862502294850415,0.007766254842637046,0.007766254842637046,6.829837050550619,7.800316520013564,7.53689199031278
2020-08-26,0.021339366169830676,0.0211490192318914,0.0211490192318914,6.975581444252596,7.965285564110172,7.696289863964594
2020-08-27,-0.0031171156785584353,-0.0031514319294821086,-0.0031514319294821086,6.953837749965655,7.940183508855992,7.672035530348747
2020-08-28,0.005085071078613668,0.0050991987843359374,0.0050991987843359374,6.989198509193377,7.980672082951754,7.711156764598483
2020-08-31,0.008033720467683025,0.007973867151010823,0.007973867151010823,7.0453477763093835,8.044308901916992,7.772644504220009
2020-09-01,0.01709147071380568,0.016931829698714727,0.016931829698714727,7.165763131496751,8.180513770288105,7.904249597274113
2020-09-02,0.009469046078658616,0.009376891001183867,0.009376891001183867,7.2336160727776475,8.25722155624578,7.978366884193903
2020-09-03,-0.050699960072351336,-0.05023243693139232,-0.05023243693139232,6.866872026709102,7.84244119519313,7.5775940728681235
2020-09-04,-0.013326304318803328,-0.01321536832864738,-0.01321536832864738,6.775362000362899,7.738800446202895,7.477453376150196
2020-09-08,-0.04806383849678364,-0.04758902046643814,-0.04758902046643814,6.449712095420212,7.370518513382866,7.121608694395747
2020-09-09,0.02937560047654686,0.029126708657713517,0.029126708657713517,6.639176261124028,7.5851974587784525,7.329037716011652
2020-09-10,-0.019936505743305744,-0.019759906233844857,-0.019759906233844857,6.50681428546331,7.435314668227792,7.18421661795895
2020-09-11,-0.006939967328554841,-0.006861649588640031,-0.006861649588640031,6.461657206909221,7.384296144393138,7.134921040957631
2020-09-14,0.017415529410359953,0.017282319395423035,0.017282319395423035,6.574190388035813,7.511913908870931,7.2582290252485855
2020-09-15,0.01417356523337654,0.01402651184530824,0.01402651184530824,6.667370104357276,7.617279858294645,7.360036660647195
2020-09-16,-0.015946421959396773,-0.015782508567618404,-0.015782508567618404,6.561049407313727,7.497060073669163,7.243876818992545
2020-09-17,-0.015621918477933816,-0.015489860913331687,-0.015489860913331687,6.458553228342976,7.3809316558691345,7.131670174593043
2020-09-18,-0.012762876864832573,-0.012652764994282951,-0.012652764994282951,6.3761235087646675,7.287542462188559,7.041434827857181
2020-09-21,0.0023982097975439043,0.002300430232793318,0.002300430232793318,6.391414790633737,7.3043069451913425,7.057633157417428
2020-09-22,0.018578932693219974,0.018384753126749136,0.018384753126749136,6.510160455843372,7.438594825140685,7.187386000675706
2020-09-23,-0.030534543565154948,-0.030319664604463042,-0.030319664604463042,6.3113756777882735,7.213059124913925,6.969466867752406
2020-09-24,0.004656565655906553,0.004641190006001972,0.004641190006001972,6.340765013010986,7.2465363028371765,7.00181348772618
2020-09-25,0.023248508482028862,0.0230222092246658,0.0230222092246658,6.488178342198524,7.4133675777552295,7.163010702792698
2020-09-28,0.020768997479351237,0.02059351386403246,0.02059351386403246,6.622931301833226,7.566034865746901,7.310522263008872
2020-09-29,-0.004509225045847165,-0.004429575373407973,-0.004429575373407973,6.5930670141300745,7.532520544031243,7.278139753625898
2020-09-30,0.006848833021608103,0.00675134233949266,0.00675134233949266,6.638221829210123,7.58337516890326,7.327276966697298
2020-10-01,0.015872550413844166,0.015755586454669356,0.015755586454669356,6.743587339852542,7.702855691995109,7.442722512423405
2020-10-02,-0.02813114726225785,-0.022478516527224775,-0.022478516527224775,6.553882491319253,7.52970692301577,7.275421151420348
2020-10-05,0.0213261101610569,0.01705118572825765,0.01705118572825765,6.693651311311749,7.658097354239459,7.39947570872451
2020-10-06,-0.017846899654610948,-0.014788253904351649,-0.014788253904351649,6.574190388035813,7.544847466140721,7.290050383184809
2020-10-07,0.017298865058794854,0.01361010999238453,0.01361010999238453,6.6879164204292705,7.6475336700306595,7.389268770749979
2020-10-08,0.005323248650494383,0.005132078435073678,0.005132078435073678,6.72351786248894,7.686781412660124,7.427191077659308
2020-10-09,0.015279999982081627,0.013450643283966017,0.013450643283966017,6.826253215307297,7.790173567443635,7.527091575446759
2020-10-12,0.03087045054605908,0.02459163789935249,0.02459163789935249,7.036982727605317,7.981746694987316,7.712195085905412
2020-10-13,-3.388090672706845e-05,-0.001166896685808959,-0.001166896685808959,7.036744308249883,7.972432821221969,7.703195751019357
2020-10-14,-0.008352569798242393,-0.006359943208601729,-0.006359943208601729,6.977969410262841,7.921728601244604,7.6542038635181315
2020-10-15,-0.006711090827029587,-0.005126146299296956,-0.005126146299296956,6.931139623762333,7.881120661491299,7.614967294709094
2020-10-16,-0.005480649165278573,-0.004491055709855281,-0.004491055709855281,6.893152479168931,7.84572610954445,7.580768052359829
2020-10-19,-0.01632524842218319,-0.013192728889304782,-0.013192728889304782,6.78062005253451,7.74221957204149,7.480757034672343
2020-10-20,0.002149436881215161,0.0018864797394451123,0.0018864797394451123,6.795194567352935,7.756825112402482,7.494869331253963
2020-10-21,-0.000774011855193768,-0.00018621632429239966,-0.00018621632429239966,6.789935006199455,7.755380664941872,7.4934736642360456
2020-10-22,-3.4669166789846884e-05,-0.0008286034821877815,-0.0008286034821877815,6.789699604810233,7.748954529517209,7.487264545864177
2020-10-23,0.001970210374845127,0.0017722032225058306,0.0017722032225058306,6.803076741413712,7.76268725170547,7.500533500220111
2020-10-26,-0.014995837200686202,-0.011685863447943166,-0.011685863447943166,6.701058910135697,7.671973548492951,7.412883289949815
2020-10-27,0.0078079795710175315,0.00658811134769962,0.00658811134769962,6.753380641210222,7.722517364487028,7.461720190471506
2020-10-28,-0.038986350202347975,-0.03279165948039893,-0.03279165948039893,6.490090978482243,7.469283204739301,7.217038002847547
2020-10-29,0.01748629000953761,0.01339229138535666,0.01339229138535666,6.603578591520267,7.569314021856919,7.313690678720873
2020-10-30,-0.02536288804527098,-0.020383739254772583,-0.020383739254772583,6.43609276700539,7.415023098497894,7.164610314935766
2020-11-02,0.0022275704335184,0.0031721234942442677,0.0031721234942442677,6.4504296169605535,7.438544467479003,7.187337343642879
2020-11-03,0.017297410850833028,0.015020957237699573,0.015020957237699573,6.562005348209501,7.550278525835732,7.29529803053466
2020-11-04,0.044638687107513286,0.03821717212640848,0.03821717212640848,6.854924651746054,7.838828819859921,7.574103691081051
2020-11-05,0.026071026674576725,0.02349093933679101,0.02349093933679101,7.033639575193939,8.022970272138739,7.7520265014188015
2020-11-06,0.0007474505369180484,0.00040833105700827067,0.00040833105700827067,7.038896872870906,8.026246300070307,7.755191894594081
2020-11-09,-0.020434063604050645,-0.01984089737288422,-0.01984089737288422,6.895063606468308,7.86699837094112,7.601321928106417
2020-11-10,-0.017914497135570584,-0.01499526270629055,-0.01499526270629055,6.771542009240655,7.749030663658898,7.487338108879374
2020-11-11,0.022369315205782225,0.018910423918051963,0.018910423918051963,6.923016766874555,7.895568118462672,7.628926846536069
2020-11-12,-0.004693355967104296,-0.003491154608608532,-0.003491154608608532,6.890524584821381,7.868003469438318,7.602293083417047
2020-11-13,0.008772241026480998,0.007903436064607364,0.007903436064607364,6.950969927278327,7.930187731815132,7.66237732074624
2020-11-16,0.0078023086610172765,0.006728112902330743,0.006728112902330743,7.005203540144401,7.9835429302114616,7.713930660460478
2020-11-17,-0.0031714653849217456,-0.0030179260139209284,-0.0030179260139209284,6.982986779602502,7.959449188319122,7.6906505884506915
2020-11-18,-0.007390315152674742,-0.006801578788766834,-0.006801578788766834,6.931380306594278,7.905312367549583,7.6383420225364675
2020-11-19,0.00782446857001573,0.006526506738689833,0.006526506738689833,6.98561467395005,7.956906441987845,7.68819371321897
2020-11-20,-0.006840590216349307,-0.005433260400737086,-0.005433260400737086,6.937828946556242,7.913674497304222,7.646421754763741
2020-11-23,3.5017626963451676e-05,-0.0011600476022806012,-0.0011600476022806012,6.9380718928622285,7.904494258178395,7.637551541541101
2020-11-24,0.014049950133994793,0.01109390463415751,0.01109390463415751,7.035551456983014,7.992185963659872,7.722281809981421
2020-11-25,0.0061463459624124805,0.005156084198128053,0.005156084198128053,7.078794390273987,8.033394347415598,7.762098545195357
2020-11-27,0.009214039686022302,0.0073256218675729,0.0073256218675729,7.1440186827151635,8.092243956717862,7.818960744036295
2020-11-30,0.002040417157671559,0.001204498247091947,0.001204498247091947,7.158595461010101,8.10199105037877,7.828378668546568
2020-12-01,0.012816226692069277,0.011713711916206114,0.011713711916206114,7.250341643235225,8.196895439490586,7.920078041040895
2020-12-02,0.0012848647161074478,0.0011532386220381881,0.0011532386220381881,7.259657351392343,8.206348415892213,7.929211780927379
2020-12-03,0.001415414118588254,0.001431123753931376,0.001431123753931376,7.2699327729036165,8.218092716043232,7.940559464257016
2020-12-04,0.004075330303257685,0.003995050557189964,0.003995050557189964,7.299560150235677,8.2509244119275,7.972282400769096
2020-12-07,0.005662335761755566,0.005673921847924159,0.005673921847924159,7.340892710719442,8.297739512213907,8.017516508060641
2020-12-08,0.0033851381989840057,0.0033671639547964405,0.0033671639547964405,7.365742647049141,8.325679361605724,8.04451280065357
2020-12-09,-0.02264137839758229,-0.022476642681609663,-0.022476642681609663,7.198972080598092,8.13854604151326,7.863699160885644
2020-12-10,0.004015831075332876,0.003973872910140303,0.003973872910140303,7.227881936389812,8.17088758915556,7.894948501954581
2020-12-11,-0.0022147634754026146,-0.002177262593492259,-0.002177262593492259,7.211873887472573,8.153097421252061,7.877759125903728
2020-12-14,0.0072554656874685985,0.007153224498918796,0.007153224498918796,7.264199391005482,8.211418357467833,7.9341105054797225
2020-12-15,0.010689099712975603,0.010647062226971515,0.010647062226971515,7.3418471426308765,8.298845839691488,8.018585473747233
2020-12-16,0.005499826171477817,0.0054475152700811155,0.0054475152700811155,7.3822260256929075,8.344053929127256,8.062266840559921
2020-12-17,0.006537466741382225,0.006512253374183465,0.006512253374183465,7.430487082813241,8.398392522481585,8.114770364995925
2020-12-18,-0.003022134906737306,-0.0030127947375901023,-0.0030127947375901023,7.40803114842621,8.373089889685636,8.090322227543513
2020-12-21,-0.001870943975072259,-0.0018662038897644122,-0.0018662038897644122,7.394171137181915,8.357463996764157,8.075224036733024
2020-12-22,0.00271922938721314,0.002672379694841985,0.002672379694841985,7.414277584632223,8.379798313849482,8.096804101480089
2020-12-23,-0.005036200809760527,-0.0049789012680196395,-0.0049789012680196395,7.376937793856709,8.338076125398908,8.056490913272324
2020-12-24,0.004412846737250398,0.004393921495732359,0.004393921495732359,7.409491089731229,8.37471297731935,8.091890501876323
2020-12-28,0.010078602858499153,0.009973131273408466,0.009973131273408466,7.484168407808218,8.458235089219272,8.172591988101582
2020-12-29,0.0008954093886723857,0.0008922194232578955,0.0008922194232578955,7.490869802466975,8.465781690852355,8.179883733411728
2020-12-30,3.202943631763766e-05,6.692185505380908e-05,6.692185505380908e-05,7.4911097308042764,8.466348236667587,8.180431146405292
2020-12-31,0.0024606481121038914,0.002469070645770424,0.002469070645770424,7.509542715820943,8.487252248575613,8.200629208818627
2021-01-04,-0.014120301622237763,-0.013925024370357825,-0.013925024370357825,7.403505707628472,8.369067054176824,8.08643524723356
2021-01-05,0.008244217241725416,0.008157584950509831,0.008157584950509831,7.464541817032515,8.437338429627784,8.152401029709663
2021-01-06,-0.013852467566647597,-0.013774026607347598,-0.013774026607347598,7.361139493612187,8.321122305602895,8.040109641012675
2021-01-07,0.024192165509958397,0.023912453567423775,0.023912453567423775,7.539221398583544,8.520100756364478,8.232368389480387
2021-01-08,0.012857805071340156,0.012615313983622579,0.012615313983622579,7.636159237716208,8.627584502578115,8.33622230154253
2021-01-11,-0.014449853585733696,-0.014326630163724494,-0.014326630163724494,7.525817854773861,8.503980290203398,8.216792327665738
2021-01-12,-0.001590225337334994,-0.001561384519770371,-0.001561384519770371,7.5138501085370315,8.490702307021841,8.203962755323152
2021-01-13,0.0067531059134655624,0.006710128342248054,0.006710128342248054,7.564591934137887,8.547676009217781,8.259012398326394
2021-01-14,-0.005347454906787563,-0.005313417112432799,-0.005313417112432799,7.524140619881836,8.502258641238871,8.215128820517332
2021-01-15,-0.007921011296869729,-0.00786780890303136,-0.00786780890303136,7.464541817032515,8.435364495005457,8.150493756843716
2021-01-19,0.0145896203071465,0.014474928071009578,0.014474928071009578,7.573446647909837,8.557465789323409,8.26847156771724
2021-01-20,0.023261040700675473,0.023091644144227513,0.023091644144227513,7.749612898631262,8.755071744106866,8.45940417077563
2021-01-21,0.007999471148157244,0.007901124552544395,0.007901124552544395,7.81160570342325,8.824246656423517,8.526242976769241
2021-01-22,-0.002880194068326958,-0.00287107051619215,-0.00287107051619215,7.789106763012141,8.798911622020652,8.501763531944748
2021-01-25,0.008266553812304345,0.008222051404147638,0.008222051404147638,7.853495833218364,8.871256725677457,8.571665468730306
2021-01-26,0.0014622936521169194,0.001426507981152447,0.001426507981152447,7.864979950322206,8.883911644199488,8.583893017933217
2021-01-27,-0.027876258452596114,-0.02764045824295689,-0.02764045824295689,7.645733736502537,8.638356255363874,8.346630281409025
2021-01-28,0.005916738761584606,0.005861697695241033,0.005861697695241033,7.690971545662057,8.68899168831661,8.395555704892589
2021-01-29,-0.021038337754007208,-0.02084241978870705,-0.02084241978870705,7.52916628862796,8.50789207600813,8.220572008531743
2021-02-01,0.024987461325510107,0.024776061539783338,0.024776061539783338,7.717301040078385,8.718684133657142,8.424245406507346
2021-02-02,0.016314255161196778,0.015264479056348462,0.015264479056348462,7.843203058401993,8.85177030501427,8.552837124080519
2021-02-03,-0.003967255353214849,-0.003883938309613141,-0.003883938309613141,7.812087069082197,8.81739057521873,8.51961843231842
2021-02-04,0.011826707991341667,0.010914129472630759,0.010914129472630759,7.904478341651168,8.91362471756742,8.612602650946155
2021-02-05,0.0033912842781724795,0.003370749081173916,0.003370749081173916,7.9312846747783645,8.943670309894088,8.641633573418346
2021-02-08,0.006699618563014154,0.006546220655000331,0.006546220655000331,7.984421256814059,9.00221754920823,8.698203613609603
2021-02-09,-0.00020968544518928933,-0.00014831747481947594,-0.00014831747481947594,7.982747039888245,9.000882363033556,8.696913518014167
2021-02-10,-0.0022791416386050978,-0.0020255313861673604,-0.0020255313861673604,7.9645532287191845,8.982650793304032,8.679297646720647
2021-02-11,0.0054998088798072775,0.005013354861009185,0.005013354861009185,8.008356749290192,9.02768400932339,8.722810045767979
2021-02-12,0.005589000137709688,0.005141456781863975,0.005141456781863975,8.053115456264804,9.07409945649765,8.767657996634703
2021-02-16,-0.002704344799578595,-0.0029902415492538328,-0.0029902415492538328,8.031337055360249,9.04696570728077,8.741440581403518
2021-02-17,-0.004798444296318594,-0.004694312480129205,-0.004694312480129205,7.992799131875143,9.00449642325378,8.700405527787927
2021-02-18,-0.0043720646251842465,-0.004172681607010054,-0.004172681607010054,7.957854097534468,8.966923526648081,8.664101505668599
2021-02-19,-0.004361303256171456,-0.004246484397791352,-0.004246484397791352,7.923147482546753,8.928845625795981,8.627309533803896
2021-02-22,-0.025920014139020675,-0.0245654917047422,-0.0245654917047422,7.717779387773595,8.709504142642567,8.415375433016992
2021-02-23,-0.0029771890267095147,-0.0028430871191546378,-0.0028430871191546378,7.69480209966975,8.684742263600397,8.391449787520532
2021-02-24,0.008243143362295147,0.007717159946197514,0.007717159946197514,7.758231456521817,8.751763808740103,8.456207947711313
2021-02-25,-0.03486254181403914,-0.0336484882119825,-0.0336484882119825,7.487759787965832,8.457280187387656,8.171669334264676
2021-02-26,0.004187522577553171,0.003712446145652791,0.003712446145652791,7.519114951133234,8.48867738462203,8.202006216588217
2021-03-01,0.03008187097418702,0.028611574225769217,0.028611574225769217,7.745303996933304,8.731551807690751,8.43667852625435
2021-03-02,-0.016038625338156254,-0.015401075905104145,-0.015401075905104145,7.6210799679963666,8.597076515531157,8.306744599884546
2021-03-03,-0.029020150289009283,-0.02818745278197112,-0.02818745278197112,7.399915081960554,8.354746827186629,8.072598628703407
2021-03-04,-0.016366640646593544,-0.015937625782290514,-0.015937625782290514,7.278803330998798,8.22159199874915,7.943940572668501
2021-03-05,0.01506049104951157,0.014585743104503345,0.014585743104503345,7.38842568341646,8.341510027552944,8.059808849098884
2021-03-08,-0.02831406774164158,-0.027393369224987477,-0.027393369224987477,7.179229298112122,8.113007963474251,7.839023529412697
2021-03-09,0.039441343013233876,0.038389725871364744,0.038389725871364744,7.462387743429621,8.424464115184227,8.139961493806029
2021-03-10,-0.0028546247418750337,-0.0026584459785670457,-0.0026584459785670457,7.441085426743761,8.402068132435634,8.11832184590713
2021-03-11,0.02303135053659533,0.022137178443268853,0.022137178443268853,7.612463673579848,8.588066213975864,8.298038585269863
2021-03-12,-0.008112075025925591,-0.00787516225603176,-0.00787516225603176,7.550710797127635,8.52043379907526,8.23269018500405
2021-03-15,0.010682795612825924,0.010408816103767234,0.010408816103767234,7.631373497304907,8.609121427614157,8.318382743179045
2021-03-16,0.005488606063417167,0.0052849764892492586,0.0052849764892492586,7.673259100154416,8.65462043195219,8.362345200405324
2021-03-17,0.0041176566022338434,0.003952566015523961,0.003952566015523961,7.704854946148818,8.688828390548785,8.395397921854526
2021-03-18,-0.03063068462126095,-0.029645567337805913,-0.029645567337805913,7.468849964240771,8.431243143410132,8.146511587434512
2021-03-19,0.00352544280936673,0.0035023650700181847,0.0035023650700181847,7.495180967641443,8.46077243489244,8.17504364506084
2021-03-22,0.018752917355782994,0.01808918307817183,0.01808918307817183,7.635737476894261,8.613820896449958,8.32292350622839
2021-03-23,-0.00436248699893782,-0.004196850025084494,-0.004196850025084494,7.602426671424007,8.577669982004618,8.287993444502499
2021-03-24,-0.01686534558982733,-0.016169296178929073,-0.016169296178929073,7.474209118289121,8.438975095540476,8.153982423769316
2021-03-25,-0.0017314260593149777,-0.0017186979805928673,-0.0017186979805928673,7.4612680778489455,8.424471046085497,8.139968190643794
2021-03-26,0.014999899384672721,0.014488454930577124,0.014488454930577124,7.5731863482987505,8.546528615150658,8.257903752910266
2021-03-29,-0.0002844342534698008,-0.00043732649343667654,-0.00043732649343667654,7.571032274693384,8.542790991760338,8.254292352818869
2021-03-30,-0.0050331781571885115,-0.0050718965439075295,-0.0050718965439075295,7.532925920421028,8.499462839653905,8.212427435962205
2021-03-31,0.015302518762840167,0.014927613766954903,0.014927613766954903,7.648198660657355,8.626339538150845,8.335019380815393
2021-04-01,0.017046549780315168,0.016667919887064873,0.016667919887064873,7.778574059855991,8.770122674491363,8.473946816111956
2021-04-05,0.019964908737707843,0.019740337717002423,0.019740337717002423,7.933872581070518,8.943247857905364,8.641225388057924
2021-04-06,-0.0006948776005802904,-0.0006388778724234184,-0.0006388778724234184,7.9283595107280735,8.93753421474135,8.63570470036687
2021-04-07,0.002418203512238426,0.002369700678727916,0.002369700678727916,7.947531897543205,8.958713495636177,8.656168735656625
2021-04-08,0.0104337300785875,0.01037951049193928,0.01037951049193928,8.030454300153135,9.05170055635841,8.74601552986837
2021-04-09,0.006058328392756218,0.005965689481450991,0.005965689481450991,8.079105429446484,9.105700191156723,8.798191542719513
2021-04-12,-0.0013050975288507738,-0.0013149546409778807,-0.0013149546409778807,8.068561408915189,9.093726608431009,8.786622319918202
2021-04-13,0.011672953815530684,0.011602665859419546,0.011602665859419546,8.16274535359923,9.199238079685546,8.88857056272913
2021-04-14,-0.012008187917597057,-0.011901097638134513,-0.011901097638134513,8.064725573469717,9.089757049102763,8.782786816598643
2021-04-15,0.01515555358878129,0.015097707951411804,0.015097707951411804,8.186950954077252,9.226991546379404,8.915386766955159
2021-04-16,0.0011711416972328692,0.0011746085840303878,0.0011746085840303878,8.196539033712773,9.237829649854556,8.925858856781574
2021-04-19,-0.009151981772621554,-0.009078546077429856,-0.009078546077429856,8.121524457877653,9.153963587722902,8.844825035869647
2021-04-20,-0.007289046299172042,-0.007184083194377719,-0.007184083194377719,8.062326290084325,9.088200751750398,8.781283076972246
2021-04-21,0.008561570604137536,0.0085056930026751,0.0085056930026751,8.131352465850476,9.165502197291467,8.855973974994557
2021-04-22,-0.01205473376330013,-0.01195481847724591,-0.01195481847724591,8.033331176739095,9.05593028227005,8.750102413684283
2021-04-23,0.012589525856153694,0.012440225902862818,0.012440225902862818,8.134467007299698,9.168588100742065,8.858955664383702
2021-04-26,0.0065110354995732145,0.006450056119430468,0.006450056119430468,8.187430810754334,9.227726008527794,8.916096425578523
2021-04-27,-0.004332177803516024,-0.004319518720517746,-0.004319518720517746,8.15196140472816,9.18786667328615,8.877583180154296
2021-04-28,-0.0033809751887323714,-0.003337656900552137,-0.003337656900552137,8.124399825479271,9.157200726682705,8.84795285339283
2021-04-29,0.0035987962531733864,0.003553084562741169,0.003553084562741169,8.153637885130488,9.189737035222603,8.87939037808808
2021-04-30,-0.006554393498680922,-0.0064874415046220855,-0.0064874415046220855,8.10019573398559,9.130119153763737,8.82178585241353
2021-05-03,-0.005325557600094344,-0.005225855612113732,-0.005225855612113732,8.057057675032212,9.082406469344773,8.775684473307829
2021-05-04,-0.0179959527250656,-0.017836654178340395,-0.017836654178340395,7.912063246009205,8.92040672604395,8.619155624179205
2021-05-05,-0.0033622861142220684,-0.0033260747846503374,-0.0033260747846503374,7.885460625622302,8.89073678616363,8.590487667992646
2021-05-06,0.007537586510207195,0.0075299117190694015,0.0075299117190694015,7.944897967260762,8.957683249280926,8.655173281756385
2021-05-07,0.008114331688496401,0.008058737681886653,0.008058737681886653,8.009365504598376,9.029870868824311,8.724923052825334
2021-05-10,-0.025254581026660672,-0.024993040084026957,-0.024993040084026957,7.807092334490355,8.804186944246197,8.50686070123602
2021-05-11,-0.0013811082826693521,-0.0013880785108446557,-0.0013880785108446557,7.796309894603627,8.79196604154343,8.495052510701885
2021-05-12,-0.02588298915442977,-0.025699689286915905,-0.025699689286915905,7.5945180901570275,8.566015246054649,8.276732300700813
2021-05-13,0.007731372411349691,0.007691799258118528,0.007691799258118528,7.653234137796764,8.631903315769284,8.340395264070988
2021-05-14,0.02207665865764996,0.021902926632295015,0.021902926632295015,7.822191975483976,8.820967260791642,8.523074329624276
2021-05-17,-0.006066361224933203,-0.00597277794196763,-0.00597277794196763,7.774739733389917,8.768281582109568,8.472167899270545
2021-05-18,-0.006750669870252968,-0.006683217389795351,-0.006683217389795351,7.722255032122663,8.70968125016139,8.415546559436875
2021-05-19,0.0011483096701780937,0.0011350122157407774,0.0011350122157407774,7.731122572251631,8.719566844775532,8.425098307583971
2021-05-20,0.019343410433524832,0.019186766707653038,0.019186766707653038,7.880668849278583,8.886867139618026,8.586748703300627
2021-05-21,-0.0055345114720734,-0.005464843708173007,-0.005464843708173007,7.837053197124638,8.838301799644714,8.53982346367573
2021-05-24,0.016818878086115818,0.01665790211505468,0.01665790211505468,7.968863639401482,8.985529365886507,8.682079007013488
2021-05-25,0.0013832741046915231,0.0014024379545929998,0.0014024379545929998,7.979886762117684,8.998131013311335,8.694255084137698
2021-05-26,0.0034837585335540933,0.0034406917309202077,0.0034406917309202077,8.007686760722008,9.029090808282572,8.724169335712201
2021-05-27,-0.0037409474894380956,-0.003713941776437884,-0.003713941776437884,7.977730425038278,8.99555729072644,8.691768278751582
2021-05-28,0.0031541615243309007,0.0031353194162801125,0.0031353194162801125,8.002893475396418,9.023761236160315,8.71901974859776
2021-06-01,-0.0033239367094932692,-0.0033033998455336343,-0.0033033998455336343,7.976292363991384,8.99395214468665,8.690217340107036
2021-06-02,0.0019529417285382156,0.0019585718320856028,0.0019585718320856028,7.991869598188043,9.01156744601636,8.707237755004071
2021-06-03,-0.010405866853553492,-0.010371698375060906,-0.010371698375060906,7.908707267238337,8.918102186579759,8.616928911329227
2021-06-04,0.01696986892102137,0.01685890355347845,0.01685890355347845,8.042916992898101,9.068451611223374,8.762200884772508
2021-06-07,0.0029797239188074087,0.0029608447257678653,0.0029608447257678653,8.066882665038822,9.095301888347345,8.788144401048305
2021-06-08,0.000475410529075182,0.0004610422397835205,0.0004610422397835205,8.070717745994596,9.099495206701455,8.792196106826506
2021-06-09,0.0002376390532210504,0.0002516141886728157,0.0002516141886728157,8.072635663718568,9.10178476880522,8.794408348116576
2021-06-10,0.010420361370378162,0.010346296783450304,0.010346296783450304,8.156755444545919,9.195954535282366,8.885397906921042
2021-06-11,0.002614853913062376,0.0025502800078468506,0.0025502800078468506,8.178084168437982,9.219406794286767,8.908058159564828
2021-06-14,0.009582720050057336,0.009456530292058557,0.009456530292058557,8.256452459569928,9.306590393911751,8.992297481394173
2021-06-15,-0.006530984412275842,-0.006478244806258588,-0.006478244806258588,8.20252969725578,9.246300023028416,8.934043176939
2021-06-16,-0.0036521769846104,-0.003689858683922398,-0.003689858683922398,8.17257260707988,9.212182482594294,8.901077820140033
2021-06-17,0.012697503566684976,0.012490495136250494,0.012490495136250494,8.27634387690727,9.32724720308739,9.01225668935988
2021-06-18,-0.007847444411787086,-0.007786010405920676,-0.007786010405920676,8.211395728400404,9.254625159305558,8.942087164995696
2021-06-21,0.0062149987104913595,0.006183010555762008,0.006183010555762008,8.262429542263748,9.311846604355166,8.99737618432741
2021-06-22,0.00932153251181278,0.00921150277824781,0.00921150277824781,8.339448047868522,9.397622705221801,9.080255540046283
2021-06-23,0.0004891854017452513,0.0004667075569888834,0.0004667075569888834,8.343527584112152,9.402008646756059,9.084493363926212
2021-06-24,0.006182768764994018,0.006119733390401169,0.006119733390401169,8.395113685849067,9.459546433008452,9.140088041300308
2021-06-25,-0.0012287397112983323,-0.001209883609039151,-0.001209883609039151,8.3847982762824,9.448101482830209,9.129029598593963
2021-06-28,0.01216159988825738,0.012061375608278921,0.012061375608278921,8.486770838062297,9.562058583599763,9.239138253521702
2021-06-29,0.003618759407015615,0.0035327725634180557,0.0035327725634180557,8.51748241986772,9.5958391618137,9.271778027653369
2021-06-30,-0.0015774598981788124,-0.001538109557720561,-0.001538109557720561,8.504046432916937,9.581079709884564,9.25751701725197
2021-07-01,0.0003948106094779913,0.00041267850756455894,0.00041267850756455894,8.507403920672147,9.585033615560098,9.261337395558405
2021-07-02,0.01147886729972214,0.011398066273216389,0.011398066273216389,8.605059281342678,9.69428446394126,9.366898732971597
2021-07-06,0.004321835065437485,0.004318486322084652,0.004318486322084652,8.642248928284953,9.736149098801189,9.407349557030287
2021-07-07,0.002109931554614919,0.0021209269782755885,0.0021209269782755885,8.66048348200158,9.75679876008935,9.427301858499861
2021-07-08,-0.006039690665041952,-0.005976935341680494,-0.005976935341680494,8.608176840760585,9.698483004758506,9.370955484845103
2021-07-09,0.006243798338296136,0.006171701819046728,0.006171701819046728,8.661924561014684,9.75833914996097,9.428790227857128
2021-07-12,0.0039058478227040894,0.003865044271331432,0.003865044271331432,8.69575672020175,9.796055562790237,9.465232919512893
2021-07-13,0.0,-1.3952430630242965e-05,-1.3952430630242965e-05,8.69575672020175,9.795918884004546,9.465100856507183
2021-07-14,0.0017933560017844297,0.0018362931918318847,0.0018362931918318847,8.71135130770598,9.81390706315898,9.48248155676999
2021-07-15,-0.007023565241972118,-0.006924089354690692,-0.006924089354690692,8.650166563450568,9.745954693735039,9.416824007166708
2021-07-16,-0.008099159050014126,-0.008044117227494565,-0.008044117227494565,8.580107488644067,9.667557091684783,9.341073970942375
2021-07-19,-0.008193781976493675,-0.008093202485350545,-0.008093202485350545,8.509803958547238,9.589315594603091,9.265474767864902
2021-07-20,0.011616424286817306,0.011487050793308966,0.011487050793308966,8.60865745192736,9.699468549911366,9.371907747147487
2021-07-21,0.007720415590906526,0.007600019029157177,0.007600019029157177,8.675119865135994,9.773184695463403,9.443134424365313
2021-07-22,0.006610299020713972,0.006567491004183344,0.006567491004183344,8.732465001485078,9.83736999803308,9.505152124748626
2021-07-23,0.011677408585382798,0.011550750485990786,0.011550750485990786,8.834437563264975,9.950999004318733,9.614943765272983
2021-07-26,0.0007874200003987752,0.0007697185382153981,0.0007697185382153981,8.841393976094565,9.958658472726121,9.622344565733012
2021-07-27,-0.011017766500441173,-0.01086869176550748,-0.01086869176550748,8.743981561727548,9.8504208833881,9.517762268586553
2021-07-28,0.0038415819644963545,0.003810948138693289,0.003810948138693289,8.777572283592969,9.887960326518993,9.554033966988548
2021-07-29,0.0017769839955774636,0.0017936802847181722,0.0017936802847181722,8.793169889060938,9.905696166012746,9.571170849354665
2021-07-30,-0.005211923706071708,-0.005188735804991919,-0.005188735804991919,8.747340558464625,9.854298125642785,9.521508572472923
2021-08-02,8.245866202449825e-05,9.970497405410486e-05,9.970497405410486e-05,8.74806185246335,9.855280648181724,9.522457914238098
2021-08-03,0.006061246899666584,0.00600309316765847,0.00600309316765847,8.801086015244685,9.914442816106181,9.579622116282376
2021-08-04,0.0014450160919052824,0.001434184145172769,0.001434184145172769,8.813803726162956,9.928661952801264,9.593361058438296
2021-08-05,0.006342784463197582,0.006266417824179965,0.006266417824179965,8.869707783498935,9.990879097032556,9.653477067168689
2021-08-06,-0.004382235160342751,-0.004448189574015764,-0.004448189574015764,8.830838638188121,9.946437772797884,9.61053657112551
2021-08-09,0.0018476027217164681,0.0017597567597376926,0.0017597567597376926,8.847154519691076,9.963941083903874,9.627448777821252
2021-08-10,-0.005125711870286431,-0.005078653710908885,-0.005078653710908885,8.801806554751236,9.91333767754283,9.578554299359185
2021-08-11,-0.0017174876779167958,-0.0016440721485700036,-0.0016440721485700036,8.786689560450043,9.897039435167812,9.562806465012043
2021-08-12,0.0036046344784972373,0.0035682067690429886,0.0035682067690429886,8.818362364591493,9.932354118273864,9.596928535771548
2021-08-13,0.0035099787642181024,0.003556362757904399,0.003556362757904399,8.84931462922639,9.967677172558412,9.631058695006438
2021-08-16,0.00043363182269673395,0.0004547053027807114,0.0004547053027807114,8.853151973658678,9.972209528225182,9.63543798846645
2021-08-17,-0.008807961186134028,-0.008725049485986265,-0.008725049485986265,8.775173754699747,9.885201506606794,9.551368315197928
2021-08-18,-0.009624543165341781,-0.00952420121592022,-0.00952420121592022,8.690716716114265,9.791052858397952,9.460399161476618
2021-08-19,0.0048312999476891605,0.00478766255971229,0.00478766255971229,8.732704175330209,9.837929115588269,9.505692360341953
2021-08-20,0.01035847644734278,0.010269372018102706,0.010269372018102706,8.823161685851979,9.938958469563968,9.60330985147994
2021-08-23,0.014956412937348729,0.01483441343229934,0.01483441343229934,8.955124535438575,10.086397088587931,9.745769320135267
2021-08-24,0.0030544058834807153,0.0030046592641813376,0.0030046592641813376,8.982477120506921,10.116703275042369,9.775052036209585
2021-08-25,0.0011487285071198894,0.0011032207511277778,0.0011032207511277778,8.9927955480398,10.127864232028397,9.785836076459285
2021-08-26,-0.006350022439024272,-0.006280297685061677,-0.006280297685061677,8.93569109452019,10.064258229737371,9.724378112801904
2021-08-27,0.009719988310674443,0.00968295006469361,0.00968295006469361,9.022545907506723,10.161709939614099,9.818538780478365
2021-08-30,0.01122227942042886,0.011099256011116661,0.011099256011116661,9.12379943876441,10.274497359744585,9.927517256057971
2021-08-31,-0.0008151235731072015,-0.0008116765717703463,-0.0008116765717703463,9.11636241476557,10.266157790950963,9.919459322885382
2021-09-01,0.001657812749779497,0.001658904793532112,0.001658904793532112,9.131475636608378,10.283188369321527,9.935914761505362
2021-09-02,-0.00047269978988029315,-0.0004616064266641105,-0.0004616064266641105,9.127159189993657,10.27844158348365,9.931328279396665
2021-09-03,0.0030757790009485753,0.0030598180915742033,0.0030598180915742033,9.155232314568554,10.309891744993982,9.961716337339325
2021-09-07,0.0014150788678999326,0.0013056786453658317,0.0013056786453658317,9.168187690347615,10.323353150481454,9.97472313763218
2021-09-08,-0.0034807291325610334,-0.0034270039480227494,-0.0034270039480227494,9.136275712361035,10.287974978477921,9.94053972205908
2021-09-09,-0.0034401996305324367,-0.003378697030099658,-0.003378697030099658,9.104845100030929,10.253215027972399,9.906953650022572
2021-09-10,-0.007589544266779602,-0.00755474530747804,-0.00755474530747804,9.035743475102072,10.175754599853262,9.832109138423663
2021-09-13,-0.0006904679516898105,-0.0006659371240104635,-0.0006659371240104635,9.029504583812823,10.1689781871004,9.825561571941064
2021-09-14,-0.0028431606595180625,-0.0027767689416313057,-0.0027767689416313057,9.00383225160519,10.140741284302335,9.798278257734012
2021-09-15,0.007434864179228118,0.007332548389139714,0.007332548389139714,9.070774521488428,10.215098760471228,9.870124607189103
2021-09-16,0.0006876350296882716,0.0005870478965521189,0.0005870478965521189,9.077011903795807,10.221095512711635,9.87591884307846
2021-09-17,-0.011842020282629706,-0.011751904496665704,-0.011751904496665704,8.969521744725386,10.10097817439495,9.759857988017782
2021-09-20,-0.02066332182797037,-0.020414288810778128,-0.020414288810778128,8.784181630271148,9.894773888671486,9.560617428298206
2021-09-21,0.00123040404424124,0.0012355226887894389,0.0012355226887894389,8.794989722874382,9.90699910631138,9.572429788049705
2021-09-22,0.009340608717162802,0.009241037387228717,0.009241037387228717,8.87714028054722,9.998550055448044,9.660888969607694
2021-09-23,0.009226886505163234,0.00905629774751701,0.00905629774751701,8.959048646406242,10.089099901793634,9.748380856622164
2021-09-24,0.0009381617503361195,0.0009105051196766495,0.0009105051196766495,8.9674536831657,10.098286078907147,9.757256807300678
2021-09-27,-0.007982129372749336,-0.007912274305996626,-0.007912274305996626,8.895874307722535,10.018385669430407,9.680054714967262
2021-09-28,-0.02829739806972964,-0.028086087450214917,-0.028086087450214917,8.644144211258629,9.737008413408804,9.408179851719828
2021-09-29,-0.001639534282599442,-0.0016208365395907198,-0.0016208365395907198,8.629971840480538,9.72122631438605,9.39293073004512
2021-09-30,-0.0036738529242738016,-0.003585577574506367,-0.003585577574506367,8.598266593197987,9.686370103316484,9.359251648260578
2021-10-01,0.006201679766800083,0.006160666707593102,0.006160666707593102,8.651590289158577,9.74604460112941,9.416910878298003
2021-10-04,-0.020989500017536855,-0.020753799055373057,-0.020753799055373057,8.46999773463256,9.543777149892868,9.22147420220745
2021-10-05,0.013498812009452799,0.013331702956868759,0.013331702956868759,8.584332641772857,9.671011951941791,9.344412157095707
2021-10-06,0.006407832627528531,0.006377098837545872,0.006377098837545872,8.639339608560368,9.73268495101841,9.404002397000271
2021-10-07,0.00917519726547611,0.009042626651157286,0.009042626651157286,8.718607253712351,9.820693987343805,9.489039279702931
2021-10-08,-0.004986757508435469,-0.0049526495987395865,-0.0049526495987395865,8.6751296735268,9.772055531208043,9.442043393121887
2021-10-11,-0.007669695024601908,-0.007616674267798872,-0.007616674267798872,8.608594074631975,9.697624967299989,9.370126424174055
2021-10-12,-0.0034876177433484923,-0.0034035746131981285,-0.0034035746131981285,8.578570589192005,9.66461837715297,9.338234499754279
2021-10-13,0.008007651010914607,0.008015429576475787,0.008015429576475787,8.647264788642751,9.742084445138554,9.413084460755677
2021-10-14,0.018416989440907194,0.01825948536280296,0.01825948536280296,8.806521372947913,9.919969893467751,9.584962538685673
2021-10-15,0.006300651655151146,0.006171194334293948,0.006171194334293948,8.8620081964125,9.981187955470686,9.64411320519883
2021-10-18,0.010055877622347387,0.009942964930443741,0.009942964930443741,8.951123466323864,10.080430557276097,9.74000428458335
2021-10-19,0.007567233413897201,0.007494942736803052,0.007494942736803052,9.01885870691015,10.1559828070652,9.813005058952518
2021-10-20,-0.0013050508730048094,-0.0012551599257272779,-0.0012551599257272779,9.00708863748119,10.143235424439398,9.800688168251563
2021-10-21,0.006107075105113324,0.006041127240586708,0.006041127240586708,9.0620956042687,10.204512000269663,9.859895372521283
2021-10-22,-0.008402476991164476,-0.008276232953714779,-0.008276232953714779,8.9859515544621,10.120057081776453,9.778292581519041
2021-10-25,0.010237917195524027,0.01015396913395095,0.01015396913395095,9.077948982399672,10.222815829018632,9.877581062574528
2021-10-26,0.003148719547130474,0.003107677047293378,0.003107677047293378,9.106532897808407,10.25458503912918,9.90827739452547
2021-10-27,0.0023211729149243965,0.002327797231950455,0.002327797231950455,9.127670735319668,10.278455633798066,9.931341855217843
2021-10-28,0.011105098986626594,0.010996427412976037,0.010996427412976037,9.229034422352727,10.391481925092622,10.040551135042199
2021-10-29,0.004919178788405976,0.004838967914693,0.004838967914693,9.274433692720633,10.441765972714256,10.089137039830502
2021-11-01,0.0034187269344303495,0.0033948623754930327,0.0033948623754930327,9.306140448987525,10.477214331148728,10.123388271568217
2021-11-02,0.0041814225819925,0.0041390993986974356,0.0041390993986974356,9.345053354812116,10.52058056268681,10.165289981875846
2021-11-03,0.010615543779050718,0.010461370150260064,0.010461370150260064,9.444256177817689,10.630640250148709,10.27163284306098
2021-11-04,0.01281866001153209,0.01273744826450999,0.01273744826450999,9.565318886822945,10.766047480353595,10.40246723499151
2021-11-05,0.0009542640293049853,0.0010238298632846293,0.0010238298632846293,9.574446726565473,10.777070081273521,10.413117591598533
2021-11-08,-0.0013549325051974703,-0.001344458217511826,-0.001344458217511826,9.561473997476368,10.762580760842052,10.399117590082591
2021-11-09,-0.006883122406817432,-0.006773356950092745,-0.006773356950092745,9.495661201562136,10.689681959644668,10.328680654678974
2021-11-10,-0.01469706151738559,-0.014530257873744986,-0.014530257873744986,9.356102884734526,10.534358124182711,10.178602261270928
2021-11-11,0.002772540774194532,0.002755778110503585,0.002755778110503585,9.38204306147001,10.563388477709541,10.206652230578062
2021-11-12,0.01052270541352307,0.010415226284796367,0.010415226284796367,9.480767536782848,10.673408559039096,10.312956823169753
2021-11-15,-0.00022815953408916734,-0.00023644027150042862,-0.00023644027150042862,9.478604409278848,10.670884935421562,10.310518424858511
2021-11-16,0.007121125357770763,0.007017227074539198,0.007017227074539198,9.54610273949404,10.745764958099695,10.382869673901963
2021-11-17,0.0005283597595775458,0.0005676652501728871,0.0005676652501728871,9.551146516042381,10.751864955452934,10.388763668212912
2021-11-18,0.010361441842793084,0.010246882398206118,0.010246882398206118,9.650110165200351,10.862038051212853,10.495216107783845
2021-11-19,0.005575512217867118,0.005515574568120857,0.005515574568120857,9.703914472330188,10.921948432046083,10.55310325483487
2021-11-22,-0.011609119197065976,-0.011585183258678595,-0.011585183258678595,9.591260572542774,10.79541565791899,10.43084361967985
2021-11-23,-0.004558056596906335,-0.004561088866739749,-0.004561088866739749,9.547543064017448,10.746176807749828,10.383267614975425
2021-11-24,0.003220335139041186,0.0032091350590185874,0.0032091350590185874,9.578289352438013,10.780662740493991,10.416588923105817
2021-11-26,-0.0189589243787186,-0.018754699167810744,-0.018754699167810744,9.396695288927654,10.578474653966401,10.221228931498217
2021-11-29,0.021702715679992268,0.021486836902036476,0.021486836902036476,9.600629095114774,10.805772613528504,10.440850810487696
2021-11-30,-0.014686396063645857,-0.014573203466223606,-0.014573203466223606,9.459630453763756,10.648297890621807,10.288694167265973
2021-12-01,-0.017012855731586396,-0.01681458402238734,-0.01681458402238734,9.298695125579751,10.469251191044536,10.115694054709833
2021-12-02,0.007207055308192656,0.0071289183570694276,0.0071289183570694276,9.365711335643827,10.543885628045146,10.187808011750953
2021-12-03,-0.01738864380157512,-0.01715708441323811,-0.01715708441323811,9.202854317279941,10.362983292281246,10.013014929707477
2021-12-06,0.008012757447674934,0.007916994266319545,0.007916994266319545,9.276594556750593,10.445026971588202,10.092287911494543
2021-12-07,0.03011396599249827,0.029821608624162912,0.029821608624162912,9.555949609758775,10.756514478003732,10.393256171713503
2021-12-08,0.004474468464126025,0.004404250070415174,0.004404250070415174,9.598707404932417,10.8038888576509,10.439030670939614
2021-12-09,-0.01471448943220055,-0.014582336996632599,-0.014582336996632599,9.457467326259755,10.646342909454471,10.286805207777789
2021-12-10,0.010870460978458452,0.010779507053721231,0.010779507053721231,9.560274355784907,10.761105237943273,10.397691897075287
2021-12-13,-0.014446837369953669,-0.014258618616729713,-0.014258618616729713,9.422158626954744,10.607666742460948,10.249435173820629
2021-12-14,-0.010350102405603523,-0.01028705909422239,-0.01028705909422239,9.324638320283922,10.498545047829435,10.143998628505136
2021-12-15,0.022797130733004822,0.022583573914813807,0.022583573914813807,9.537213319109421,10.735639715915095,10.373086371323753
2021-12-16,-0.025714717882571403,-0.02541093953509951,-0.02541093953509951,9.29196656922262,10.462837024223363,10.10949650074968
2021-12-17,-0.00498882183986693,-0.004942687919730383,-0.004942687919730383,9.245610603466769,10.411122486057627,10.059528414520868
2021-12-20,-0.009700432337129361,-0.009629523242338473,-0.009629523242338473,9.155924183392393,10.310868340099303,9.962659951846275
2021-12-21,0.022380223255914267,0.022148833275100577,0.022148833275100577,9.36083581073094,10.539242043885675,10.18332124609624
2021-12-22,0.012178551589099085,0.012100959353521054,0.012100959353521054,9.474837232569012,10.666776983475657,10.306549202579097
2021-12-23,0.00753923284536917,0.007458837259115546,0.007458837259115546,9.546270236637323,10.746338737074682,10.383424075784202
2021-12-27,0.016527135243348035,0.016377934391484557,0.016377934391484557,9.704042735907777,10.92234156785916,10.553483114056355
2021-12-28,-0.004634769424259444,-0.004600023090531289,-0.004600023090531289,9.659066735343684,10.872098544444338,10.504936848046164
2021-12-29,-0.00014927254824737002,-0.00015981004784645938,-0.00015981004784645938,9.657624901838409,10.870361073855758,10.503258053585853
2021-12-30,-0.002988396643174518,-0.002917368183408764,-0.002917368183408764,9.628764088000716,10.838648228316726,10.47261618271819
2021-12-31,-0.006244591822054946,-0.006151400972915808,-0.006151400972915808,9.568636386520291,10.771975357059967,10.408194921342844
2022-01-03,0.009626619293432448,0.009425319557207084,0.009425319557207084,9.660750006170607,10.873504667062617,10.5062954844902
2022-01-04,-0.012970313059290528,-0.012554921916974314,-0.012554921916974314,9.535447054203031,10.736988665003791,10.374389765045766
2022-01-05,-0.03072096821085535,-0.029872925204312773,-0.029872925204312773,9.242508888374566,10.41624340569458,10.064476395554166
2022-01-06,-0.0007026949100823465,-0.0008240855952838327,-0.0008240855952838327,9.236014224422314,10.407659529546978,10.056182405532516
2022-01-07,-0.010833015966907666,-0.01047716938078258,-0.01047716938078258,9.135960334858561,10.298616717798398,9.950822079145706
2022-01-10,0.000658366176593761,0.0006594979644367288,0.0006594979644367288,9.141975142133735,10.3054086345603,9.957384626051375
2022-01-11,0.015021951045453008,0.014709921885370169,0.014709921885370169,9.279305445177616,10.4570003905715,10.103856976083177
2022-01-12,0.003965442997910129,0.003862953687212291,0.003862953687212291,9.316102001980665,10.497395298787438,10.142887707644004
2022-01-13,-0.02501603155698995,-0.02425243024408306,-0.02425243024408306,9.08305010031098,10.24280795155903,9.8968980310408
2022-01-14,0.006222548800592476,0.005918953022292249,0.005918953022292249,9.139569822818391,10.30343465064067,9.955477305552948
2022-01-18,-0.024894194904425015,-0.02427164821696674,-0.02427164821696674,8.912047590306548,10.053353309373813,9.713841462560572
2022-01-19,-0.010983669982624455,-0.010448267470317732,-0.010448267470317732,8.814160600705177,9.948313185023872,9.612348648795477
2022-01-20,-0.01298850709508681,-0.012600545027182556,-0.012600545027182556,8.699677813205684,9.822959016791465,9.491227816829353
2022-01-21,-0.02772850755352274,-0.026899769911734393,-0.026899769911734393,8.458448731248996,9.558723679387379,9.235915972376791
2022-01-24,0.004577553485908048,0.0044294862067839865,0.0044294862067839865,8.4971677327241,9.601063914079685,9.276826334783449
2022-01-25,-0.023181091287405642,-0.022517592282794707,-0.022517592282794707,8.300194111827425,9.384871071381385,9.067934541698502
2022-01-26,-0.0015645790644568391,-0.0017624431022130655,-0.0017624431022130655,8.287207801889132,9.36833077009647,9.051952823014165
2022-01-27,-0.010070530953107837,-0.009790108756532787,-0.009790108756532787,8.20375121920537,9.276613792990053,8.963333220417853
2022-01-28,0.031368913174292024,0.03044441479912148,0.03044441479912148,8.461093978904117,9.559034871235093,9.236216654963
2022-01-31,0.03197828343804465,0.03112790917858463,0.03112790917858463,8.731665240357446,9.856587640541822,9.523720768152419
2022-02-01,0.006803473490367029,0.006562579557565653,0.006562579557565653,8.791070893346976,9.921272281098997,9.58622094337746
2022-02-02,0.008125545845637294,0.006750435493458503,0.006750435493458503,8.862503142923115,9.988245189645593,9.65093210948177
2022-02-03,-0.04054400338356601,-0.03143655657794134,-0.03143655657794134,8.503181785509577,9.67424915462695,9.347540036192177
2022-02-04,0.012615082358133911,0.008991831525269767,0.008991831525269767,8.610450124039964,9.761238373158838,9.431591541373331
2022-02-07,-0.008044686001556833,-0.005517783167449932,-0.005517783167449932,8.541181756459997,9.707377976369957,9.379550064324079
2022-02-08,0.011235599728211643,0.008550834355131138,0.008550834355131138,8.637147055881485,9.790384157468543,9.459753043249773
2022-02-09,0.021190746947172157,0.016697797828314504,0.016697797828314504,8.820174653488182,9.953862012791486,9.61771008707174
2022-02-10,-0.02263267541029612,-0.018796125346429483,-0.018796125346429483,8.620550503493662,9.766767974717995,9.436934402729522
2022-02-11,-0.03172163382336135,-0.02211182274666824,-0.02211182274666824,8.347092557066043,9.550806932453195,9.228266581944432
2022-02-14,0.001239062726851925,0.0006936210860326686,0.0006936210860326686,8.357435128331087,9.557431573530172,9.234667502233199
2022-02-15,0.024863976042489133,0.017716553971576343,0.017716553971576343,8.565234195138569,9.726756325832266,9.398273987446075
2022-02-16,-0.00025272356120409345,0.0009570888724394637,0.0009570888724394637,8.563069558650227,9.73606569607665,9.407268970899597
2022-02-17,-0.029743804460692136,-0.021349053356973773,-0.021349053356973773,8.30837129211443,9.528209910044108,9.206432683696457
2022-02-18,-0.011405500241595368,-0.008475027320430054,-0.008475027320430054,8.213610161334955,9.447458070741693,9.12840791517843
2022-02-22,-0.010043739443110655,-0.007409009583341563,-0.007409009583341563,8.131114800987222,9.37746176335735,9.060775453454221
2022-02-23,-0.025615051389607624,-0.020120791645456233,-0.020120791645456233,7.922835877505134,9.188779809053603,8.878465478409005
2022-02-24,0.033604570582727256,0.02539072492896041,0.02539072492896041,8.18907937496612,9.422089589618068,9.103896153162559
2022-02-25,0.015506868534256979,0.012340044468235372,0.012340044468235372,8.316066352250315,9.538358594137652,9.216238636526782
2022-02-28,0.00297902056428323,0.003974674797562956,0.003974674797562956,8.340840084927613,9.576270467651888,9.25287018796371
2022-03-01,-0.015311652356764127,-0.009942484559511506,-0.009942484559511506,8.21312804118384,9.481058546389553,9.160873668988716
2022-03-02,0.016779804963222844,0.008726855245556466,0.008726855245556466,8.350942727852882,9.56379837189854,9.240819287420809
2022-03-03,-0.014285205754871022,-0.007852381626962881,-0.007852381626962881,8.23164779273836,9.488699777279066,9.168256847830182
2022-03-04,-0.014491863616421852,-0.006362493891620305,-0.006362493891620305,8.112355875587575,9.428327982906708,9.109923869639056
2022-03-07,-0.0368811361371979,-0.023054512124058676,-0.007726276645797697,7.813162974146632,9.210962481115185,9.039538077600069
2022-03-08,-0.004648046604680767,-0.001012012465101974,0.0031167872226671106,7.776847028512832,9.20164087226871,9.067712394379146
2022-03-09,0.03599811785724549,0.02012948157648695,0.00211028318444245,8.056798884403007,9.386865132680493,9.086847835366365
2022-03-10,-0.011104704644967267,-0.0075574994619806955,-0.0035295670802279696,7.967330512407809,9.315923904490575,9.054775196383614
2022-03-11,-0.02073842603689602,-0.014777922537609076,-0.00800963488075739,7.802100617864735,9.178253902663752,8.982249753133244
2022-03-14,-0.01920447513553858,-0.015815926215127455,-0.011968151637795115,7.652265370543981,9.033091316155515,8.874748826039198
2022-03-15,0.03136651719353689,0.01934943530874675,0.005703764770690484,7.892290283858656,9.207876532215467,8.925368305741888
2022-03-16,0.03708679431991868,0.02601070551162574,0.025638494097228286,8.184990030329214,9.447379897082332,9.15420130836424
2022-03-17,0.012106171712143121,0.00853574113764085,0.00853574113764085,8.284078925098559,9.528020286312778,9.23233920105429
2022-03-18,0.02046825942083985,0.01297555307996048,0.01297555307996048,8.453639601600187,9.651651619284769,9.352133908409769
2022-03-21,-0.002780510331109487,-0.0019085621870649071,-0.0019085621870649071,8.430134169352462,9.633230841961478,9.334284779263811
2022-03-22,0.019652896414349863,0.011878656038333234,0.011878656038333234,8.595810722941817,9.747660677671002,9.445163537520536
2022-03-23,-0.014371644112555981,-0.0070954435725846,-0.0070954435725846,8.472274790372804,9.678496701367886,9.378145912606225
2022-03-24,0.022226948031500937,0.0158235214998525,0.0158235214998525,8.660587601847016,9.831644602008232,9.526541206083104
2022-03-25,-0.0008341532572107013,-0.0011963202201430612,-0.0011963202201430612,8.653363344489577,9.81988280677359,9.51514441221024
2022-03-28,0.015472401526987811,0.008933380657446793,0.008933380657446793,8.787251656714439,9.907607557898015,9.600146819255093
2022-03-29,0.017209678441374443,0.012307086871003235,0.012307086871003235,8.938477432109929,10.029541344796872,9.71829666013405
2022-03-30,-0.011045562512759455,-0.005924968846003033,-0.005924968846003033,8.83974692086467,9.97011662478925,9.66071605518654
2022-03-31,-0.012394842919102755,-0.008029240209911205,-0.008029240209911205,8.73017964633593,9.890064163487988,9.5831478453797
2022-04-01,-0.0019031292436847425,-0.0015376671401210668,-0.0015376671401210668,8.713564986148366,9.874856536810103,9.568412153838938
2022-04-04,0.020588588268382058,0.016851442995559743,0.016851442995559743,8.892964987997965,10.04126211882949,9.729653705807376
2022-04-05,-0.022204267895936436,-0.01923119713322218,-0.01923119713322218,8.695503211015275,9.848156627555923,9.542540817353009
2022-04-06,-0.021711268467832223,-0.017646835328877983,-0.017646835328877983,8.506712806338026,9.674367829256445,9.374145170930083
2022-04-07,0.0023778774555820448,0.0019249992596111303,0.0016499577559262084,8.526940726941328,9.69299098016497,9.389612114460036
2022-04-08,-0.013979206961482471,-0.011334051353301233,-0.010173013723897844,8.407740857771122,9.583130122628694,9.294091461557556
2022-04-11,-0.02365737988772465,-0.01990939166722769,-0.01826428793680872,8.208835738301287,9.39233583161927,9.124341498992635
2022-04-12,-0.004224281789600437,-0.0030015137670318047,-0.002464804440048392,8.17415930297816,9.36414460631608,9.1018517815534
2022-04-13,0.020327218138232794,0.017139360395904482,0.01574011462579533,8.340317222226462,9.524640055523095,9.24511597190205
2022-04-14,-0.022867102078077406,-0.01965749079588883,-0.0182486967488192,8.149598336942262,9.337409531297496,9.076404654123145
2022-04-18,0.0007680455289593713,0.0006138340638355148,0.0005461460558633357,8.155857599507765,9.34314115133579,9.081361696726415
2022-04-19,0.022350955929569594,0.017439108195314964,0.015283151838066642,8.338148813282208,9.506077200758034,9.220153526433888
2022-04-20,-0.014584556977505603,-0.011024447448300926,-0.009461809274796161,8.216540606827973,9.401277952218786,9.132914192282431
2022-04-21,-0.020691232678916927,-0.017788869469745932,-0.01651493575876835,8.046530253316327,9.234039845877966,8.982084701106542
2022-04-22,-0.026185679162412545,-0.022706620786265588,-0.021179558379386988,7.835826393732339,9.024366004772348,8.791848113810858
2022-04-25,0.0128457067985428,0.009669842331008755,0.008275860766639656,7.936483122110507,9.111630201175812,8.864608224682199
2022-04-26,-0.03774491084261811,-0.03102241086705094,-0.028071705278632477,7.636921274262503,8.828965465406306,8.615763555188378
2022-04-27,-0.0011981889247943966,-0.0018622501142944612,-0.004323693746817042,7.627770799772154,8.812523723459252,8.578511632180756
2022-04-28,0.0355158823381545,0.029932431832291804,0.013020140999608854,7.898677809999273,9.07630398908215,8.690205063198535
2022-04-29,-0.04499882222299112,-0.03805434664202445,-0.03545620934490752,7.543246611430431,8.73091117085323,8.382083333227593
2022-05-02,0.016695894801581623,0.01204257711411803,-0.002502338204754732,7.66918786331726,8.836053841904743,8.361108525867419
2022-05-03,0.0010677137929189229,0.0013451042061538147,0.0019581448189936565,7.677376360979411,8.84793925509329,8.37748078720839
2022-05-04,0.0338122847661555,0.023444060494476573,0.023125065246028673,7.936965996753797,9.05537087824115,8.571210577009936
2022-05-05,-0.050364171865242446,-0.033689006025661994,-0.033689006025661994,7.537227277204703,8.75030443415948,8.282455012233829
2022-05-06,-0.01198080964288284,-0.007693340675478195,-0.004422663556591096,7.44692519196137,8.682985361133344,8.245824500292118
2022-05-09,-0.039127171971428565,-0.025995854609505865,-0.015001692916637924,7.155548069317134,8.457263736108855,8.122123173294247
2022-05-10,0.01214886271344362,0.006439712231063989,0.001659740671302202,7.242479840450714,8.51172608083161,8.13560379146229
2022-05-11,-0.029658140635953845,-0.01587458793215668,-0.004334343876588088,7.027681354789566,8.376605936707017,8.100341286986419
2022-05-12,-0.0023642811677012654,-0.003983860702877383,-0.0053398495038044355,7.011065940109832,8.34323470549228,8.057086683584458
2022-05-13,0.037060030646675735,0.021526467056985,0.0085210308875175,7.270896258716167,8.522835072528753,8.125741368078687
2022-05-16,-0.011591692898502481,-0.005892797367845088,-0.006211792616292988,7.186614262188259,8.472611732446778,8.07526594784655
2022-05-17,0.025901333611989097,0.01496735451827582,0.01496735451827582,7.3727571557338765,8.599424315942011,8.196131316117329
2022-05-18,-0.0490903384332777,-0.029536807610976507,-0.029536807610976507,7.01082601177253,8.345424774356879,7.9540437622788716
2022-05-19,-0.005358411789526452,-0.0012170051155592106,0.00193138172376017,6.9732591190167295,8.33526834971497,7.969406057031325
2022-05-20,-0.003107874985742387,-0.0011304812276554605,-0.001449476476103361,6.951587101431637,8.325845485318148,7.957854590423142
2022-05-23,0.0166274782377156,0.010531730995328427,0.010531730995328427,7.067174464678276,8.413531050278188,8.041664574269417
2022-05-24,-0.021262110455336214,-0.010342825910374021,-0.010342825910374021,6.916911420603155,8.326511363333633,7.958491037548126
2022-05-25,0.013994979081265901,0.00805287204623958,0.00805287204623958,7.013713451241465,8.39356369393412,8.022579747554646
2022-05-26,0.027707454410693222,0.0168067508346956,0.0168067508346956,7.208045596941403,8.534632227553217,8.157413246423273
2022-05-27,0.03263940709553559,0.021019021146477454,0.021019021146477454,7.443311931543157,8.714021842821566,8.328874087950398
2022-05-31,-0.0026528245267412043,-0.00475662627013804,-0.00475662627013804,7.423566131090974,8.672572497605444,8.28925674666298
2022-06-01,-0.007395751041018639,-0.0038617461772094555,-0.0038617461772094555,7.368663284148887,8.639081223916245,8.257245741109648
2022-06-02,0.027385642296761548,0.016359792291663247,0.016359792291663247,7.570458861053869,8.780414798330321,8.392332566335423
2022-06-03,-0.02601931421364434,-0.01548367020018893,-0.01548367020018893,7.37348071320664,8.644461751372116,8.26238845666798
2022-06-06,0.0033306797043450853,-0.00025068831951608535,-0.00025068831951608535,7.398039415768498,8.642294685782543,8.260317172390588
2022-06-07,0.008626124771019983,0.0065926261059194744,0.0065926261059194744,7.461855826829841,8.699270103343082,8.314774355024465
2022-06-08,-0.0071968284449016595,-0.005305784373833713,-0.005305784373833713,7.408154130563557,8.653113651965006,8.270657955179622
2022-06-09,-0.026784404836093123,-0.015096496438876639,-0.015096496438876639,7.209731131242367,8.522481952532921,8.145799996812086
2022-06-10,-0.035270816608862,-0.016547407615305224,-0.016547407615305224,6.955438026713114,8.381456969770277,8.011008123912084
2022-06-13,-0.04649599488360834,-0.03277155148857671,-0.03277155148857671,6.6320380158098065,8.10678362113616,7.748474958703894
2022-06-14,0.0018151153432153233,-0.002652372132771344,-0.004770686988208266,6.64407592976909,8.08528141417305,7.711509410039947
2022-06-15,0.02497209298636416,0.016735859754678936,0.01321687004370068,6.809992411695748,8.220595549997762,7.813431427753221
2022-06-16,-0.040346401785471886,-0.018955287140935466,-0.01916483593551806,6.535233721697456,8.06477180087806,7.663688296346909
2022-06-17,0.012159638023073294,0.004491229604241327,0.001005298321892869,6.61469979814948,8.100992542741615,7.671392589330737
2022-06-21,0.02522945171693758,0.011945390915942369,0.006269680677568408,6.781585047328929,8.197762065471798,7.719489771218106
2022-06-22,-0.0014587879066593201,0.0026074301498191744,0.004344750973650927,6.771692153073904,8.219137157442352,7.753029031917694
2022-06-23,0.014893085057266386,0.008167835121678731,0.007958286327096139,6.8725435402912565,8.286269714586805,7.814729856855984
2022-06-24,0.03426374818327793,0.01715200492372206,0.01715200492372206,7.10802264153441,8.428395853530688,7.948768141838337
2022-06-27,-0.007331750123276692,-0.0041139013042002254,-0.0041139013042002254,7.055908395656086,8.393722264836532,7.916067694212844
2022-06-28,-0.030466737618416673,-0.015668904700902535,-0.015668904700902535,6.840937885906049,8.262201830582963,7.792031583906329
2022-06-29,0.0009168463483595346,0.001622662454809856,0.001622662454809856,6.847209974826097,8.275608595287512,7.804675421004227
2022-06-30,-0.012402836149313923,-0.0063003131454700935,-0.0063003131454700935,6.76228515142838,8.223469669667857,7.7555035218531465
2022-07-01,0.0066004634318699296,0.005256422262579301,0.005256422262579301,6.806919367286261,8.266695698715145,7.796269723222927
2022-07-05,0.017119525880552988,0.006265150200046004,0.006265150200046004,6.923450599561355,8.318487788925669,7.84511452403899
2022-07-06,0.006412162097096941,0.0010009062370070795,0.0010009062370070795,6.967844887076986,8.326813815236072,7.852966748096136
2022-07-07,0.02139878152541308,0.012281417124554729,0.012281417124554729,7.116948277518513,8.429078889019491,7.949412308394762
2022-07-08,0.0012543501259723033,1.3698386688788232e-05,1.3698386688788232e-05,7.125875422486956,8.429194353801543,7.94952120251851
2022-07-11,-0.021364366217514807,-0.012328879622348732,-0.012328879622348732,6.973635610340557,8.325271831300142,7.851512512557351
2022-07-12,-0.009687295889171277,-0.006106014396126222,-0.006106014396126222,6.906079938759926,8.274437601646559,7.80357106412431
2022-07-13,-0.0020611170476312335,2.8760800532158916e-05,2.8760800532158916e-05,6.8918456996658435,8.274675581095936,7.8037955010751245
2022-07-14,0.0035708878383029496,-0.0004448763278482373,-0.0004448763278482373,6.9164557076582405,8.270994373809282,7.800323777189328
2022-07-15,0.018139331982780282,0.0110043386968369,0.0110043386968369,7.041915593883648,8.362011197258312,7.886161181978508
2022-07-18,-0.008462686127387764,-0.006153620574473053,-0.006153620574473053,6.982322072477054,8.310554553110888,7.837632738275474
2022-07-19,0.030753138527526813,0.018673872444437196,0.018673872444437196,7.197050390415749,8.465744788778219,7.983991692296375
2022-07-20,0.015856688479098713,0.007781934639569725,0.007781934639569725,7.311171776424946,8.53162466139977,8.046122593808693
2022-07-21,0.01435502439777947,0.011742044179912346,0.011742044179912346,7.4161238256518835,8.631803375100356,8.140600520782186
2022-07-22,-0.017535431570439464,-0.008486270214031455,-0.008486270214031455,7.286078893789259,8.558551559224865,8.071517185058344
2022-07-25,-0.005695490641188017,-0.00393371878521316,-0.00393371878521316,7.244581099638725,8.524884624182127,8.03976610628231
2022-07-26,-0.01964926451811766,-0.011610294884437636,-0.011610294884437636,7.102230409288968,8.425908199839563,7.946422050986465
2022-07-27,0.042259934012146116,0.02638254318912061,0.02638254318912061,7.402370197724577,8.648205086829396,8.156068873945596
2022-07-28,0.00977793451686959,0.009494565108260317,0.009494565108260317,7.474750088787554,8.730316033095885,8.233507200896728
2022-07-29,0.01823710139577739,0.01150506671729777,0.01150506671729777,7.611067864064869,8.830758901519747,8.328234250560397
2022-08-01,-0.0006021207858115663,0.0019132632591428013,0.0019132632591428013,7.606485081901693,8.847654468076373,8.344168355165529
2022-08-02,-0.0029817678795218683,-0.0034004345409622866,-0.0034004345409622866,7.583804309008416,8.817568598216626,8.31579455687502
2022-08-03,0.02723253805244341,0.02700009162894559,0.02700009162894559,7.790330548435772,9.05564375831299,8.540321771878133
2022-08-04,0.004676487425711695,0.004687588810476621,0.004687588810476621,7.8267619312876695,9.09809289266612,8.58035528865386
2022-08-05,-0.00816894340071006,-0.008163741979925842,-0.008163741979925842,7.7628255560601485,9.023818409780997,8.510307481981199
2022-08-08,-0.0032321503272811913,-0.003143559909671938,-0.003143559909671938,7.737734936898502,8.99545149599585,8.483554820561862
2022-08-09,-0.011318932235866552,-0.011190543689198982,-0.011190543689198982,7.65015203948865,8.894787503025837,8.38861922970265
2022-08-10,0.02791119740976078,0.027620952507676117,0.027620952507676117,7.863676943277501,9.140470006212784,8.620320883051244
2022-08-11,-0.005675998159618834,-0.005665654075219924,-0.005665654075219924,7.819042727419621,9.088683265072659,8.57148112691048
2022-08-12,0.01947029361060193,0.01933997537630126,0.01933997537630126,7.9712817850763225,9.264458175622165,8.737253360843361
2022-08-15,0.008081416716931189,0.007963216571203387,0.007963216571203387,8.035701034949607,9.3382330624895,8.806830001593232
2022-08-16,-0.0023419592950817414,-0.0023162742736438256,-0.0023162742736438256,8.016881750218309,9.316603153485566,8.786430967828187
2022-08-17,-0.011406007468356516,-0.011331083303675377,-0.011331083303675377,7.925441137102387,9.211035947046136,8.686871186589732
2022-08-18,0.002405004557249457,0.002379269070906018,0.002379269070906018,7.944501859155331,9.232951479985946,8.70753959052693
2022-08-19,-0.01949740014099588,-0.0193543314600898,-0.0193543314600898,7.789604727486494,9.05425387668737,8.539010983090016
2022-08-22,-0.02632699195655952,-0.02610519830537957,-0.02610519830537957,7.584527866481179,8.817890783729196,8.316098408044637
2022-08-23,-0.0008269583856056473,-0.0008072485061236147,-0.0005742113985548173,7.578255777561132,8.810772554566869,8.311323209547233
2022-08-24,0.002896998742020207,0.0028710069499920327,0.0022472039413158613,7.600209975015434,8.83606834380583,8.330000447821279
2022-08-25,0.0176819163080304,0.01754415999829705,0.014238008564696734,7.7345962517171145,8.991089740585446,8.448603065541285
2022-08-26,-0.0409881537166461,-0.040624253972542705,-0.03189066011406112,7.417569431615538,8.62583342747398,8.179171536739492
2022-08-29,-0.009855648564406128,-0.009765401929203098,-0.007599482684330389,7.344464474095454,8.54159869708034,8.117014064273873
2022-08-30,-0.011136163360993656,-0.01106496114231268,-0.009356107893969285,7.262675317912913,8.447086239403918,8.041070404911661
2022-08-31,-0.005813367014630644,-0.00580199826320569,-0.005529148229006836,7.2204547207817855,8.398076259713747,7.996610134723024
2022-09-01,0.0004341710936819343,0.0003852447925220882,-0.0007889864353142406,7.223589633504789,8.401311574860005,7.990300917798232
2022-09-02,-0.014128094346058662,-0.012141059409206564,-0.009798101764308526,7.121534077645422,8.299310751914375,7.912011136278196
2022-09-06,-0.007182442015432056,-0.006992733496538581,-0.006790941928431782,7.0703840720718105,8.24127588362128,7.858281128114625
2022-09-07,0.020201563174982562,0.018872737807884135,0.017459275955296186,7.21321688257516,8.396811322575303,7.995481026864676
2022-09-08,0.005184006011301978,0.004097767326196347,0.002942343158192496,7.250610242255254,8.431219501657187,8.019006475760529
2022-09-09,0.02186249470364121,0.019538657549187235,0.017066808914464465,7.409126670274726,8.595954212222095,8.155865326966188
2022-09-12,0.01188550945631528,0.010628137662717065,0.00929068045518956,7.497187915377314,8.687313196932005,8.23163886555459
2022-09-13,-0.0548365907897469,-0.0490328726517584,-0.04285949999171351,7.086067689587932,8.261349275260898,7.878834939664564
2022-09-14,0.007932840451692291,0.006975580532860532,0.005957350137970792,7.1422803339993255,8.318976982440569,7.925771918079424
2022-09-15,-0.016653518336573025,-0.015737255724528654,-0.014762633865897783,7.023336237492122,8.188059114301433,7.808766649148203
2022-09-16,-0.0061144950422059585,-0.005342380555230522,-0.0045210880060422565,6.9803920828882315,8.144315386504111,7.773462527908756
2022-09-19,0.007787148464963867,0.007088590713807451,0.006345539928100945,7.03474943238134,8.202047104923203,7.822789344759197
2022-09-20,-0.007971083118452738,-0.0075948896944666704,-0.007194735492745018,6.97867485993834,8.139753461892491,7.766506444608192
2022-09-21,-0.01790603736055074,-0.01541310340169327,-0.01276138772925675,6.853714447169148,8.014294600120051,7.667395044566775
2022-09-22,-0.012307730922036297,-0.01131640167616952,-0.01026193198656155,6.769360773936917,7.923601623273936,7.5887127581053315
2022-09-23,-0.016281728143001883,-0.015110208356648917,-0.013864071303156577,6.659143882113775,7.803874351811186,7.483502303327785
2022-09-26,-0.004137774287492624,-0.004775963852958031,-0.005454801439777085,6.631589847781651,7.7666033299939095,7.4426812841890175
2022-09-27,0.0004007062534676642,-0.0002320131825932317,-0.00370536150767681,6.63424716730409,7.764801375637378,7.415103459444676
2022-09-28,0.019892748814060557,0.01910558236653298,0.015344233773370065,6.7662205797736625,7.913152427879386,7.5288825403801205
2022-09-29,-0.028827866439686933,-0.025904782496124948,-0.011937294789620825,6.571164876598487,7.708163935376488,7.439008050059174
2022-09-30,-0.01695651844441992,-0.01535746736600922,-0.00771665830578182,6.45974079816712,7.5897860592870945,7.381603766802907
2022-10-03,0.02346002488080079,0.02225711943197882,0.016509228713509152,6.611286478015645,7.758712834071814,7.503468351661557
2022-10-04,0.03144100059198607,0.024050126502279893,0.014282755121785406,6.819151940084724,7.945310859226104,7.610638552692405
2022-10-05,-0.0005317504005027951,-0.0019866945719116237,-0.0023922417199567308,6.815525853309494,7.929525953269929,7.592432065631143
2022-10-06,-0.00787289739741126,-0.006840193603255786,-0.006840193603255786,6.761867917556985,7.875286460567521,7.540498360382658
2022-10-07,-0.03810413370594656,-0.0290633901109926,-0.017017205999520793,6.504212798324443,7.64640393792823,7.412180146444977
2022-10-10,-0.009996455026538786,-0.009276721869640616,-0.008285440151037096,6.439193727602954,7.575470375293145,7.350766971452902
2022-10-11,-0.013737919591889414,-0.009830949818580488,-0.004449917036780178,6.350732601936547,7.500996306181495,7.318056668273233
2022-10-12,-0.00034274917393384285,-0.00038672907874677553,-0.00044730218866833324,6.348555893583359,7.498095452790322,7.314783285508716
2022-10-13,0.023452438210198823,0.01612244962043995,0.006026925165355828,6.497445008401616,7.618983118977184,7.358868936971271
2022-10-14,-0.030057180440585363,-0.023301858308330932,-0.013997816568971415,6.302150131381308,7.441446653885212,7.255860839436446
2022-10-17,0.03302145149832225,0.024062721525686042,0.011723946858068296,6.510256276279861,7.620508112465901,7.340928166327537
2022-10-18,0.007907827235475562,0.0064189279214838585,0.004368280877290346,6.561738258171353,7.669423604764902,7.372995402458067
2022-10-19,-0.003646701698176935,-0.0051409845194534225,-0.007199046217678405,6.537809556122287,7.629995216739675,7.319916867793041
2022-10-20,-0.0051016798834552235,-0.005179723702744722,-0.00528721272221006,6.504455744627957,7.590473949663699,7.281214910204126
2022-10-21,0.023447571725752292,0.01814055701122931,0.017735009863184204,6.656969437237103,7.728169375089825,7.410347328452559
2022-10-24,0.011001325041700705,0.007269849661038244,0.007269849661038244,6.730204921808816,7.784352004601767,7.464219439466485
2022-10-25,0.020685669635680082,0.01670127312255636,0.01670127312255636,6.869423717401781,7.914360593512741,7.58888140697171
2022-10-26,-0.022096267808830006,-0.014251971482968438,-0.014251971482968438,6.7176350912497425,7.801565352028068,7.48072488557192
2022-10-27,-0.018206047604717224,-0.012239451689004052,-0.012239451689004052,6.5953335069873305,7.7060784698033125,7.389164914736232
2022-10-28,0.030600953368273176,0.02097149865384048,0.02097149865384048,6.797157000082859,7.867686484059182,7.544126776798628
2022-10-31,-0.011627805010632097,-0.009586233814102696,-0.009586233814102696,6.718120983859243,7.792265001846935,7.471807013593003
2022-11-01,-0.010218134898291042,-0.005640352647274298,-0.005640352647274298,6.649474317383129,7.748313879315504,7.429663387123962
2022-11-02,-0.03427727887273724,-0.02491543872817768,-0.02491543872817768,6.421548431849083,7.55526123960873,7.24455006423109
2022-11-03,-0.019534506319925926,-0.01389635609810518,-0.01389635609810518,6.296106653423417,7.450270639008916,7.143877216767985
2022-11-04,0.0160851631180563,0.013861982306803551,0.013861982306803551,6.397380555952412,7.553546158787755,7.2429055163488
2022-11-07,0.010994377797381105,0.006035292478926874,0.006035292478926874,6.467715774698173,7.599134019109114,7.286618569537198
2022-11-08,0.007287206920209233,0.008226996040043547,0.008226996040043547,6.5148473578495,7.661652064592085,7.346565551654089
2022-11-09,-0.023076287897472958,-0.016438442203315834,-0.016438442203315834,6.364508864611674,7.535706439946373,7.225799458440352
2022-11-10,0.07378833697092446,0.057480414594007295,0.057480414594007295,6.834135389368075,7.968861970373221,7.641141407084657
2022-11-11,0.018426497697926703,0.012925926351933884,0.012925926351933884,6.960064569387586,8.071866893310993,7.7399102381573455
2022-11-14,-0.008751371297386457,-0.006259736178607957,-0.006259736178607957,6.899154460087091,8.021339136090026,7.691460442020373
2022-11-15,0.013838525564487503,0.010988278259343698,0.010988278259343698,6.994628585456354,8.109479842529947,7.775976349578029
2022-11-16,-0.013649634745121153,-0.008360820691038348,-0.008360820691038348,6.899154460087091,8.041677935668963,7.710962805621452
2022-11-17,-0.0022071038077390304,-0.0033222224994865707,-0.0033222224994865707,6.883927310008054,8.014961692297458,7.685345271495912
2022-11-18,3.50726134621393e-05,-0.00035302545499251575,-0.00035302545499251575,6.884168747329699,8.012132206799288,7.682632148984667
2022-11-21,-0.010286984746611272,-0.007333816384722731,-0.007333816384722731,6.813351408432821,7.953372700344499,7.626289135452645
2022-11-22,0.014402705000372329,0.010950982425603885,0.010950982425603885,6.91148209883235,8.04046994501025,7.709804493747562
2022-11-23,0.010036735098934546,0.008798528295291494,0.008798528295291494,6.980850813799358,8.111214247328864,7.777639426736966
2022-11-25,-0.006578516470030382,-0.004383472421864282,-0.004383472421864282,6.9349271717459535,8.075658963367864,7.74354635880266
2022-11-28,-0.014673193985228039,-0.011175071245795259,-0.011175071245795259,6.833169640081496,7.985412899095483,7.6570116765479215
2022-11-29,-0.007569462187758669,-0.005362963555573942,-0.005362963555573942,6.781446220868359,7.9425874207414235,7.61594740198199
2022-11-30,0.04558560763676622,0.033896618244748426,0.033896618244748426,7.090582567502695,8.211814274417836,7.874102263639057
2022-12-01,0.0012270920470953683,0.004371373437719982,0.004371373437719982,7.0992833649805505,8.247711181212516,7.908522905120219
2022-12-02,-0.003983374002047291,-0.0032120107770920512,-0.0032120107770920512,7.07100426419132,8.22121944401212,7.883120644318093
2022-12-05,-0.016783080532721706,-0.015173361755338602,-0.015173361755338602,6.952331030178178,8.0964759073181,7.763507203020877
2022-12-06,-0.02072083511034295,-0.015720639216363658,-0.015720639216363658,6.8082729252693355,7.969194130655171,7.641459907228545
2022-12-07,-0.004082380799727892,-0.002011211935334646,-0.001585886844858237,6.780478962599909,7.953166392304599,7.6293414164861595
2022-12-08,0.01183466717562709,0.009590007474163192,0.009078795810767171,6.86072367441362,8.029437317450064,7.698606649377067
2022-12-09,-0.0063767612937706275,-0.005756610939333105,-0.005615374343852337,6.816974477239364,7.9832149707517415,7.655376091114744
2022-12-12,0.012551259304369511,0.009960818180713404,0.009370856274732709,6.902536091574464,8.062734323572949,7.727113520193606
2022-12-13,0.010750397437947479,0.010184739117375437,0.010055912849952876,6.976741097888666,8.144851169231249,7.804816700334365
2022-12-14,-0.007413801512354823,-0.005938203381508877,-0.005984578157007697,6.92501692418583,8.096485386476234,7.758108164790095
2022-12-15,-0.03357637528532409,-0.028013521711161275,-0.028013521711161275,6.692499957082147,7.869674317318082,7.540776233278211
2022-12-16,-0.00953438424412012,-0.0076888172778008254,-0.0076888172778008254,6.628691090937568,7.809165829456421,7.482796582687752
2022-12-19,-0.014053844005926353,-0.011965238047082286,-0.011965238047082286,6.5355325003820575,7.715727301357834,7.393263140317999
2022-12-20,-0.0007785580676081816,7.135890259520182e-05,0.0002185490883253908,6.530444208827769,7.716277887190782,7.394878931237065
2022-12-21,0.014506396741108096,0.01179782897638129,0.011180964232240428,6.625177423416697,7.807313214038092,7.477560808068975
2022-12-22,-0.02446503135959832,-0.020470493926676984,-0.019560755081073966,6.463092249989905,7.64749365630646,7.3312940724985
2022-12-23,0.002248967009987002,0.0018037061727187024,0.0017022999180794874,6.477627531242635,7.661287487820167,7.343774133797532
2022-12-27,-0.014138271627769039,-0.011172811229640315,-0.010497440285049588,6.3860450737024115,7.575689368942747,7.2666833033611
2022-12-28,-0.013202506085664312,-0.011193077333879175,-0.010735438514949992,6.301733274753529,7.490894091978724,7.188672271550254
2022-12-29,0.024374930445945076,0.020399019338012112,0.019493522558399784,6.455337585014544,7.643700985419999,7.3288048166406625
2022-12-30,-0.0006002891347829387,-0.0007108423352329378,-0.0007360203546266748,6.451462516000904,7.638267519161701,7.323410667120529
2023-01-03,-0.006759998928521194,-0.004194193549842212,-0.0036098423295973323,6.4078506363053425,7.606231146800864,7.296974309297332
2023-01-04,0.00476395800826146,0.0046998692923223475,0.005130580416926814,6.438377367659912,7.641979438998019,7.334412022791431
2023-01-05,-0.015654373556593493,-0.01508451554620915,-0.013136127811580215,6.337588603248247,7.526703881346643,7.238066249037252
2023-01-06,0.027601209693632223,0.026671412972932428,0.023492367503188415,6.512513715238476,7.727451708891013,7.40810556137206
2023-01-09,0.00647349559033783,0.006234763447149017,0.005418520152899205,6.554672444056087,7.775630542345216,7.448246530651159
2023-01-10,0.008464656545350335,0.007911389724981385,0.006019728526682234,6.610155495062294,7.837146585923178,7.493082952765482
2023-01-11,0.01730016600689188,0.016499687655405562,0.013762791492763177,6.724512282458241,7.966457056700539,7.596208691082372
2023-01-12,0.005404459284699126,0.005472554213708159,0.005705375937811234,6.760854635298245,8.01005392483451,7.639547917367065
2023-01-13,0.006880406320433519,0.006629930179887705,0.0057735332684403975,6.807372062262483,8.0631600230933,7.683655101423828
2023-01-17,0.0020289362262138066,0.0017209966872698665,0.0006681280607834136,6.821183786044923,8.077036694781969,7.688788767006471
2023-01-18,-0.013000222989950627,-0.012247159197720446,-0.009672377007355449,6.732506875770904,7.978115940535144,7.614419903322065
2023-01-19,-0.009824574851602708,-0.009050929946907186,-0.009244357031861782,6.666362858030962,7.905906572049057,7.544029487145242
2023-01-20,0.027367224453740624,0.025642034523473325,0.025642034523473325,6.848802706656775,8.108630101308894,7.737473751700721
2023-01-23,0.02221567603146468,0.020958473646409646,0.020958473646409646,7.00095348879128,8.27857461159566,7.899639391415527
2023-01-24,-0.002041807368973747,-0.0017029199102436222,-0.0017029199102436222,6.986658890368024,8.264476862061137,7.886186938212141
2023-01-25,-0.0022190933822988645,-0.0020445345072371006,-0.0020445345072371006,6.971154841860029,8.247579853932391,7.870063356886444
2023-01-26,0.019497401331441067,0.018198581095223293,0.018198581095223293,7.107074245555393,8.397674104743508,8.013287343111287
2023-01-27,0.009954259621577144,0.009350526830228708,0.009350526830228708,7.177819907745476,8.47619678177143,8.088215801411382
2023-01-30,-0.020218843801315,-0.019191062505597968,-0.019191062505597968,7.032692688196801,8.313529559522706,7.932994346407731
2023-01-31,0.014986105182397402,0.014332182227204808,0.014332182227204808,7.138085360537596,8.43268058012104,8.046691466987832
2023-02-01,0.02138363104618035,0.020546968715734113,0.020546968715734113,7.290723544263472,8.605946604190565,8.212026584825196
2023-02-02,0.03588995408725637,0.035413864438965596,0.035413864438965596,7.552387277529967,8.910716430600347,8.502846181069378
2023-02-03,-0.01777220196567464,-0.017722851152783384,-0.017722851152783384,7.418164725510713,8.752793129636157,8.352151503827272
2023-02-06,-0.008459516493385055,-0.008369133221983974,-0.008369133221983974,7.355410638664607,8.679539837869765,8.282251235201548
2023-02-07,0.020718896524069663,0.020502629949489478,0.020502629949489478,7.50780663057914,8.857493231297461,8.452059167425586
2023-02-08,-0.01778085513576111,-0.017602842104793813,-0.017602842104793813,7.374311408493506,8.701576176502652,8.303278904441019
2023-02-09,-0.00883824961666968,-0.008804960700387315,-0.008804960700387315,7.309135403514186,8.62495914023712,8.230168860003062
2023-02-10,-0.0065628923548545215,-0.006487778800340095,-0.006487778800340095,7.261166334653867,8.56900231317329,8.176773344949915
2023-02-13,0.01601582473835106,0.015858387959449553,0.015858387959449553,7.377459902065698,8.704892876281013,8.306443788910617
2023-02-14,0.007389098076128864,0.007309487265151823,0.007309487265151823,7.43197267683477,8.768521179904699,8.367159634004357
2023-02-15,0.007660879535988041,0.007541848417063442,0.007541848417063442,7.4889081242267554,8.834652037485352,8.43026348364539
2023-02-16,-0.018764192228159948,-0.01860323662888187,-0.01860323662888187,7.348384812604736,8.67029891509818,8.273433297215313
2023-02-17,-0.007055585296953604,-0.0069531109464450016,-0.0069531109464450016,7.296537656764564,8.61001336480266,8.215907197591761
2023-02-21,-0.023675290565343232,-0.02350041319107811,-0.02350041319107811,7.123790007619695,8.407674493149093,8.022829983708803
2023-02-22,0.0007484769124679325,0.0007340698872604739,0.00014830128228145634,7.1291219999696676,8.413846313816402,8.024019779682913
2023-02-23,0.008734025138415147,0.00865438920065958,0.006743126694525955,7.1913879307322315,8.486663014490704,8.078126761656696
2023-02-24,-0.016744278275280022,-0.016620902122160462,-0.016860902122160463,7.070973330034561,8.345607019183094,7.941922256997997
2023-02-27,0.007161242010438551,0.0070997039676434495,0.005382790940561034,7.121610281300295,8.40485835844958,7.984671964173606
2023-02-28,-0.0012927282605754709,-0.0012728135541658992,-0.0015128135541658992,7.112403974428853,8.394160540810102,7.9725926442006365
2023-03-01,-0.008039143925369308,-0.007968867002288344,-0.006522220848345238,7.05522633522305,8.327268591864529,7.920593634241268
2023-03-02,0.008275828585571077,0.007647750052383473,0.006355203794706202,7.113614179005763,8.390953460674172,7.970930620961923
2023-03-03,0.020673704020705452,0.019818950853483286,0.017765992323253318,7.260678933060022,8.55725335492514,8.112542113183117
2023-03-06,0.0011345412315564296,0.0008801432681825106,0.0002691265571489307,7.268916472678671,8.564784963859609,8.114725413711763
2023-03-07,-0.01226548238464531,-0.011886885025107633,-0.010977564406488161,7.179759705727573,8.46297634972944,8.025645492841777
2023-03-08,0.00499431327572708,0.004708139215907779,0.004020802216448757,7.215617674942418,8.5028212205649,8.057915026027826
2023-03-09,-0.01732620390187478,-0.015846574987814534,-0.012292780843281826,7.0905984118283945,8.368080626485238,7.958860842559079
2023-03-10,-0.014043745542489994,-0.012177394102802327,-0.007694764198117889,6.991019851988693,8.266179210812503,7.897619285089953
2023-03-13,0.007416466541682709,0.00761790804198635,0.008101733153433054,7.042868516813206,8.32915020389905,7.961603689085158
2023-03-14,0.022980017971813815,0.02105386066496587,0.016427588162800932,7.2047137619026955,8.504510971749514,8.092393635604886
2023-03-15,0.005245836333999776,0.005381585229950615,0.005707628893312851,7.242508511130953,8.550278722383034,8.138582015335526
2023-03-16,0.02636066168073503,0.02446293405135666,0.019904944360079134,7.433425827712719,8.759443626889409,8.30058003752072
2023-03-17,-0.004726036163602232,-0.0035290776705790977,-0.003705587478276751,7.3982951884314945,8.728530869979057,8.26982151207125
2023-03-20,0.003548967438974371,0.003258720119264984,0.003258720119264984,7.424551497159158,8.756974709136685,8.296770545815368
2023-03-21,0.014282449342755132,0.012509900142419015,0.012509900142419015,7.530592277810011,8.866523588297673,8.400562316848081
2023-03-22,-0.013598216213357994,-0.012156548038092364,-0.012156548038092364,7.428189655801706,8.758737268365653,8.298440477496328
2023-03-23,0.011858359493840398,0.011254290536758972,0.011254290536758972,7.516275799128629,8.857310642318978,8.391833537632072
2023-03-24,0.0036804710679996244,0.0033939832201527976,0.0033939832201527976,7.543939234746428,8.88737220601469,8.420315279845111
2023-03-27,-0.00685148726749929,-0.006834631295898562,-0.006834631295898562,7.492252031132774,8.826630293797164,8.36276552951215
2023-03-28,-0.005311474623940549,-0.004659728470895417,-0.004659728470895417,7.452457124593246,8.785500593315088,8.323797312878858
2023-03-29,0.018233947914708892,0.01684820027883656,0.01684820027883656,7.588344839639681,8.933520466861099,8.464038317086683
2023-03-30,0.009465118776363468,0.009086418372550756,0.009086418372550756,7.660169424862875,9.014694171362743,8.540946110357032
2023-03-31,0.016630755235163885,0.015483968475659065,0.015483968475659065,7.787563827627656,9.154277411729831,8.673193850682104
2023-04-03,-0.0024305330837419703,-0.0020502214552532367,-0.0020502214552532367,7.768635896102855,9.135509115772962,8.655411882563865
2023-04-04,-0.003373082373518188,-0.0033248163706565722,-0.0033248163706565722,7.7424316472954295,9.105135225510557,8.62663422744194
2023-04-05,-0.009872647899624165,-0.009732891685856015,-0.009732891685856015,7.665993345754774,9.01651593057559,8.54267213089275
2023-04-06,0.006742106053122976,0.006661408876767805,0.006661408876767805,7.717678285894388,9.076578629833044,8.599578362856796
2023-04-10,-0.000565843430341717,-0.0006116940528926209,-0.0006116940528926209,7.713311288338824,9.071026540664564,8.594318051914852
2023-04-11,-0.006417566336846314,-0.006328616017749278,-0.006328616017749278,7.663810601469164,9.013619496801885,8.539927913029873
2023-04-12,-0.008833795287247703,-0.008728705155629785,-0.008728705155629785,7.596110067495546,8.934942269829266,8.465385400226703
2023-04-13,0.019582131322735785,0.01942358915702242,0.01942358915702242,7.744858092379199,9.108490917620143,8.629813568296562
2023-04-14,-0.0018799801501678814,-0.0019484993017958381,-0.0019484993017958381,7.730297912899659,9.090743029426747,8.612998382584108
2023-04-17,0.0008476723512107487,0.0008139305458873123,0.0008139305458873123,7.736850672707046,9.098142262863211,8.62000876505937
2023-04-18,6.260733832452736e-05,7.458446968588947e-05,7.458446968588947e-05,7.737335056334679,9.098820842979015,8.6206516838418
2023-04-19,-0.00047040325873415334,-0.0004765169542171591,-0.0004765169542171591,7.733695388710261,9.09448510058395,8.616543797158048
2023-04-20,-0.007624431389452568,-0.00751593061076284,-0.00751593061076284,7.6747303588321145,9.026131581627345,8.55178245187401
2023-04-21,0.0010433486644210177,0.000990992413278821,0.000990992413278821,7.682737778501793,9.035076409545994,8.560257203403827
2023-04-24,-0.0020847188574519837,-0.002032724868660256,-0.002032724868660256,7.666721430178092,9.016710585038064,8.54285655570434
2023-04-25,-0.01886366499250447,-0.018637700993637957,-0.018637700993637957,7.522098965528357,8.848659829207955,8.383637349587582
2023-04-26,0.006064540383047712,0.005945919254360221,0.005945919254360221,7.567717038470086,8.901273246061727,8.43348578032607
2023-04-27,0.027191028711278875,0.026918484048580427,0.026918484048580427,7.77349104974196,9.140882027947894,8.660502432777706
2023-04-28,0.006898799489799545,0.006854417252765731,0.006854417252765731,7.827118805829881,9.203537447425758,8.719865130070557
2023-05-01,-0.0011472879875847886,-0.0011948301168044988,-0.0011948301168044988,7.818138846446553,9.192540783702436,8.709446372598675
2023-05-02,-0.00872156761601095,-0.008541905826191349,-0.008541905826191349,7.749952419865908,9.114018966024627,8.635051101885674
2023-05-03,-0.0065438677755594865,-0.0064431214868552085,-0.0064431214868552085,7.699237755963428,9.055296234593028,8.579414418591021
2023-05-04,-0.0035298024791544647,-0.0034740542296807174,-0.0034740542296807174,7.672060967444828,9.023837644408228,8.549609067641931
2023-05-05,0.02125432843364683,0.020988244715223058,0.020988244715223058,7.835125471009863,9.21323215715951,8.72905035497309
2023-05-08,0.002477601057160772,0.0024337737666209236,0.0024337737666209236,7.854537786159824,9.235655079889392,8.750294888734537
2023-05-09,-0.006333011570856084,-0.006252152991683865,-0.006252152991683865,7.804794907476348,9.177912351351502,8.695586706367818
2023-05-10,0.010881495589662782,0.01079320945720854,0.01079320945720854,7.889722748840274,9.27697148173954,8.789439995042963
2023-05-11,0.003260398173301704,0.003206955399253184,0.003206955399253184,7.9154463864784494,9.306722315521622,8.817627337091478
2023-05-12,-0.003587040785717588,-0.0035646467372276998,-0.0035646467372276998,7.887053357452991,9.273547138185315,8.786195610574225
2023-05-15,0.005414949891852094,0.005340443026371555,0.005340443026371555,7.929761356177963,9.323071988329163,8.833117787651052
2023-05-16,0.0011322472386876559,0.0010507557154090944,0.0010507557154090944,7.9387398065769474,9.332868259506071,8.842399236651309
2023-05-17,0.01210400483849905,0.011963800328048554,0.011963800328048554,8.03483035160734,9.444524831850783,8.948187935539494
2023-05-18,0.018573187233375643,0.01832895977950547,0.01832895977950547,8.184062760116152,9.617633147630318,9.112198912309454
2023-05-19,-0.0022533165939293553,-0.0022089296638848743,-0.0022089296638848743,8.165621475693023,9.596388472474155,9.092070705828835
2023-05-22,0.0033582255040578435,0.003314433530204794,0.003314433530204794,8.193043473989178,9.628195064196195,9.122205769835228
2023-05-23,-0.012676276184829027,-0.012545864872172343,-0.012545864872172343,8.08918619211858,9.507401029957872,9.007759808910723
2023-05-24,-0.005129566894205073,-0.005119344374186582,-0.005119344374186582,8.047692170426428,9.458729369982022,8.961645984408952
2023-05-25,0.02433281703807255,0.024040056610334735,0.024040056610334735,8.243515191588143,9.686117759498226,9.177084461195921
2023-05-26,0.025550342671512905,0.025323061445100364,0.025323061445100364,8.454139829551043,9.931399914686477,9.409476334893661
2023-05-30,0.004535174712028578,0.004522231979886493,0.004522231979886493,8.492480830717977,9.976312008985714,9.452028169689303
2023-05-31,-0.005685996798962201,-0.005600364503409416,-0.005600364503409416,8.444192611899267,9.920441025335654,9.39909336664255
2023-06-01,0.011552286444268756,0.01146477142431177,0.01146477142431177,8.541742343742504,10.034176614119492,9.50685182368687
2023-06-02,0.007499565637423711,0.007367621830149646,0.007367621830149646,8.605801701107362,10.108104632789257,9.576894712719065
2023-06-05,0.0007047987423687285,0.000720561313138002,0.000720561313138002,8.611867059323377,10.115388141936796,9.583795452549047
2023-06-06,-0.000169001024335258,-0.00015459390508100015,-0.00015459390508100015,8.610411644968911,10.113824364582523,9.582313856184541
2023-06-07,-0.016965523659207782,-0.01684211739872816,-0.01684211739872816,8.464331502490673,9.943486147284107,9.420927401267221
2023-06-08,0.012413504051048907,0.012360117021150035,0.012360117021150035,8.569403515886261,10.066388799662722,9.537371166394642
2023-06-09,0.003822818242614101,0.0037667932415839387,0.0037667932415839387,8.602162787975113,10.104306804960448,9.573296471646694
2023-06-12,0.01689671413795124,0.01672796535335182,0.01672796535335182,8.74751107357165,10.273331299113464,9.733438243341766
2023-06-13,0.007684203971276782,0.007566855571098855,0.007566855571098855,8.814728732901976,10.351068113287905,9.807089764739343
2023-06-14,0.007267480178951624,0.007209929703365949,0.007209929703365949,8.878789599251176,10.425698586739463,9.877798192537712
2023-06-15,0.011915964686859848,0.011847573054208381,0.011847573054208381,8.984588942577911,10.549217812387017,9.99482612823853
2023-06-16,-0.0062930923865580635,-0.006234889347268257,-0.006234889347268257,8.928048094307021,10.483444606626552,9.932509493283778
2023-06-20,-0.0014313122649692867,-0.0014533611367595993,-0.0014533611367595993,8.915269269567403,10.468208375655909,9.918073969995742
2023-06-21,-0.013627746850552791,-0.013484577488073014,-0.013484577488073014,8.793774236857226,10.327049008653082,9.784332933014895
2023-06-22,0.011798736550094668,0.011621367451566195,0.011621367451566195,8.897529662358915,10.447063439872972,9.89804026129792
2023-06-23,-0.009913380663891802,-0.009804865511185689,-0.009804865511185689,8.809325063847682,10.344631387858193,9.800991307711593
2023-06-26,-0.013405542829363237,-0.013252873085201483,-0.013252873085201483,8.69123127940649,10.207535300961716,9.671100013801327
2023-06-27,0.017194155801288247,0.017003138937721544,0.017003138937721544,8.840669664129635,10.381095441895667,9.835539071016592
2023-06-28,0.0019515444827464812,0.0019163701371332413,0.0019163701371332413,8.857922624236451,10.400989463191245,9.854387604374896
2023-06-29,-0.002002682565768965,-0.002010354142259192,-0.002010354142259192,8.840183017027963,10.380079790940325,9.834576795435014
2023-06-30,0.015420328912244985,0.015319486145477429,0.015319486145477429,8.976501546794976,10.539097279486587,9.985237458399315
2023-07-03,0.002355133051252123,0.0023334958415489712,0.0023334958415489712,8.997642402272449,10.56369021916195,10.008537968485369
2023-07-05,-2.7252670095623266e-05,-4.095695974142533e-05,-4.095695974142533e-05,8.997397192492421,10.563257562526923,10.008128049198724
2023-07-06,-0.007615861385585676,-0.007582362620069993,-0.007582362620069993,8.928874262643342,10.483163113238648,9.932242793181606
2023-07-07,-0.003320097222519802,-0.003275687479502206,-0.003275687479502206,8.899229532003712,10.448823547083032,9.899707869820604
2023-07-10,0.00032776597466810387,0.00032496953495964227,0.00032496953495964227,8.902146396645065,10.452219096412003,9.902924973283296
2023-07-11,0.004940643877024975,0.004925257411642479,0.004925257411642479,8.94612873173203,10.503698965984718,9.951699427904899
2023-07-12,0.012630004770991299,0.0125836258004937,0.0125836258004937,9.059118380295708,10.635873583293701,10.07692788958464
2023-07-13,0.016978546616190027,0.016831602784661618,0.016831602784661618,9.212929044017143,10.814892382715575,10.246538737111807
2023-07-14,-0.0002110430812352071,-0.00023251412917772227,-0.00023251412917772227,9.210984719084491,10.812377767431057,10.244156272080263
2023-07-17,0.009338723153416995,0.009236887917153972,0.009236887917153972,9.297003555346375,10.912250488986746,10.338780395371279
2023-07-18,0.008180594891619375,0.00813756629055766,0.00813756629055766,9.373058575138609,11.001049650720045,10.42291290620213
2023-07-19,-0.00023335725671935759,-0.00020112003563647744,-0.00020112003563647744,9.370871303902446,10.998837119222253,10.420816649587
2023-07-20,-0.023051883666347806,-0.022836872179076508,-0.022836872179076508,9.15485506875257,10.747658081812093,10.18283779175879
2023-07-21,-0.002999141407217243,-0.0029649959241700953,-0.0029649959241700953,9.1273983638388,10.715791319405145,10.152645719209739
2023-07-24,0.0015972007244735575,0.0015594575524681136,0.0015594575524681136,9.141976651118082,10.732502141108865,10.168478339254094
2023-07-25,0.00677773232172707,0.006728245898546355,0.006728245898546355,9.203938521750839,10.80471305462092,10.236894361934636
2023-07-26,-0.003326376126275843,-0.003272387623940939,-0.003272387623940939,9.173322760384377,10.769355845340746,10.203395275517051
2023-07-27,-0.0023839714868895134,-0.002459069684753879,-0.002459069684753879,9.151453820483585,10.742873248857142,10.178304415513466
2023-07-28,0.01821449188573987,0.018064856376504058,0.018064856376504058,9.318142901839506,10.936941711168734,10.362174022936053
2023-07-31,0.0005216908157277267,0.0005285063648145934,0.0005285063648145934,9.323004091411034,10.942721954474692,10.367650497860492
2023-08-01,-0.0023196378959788877,-0.0023660683624408367,-0.0023660683624408367,9.301378097816231,10.916830726259223,10.343119928024661
2023-08-02,-0.02194426073877742,-0.021756579716036423,-0.021756579716036423,9.097266231607799,10.679317828316888,10.118089014798068
2023-08-03,-0.0016026568740501457,-0.0016441892085790114,-0.0016441892085790114,9.082686435346648,10.661759009188584,10.101452962028496
2023-08-04,-0.004681697875084434,-0.004607562942474296,-0.004607562942474296,9.040164041562228,10.612634283476256,10.054909881695506
2023-08-07,0.008466761449494875,0.008359560309420838,0.008359560309420838,9.116704953966437,10.701351239810803,10.138964507257331
2023-08-08,-0.008502436680410175,-0.008416369725077155,-0.008416369725077155,9.039190747361355,10.611284711218643,10.053631233334817
2023-08-09,-0.010994444725136776,-0.010891408829307746,-0.010891408829307746,8.939809864329522,10.495712871224578,9.944133025353471
2023-08-10,0.0018483750149160816,0.0018004204883815163,0.0018004204883815163,8.95633398552085,10.5146095677181,9.962036646191509
2023-08-11,-0.006375873611843219,-0.006309682231767391,-0.006309682231767391,8.899229532003712,10.448265722554698,9.899179360572818
2023-08-14,0.011222296632075413,0.011089651639267673,0.011089651639267673,8.999099325608784,10.56413334965233,10.008957811196199
2023-08-15,-0.010611477737458297,-0.010540955474125058,-0.010540955474125058,8.90360558345791,10.452777290390925,9.903453832565983
2023-08-16,-0.010589026965142079,-0.010508984135232788,-0.010508984135232788,8.809325063847686,10.342929219677085,9.799378593355536
2023-08-17,-0.010922980972242202,-0.010826472158197457,-0.010826472158197457,8.713100973796982,10.230951784446045,9.693285893846937
2023-08-18,-0.0012548159656382563,-0.0012303316677230109,-0.0012303316677230109,8.702167635584843,10.218364320474693,9.681359937247445
2023-08-21,0.0161113199656302,0.0159331512596426,0.0159331512596426,8.842371042756302,10.381175064818951,9.835614509526652
2023-08-22,-0.0014288833591926675,-0.0013929649940982551,-0.0013929649940982551,8.8297363259175,10.366714451356053,9.821913842819436
2023-08-23,0.01576849147140469,0.01568883114550209,0.01568883114550209,8.968967947867482,10.529356083917015,9.9760081906251
2023-08-24,-0.021375516595844135,-0.02117713360996127,-0.02117713360996127,8.777251624650246,10.306374503301045,9.764744932278164
2023-08-25,0.0077512616331967266,0.007683264815725311,0.007683264815725311,8.845286398413311,10.385561107899946,9.839770053450868
2023-08-28,0.007527185769268918,0.007464821434748603,0.007464821434748603,8.911866512316555,10.463087467070089,9.913222179858865
2023-08-29,0.02183986284823347,0.021672135650096236,0.021672135650096236,9.106500454667314,10.689844917975254,10.128062875670308
2023-08-30,0.005576767044348507,0.005526263170848721,0.005526263170848721,9.157285286292247,10.748919814247547,10.184033216532166
2023-08-31,0.0029984278689056953,0.002962462201315228,0.002962462201315228,9.184742745698186,10.780763082902222,10.21420302999308
2023-09-01,-0.0010584536687634483,-0.0010747120774740933,-0.0010747120774740933,9.175021121042352,10.769176866612641,10.203225702634974
2023-09-05,0.0012714902158923458,0.0011966322573289524,0.0011966322573289524,9.186687070628363,10.78206361103611,10.215435211639555
2023-09-06,-0.008808067939650943,-0.008732257421203142,-0.008732257421203142,9.105770106769954,10.687911856052756,10.126231401701896
2023-09-07,-0.0071514454398140526,-0.007055659960024433,-0.007055659960024433,9.040650688663899,10.612501584313733,10.054784156254966
2023-09-08,0.0013976285298598068,0.0013995766467531977,0.0013995766467531977,9.053286159994872,10.62735459369477,10.068856597348205
2023-09-11,0.011782798284514895,0.011664054493363503,0.011664054493363503,9.159959204630082,10.751312636795923,10.186300289385537
2023-09-12,-0.011088522936946732,-0.010983721262994982,-0.010983721262994982,9.058388786888045,10.633223215582042,10.074416806305761
2023-09-13,0.0038090280237845775,0.003775290314735198,0.003775290314735198,9.092892443627639,10.673366720202246,10.112450654501213
2023-09-14,0.008177199512554578,0.00810247105023904,0.00810247105023904,9.167246839285381,10.75984736506127,10.19438649317628
2023-09-15,-0.01712288573968823,-0.016940026793525142,-0.016940026793525142,9.01027711910878,10.577575262402892,10.021693312838323
2023-09-18,0.0010424392257863957,0.001059478577379078,0.001059478577379078,9.019669785412944,10.58878197679402,10.032311082212338
2023-09-19,-0.002131307764092205,-0.002129889066183256,-0.002129889066183256,9.000446093169746,10.56622904583745,10.010943372529784
2023-09-20,-0.01441041120019082,-0.014257375660042912,-0.014257375660042912,8.870745963982019,10.415582349020887,9.86821359215621
2023-09-21,-0.01832460977904693,-0.01821396206715667,-0.01821396206715667,8.708193005742993,10.225873327208475,9.688474324118076
2023-09-22,0.00013975287390022295,0.00016053100157691904,0.00016053100157691904,8.709410000742023,10.227514896895691,9.690029624605078
2023-09-25,0.004749807574230713,0.004646169157685269,0.004646169157685269,8.750778022330628,10.275033661169415,9.735051141383975
2023-09-26,-0.01501632488508764,-0.0149288286066584,-0.0149288286066584,8.619373496550027,10.12163944471417,9.5897182314172
2023-09-27,0.0023432957101579,0.0022513580819487327,0.0022513580819487327,8.639571237488742,10.144426879480598,9.611308121061112
2023-09-28,0.008365229798160678,0.008247134231357247,0.008247134231357247,8.711843236247914,10.228089329655862,9.690573869274438
2023-09-29,0.0007261852799358426,0.0006855861028922234,0.0006855861028922234,8.718169648567185,10.235101565559415,9.697217592048263
2023-10-02,0.008345719719387912,0.00815625852670996,0.00815625852670996,8.790929048920201,10.31858169997525,9.776310605718768
2023-10-03,-0.017549646138706243,-0.017405090607613485,-0.017405090607613485,8.63665135488118,10.138985850545117,9.60615303381806
2023-10-04,0.013608828388864014,0.013492272441502343,0.013492272441502343,8.754186061024207,10.275783809921208,9.735761867665097
2023-10-05,-0.002946712424758635,-0.00293298179316209,-0.00293298179316209,8.728389992189538,10.24564512309624,9.707207055364675
2023-10-06,0.01675565633827447,0.01660135705346629,0.01660135705346629,8.8746398952851,10.415736736027865,9.868359865682711
2023-10-09,0.005100060276649554,0.005160333660712431,0.005160333660712431,8.919901093684613,10.46948541290791,9.919283895273617
2023-10-10,0.005537877718328366,0.005487145596998539,0.005487145596998539,8.969298415201022,10.526933003694186,9.973712450224946
2023-10-11,0.007135256357960973,0.007138153198902777,0.007138153198902777,9.033296658744534,10.60207586418914,10.044906337656455
2023-10-12,-0.003474990964882463,-0.003505483470151066,-0.003505483470151066,9.001906034472293,10.564910462497938,10.009694084530585
2023-10-13,-0.01257001876102215,-0.012293532622119387,-0.012293532622119387,8.888751906734019,10.435030391077449,9.886639583764973
2023-10-16,0.011306485957145007,0.011164660292083062,0.011164660292083062,8.989252455344053,10.55153396053139,9.99702055614797
2023-10-17,-0.003275554947866244,-0.0032567494856785483,-0.0032567494856785483,8.959807664986332,10.51717025773231,9.964462764593417
2023-10-18,-0.01311799432953642,-0.012957301205246633,-0.012957301205246633,8.842272958843305,10.38089611487601,9.835350219204116
2023-10-19,-0.009356704388162496,-0.009259403237896329,-0.009259403237896329,8.759538424647966,10.284775211777662,9.744280745538573
2023-10-20,-0.014917929638058713,-0.014760396697699138,-0.014760396697699138,8.628864246767195,10.13296784970516,9.600451296200673
2023-10-23,0.003017664247984664,0.0029862916724176063,0.0029862916724176063,8.654903261905378,10.163227847211612,9.629121043957968
2023-10-24,0.009727863901005884,0.009675569515617525,0.009675569515617525,8.739096982913566,10.261562864750367,9.722288273993078
2023-10-25,-0.02447568205227435,-0.024242354810853867,-0.024242354810853867,8.525201623735784,10.012798416869206,9.486597112081533
2023-10-26,-0.019067167725931866,-0.01883755254132837,-0.01883755254132837,8.362650174478627,9.824181800605704,9.307892840544284
2023-10-27,0.004801232354799234,0.004770268045515231,0.004770268045515231,8.402801201068202,9.871045781122467,9.352293984332613
2023-10-30,0.011265204560418685,0.011133635534891533,0.011133635534891533,8.497460475478768,9.980946407197711,9.45641901696933
2023-10-31,0.004782420382914987,0.004717367753097001,0.004717367753097001,8.538098903659712,10.028030201924414,9.501028423099752
2023-11-01,0.017356817916716505,0.01721628640419345,0.01721628640419345,8.686293131685451,10.200675641950646,9.66460084956622
2023-11-02,0.018153137001947428,0.01803891224983597,0.01803891224983597,8.843976600944012,10.384684734744832,9.838939736221235
2023-11-03,0.011748994541703084,0.011660064234905995,0.011660064234905995,8.947884433755453,10.505770825811206,9.953662405548945
2023-11-06,0.004079265479165262,0.0039939438836503645,0.0039939438836503645,8.984385229837631,10.547730284943986,9.993416774633507
2023-11-07,0.009452743253896667,0.009358962137051273,0.009358962137051273,9.069312316709388,10.646446093312607,10.086944783847077
2023-11-08,0.0006436542859820094,0.0006211108493442593,0.0006211108493442593,9.075149818452948,10.653058716488124,10.093209894689062
2023-11-09,-0.007695604441843584,-0.007650843113622127,-0.007650843113622127,9.005311055199666,10.57155383556807,10.015988329271938
2023-11-10,0.022482403693116604,0.022233952604430517,0.022233952604430517,9.207772093724751,10.806601262503277,10.2386833390715
2023-11-13,-0.003118500563228821,-0.0030812099339718,-0.0030812099339718,9.179057651264388,10.77330385534078,10.207135806256362
2023-11-14,0.021526425864326182,0.021415918886166115,0.021415918886166115,9.376649955298708,11.004024056842777,10.425730998743228
2023-11-15,0.0007525886377619528,0.000712406203496768,0.000712406203496768,9.383706715515338,11.011863391844297,10.433158354182721
2023-11-16,0.0008561464165406374,0.0009129548456789038,0.0009129548456789038,9.391740542393695,11.021916725887836,10.44268335665791
2023-11-17,0.00023281272881470194,0.00024112348903432968,0.00024112348903432968,9.39392705913769,11.024574368904627,10.445201332903746
2023-11-20,0.012174926154433274,0.01205275661423098,0.01205275661423098,9.508297427382823,11.157450880548524,10.571094802355876
2023-11-21,-0.005809435563837062,-0.005711198578531845,-0.005711198578531845,9.453059586156645,11.093728462939495,10.510721180747137
2023-11-22,0.004092969576081851,0.004049102836763681,0.004049102836763681,9.491750671443672,11.13864811032907,10.553280171696532
2023-11-24,-0.00141013833839021,-0.0013921220634598678,-0.0013921220634598678,9.478365989923429,11.123141752537565,10.53858871752764
2023-11-27,-0.000872750244094056,-0.0008119817084133587,-0.0008119817084133587,9.47009374369211,11.114109964894416,10.530031576256516
2023-11-28,0.0026209361624685013,0.0026476237189749325,0.0026476237189749325,9.49491425484692,11.143535946052767,10.557911137619367
2023-11-29,-0.0009738949895503612,-0.0009464604190791814,-0.0009464604190791814,9.485667205427914,11.132989030351242,10.547918492619456
2023-11-30,-0.0025141058533014737,-0.0025155984726604546,-0.0025155984726604546,9.461819233984277,11.104982900150345,10.521384164969675
2023-12-01,0.002854795064393123,0.00292844292201217,0.00292844292201217,9.488830788833635,11.137503208723357,10.552195437957351
2023-12-04,-0.00928345791525731,-0.009275507454980363,-0.009275507454980363,9.4007416275405,11.034197214680976,10.454318470506168
2023-12-05,0.0025108945212151124,0.00249809636269275,0.00249809636269275,9.42434589818845,11.061761702608205,10.480434365451773
2023-12-06,-0.005783849924392848,-0.0056794074245371685,-0.0056794074245371685,9.36983689587776,10.99893745106595,10.420911708704251
2023-12-07,0.013972188165234156,0.013828884219750507,0.013828884219750507,9.500754020064518,11.151040483617018,10.565021290188165
2023-12-08,0.004456706298752611,0.004351480925139497,0.004351480925139497,9.543096090348639,11.199564023576936,10.610994778806111
2023-12-11,0.00854212227501816,0.008423926831149574,0.008423926831149574,9.624614384034645,11.293908331452325,10.700381022428484
2023-12-12,0.007964379983412151,0.007882314561406499,0.007882314561406499,9.701268470182912,11.382930469548521,10.784724791574169
2023-12-13,0.012717043526173866,0.012742660113968378,0.012742660113968378,9.824639923577326,11.527979283622912,10.922150874015887
2023-12-14,-0.0008668716195093795,-0.0008094668244140297,-0.0008094668244140297,9.816123222055678,11.518647766840287,10.913309755232126
2023-12-15,0.004834035446676488,0.004737718968976358,0.004737718968976358,9.863574709660039,11.573219882862203,10.965013949873804
2023-12-18,0.006298716299157903,0.006238506389394222,0.006238506389394222,9.925702568451737,11.645419489047303,11.033419259459887
2023-12-19,0.0051094281289139065,0.005095832166806524,0.005095832166806524,9.976417232354217,11.704762592275545,11.089643712232103
2023-12-20,-0.014859596386517238,-0.014739278993687262,-0.014739278993687262,9.828171698897938,11.532242830873122,10.926190359616925
2023-12-21,0.011635457938418137,0.011538610684393899,0.011538610684393899,9.942526977312017,11.66530889121646,11.052263416440123
2023-12-22,0.0014958510092326627,0.001494159123540244,0.001494159123540244,9.957399516325353,11.682738718925187,11.068777256659567
2023-12-26,0.006121767805240319,0.0060969787225152354,0.0060969787225152354,10.018356404108308,11.753968128315178,11.13626335607768
2023-12-27,0.0020357294581823115,0.002059201557952007,0.002059201557952007,10.038751067362721,11.778171917797122,11.159195166930278
2023-12-28,-0.00048597109828063534,-0.0005035840700309696,-0.0005035840700309696,10.033872524481149,11.772240618045235,11.153575574009846
2023-12-29,-0.004327892362531061,-0.004305670362302896,-0.004305670362302896,9.990447004215836,11.72155323051822,11.105551954227126
2024-01-02,-0.016922210635515467,-0.01675474048081363,-0.01675474048081363,9.82138655566754,11.525161648108845,10.919481313337858
2024-01-03,-0.010581365120457265,-0.010491211607467214,-0.010491211607467214,9.717462878532872,11.40424873844827,10.804922724235846
2024-01-04,-0.005146479470920284,-0.0051168786249663175,-0.0051168786249663175,9.667452155319074,11.345894581844705,10.749635246103791
2024-01-05,0.0011861205633132421,0.001163176695869362,0.001163176695869362,9.678918919115345,11.359091862016097,10.762138971311154
2024-01-08,0.02066781838238252,0.020457405021797426,0.020457405021797426,9.878961057473427,11.591469404917163,10.982304407148137
2024-01-09,0.001975479039716399,0.0019393552272911438,0.0019393552272911438,9.89847673797664,11.613949381699573,11.00360299660784
2024-01-10,0.006777673276048057,0.006696335251435006,0.006696335251435006,9.965565379237209,11.69172028035263,11.077286811246822
2024-01-11,0.002080734276913576,0.002053660811156851,0.002053660811156851,9.98630107271061,11.715731108107397,11.100035801065022
2024-01-12,0.0005131536806257664,0.0005463296859265305,0.0005463296859265305,9.99142557986191,11.722131759804089,11.106100080137992
2024-01-16,-9.794154380160514e-05,-0.00016635791430057251,-0.00016635791430057251,9.990447004215838,11.720181690413373,11.104252492492646
2024-01-17,-0.005640686530847483,-0.0056404230367694975,-0.0056404230367694975,9.934094024362013,11.65407490761164,11.041619810927886
2024-01-18,0.014194166666785302,0.014058848501509312,0.014058848501509312,10.075100210627323,11.817917781162995,11.196852271060985
2024-01-19,0.019831062953945988,0.019647649700933467,0.019647649700933467,10.274900157171588,12.050112089921718,11.416844102235892
2024-01-22,0.0013059624361775324,0.0012835072262005391,0.0012835072262005391,10.28831879081233,12.06557849586566,11.431497704141517
2024-01-23,0.0041495020496153945,0.00411210024876147,0.00411210024876147,10.331010190721901,12.115193364199959,11.478505168694433
2024-01-24,0.005549097521266422,0.005443339010961661,0.005443339010961661,10.388337973763415,12.181140468864651,11.540986563666712
2024-01-25,0.0012213970873327096,0.0012529675405816433,0.0012529675405816433,10.401026259506796,12.196403042479405,11.555447045217276
2024-01-26,-0.005957647019158463,-0.005902136863478642,-0.005902136863478642,10.339060616415656,12.124418202480545,11.487245215237724
2024-01-29,0.010240417906601573,0.010187763575225071,0.010187763575225071,10.444936917889438,12.247938908614572,11.6042745536212
2024-01-30,-0.006656613941082967,-0.006571786391512664,-0.006571786391512664,10.375409005188082,12.16744807037086,11.528013740026337
2024-01-31,-0.019586048759762664,-0.019378952536626824,-0.019378952536626824,10.172195738509988,11.931655671723272,11.304612908916784
2024-02-01,0.011775316834794047,0.011744415974314984,0.011744415974314984,10.291976566236485,12.071785999194285,11.437378985347713
2024-02-02,0.016900592349030408,0.016647083051402733,0.016647083051402733,10.465917066648222,12.272746023301632,11.627777983207165
2024-02-05,-0.001305412067752476,-0.0013625508847797678,-0.0013625508847797678,10.452254732209322,12.256023782348905,11.611934544028124
2024-02-06,-0.0020072366485800464,-0.001947869294914601,-0.001947869294914601,10.431274583450538,12.232150649945524,11.589316013275253
2024-02-07,0.010290355542152518,0.010178567095718584,0.010178567095718584,10.538616107672063,12.356656416060932,11.707278643909861
2024-02-08,0.0018518973265546634,0.00181565671317403,0.00181565671317403,10.558132542667446,12.379091862235137,11.728535042972673
2024-02-09,0.00984306942604296,0.009734041451514254,0.009734041451514254,10.662056974294284,12.499590455554237,11.842701089246509
2024-02-12,-0.00391248028763258,-0.003867328046058495,-0.003867328046058495,10.620341886556742,12.451250438821228,11.796901479182978
2024-02-13,-0.01559722697028365,-0.015532960273876188,-0.015532960273876188,10.454694003650106,12.257845660394935,11.613660677151998
2024-02-14,0.01089732861737569,0.010799579855334125,0.010799579855334125,10.568622239801988,12.390225243458731,11.739083333047656
2024-02-15,0.002977596387412129,0.002999607090496372,0.002999607090496372,10.600091331203146,12.427391050951856,11.774295970649392
2024-02-16,-0.009067487698333765,-0.008972844999044702,-0.008972844999044702,10.503975133456247,12.31588199730915,11.668647037931878
2024-02-20,-0.007548310132944658,-0.007449684911964511,-0.007449684911964511,10.424687871520181,12.22413255701626,11.581719294150357
2024-02-21,-0.004001711824471177,-0.003959596609792134,-0.003959596609792134,10.382971274798297,12.175729923185848,11.535860357697675
2024-02-22,0.02927570783102884,0.028984711898588415,0.028984711898588415,10.686940108257257,12.528639947164413,11.87022394666789
2024-02-23,-0.002944771849257677,-0.0028675507610232526,-0.0028675507610232526,10.655469507871759,12.492713436149334,11.836185476956105
2024-02-26,-0.0005265984993739758,-0.0005527662514092379,-0.0005527662514092379,10.64985835361879,12.485807885773305,11.829642833079024
2024-02-27,0.0024054079846054233,0.002386938502687847,0.002386938502687847,10.6754756079375,12.51561074135302,11.857879463030345
2024-02-28,-0.005324600702747095,-0.0052510326160016794,-0.0052510326160016794,10.618632963013317,12.449890861140995,11.795613351213357
2024-02-29,0.00856934304808954,0.0085117637158628,0.0085117637158628,10.709627671575129,12.555861390439306,11.89601482494256
2024-03-01,0.015056963985112137,0.01497863332623662,0.01497863332623662,10.870882149719996,12.743931034301749,12.07420086904885
2024-03-04,-0.0035681712544878286,-0.0034634945116684317,-0.0034634945116684317,10.832092980522441,12.699792499107364,12.032381940606118
2024-03-05,-0.017949669877889263,-0.01773070443828561,-0.01773070443828561,10.637660487435461,12.474616231878134,11.819039332728666
2024-03-06,0.006283800892251001,0.006268025354767799,0.006268025354767799,10.704505427897871,12.552807442710543,11.893121370935207
2024-03-07,0.015178140849615662,0.015052152696190414,0.015052152696190414,10.86697991900798,12.741754217104099,12.072138449844848
2024-03-08,-0.01443486028558505,-0.014260215328196376,-0.014260215328196376,10.71011658215084,12.560054058309241,11.899987156078263
2024-03-11,-0.003712819236833753,-0.0036650677339128764,-0.0036650677339128764,10.670351855275898,12.51402060944393,11.856372897118543
2024-03-12,0.014335009682705513,0.01413341902045085,0.01413341902045085,10.823311452439153,12.690886506347761,12.023943983336238
2024-03-13,-0.007686140513801343,-0.00758490365618588,-0.00758490365618588,10.74012195979107,12.594627354885523,11.932743526655257
2024-03-14,-0.002521055275994777,-0.0025404465522950877,-0.0025404465522950877,10.713045518659511,12.562631377244362,11.902429029503542
2024-03-15,-0.011887083796182418,-0.01177666649144176,-0.01177666649144176,10.585698648866888,12.414685457259633,11.762258092385025
2024-03-18,0.00953739921777741,0.009446839747573436,0.009446839747573436,10.686658682880218,12.531965001290898,11.873374259653387
2024-03-19,0.0024915186698672986,0.0024779715370272203,0.0024779715370272203,10.713284692507113,12.563018853867117,11.902796143117278
2024-03-20,0.011856746601428547,0.01178054120939955,0.01178054120939955,10.840309394375133,12.711018015189563,12.043017523588354
2024-03-21,0.004732351037274762,0.004684610473284999,0.004684610473284999,10.891609543781984,12.770564183309633,12.09943436960931
2024-03-22,0.001143762201044618,0.001120520993536378,0.001120520993536378,10.904066955086698,12.784873868576334,12.112992039830372
2024-03-25,-0.0036292042375101197,-0.0035845842561367165,-0.0035845842561367165,10.864493869087203,12.739045410990341,12.069571999269687
2024-03-26,-0.003237763645078995,-0.0031993661594831614,-0.0031993661594831614,10.82931720581569,12.6982885401983,12.030957019055778
2024-03-27,0.0034060164294533735,0.003441989705329973,0.003441989705329973,10.866202038138459,12.741995918628971,12.072367449260636
2024-03-28,-0.001843283351021352,-0.0017753499839277985,-0.0017753499839277985,10.846172548832724,12.719374416379624,12.05093477190362
2024-04-01,0.002117078459422661,0.0021004387068241973,0.0021004387068241973,10.86913474710304,12.746090682730378,12.07624702175194
2024-04-02,-0.008630141598206742,-0.008497614090641812,-0.008497614090641812,10.775332575185551,12.63777932294421,11.97362773489783
2024-04-03,0.0022442894974668004,0.0022475956637632525,0.0022475956637632525,10.799515540915753,12.666183940950058,12.000539608674302
2024-04-04,-0.015290668364191462,-0.01514657716755034,-0.01514657716755034,10.634383730285679,12.474334608470071,11.818772509439272
2024-04-05,0.01178394790057613,0.011708144802806124,0.011708144802806124,10.7596987541181,12.620385924384694,11.95714840937121
2024-04-08,0.0002950733894528934,0.00032129192119749217,0.00032129192119749217,10.76287365489897,12.624440752424592,11.960990144555701
2024-04-09,0.003699597064525495,0.003701471074287072,0.003701471074287072,10.802691950678494,12.671169754698743,12.005263403595608
2024-04-10,-0.008728759543447984,-0.008724263758746029,-0.008724263758746029,10.70839785021908,12.560623127626906,11.900526319169419
2024-04-11,0.01596837565914111,0.01586873157272058,0.01586873157272058,10.879393569798918,12.759944284425323,12.089372576902415
2024-04-12,-0.01594167399130142,-0.01582737933159299,-0.01582737933159299,10.705957824286122,12.557987805985732,11.898029491246822
2024-04-15,-0.016451097283622373,-0.016252584773109677,-0.016252584773109677,10.529833070604433,12.353888044589272,11.704655758307375
2024-04-16,9.27903277456732e-05,7.301522171663487e-05,7.301522171663487e-05,10.530810137266162,12.35479006646391,11.705510376342684
2024-04-17,-0.012201404966058815,-0.012066227091427718,-0.012066227091427718,10.402319458160699,12.20571436385504,11.56426902992067
2024-04-18,-0.005706383969504736,-0.0056381572628848966,-0.0056381572628848966,10.342959829158984,12.136896626765774,11.499067862499668
2024-04-19,-0.02068903889298168,-0.020450054760423372,-0.020450054760423372,10.128973930984966,11.888696426126815,11.263911295017726
2024-04-22,0.010056611971585694,0.009878272732519006,0.009878272732519006,10.230837091479188,12.006136211858221,11.375179282824813
2024-04-23,0.014922962604156487,0.014769038092692725,0.014769038092692725,10.38351149080455,12.183455294917215,11.543179738964064
2024-04-24,0.0033876698468497946,0.0033452226650808117,0.0033452226650808117,10.418687399586366,12.22421166570877,11.581794245453947
2024-04-25,-0.004829934120849533,-0.004767326513500287,-0.004767326513500287,10.36836582582064,12.165934857328198,11.52658005067369
2024-04-26,0.015431749296505926,0.01528628585746767,0.01528628585746767,10.528367847859164,12.351906815280646,11.702778648287271
2024-04-29,0.004060195550337431,0.004038733533373289,0.004038733533373289,10.571115080147358,12.401792875536623,11.750043052847754
2024-04-30,-0.018856161458738363,-0.018753354246613133,-0.018753354246613133,10.371784427397195,12.169217660448561,11.529690333064744
2024-05-01,-0.007230379845413415,-0.007103170375367077,-0.007103170375367077,10.29679248631237,12.08277763407147,11.447792978253762
2024-05-02,0.012763233820486164,0.012638343658572563,0.012638343658572563,10.4282128564162,12.23548393016098,11.592474120045129
2024-05-03,0.020098529039050295,0.01991870536831563,0.01991870536831563,10.637804595336279,12.479198929604618,11.823381196532132
2024-05-06,0.01095330896178126,0.010889317541431352,0.010889317541431352,10.754323755744053,12.615088889411771,11.952129748794558
2024-05-07,0.0001589758756042059,0.00016318344737282624,0.00016318344737282624,10.756033433779654,12.61714746310566,11.954080138530413
2024-05-08,-0.0005904180282195748,-0.0005910313877842186,-0.0005910313877842186,10.749682877728219,12.609690332930661,11.947014901956454
2024-05-09,0.0021814224783078817,0.0022388630200311454,0.0022388630200311454,10.773132477592377,12.637921702311104,11.973762631820206
2024-05-10,0.002358203820692406,0.002352833235233094,0.002352833235233094,10.79853771976186,12.667656624516576,12.001934898491145
2024-05-13,0.0023074500207878046,0.0022514771996225776,0.0022514771996225776,10.823454805847803,12.696177564579322,12.02895698126645
2024-05-14,0.0064321141866647835,0.0064086605081131245,0.0064086605081131245,10.893072503053222,12.777543056341433,12.106046482826084
2024-05-15,0.015630402548107103,0.015553956314811802,0.015553956314811802,11.06333561126166,12.976284402850393,12.29434340096504
2024-05-16,-0.0020312619985990432,-0.0020265232127658853,-0.0020265232127658853,11.040863078056757,12.949987661292564,12.26942862867727
2024-05-17,-0.0004866910631640131,-0.0004346293709300314,-0.0004346293709300314,11.03548958866705,12.944359216301784,12.264095974630717
2024-05-20,0.006972601785361743,0.006912979500449321,0.006912979500449321,11.11243566307533,13.03384330621053,12.348877418694881
2024-05-21,0.0019563597477796346,0.0019486317691539748,0.0019486317691539748,11.13417558490636,13.059241467351185,12.372940833546338
2024-05-22,-0.00019746308063373075,-0.00026801805458756263,-0.00026801805458756263,11.131976996295048,13.055741354858718,12.369624662014603
2024-05-23,-0.004498425032668729,-0.004548987713461669,-0.004548987713461669,11.081900632311822,12.996350947845333,12.313355391406967
2024-05-24,0.009456488822478626,0.009380806640495476,0.009380806640495476,11.186696501773097,13.118267203119089,12.428864597429458
2024-05-28,0.0037776189061247134,0.0037526213360383905,0.0037526213360383905,11.228955577975274,13.167495092517367,12.475505419900504
2024-05-29,-0.0070484001340873625,-0.007040272971131979,-0.007040272971131979,11.149809405973812,13.074792332720005,12.387674456291569
2024-05-30,-0.010713355271420921,-0.010571037665123118,-0.010571037665123118,11.030357536598984,12.93657821050716,12.256723883030826
2024-05-31,-0.0018603122154204899,-0.0018328003766374396,-0.0018328003766374396,11.009837627733194,12.912868045090542,12.234259754881666
2024-06-03,0.005369441829849553,0.005361078160950535,0.005361078160950535,11.068954310431396,12.982094939962314,12.299848577668959
2024-06-04,0.0027364663484907847,0.002694753369150373,0.002694753369150373,11.099244131414874,13.017078484040407,12.332993636063671
2024-06-05,0.020159689851557916,0.020004420063478863,0.020004420063478863,11.323001450690922,13.277477590034424,12.5797080213997
2024-06-06,-0.00034509508558810964,-0.0003262808344610358,-0.0003262808344610358,11.319093938536183,13.27314540356681,12.575603503769202
2024-06-07,-0.0008848655594055899,-0.0010375630464318285,-0.0010375630464318285,11.309078062146295,13.25937367838615,12.562555522287111
2024-06-10,0.00403916097444279,0.004034079718405986,0.004034079718405986,11.354757248911843,13.312863048820894,12.613233872730918
2024-06-11,0.006862864377062294,0.006815346567212616,0.006815346567212616,11.432683407945591,13.403594824300448,12.699197432906885
2024-06-12,0.013097685383005597,0.012981116248433025,0.012981116248433025,11.58242509830637,13.577588446861588,12.864047191045252
2024-06-13,0.005420258626953611,0.005362912675217647,0.005362912675217647,11.645204837866508,13.650403868042151,12.933035952780708
2024-06-14,0.005181183329217021,0.005185975281487619,0.005185975281487619,11.70554077903778,13.72119452508414,13.000106357546418
2024-06-17,0.012249915788241639,0.01208368735810368,0.01208368735810368,11.84893266783682,13.88699714990498,13.157195578393104
2024-06-18,0.00030921024359664706,0.00033555518242879686,0.00033555518242879686,11.852596479193402,13.891657003767007,13.161610543555664
2024-06-20,-0.0077080058087583,-0.007587652626444053,-0.007587652626444053,11.761236596682911,13.786251936016715,13.061744814746621
2024-06-21,-0.002679382534170993,-0.0027113255164954693,-0.0027113255164954693,11.729723744765506,13.748872919365757,13.026330172740447
2024-06-24,-0.011384601292873997,-0.011235517921883958,-0.011235517921883958,11.596185516655794,13.594397211274519,12.879972606628245
2024-06-25,0.011435609470400232,0.011296071581661706,0.011296071581661706,11.72879496557058,13.747960495282618,13.02546569916256
2024-06-26,0.002065255114161335,0.0019882831104154584,0.0019882831104154584,11.753017919356175,13.775295332938047,13.0513640126175
2024-06-27,0.002581367879139762,0.002604394962835456,0.002604394962835456,11.783356782296154,13.81117164271472,13.085354919310092
2024-06-28,-0.005191126863279494,-0.005179378111139905,-0.005179378111139905,11.72218788236397,13.739638362619248,13.017580918464521
2024-07-01,0.005865206264223932,0.0057855271396278244,0.0057855271396278244,11.790940932162021,13.819129413254855,13.0928944861606
2024-07-02,0.010499650523476234,0.01041194068419242,0.01041194068419242,11.914741691292674,13.963013369012844,13.229216926934894
2024-07-03,0.00833713911852052,0.008319733107833493,0.008319733107833493,12.014076550334218,14.079181913624142,13.339280480992626
2024-07-05,0.010426789343950915,0.010385142674175146,0.010385142674175146,12.139344795686654,14.225396226532796,13.477810811958575
2024-07-08,0.002378144268083915,0.0023168646232415205,0.0023168646232415205,12.16821390893081,14.258354543801643,13.509037075027543
2024-07-09,0.0008647234797087844,0.0008570694670665885,0.0008570694670665885,12.17873604920398,14.270574944131747,13.52061525823402
2024-07-10,0.010426446623132524,0.010350534889741777,0.010350534889741777,12.305716990558226,14.418283027987655,13.660560858195145
2024-07-11,-0.02193017818279619,-0.021615128365069576,-0.021615128365069576,12.035850424288222,14.106629989533797,13.365286081706412
2024-07-12,0.005874777030172806,0.00583000820855064,0.00583000820855064,12.106558361899426,14.188871758167767,13.443205809272389
2024-07-15,0.002687900477943428,0.0026318836337404813,0.0026318836337404813,12.139099585906624,14.226215217529331,13.478586762626817
2024-07-16,0.00038299195025714994,0.0004769262862858109,0.0004769262862858109,12.143748763331397,14.23300007352093,13.485015054955898
2024-07-17,-0.029354829831030438,-0.029075583557695298,-0.029075583557695298,11.787271084873018,13.819167290606588,13.092930372948748
2024-07-18,-0.004732698666851665,-0.004719114262191816,-0.004719114262191816,11.73148548272382,13.75395306115387,13.031143338491882
2024-07-19,-0.008863543123978301,-0.008844229861686483,-0.008844229861686483,11.627502955239372,13.632309938774178,12.915892911445674
2024-07-22,0.014897823593128523,0.014754545506297399,0.014754545506297399,11.80072744309511,13.833448476121772,13.106461041162063
2024-07-23,-0.0035247292404043673,-0.0034854546996766064,-0.0034854546996766064,11.75913307401839,13.785232618117938,13.060779064930017
2024-07-24,-0.035870252519992984,-0.03552906233462552,-0.03552906233462552,11.337330001237149,13.295456229131513,12.596741831393347
2024-07-25,-0.011027755126895356,-0.010966786632764899,-0.010966786632764899,11.212304702190702,13.149647797481364,12.458596051460432
2024-07-26,0.010256016170418825,0.010213215377463239,0.010213215377463239,11.327298280524033,13.283947982574826,12.585838376234811
2024-07-29,0.002008705299911817,0.0019965213769643853,0.0019965213769643853,11.350051484613804,13.31046966869252,12.610966271599983
2024-07-30,-0.013731286531992404,-0.013546048670484277,-0.013546048670484277,11.194200675525705,13.130165398733405,12.440137508703055
2024-07-31,0.029593618439022862,0.029389162072434402,0.029389162072434402,11.525477579047065,13.516049957674653,12.8057427261497
2024-08-01,-0.02422141817730117,-0.023959402145026534,-0.023959402145026534,11.246314166911857,13.192213481326457,12.498924786408132
2024-08-02,-0.023735029083062464,-0.01975130530382163,-0.01975130530382163,10.979382573082946,12.931650045223586,12.252054706982282
2024-08-05,-0.029816052430387763,-0.02635107901943164,-0.02635107901943164,10.652020726630619,12.590887113030263,11.929199845248192
2024-08-06,0.009555151835616948,0.007370460066844273,0.007370460066844273,10.753802402029713,12.683687743702997,12.017123536337
2024-08-07,-0.010829826948029475,-0.009347241708772915,-0.009347241708772915,10.637340582982427,12.565130248604005,11.904796577998674
2024-08-08,0.030590935921294582,0.026802085395742074,0.026802085395742074,10.96274678712943,12.90190194253571,12.223869952501133
2024-08-09,0.005222306599670379,0.004870881175849147,0.004870881175849147,11.019997612026371,12.96474557384026,12.283410970548799
2024-08-12,0.002153587964450976,0.002835026817685684,0.002835026817685684,11.04373014625191,13.00150097522657,12.31823477006296
2024-08-13,0.024812750810261575,0.021342793200182963,0.021342793200182963,11.317755470386633,13.278989321832809,12.581140307351717
2024-08-14,0.0003243224143079093,3.82450259425736e-06,3.82450259425736e-06,11.321426072165336,13.279040107361919,12.58118842395546
2024-08-15,0.025263089147461226,0.021542018765582906,0.021542018765582906,11.60744026830284,13.565097438543637,12.852212621077642
2024-08-16,0.0012857136542523406,0.002411186187415369,0.002411186187415369,11.622364112746716,13.597805414118397,12.88320169862731
2024-08-19,0.013136195300250453,0.011354441051112319,0.011354441051112319,11.775037757582378,13.752200894117502,13.029483252863965
2024-08-20,-0.002098665403248212,-0.0014609255444504442,-0.0014609255444504442,11.7503258932186,13.732109952538872,13.010448147948868
2024-08-21,0.004664041579563127,0.004056410608708131,0.004056410608708131,11.805129901757988,13.787813029030298,13.063223867840255
2024-08-22,-0.01585475930714697,-0.014393369963785494,-0.014393369963785494,11.617962408576012,13.589359935111963,12.875200053790678
2024-08-23,0.010845348977312597,0.010067929936086493,0.010067929936086493,11.743963265302318,13.72617665881493,13.00482666584534
2024-08-26,-0.009708263822848173,-0.008077092964279406,-0.008077092964279406,11.629949771596925,13.61530905389756,12.899785471880968
2024-08-27,0.002987358610058166,0.0025484625268511166,0.0025484625268511166,11.664692602181649,13.650007158812913,12.932660091760473
2024-08-28,-0.0113474909402842,-0.010059455602870145,-0.010059455602870145,11.532327608557193,13.512695517819976,12.802564571740398
2024-08-29,-0.001463797795773436,-0.0009814183010170819,-0.0009814183010170819,11.51544661282365,13.499433911142717,12.78999990056974
2024-08-30,0.011919457096395858,0.009713631508100711,0.009713631508100711,11.65270448467104,13.630562437723517,12.914237246592519
2024-09-03,-0.030361013296331008,-0.02575489713454459,-0.02575489713454459,11.298916568873725,13.27950870425396,12.581632394735424
2024-09-04,-0.002598504654620082,-0.0024910146973468,-0.0024910146973468,11.269556281577342,13.24642925289812,12.550291363523524
2024-09-05,0.0009336113612741226,0.0010372526004965054,0.0010372526004965054,11.280077667358341,13.26016914608798,12.563309185877326
2024-09-06,-0.02678721148165364,-0.02588383076232481,-0.02588383076232481,10.977915841353335,12.916945172030838,12.238122617095318
2024-09-09,0.01285951427233556,0.012484323309326514,0.012484323309326514,11.119086506795716,13.078204491727316,12.390907296546317
2024-09-10,0.009241924681650415,0.009005792749004753,0.009005792749004753,11.221848266820277,13.195984090908917,12.502497239631145
2024-09-11,0.021715291537409254,0.020863984799755427,0.020863984799755427,11.46553397352285,13.471304902399455,12.763349151997794
2024-09-12,0.009816094238234596,0.009659221116889084,0.009659221116889084,11.57808073549863,13.601427215184763,12.886633163649
2024-09-13,0.00447993387533252,0.004519610064844632,0.004519610064844632,11.629949771596927,13.662900362522764,12.944875720597388
2024-09-16,-0.004417914653904287,-0.004169596567969143,-0.004169596567969143,11.578569646076819,13.605931580062686,12.890900811219998
2024-09-17,0.0005282745478112361,0.0004120689257843864,0.0004120689257843864,11.584686309720901,13.61153816167318,12.896212750869672
2024-09-18,-0.004329472914793353,-0.00436585246508218,-0.00436585246508218,11.534530724116587,13.552112194236479,12.839909788641064
2024-09-19,0.025284183785989178,0.024476805037901797,0.024476805037901797,11.82617191883029,13.883824602266577,13.154189757241879
2024-09-20,-0.0019033634424208135,-0.0015690679427791314,-0.0015690679427791314,11.803662415536206,13.862039938159992,13.133549939780558
2024-09-23,0.0026507677703615506,0.002597907296572909,0.002597907296572909,11.834951183439538,13.898052232860723,13.16766968499902
2024-09-24,0.004823538756944634,0.004803844058213774,0.004803844058213774,11.892037529159406,13.964816308500296,13.230925116775826
2024-09-25,0.0009271868387041859,0.0008507978627473042,0.0008507978627473042,11.903063669841819,13.976697544369227,13.242181959587347
2024-09-26,0.007512992614812086,0.00727716289654353,0.00727716289654353,11.992491299286979,14.078408249155322,13.338547474812934
2024-09-27,-0.005557038570494721,-0.005378633957515081,-0.005378633957515081,11.92584856258052,14.002685644478655,13.266804310420978
2024-09-30,0.0027118643638295303,0.002493183031057643,0.002493183031057643,11.958189846305809,14.037596902716704,13.299880881804084
2024-10-01,-0.013932383531101156,-0.013178990384296747,-0.013178990384296747,11.791583759029356,13.852595548117167,13.124601879550497
2024-10-02,0.0014129301473260192,0.0013591572779551133,0.0013591572779551133,11.808244443207208,13.87142340417496,13.142440277715352
2024-10-03,-0.0007470641534486067,-0.0007546113391250332,-0.0007546113391250332,11.799422927068528,13.860955870784366,13.132522843258014
2024-10-04,0.011898147600420739,0.01175162613071284,0.01175162613071284,11.939814202654578,14.023844641992135,13.28685134186503
2024-10-07,-0.01071160979118746,-0.010649102031633776,-0.010649102031633776,11.811919571936464,13.874503289523778,13.145358306246358
2024-10-08,0.0149345902659479,0.014761635579573286,0.014761635579573286,11.988325750997666,14.079313650931319,13.339405295126083
2024-10-09,0.007868388716973707,0.00775398224901012,0.00775398224901012,12.082654558072221,14.188484399058884,13.442838806996841
2024-10-10,-0.0011354852309913843,-0.001105618995776186,-0.001105618995776186,12.068934882270359,14.17279734118601,13.427976149054668
2024-10-11,0.0015630670320920803,0.0015882958909616864,0.0015882958909616864,12.087799436497301,14.195307936966449,13.449303748396144
2024-10-14,0.0083915492040334,0.008316749921639914,0.008316749921639914,12.189234800237156,14.313366763138868,13.561158244291729
2024-10-15,-0.013366791370821085,-0.013196516104174985,-0.013196516104174985,12.026303841692433,14.124480188144144,13.382198201129668
2024-10-16,0.00012221125585809567,0.00016456241668748512,0.00016456241668748512,12.027773591388257,14.12680454673836,13.384400408006238
2024-10-17,0.0006925294638666646,0.0006753036823551223,0.0006753036823551223,12.03610317898501,14.136344429868682,13.39343894288788
2024-10-18,0.006554730890178551,0.006533867837671982,0.006533867837671982,12.11499659628968,14.228709436081257,13.48094990283264
2024-10-21,0.00192126069585985,0.0018734919437112794,0.0018734919437112794,12.138272663080608,14.255366808579165,13.506206353869173
2024-10-22,0.001090003956361274,0.0011142355929494902,0.0011142355929494902,12.151503428306757,14.271250645667834,13.521255449714374
2024-10-23,-0.015323847038881677,-0.015207549814722186,-0.015207549814722186,11.965295648478937,14.054219890555455,13.315630283905259
2024-10-24,0.008108771736925702,0.008057891844079528,0.008057891844079528,12.062319499657283,14.16746727438646,13.422926192568717
2024-10-25,0.006093631419864964,0.006019317394836006,0.006019317394836006,12.135822828756844,14.252745756591944,13.503723045689245
2024-10-28,0.0001614571003019094,0.00016225932580999112,0.00016225932580999112,12.137782243520553,14.255058397509348,13.505914150686563
2024-10-29,0.009608410078356666,0.009533333670152813,0.009533333670152813,12.254407032758094,14.39095662570032,13.634670536805496
2024-10-30,-0.007557533617206902,-0.007460134837169708,-0.007460134837169708,12.161793939649087,14.283598148836735,13.532954056140543
2024-10-31,-0.025242769642860652,-0.02503051018845463,-0.02503051018845463,11.854796576786587,13.926072399844486,13.194217311758429
2024-11-01,0.007398918184818415,0.007268358883102332,0.007268358883102332,11.942509246755897,14.027292091878623,13.290117618361931
2024-11-04,-0.0029131535792055185,-0.0028663428022815416,-0.0028663428022815416,11.907718883199015,13.987085064155565,13.252023585385063
2024-11-05,0.012756899440144354,0.012659770451464136,0.012659770451464136,12.059624455553493,14.164158350352878,13.419791161993427
2024-11-06,0.02716323271565768,0.026734317285209492,0.026734317285209492,12.387202841103129,14.542827453769162,13.778560116819408
2024-11-07,0.015744113179529284,0.015665542319594047,0.015665542319594047,12.582228364611243,14.770648732692734,13.994408733432511
2024-11-08,0.0011685952968405466,0.0011726462858183445,0.0011726462858183445,12.596931897501902,14.787969479068254,14.010819224855995
2024-11-11,-0.0005836156379306345,-0.0006648855444724071,-0.0006648855444724071,12.589580131056572,14.778137171929522,14.001503633687172
2024-11-12,-0.0018098814252480722,-0.0018556951122132097,-0.0018556951122132097,12.5667944838257,14.750713455011956,13.975521111830503
2024-11-13,-0.0012868054083566838,-0.0013240182639903376,-0.0013240182639903376,12.550623464718205,14.731183240990633,13.957017266629657
2024-11-14,-0.006949694981217114,-0.006884322508640593,-0.006884322508640593,12.463400459814308,14.629769024625773,13.860932658507513
2024-11-15,-0.02382586580307766,-0.02358179841832968,-0.02358179841832968,12.166449153008756,14.284772760580324,13.534066938664548
2024-11-18,0.006947503807621658,0.006956405447887139,0.006956405447887139,12.25097560482452,14.384143431633856,13.628215395648745
2024-11-19,0.0068798614259690805,0.006858352833145625,0.006858352833145625,12.33526061931864,14.482794962490575,13.721682505318212
2024-11-20,-0.000576056103914091,-0.0005537519532277397,-0.0005537519532277397,12.328154817145512,14.4747750864919,13.714084096829321
2024-11-21,0.0035972543899243092,0.003606632548005521,0.003606632548005521,12.372502326181156,14.526980281443901,13.763545758899031
2024-11-22,0.0016041138492572937,0.0016292469931965905,0.0016292469931965905,12.39234922851255,14.55064832038767,13.785969974442443
2024-11-25,0.001581514063537126,0.0015047145769001345,0.0015047145769001345,12.411947903097706,14.572542893018705,13.806713924419693
2024-11-26,0.005369240769196759,0.0053327144008849265,0.0053327144008849265,12.478590639804166,14.65025410236182,13.880341186593345
2024-11-27,-0.007873416832061442,-0.00777664248673652,-0.00777664248673652,12.380341494220326,14.536324313867908,13.772398735591285
2024-11-29,0.00878678167117708,0.00874867522765199,0.00874867522765199,12.489124851944654,14.66349789429376,13.892888979234698
2024-12-02,0.010887974427424174,0.010730288975416662,0.010730288975416662,12.625106123953534,14.820841464089945,14.041963692685266
2024-12-03,0.003066347733048369,0.0030220181563313667,0.0030220181563313667,12.663819089496215,14.865630316086534,14.084398761915107
2024-12-04,0.012362900883012617,0.012266227600149148,0.012266227600149148,12.82038062970006,15.047975520963327,14.257161202740015
2024-12-05,-0.002771291421790445,-0.0027628839197162466,-0.0027628839197162466,12.784851618836884,15.006399711372174,14.217770321312162
2024-12-06,0.008949667004755968,0.008852460048380422,0.008852460048380422,12.89927178353069,15.139243265287122,14.343632565058627
2024-12-09,-0.007787612068768213,-0.007701154201283686,-0.007701154201283686,12.798817258910946,15.0226536184104,14.233170038868556
2024-12-10,-0.0034071982088259567,-0.003340509229114312,-0.003340509229114312,12.755209151671293,14.972470305352312,14.185624002994162
2024-12-11,0.017902245987979404,0.017735569860091838,0.017735569860091838,12.983556043532639,15.238015598431039,14.437214128508261
2024-12-12,-0.006453727405579479,-0.0064568596257549155,-0.0064568596257549155,12.899763712072616,15.139625870736905,14.343995063493518
2024-12-13,0.007654428549425996,0.007523688522139844,0.007523688522139844,12.998504031711153,15.253531700130061,14.451914814514355
2024-12-16,0.014400491474281685,0.014259031711760635,0.014259031711760635,13.185688878198226,15.471032292358561,14.657985126150178
2024-12-17,-0.004403918093188297,-0.0043704335106449586,-0.0043704335106449586,13.127620184376378,15.403417174383767,14.593923376756317
2024-12-18,-0.03607681278061592,-0.03582712332981067,-0.03582712332981067,12.654017488729597,14.851557047576597,14.071065084071462
2024-12-19,-0.004453307055590772,-0.004421369263473745,-0.004421369263473745,12.597665263365469,14.785892829731715,14.00885170940441
2024-12-20,0.008732403611328765,0.008707038860607136,0.008707038860607136,12.707673161005593,14.914634173188963,14.130827325630678
2024-12-23,0.009742858269246701,0.009618811928944425,0.009618811928944425,12.83148221954518,15.058095234289876,14.266749096076309
2024-12-24,0.013559876548134842,0.013445543257661705,0.013445543257661705,13.005475534371799,15.26055950514051,14.458573288193808
2024-12-26,-0.0006795687655342109,-0.0006517188747767141,-0.0006517188747767141,12.99663741941772,15.250613910471357,14.44915036307955
2024-12-27,-0.013293053955196088,-0.013198192131200083,-0.013198192131200083,12.82387241696528,15.049333377962203,14.258447700455026
2024-12-30,-0.013299753493579813,-0.013169540848519155,-0.013169540848519155,12.653318074986524,14.851140567298147,14.070670491027409
2024-12-31,-0.00849483866282208,-0.008397347004972185,-0.008397347004972185,12.545830179390142,14.726430386534926,13.95251418832163
2025-01-02,-0.0019560757965965125,-0.0018757843413074273,-0.0018757843413074273,12.521289584628027,14.698806779012509,13.926342280685306
2025-01-03,0.01636511802125251,0.016179834396818513,0.016179834396818513,12.726201966458746,14.936631038527764,14.151668192540205
2025-01-06,0.011492919950209401,0.011357055215360085,0.011357055215360085,12.872463186929453,15.106267181963785,14.31238946959234
2025-01-07,-0.01784421035270578,-0.017665304890386587,-0.017665304890386587,12.642764246064422,14.839410366438754,14.059556745902034
2025-01-08,0.0001747961081492999,0.0001951761524479849,0.0001951761524479849,12.644974152050883,14.842306665458672,14.062300836092822
2025-01-10,-0.01568104718525709,-0.015504418811060364,-0.015504418811060364,12.446687715716218,14.612185326795208,13.844273034482915
2025-01-13,-0.003213837943047526,-0.003229961844944254,-0.003229961844944254,12.406686078470186,14.564988525718405,13.799556560810545
2025-01-14,-0.0009494173750803636,-0.0009088855998637435,-0.0009088855998637435,12.394906955140119,14.5517506173852,13.787014342567918
2025-01-15,0.023006171659902153,0.02284338626038734,0.02284338626038734,12.680066312258587,14.88416187750296,14.101956436572697
2025-01-16,-0.007005846565497964,-0.006882308382313861,-0.006882308382313861,12.591231713234563,14.781724485449704,14.004902423582248
2025-01-17,0.01687816631529304,0.016697795790232114,0.016697795790232114,12.80374861620493,15.028546702335218,14.238753424313352
2025-01-21,0.005865162085047837,0.0058874439045135335,0.0058874439045135335,12.878844677135179,15.11702642801158,14.322583286369197
2025-01-22,0.012785796663048021,0.012648293062449387,0.012648293062449387,13.043510966432008,15.308231008505862,14.503739517186535
2025-01-23,0.0021262375913682074,0.0020946803753652847,0.0020946803753652847,13.07124456977226,15.340296859580937,14.534120215722595
2025-01-24,-0.005651048695471506,-0.005553667885088366,-0.005553667885088366,12.997378330198059,15.25510194556416,14.453402539042523
2025-01-27,-0.029114913096905726,-0.028865561925076274,-0.028865561925076274,12.618960789626737,14.814754855681127,14.036196953023737
2025-01-28,0.014780105873057003,0.014645905825248247,0.014645905825248247,12.805470366105375,15.03173036012157,14.241769771742357
2025-01-29,-0.0018781172822607273,-0.0018719457917904922,-0.0018719457917904922,12.781420190903315,15.00359177573061,14.215109950750495
2025-01-30,0.0042623450158438825,0.00429778466620965,0.00429778466620965,12.835899013549419,15.068073982402414,14.276203432325314
2025-01-31,-0.0014530367587521908,-0.0014456201703474732,-0.0014456201703474732,12.8172479804511,15.046291270725165,14.255565464687562
2025-02-03,-0.008003213576477264,-0.007884577776604406,-0.007884577776604406,12.714668807400878,14.927657616951688,14.143166350031757
2025-02-04,0.012275361548180097,0.012182619018506154,0.012182619018506154,12.870745963977091,15.109515582537712,14.31546715738955
2025-02-05,0.00453794257443163,0.004549328431301938,0.004549328431301938,12.929152670051717,15.178253731360549,14.38059291913603
2025-02-06,0.005219580206700103,0.00515802177178797,0.00515802177178797,12.996637419417723,15.256543494564628,14.454768330504152
2025-02-07,-0.012613139167467535,-0.012492664628477725,-0.012492664628477725,12.832709022937491,15.065948613297248,14.274189757468822
2025-02-10,0.012105064680323796,0.012049806877092867,0.012049806877092867,12.988049795683924,15.247490384507685,14.4461909873733
2025-02-11,-0.002380694290124774,-0.002373111116769492,-0.002373111116769492,12.957129219695483,15.211306395573374,14.411908570946188
2025-02-12,0.0005870733005115536,0.0005633618928209546,0.0005633618928209546,12.964736004311645,15.219875865936663,14.420027691037879
2025-02-13,0.014385855749352805,0.014303957518310272,0.014303957518310272,13.151244826298113,15.437580323756977,14.626291154543344
2025-02-14,0.004198592314988314,0.004109795353191671,0.004109795353191671,13.206461541758339,15.501025619636076,14.686402217964714
2025-02-18,0.0022669378765329817,0.0022953133908850394,0.0022953133908850394,13.236399769642327,15.536605331313277,14.72011211363953
2025-02-19,0.00027816620987586305,0.0002861143364594043,0.0002861143364594043,13.24008168879865,15.541050576838478,14.724323748749532
2025-02-20,-0.004244730045290801,-0.004194658850604783,-0.004194658850604783,13.183881116252103,15.475861171488646,14.66256023381767
2025-02-21,-0.02075442975962949,-0.020530355631654527,-0.020530355631654527,12.910257181665543,15.15813623793187,14.361532657746839
2025-02-24,-0.011804198419748446,-0.011668026050173159,-0.011668026050173159,12.75786194424318,14.981270709435607,14.193961920575836
2025-02-25,-0.012599401415144595,-0.012497175520869971,-0.012497175520869971,12.597120520408662,14.794047139854124,14.016577487117855
2025-02-26,0.0024157636152604134,0.002409949087385024,0.002409949087385024,12.627552185818915,14.829700040257546,14.050356725241196
2025-02-27,-0.027771450955414778,-0.02757949884214042,-0.02757949884214042,12.276866739603506,14.420704345167973,13.662854928205746
2025-02-28,0.015791582284539363,0.015646877530316333,0.015646877530316333,12.47073789091828,14.646343339957715,13.876635945981858
2025-03-03,-0.021882592681511714,-0.021609067217338285,-0.021609067217338285,12.19784581321342,14.329849522236355,13.576774787074605
2025-03-04,-0.0030177572512322115,-0.0029921683232708622,-0.0029921683232708622,12.161035675561182,14.286972200418681,13.536150791624538
2025-03-05,0.013036021115299778,0.01289534211945576,0.01289534211945576,12.31956719341171,14.471207594794233,13.710704087063078
2025-03-06,-0.027509351554198425,-0.02727859181875343,-0.02727859181875343,11.980663888492579,14.076453429691396,13.33669538672437
2025-03-07,0.007353492677747653,0.00729802915812716,0.00729802915812716,12.068763612671164,14.179183797264301,13.434026978529744
2025-03-10,-0.03875633537825229,-0.03837228639279356,-0.03837228639279356,11.601022562497633,13.635096095779618,12.918532647901085
2025-03-11,-0.0023903569900540766,-0.002344912634029092,-0.002344912634029092,11.573291977123592,13.603122986678423,12.888239817481903
2025-03-12,0.011280776718890717,0.01117096275998018,0.01117096275998018,11.703847699820052,13.755082966982037,13.032213864524685
2025-03-13,-0.017990579046430866,-0.0177327571282457,-0.0177327571282457,11.493288702629052,13.511167421449676,12.801116781221712
2025-03-14,0.024170631482989036,0.023942619026068847,0.023942619026068847,11.7710887483879,13.834660155618877,13.107609043422718
2025-03-17,0.0064836051698808905,0.006451831836281698,0.006451831836281698,11.847407840252075,13.923919056455036,13.192177132746606
2025-03-18,-0.017047344805501075,-0.016842145798527646,-0.016842145798527646,11.6454409937479,13.689410381619323,12.969992562076886
2025-03-19,0.013381304528327975,0.013274054108952058,0.013274054108952058,11.801272186051916,13.871124355744588,13.1421569451386
2025-03-20,-0.003389539883771109,-0.003353990425854946,-0.003353990425854946,11.761271303298054,13.824600737459576,13.098078276569522
2025-03-21,0.0032966308983353176,0.0032210238987074123,0.0032210238987074123,11.800043873680211,13.869130106825022,13.140267499725493
2025-03-24,0.02194449929037834,0.021692766226744938,0.021692766226744938,12.05898992809262,14.169989904000689,13.425316250753932
2025-03-25,0.005706524221506859,0.005651639338154468,0.005651639338154468,12.127804846204187,14.250073576363391,13.501191296203858
2025-03-26,-0.018400672235147186,-0.018223758306293893,-0.018223758306293893,11.904645084297353,13.990383679660841,13.255148849174802
2025-03-27,-0.0056979284165653565,-0.005597975781858757,-0.005597975781858757,11.83681326878241,13.912065850643188,13.180946846932189
2025-03-28,-0.026327947251850614,-0.026007938294870234,-0.026007938294870234,11.525174273411903,13.550241700445488,12.838137594669211
2025-03-31,-4.255202988012741e-05,3.381435148450297e-05,3.381435148450297e-05,11.524683853851847,13.550699893081045,12.838571707966242
2025-04-01,0.008061072224518018,0.007990978941304537,0.007990978941304537,11.617585162762484,13.658983250566594,12.94116446412103
2025-04-02,0.007298398781470317,0.005827487911096902,0.005827487911096902,11.702374932158017,13.738580810337146,13.016578943591211
2025-04-03,-0.05353346987080876,-0.04314488155928749,-0.04314488155928749,11.075906196310429,13.14583136848245,12.454980186762853
2025-04-04,-0.06210896093098639,-0.05197245951788378,-0.05197245951788378,10.387993171088514,12.46261017985507,11.807664233210277
2025-04-07,0.0024133143890576747,-0.0007124347779704934,-0.0007124347779704934,10.413062664481735,12.453731382938653,11.799252042563941
2025-04-08,-0.018008497525821898,-0.014751276063564009,-0.014751276063564009,10.225539051252188,12.270022953287455,11.625198018340509
2025-04-09,0.12003081852840225,0.09940993627639051,0.09940993627639051,11.45291887346813,13.48978515318361,12.78085821254416
2025-04-10,-0.042532205946827384,-0.03321052555762844,-0.03321052555762844,10.965800969249477,13.041782298586888,12.356399194228036
2025-04-11,0.018423043965867913,0.016512374750725926,0.011286686324303607,11.167824402626916,13.257133095318538,12.495861996031165
2025-04-14,0.006778235627942442,0.005561801340940934,0.0025522257482055405,11.243522547879406,13.330866635945112,12.527754256763458
2025-04-15,0.0011147409458394097,0.0014195809710461648,0.0021737845555345374,11.256056162838997,13.349790880549055,12.554986895482342
2025-04-16,-0.030153440014876298,-0.02177900738887088,-0.001059854448551247,10.916647348528752,13.059045686321696,12.541680436769662
2025-04-17,-0.00018011071765233755,-0.0005050174091520921,-0.0013088678588664062,10.91468114334045,13.05245064090319,12.5252650343498
2025-04-21,-0.024746804152487534,-0.01854976658104916,-0.0032176987319602855,10.644577666699355,12.810330728203771,12.484962504931307
2025-04-22,0.026252105324236386,0.02066512316203348,0.006842391155801361,10.924020240737562,13.075057790448483,12.57038950195556
2025-04-23,0.022678219309249625,0.016799153994243966,0.0022537801345902074,11.17175756749569,13.294707699753866,12.598720396099127
2025-04-24,0.028137097318820192,0.023861451657506118,0.013283092462127832,11.486098397394583,13.611938724832218,12.766070364025008
2025-04-25,0.011147935452326063,0.008314811726417648,0.0013053907426411884,11.614144680927804,13.72511943256073,12.782735074098113
2025-04-28,-0.0003175399642066923,0.0010761136210598393,0.0009616338899486594,11.610456725841532,13.73988922053278,12.795027385351602
2025-04-29,0.006604498828499894,0.005025313427536614,0.0046451266178746085,11.6871379736857,13.80893647032559,12.854461907635734
2025-04-30,-0.00012614522453857635,-0.0009673143266846978,-0.0010158230795903897,11.685663697041797,13.795578888241565,12.841404048554242
2025-05-01,0.013060647932327862,0.008867939792164155,0.008867939792164155,11.838286036444444,13.91791725122054,12.955280846503673
2025-05-02,0.014843967788152002,0.009877434103753342,0.009877434103753342,12.014013173036355,14.055390561730963,13.08324577936063
2025-05-05,-0.005932556033104275,-0.0009685549204376673,-0.0009685549204376673,11.942739366704863,14.041777144043726,13.070573937285733
2025-05-06,-0.009301746127425958,-0.0024752695086742342,-0.0024752695086742342,11.83165103704976,14.007019961231475,13.038220744157897
2025-05-07,0.0039259336725314675,0.0012608521385993729,0.0012608521385993729,11.878101314257755,14.024680742304996,13.054660012666698
2025-05-08,0.01032491201751884,0.003929038021263913,0.003929038021263913,12.000741665262641,14.079784246177601,13.10595226821114
2025-05-09,-0.0006552983540840662,0.0005132402219651011,0.0005132402219651011,11.992877599001606,14.08701055776933,13.112678770062342
2025-05-12,0.040740132827965736,0.023664031786223335,0.023664031786223335,12.481469025374466,14.420366023381249,13.422977617279633
2025-05-13,0.01524087151419562,0.010600926007550254,0.010600926007550254,12.67169749109861,14.573235256596906,13.56527360980142
2025-05-14,0.005992969103733037,0.0011529317746730473,0.0011529317746730473,12.747638582654616,14.590037202584021,13.580913444778293
2025-05-15,0.0010989800579142006,0.0036950062086020525,0.0036950062086020525,12.761647983242451,14.643947480631304,13.631095004275236
2025-05-16,0.004352428847785861,0.0022421249673652073,0.0022421249673652073,12.817192148070003,14.676781040898412,13.661657622716849
2025-05-19,0.0009586850651774892,0.002097909032340405,0.002097909032340405,12.829479798759868,14.707571592409794,13.690318537640287
2025-05-20,-0.0033330710442122102,-0.0003361641686455176,-0.0003361641686455176,12.786718231130315,14.702627433832637,13.685716343090588
2025-05-21,-0.01389677109172327,-0.009936238775845953,-0.009936238775845953,12.609024134857933,14.556538617017774,13.549731797687143
2025-05-22,0.0018712361880501849,6.740254835746632e-05,6.740254835746632e-05,12.632618597115076,14.557519764815826,13.550645084139868
2025-05-23,-0.009260704288715393,-0.0032553098798890094,-0.0032553098798890094,12.515631651895067,14.510130526898742,13.506533535318598
2025-05-27,0.023525266357111274,0.014894244532522822,0.014894244532522822,12.81006522013339,14.726247959165196,13.707703148580354
2025-05-28,-0.004432100398576333,-0.003897737663953737,-0.003897737663953737,12.753289724965448,14.668848907846035,13.654274117731834
2025-05-29,0.0019657867441305044,0.00269436608098692,0.00269436608098692,12.778359972850842,14.708372156790457,13.691063730775147
2025-05-30,-0.0015773142601736012,-0.0013074050449431657,-0.0013074050449431657,12.758204483444032,14.689142356829766,13.673163964982892
2025-06-02,0.00789843917696409,0.007949823421161444,0.007949823421161444,12.858974385563785,14.805918444774866,13.781863204113094
2025-06-03,0.007816945496870398,0.007395428090047092,0.007395428090047092,12.95949228748139,14.9154145499403,13.883785982385977
2025-06-04,0.002787885929449452,0.002788469416303779,0.002788469416303779,12.995621873682468,14.9570057272443,13.922500494980367
2025-06-05,-0.007527021932005606,-0.007470032945695924,-0.007470032945695924,12.897803542819208,14.845276401692823,13.818498957596397
2025-06-06,0.009775313907236072,0.009618893895141842,0.009618893895141842,13.023883621164128,14.988071540244759,13.951417632859645
2025-06-09,0.0014721523826941585,0.0014686092273626234,0.0014686092273626234,13.043056762468956,15.010083160409133,13.971906813530051
2025-06-10,0.006613790587045143,0.006559843343726329,0.006559843343726329,13.129320808510869,15.108546954517722,14.063560333439952
2025-06-11,-0.0033695856679657465,-0.003311214852982633,-0.003311214852982633,13.085080437284386,15.058519309434939,14.016992863578048
2025-06-12,0.0023478182150635796,0.0023975213970287984,0.0023975213970287984,13.115801827480615,15.094622431686881,14.050598903890478
2025-06-13,-0.012554801563816054,-0.012401134785439192,-0.012401134785439192,12.95113553818626,14.907431984376219,13.876355533067189
2025-06-16,0.013910091125348467,0.013700142148943231,0.013700142148943231,13.13128701369917,15.111665921637877,14.066463576379485
2025-06-17,-0.009751236371736582,-0.009641768976388451,-0.009641768976388451,13.003240730163474,14.965962729973082,13.93083798426125
2025-06-18,-0.0001701244715784922,-0.00018098077102119084,-0.00018098077102119084,13.001028560705448,14.963254178499136,13.928316770461887
2025-06-20,-0.004083101722882176,-0.004043090723090894,-0.004043090723090894,12.947944038589991,14.902756384342794,13.87200332213896
2025-06-23,0.010282294601613229,0.01021001332821461,0.01021001332821461,13.081078613679976,15.05491372565407,14.013636660947036
2025-06-24,0.01529207665690202,0.015099933639384885,0.015099933639384885,13.281115470595331,15.28224192385811,14.225241644573787
2025-06-25,0.0025564210649993147,0.002529314818483384,0.002529314818483384,13.31506759395105,15.320895524815771,14.261221759061913
2025-06-26,0.009350322256740373,0.009270335439823653,0.009270335439823653,13.439567766824773,15.462925365569305,14.393428068550127
2025-06-27,0.003423615876003483,0.0033194536734949672,0.0033194536734949672,13.4855796843979,15.514253829977024,14.441206386226463
2025-06-30,0.006477103547998464,0.006471894224250844,0.006471894224250844,13.57292718041853,15.614660439732813,14.534668346428695
2025-07-01,-0.008429472747934708,-0.008305898658063634,-0.008305898658063634,13.45851456064149,15.484966652540317,14.413944864114693
2025-07-02,0.006965186066507645,0.006899470424147211,0.006899470424147211,13.55225561873516,15.591804721978423,14.51339345039994
2025-07-03,0.009840385050691847,0.009716906154647268,0.009716906154647268,13.685615032328915,15.743308825243476,14.65441873254295
2025-07-07,-0.007532889615451621,-0.007466578629361537,-0.007466578629361537,13.582522804970816,15.625760172013475,14.54500036280883
2025-07-08,0.0005614863679803683,0.0005066343417774632,0.0005066343417774632,13.59014920636859,15.633676718732996,14.552369359493794
2025-07-09,0.007078930283515028,0.0070482525772641086,0.0070482525772641086,13.68635292514304,15.743866820957921,14.654938134337145
2025-07-10,-0.001437940391273207,-0.0014050735285245342,-0.0014050735285245342,13.666672765462756,15.721745530451178,14.634346868702425
2025-07-11,-0.0022506659305776555,-0.0022142457982117776,-0.0022142457982117776,13.635913650685175,15.686933721469822,14.601942827638828
2025-07-14,0.0036269609520005464,0.0035781597850108194,0.0035781597850108194,13.685370577041061,15.743064076862117,14.654190912247714
2025-07-15,0.0009168327403443755,0.0008730573479773273,0.0008730573479773273,13.697917772849838,15.756808674634101,14.666984861302314
2025-07-16,0.0010239512047232058,0.0010355875697760713,0.0010355875697760713,13.711943772255546,15.773126229836892,14.682173808510772
2025-07-17,0.008092660227681625,0.008007207604712544,0.008007207604712544,13.822909874265486,15.899424926134534,14.799737022283992
2025-07-18,-0.0009612012033375361,-0.0009213473483180456,-0.0009213473483180456,13.809623276660716,15.884776033139058,14.786101323822706
2025-07-21,0.005184771900183405,0.0052036188597852345,0.0052036188597852345,13.881223023377665,15.967434353288565,14.863042559534046
2025-07-22,-0.005175747905508787,-0.005068913220550333,-0.005068913220550333,13.809377312388516,15.886496814196912,14.78770308660642
2025-07-23,0.004561246885077086,0.00445748877928348,0.00445748877928348,13.872365291639502,15.957310695488317,14.853619107186343
2025-07-24,0.002128424016533348,0.0020824108784879085,0.0020824108784879085,13.90189156709235,15.990540372872012,14.884550445200063
2025-07-25,0.002406880722116922,0.002362003939355845,0.002362003939355845,13.935351761906146,16.028310092225166,14.919707811987168
2025-07-28,0.003125416895430444,0.0030525352345876,0.0030525352345876,13.978905545746574,16.07723707353258,14.96525074577301
2025-07-29,-0.0015491498026330985,-0.0014868972391651498,-0.0014868972391651498,13.957250126979353,16.05333187411454,14.942998955755707
2025-07-30,0.0013398648999181084,0.0012668820712128763,0.0012668820712128763,13.97595095652387,16.073669552449086,14.961929973222908
2025-07-31,-0.005299059052360722,-0.0052172177455141275,-0.0052172177455141275,13.901891567092354,15.98980971842452,14.883870326659471
2025-08-01,-0.019698778454215193,-0.019404995137296075,-0.019404995137296075,13.62804128501768,15.679527538592202,14.595048895346498
2025-08-04,0.018451549581937954,0.018308641196528353,0.018308641196528353,13.87949976449288,15.966598382427371,14.862264408817184
2025-08-05,-0.00678958220420578,-0.00672498808222364,-0.00672498808222364,13.7852637598886,15.859223198591895,14.762315857793032
2025-08-06,0.01258326751846961,0.012434029053039414,0.012434029053039414,13.958727421591943,16.05641724060182,14.945870922058974
2025-08-07,0.0033843872369123673,0.0033874773830848315,0.0033874773830848315,14.005969160521119,16.110807990857733,14.996499721777955
2025-08-08,0.00932811418913948,0.009224275009035384,0.009224275009035384,14.136618440180026,16.25941851438317,15.134831559384558
2025-08-11,-0.002958805683897947,-0.002978820699216952,-0.002978820699216952,14.094790933188126,16.210984621955294,15.089747609856301
2025-08-12,0.012568801878337421,0.01243642612329692,0.01243642612329692,14.271945567943954,16.412591334592143,15.277410141225477
2025-08-13,0.0005000006343736096,0.0005205996102265285,0.0005205996102265285,14.27908154978167,16.421135723243736,15.285363554990269
2025-08-14,-0.0007753587051052557,-0.0008067956204657881,-0.0008067956204657881,14.26801013960114,16.40788722285915,15.273031390616875
2025-08-15,-0.004397496451798988,-0.004363147155068237,-0.004363147155068237,14.205266615638012,16.33629719640205,15.206392907155637
2025-08-18,-0.00039835135645394093,-0.00040859011995768817,-0.00040859011995768817,14.199607928412883,16.329622346770908,15.200179725253578
2025-08-19,-0.01356762185101923,-0.013432125576162766,-0.013432125576162766,14.006953017607442,16.110280808797768,14.996009002403728
2025-08-20,-0.005937271677668776,-0.005836845556349139,-0.005836845556349139,13.923789932165564,16.0162475878474,14.908479613895077
2025-08-21,-0.004629757069970819,-0.0046104848066437915,-0.0046104848066437915,13.859326167286332,15.942404921684183,14.839744295145055
2025-08-22,0.015427327600024077,0.015328685753242997,0.015328685753242997,14.073138532384643,16.186781036879637,15.067218072103815
2025-08-25,-0.00288465693406581,-0.0028786618562023996,-0.0028786618562023996,14.032542355733131,16.14018476773407,15.023844646160565
2025-08-26,0.004015125381061413,0.004001054125496642,0.004001054125496642,14.088884772706455,16.20476252058529,15.083955861762908
2025-08-27,0.0015369498817463523,0.0015276456246192342,0.0015276456246192342,14.110538682491805,16.229517655147855,15.106998800937077
2025-08-28,0.00625995612885788,0.006226283387948481,0.006226283387948481,14.198870035598755,16.33056723131852,15.20105925661311
2025-08-29,-0.01157556659656056,-0.011439286576353286,-0.011439286576353286,14.034510069905775,16.14375719280506,15.027169983512584
2025-09-02,-0.008380068468362367,-0.008226455091601026,-0.008226455091601026,13.916899914600043,16.010951299248738,14.903549644489363
2025-09-03,0.007867435783369237,0.007832047826977702,0.007832047826977702,14.026390230981736,16.136349835579868,15.020274958096742
2025-09-04,0.009051496036939,0.008956994708800644,0.008956994708800644,14.153350046570027,16.280883035676514,15.154811481421145
2025-09-05,0.0014428435948679041,0.0014939542189542309,0.0014939542189542309,14.173771117030645,16.305205929575962,15.17745207597127
2025-09-08,0.004878031642496561,0.004879780824800622,0.004879780824800622,14.242911221033024,16.384771760815532,15.251514715580926
2025-09-09,0.0028331090980939777,0.002796951647905971,0.002796951647905971,14.283262942396677,16.43059917519251,15.294172464797734
2025-09-10,0.00032739991849251027,0.0003620927509809839,0.0003620927509809839,14.287939281519824,16.43654857604812,15.299710373779492
2025-09-11,0.005820403825840481,0.005772374353902806,0.005772374353902806,14.371100857977359,16.53142648751518,15.388026029563239
2025-09-12,0.00441729672657698,0.004380673459264967,0.004380673459264967,14.434582274754609,16.60384526877283,15.455435946781426
2025-09-15,0.00855697196055516,0.008513353494737653,0.008513353494737653,14.558098590542011,16.74519967291782,15.587013536411652
2025-09-16,-0.0008451824548885156,-0.0008432642247460983,-0.0008432642247460983,14.545794341036748,16.731079045097417,15.573869565525762
2025-09-17,-0.001995960979915279,-0.0020040668107932625,-0.0020040668107932625,14.516761503110166,16.69754884487438,15.542658490413869
2025-09-18,0.009016938997374213,0.008897728276114014,0.008897728276114014,14.64765825602314,16.84611909737321,15.680952842350008
2025-09-19,0.006769464257162738,0.006744239492674655,0.006744239492674655,14.746815055038423,16.959733359088016,15.786708943792155
2025-09-22,0.005919971004913149,0.0059254886255879526,0.0059254886255879526,14.834115772579068,17.060228066200295,15.880252908074063
2025-09-23,-0.006642363484293479,-0.006544928850738471,-0.006544928850738471,14.735582183649507,16.948570087329642,15.776317782658985
2025-09-24,-0.003510513157936712,-0.0035051913031320324,-0.0035051913031320324,14.683852728503947,16.88916210685901,15.721018770771762
2025-09-25,-0.004311189093612278,-0.004263260285456119,-0.004263260285456119,14.620547862768612,16.81715921279421,15.65399597579942
2025-09-26,0.004110741597260548,0.0041061975790148125,0.0041061975790148125,14.680649157042835,16.886213791239694,15.718274376177156
2025-09-29,0.004631181431281162,0.004658186999754829,0.004658186999754829,14.748637906818084,16.964872932797128,15.791493037534844
2025-09-30,0.002739236604982098,0.00273880294620498,0.00273880294620498,14.789037915646066,17.011336376767467,15.83474282519102
2025-10-01,0.0047969198820267955,0.004768666180551128,0.004768666180551128,14.859979745659677,17.092457761233337,15.910253427779232
2025-10-02,0.0041110202945560115,0.004061852926543051,0.004061852926543051,14.921069423970776,17.161884810812616,15.974878537226898
2025-10-03,-0.004209680647454195,-0.0041304914831190925,-0.0041304914831190925,14.858256486777366,17.090997791767283,15.90889443748502
2025-10-06,0.00751015458732307,0.007500606764527044,0.007500606764527044,14.96984428989116,17.21919064541673,16.02822079871897
2025-10-07,-0.005265670505613107,-0.005181526400613259,-0.005181526400613259,14.89101802234026,17.12996895449031,15.945170149495548
2025-10-08,0.011463840686665838,0.011414587542584674,0.011414587542584674,15.061726280610639,17.325500484723094,16.12717769004837
2025-10-09,-0.0012101540329940708,-0.0012655904410777017,-0.0012655904410777017,15.043499271808304,17.30357349692274,16.106767288122285
2025-10-10,-0.034714390535999895,-0.03431028312033288,-0.03431028312033288,14.521273363058722,16.709882991249835,15.554139542313493
2025-10-13,0.02122138573815402,0.02110210100158713,0.02110210100158713,14.829434906505371,17.06249662985589,15.882364565928171
2025-10-14,-0.006660944590281437,-0.006553499298314627,-0.006553499298314627,14.730656862287953,16.950677570164633,15.778279500889784
2025-10-15,0.007056871176160273,0.007054386600976796,0.007054386600976796,14.83460921010534,17.070254202893082,15.88958558438733
2025-10-16,-0.003702929874781269,-0.0035843365640147733,-0.0035843365640147733,14.779677692480535,17.009068666596626,15.832631961790169
2025-10-17,0.006566670692867094,0.006430538946319759,0.006430538946319759,14.876730968833769,17.118446145097803,15.934444318243207
2025-10-20,0.012600750316071885,0.012607190208950602,0.012607190208950602,15.064188941291418,17.334261651730728,16.135332888637233
2025-10-21,-0.00026154446872139747,-0.00047892775818776277,-0.00047892775818776277,15.060248985998049,17.325959792658022,16.127605229829264
2025-10-22,-0.00963398743237176,-0.009542636439581692,-0.009542636439581692,14.915158736538555,17.160624457389876,15.973705356479908
2025-10-23,0.008406409230742984,0.008323971102882993,0.008323971102882993,15.04054166461939,17.303468999480618,16.106670018273213
2025-10-24,0.010678280603571011,0.010574364980041124,0.010574364980041124,15.201148788943897,17.486442196101954,16.27698782565952
2025-10-27,0.017809322409608974,0.01754126023228924,0.01754126023228924,15.471870948722636,17.793176429200663,16.56250670490722
2025-10-28,0.007689812405393459,0.007574714417659614,0.007574714417659614,15.59084673387877,17.927954659234892,16.687962963237467
2025-10-29,0.0045029912346759016,0.004430638864007519,0.004430638864007519,15.661052180062601,18.007386951900266,16.761901300503506
2025-10-30,-0.015288557761278021,-0.015078909258858379,-0.015078909258858379,15.421617279205325,17.735855198063412,16.509150111787275
2025-10-31,0.004823934700517896,0.004746712945532958,0.004746712945532958,15.49601015393659,17.820042211532158,16.58751430834264
2025-11-03,0.004784805942990689,0.004741299800184852,0.004741299800184852,15.57015555541379,17.904532374108978,16.666160686618348
2025-11-04,-0.020297996503178095,-0.020156448732196096,-0.020156448732196096,15.254112592396062,17.543640585236304,16.330230073175983
2025-11-05,0.006507850334943166,0.00646670735688943,0.00646670735688943,15.353384074139747,17.657090174875474,16.435832892129888
2025-11-06,-0.0186272654944466,-0.01843518705344556,-0.01843518705344556,15.067392512752537,17.331578414682088,16.1328352383843
2025-11-07,-0.0031553923840655917,-0.0030903214427358393,-0.0030903214427358393,15.01984897717007,17.278018266270738,16.082979591714995
2025-11-10,0.02212420765032408,0.021997827140711867,0.021997827140711867,15.352151234817489,17.658097125426227,16.43677019668114
2025-11-11,-0.0026634982786843953,-0.002614965854352225,-0.002614965854352225,15.31126080642945,17.611921804390402,16.393788603860987
2025-11-12,-0.0007883320159266516,-0.0007192190608236593,-0.0007192190608236593,15.299190449331538,17.59925497453095,16.381997878617977
2025-11-13,-0.020416045739871547,-0.020265452662666623,-0.020265452662666623,14.98684147733498,17.242598105946392,16.05000927608894
2025-11-14,0.000756060262534719,0.0006787586722520765,0.0006787586722520765,14.9981724326369,17.25430166894296,16.06090335907481
2025-11-17,-0.00854047742194275,-0.008481902083542728,-0.008481902083542728,14.870080879605561,17.10795237166708,15.924676349409896
2025-11-18,-0.012175815178940508,-0.012030812117521038,-0.012030812117521038,14.689025523119588,16.902129810968056,15.733089560217817
2025-11-19,0.0059700735105956415,0.005903042367585221,0.005903042367585221,14.776720085291627,17.001903799344625,15.825962654464796
2025-11-20,-0.02367178721760632,-0.023433376799554876,-0.023433376799554876,14.426928711658475,16.603491781304797,15.455106908367037
2025-11-21,0.007512738352233983,0.0074367515233870135,0.0074367515233870135,14.535314452295497,16.72696782410296,15.570042698211946
2025-11-24,0.025573261083573717,0.02539361412302858,0.02539361412302858,14.907029843715891,17.151725990476546,15.96542235436942
2025-11-25,0.006163769755923587,0.006102573102484325,0.006102573102484325,14.998913343417238,17.25639565216721,16.062852511398997
2025-11-26,0.008835636476900888,0.008795083889639257,0.008795083889639257,15.13143828926821,17.408167099560828,16.204126646743656
2025-11-28,0.008107246699400772,0.008070760879891973,0.008070760879891973,15.254112592396067,17.548664253578586,16.334906278177012
2025-12-01,-0.0033590309023316944,-0.003349394715673746,-0.003349394715673746,15.202873556810562,17.48988685026052,16.28019422940786
2025-12-02,0.007826073319477489,0.007719878689630067,0.007719878689630067,15.321852359932908,17.624906655039883,16.405875353902506
2025-12-03,0.002443824006479467,0.002418210505077159,0.002418210505077159,15.359296270553846,17.667527389464105,16.4455482140283
2025-12-04,-0.0009302875756246332,-0.0009284773278887719,-0.0009284773278887719,15.345007708063012,17.651123490843133,16.43027889536687
2025-12-05,0.004077547048382701,0.004015141904708469,0.004015141904708469,15.407577698950433,17.721995256436404,16.496248796665707
2025-12-08,-0.0019186002268223312,-0.0019257083846340181,-0.0019257083846340181,15.378016716882444,17.687867861578642,16.46448183204296
2025-12-09,0.0012333456873865334,0.0012414144544899103,0.0012414144544899103,15.39698312748077,17.709825836411113,16.484921077774946
2025-12-10,0.004095732190340096,0.004074662110294359,0.004074662110294359,15.460045046910116,17.78198739272665,16.552091561081745
2025-12-11,-0.003234348809646903,-0.00315813215960277,-0.00315813215960277,15.410041868615554,17.725829526480027,16.499817868414002
2025-12-12,-0.019118403650837057,-0.018925253594004297,-0.018925253594004297,15.115426467895063,17.390363707527303,16.187554630999383
2025-12-15,-0.005019386618366428,-0.00495516686330779,-0.00495516686330779,15.039556298551208,17.304191553542893,16.107342596693872
2025-12-16,0.0019818029710569895,0.0019664946177543503,0.0019664946177543503,15.069361735907055,17.338220153097527,16.139017599216597
2025-12-17,-0.018536947222623112,-0.01832965776465227,-0.01832965776465227,14.79002177272993,17.020416511443052,15.843194929965257
2025-12-18,0.01449009500367393,0.014357283938439795,0.014357283938439795,15.004330593323191,17.26478346404835,16.07066017806682
2025-12-19,0.013035461532132642,0.012891515998033903,0.012891515998033903,15.199918967587857,17.487352696277718,16.277835350851333
2025-12-22,0.004793430010577637,0.004826479374683126,0.004826479374683126,15.27277871532544,17.571755043384112,16.356399987436703
2025-12-23,0.004683320360602261,0.004688062403335053,0.004688062403335053,15.344306030845896,17.65413252756361,16.433079811271714
2025-12-24,0.0029256619298831943,0.0028972098349113163,0.0028972098349113163,15.38919828284082,17.705280253949297,16.480689891718814
2025-12-26,-6.422583026810536e-05,-2.6412422818634394e-05,-2.6412422818634394e-05,15.388209898803943,17.704812614601106,16.48025459676905
2025-12-29,-0.004840585173027323,-0.0049376434907812536,-0.0049376434907812536,15.31372195812836,17.617392561839118,16.398880974932894
2025-12-30,-0.00231938702278367,-0.0022927106483210465,-0.0022927106483210465,15.27820351014816,17.57700097831694,16.361283085901114
2025-12-31,-0.008265617813233428,-0.00822389083987242,-0.00822389083987242,15.151919719060473,17.43244964097893,16.226729679802414
2026-01-02,-0.001937030089757208,-0.0018898513450949954,-0.0018898513450949954,15.122569994647067,17.399504902576627,16.196063572890548
2026-01-05,0.007942867948058874,0.007951997722779955,0.007951997722779955,15.242686571149827,17.537865725939415,16.324854633540173
2026-01-06,0.008786595304165923,0.008739046472856195,0.008739046472856195,15.376617889398766,17.691129949553112,16.467518296845306
2026-01-07,0.0009625073552128605,0.000904781727227825,0.000904781727227825,15.39141799721561,17.707136560665482,16.482417806493082
2026-01-08,-0.005688999652906479,-0.005617133593235463,-0.005617133593235463,15.303856225571712,17.60767320905056,16.389833863734488
2026-01-09,0.009960231054889634,0.009909179478133839,0.009909179478133839,15.456286169609218,17.78215080307137,16.55224366910703
2026-01-12,0.0008297496946660932,0.0008850694131233026,0.0008850694131233026,15.469111018339122,17.797889240846715,16.566893553697117
2026-01-13,-0.0014828295248142664,-0.0014639180780794717,-0.0014639180780794717,15.4461729637985,17.771834589035382,16.542640978726244
2026-01-14,-0.010682829260163396,-0.01052412513255187,-0.01052412513255187,15.281164135303289,17.58480157798536,16.36854415504325
2026-01-15,0.003599460638880725,0.003552453999563508,0.003552453999563508,15.336168084124589,17.647270776682603,16.426692655193865
2026-01-16,-0.0008363469702091786,-0.0008577027008797025,-0.0008577027008797025,15.323341726412812,17.632134664874286,16.412603436536983
2026-01-20,-0.021247109479735737,-0.020931124630074415,-0.020931124630074415,14.997765007156316,17.263074256709547,16.06906918850284
2026-01-21,0.013518379690013349,0.013448046554741442,0.013448046554741442,15.200510489024651,17.495228882991736,16.28516677904119
2026-01-22,0.007269381990819612,0.007261539806726567,0.007261539806726567,15.311008806224832,17.622271183953373,16.40342216586638
2026-01-23,0.0031574207370614893,0.003174260779752583,0.003174260779752583,15.359352102934936,17.67820886822276,16.455490905501218
2026-01-26,0.004400109641740091,0.00442242836520416,0.00442242836520416,15.426934936213941,17.75638948056759,16.528264135245067
2026-01-27,0.009065284268955143,0.009063370062298076,0.009063370062298076,15.566784486809397,17.917322209400275,16.678065909590202
2026-01-28,0.003311530790518269,0.0034084938772361156,0.0034084938772361156,15.618334372946828,17.978393292447482,16.734912995127182
2026-01-29,-0.005985273573879568,-0.0059131432790607485,-0.0059131432790607485,15.524854368956415,17.872084476981936,16.635957056824378
2026-01-30,-0.012010841842735376,-0.012257434674388017,-0.012257434674388017,15.33838779849938,17.653018569010186,16.43204289995443
2026-02-02,0.006866398739927115,0.006640185935054554,0.006640185935054554,15.44370728515151,17.77023789462338,16.541154720102917
2026-02-03,-0.01536399586025139,-0.01497394404685154,-0.01497394404685154,15.206430230355508,17.50414734669005,16.293468394853782
2026-02-04,-0.017469018639952316,-0.017305094728874076,-0.017305094728874076,14.940788817214294,17.20123641870741,16.01150838081892
2026-02-05,-0.014395283656087554,-0.01432459699274926,-0.01432459699274926,14.725711924144793,16.954835639232424,15.782149976017662
2026-02-06,0.021137860808826403,0.021039395382985694,0.021039395382985694,15.03698197310824,17.311555129899773,16.114196869356675
2026-02-09,0.00766012883518119,0.007675898190862633,0.007675898190862633,15.152167192314547,17.44443686460239,16.237887803953374
2026-02-10,-0.00463933536951211,-0.0045923068128264025,-0.0045923068128264025,15.081871207134482,17.364326658343156,16.16331844116537
2026-02-11,0.0026821150839286823,0.002695832594449736,0.002695832594449736,15.122322521393007,17.41113797612939,16.206892041853532
2026-02-12,-0.020338908296598457,-0.020220671210646548,-0.020220671210646548,14.81475099039881,17.059073079710874,15.879177806528768
2026-02-13,0.0021310481555174565,0.002233258547332555,0.002233258547332555,14.84632193817135,17.097170400475708,15.914640116089812
2026-02-17,-0.0010301235152248012,-0.0011276899597143664,-0.0011276899597143664,14.831028392828243,17.077890093075567,15.89669333621843
2026-02-18,0.007467168663116697,0.007448036642241718,0.007448036642241718,14.941774183284963,17.205086844260972,16.015092490677066
2026-02-19,-0.0038296760151973475,-0.003768839537913859,-0.003768839537913859,14.884552029070742,17.14024363270908,15.954734176894855
2026-02-20,0.008848879268714471,0.00883100921205969,0.00883100921205969,15.016263632944888,17.29160928212648,16.095630581386974
2026-02-23,-0.012154960293362826,-0.011924749352652487,-0.011924749352652487,14.833741544731774,17.08541117553312,15.903694221031046
2026-02-24,0.010741494985465172,0.010600122450458355,0.010600122450458355,14.993078105150197,17.2665186261102,16.07227532718862
2026-02-25,0.014493229135948082,0.014344008064866937,0.014344008064866937,15.210376221581305,17.5141897085353,16.302816174102574
2026-02-26,-0.01206462296595967,-0.011911738138716543,-0.011911738138716543,15.026868767297527,17.305565267015425,16.108621296913032
2026-02-27,-0.0032007554722631726,-0.0031012648176236028,-0.0031012648176236028,14.978771434859619,17.25189612630374,16.058664196424495
2026-03-02,0.0013173960348471514,0.0013284660435399,0.0013284660435399,14.998504408954785,17.274814684494213,16.079997586514057
2026-03-03,-0.010705593463400165,-0.010762955106395295,-0.010762955106395295,14.8379365181935,17.088886629573704,15.906929294379463
2026-03-04,0.0152431555194954,0.015117351318199218,0.015117351318199218,15.064113492128723,17.347225332389847,16.147399932916354
2026-03-05,-0.0030128350762165246,-0.003037075138737856,-0.003037075138737856,15.01872780260753,17.29454050560676,16.098359066024837
2026-03-06,-0.015043184991970993,-0.014847367569311579,-0.014847367569311579,14.792798301928848,17.03776210577767,15.859340811708806
2026-03-09,0.013355596911946321,0.013230670066535864,0.013230670066535864,14.990364953249133,17.263183114871342,16.069170517461274
2026-03-10,1.6508821155447606e-05,3.331794225007862e-05,3.331794225007862e-05,14.990612426503201,17.263758288609417,16.069705909156582
2026-03-11,-0.00013166574179301893,-0.00016882603700500321,-0.00016882603700500321,14.988638676398134,17.26084371671374,16.066992924392103
2026-03-12,-0.017163298798049675,-0.017054740379462592,-0.017054740379462592,14.731384192219108,16.966464508394708,15.792974531387932
2026-03-13,-0.005927196401395829,-0.005910608902201232,-0.005910608902201232,14.644068384847408,16.866182372232508,15.699628435530474
2026-03-16,0.011217471974299231,0.01112144482730566,0.01112144482730566,14.808337811544154,17.053758688932565,15.874230986985424
2026-03-17,0.004880238904629186,0.004823604265852367,0.004823604265852367,14.880606037844943,17.136019272093314,15.950801995291371
2026-03-18,-0.013939679228290314,-0.013926058699313276,-0.013926058699313276,14.673175162954825,16.89738206183758,15.72867019040382
2026-03-19,-0.0031602604803938616,-0.0032676222627745894,-0.0032676222627745894,14.626804107365443,16.84216780002971,15.677274837525818
2026-03-20,-0.018481707498305466,-0.018471609569366238,-0.018471609569366238,14.356475792218102,16.53106585212581,15.387690337615393
2026-03-23,0.01147897110863072,0.011304989664471632,0.011304989664471632,14.52127336305873,16.717949380726793,15.561648017842225
2026-03-24,-0.00683679896234235,-0.006768515466260155,-0.006768515466260155,14.421994336398281,16.60479368177919,15.456318762552964
2026-03-25,0.006575620525252512,0.006633601655666699,0.006633601655666699,14.516827898371778,16.714943268638642,15.558849824286748
2026-03-26,-0.0238679346974755,-0.023769750179474154,-0.023769750179474154,14.17034119807895,16.31763324287902,15.189019850883497
2026-03-27,-0.019536656388654428,-0.019220491735223014,-0.019220491735223014,13.893500111182087,16.004000307995863,14.897079420373453
2026-03-30,-0.0076433718723378785,-0.00754011988361779,-0.00754011988361779,13.787306923223955,15.883328227056118,14.784753655628062
2026-03-31,0.0338539047342723,0.033646266501319244,0.033646266501319244,14.254061098344952,16.417742921511575,15.282205417281679
2026-04-01,0.01235319923403444,0.012294380361496828,0.012294380361496828,14.430144354986906,16.61958889766591,15.470090663444266
2026-04-02,0.0011466275762694877,0.0008555322288762782,0.0008555322288762782,14.446690356433884,16.63380749159854,15.483325824590482
2026-04-06,0.006017365534708441,0.00569914225046164,0.00569914225046164,14.533621373075293,16.728605926659952,15.571567500975068
2026-04-07,0.00015293726776133276,0.00029420532894505123,0.00029420532894505123,14.53584410541877,16.733527571669395,15.576148739113881
2026-04-08,0.02973204359699433,0.028684406934416668,0.028684406934416668,14.968024456080194,17.213518885983444,16.022941328017627
2026-04-09,0.006764706060207848,0.006617322570684243,0.006617322570684243,15.06927874182758,17.327426293028562,16.12897029931627
2026-04-10,0.0014421643720707866,0.0013326827297224081,0.0013326827297224081,15.091011118741847,17.35051825479982,16.150465099482375
2026-04-13,0.010342492251345536,0.00983699115337754,0.00983699115337754,15.247089784302403,17.5211951493788,16.309337081788915
2026-04-14,0.018156978860605744,0.017775355984547124,0.017775355984547124,15.52393087120174,17.83264063043373,16.599241354289685
2026-04-15,0.013999468879013932,0.013221915529123133,0.013221915529123133,15.741257658313092,18.068422298510534,16.81871512132363
2026-04-16,0.004816377928167803,0.00460093690174963,0.00460093690174963,15.817073504260193,18.151553969420146,16.896096968365345
2026-04-17,0.013084122492168948,0.012783865521445212,0.012783865521445212,16.024026031457574,18.383600994370468,17.112094399846224
2026-04-20,-0.0031748489135596802,-0.003201380726664699,-0.003201380726664699,15.973152169820748,18.324748088460396,17.05731207064169
2026-04-21,-0.0038033611282500823,-0.00414807065726614,-0.00414807065726614,15.912400503762429,18.248735738612858,16.986557134949628
2026-04-22,0.016730592006778178,0.016242555339200857,0.016242555339200857,16.17862438443933,18.545141838717733,17.262462229236547
2026-04-23,-0.005632679633719162,-0.005439168184424556,-0.005439168184424556,16.087495376367507,18.444271693252936,17.16856879389445
2026-04-24,0.019127488040991292,0.01844083069506185,0.01844083069506185,16.395208751788477,18.784399384841937,17.48517146429918
2026-04-27,0.0005271940263615882,0.0003696470674146028,0.0003696470674146028,16.40385220790337,18.79134298298769,17.4916348066542
2026-04-28,-0.01005675940252826,-0.009895119398667338,-0.009895119398667338,16.238882612973853,18.605400400509716,17.31855299176447
2026-04-29,0.006113568281895798,0.005619404889790006,0.005619404889790006,16.33816013064996,18.70995167849684,17.415872953130478
2026-04-30,0.009326271161375077,0.00926374589113012,0.00926374589113012,16.49053424230637,18.88327591648176,17.577209174640487
2026-05-01,0.009599622702324284,0.009190455594054603,0.009190455594054603,16.64883714919227,19.056821825262464,17.738751735027428
2026-05-04,-0.0018838683316140248,-0.0019805673627563553,-0.0019805673627563553,16.61747293212871,19.019078505917488,17.703618942284997
2026-05-05,0.012974053527443186,0.012882706156824684,0.012882706156824684,16.833068915440986,19.264095705682802,17.93168946303085
2026-05-06,0.0207743644039613,0.02066996815182646,0.02066996815182646,17.18276522312735,19.662283950393004,18.30233691314014
2026-05-07,-0.00119294120250657,-0.0011941956015250378,-0.0011941956015250378,17.162267194519686,19.638803337383507,18.28048034290084
2026-05-08,0.023440839756124765,0.02322219417547598,0.02322219417547598,17.56456514967822,20.094859441858212,18.704993207044655
2026-05-11,0.002896391752559735,0.0028761157263796954,0.0028761157263796954,17.615439011315047,20.15265458311833,18.758790932169262
2026-05-12,-0.00848179079934519,-0.008419176203214054,-0.008419176203214054,17.46602854278245,19.982985833220546,18.600857365952074
2026-05-13,0.010562260792873923,0.010421261946234913,0.010421261946234913,17.6505092912671,20.191233763056438,18.794701772987214
2026-05-14,0.007107661780334951,0.007018934271959697,0.007018934271959697,17.775963141560084,20.332954705709106,18.926620549392897
2026-05-15,-0.01508765677820989,-0.015062264693068952,-0.015062264693068952,17.507765510778114,20.026694359939533,18.641542780932664
2026-05-18,-0.004302314727503864,-0.004249256367950952,-0.004249256367950952,17.432441593375408,19.941595801401554,18.562330086562355
2026-05-19,-0.006162420032067573,-0.006159280962043612,-0.006159280962043612,17.325015566092542,19.81876991002921,18.44799948024902
2026-05-20,0.0165637873433373,0.016469162988312726,0.016469162988312726,17.611983439649308,20.14516846190535,18.75182259049755
2026-05-21,0.0019069652512595514,0.0019003539266165932,0.0019003539266165932,17.645568880074478,20.183451411894286,18.78745769018862
2026-05-22,0.004240666390562975,0.0041897030938596,0.0041897030938596,17.720397850966574,20.268014080719464,18.86617155979896
2026-05-26,0.01775519084555066,0.017585511232124127,0.017585511232124127,18.03502689666957,20.624437469988806,19.197942831670986
2026-05-27,-0.0011365676760621835,-0.0011700017090277939,-0.0011700017090277939,18.014528868061905,20.60030684290118,19.175481205748113
2026-05-28,0.008430926296248753,0.008379441081219081,0.008379441081219081,18.166408033210182,20.772925900346305,19.336161020715704
2026-05-29,0.0036840758744194346,0.003681428642842287,0.003681428642842287,18.23333445877019,20.849399944751482,19.40734571773998
2026-06-01,0.006000235699257228,0.005861771038625926,0.005861771038625926,18.3427387631062,20.971614353520355,19.52110713480483
2026-06-02,0.004604508800609031,0.004585976191874536,0.004585976191874536,18.427198065168195,21.067789677650772,19.610630467364075
2026-06-03,-0.0026133209518550693,-0.0026310058822627286,-0.0026310058822627286,18.37904188238051,21.0123601990826,19.559034783249558
2026-06-04,-0.004837372714928012,-0.004751505185389268,-0.004751505185389268,18.29013560665216,20.912519860639392,19.46609992805574
2026-06-05,-0.048000987390768635,-0.047644692213225114,-0.047644692213225114,17.412191038021803,19.916149288476273,18.538643588391643
2026-06-08,0.015615708159686381,0.015440409621513758,0.015440409621513758,17.68409473169226,20.223662791573567,18.82488783922366
2026-06-09,-0.01150725833791677,-0.011429093263665018,-0.011429093263665018,17.480599285142482,19.99252466339576,18.60973644043114
2026-06-10,-0.019976509699815015,-0.019923456448639628,-0.019923456448639628,17.131397923964254,19.59420446896624,18.238966166939548
2026-06-11,0.033775829540639624,0.03356573869073406,0.03356573869073406,17.710025100036937,20.25189841602437,18.85117053928818
2026-06-12,0.005884685554227609,0.005837037061864789,0.005837037061864789,17.814243028908134,20.370109497651825,18.961205520385537
2026-06-15,0.031413766899858864,0.031194959658768347,0.031194959658768347,18.37385550691569,21.005554241675767,19.55269956167558
2026-06-16,-0.0190054215909482,-0.01878921624974585,-0.01878921624974585,18.02465263675559,20.610876340583154,19.18531966134495
2026-06-17,-0.010070407460104125,-0.010060022356322536,-0.010060022356322536,17.84313704037662,20.40353046381349,18.992314916638623
2026-06-18,0.02506543768158842,0.024816952453016534,0.024816952453016534,18.290383079906224,20.909883909207625,19.46364629289756
2026-06-22,-0.002510106841029036,-0.002514315058417008,-0.002514315058417008,18.24447226421231,20.857309873224953,19.414708553931625
2026-06-23,-0.03292904314782186,-0.032654864475715445,-0.032654864475715445,17.643699249814823,20.17621724598679,18.780723877267476
2026-06-24,-0.004245819650027571,-0.0042778731095810514,-0.0042778731095810514,17.56878728484078,20.08990594877712,18.70038232361445
2026-06-25,0.008105611726630269,0.008064889163424026,0.008064889163424026,17.71119305307946,20.25192881355762,18.851198834368052
2026-06-26,-0.013763624451261891,-0.013577578145124206,-0.013577578145124206,17.467422843313074,19.976956667502048,18.595245209065148
2026-06-29,0.02485421088315598,0.024556667681803188,0.024556667681803188,17.901561854246033,20.46752415367968,19.051882466125804
2026-06-30,0.017014704222630295,0.016811186954490222,0.016811186954490222,18.206151634319152,20.811607528722732,19.37216722409882
2026-07-01,-0.015249920059189237,-0.015098047806881294,-0.015098047806881294,17.928509277310308,20.497392883316024,19.079685317226478
2026-07-02,-0.0173338770502538,-0.00791838640484197,-0.00791838640484197,17.617738701803077,20.33508660617407,18.928604996401887
2026-07-06,0.014341891788442807,0.01000068432511954,0.01000068432511954,17.8704104038214,20.538451388046383,19.117903999685783
2026-07-07,-0.018524687353312697,-0.013517729821717825,-0.013517729821717825,17.53936663821522,20.260818151226285,18.859473338660493
2026-07-08,0.0028332742995806903,0.000371578493210017,0.000371578493210017,17.589060474942197,20.268346635506123,18.86648111334641
2026-07-09,0.016642340625870666,0.01177935089172212,0.01177935089172212,17.881783610655223,20.507094602520805,19.088716014472567
2026-07-10,0.0030831495110790197,0.0018268313374860956,0.0018268313374860956,17.936915823051635,20.54455760558148,19.123587879080176
2026-07-13,-0.01897977883950741,-0.015461015829540521,-0.015461015829540521,17.596477127667253,20.22691787523068,18.827917784164107
2026-07-14,0.011169826504172864,0.008894912774275787,0.008894912774275787,17.793026724267943,20.406834545423298,18.995390470575487
2026-07-15,-0.0027095168758561883,-0.0019613348026522523,-0.0019613348026522523,17.74481621808598,20.36680991061739,18.958134150155576
2026-07-16,-0.016440476988256347,-0.01273104377737346,-0.01273104377737346,17.4530829753917,20.10751916203988,18.716777314352626
2026-07-17,-0.015029585113333743,-0.008375300678341973,-0.008375300678341973,17.190770379322974,19.93911264316227,18.560018676615353
2026-07-20,0.0010498331020645235,-0.0001615954962244715,-0.0001615954962244715,17.208817819117176,19.935890572360424,18.55701946118737
2026-07-21,0.018547213156597353,0.014116496878868868,0.014116496878868868,17.527993431381393,20.217315509402624,18.81897956849233
2026-07-22,-0.0051059921672140796,-0.0010987399223057778,-0.0010987399223057778,17.43849563421378,20.19510193773059,18.79830240434337
2026-07-23,-0.018983418269884478,-0.01457036975541274,-0.01457036975541274,17.107453377591945,19.900851835249604,18.524404187538025
2026-07-24,-0.011171225588817335,-0.006792945354002966,-0.006792945354002966,16.91634215666069,19.765666436234643,18.398568922176615
2026-07-27,-0.003083737064772274,-0.0011783163962163308,-0.0011783163962163308,16.864176605351826,19.742376227390682,18.376889586748696
2026-07-28,-0.009719704641792282,-0.007766330352072575,-0.007766330352072575,16.700261789720784,19.589050411673863,18.234168591374445
2026-07-29,-0.020370412536868443,-0.01375755997963682,-0.01375755997963682,16.36007056759047,19.31955287569113,17.9833109232998
2026-07-30,0.03297418579817357,0.022865042020328713,0.022865042020328713,16.899530574157428,19.76129526400777,18.394500083225687
2026-07-31,0.006495505114023192,0.0017020630205358239,0.0017020630205358239,17.009301561426458,19.794930233914528,18.425808681598586
2026-08-03,0.01755841983352746,0.011410752429526057,0.011410752429526057,17.30795801931706,20.02080528217347,18.636061022778122
2026-08-04,0.03396798607698037,0.03198107476651159,0.03198107476651159,17.89587449633818,20.66109215278843,19.232062283700863
2026-08-05,-0.009048819525894536,-0.007817746437015227,-0.007817746437015227,17.73393795776276,20.499568973226125,19.081710897306003
2026-08-06,-0.0036943586003025386,-0.003567004377768116,-0.003567004377768116,17.668422431551267,20.42644692095627,19.013646351000006
2026-08-07,0.011726026161784864,0.011580548336349401,0.011580548336349401,17.875602815221104,20.662996376864278,19.233834801618013
2026-08-10,-0.002987475059369915,-0.002762265982294356,-0.002762265982294356,17.82219989763943,20.605919684880195,19.180705834036434
