year,qqq_return,qqq_max_drawdown,qqq_observations,start_x,end_x,strategy_return,strategy_max_drawdown,strategy_observations,start_y,end_y,strategy,return_gap,mdd_gap,mdd_no_worse,mdd_strictly_better,return_within_5pp,return_within_10pp,both_within_5pp,both_within_10pp
2007,0.08794543063840421,-0.11448260142528455,150,2007-05-30,2007-12-31,0.07845309906906928,-0.11448260142528466,150,2007-05-30,2007-12-31,Composite_70VolTarget24_30QQQ,-0.009492331569334933,-1.1102230246251565e-16,True,False,True,True,True,True
2008,-0.4172714865371451,-0.4999007426178871,253,2008-01-02,2008-12-31,-0.3287705923652967,-0.4084442543518262,253,2008-01-02,2008-12-31,Composite_70VolTarget24_30QQQ,0.08850089417184837,0.0914564882660609,True,True,True,True,True,True
2009,0.5468412950214381,-0.18285720465447075,252,2009-01-02,2009-12-31,0.4665750156248212,-0.14521851041441736,252,2009-01-02,2009-12-31,Composite_70VolTarget24_30QQQ,-0.0802662793966169,0.037638694240053394,True,True,False,True,False,True
2010,0.20143762567919277,-0.15609285416254293,252,2010-01-04,2010-12-31,0.211843032947449,-0.14500323027567374,252,2010-01-04,2010-12-31,Composite_70VolTarget24_30QQQ,0.010405407268256228,0.011089623886869182,True,True,True,True,True,True
2011,0.03475800926494377,-0.160992676056681,252,2011-01-03,2011-12-30,0.043924098697013525,-0.160992676056681,252,2011-01-03,2011-12-30,Composite_70VolTarget24_30QQQ,0.009166089432069757,0.0,True,False,True,True,True,True
2012,0.18112534240461264,-0.11637894714771613,250,2012-01-03,2012-12-31,0.1786435122433776,-0.1163789471477159,250,2012-01-03,2012-12-31,Composite_70VolTarget24_30QQQ,-0.0024818301612350435,2.220446049250313e-16,True,False,True,True,True,True
2013,0.3663418084306618,-0.058537955039066336,252,2013-01-02,2013-12-31,0.3663418084306618,-0.058537955039066336,252,2013-01-02,2013-12-31,Composite_70VolTarget24_30QQQ,0.0,0.0,True,False,True,True,True,True
2014,0.19181382856500617,-0.0824853533251676,252,2014-01-02,2014-12-31,0.19181382856500617,-0.0824853533251676,252,2014-01-02,2014-12-31,Composite_70VolTarget24_30QQQ,0.0,0.0,True,False,True,True,True,True
2015,0.09435929702570856,-0.13941054644448492,252,2015-01-02,2015-12-31,0.09088153563720436,-0.13941054644448492,252,2015-01-02,2015-12-31,Composite_70VolTarget24_30QQQ,-0.003477761388504197,0.0,True,False,True,True,True,True
2016,0.0709787945809095,-0.13892378087763313,252,2016-01-04,2016-12-30,0.07187491268175483,-0.12703357052690933,252,2016-01-04,2016-12-30,Composite_70VolTarget24_30QQQ,0.0008961181008453334,0.011890210350723796,True,True,True,True,True,True
2017,0.32663542829204406,-0.04882008555649564,251,2017-01-03,2017-12-29,0.32663542829204406,-0.04882008555649564,251,2017-01-03,2017-12-29,Composite_70VolTarget24_30QQQ,0.0,0.0,True,False,True,True,True,True
2018,-0.001262008063145803,-0.2279666681395237,251,2018-01-02,2018-12-31,0.019437263528451654,-0.2101259831270268,251,2018-01-02,2018-12-31,Composite_70VolTarget24_30QQQ,0.020699271591597457,0.017840685012496915,True,True,True,True,True,True
2019,0.3896158521282893,-0.10983202295735706,252,2019-01-02,2019-12-31,0.3668867826552791,-0.10983202295735717,252,2019-01-02,2019-12-31,Composite_70VolTarget24_30QQQ,-0.022729069473010233,-1.1102230246251565e-16,True,False,True,True,True,True
2020,0.48406128849703234,-0.2855935565828831,253,2020-01-02,2020-12-31,0.42403809910446477,-0.24890138541108353,253,2020-01-02,2020-12-31,Composite_70VolTarget24_30QQQ,-0.060023189392567566,0.03669217117179957,True,True,False,True,False,True
2021,0.27419694495662195,-0.10851528987739201,252,2021-01-04,2021-12-31,0.2724050754766467,-0.10851528987739201,252,2021-01-04,2021-12-31,Composite_70VolTarget24_30QQQ,-0.0017918694799752277,0.0,True,False,True,True,True,True
2022,-0.3257699158587175,-0.34827972472096713,251,2022-01-03,2022-12-30,-0.29393087148402974,-0.32593399332024886,251,2022-01-03,2022-12-30,Composite_70VolTarget24_30QQQ,0.031839044374687764,0.02234573140071827,True,True,True,True,True,True
2023,0.5485553825101768,-0.10779921970614925,250,2023-01-03,2023-12-29,0.5500798281621453,-0.10779921970614992,250,2023-01-03,2023-12-29,Composite_70VolTarget24_30QQQ,0.0015244456519685201,-6.661338147750939e-16,True,False,True,True,True,True
2024,0.2557826665909926,-0.13557734253565956,252,2024-01-02,2024-12-31,0.2564308516955234,-0.13386038440189307,252,2024-01-02,2024-12-31,Composite_70VolTarget24_30QQQ,0.0006481851045307963,0.0017169581337664885,True,True,True,True,True,True
2025,0.20772555521686442,-0.22768308447045493,250,2025-01-02,2025-12-31,0.17471483979301583,-0.22106231909581975,250,2025-01-02,2025-12-31,Composite_70VolTarget24_30QQQ,-0.03301071542384859,0.006620765374635185,True,True,True,True,True,True
2026,0.17623378608717455,-0.11723576957697124,151,2026-01-02,2026-08-10,0.18399675361529022,-0.11723576957697124,151,2026-01-02,2026-08-10,Composite_70VolTarget24_30QQQ,0.007762967528115672,0.0,True,False,True,True,True,True
2007,0.08794543063840421,-0.11448260142528455,150,2007-05-30,2007-12-31,0.0770357109180353,-0.11448260142528444,150,2007-05-30,2007-12-31,Composite_80VolTarget24_19QQQ,-0.010909719720368916,1.1102230246251565e-16,True,False,True,True,True,True
2008,-0.4172714865371451,-0.4999007426178871,253,2008-01-02,2008-12-31,-0.3158949451080213,-0.3946061234106867,253,2008-01-02,2008-12-31,Composite_80VolTarget24_19QQQ,0.10137654142912378,0.1052946192072004,True,True,True,True,True,True
2009,0.5468412950214381,-0.18285720465447075,252,2009-01-02,2009-12-31,0.45506232454653395,-0.13974930402321661,252,2009-01-02,2009-12-31,Composite_80VolTarget24_19QQQ,-0.09177897047490413,0.04310790063125414,True,True,False,True,False,True
2010,0.20143762567919277,-0.15609285416254293,252,2010-01-04,2010-12-31,0.21330113933934158,-0.14343190676147977,252,2010-01-04,2010-12-31,Composite_80VolTarget24_19QQQ,0.011863513660148817,0.01266094740106316,True,True,True,True,True,True
2011,0.03475800926494377,-0.160992676056681,252,2011-01-03,2011-12-30,0.04513506892613672,-0.160992676056681,252,2011-01-03,2011-12-30,Composite_80VolTarget24_19QQQ,0.010377059661192956,0.0,True,False,True,True,True,True
2012,0.18112534240461264,-0.11637894714771613,250,2012-01-03,2012-12-31,0.17828901921747686,-0.11637894714771635,250,2012-01-03,2012-12-31,Composite_80VolTarget24_19QQQ,-0.002836323187135781,-2.220446049250313e-16,True,False,True,True,True,True
2013,0.3663418084306618,-0.058537955039066336,252,2013-01-02,2013-12-31,0.3663418084306618,-0.058537955039066336,252,2013-01-02,2013-12-31,Composite_80VolTarget24_19QQQ,0.0,0.0,True,False,True,True,True,True
2014,0.19181382856500617,-0.0824853533251676,252,2014-01-02,2014-12-31,0.19181382856500617,-0.0824853533251676,252,2014-01-02,2014-12-31,Composite_80VolTarget24_19QQQ,0.0,0.0,True,False,True,True,True,True
2015,0.09435929702570856,-0.13941054644448492,252,2015-01-02,2015-12-31,0.09036781665255544,-0.13941054644448492,252,2015-01-02,2015-12-31,Composite_80VolTarget24_19QQQ,-0.003991480373153111,0.0,True,False,True,True,True,True
2016,0.0709787945809095,-0.13892378087763313,252,2016-01-04,2016-12-30,0.07198984997624036,-0.12532519966062494,252,2016-01-04,2016-12-30,Composite_80VolTarget24_19QQQ,0.001011055395330862,0.013598581217008188,True,True,True,True,True,True
2017,0.32663542829204406,-0.04882008555649564,251,2017-01-03,2017-12-29,0.32663542829204406,-0.04882008555649564,251,2017-01-03,2017-12-29,Composite_80VolTarget24_19QQQ,0.0,0.0,True,False,True,True,True,True
2018,-0.001262008063145803,-0.2279666681395237,251,2018-01-02,2018-12-31,0.022373417358959813,-0.2075708873740757,251,2018-01-02,2018-12-31,Composite_80VolTarget24_19QQQ,0.023635425422105616,0.020395780765448013,True,True,True,True,True,True
2019,0.3896158521282893,-0.10983202295735706,252,2019-01-02,2019-12-31,0.36363021462368805,-0.10983202295735672,252,2019-01-02,2019-12-31,Composite_80VolTarget24_19QQQ,-0.025985637504601256,3.3306690738754696e-16,True,False,True,True,True,True
2020,0.48406128849703234,-0.2855935565828831,253,2020-01-02,2020-12-31,0.4149504406208935,-0.24363943869440086,253,2020-01-02,2020-12-31,Composite_80VolTarget24_19QQQ,-0.06911084787613886,0.041954117888482245,True,True,False,True,False,True
2021,0.27419694495662195,-0.10851528987739201,252,2021-01-04,2021-12-31,0.2721483450001101,-0.10851528987739201,252,2021-01-04,2021-12-31,Composite_80VolTarget24_19QQQ,-0.002048599956511854,0.0,True,False,True,True,True,True
2022,-0.3257699158587175,-0.34827972472096713,251,2022-01-03,2022-12-30,-0.28946304742902984,-0.32293782371879187,251,2022-01-03,2022-12-30,Composite_80VolTarget24_19QQQ,0.036306868429687666,0.02534190100217526,True,True,True,True,True,True
2023,0.5485553825101768,-0.10779921970614925,250,2023-01-03,2023-12-29,0.5502959037109489,-0.10779921970614958,250,2023-01-03,2023-12-29,Composite_80VolTarget24_19QQQ,0.0017405212007721715,-3.3306690738754696e-16,True,False,True,True,True,True
2024,0.2557826665909926,-0.13557734253565956,252,2024-01-02,2024-12-31,0.25652251987188257,-0.13361503390359752,252,2024-01-02,2024-12-31,Composite_80VolTarget24_19QQQ,0.0007398532808899905,0.0019623086320620375,True,True,True,True,True,True
2025,0.20772555521686442,-0.22768308447045493,250,2025-01-02,2025-12-31,0.16995818559716325,-0.2201147400881288,250,2025-01-02,2025-12-31,Composite_80VolTarget24_19QQQ,-0.037767369619701174,0.00756834438232612,True,True,True,True,True,True
2026,0.17623378608717455,-0.11723576957697124,151,2026-01-02,2026-08-10,0.18509297558104687,-0.11723576957697124,151,2026-01-02,2026-08-10,Composite_80VolTarget24_19QQQ,0.008859189493872321,0.0,True,False,True,True,True,True
2007,0.08794543063840421,-0.11448260142528455,150,2007-05-30,2007-12-31,0.07560317027216379,-0.11448260142528466,150,2007-05-30,2007-12-31,Composite_90VolTarget24_9QQQ,-0.01234226036624042,-1.1102230246251565e-16,True,False,True,True,True,True
2008,-0.4172714865371451,-0.4999007426178871,253,2008-01-02,2008-12-31,-0.3029807135455297,-0.3814717117885609,253,2008-01-02,2008-12-31,Composite_90VolTarget24_9QQQ,0.11429077299161539,0.11842903082932621,True,True,True,True,True,True
2009,0.5468412950214381,-0.18285720465447075,252,2009-01-02,2009-12-31,0.4435427205319742,-0.13425698083402626,252,2009-01-02,2009-12-31,Composite_90VolTarget24_9QQQ,-0.10329857448946389,0.04860022382044449,True,True,False,False,False,False
2010,0.20143762567919277,-0.15609285416254293,252,2010-01-04,2010-12-31,0.21475208276518765,-0.14186388051292276,252,2010-01-04,2010-12-31,Composite_90VolTarget24_9QQQ,0.01331445708599488,0.014228973649620169,True,True,True,True,True,True
2011,0.03475800926494377,-0.160992676056681,252,2011-01-03,2011-12-30,0.04632117928929946,-0.160992676056681,252,2011-01-03,2011-12-30,Composite_90VolTarget24_9QQQ,0.011563170024355696,0.0,True,False,True,True,True,True
2012,0.18112534240461264,-0.11637894714771613,250,2012-01-03,2012-12-31,0.1779345397265777,-0.1163789471477159,250,2012-01-03,2012-12-31,Composite_90VolTarget24_9QQQ,-0.003190802678034954,2.220446049250313e-16,True,False,True,True,True,True
2013,0.3663418084306618,-0.058537955039066336,252,2013-01-02,2013-12-31,0.3663418084306618,-0.058537955039066336,252,2013-01-02,2013-12-31,Composite_90VolTarget24_9QQQ,0.0,0.0,True,False,True,True,True,True
2014,0.19181382856500617,-0.0824853533251676,252,2014-01-02,2014-12-31,0.19181382856500617,-0.0824853533251676,252,2014-01-02,2014-12-31,Composite_90VolTarget24_9QQQ,0.0,0.0,True,False,True,True,True,True
2015,0.09435929702570856,-0.13941054644448492,252,2015-01-02,2015-12-31,0.08984988457524756,-0.13941054644448492,252,2015-01-02,2015-12-31,Composite_90VolTarget24_9QQQ,-0.004509412450460992,0.0,True,False,True,True,True,True
2016,0.0709787945809095,-0.13892378087763313,252,2016-01-04,2016-12-30,0.07210151462302306,-0.12361437923579621,252,2016-01-04,2016-12-30,Composite_90VolTarget24_9QQQ,0.0011227200421135564,0.015309401641836917,True,True,True,True,True,True
2017,0.32663542829204406,-0.04882008555649564,251,2017-01-03,2017-12-29,0.32663542829204406,-0.04882008555649564,251,2017-01-03,2017-12-29,Composite_90VolTarget24_9QQQ,0.0,0.0,True,False,True,True,True,True
2018,-0.001262008063145803,-0.2279666681395237,251,2018-01-02,2018-12-31,0.025304070415658853,-0.20501429491106327,251,2018-01-02,2018-12-31,Composite_90VolTarget24_9QQQ,0.026566078478804656,0.022952373228460443,True,True,True,True,True,True
2019,0.3896158521282893,-0.10983202295735706,252,2019-01-02,2019-12-31,0.36037140249395505,-0.1098320229573575,252,2019-01-02,2019-12-31,Composite_90VolTarget24_9QQQ,-0.029244449634334257,-4.440892098500626e-16,True,False,True,True,True,True
2020,0.48406128849703234,-0.2855935565828831,253,2020-01-02,2020-12-31,0.40574345945022494,-0.23837343448908743,253,2020-01-02,2020-12-31,Composite_90VolTarget24_9QQQ,-0.0783178290468074,0.04722012209379567,True,True,False,True,False,True
2021,0.27419694495662195,-0.10851528987739201,252,2021-01-04,2021-12-31,0.27189142755840057,-0.10851528987739201,252,2021-01-04,2021-12-31,Composite_90VolTarget24_9QQQ,-0.0023055173982213795,0.0,True,False,True,True,True,True
2022,-0.3257699158587175,-0.34827972472096713,251,2022-01-03,2022-12-30,-0.2850176244859317,-0.31996974353094476,251,2022-01-03,2022-12-30,Composite_90VolTarget24_9QQQ,0.0407522913727858,0.02830998119002237,True,True,True,True,True,True
2023,0.5485553825101768,-0.10779921970614925,250,2023-01-03,2023-12-29,0.550511553789276,-0.1077992197061507,250,2023-01-03,2023-12-29,Composite_90VolTarget24_9QQQ,0.0019561712790991947,-1.4432899320127035e-15,True,False,True,True,True,True
2024,0.2557826665909926,-0.13557734253565956,252,2024-01-02,2024-12-31,0.25661395550430965,-0.13336966575016673,252,2024-01-02,2024-12-31,Composite_90VolTarget24_9QQQ,0.0008312889133170742,0.002207676785492829,True,True,True,True,True,True
2025,0.20772555521686442,-0.22768308447045493,250,2025-01-02,2025-12-31,0.16519190757477764,-0.21916672331998444,250,2025-01-02,2025-12-31,Composite_90VolTarget24_9QQQ,-0.04253364764208678,0.008516361150470497,True,True,True,True,True,True
2026,0.17623378608717455,-0.11723576957697124,151,2026-01-02,2026-08-10,0.18618597312423835,-0.11723576957697124,151,2026-01-02,2026-08-10,Composite_90VolTarget24_9QQQ,0.009952187037063798,0.0,True,False,True,True,True,True
2007,0.08794543063840421,-0.11448260142528455,150,2007-05-30,2007-12-31,0.10816007339853795,-0.06175763883854568,150,2007-05-30,2007-12-31,DrawdownControl_goldcash,0.02021464276013374,0.052724962586738866,True,True,True,True,True,True
2008,-0.4172714865371451,-0.4999007426178871,253,2008-01-02,2008-12-31,-0.15532120442220831,-0.2626957572202304,253,2008-01-02,2008-12-31,DrawdownControl_goldcash,0.26195028211493676,0.23720498539765666,True,True,True,True,True,True
2009,0.5468412950214381,-0.18285720465447075,252,2009-01-02,2009-12-31,0.17544638466928508,-0.06387763093008081,252,2009-01-02,2009-12-31,DrawdownControl_goldcash,-0.371394910352153,0.11897957372438994,True,True,False,False,False,False
2010,0.20143762567919277,-0.15609285416254293,252,2010-01-04,2010-12-31,0.15948633292105585,-0.14697564760988513,252,2010-01-04,2010-12-31,DrawdownControl_goldcash,-0.041951292758136915,0.009117206552657797,True,True,True,True,True,True
2011,0.03475800926494377,-0.160992676056681,252,2011-01-03,2011-12-30,-0.024390260735514424,-0.1258089351963293,252,2011-01-03,2011-12-30,DrawdownControl_goldcash,-0.05914827000045819,0.0351837408603517,True,True,False,True,False,True
2012,0.18112534240461264,-0.11637894714771613,250,2012-01-03,2012-12-31,0.08399879547557565,-0.12528443584147564,250,2012-01-03,2012-12-31,DrawdownControl_goldcash,-0.097126546929037,-0.008905488693759511,False,False,False,True,False,False
2013,0.3663418084306618,-0.058537955039066336,252,2013-01-02,2013-12-31,0.2914425928000348,-0.05853795503906589,252,2013-01-02,2013-12-31,DrawdownControl_goldcash,-0.07489921563062696,4.440892098500626e-16,True,False,False,True,False,True
2014,0.19181382856500617,-0.0824853533251676,252,2014-01-02,2014-12-31,0.19181382856500617,-0.0824853533251676,252,2014-01-02,2014-12-31,DrawdownControl_goldcash,0.0,0.0,True,False,True,True,True,True
2015,0.09435929702570856,-0.13941054644448492,252,2015-01-02,2015-12-31,0.04894943045268496,-0.13202511982521925,252,2015-01-02,2015-12-31,DrawdownControl_goldcash,-0.045409866573023594,0.007385426619265667,True,True,True,True,True,True
2016,0.0709787945809095,-0.13892378087763313,252,2016-01-04,2016-12-30,0.06427263387043625,-0.09327966242636487,252,2016-01-04,2016-12-30,DrawdownControl_goldcash,-0.006706160710473252,0.045644118451268256,True,True,True,True,True,True
2017,0.32663542829204406,-0.04882008555649564,251,2017-01-03,2017-12-29,0.32663542829204406,-0.04882008555649564,251,2017-01-03,2017-12-29,DrawdownControl_goldcash,0.0,0.0,True,False,True,True,True,True
2018,-0.001262008063145803,-0.2279666681395237,251,2018-01-02,2018-12-31,-0.029648750644775457,-0.16443491739567617,251,2018-01-02,2018-12-31,DrawdownControl_goldcash,-0.028386742581629654,0.06353175074384754,True,True,True,True,True,True
2019,0.3896158521282893,-0.10983202295735706,252,2019-01-02,2019-12-31,0.2921125266339355,-0.09720039883487874,252,2019-01-02,2019-12-31,DrawdownControl_goldcash,-0.09750332549435381,0.012631624122478313,True,True,False,True,False,True
2020,0.48406128849703234,-0.2855935565828831,253,2020-01-02,2020-12-31,0.33171377018479387,-0.20641826795860962,253,2020-01-02,2020-12-31,DrawdownControl_goldcash,-0.15234751831223847,0.07917528862427348,True,True,False,False,False,False
2021,0.27419694495662195,-0.10851528987739201,252,2021-01-04,2021-12-31,0.25541685885759136,-0.10851528987739201,252,2021-01-04,2021-12-31,DrawdownControl_goldcash,-0.01878008609903059,0.0,True,False,True,True,True,True
2022,-0.3257699158587175,-0.34827972472096713,251,2022-01-03,2022-12-30,-0.20303379889608264,-0.2608497848643555,251,2022-01-03,2022-12-30,DrawdownControl_goldcash,0.12273611696263487,0.08742993985661163,True,True,True,True,True,True
2023,0.5485553825101768,-0.10779921970614925,250,2023-01-03,2023-12-29,0.1817637067915292,-0.0786795766465348,250,2023-01-03,2023-12-29,DrawdownControl_goldcash,-0.36679167571864757,0.029119643059614453,True,True,False,False,False,False
2024,0.2557826665909926,-0.13557734253565956,252,2024-01-02,2024-12-31,0.19872219212686693,-0.12750996747333365,252,2024-01-02,2024-12-31,DrawdownControl_goldcash,-0.057060474464125654,0.00806737506232591,True,True,False,True,False,True
2025,0.20772555521686442,-0.22768308447045493,250,2025-01-02,2025-12-31,0.1615255414360759,-0.1694272061784199,250,2025-01-02,2025-12-31,DrawdownControl_goldcash,-0.04620001378078853,0.058255878292035046,True,True,True,True,True,True
2026,0.17623378608717455,-0.11723576957697124,151,2026-01-02,2026-08-10,0.14987040710041422,-0.11217806908393069,151,2026-01-02,2026-08-10,DrawdownControl_goldcash,-0.026363378986760333,0.005057700493040551,True,True,True,True,True,True
2007,0.08794543063840421,-0.11448260142528455,150,2007-05-30,2007-12-31,0.10162441942289191,-0.05782108191914748,150,2007-05-30,2007-12-31,DrawdownControl_rates,0.0136789887844877,0.05666151950613707,True,True,True,True,True,True
2008,-0.4172714865371451,-0.4999007426178871,253,2008-01-02,2008-12-31,-0.12510650153756497,-0.24675397539507304,253,2008-01-02,2008-12-31,DrawdownControl_rates,0.2921649849995801,0.25314676722281404,True,True,True,True,True,True
2009,0.5468412950214381,-0.18285720465447075,252,2009-01-02,2009-12-31,0.13096569440842987,-0.09630895678644191,252,2009-01-02,2009-12-31,DrawdownControl_rates,-0.4158756006130082,0.08654824786802884,True,True,False,False,False,False
2010,0.20143762567919277,-0.15609285416254293,252,2010-01-04,2010-12-31,0.17990912041352503,-0.13982789611857116,252,2010-01-04,2010-12-31,DrawdownControl_rates,-0.02152850526566774,0.016264958043971767,True,True,True,True,True,True
2011,0.03475800926494377,-0.160992676056681,252,2011-01-03,2011-12-30,-0.026716307925368832,-0.1303167423739513,252,2011-01-03,2011-12-30,DrawdownControl_rates,-0.0614743171903126,0.030675933682729695,True,True,False,True,False,True
2012,0.18112534240461264,-0.11637894714771613,250,2012-01-03,2012-12-31,0.07944172405171623,-0.12497925877197535,250,2012-01-03,2012-12-31,DrawdownControl_rates,-0.10168361835289641,-0.008600311624259227,False,False,False,False,False,False
2013,0.3663418084306618,-0.058537955039066336,252,2013-01-02,2013-12-31,0.29075707154580943,-0.058537955039066114,252,2013-01-02,2013-12-31,DrawdownControl_rates,-0.07558473688485234,2.220446049250313e-16,True,False,False,True,False,True
2014,0.19181382856500617,-0.0824853533251676,252,2014-01-02,2014-12-31,0.19181382856500617,-0.0824853533251676,252,2014-01-02,2014-12-31,DrawdownControl_rates,0.0,0.0,True,False,True,True,True,True
2015,0.09435929702570856,-0.13941054644448492,252,2015-01-02,2015-12-31,0.0441389857582386,-0.13368882257772507,252,2015-01-02,2015-12-31,DrawdownControl_rates,-0.05022031126746995,0.0057217238667598425,True,True,False,True,False,True
2016,0.0709787945809095,-0.13892378087763313,252,2016-01-04,2016-12-30,0.0650453737922776,-0.08858954382592832,252,2016-01-04,2016-12-30,DrawdownControl_rates,-0.005933420788631905,0.05033423705170481,True,True,True,True,True,True
2017,0.32663542829204406,-0.04882008555649564,251,2017-01-03,2017-12-29,0.32663542829204406,-0.04882008555649564,251,2017-01-03,2017-12-29,DrawdownControl_rates,0.0,0.0,True,False,True,True,True,True
2018,-0.001262008063145803,-0.2279666681395237,251,2018-01-02,2018-12-31,-0.0532337938242573,-0.16223014081528908,251,2018-01-02,2018-12-31,DrawdownControl_rates,-0.0519717857611115,0.06573652732423463,True,True,False,True,False,True
2019,0.3896158521282893,-0.10983202295735706,252,2019-01-02,2019-12-31,0.28942130282158063,-0.09736503351341719,252,2019-01-02,2019-12-31,DrawdownControl_rates,-0.10019454930670868,0.012466989443939869,True,True,False,False,False,False
2020,0.48406128849703234,-0.2855935565828831,253,2020-01-02,2020-12-31,0.15253654059892519,-0.23839110048746082,253,2020-01-02,2020-12-31,DrawdownControl_rates,-0.33152474789810715,0.047202456095422285,True,True,False,False,False,False
2021,0.27419694495662195,-0.10851528987739201,252,2021-01-04,2021-12-31,0.2555889531677755,-0.10851528987739201,252,2021-01-04,2021-12-31,DrawdownControl_rates,-0.018607991788846423,0.0,True,False,True,True,True,True
2022,-0.3257699158587175,-0.34827972472096713,251,2022-01-03,2022-12-30,-0.24860530450956597,-0.3040553297799501,251,2022-01-03,2022-12-30,DrawdownControl_rates,0.07716461134915154,0.04422439494101704,True,True,True,True,True,True
2023,0.5485553825101768,-0.10779921970614925,250,2023-01-03,2023-12-29,0.0489593147339038,-0.11287726870492676,250,2023-01-03,2023-12-29,DrawdownControl_rates,-0.49959606777627297,-0.005078048998777507,False,False,False,False,False,False
2024,0.2557826665909926,-0.13557734253565956,252,2024-01-02,2024-12-31,0.07937688972190426,-0.03556341542105923,252,2024-01-02,2024-12-31,DrawdownControl_rates,-0.17640577686908832,0.10001392711460033,True,True,False,False,False,False
2025,0.20772555521686442,-0.22768308447045493,250,2025-01-02,2025-12-31,0.22615122412345645,-0.07880207882681345,250,2025-01-02,2025-12-31,DrawdownControl_rates,0.01842566890659203,0.14888100564364148,True,True,True,True,True,True
2026,0.17623378608717455,-0.11723576957697124,151,2026-01-02,2026-08-10,0.14624312978757148,-0.11217806908393113,151,2026-01-02,2026-08-10,DrawdownControl_rates,-0.02999065629960307,0.005057700493040107,True,True,True,True,True,True
2007,0.08794543063840421,-0.11448260142528455,150,2007-05-30,2007-12-31,0.025028679067543802,-0.0023907971215914037,150,2007-05-30,2007-12-31,DualMomentum_12m_top1_equal,-0.06291675157086041,0.11209180430369314,True,True,False,True,False,True
2008,-0.4172714865371451,-0.4999007426178871,253,2008-01-02,2008-12-31,0.16073893534038586,-0.19503581256006686,253,2008-01-02,2008-12-31,DualMomentum_12m_top1_equal,0.5780104218775309,0.3048649300578202,True,True,True,True,True,True
2009,0.5468412950214381,-0.18285720465447075,252,2009-01-02,2009-12-31,0.05634499737123466,-0.17700047720387246,252,2009-01-02,2009-12-31,DualMomentum_12m_top1_equal,-0.4904962976502034,0.005856727450598287,True,True,False,False,False,False
2010,0.20143762567919277,-0.15609285416254293,252,2010-01-04,2010-12-31,0.06102269556063833,-0.1566034905132444,252,2010-01-04,2010-12-31,DualMomentum_12m_top1_equal,-0.14041493011855444,-0.0005106363507014766,False,False,False,False,False,False
2011,0.03475800926494377,-0.160992676056681,252,2011-01-03,2011-12-30,0.04578044046393526,-0.22403462988962308,252,2011-01-03,2011-12-30,DualMomentum_12m_top1_equal,0.01102243119899149,-0.06304195383294209,False,False,True,True,False,False
2012,0.18112534240461264,-0.11637894714771613,250,2012-01-03,2012-12-31,-0.15265061958883308,-0.2067392913871543,250,2012-01-03,2012-12-31,DualMomentum_12m_top1_equal,-0.3337759619934457,-0.09036034423943817,False,False,False,False,False,False
2013,0.3663418084306618,-0.058537955039066336,252,2013-01-02,2013-12-31,0.2688150491165071,-0.13205064298242553,252,2013-01-02,2013-12-31,DualMomentum_12m_top1_equal,-0.09752675931415467,-0.07351268794335919,False,False,False,True,False,False
2014,0.19181382856500617,-0.0824853533251676,252,2014-01-02,2014-12-31,0.11544714117709765,-0.08248535332516749,252,2014-01-02,2014-12-31,DualMomentum_12m_top1_equal,-0.07636668738790853,1.1102230246251565e-16,True,False,False,True,False,True
2015,0.09435929702570856,-0.13941054644448492,252,2015-01-02,2015-12-31,-0.22647645874971445,-0.27002100195793843,252,2015-01-02,2015-12-31,DualMomentum_12m_top1_equal,-0.320835755775423,-0.13061045551345352,False,False,False,False,False,False
2016,0.0709787945809095,-0.13892378087763313,252,2016-01-04,2016-12-30,-0.13492265312220098,-0.1726352603719239,252,2016-01-04,2016-12-30,DualMomentum_12m_top1_equal,-0.20590144770311047,-0.033711479494290764,False,False,False,False,False,False
2017,0.32663542829204406,-0.04882008555649564,251,2017-01-03,2017-12-29,0.32663542829204406,-0.04882008555649564,251,2017-01-03,2017-12-29,DualMomentum_12m_top1_equal,0.0,0.0,True,False,True,True,True,True
2018,-0.001262008063145803,-0.2279666681395237,251,2018-01-02,2018-12-31,0.056397499974783605,-0.14615825359714207,251,2018-01-02,2018-12-31,DualMomentum_12m_top1_equal,0.05765950803792941,0.08180841454238164,True,True,True,True,True,True
2019,0.3896158521282893,-0.10983202295735706,252,2019-01-02,2019-12-31,-0.008103587089450137,-0.14435321728831862,252,2019-01-02,2019-12-31,DualMomentum_12m_top1_equal,-0.39771943921773945,-0.03452119433096157,False,False,False,False,False,False
2020,0.48406128849703234,-0.2855935565828831,253,2020-01-02,2020-12-31,0.3705370350254189,-0.15727690461691302,253,2020-01-02,2020-12-31,DualMomentum_12m_top1_equal,-0.11352425347161343,0.12831665196597009,True,True,False,False,False,False
2021,0.27419694495662195,-0.10851528987739201,252,2021-01-04,2021-12-31,0.27419694495662195,-0.10851528987739201,252,2021-01-04,2021-12-31,DualMomentum_12m_top1_equal,0.0,0.0,True,False,True,True,True,True
2022,-0.3257699158587175,-0.34827972472096713,251,2022-01-03,2022-12-30,-0.18064196763826934,-0.24112788811162444,251,2022-01-03,2022-12-30,DualMomentum_12m_top1_equal,0.14512794822044817,0.10715183660934269,True,True,True,True,True,True
2023,0.5485553825101768,-0.10779921970614925,250,2023-01-03,2023-12-29,0.38469930985050516,-0.10779921970614992,250,2023-01-03,2023-12-29,DualMomentum_12m_top1_equal,-0.16385607265967161,-6.661338147750939e-16,True,False,False,False,False,False
2024,0.2557826665909926,-0.13557734253565956,252,2024-01-02,2024-12-31,0.13250872872685382,-0.11035368073997898,252,2024-01-02,2024-12-31,DualMomentum_12m_top1_equal,-0.12327393786413876,0.025223661795680585,True,True,False,False,False,False
2025,0.20772555521686442,-0.22768308447045493,250,2025-01-02,2025-12-31,0.6124639105690186,-0.10048485958181796,250,2025-01-02,2025-12-31,DualMomentum_12m_top1_equal,0.4047383553521542,0.12719822488863697,True,True,True,True,True,True
2026,0.17623378608717455,-0.11723576957697124,151,2026-01-02,2026-08-10,0.142525263798696,-0.19178894767582944,151,2026-01-02,2026-08-10,DualMomentum_12m_top1_equal,-0.03370852228847854,-0.0745531780988582,False,False,True,True,False,False
2007,0.08794543063840421,-0.11448260142528455,150,2007-05-30,2007-12-31,0.025028679067543802,-0.0023907971215914037,150,2007-05-30,2007-12-31,DualMomentum_12m_top1_inverse_vol,-0.06291675157086041,0.11209180430369314,True,True,False,True,False,True
2008,-0.4172714865371451,-0.4999007426178871,253,2008-01-02,2008-12-31,0.16073893534038586,-0.19503581256006686,253,2008-01-02,2008-12-31,DualMomentum_12m_top1_inverse_vol,0.5780104218775309,0.3048649300578202,True,True,True,True,True,True
2009,0.5468412950214381,-0.18285720465447075,252,2009-01-02,2009-12-31,0.05634499737123466,-0.17700047720387246,252,2009-01-02,2009-12-31,DualMomentum_12m_top1_inverse_vol,-0.4904962976502034,0.005856727450598287,True,True,False,False,False,False
2010,0.20143762567919277,-0.15609285416254293,252,2010-01-04,2010-12-31,0.06102269556063833,-0.1566034905132444,252,2010-01-04,2010-12-31,DualMomentum_12m_top1_inverse_vol,-0.14041493011855444,-0.0005106363507014766,False,False,False,False,False,False
2011,0.03475800926494377,-0.160992676056681,252,2011-01-03,2011-12-30,0.04578044046393526,-0.22403462988962308,252,2011-01-03,2011-12-30,DualMomentum_12m_top1_inverse_vol,0.01102243119899149,-0.06304195383294209,False,False,True,True,False,False
2012,0.18112534240461264,-0.11637894714771613,250,2012-01-03,2012-12-31,-0.15265061958883308,-0.2067392913871543,250,2012-01-03,2012-12-31,DualMomentum_12m_top1_inverse_vol,-0.3337759619934457,-0.09036034423943817,False,False,False,False,False,False
2013,0.3663418084306618,-0.058537955039066336,252,2013-01-02,2013-12-31,0.2688150491165071,-0.13205064298242553,252,2013-01-02,2013-12-31,DualMomentum_12m_top1_inverse_vol,-0.09752675931415467,-0.07351268794335919,False,False,False,True,False,False
2014,0.19181382856500617,-0.0824853533251676,252,2014-01-02,2014-12-31,0.11544714117709765,-0.08248535332516749,252,2014-01-02,2014-12-31,DualMomentum_12m_top1_inverse_vol,-0.07636668738790853,1.1102230246251565e-16,True,False,False,True,False,True
2015,0.09435929702570856,-0.13941054644448492,252,2015-01-02,2015-12-31,-0.22647645874971445,-0.27002100195793843,252,2015-01-02,2015-12-31,DualMomentum_12m_top1_inverse_vol,-0.320835755775423,-0.13061045551345352,False,False,False,False,False,False
2016,0.0709787945809095,-0.13892378087763313,252,2016-01-04,2016-12-30,-0.13492265312220098,-0.1726352603719239,252,2016-01-04,2016-12-30,DualMomentum_12m_top1_inverse_vol,-0.20590144770311047,-0.033711479494290764,False,False,False,False,False,False
2017,0.32663542829204406,-0.04882008555649564,251,2017-01-03,2017-12-29,0.32663542829204406,-0.04882008555649564,251,2017-01-03,2017-12-29,DualMomentum_12m_top1_inverse_vol,0.0,0.0,True,False,True,True,True,True
2018,-0.001262008063145803,-0.2279666681395237,251,2018-01-02,2018-12-31,0.056397499974783605,-0.14615825359714207,251,2018-01-02,2018-12-31,DualMomentum_12m_top1_inverse_vol,0.05765950803792941,0.08180841454238164,True,True,True,True,True,True
2019,0.3896158521282893,-0.10983202295735706,252,2019-01-02,2019-12-31,-0.008103587089450137,-0.14435321728831862,252,2019-01-02,2019-12-31,DualMomentum_12m_top1_inverse_vol,-0.39771943921773945,-0.03452119433096157,False,False,False,False,False,False
2020,0.48406128849703234,-0.2855935565828831,253,2020-01-02,2020-12-31,0.3705370350254189,-0.15727690461691302,253,2020-01-02,2020-12-31,DualMomentum_12m_top1_inverse_vol,-0.11352425347161343,0.12831665196597009,True,True,False,False,False,False
2021,0.27419694495662195,-0.10851528987739201,252,2021-01-04,2021-12-31,0.27419694495662195,-0.10851528987739201,252,2021-01-04,2021-12-31,DualMomentum_12m_top1_inverse_vol,0.0,0.0,True,False,True,True,True,True
2022,-0.3257699158587175,-0.34827972472096713,251,2022-01-03,2022-12-30,-0.18064196763826934,-0.24112788811162444,251,2022-01-03,2022-12-30,DualMomentum_12m_top1_inverse_vol,0.14512794822044817,0.10715183660934269,True,True,True,True,True,True
2023,0.5485553825101768,-0.10779921970614925,250,2023-01-03,2023-12-29,0.38469930985050516,-0.10779921970614992,250,2023-01-03,2023-12-29,DualMomentum_12m_top1_inverse_vol,-0.16385607265967161,-6.661338147750939e-16,True,False,False,False,False,False
2024,0.2557826665909926,-0.13557734253565956,252,2024-01-02,2024-12-31,0.13250872872685382,-0.11035368073997898,252,2024-01-02,2024-12-31,DualMomentum_12m_top1_inverse_vol,-0.12327393786413876,0.025223661795680585,True,True,False,False,False,False
2025,0.20772555521686442,-0.22768308447045493,250,2025-01-02,2025-12-31,0.6124639105690186,-0.10048485958181796,250,2025-01-02,2025-12-31,DualMomentum_12m_top1_inverse_vol,0.4047383553521542,0.12719822488863697,True,True,True,True,True,True
2026,0.17623378608717455,-0.11723576957697124,151,2026-01-02,2026-08-10,0.142525263798696,-0.19178894767582944,151,2026-01-02,2026-08-10,DualMomentum_12m_top1_inverse_vol,-0.03370852228847854,-0.0745531780988582,False,False,True,True,False,False
2007,0.08794543063840421,-0.11448260142528455,150,2007-05-30,2007-12-31,0.025028679067543802,-0.0023907971215914037,150,2007-05-30,2007-12-31,DualMomentum_12m_top2_equal,-0.06291675157086041,0.11209180430369314,True,True,False,True,False,True
2008,-0.4172714865371451,-0.4999007426178871,253,2008-01-02,2008-12-31,0.06863281021456302,-0.19193176327114947,253,2008-01-02,2008-12-31,DualMomentum_12m_top2_equal,0.4859042967517081,0.3079689793467376,True,True,True,True,True,True
2009,0.5468412950214381,-0.18285720465447075,252,2009-01-02,2009-12-31,0.05814361092435272,-0.17248052184477825,252,2009-01-02,2009-12-31,DualMomentum_12m_top2_equal,-0.48869768409708536,0.010376682809692506,True,True,False,False,False,False
2010,0.20143762567919277,-0.15609285416254293,252,2010-01-04,2010-12-31,0.17875473370873474,-0.108164074206335,252,2010-01-04,2010-12-31,DualMomentum_12m_top2_equal,-0.02268289197045803,0.04792877995620792,True,True,True,True,True,True
2011,0.03475800926494377,-0.160992676056681,252,2011-01-03,2011-12-30,0.0663557967306907,-0.11055027258801897,252,2011-01-03,2011-12-30,DualMomentum_12m_top2_equal,0.03159778746574693,0.05044240346866202,True,True,True,True,True,True
2012,0.18112534240461264,-0.11637894714771613,250,2012-01-03,2012-12-31,-0.10194689114576228,-0.14040956957339912,250,2012-01-03,2012-12-31,DualMomentum_12m_top2_equal,-0.2830722335503749,-0.02403062242568299,False,False,False,False,False,False
2013,0.3663418084306618,-0.058537955039066336,252,2013-01-02,2013-12-31,0.2630457669902744,-0.09007269878670388,252,2013-01-02,2013-12-31,DualMomentum_12m_top2_equal,-0.1032960414403874,-0.03153474374763754,False,False,False,False,False,False
2014,0.19181382856500617,-0.0824853533251676,252,2014-01-02,2014-12-31,0.17103490166719792,-0.04085504710903598,252,2014-01-02,2014-12-31,DualMomentum_12m_top2_equal,-0.020778926897808248,0.04163030621613162,True,True,True,True,True,True
2015,0.09435929702570856,-0.13941054644448492,252,2015-01-02,2015-12-31,-0.13213264276046688,-0.1963794121038842,252,2015-01-02,2015-12-31,DualMomentum_12m_top2_equal,-0.22649193978617543,-0.05696886565939929,False,False,False,False,False,False
2016,0.0709787945809095,-0.13892378087763313,252,2016-01-04,2016-12-30,-0.017755419631016567,-0.10557558059620664,252,2016-01-04,2016-12-30,DualMomentum_12m_top2_equal,-0.08873421421192607,0.03334820028142649,True,True,False,True,False,True
2017,0.32663542829204406,-0.04882008555649564,251,2017-01-03,2017-12-29,0.24631721511540894,-0.045216568181639216,251,2017-01-03,2017-12-29,DualMomentum_12m_top2_equal,-0.08031821317663512,0.003603517374856424,True,True,False,True,False,True
2018,-0.001262008063145803,-0.2279666681395237,251,2018-01-02,2018-12-31,0.016177130079695567,-0.13324962129143447,251,2018-01-02,2018-12-31,DualMomentum_12m_top2_equal,0.01743913814284137,0.09471704684808924,True,True,True,True,True,True
2019,0.3896158521282893,-0.10983202295735706,252,2019-01-02,2019-12-31,0.05476503770030572,-0.08862696715126761,252,2019-01-02,2019-12-31,DualMomentum_12m_top2_equal,-0.3348508144279836,0.021205055806089446,True,True,False,False,False,False
2020,0.48406128849703234,-0.2855935565828831,253,2020-01-02,2020-12-31,0.23971420111014874,-0.17863570015483554,253,2020-01-02,2020-12-31,DualMomentum_12m_top2_equal,-0.2443470873868836,0.10695785642804756,True,True,False,False,False,False
2021,0.27419694495662195,-0.10851528987739201,252,2021-01-04,2021-12-31,0.158311255190839,-0.109906569252613,252,2021-01-04,2021-12-31,DualMomentum_12m_top2_equal,-0.11588568976578295,-0.0013912793752209884,False,False,False,False,False,False
2022,-0.3257699158587175,-0.34827972472096713,251,2022-01-03,2022-12-30,-0.1441373645638515,-0.19904057408038678,251,2022-01-03,2022-12-30,DualMomentum_12m_top2_equal,0.181632551294866,0.14923915064058035,True,True,True,True,True,True
2023,0.5485553825101768,-0.10779921970614925,250,2023-01-03,2023-12-29,0.1769434495490323,-0.10303857107686476,250,2023-01-03,2023-12-29,DualMomentum_12m_top2_equal,-0.3716119329611445,0.004760648629284492,True,True,False,False,False,False
2024,0.2557826665909926,-0.13557734253565956,252,2024-01-02,2024-12-31,0.1612010057925064,-0.06856880434222312,252,2024-01-02,2024-12-31,DualMomentum_12m_top2_equal,-0.09458166079848618,0.06700853819343644,True,True,False,True,False,True
2025,0.20772555521686442,-0.22768308447045493,250,2025-01-02,2025-12-31,0.40732839616144556,-0.0602888241934022,250,2025-01-02,2025-12-31,DualMomentum_12m_top2_equal,0.19960284094458114,0.16739426027705273,True,True,True,True,True,True
2026,0.17623378608717455,-0.11723576957697124,151,2026-01-02,2026-08-10,0.044228879166191115,-0.1852807599212053,151,2026-01-02,2026-08-10,DualMomentum_12m_top2_equal,-0.13200490692098343,-0.06804499034423406,False,False,False,False,False,False
2007,0.08794543063840421,-0.11448260142528455,150,2007-05-30,2007-12-31,0.025028679067543802,-0.0023907971215914037,150,2007-05-30,2007-12-31,DualMomentum_12m_top2_inverse_vol,-0.06291675157086041,0.11209180430369314,True,True,False,True,False,True
2008,-0.4172714865371451,-0.4999007426178871,253,2008-01-02,2008-12-31,-0.06932746783667021,-0.11204906547420446,253,2008-01-02,2008-12-31,DualMomentum_12m_top2_inverse_vol,0.34794401870047487,0.3878516771436826,True,True,True,True,True,True
2009,0.5468412950214381,-0.18285720465447075,252,2009-01-02,2009-12-31,0.13410682441013777,-0.12795291164916567,252,2009-01-02,2009-12-31,DualMomentum_12m_top2_inverse_vol,-0.4127344706113003,0.05490429300530508,True,True,False,False,False,False
2010,0.20143762567919277,-0.15609285416254293,252,2010-01-04,2010-12-31,0.1824013633476167,-0.10493745263134513,252,2010-01-04,2010-12-31,DualMomentum_12m_top2_inverse_vol,-0.01903626233157607,0.0511554015311978,True,True,True,True,True,True
2011,0.03475800926494377,-0.160992676056681,252,2011-01-03,2011-12-30,0.08577251477758474,-0.07111530574524427,252,2011-01-03,2011-12-30,DualMomentum_12m_top2_inverse_vol,0.05101450551264097,0.08987737031143672,True,True,True,True,True,True
2012,0.18112534240461264,-0.11637894714771613,250,2012-01-03,2012-12-31,-0.09079066458951335,-0.13484045633130115,250,2012-01-03,2012-12-31,DualMomentum_12m_top2_inverse_vol,-0.271916006994126,-0.018461509183585023,False,False,False,False,False,False
2013,0.3663418084306618,-0.058537955039066336,252,2013-01-02,2013-12-31,0.20912128662982843,-0.07667577654751934,252,2013-01-02,2013-12-31,DualMomentum_12m_top2_inverse_vol,-0.15722052180083335,-0.018137821508453,False,False,False,False,False,False
2014,0.19181382856500617,-0.0824853533251676,252,2014-01-02,2014-12-31,0.1975666467013688,-0.03447379335041856,252,2014-01-02,2014-12-31,DualMomentum_12m_top2_inverse_vol,0.005752818136362636,0.04801155997474904,True,True,True,True,True,True
2015,0.09435929702570856,-0.13941054644448492,252,2015-01-02,2015-12-31,-0.08999227280844224,-0.169506328036643,252,2015-01-02,2015-12-31,DualMomentum_12m_top2_inverse_vol,-0.1843515698341508,-0.03009578159215809,False,False,False,False,False,False
2016,0.0709787945809095,-0.13892378087763313,252,2016-01-04,2016-12-30,0.06876503641934795,-0.10765226142792128,252,2016-01-04,2016-12-30,DualMomentum_12m_top2_inverse_vol,-0.002213758161561552,0.03127151944971185,True,True,True,True,True,True
2017,0.32663542829204406,-0.04882008555649564,251,2017-01-03,2017-12-29,0.22400300088622505,-0.04639542635613314,251,2017-01-03,2017-12-29,DualMomentum_12m_top2_inverse_vol,-0.10263242740581902,0.0024246592003625,True,True,False,False,False,False
2018,-0.001262008063145803,-0.2279666681395237,251,2018-01-02,2018-12-31,-0.004364647940108601,-0.11599085018665689,251,2018-01-02,2018-12-31,DualMomentum_12m_top2_inverse_vol,-0.0031026398769627983,0.11197581795286682,True,True,True,True,True,True
2019,0.3896158521282893,-0.10983202295735706,252,2019-01-02,2019-12-31,0.04482710778231258,-0.08697205512429951,252,2019-01-02,2019-12-31,DualMomentum_12m_top2_inverse_vol,-0.3447887443459767,0.02285996783305755,True,True,False,False,False,False
2020,0.48406128849703234,-0.2855935565828831,253,2020-01-02,2020-12-31,0.26028276559834307,-0.16705297980314526,253,2020-01-02,2020-12-31,DualMomentum_12m_top2_inverse_vol,-0.22377852289868927,0.11854057677973784,True,True,False,False,False,False
2021,0.27419694495662195,-0.10851528987739201,252,2021-01-04,2021-12-31,0.02731071542758623,-0.070376218591231,252,2021-01-04,2021-12-31,DualMomentum_12m_top2_inverse_vol,-0.24688622952903572,0.03813907128616101,True,True,False,False,False,False
2022,-0.3257699158587175,-0.34827972472096713,251,2022-01-03,2022-12-30,-0.07485259834342284,-0.13086277670745128,251,2022-01-03,2022-12-30,DualMomentum_12m_top2_inverse_vol,0.25091731751529467,0.21741694801351585,True,True,True,True,True,True
2023,0.5485553825101768,-0.10779921970614925,250,2023-01-03,2023-12-29,0.14677626808851985,-0.07137431226271596,250,2023-01-03,2023-12-29,DualMomentum_12m_top2_inverse_vol,-0.4017791144216569,0.036424907443433296,True,True,False,False,False,False
2024,0.2557826665909926,-0.13557734253565956,252,2024-01-02,2024-12-31,0.17222697526479713,-0.06467747559015102,252,2024-01-02,2024-12-31,DualMomentum_12m_top2_inverse_vol,-0.08355569132619545,0.07089986694550854,True,True,False,True,False,True
2025,0.20772555521686442,-0.22768308447045493,250,2025-01-02,2025-12-31,0.35996210824220687,-0.06138601031827906,250,2025-01-02,2025-12-31,DualMomentum_12m_top2_inverse_vol,0.15223655302534245,0.16629707415217587,True,True,True,True,True,True
2026,0.17623378608717455,-0.11723576957697124,151,2026-01-02,2026-08-10,-0.00014365045944275678,-0.12197866788934142,151,2026-01-02,2026-08-10,DualMomentum_12m_top2_inverse_vol,-0.1763774365466173,-0.004742898312370181,False,False,False,False,False,False
2007,0.08794543063840421,-0.11448260142528455,150,2007-05-30,2007-12-31,0.07508553690760866,-0.028709853763331017,150,2007-05-30,2007-12-31,DualMomentum_3h_top1_equal,-0.012859893730795546,0.08577274766195353,True,True,True,True,True,True
2008,-0.4172714865371451,-0.4999007426178871,253,2008-01-02,2008-12-31,0.04568374184790258,-0.336247105533402,253,2008-01-02,2008-12-31,DualMomentum_3h_top1_equal,0.46295522838504766,0.1636536370844851,True,True,True,True,True,True
2009,0.5468412950214381,-0.18285720465447075,252,2009-01-02,2009-12-31,0.0720963105846455,-0.16773098789886365,252,2009-01-02,2009-12-31,DualMomentum_3h_top1_equal,-0.4747449844367926,0.015126216755607103,True,True,False,False,False,False
2010,0.20143762567919277,-0.15609285416254293,252,2010-01-04,2010-12-31,0.059311836930519224,-0.12509863414624545,252,2010-01-04,2010-12-31,DualMomentum_3h_top1_equal,-0.14212578874867354,0.03099422001629748,True,True,False,False,False,False
2011,0.03475800926494377,-0.160992676056681,252,2011-01-03,2011-12-30,0.08804292678769943,-0.22403462988962264,252,2011-01-03,2011-12-30,DualMomentum_3h_top1_equal,0.05328491752275566,-0.06304195383294164,False,False,True,True,False,False
2012,0.18112534240461264,-0.11637894714771613,250,2012-01-03,2012-12-31,-0.10362365606361623,-0.19866284854029725,250,2012-01-03,2012-12-31,DualMomentum_3h_top1_equal,-0.2847489984682289,-0.08228390139258113,False,False,False,False,False,False
2013,0.3663418084306618,-0.058537955039066336,252,2013-01-02,2013-12-31,0.23755009684422923,-0.13205064298242541,252,2013-01-02,2013-12-31,DualMomentum_3h_top1_equal,-0.12879171158643254,-0.07351268794335908,False,False,False,False,False,False
2014,0.19181382856500617,-0.0824853533251676,252,2014-01-02,2014-12-31,-0.005240643967767578,-0.08103258202441599,252,2014-01-02,2014-12-31,DualMomentum_3h_top1_equal,-0.19705447253277375,0.0014527713007516097,True,True,False,False,False,False
2015,0.09435929702570856,-0.13941054644448492,252,2015-01-02,2015-12-31,-0.18099962230275868,-0.25883268785446745,252,2015-01-02,2015-12-31,DualMomentum_3h_top1_equal,-0.27535891932846723,-0.11942214140998253,False,False,False,False,False,False
2016,0.0709787945809095,-0.13892378087763313,252,2016-01-04,2016-12-30,0.05364581896306553,-0.11692156505350004,252,2016-01-04,2016-12-30,DualMomentum_3h_top1_equal,-0.01733297561784397,0.022002215824133087,True,True,True,True,True,True
2017,0.32663542829204406,-0.04882008555649564,251,2017-01-03,2017-12-29,0.26880589338204475,-0.057870370200018284,251,2017-01-03,2017-12-29,DualMomentum_3h_top1_equal,-0.057829534909999314,-0.009050284643522644,False,False,False,True,False,False
2018,-0.001262008063145803,-0.2279666681395237,251,2018-01-02,2018-12-31,0.006646448124587145,-0.15333793016512942,251,2018-01-02,2018-12-31,DualMomentum_3h_top1_equal,0.007908456187732948,0.07462873797439429,True,True,True,True,True,True
2019,0.3896158521282893,-0.10983202295735706,252,2019-01-02,2019-12-31,0.006052920620993163,-0.12953245104455857,252,2019-01-02,2019-12-31,DualMomentum_3h_top1_equal,-0.38356293150729615,-0.019700428087201516,False,False,False,False,False,False
2020,0.48406128849703234,-0.2855935565828831,253,2020-01-02,2020-12-31,0.20793887372478292,-0.15727690461691302,253,2020-01-02,2020-12-31,DualMomentum_3h_top1_equal,-0.2761224147722494,0.12831665196597009,True,True,False,False,False,False
2021,0.27419694495662195,-0.10851528987739201,252,2021-01-04,2021-12-31,0.04224834605380878,-0.10851528987739201,252,2021-01-04,2021-12-31,DualMomentum_3h_top1_equal,-0.23194859890281316,0.0,True,False,False,False,False,False
2022,-0.3257699158587175,-0.34827972472096713,251,2022-01-03,2022-12-30,-0.15868930110701363,-0.20143889711788487,251,2022-01-03,2022-12-30,DualMomentum_3h_top1_equal,0.16708061475170388,0.14684082760308226,True,True,True,True,True,True
2023,0.5485553825101768,-0.10779921970614925,250,2023-01-03,2023-12-29,0.39835874987112563,-0.10779921970615036,250,2023-01-03,2023-12-29,DualMomentum_3h_top1_equal,-0.15019663263905114,-1.1102230246251565e-15,True,False,False,False,False,False
2024,0.2557826665909926,-0.13557734253565956,252,2024-01-02,2024-12-31,0.04116526638201434,-0.14881231263590655,252,2024-01-02,2024-12-31,DualMomentum_3h_top1_equal,-0.21461740020897824,-0.01323497010024699,False,False,False,False,False,False
2025,0.20772555521686442,-0.22768308447045493,250,2025-01-02,2025-12-31,0.3805028411064866,-0.1524595147304233,250,2025-01-02,2025-12-31,DualMomentum_3h_top1_equal,0.17277728588962216,0.07522356974003164,True,True,True,True,True,True
2026,0.17623378608717455,-0.11723576957697124,151,2026-01-02,2026-08-10,0.142525263798696,-0.19178894767582944,151,2026-01-02,2026-08-10,DualMomentum_3h_top1_equal,-0.03370852228847854,-0.0745531780988582,False,False,True,True,False,False
2007,0.08794543063840421,-0.11448260142528455,150,2007-05-30,2007-12-31,0.07508553690760866,-0.028709853763331017,150,2007-05-30,2007-12-31,DualMomentum_3h_top1_inverse_vol,-0.012859893730795546,0.08577274766195353,True,True,True,True,True,True
2008,-0.4172714865371451,-0.4999007426178871,253,2008-01-02,2008-12-31,0.04568374184790258,-0.336247105533402,253,2008-01-02,2008-12-31,DualMomentum_3h_top1_inverse_vol,0.46295522838504766,0.1636536370844851,True,True,True,True,True,True
2009,0.5468412950214381,-0.18285720465447075,252,2009-01-02,2009-12-31,0.0720963105846455,-0.16773098789886365,252,2009-01-02,2009-12-31,DualMomentum_3h_top1_inverse_vol,-0.4747449844367926,0.015126216755607103,True,True,False,False,False,False
2010,0.20143762567919277,-0.15609285416254293,252,2010-01-04,2010-12-31,0.059311836930519224,-0.12509863414624545,252,2010-01-04,2010-12-31,DualMomentum_3h_top1_inverse_vol,-0.14212578874867354,0.03099422001629748,True,True,False,False,False,False
2011,0.03475800926494377,-0.160992676056681,252,2011-01-03,2011-12-30,0.08804292678769943,-0.22403462988962264,252,2011-01-03,2011-12-30,DualMomentum_3h_top1_inverse_vol,0.05328491752275566,-0.06304195383294164,False,False,True,True,False,False
2012,0.18112534240461264,-0.11637894714771613,250,2012-01-03,2012-12-31,-0.10362365606361623,-0.19866284854029725,250,2012-01-03,2012-12-31,DualMomentum_3h_top1_inverse_vol,-0.2847489984682289,-0.08228390139258113,False,False,False,False,False,False
2013,0.3663418084306618,-0.058537955039066336,252,2013-01-02,2013-12-31,0.23755009684422923,-0.13205064298242541,252,2013-01-02,2013-12-31,DualMomentum_3h_top1_inverse_vol,-0.12879171158643254,-0.07351268794335908,False,False,False,False,False,False
2014,0.19181382856500617,-0.0824853533251676,252,2014-01-02,2014-12-31,-0.005240643967767578,-0.08103258202441599,252,2014-01-02,2014-12-31,DualMomentum_3h_top1_inverse_vol,-0.19705447253277375,0.0014527713007516097,True,True,False,False,False,False
2015,0.09435929702570856,-0.13941054644448492,252,2015-01-02,2015-12-31,-0.18099962230275868,-0.25883268785446745,252,2015-01-02,2015-12-31,DualMomentum_3h_top1_inverse_vol,-0.27535891932846723,-0.11942214140998253,False,False,False,False,False,False
2016,0.0709787945809095,-0.13892378087763313,252,2016-01-04,2016-12-30,0.05364581896306553,-0.11692156505350004,252,2016-01-04,2016-12-30,DualMomentum_3h_top1_inverse_vol,-0.01733297561784397,0.022002215824133087,True,True,True,True,True,True
2017,0.32663542829204406,-0.04882008555649564,251,2017-01-03,2017-12-29,0.26880589338204475,-0.057870370200018284,251,2017-01-03,2017-12-29,DualMomentum_3h_top1_inverse_vol,-0.057829534909999314,-0.009050284643522644,False,False,False,True,False,False
2018,-0.001262008063145803,-0.2279666681395237,251,2018-01-02,2018-12-31,0.006646448124587145,-0.15333793016512942,251,2018-01-02,2018-12-31,DualMomentum_3h_top1_inverse_vol,0.007908456187732948,0.07462873797439429,True,True,True,True,True,True
2019,0.3896158521282893,-0.10983202295735706,252,2019-01-02,2019-12-31,0.006052920620993163,-0.12953245104455857,252,2019-01-02,2019-12-31,DualMomentum_3h_top1_inverse_vol,-0.38356293150729615,-0.019700428087201516,False,False,False,False,False,False
2020,0.48406128849703234,-0.2855935565828831,253,2020-01-02,2020-12-31,0.20793887372478292,-0.15727690461691302,253,2020-01-02,2020-12-31,DualMomentum_3h_top1_inverse_vol,-0.2761224147722494,0.12831665196597009,True,True,False,False,False,False
2021,0.27419694495662195,-0.10851528987739201,252,2021-01-04,2021-12-31,0.04224834605380878,-0.10851528987739201,252,2021-01-04,2021-12-31,DualMomentum_3h_top1_inverse_vol,-0.23194859890281316,0.0,True,False,False,False,False,False
2022,-0.3257699158587175,-0.34827972472096713,251,2022-01-03,2022-12-30,-0.15868930110701363,-0.20143889711788487,251,2022-01-03,2022-12-30,DualMomentum_3h_top1_inverse_vol,0.16708061475170388,0.14684082760308226,True,True,True,True,True,True
2023,0.5485553825101768,-0.10779921970614925,250,2023-01-03,2023-12-29,0.39835874987112563,-0.10779921970615036,250,2023-01-03,2023-12-29,DualMomentum_3h_top1_inverse_vol,-0.15019663263905114,-1.1102230246251565e-15,True,False,False,False,False,False
2024,0.2557826665909926,-0.13557734253565956,252,2024-01-02,2024-12-31,0.04116526638201434,-0.14881231263590655,252,2024-01-02,2024-12-31,DualMomentum_3h_top1_inverse_vol,-0.21461740020897824,-0.01323497010024699,False,False,False,False,False,False
2025,0.20772555521686442,-0.22768308447045493,250,2025-01-02,2025-12-31,0.3805028411064866,-0.1524595147304233,250,2025-01-02,2025-12-31,DualMomentum_3h_top1_inverse_vol,0.17277728588962216,0.07522356974003164,True,True,True,True,True,True
2026,0.17623378608717455,-0.11723576957697124,151,2026-01-02,2026-08-10,0.142525263798696,-0.19178894767582944,151,2026-01-02,2026-08-10,DualMomentum_3h_top1_inverse_vol,-0.03370852228847854,-0.0745531780988582,False,False,True,True,False,False
2007,0.08794543063840421,-0.11448260142528455,150,2007-05-30,2007-12-31,0.04537982104678462,-0.024152588399108943,150,2007-05-30,2007-12-31,DualMomentum_3h_top2_equal,-0.04256560959161959,0.0903300130261756,True,True,True,True,True,True
2008,-0.4172714865371451,-0.4999007426178871,253,2008-01-02,2008-12-31,0.05691597010293514,-0.2679535286638106,253,2008-01-02,2008-12-31,DualMomentum_3h_top2_equal,0.4741874566400802,0.23194721395407647,True,True,True,True,True,True
2009,0.5468412950214381,-0.18285720465447075,252,2009-01-02,2009-12-31,0.08624771509640006,-0.15453796661861108,252,2009-01-02,2009-12-31,DualMomentum_3h_top2_equal,-0.460593579925038,0.028319238035859673,True,True,False,False,False,False
2010,0.20143762567919277,-0.15609285416254293,252,2010-01-04,2010-12-31,0.14268483977575097,-0.09608725025638476,252,2010-01-04,2010-12-31,DualMomentum_3h_top2_equal,-0.058752785903441795,0.06000560390615817,True,True,False,True,False,True
2011,0.03475800926494377,-0.160992676056681,252,2011-01-03,2011-12-30,0.14952765800180212,-0.11487401128773433,252,2011-01-03,2011-12-30,DualMomentum_3h_top2_equal,0.11476964873685835,0.04611866476894666,True,True,True,True,True,True
2012,0.18112534240461264,-0.11637894714771613,250,2012-01-03,2012-12-31,-0.10771235266626422,-0.1581907357582356,250,2012-01-03,2012-12-31,DualMomentum_3h_top2_equal,-0.28883769507087687,-0.041811788610519485,False,False,False,False,False,False
2013,0.3663418084306618,-0.058537955039066336,252,2013-01-02,2013-12-31,0.20970511836416894,-0.12607606839727525,252,2013-01-02,2013-12-31,DualMomentum_3h_top2_equal,-0.15663669006649283,-0.06753811335820892,False,False,False,False,False,False
2014,0.19181382856500617,-0.0824853533251676,252,2014-01-02,2014-12-31,0.0717598900098173,-0.05712080021128074,252,2014-01-02,2014-12-31,DualMomentum_3h_top2_equal,-0.12005393855518887,0.025364553113886856,True,True,False,False,False,False
2015,0.09435929702570856,-0.13941054644448492,252,2015-01-02,2015-12-31,-0.16327116727112845,-0.22818441008731627,252,2015-01-02,2015-12-31,DualMomentum_3h_top2_equal,-0.257630464296837,-0.08877386364283135,False,False,False,False,False,False
2016,0.0709787945809095,-0.13892378087763313,252,2016-01-04,2016-12-30,0.08464901999186503,-0.0633318374496239,252,2016-01-04,2016-12-30,DualMomentum_3h_top2_equal,0.013670225410955528,0.07559194342800923,True,True,True,True,True,True
2017,0.32663542829204406,-0.04882008555649564,251,2017-01-03,2017-12-29,0.23318325286321606,-0.046715345960555155,251,2017-01-03,2017-12-29,DualMomentum_3h_top2_equal,-0.093452175428828,0.0021047395959404858,True,True,False,True,False,True
2018,-0.001262008063145803,-0.2279666681395237,251,2018-01-02,2018-12-31,0.0030224511714336266,-0.11986584153183233,251,2018-01-02,2018-12-31,DualMomentum_3h_top2_equal,0.00428445923457943,0.10810082660769138,True,True,True,True,True,True
2019,0.3896158521282893,-0.10983202295735706,252,2019-01-02,2019-12-31,0.07274469480084367,-0.07560113992812045,252,2019-01-02,2019-12-31,DualMomentum_3h_top2_equal,-0.31687115732744564,0.0342308830292366,True,True,False,False,False,False
2020,0.48406128849703234,-0.2855935565828831,253,2020-01-02,2020-12-31,0.20848775286863575,-0.17360025153992342,253,2020-01-02,2020-12-31,DualMomentum_3h_top2_equal,-0.2755735356283966,0.11199330504295968,True,True,False,False,False,False
2021,0.27419694495662195,-0.10851528987739201,252,2021-01-04,2021-12-31,0.025196711534409166,-0.10952889683079481,252,2021-01-04,2021-12-31,DualMomentum_3h_top2_equal,-0.24900023342221278,-0.0010136069534028014,False,False,False,False,False,False
2022,-0.3257699158587175,-0.34827972472096713,251,2022-01-03,2022-12-30,-0.21243127023061725,-0.2434165925938887,251,2022-01-03,2022-12-30,DualMomentum_3h_top2_equal,0.11333864562810025,0.10486313212707843,True,True,True,True,True,True
2023,0.5485553825101768,-0.10779921970614925,250,2023-01-03,2023-12-29,0.21226981496428765,-0.08833946416359717,250,2023-01-03,2023-12-29,DualMomentum_3h_top2_equal,-0.3362855675458891,0.019459755542552082,True,True,False,False,False,False
2024,0.2557826665909926,-0.13557734253565956,252,2024-01-02,2024-12-31,0.08854311996244113,-0.08943856527417282,252,2024-01-02,2024-12-31,DualMomentum_3h_top2_equal,-0.16723954662855145,0.04613877726148674,True,True,False,False,False,False
2025,0.20772555521686442,-0.22768308447045493,250,2025-01-02,2025-12-31,0.414621146866859,-0.06487225529453566,250,2025-01-02,2025-12-31,DualMomentum_3h_top2_equal,0.2068955916499946,0.16281082917591927,True,True,True,True,True,True
2026,0.17623378608717455,-0.11723576957697124,151,2026-01-02,2026-08-10,0.08072389140924208,-0.16206127780175117,151,2026-01-02,2026-08-10,DualMomentum_3h_top2_equal,-0.09550989467793247,-0.04482550822477993,False,False,False,True,False,False
2007,0.08794543063840421,-0.11448260142528455,150,2007-05-30,2007-12-31,0.03057697227745404,-0.03160604375824194,150,2007-05-30,2007-12-31,DualMomentum_3h_top2_inverse_vol,-0.05736845836095017,0.0828765576670426,True,True,False,True,False,True
2008,-0.4172714865371451,-0.4999007426178871,253,2008-01-02,2008-12-31,-0.046215349316257814,-0.15773133525126437,253,2008-01-02,2008-12-31,DualMomentum_3h_top2_inverse_vol,0.37105613722088726,0.3421694073666227,True,True,True,True,True,True
2009,0.5468412950214381,-0.18285720465447075,252,2009-01-02,2009-12-31,0.1464730755288488,-0.09572691506480813,252,2009-01-02,2009-12-31,DualMomentum_3h_top2_inverse_vol,-0.4003682194925893,0.08713028958966262,True,True,False,False,False,False
2010,0.20143762567919277,-0.15609285416254293,252,2010-01-04,2010-12-31,0.18006182121984127,-0.08455625140692558,252,2010-01-04,2010-12-31,DualMomentum_3h_top2_inverse_vol,-0.0213758044593515,0.07153660275561735,True,True,True,True,True,True
2011,0.03475800926494377,-0.160992676056681,252,2011-01-03,2011-12-30,0.19934652319862,-0.07111530574524438,252,2011-01-03,2011-12-30,DualMomentum_3h_top2_inverse_vol,0.16458851393367624,0.08987737031143661,True,True,True,True,True,True
2012,0.18112534240461264,-0.11637894714771613,250,2012-01-03,2012-12-31,-0.059360952373931575,-0.09379748598326698,250,2012-01-03,2012-12-31,DualMomentum_3h_top2_inverse_vol,-0.24048629477854422,0.022581461164449146,True,True,False,False,False,False
2013,0.3663418084306618,-0.058537955039066336,252,2013-01-02,2013-12-31,0.1786559572774915,-0.11573099081717153,252,2013-01-02,2013-12-31,DualMomentum_3h_top2_inverse_vol,-0.18768585115317027,-0.057193035778105195,False,False,False,False,False,False
2014,0.19181382856500617,-0.0824853533251676,252,2014-01-02,2014-12-31,0.12481927663731462,-0.05525337746948,252,2014-01-02,2014-12-31,DualMomentum_3h_top2_inverse_vol,-0.06699455192769155,0.027231975855687596,True,True,False,True,False,True
2015,0.09435929702570856,-0.13941054644448492,252,2015-01-02,2015-12-31,-0.1263270148478185,-0.19235700976431047,252,2015-01-02,2015-12-31,DualMomentum_3h_top2_inverse_vol,-0.22068631187352705,-0.052946463319825554,False,False,False,False,False,False
2016,0.0709787945809095,-0.13892378087763313,252,2016-01-04,2016-12-30,0.09139225307394128,-0.053037136039755683,252,2016-01-04,2016-12-30,DualMomentum_3h_top2_inverse_vol,0.020413458493031778,0.08588664483787745,True,True,True,True,True,True
2017,0.32663542829204406,-0.04882008555649564,251,2017-01-03,2017-12-29,0.09416236555540358,-0.048223736394246264,251,2017-01-03,2017-12-29,DualMomentum_3h_top2_inverse_vol,-0.23247306273664048,0.0005963491622493766,True,True,False,False,False,False
2018,-0.001262008063145803,-0.2279666681395237,251,2018-01-02,2018-12-31,0.03951773725027752,-0.06103100302462272,251,2018-01-02,2018-12-31,DualMomentum_3h_top2_inverse_vol,0.04077974531342332,0.166935665114901,True,True,True,True,True,True
2019,0.3896158521282893,-0.10983202295735706,252,2019-01-02,2019-12-31,0.1077787961808494,-0.06592380476814108,252,2019-01-02,2019-12-31,DualMomentum_3h_top2_inverse_vol,-0.2818370559474399,0.043908218189215975,True,True,False,False,False,False
2020,0.48406128849703234,-0.2855935565828831,253,2020-01-02,2020-12-31,0.2627602828132025,-0.16705297980314548,253,2020-01-02,2020-12-31,DualMomentum_3h_top2_inverse_vol,-0.22130100568382982,0.11854057677973762,True,True,False,False,False,False
2021,0.27419694495662195,-0.10851528987739201,252,2021-01-04,2021-12-31,-0.03293135921474799,-0.12014811773386791,252,2021-01-04,2021-12-31,DualMomentum_3h_top2_inverse_vol,-0.30712830417136994,-0.011632827856475902,False,False,False,False,False,False
2022,-0.3257699158587175,-0.34827972472096713,251,2022-01-03,2022-12-30,-0.1213518125447528,-0.14695192134009438,251,2022-01-03,2022-12-30,DualMomentum_3h_top2_inverse_vol,0.2044181033139647,0.20132780338087275,True,True,True,True,True,True
2023,0.5485553825101768,-0.10779921970614925,250,2023-01-03,2023-12-29,0.07287327953406275,-0.060180160889347856,250,2023-01-03,2023-12-29,DualMomentum_3h_top2_inverse_vol,-0.475682102976114,0.047619058816801396,True,True,False,False,False,False
2024,0.2557826665909926,-0.13557734253565956,252,2024-01-02,2024-12-31,0.1276540180646637,-0.075051804385317,252,2024-01-02,2024-12-31,DualMomentum_3h_top2_inverse_vol,-0.12812864852632888,0.06052553815034256,True,True,False,False,False,False
2025,0.20772555521686442,-0.22768308447045493,250,2025-01-02,2025-12-31,0.2977041258984374,-0.06138601031827906,250,2025-01-02,2025-12-31,DualMomentum_3h_top2_inverse_vol,0.089978570681573,0.16629707415217587,True,True,True,True,True,True
2026,0.17623378608717455,-0.11723576957697124,151,2026-01-02,2026-08-10,0.011012292278226754,-0.12197866788934142,151,2026-01-02,2026-08-10,DualMomentum_3h_top2_inverse_vol,-0.1652214938089478,-0.004742898312370181,False,False,False,False,False,False
2007,0.08794543063840421,-0.11448260142528455,150,2007-05-30,2007-12-31,0.07338544655202273,-0.11448260142528488,150,2007-05-30,2007-12-31,Ensemble_VolTarget22_fast_ultra_50_50,-0.014559984086381483,-3.3306690738754696e-16,True,False,True,True,True,True
2008,-0.4172714865371451,-0.4999007426178871,253,2008-01-02,2008-12-31,-0.28228385851536464,-0.36759091745471717,253,2008-01-02,2008-12-31,Ensemble_VolTarget22_fast_ultra_50_50,0.13498762802178044,0.13230982516316991,True,True,True,True,True,True
2009,0.5468412950214381,-0.18285720465447075,252,2009-01-02,2009-12-31,0.502313874067494,-0.12640164287000777,252,2009-01-02,2009-12-31,Ensemble_VolTarget22_fast_ultra_50_50,-0.04452742095394413,0.05645556178446298,True,True,True,True,True,True
2010,0.20143762567919277,-0.15609285416254293,252,2010-01-04,2010-12-31,0.21168767322321602,-0.13712153523074733,252,2010-01-04,2010-12-31,Ensemble_VolTarget22_fast_ultra_50_50,0.010250047544023255,0.0189713189317956,True,True,True,True,True,True
2011,0.03475800926494377,-0.160992676056681,252,2011-01-03,2011-12-30,0.03158812085944862,-0.160992676056681,252,2011-01-03,2011-12-30,Ensemble_VolTarget22_fast_ultra_50_50,-0.003169888405495147,0.0,True,False,True,True,True,True
2012,0.18112534240461264,-0.11637894714771613,250,2012-01-03,2012-12-31,0.17878211063846905,-0.11637894714771557,250,2012-01-03,2012-12-31,Ensemble_VolTarget22_fast_ultra_50_50,-0.002343231766143594,5.551115123125783e-16,True,False,True,True,True,True
2013,0.3663418084306618,-0.058537955039066336,252,2013-01-02,2013-12-31,0.3663418084306618,-0.058537955039066336,252,2013-01-02,2013-12-31,Ensemble_VolTarget22_fast_ultra_50_50,0.0,0.0,True,False,True,True,True,True
2014,0.19181382856500617,-0.0824853533251676,252,2014-01-02,2014-12-31,0.19181382856500617,-0.0824853533251676,252,2014-01-02,2014-12-31,Ensemble_VolTarget22_fast_ultra_50_50,0.0,0.0,True,False,True,True,True,True
2015,0.09435929702570856,-0.13941054644448492,252,2015-01-02,2015-12-31,0.08829178320898778,-0.13941054644448492,252,2015-01-02,2015-12-31,Ensemble_VolTarget22_fast_ultra_50_50,-0.006067513816720771,0.0,True,False,True,True,True,True
2016,0.0709787945809095,-0.13892378087763313,252,2016-01-04,2016-12-30,0.07089060037944384,-0.12731906905205292,252,2016-01-04,2016-12-30,Ensemble_VolTarget22_fast_ultra_50_50,-8.819420146566337e-05,0.011604711825580205,True,True,True,True,True,True
2017,0.32663542829204406,-0.04882008555649564,251,2017-01-03,2017-12-29,0.32663542829204406,-0.04882008555649564,251,2017-01-03,2017-12-29,Ensemble_VolTarget22_fast_ultra_50_50,0.0,0.0,True,False,True,True,True,True
2018,-0.001262008063145803,-0.2279666681395237,251,2018-01-02,2018-12-31,0.02350639169357005,-0.20873942397404677,251,2018-01-02,2018-12-31,Ensemble_VolTarget22_fast_ultra_50_50,0.024768399756715853,0.019227244165476942,True,True,True,True,True,True
2019,0.3896158521282893,-0.10983202295735706,252,2019-01-02,2019-12-31,0.34948817113650854,-0.10983202295735695,252,2019-01-02,2019-12-31,Ensemble_VolTarget22_fast_ultra_50_50,-0.04012768099178077,1.1102230246251565e-16,True,False,True,True,True,True
2020,0.48406128849703234,-0.2855935565828831,253,2020-01-02,2020-12-31,0.4477112033843622,-0.2232391535406275,253,2020-01-02,2020-12-31,Ensemble_VolTarget22_fast_ultra_50_50,-0.03635008511267013,0.06235440304225559,True,True,True,True,True,True
2021,0.27419694495662195,-0.10851528987739201,252,2021-01-04,2021-12-31,0.27207248085807234,-0.1065778554506549,252,2021-01-04,2021-12-31,Ensemble_VolTarget22_fast_ultra_50_50,-0.0021244640985496055,0.0019374344267371058,True,True,True,True,True,True
2022,-0.3257699158587175,-0.34827972472096713,251,2022-01-03,2022-12-30,-0.2932361929284192,-0.3177734800222911,251,2022-01-03,2022-12-30,Ensemble_VolTarget22_fast_ultra_50_50,0.032533722930298326,0.03050624469867602,True,True,True,True,True,True
2023,0.5485553825101768,-0.10779921970614925,250,2023-01-03,2023-12-29,0.5400039112578556,-0.10779921970615014,250,2023-01-03,2023-12-29,Ensemble_VolTarget22_fast_ultra_50_50,-0.008551471252321141,-8.881784197001252e-16,True,False,True,True,True,True
2024,0.2557826665909926,-0.13557734253565956,252,2024-01-02,2024-12-31,0.25758138120164364,-0.12989651507013988,252,2024-01-02,2024-12-31,Ensemble_VolTarget22_fast_ultra_50_50,0.0017987146106510643,0.005680827465519678,True,True,True,True,True,True
2025,0.20772555521686442,-0.22768308447045493,250,2025-01-02,2025-12-31,0.18291489359822255,-0.2124182086474623,250,2025-01-02,2025-12-31,Ensemble_VolTarget22_fast_ultra_50_50,-0.02481066161864187,0.01526487582299263,True,True,True,True,True,True
2026,0.17623378608717455,-0.11723576957697124,151,2026-01-02,2026-08-10,0.18367359734893451,-0.11723576957697124,151,2026-01-02,2026-08-10,Ensemble_VolTarget22_fast_ultra_50_50,0.007439811261759965,0.0,True,False,True,True,True,True
2007,0.08794543063840421,-0.11448260142528455,150,2007-05-30,2007-12-31,0.07399413576601854,-0.11337709701850818,150,2007-05-30,2007-12-31,Ensemble_VolTarget22_fast_ultra_50_50_Buffer1_goldcash,-0.013951294872385667,0.0011055044067763697,True,True,True,True,True,True
2008,-0.4172714865371451,-0.4999007426178871,253,2008-01-02,2008-12-31,-0.27918552815697273,-0.364782589474394,253,2008-01-02,2008-12-31,Ensemble_VolTarget22_fast_ultra_50_50_Buffer1_goldcash,0.13808595838017235,0.13511815314349307,True,True,True,True,True,True
2009,0.5468412950214381,-0.18285720465447075,252,2009-01-02,2009-12-31,0.4974455997087217,-0.1252768271541257,252,2009-01-02,2009-12-31,Ensemble_VolTarget22_fast_ultra_50_50_Buffer1_goldcash,-0.04939569531271637,0.05758037750034506,True,True,True,True,True,True
2010,0.20143762567919277,-0.15609285416254293,252,2010-01-04,2010-12-31,0.2109423646334383,-0.13553359652822783,252,2010-01-04,2010-12-31,Ensemble_VolTarget22_fast_ultra_50_50_Buffer1_goldcash,0.009504738954245529,0.020559257634315098,True,True,True,True,True,True
2011,0.03475800926494377,-0.160992676056681,252,2011-01-03,2011-12-30,0.03261974578684157,-0.1588694580429031,252,2011-01-03,2011-12-30,Ensemble_VolTarget22_fast_ultra_50_50_Buffer1_goldcash,-0.002138263478102198,0.0021232180137779055,True,True,True,True,True,True
2012,0.18112534240461264,-0.11637894714771613,250,2012-01-03,2012-12-31,0.17737040858096198,-0.11535128206161271,250,2012-01-03,2012-12-31,Ensemble_VolTarget22_fast_ultra_50_50_Buffer1_goldcash,-0.0037549338236506635,0.0010276650861034131,True,True,True,True,True,True
2013,0.3663418084306618,-0.058537955039066336,252,2013-01-02,2013-12-31,0.3605944474357188,-0.0583193256376201,252,2013-01-02,2013-12-31,Ensemble_VolTarget22_fast_ultra_50_50_Buffer1_goldcash,-0.005747360994942996,0.00021862940144623533,True,True,True,True,True,True
2014,0.19181382856500617,-0.0824853533251676,252,2014-01-02,2014-12-31,0.19056375740511045,-0.08152238681126933,252,2014-01-02,2014-12-31,Ensemble_VolTarget22_fast_ultra_50_50_Buffer1_goldcash,-0.001250071159895727,0.0009629665138982668,True,True,True,True,True,True
2015,0.09435929702570856,-0.13941054644448492,252,2015-01-02,2015-12-31,0.0870925595731622,-0.1379382981075551,252,2015-01-02,2015-12-31,Ensemble_VolTarget22_fast_ultra_50_50_Buffer1_goldcash,-0.007266737452546357,0.0014722483369298267,True,True,True,True,True,True
2016,0.0709787945809095,-0.13892378087763313,252,2016-01-04,2016-12-30,0.07087929562118189,-0.12554782450974944,252,2016-01-04,2016-12-30,Ensemble_VolTarget22_fast_ultra_50_50_Buffer1_goldcash,-9.949895972760636e-05,0.01337595636788369,True,True,True,True,True,True
2017,0.32663542829204406,-0.04882008555649564,251,2017-01-03,2017-12-29,0.3239320570012585,-0.04851557567060227,251,2017-01-03,2017-12-29,Ensemble_VolTarget22_fast_ultra_50_50_Buffer1_goldcash,-0.0027033712907855723,0.00030450988589336703,True,True,True,True,True,True
2018,-0.001262008063145803,-0.2279666681395237,251,2018-01-02,2018-12-31,0.023536916121133844,-0.20663986317028382,251,2018-01-02,2018-12-31,Ensemble_VolTarget22_fast_ultra_50_50_Buffer1_goldcash,0.024798924184279647,0.021326804969239888,True,True,True,True,True,True
2019,0.3896158521282893,-0.10983202295735706,252,2019-01-02,2019-12-31,0.3471487386354588,-0.1085498253642353,252,2019-01-02,2019-12-31,Ensemble_VolTarget22_fast_ultra_50_50_Buffer1_goldcash,-0.0424671134928305,0.0012821975931217588,True,True,True,True,True,True
2020,0.48406128849703234,-0.2855935565828831,253,2020-01-02,2020-12-31,0.4445762763361434,-0.22143193422868346,253,2020-01-02,2020-12-31,Ensemble_VolTarget22_fast_ultra_50_50_Buffer1_goldcash,-0.039485012160888955,0.06416162235419964,True,True,True,True,True,True
2021,0.27419694495662195,-0.10851528987739201,252,2021-01-04,2021-12-31,0.26919467473913916,-0.10591590908067428,252,2021-01-04,2021-12-31,Ensemble_VolTarget22_fast_ultra_50_50_Buffer1_goldcash,-0.005002270217482785,0.002599380796717732,True,True,True,True,True,True
2022,-0.3257699158587175,-0.34827972472096713,251,2022-01-03,2022-12-30,-0.29091301586058826,-0.31563494183927543,251,2022-01-03,2022-12-30,Ensemble_VolTarget22_fast_ultra_50_50_Buffer1_goldcash,0.03485689999812924,0.0326447828816917,True,True,True,True,True,True
2023,0.5485553825101768,-0.10779921970614925,250,2023-01-03,2023-12-29,0.5345827049279162,-0.10697777825567023,250,2023-01-03,2023-12-29,Ensemble_VolTarget22_fast_ultra_50_50_Buffer1_goldcash,-0.013972677582260618,0.0008214414504790213,True,True,True,True,True,True
2024,0.2557826665909926,-0.13557734253565956,252,2024-01-02,2024-12-31,0.2563548615889235,-0.12852797907950997,252,2024-01-02,2024-12-31,Ensemble_VolTarget22_fast_ultra_50_50_Buffer1_goldcash,0.0005721949979309304,0.007049363456149593,True,True,True,True,True,True
2025,0.20772555521686442,-0.22768308447045493,250,2025-01-02,2025-12-31,0.18375255804816515,-0.2104766088610499,250,2025-01-02,2025-12-31,Ensemble_VolTarget22_fast_ultra_50_50_Buffer1_goldcash,-0.023972997168699273,0.017206475609405025,True,True,True,True,True,True
2026,0.17623378608717455,-0.11723576957697124,151,2026-01-02,2026-08-10,0.1820438383164067,-0.11653238592079718,151,2026-01-02,2026-08-10,Ensemble_VolTarget22_fast_ultra_50_50_Buffer1_goldcash,0.005810052229232143,0.0007033836561740614,True,True,True,True,True,True
2007,0.08794543063840421,-0.11448260142528455,150,2007-05-30,2007-12-31,0.08794543063840421,-0.11448260142528455,150,2007-05-30,2007-12-31,QQQ,0.0,0.0,True,False,True,True,True,True
2008,-0.4172714865371451,-0.4999007426178871,253,2008-01-02,2008-12-31,-0.4172714865371451,-0.4999007426178871,253,2008-01-02,2008-12-31,QQQ,0.0,0.0,True,False,True,True,True,True
2009,0.5468412950214381,-0.18285720465447075,252,2009-01-02,2009-12-31,0.5468412950214381,-0.18285720465447075,252,2009-01-02,2009-12-31,QQQ,0.0,0.0,True,False,True,True,True,True
2010,0.20143762567919277,-0.15609285416254293,252,2010-01-04,2010-12-31,0.20143762567919277,-0.15609285416254293,252,2010-01-04,2010-12-31,QQQ,0.0,0.0,True,False,True,True,True,True
2011,0.03475800926494377,-0.160992676056681,252,2011-01-03,2011-12-30,0.03475800926494377,-0.160992676056681,252,2011-01-03,2011-12-30,QQQ,0.0,0.0,True,False,True,True,True,True
2012,0.18112534240461264,-0.11637894714771613,250,2012-01-03,2012-12-31,0.18112534240461264,-0.11637894714771613,250,2012-01-03,2012-12-31,QQQ,0.0,0.0,True,False,True,True,True,True
2013,0.3663418084306618,-0.058537955039066336,252,2013-01-02,2013-12-31,0.3663418084306618,-0.058537955039066336,252,2013-01-02,2013-12-31,QQQ,0.0,0.0,True,False,True,True,True,True
2014,0.19181382856500617,-0.0824853533251676,252,2014-01-02,2014-12-31,0.19181382856500617,-0.0824853533251676,252,2014-01-02,2014-12-31,QQQ,0.0,0.0,True,False,True,True,True,True
2015,0.09435929702570856,-0.13941054644448492,252,2015-01-02,2015-12-31,0.09435929702570856,-0.13941054644448492,252,2015-01-02,2015-12-31,QQQ,0.0,0.0,True,False,True,True,True,True
2016,0.0709787945809095,-0.13892378087763313,252,2016-01-04,2016-12-30,0.0709787945809095,-0.13892378087763313,252,2016-01-04,2016-12-30,QQQ,0.0,0.0,True,False,True,True,True,True
2017,0.32663542829204406,-0.04882008555649564,251,2017-01-03,2017-12-29,0.32663542829204406,-0.04882008555649564,251,2017-01-03,2017-12-29,QQQ,0.0,0.0,True,False,True,True,True,True
2018,-0.001262008063145803,-0.2279666681395237,251,2018-01-02,2018-12-31,-0.001262008063145803,-0.2279666681395237,251,2018-01-02,2018-12-31,QQQ,0.0,0.0,True,False,True,True,True,True
2019,0.3896158521282893,-0.10983202295735706,252,2019-01-02,2019-12-31,0.3896158521282893,-0.10983202295735706,252,2019-01-02,2019-12-31,QQQ,0.0,0.0,True,False,True,True,True,True
2020,0.48406128849703234,-0.2855935565828831,253,2020-01-02,2020-12-31,0.48406128849703234,-0.2855935565828831,253,2020-01-02,2020-12-31,QQQ,0.0,0.0,True,False,True,True,True,True
2021,0.27419694495662195,-0.10851528987739201,252,2021-01-04,2021-12-31,0.27419694495662195,-0.10851528987739201,252,2021-01-04,2021-12-31,QQQ,0.0,0.0,True,False,True,True,True,True
2022,-0.3257699158587175,-0.34827972472096713,251,2022-01-03,2022-12-30,-0.3257699158587175,-0.34827972472096713,251,2022-01-03,2022-12-30,QQQ,0.0,0.0,True,False,True,True,True,True
2023,0.5485553825101768,-0.10779921970614925,250,2023-01-03,2023-12-29,0.5485553825101768,-0.10779921970614925,250,2023-01-03,2023-12-29,QQQ,0.0,0.0,True,False,True,True,True,True
2024,0.2557826665909926,-0.13557734253565956,252,2024-01-02,2024-12-31,0.2557826665909926,-0.13557734253565956,252,2024-01-02,2024-12-31,QQQ,0.0,0.0,True,False,True,True,True,True
2025,0.20772555521686442,-0.22768308447045493,250,2025-01-02,2025-12-31,0.20772555521686442,-0.22768308447045493,250,2025-01-02,2025-12-31,QQQ,0.0,0.0,True,False,True,True,True,True
2026,0.17623378608717455,-0.11723576957697124,151,2026-01-02,2026-08-10,0.17623378608717455,-0.11723576957697124,151,2026-01-02,2026-08-10,QQQ,0.0,0.0,True,False,True,True,True,True
2007,0.08794543063840421,-0.11448260142528455,150,2007-05-30,2007-12-31,0.09123029146965544,-0.10330340546542549,150,2007-05-30,2007-12-31,Static_QQQ90_balanced,0.003284860831251235,0.011179195959859056,True,True,True,True,True,True
2008,-0.4172714865371451,-0.4999007426178871,253,2008-01-02,2008-12-31,-0.3766217711287779,-0.4623816282538106,253,2008-01-02,2008-12-31,Static_QQQ90_balanced,0.04064971540836715,0.03751911436407651,True,True,True,True,True,True
2009,0.5468412950214381,-0.18285720465447075,252,2009-01-02,2009-12-31,0.48829711058376546,-0.1681485484332369,252,2009-01-02,2009-12-31,Static_QQQ90_balanced,-0.05854418443767262,0.014708656221233851,True,True,False,True,False,True
2010,0.20143762567919277,-0.15609285416254293,252,2010-01-04,2010-12-31,0.19361599550960218,-0.13804845274803645,252,2010-01-04,2010-12-31,Static_QQQ90_balanced,-0.007821630169590588,0.018044401414506472,True,True,True,True,True,True
2011,0.03475800926494377,-0.160992676056681,252,2011-01-03,2011-12-30,0.04822626646408201,-0.13956740911573906,252,2011-01-03,2011-12-30,Static_QQQ90_balanced,0.013468257199138245,0.021425266940941934,True,True,True,True,True,True
2012,0.18112534240461264,-0.11637894714771613,250,2012-01-03,2012-12-31,0.1664258477579983,-0.10556255152065874,250,2012-01-03,2012-12-31,Static_QQQ90_balanced,-0.014699494646614353,0.010816395627057385,True,True,True,True,True,True
2013,0.3663418084306618,-0.058537955039066336,252,2013-01-02,2013-12-31,0.313011526946503,-0.05702999905979422,252,2013-01-02,2013-12-31,Static_QQQ90_balanced,-0.05333028148415875,0.0015079559792721131,True,True,False,True,False,True
2014,0.19181382856500617,-0.0824853533251676,252,2014-01-02,2014-12-31,0.1838237318442384,-0.07215987331079754,252,2014-01-02,2014-12-31,Static_QQQ90_balanced,-0.007990096720767781,0.010325480014370059,True,True,True,True,True,True
2015,0.09435929702570856,-0.13941054644448492,252,2015-01-02,2015-12-31,0.08257254532119074,-0.12454454612027477,252,2015-01-02,2015-12-31,Static_QQQ90_balanced,-0.011786751704517817,0.014866000324210149,True,True,True,True,True,True
2016,0.0709787945809095,-0.13892378087763313,252,2016-01-04,2016-12-30,0.07080550759885118,-0.12002654633068355,252,2016-01-04,2016-12-30,Static_QQQ90_balanced,-0.00017328698205831827,0.01889723454694958,True,True,True,True,True,True
2017,0.32663542829204406,-0.04882008555649564,251,2017-01-03,2017-12-29,0.30005089160307463,-0.04545995820949256,251,2017-01-03,2017-12-29,Static_QQQ90_balanced,-0.02658453668896943,0.0033601273470030835,True,True,True,True,True,True
2018,-0.001262008063145803,-0.2279666681395237,251,2018-01-02,2018-12-31,0.0019806971546134644,-0.20553899242143236,251,2018-01-02,2018-12-31,Static_QQQ90_balanced,0.0032427052177592675,0.022427675718091344,True,True,True,True,True,True
2019,0.3896158521282893,-0.10983202295735706,252,2019-01-02,2019-12-31,0.3628478881863384,-0.0965986432385656,252,2019-01-02,2019-12-31,Static_QQQ90_balanced,-0.026767963941950912,0.01323337971879146,True,True,True,True,True,True
2020,0.48406128849703234,-0.2855935565828831,253,2020-01-02,2020-12-31,0.4510863386608952,-0.26154205284649557,253,2020-01-02,2020-12-31,Static_QQQ90_balanced,-0.032974949836137135,0.024051503736387536,True,True,True,True,True,True
2021,0.27419694495662195,-0.10851528987739201,252,2021-01-04,2021-12-31,0.2463127684991917,-0.10170556924459173,252,2021-01-04,2021-12-31,Static_QQQ90_balanced,-0.027884176457430243,0.006809720632800276,True,True,True,True,True,True
2022,-0.3257699158587175,-0.34827972472096713,251,2022-01-03,2022-12-30,-0.301323254128013,-0.3253088611948135,251,2022-01-03,2022-12-30,Static_QQQ90_balanced,0.024446661730704533,0.02297086352615363,True,True,True,True,True,True
2023,0.5485553825101768,-0.10779921970614925,250,2023-01-03,2023-12-29,0.4917141014654711,-0.10180794866573406,250,2023-01-03,2023-12-29,Static_QQQ90_balanced,-0.05684128104470565,0.005991271040415191,True,True,False,True,False,True
2024,0.2557826665909926,-0.13557734253565956,252,2024-01-02,2024-12-31,0.2407899842724579,-0.12078863647048732,252,2024-01-02,2024-12-31,Static_QQQ90_balanced,-0.014992682318534678,0.014788706065172241,True,True,True,True,True,True
2025,0.20772555521686442,-0.22768308447045493,250,2025-01-02,2025-12-31,0.20915844096027003,-0.20725233541198385,250,2025-01-02,2025-12-31,Static_QQQ90_balanced,0.0014328857434056097,0.020430749058471087,True,True,True,True,True,True
2026,0.17623378608717455,-0.11723576957697124,151,2026-01-02,2026-08-10,0.16018454084118794,-0.10850108828543703,151,2026-01-02,2026-08-10,Static_QQQ90_balanced,-0.01604924524598661,0.008734681291534208,True,True,True,True,True,True
2007,0.08794543063840421,-0.11448260142528455,150,2007-05-30,2007-12-31,0.08269081333189932,-0.10324909568389307,150,2007-05-30,2007-12-31,Static_QQQ90_bil,-0.005254617306504894,0.01123350574139148,True,True,True,True,True,True
2008,-0.4172714865371451,-0.4999007426178871,253,2008-01-02,2008-12-31,-0.3794158045661459,-0.4596852715014508,253,2008-01-02,2008-12-31,Static_QQQ90_bil,0.0378556819709992,0.04021547111643631,True,True,True,True,True,True
2009,0.5468412950214381,-0.18285720465447075,252,2009-01-02,2009-12-31,0.48559426641134174,-0.16575887076090634,252,2009-01-02,2009-12-31,Static_QQQ90_bil,-0.061247028610096343,0.01709833389356441,True,True,False,True,False,True
2010,0.20143762567919277,-0.15609285416254293,252,2010-01-04,2010-12-31,0.18152405523909154,-0.1409448787754597,252,2010-01-04,2010-12-31,Static_QQQ90_bil,-0.019913570440101225,0.015147975387083235,True,True,True,True,True,True
2011,0.03475800926494377,-0.160992676056681,252,2011-01-03,2011-12-30,0.03380444476851552,-0.1454896205272429,252,2011-01-03,2011-12-30,Static_QQQ90_bil,-0.0009535644964282497,0.015503055529438092,True,True,True,True,True,True
2012,0.18112534240461264,-0.11637894714771613,250,2012-01-03,2012-12-31,0.16279851259747247,-0.10521373204790796,250,2012-01-03,2012-12-31,Static_QQQ90_bil,-0.018326829807140177,0.011165215099808168,True,True,True,True,True,True
2013,0.3663418084306618,-0.058537955039066336,252,2013-01-02,2013-12-31,0.3251456028855486,-0.05275186914984742,252,2013-01-02,2013-12-31,Static_QQQ90_bil,-0.04119620554511316,0.005786085889218917,True,True,True,True,True,True
2014,0.19181382856500617,-0.0824853533251676,252,2014-01-02,2014-12-31,0.17202105382939004,-0.07444892357362443,252,2014-01-02,2014-12-31,Static_QQQ90_bil,-0.019792774735616137,0.008036429751543173,True,True,True,True,True,True
2015,0.09435929702570856,-0.13941054644448492,252,2015-01-02,2015-12-31,0.08595255956005299,-0.12617326831826492,252,2015-01-02,2015-12-31,Static_QQQ90_bil,-0.008406737465655567,0.013237278126219998,True,True,True,True,True,True
2016,0.0709787945809095,-0.13892378087763313,252,2016-01-04,2016-12-30,0.06503631328752268,-0.12557750934841916,252,2016-01-04,2016-12-30,Static_QQQ90_bil,-0.005942481293386814,0.013346271529213971,True,True,True,True,True,True
2017,0.32663542829204406,-0.04882008555649564,251,2017-01-03,2017-12-29,0.29118091799673196,-0.04387853318212198,251,2017-01-03,2017-12-29,Static_QQQ90_bil,-0.0354545102953121,0.004941552374373659,True,True,True,True,True,True
2018,-0.001262008063145803,-0.2279666681395237,251,2018-01-02,2018-12-31,0.002943735435792849,-0.20632733540375647,251,2018-01-02,2018-12-31,Static_QQQ90_bil,0.004205743498938652,0.021639332735767236,True,True,True,True,True,True
2019,0.3896158521282893,-0.10983202295735706,252,2019-01-02,2019-12-31,0.34895326025044926,-0.0990990137809098,252,2019-01-02,2019-12-31,Static_QQQ90_bil,-0.04066259187784005,0.010733009176447261,True,True,True,True,True,True
2020,0.48406128849703234,-0.2855935565828831,253,2020-01-02,2020-12-31,0.4355521830942122,-0.2591465523598009,253,2020-01-02,2020-12-31,Static_QQQ90_bil,-0.04850910540282016,0.026447004223082216,True,True,True,True,True,True
2021,0.27419694495662195,-0.10851528987739201,252,2021-01-04,2021-12-31,0.24543605595374407,-0.09800370931647162,252,2021-01-04,2021-12-31,Static_QQQ90_bil,-0.028760889002877876,0.010511580560920386,True,True,True,True,True,True
2022,-0.3257699158587175,-0.34827972472096713,251,2022-01-03,2022-12-30,-0.29440297999908405,-0.316478493350847,251,2022-01-03,2022-12-30,Static_QQQ90_bil,0.03136693585963346,0.03180123137012014,True,True,True,True,True,True
2023,0.5485553825101768,-0.10779921970614925,250,2023-01-03,2023-12-29,0.4916075864539593,-0.09589505084306504,250,2023-01-03,2023-12-29,Static_QQQ90_bil,-0.05694779605621747,0.011904168863084208,True,True,False,True,False,True
2024,0.2557826665909926,-0.13557734253565956,252,2024-01-02,2024-12-31,0.23554337725835262,-0.12225828920095194,252,2024-01-02,2024-12-31,Static_QQQ90_bil,-0.020239289332639965,0.01331905333470762,True,True,True,True,True,True
2025,0.20772555521686442,-0.22768308447045493,250,2025-01-02,2025-12-31,0.1928677485866268,-0.2064613420413297,250,2025-01-02,2025-12-31,Static_QQQ90_bil,-0.014857806630237613,0.021221742429125223,True,True,True,True,True,True
2026,0.17623378608717455,-0.11723576957697124,151,2026-01-02,2026-08-10,0.16127615744308255,-0.10539000950262645,151,2026-01-02,2026-08-10,Static_QQQ90_bil,-0.014957628644092003,0.011845760074344791,True,True,True,True,True,True
2007,0.08794543063840421,-0.11448260142528455,150,2007-05-30,2007-12-31,0.09261966414378864,-0.10337950786525363,150,2007-05-30,2007-12-31,Static_QQQ90_goldcash,0.004674233505384429,0.011103093560030919,True,True,True,True,True,True
2008,-0.4172714865371451,-0.4999007426178871,253,2008-01-02,2008-12-31,-0.37682491245760563,-0.4623139315370297,253,2008-01-02,2008-12-31,Static_QQQ90_goldcash,0.040446574079539444,0.037586811080857374,True,True,True,True,True,True
2009,0.5468412950214381,-0.18285720465447075,252,2009-01-02,2009-12-31,0.4942552267570044,-0.16691035055815595,252,2009-01-02,2009-12-31,Static_QQQ90_goldcash,-0.05258606826443368,0.0159468540963148,True,True,False,True,False,True
2010,0.20143762567919277,-0.15609285416254293,252,2010-01-04,2010-12-31,0.1951795354481538,-0.13841241115861935,252,2010-01-04,2010-12-31,Static_QQQ90_goldcash,-0.00625809023103896,0.017680443003923574,True,True,True,True,True,True
2011,0.03475800926494377,-0.160992676056681,252,2011-01-03,2011-12-30,0.044978289129713245,-0.1396047041502756,252,2011-01-03,2011-12-30,Static_QQQ90_goldcash,0.010220279864769477,0.0213879719064054,True,True,True,True,True,True
2012,0.18112534240461264,-0.11637894714771613,250,2012-01-03,2012-12-31,0.16669366893819926,-0.10606280255753997,250,2012-01-03,2012-12-31,Static_QQQ90_goldcash,-0.014431673466413386,0.010316144590176157,True,True,True,True,True,True
2013,0.3663418084306618,-0.058537955039066336,252,2013-01-02,2013-12-31,0.3098282485492383,-0.056550563550893496,252,2013-01-02,2013-12-31,Static_QQQ90_goldcash,-0.05651355988142348,0.0019873914881728405,True,True,False,True,False,True
2014,0.19181382856500617,-0.0824853533251676,252,2014-01-02,2014-12-31,0.1792353781598317,-0.07282551280865424,252,2014-01-02,2014-12-31,Static_QQQ90_goldcash,-0.012578450405174468,0.009659840516513363,True,True,True,True,True,True
2015,0.09435929702570856,-0.13941054644448492,252,2015-01-02,2015-12-31,0.08171975784739871,-0.12459944392935507,252,2015-01-02,2015-12-31,Static_QQQ90_goldcash,-0.012639539178309844,0.014811102515129848,True,True,True,True,True,True
2016,0.0709787945809095,-0.13892378087763313,252,2016-01-04,2016-12-30,0.07079072677304721,-0.12012510508334451,252,2016-01-04,2016-12-30,Static_QQQ90_goldcash,-0.00018806780786229105,0.018798675794288622,True,True,True,True,True,True
2017,0.32663542829204406,-0.04882008555649564,251,2017-01-03,2017-12-29,0.29976404308751925,-0.04577886721499724,251,2017-01-03,2017-12-29,Static_QQQ90_goldcash,-0.02687138520452481,0.0030412183414983973,True,True,True,True,True,True
2018,-0.001262008063145803,-0.2279666681395237,251,2018-01-02,2018-12-31,0.0017883269766771903,-0.20516756501108047,251,2018-01-02,2018-12-31,Static_QQQ90_goldcash,0.0030503350398229934,0.022799103128443243,True,True,True,True,True,True
2019,0.3896158521282893,-0.10983202295735706,252,2019-01-02,2019-12-31,0.3617988198403026,-0.09694795553353353,252,2019-01-02,2019-12-31,Static_QQQ90_goldcash,-0.02781703228798671,0.012884067423823531,True,True,True,True,True,True
2020,0.48406128849703234,-0.2855935565828831,253,2020-01-02,2020-12-31,0.4512946473777646,-0.261833968116737,253,2020-01-02,2020-12-31,Static_QQQ90_goldcash,-0.03276664111926775,0.02375958846614612,True,True,True,True,True,True
2021,0.27419694495662195,-0.10851528987739201,252,2021-01-04,2021-12-31,0.24531011190974206,-0.10169792099246211,252,2021-01-04,2021-12-31,Static_QQQ90_goldcash,-0.02888683304687989,0.0068173688849298975,True,True,True,True,True,True
2022,-0.3257699158587175,-0.34827972472096713,251,2022-01-03,2022-12-30,-0.2987916675166389,-0.32322322204811127,251,2022-01-03,2022-12-30,Static_QQQ90_goldcash,0.026978248342078626,0.025056502672855863,True,True,True,True,True,True
2023,0.5485553825101768,-0.10779921970614925,250,2023-01-03,2023-12-29,0.49391811414560194,-0.09966599004576038,250,2023-01-03,2023-12-29,Static_QQQ90_goldcash,-0.05463726836457483,0.008133229660388874,True,True,False,True,False,True
2024,0.2557826665909926,-0.13557734253565956,252,2024-01-02,2024-12-31,0.24367711491643873,-0.12131681690541873,252,2024-01-02,2024-12-31,Static_QQQ90_goldcash,-0.01210555167455385,0.014260525630240828,True,True,True,True,True,True
2025,0.20772555521686442,-0.22768308447045493,250,2025-01-02,2025-12-31,0.2141443357959485,-0.20684717460634994,250,2025-01-02,2025-12-31,Static_QQQ90_goldcash,0.006418780579084071,0.020835909864104996,True,True,True,True,True,True
2026,0.17623378608717455,-0.11723576957697124,151,2026-01-02,2026-08-10,0.16088841591194902,-0.11020719209456975,151,2026-01-02,2026-08-10,Static_QQQ90_goldcash,-0.015345370175225526,0.007028577482401488,True,True,True,True,True,True
2007,0.08794543063840421,-0.11448260142528455,150,2007-05-30,2007-12-31,0.09141603090470451,-0.10285828358827798,150,2007-05-30,2007-12-31,Static_QQQ90_rates,0.0034706002663003055,0.01162431783700657,True,True,True,True,True,True
2008,-0.4172714865371451,-0.4999007426178871,253,2008-01-02,2008-12-31,-0.3727059491412741,-0.45948377295167153,253,2008-01-02,2008-12-31,Static_QQQ90_rates,0.04456553739587099,0.04041696966621555,True,True,True,True,True,True
2009,0.5468412950214381,-0.18285720465447075,252,2009-01-02,2009-12-31,0.48099269326325533,-0.16693686258122764,252,2009-01-02,2009-12-31,Static_QQQ90_rates,-0.06584860175818275,0.01592034207324311,True,True,False,True,False,True
2010,0.20143762567919277,-0.15609285416254293,252,2010-01-04,2010-12-31,0.19379666873029056,-0.13622744981455437,252,2010-01-04,2010-12-31,Static_QQQ90_rates,-0.007640956948902211,0.019865404347988558,True,True,True,True,True,True
2011,0.03475800926494377,-0.160992676056681,252,2011-01-03,2011-12-30,0.05209098391042155,-0.1378035265536517,252,2011-01-03,2011-12-30,Static_QQQ90_rates,0.017332974645477783,0.023189149503029305,True,True,True,True,True,True
2012,0.18112534240461264,-0.11637894714771613,250,2012-01-03,2012-12-31,0.16671199635476364,-0.10453817557481426,250,2012-01-03,2012-12-31,Static_QQQ90_rates,-0.014413346049849007,0.011840771572901865,True,True,True,True,True,True
2013,0.3663418084306618,-0.058537955039066336,252,2013-01-02,2013-12-31,0.3116506091626394,-0.05737520799757234,252,2013-01-02,2013-12-31,Static_QQQ90_rates,-0.05469119926802235,0.0011627470414939944,True,True,False,True,False,True
2014,0.19181382856500617,-0.0824853533251676,252,2014-01-02,2014-12-31,0.18682981373110108,-0.07125728318691338,252,2014-01-02,2014-12-31,Static_QQQ90_rates,-0.004984014833905093,0.01122807013825422,True,True,True,True,True,True
2015,0.09435929702570856,-0.13941054644448492,252,2015-01-02,2015-12-31,0.08341673182681997,-0.1238701982179864,252,2015-01-02,2015-12-31,Static_QQQ90_rates,-0.010942565198888587,0.015540348226498524,True,True,True,True,True,True
2016,0.0709787945809095,-0.13892378087763313,252,2016-01-04,2016-12-30,0.06982747243652998,-0.11964439014799289,252,2016-01-04,2016-12-30,Static_QQQ90_rates,-0.0011513221443795185,0.019279390729640244,True,True,True,True,True,True
2017,0.32663542829204406,-0.04882008555649564,251,2017-01-03,2017-12-29,0.300235656475788,-0.04507934980404715,251,2017-01-03,2017-12-29,Static_QQQ90_rates,-0.02639977181625608,0.0037407357524484874,True,True,True,True,True,True
2018,-0.001262008063145803,-0.2279666681395237,251,2018-01-02,2018-12-31,0.0016125729178966264,-0.20548814562150364,251,2018-01-02,2018-12-31,Static_QQQ90_rates,0.0028745809810424294,0.022478522518020072,True,True,True,True,True,True
2019,0.3896158521282893,-0.10983202295735706,252,2019-01-02,2019-12-31,0.36289445356458216,-0.09584820826406493,252,2019-01-02,2019-12-31,Static_QQQ90_rates,-0.026721398563707144,0.01398381469329213,True,True,True,True,True,True
2020,0.48406128849703234,-0.2855935565828831,253,2020-01-02,2020-12-31,0.45423757914999285,-0.25846708400267115,253,2020-01-02,2020-12-31,Static_QQQ90_rates,-0.029823709347039484,0.027126472580211947,True,True,True,True,True,True
2021,0.27419694495662195,-0.10851528987739201,252,2021-01-04,2021-12-31,0.24475771728802065,-0.10205290358831909,252,2021-01-04,2021-12-31,Static_QQQ90_rates,-0.029439227668601298,0.006462386289072919,True,True,True,True,True,True
2022,-0.3257699158587175,-0.34827972472096713,251,2022-01-03,2022-12-30,-0.3051516070181356,-0.3286743481648271,251,2022-01-03,2022-12-30,Static_QQQ90_rates,0.02061830884058191,0.01960537655614003,True,True,True,True,True,True
2023,0.5485553825101768,-0.10779921970614925,250,2023-01-03,2023-12-29,0.49175123228464446,-0.10395195584227368,250,2023-01-03,2023-12-29,Static_QQQ90_rates,-0.05680415022553231,0.003847263863875572,True,True,False,True,False,True
2024,0.2557826665909926,-0.13557734253565956,252,2024-01-02,2024-12-31,0.2362177420641618,-0.1205430410437156,252,2024-01-02,2024-12-31,Static_QQQ90_rates,-0.019564924526830785,0.015034301491943958,True,True,True,True,True,True
2025,0.20772555521686442,-0.22768308447045493,250,2025-01-02,2025-12-31,0.20578964783135878,-0.2068491218154037,250,2025-01-02,2025-12-31,Static_QQQ90_rates,-0.001935907385505642,0.02083396265505122,True,True,True,True,True,True
2026,0.17623378608717455,-0.11723576957697124,151,2026-01-02,2026-08-10,0.15908306571333353,-0.10812563146854048,151,2026-01-02,2026-08-10,Static_QQQ90_rates,-0.017150720373841022,0.009110138108430754,True,True,True,True,True,True
2007,0.08794543063840421,-0.11448260142528455,150,2007-05-30,2007-12-31,0.08961717440246897,-0.1089064752170158,150,2007-05-30,2007-12-31,Static_QQQ95_balanced,0.0016717437640647592,0.00557612620826875,True,True,True,True,True,True
2008,-0.4172714865371451,-0.4999007426178871,253,2008-01-02,2008-12-31,-0.3971678099891751,-0.4813884657257538,253,2008-01-02,2008-12-31,Static_QQQ95_balanced,0.020103676547969962,0.018512276892133306,True,True,True,True,True,True
2009,0.5468412950214381,-0.18285720465447075,252,2009-01-02,2009-12-31,0.5174158511481999,-0.17552354573544704,252,2009-01-02,2009-12-31,Static_QQQ95_balanced,-0.0294254438732382,0.007333658919023711,True,True,True,True,True,True
2010,0.20143762567919277,-0.15609285416254293,252,2010-01-04,2010-12-31,0.19758018798925692,-0.14709741104926322,252,2010-01-04,2010-12-31,Static_QQQ95_balanced,-0.00385743768993585,0.00899544311327971,True,True,True,True,True,True
2011,0.03475800926494377,-0.160992676056681,252,2011-01-03,2011-12-30,0.04155913620403351,-0.15032398001575475,252,2011-01-03,2011-12-30,Static_QQQ95_balanced,0.006801126939089741,0.01066869604092624,True,True,True,True,True,True
2012,0.18112534240461264,-0.11637894714771613,250,2012-01-03,2012-12-31,0.17379338586845172,-0.11098266515232347,250,2012-01-03,2012-12-31,Static_QQQ95_balanced,-0.007331956536160922,0.00539628199539266,True,True,True,True,True,True
2013,0.3663418084306618,-0.058537955039066336,252,2013-01-02,2013-12-31,0.3394423478190469,-0.05772843713811093,252,2013-01-02,2013-12-31,Static_QQQ95_balanced,-0.026899460611614856,0.0008095179009554032,True,True,True,True,True,True
2014,0.19181382856500617,-0.0824853533251676,252,2014-01-02,2014-12-31,0.18784955372379408,-0.07733269358107497,252,2014-01-02,2014-12-31,Static_QQQ95_balanced,-0.00396427484121209,0.005152659744092625,True,True,True,True,True,True
2015,0.09435929702570856,-0.13941054644448492,252,2015-01-02,2015-12-31,0.08850133995086518,-0.1320024524163208,252,2015-01-02,2015-12-31,Static_QQQ95_balanced,-0.0058579570748433785,0.007408094028164114,True,True,True,True,True,True
2016,0.0709787945809095,-0.13892378087763313,252,2016-01-04,2016-12-30,0.07094222061865296,-0.129514036221135,252,2016-01-04,2016-12-30,Static_QQQ95_balanced,-3.657396225653642e-05,0.009409744656498131,True,True,True,True,True,True
2017,0.32663542829204406,-0.04882008555649564,251,2017-01-03,2017-12-29,0.3132998542887462,-0.04713915694021942,251,2017-01-03,2017-12-29,Static_QQQ95_balanced,-0.013335574003297879,0.0016809286162762227,True,True,True,True,True,True
2018,-0.001262008063145803,-0.2279666681395237,251,2018-01-02,2018-12-31,0.00042747973004275686,-0.21680692813041735,251,2018-01-02,2018-12-31,Static_QQQ95_balanced,0.00168948779318856,0.011159740009106356,True,True,True,True,True,True
2019,0.3896158521282893,-0.10983202295735706,252,2019-01-02,2019-12-31,0.3762275014555032,-0.10323378444278697,252,2019-01-02,2019-12-31,Static_QQQ95_balanced,-0.013388350672786098,0.006598238514570087,True,True,True,True,True,True
2020,0.48406128849703234,-0.2855935565828831,253,2020-01-02,2020-12-31,0.4676987627203324,-0.27361885506777905,253,2020-01-02,2020-12-31,Static_QQQ95_balanced,-0.016362525776699943,0.011974701515104047,True,True,True,True,True,True
2021,0.27419694495662195,-0.10851528987739201,252,2021-01-04,2021-12-31,0.2602276488555355,-0.10511216904574461,252,2021-01-04,2021-12-31,Static_QQQ95_balanced,-0.013969296101086437,0.0034031208316473993,True,True,True,True,True,True
2022,-0.3257699158587175,-0.34827972472096713,251,2022-01-03,2022-12-30,-0.31357377292353616,-0.3368228394299043,251,2022-01-03,2022-12-30,Static_QQQ95_balanced,0.012196142935181342,0.011456885291062813,True,True,True,True,True,True
2023,0.5485553825101768,-0.10779921970614925,250,2023-01-03,2023-12-29,0.5199315716880224,-0.10469429552734433,250,2023-01-03,2023-12-29,Static_QQQ95_balanced,-0.028623810822154372,0.0031049241788049242,True,True,True,True,True,True
2024,0.2557826665909926,-0.13557734253565956,252,2024-01-02,2024-12-31,0.24831686965349276,-0.128206531713839,252,2024-01-02,2024-12-31,Static_QQQ95_balanced,-0.0074657969374998245,0.0073708108218205615,True,True,True,True,True,True
2025,0.20772555521686442,-0.22768308447045493,250,2025-01-02,2025-12-31,0.20852179361679601,-0.21751929240463375,250,2025-01-02,2025-12-31,Static_QQQ95_balanced,0.0007962383999315925,0.010163792065821187,True,True,True,True,True,True
2026,0.17623378608717455,-0.11723576957697124,151,2026-01-02,2026-08-10,0.16821818266588906,-0.11287203967243564,151,2026-01-02,2026-08-10,Static_QQQ95_balanced,-0.008015603421285489,0.004363729904535596,True,True,True,True,True,True
2007,0.08794543063840421,-0.11448260142528455,150,2007-05-30,2007-12-31,0.0853486057170687,-0.10887892383302733,150,2007-05-30,2007-12-31,Static_QQQ95_bil,-0.0025968249213355055,0.005603677592257217,True,True,True,True,True,True
2008,-0.4172714865371451,-0.4999007426178871,253,2008-01-02,2008-12-31,-0.398518205964681,-0.48009105583695777,253,2008-01-02,2008-12-31,Static_QQQ95_bil,0.01875328057246406,0.019809686780929314,True,True,True,True,True,True
2009,0.5468412950214381,-0.18285720465447075,252,2009-01-02,2009-12-31,0.5160323604486521,-0.17434170418688966,252,2009-01-02,2009-12-31,Static_QQQ95_bil,-0.030808934572785995,0.008515500467581094,True,True,True,True,True,True
2010,0.20143762567919277,-0.15609285416254293,252,2010-01-04,2010-12-31,0.1914949225435536,-0.14853417250508116,252,2010-01-04,2010-12-31,Static_QQQ95_bil,-0.009942703135639164,0.007558681657461763,True,True,True,True,True,True
2011,0.03475800926494377,-0.160992676056681,252,2011-01-03,2011-12-30,0.03435419667317863,-0.15325857345411087,252,2011-01-03,2011-12-30,Static_QQQ95_bil,-0.0004038125917651403,0.007734102602570125,True,True,True,True,True,True
2012,0.18112534240461264,-0.11637894714771613,250,2012-01-03,2012-12-31,0.1719603066263551,-0.11080983456981652,250,2012-01-03,2012-12-31,Static_QQQ95_bil,-0.009165035778257558,0.005569112577899604,True,True,True,True,True,True
2013,0.3663418084306618,-0.058537955039066336,252,2013-01-02,2013-12-31,0.3456116933103772,-0.05564684066306669,252,2013-01-02,2013-12-31,Static_QQQ95_bil,-0.020730115120284553,0.0028911143759996483,True,True,True,True,True,True
2014,0.19181382856500617,-0.0824853533251676,252,2014-01-02,2014-12-31,0.18190449249559615,-0.07847244730601177,252,2014-01-02,2014-12-31,Static_QQQ95_bil,-0.009909336069410024,0.004012906019155826,True,True,True,True,True,True
2015,0.09435929702570856,-0.13941054644448492,252,2015-01-02,2015-12-31,0.09019137411370881,-0.13281099888766046,252,2015-01-02,2015-12-31,Static_QQQ95_bil,-0.004167922911999744,0.006599547556824459,True,True,True,True,True,True
2016,0.0709787945809095,-0.13892378087763313,252,2016-01-04,2016-12-30,0.0680386596959337,-0.13226652092658497,252,2016-01-04,2016-12-30,Static_QQQ95_bil,-0.002940134884975798,0.006657259951048156,True,True,True,True,True,True
2017,0.32663542829204406,-0.04882008555649564,251,2017-01-03,2017-12-29,0.30880591627365006,-0.04634984617948812,251,2017-01-03,2017-12-29,Static_QQQ95_bil,-0.017829512018394,0.0024702393770075215,True,True,True,True,True,True
2018,-0.001262008063145803,-0.2279666681395237,251,2018-01-02,2018-12-31,0.0009043070872232217,-0.21719757116140903,251,2018-01-02,2018-12-31,Static_QQQ95_bil,0.0021663151503690248,0.010769096978114678,True,True,True,True,True,True
2019,0.3896158521282893,-0.10983202295735706,252,2019-01-02,2019-12-31,0.36917901901149763,-0.10447733498735945,252,2019-01-02,2019-12-31,Static_QQQ95_bil,-0.020436833116791675,0.005354687969997607,True,True,True,True,True,True
2020,0.48406128849703234,-0.2855935565828831,253,2020-01-02,2020-12-31,0.4598450300288093,-0.2724384321686092,253,2020-01-02,2020-12-31,Static_QQQ95_bil,-0.024216258468223062,0.013155124414273911,True,True,True,True,True,True
2021,0.27419694495662195,-0.10851528987739201,252,2021-01-04,2021-12-31,0.25978692885875154,-0.10326869831191221,252,2021-01-04,2021-12-31,Static_QQQ95_bil,-0.014410016097870404,0.005246591565479797,True,True,True,True,True,True
2022,-0.3257699158587175,-0.34827972472096713,251,2022-01-03,2022-12-30,-0.31017517514361936,-0.33249339817254786,251,2022-01-03,2022-12-30,Static_QQQ95_bil,0.015594740715098143,0.01578632654841927,True,True,True,True,True,True
2023,0.5485553825101768,-0.10779921970614925,250,2023-01-03,2023-12-29,0.5198752828987336,-0.10185727556024193,250,2023-01-03,2023-12-29,Static_QQQ95_bil,-0.028680099611443133,0.0059419441459073186,True,True,True,True,True,True
2024,0.2557826665909926,-0.13557734253565956,252,2024-01-02,2024-12-31,0.24567271572605942,-0.12893582542589788,252,2024-01-02,2024-12-31,Static_QQQ95_bil,-0.01010995086493316,0.006641517109761685,True,True,True,True,True,True
2025,0.20772555521686442,-0.22768308447045493,250,2025-01-02,2025-12-31,0.2003540707662168,-0.21712821647255554,250,2025-01-02,2025-12-31,Static_QQQ95_bil,-0.007371484450647614,0.010554867997899398,True,True,True,True,True,True
2026,0.17623378608717455,-0.11723576957697124,151,2026-01-02,2026-08-10,0.16877293160656426,-0.11132611912394252,151,2026-01-02,2026-08-10,Static_QQQ95_bil,-0.0074608544806102906,0.005909650453028714,True,True,True,True,True,True
2007,0.08794543063840421,-0.11448260142528455,150,2007-05-30,2007-12-31,0.09031044589322756,-0.10894441403687538,150,2007-05-30,2007-12-31,Static_QQQ95_goldcash,0.002365015254823355,0.005538187388409166,True,True,True,True,True,True
2008,-0.4172714865371451,-0.4999007426178871,253,2008-01-02,2008-12-31,-0.3972576835912023,-0.4813480478269794,253,2008-01-02,2008-12-31,Static_QQQ95_goldcash,0.020013802945942794,0.01855269479090771,True,True,True,True,True,True
2009,0.5468412950214381,-0.18285720465447075,252,2009-01-02,2009-12-31,0.5204521964240443,-0.17490923568196337,252,2009-01-02,2009-12-31,Static_QQQ95_goldcash,-0.0263890985973938,0.00794796897250738,True,True,True,True,True,True
2010,0.20143762567919277,-0.15609285416254293,252,2010-01-04,2010-12-31,0.19836218817125162,-0.1472773027133999,252,2010-01-04,2010-12-31,Static_QQQ95_goldcash,-0.003075437507941148,0.008815551449143033,True,True,True,True,True,True
2011,0.03475800926494377,-0.160992676056681,252,2011-01-03,2011-12-30,0.03994258847770271,-0.15034197345612443,252,2011-01-03,2011-12-30,Static_QQQ95_goldcash,0.005184579212758944,0.01065070260055656,True,True,True,True,True,True
2012,0.18112534240461264,-0.11637894714771613,250,2012-01-03,2012-12-31,0.17392467147734925,-0.11123185108278422,250,2012-01-03,2012-12-31,Static_QQQ95_goldcash,-0.007200670927263397,0.005147096064931911,True,True,True,True,True,True
2013,0.3663418084306618,-0.058537955039066336,252,2013-01-02,2013-12-31,0.33781948017208063,-0.05744625227151379,252,2013-01-02,2013-12-31,Static_QQQ95_goldcash,-0.028522328258581142,0.0010917027675525492,True,True,True,True,True,True
2014,0.19181382856500617,-0.0824853533251676,252,2014-01-02,2014-12-31,0.1855460551938659,-0.07766381654620536,252,2014-01-02,2014-12-31,Static_QQQ95_goldcash,-0.006267773371140262,0.004821536778962243,True,True,True,True,True,True
2015,0.09435929702570856,-0.13941054644448492,252,2015-01-02,2015-12-31,0.08807189938383275,-0.1320296420072764,252,2015-01-02,2015-12-31,Static_QQQ95_goldcash,-0.006287397641875803,0.007380904437208513,True,True,True,True,True,True
2016,0.0709787945809095,-0.13892378087763313,252,2016-01-04,2016-12-30,0.07093668829470001,-0.12956228910242795,252,2016-01-04,2016-12-30,Static_QQQ95_goldcash,-4.2106286209486754e-05,0.009361491775205177,True,True,True,True,True,True
2017,0.32663542829204406,-0.04882008555649564,251,2017-01-03,2017-12-29,0.3131546368546405,-0.047298396302070556,251,2017-01-03,2017-12-29,Static_QQQ95_goldcash,-0.01348079143740355,0.0015216892544250848,True,True,True,True,True,True
2018,-0.001262008063145803,-0.2279666681395237,251,2018-01-02,2018-12-31,0.0003305778330295883,-0.2166240893656204,251,2018-01-02,2018-12-31,Static_QQQ95_goldcash,0.0015925858961753914,0.011342578773903322,True,True,True,True,True,True
2019,0.3896158521282893,-0.10983202295735706,252,2019-01-02,2019-12-31,0.37569674437567846,-0.10340725130490269,252,2019-01-02,2019-12-31,Static_QQQ95_goldcash,-0.013919107752610849,0.006424771652454364,True,True,True,True,True,True
2020,0.48406128849703234,-0.2855935565828831,253,2020-01-02,2020-12-31,0.46780369461146387,-0.27376196520584695,253,2020-01-02,2020-12-31,Static_QQQ95_goldcash,-0.016257593885568467,0.011831591377036155,True,True,True,True,True,True
2021,0.27419694495662195,-0.10851528987739201,252,2021-01-04,2021-12-31,0.25972099639916224,-0.10510809467794968,252,2021-01-04,2021-12-31,Static_QQQ95_goldcash,-0.014475948557459706,0.0034071951994423255,True,True,True,True,True,True
2022,-0.3257699158587175,-0.34827972472096713,251,2022-01-03,2022-12-30,-0.31233015295769484,-0.33579753136182444,251,2022-01-03,2022-12-30,Static_QQQ95_goldcash,0.013439762901022667,0.01248219335914269,True,True,True,True,True,True
2023,0.5485553825101768,-0.10779921970614925,250,2023-01-03,2023-12-29,0.5210550956996209,-0.10369222182048476,250,2023-01-03,2023-12-29,Static_QQQ95_goldcash,-0.02750028681055583,0.004106997885664487,True,True,True,True,True,True
2024,0.2557826665909926,-0.13557734253565956,252,2024-01-02,2024-12-31,0.24976619052318783,-0.12846891259027637,252,2024-01-02,2024-12-31,Static_QQQ95_goldcash,-0.006016476067804755,0.007108429945383188,True,True,True,True,True,True
2025,0.20772555521686442,-0.22768308447045493,250,2025-01-02,2025-12-31,0.21101512370200393,-0.21731963279174926,250,2025-01-02,2025-12-31,Static_QQQ95_goldcash,0.0032895684851395046,0.01036345167870567,True,True,True,True,True,True
2026,0.17623378608717455,-0.11723576957697124,151,2026-01-02,2026-08-10,0.16857335390795902,-0.11372000312549424,151,2026-01-02,2026-08-10,Static_QQQ95_goldcash,-0.007660432179215526,0.003515766451476998,True,True,True,True,True,True
2007,0.08794543063840421,-0.11448260142528455,150,2007-05-30,2007-12-31,0.0897145552952896,-0.10868495057993177,150,2007-05-30,2007-12-31,Static_QQQ95_rates,0.0017691246568853902,0.005797650845352775,True,True,True,True,True,True
2008,-0.4172714865371451,-0.4999007426178871,253,2008-01-02,2008-12-31,-0.39526357118898425,-0.4799832355519401,253,2008-01-02,2008-12-31,Static_QQQ95_rates,0.022007915348160823,0.01991750706594697,True,True,True,True,True,True
2009,0.5468412950214381,-0.18285720465447075,252,2009-01-02,2009-12-31,0.5137066208243952,-0.17492135071857684,252,2009-01-02,2009-12-31,Static_QQQ95_rates,-0.03313467419704286,0.00793585393589391,True,True,True,True,True,True
2010,0.20143762567919277,-0.15609285416254293,252,2010-01-04,2010-12-31,0.197684506014415,-0.14619309028691396,252,2010-01-04,2010-12-31,Static_QQQ95_rates,-0.00375311966477776,0.009899763875628964,True,True,True,True,True,True
2011,0.03475800926494377,-0.160992676056681,252,2011-01-03,2011-12-30,0.04349643048512353,-0.14944896214068148,252,2011-01-03,2011-12-30,Static_QQQ95_rates,0.00873842122017976,0.01154371391599951,True,True,True,True,True,True
2012,0.18112534240461264,-0.11637894714771613,250,2012-01-03,2012-12-31,0.17394593921997648,-0.11047273534751989,250,2012-01-03,2012-12-31,Static_QQQ95_rates,-0.007179403184636168,0.005906211800196237,True,True,True,True,True,True
2013,0.3663418084306618,-0.058537955039066336,252,2013-01-02,2013-12-31,0.33875228921283274,-0.057879930311860894,252,2013-01-02,2013-12-31,Static_QQQ95_rates,-0.02758951921782904,0.0006580247272054418,True,True,True,True,True,True
2014,0.19181382856500617,-0.0824853533251676,252,2014-01-02,2014-12-31,0.1893605069669535,-0.07685728007053694,252,2014-01-02,2014-12-31,Static_QQQ95_rates,-0.0024533215980526712,0.005628073254630661,True,True,True,True,True,True
2015,0.09435929702570856,-0.13941054644448492,252,2015-01-02,2015-12-31,0.08893329320859489,-0.13166754138122783,252,2015-01-02,2015-12-31,Static_QQQ95_rates,-0.005426003817113667,0.007743005063257091,True,True,True,True,True,True
2016,0.0709787945809095,-0.13892378087763313,252,2016-01-04,2016-12-30,0.07045642048597811,-0.12932425213087728,252,2016-01-04,2016-12-30,Static_QQQ95_rates,-0.0005223740949313882,0.009599528746755848,True,True,True,True,True,True
2017,0.32663542829204406,-0.04882008555649564,251,2017-01-03,2017-12-29,0.3133949369598026,-0.04694917374983143,251,2017-01-03,2017-12-29,Static_QQQ95_rates,-0.013240491332241477,0.0018709118066642105,True,True,True,True,True,True
2018,-0.001262008063145803,-0.2279666681395237,251,2018-01-02,2018-12-31,0.00024664323247192144,-0.21678111193418215,251,2018-01-02,2018-12-31,Static_QQQ95_rates,0.0015086512956177245,0.011185556205341562,True,True,True,True,True,True
2019,0.3896158521282893,-0.10983202295735706,252,2019-01-02,2019-12-31,0.3762567052013974,-0.10286119988239428,252,2019-01-02,2019-12-31,Static_QQQ95_rates,-0.013359146926891885,0.006970823074962773,True,True,True,True,True,True
2020,0.48406128849703234,-0.2855935565828831,253,2020-01-02,2020-12-31,0.4693340196276876,-0.2720976911268693,253,2020-01-02,2020-12-31,Static_QQQ95_rates,-0.014727268869344723,0.013495865456013778,True,True,True,True,True,True
2021,0.27419694495662195,-0.10851528987739201,252,2021-01-04,2021-12-31,0.25944413737825367,-0.10528520425656474,252,2021-01-04,2021-12-31,Static_QQQ95_rates,-0.014752807578368277,0.003230085620827272,True,True,True,True,True,True
2022,-0.3257699158587175,-0.34827972472096713,251,2022-01-03,2022-12-30,-0.3154523256334618,-0.33847502654448736,251,2022-01-03,2022-12-30,Static_QQQ95_rates,0.01031759022525569,0.009804698176479776,True,True,True,True,True,True
2023,0.5485553825101768,-0.10779921970614925,250,2023-01-03,2023-12-29,0.519954461727939,-0.10576317804569513,250,2023-01-03,2023-12-29,Static_QQQ95_rates,-0.02860092078223775,0.0020360416604541243,True,True,True,True,True,True
2024,0.2557826665909926,-0.13557734253565956,252,2024-01-02,2024-12-31,0.24601753048442188,-0.1280841955379668,252,2024-01-02,2024-12-31,Static_QQQ95_rates,-0.009765136106570704,0.007493146997692768,True,True,True,True,True,True
2025,0.20772555521686442,-0.22768308447045493,250,2025-01-02,2025-12-31,0.20683912011348982,-0.21731887491354718,250,2025-01-02,2025-12-31,Static_QQQ95_rates,-0.0008864351033746054,0.010364209556907755,True,True,True,True,True,True
2026,0.17623378608717455,-0.11723576957697124,151,2026-01-02,2026-08-10,0.16766236553010616,-0.11268576586308976,151,2026-01-02,2026-08-10,Static_QQQ95_rates,-0.008571420557068388,0.004550003713881479,True,True,True,True,True,True
2007,0.08794543063840421,-0.11448260142528455,150,2007-05-30,2007-12-31,0.08878861479873135,-0.11169790055727347,150,2007-05-30,2007-12-31,Static_QQQ97.5_balanced,0.0008431841603271373,0.0027847008680110807,True,True,True,True,True,True
2008,-0.4172714865371451,-0.4999007426178871,253,2008-01-02,2008-12-31,-0.4072750153432849,-0.4907061218269141,253,2008-01-02,2008-12-31,Static_QQQ97.5_balanced,0.009996471193860157,0.009194620790972996,True,True,True,True,True,True
2009,0.5468412950214381,-0.18285720465447075,252,2009-01-02,2009-12-31,0.5320904784978382,-0.17919554250244007,252,2009-01-02,2009-12-31,Static_QQQ97.5_balanced,-0.014750816523599886,0.003661662152030676,True,True,True,True,True,True
2010,0.20143762567919277,-0.15609285416254293,252,2010-01-04,2010-12-31,0.1995223232459742,-0.15160184008588495,252,2010-01-04,2010-12-31,Static_QQQ97.5_balanced,-0.0019153024332185797,0.004491014076657973,True,True,True,True,True,True
2011,0.03475800926494377,-0.160992676056681,252,2011-01-03,2011-12-30,0.03817513663365757,-0.15566930707133453,252,2011-01-03,2011-12-30,Static_QQQ97.5_balanced,0.0034171273687138015,0.005323368985346466,True,True,True,True,True,True
2012,0.18112534240461264,-0.11637894714771613,250,2012-01-03,2012-12-31,0.17746388999382168,-0.11368378234104504,250,2012-01-03,2012-12-31,Static_QQQ97.5_balanced,-0.0036614524107909663,0.002695164806671091,True,True,True,True,True,True
2013,0.3663418084306618,-0.058537955039066336,252,2013-01-02,2013-12-31,0.3528330676474365,-0.058132732390128394,252,2013-01-02,2013-12-31,Static_QQQ97.5_balanced,-0.013508740783225281,0.0004052226489379418,True,True,True,True,True,True
2014,0.19181382856500617,-0.0824853533251676,252,2014-01-02,2014-12-31,0.18983943097777511,-0.07991154169799564,252,2014-01-02,2014-12-31,Static_QQQ97.5_balanced,-0.001974397587231058,0.0025738116271719624,True,True,True,True,True,True
2015,0.09435929702570856,-0.13941054644448492,252,2015-01-02,2015-12-31,0.09143926733137997,-0.1357127115121879,252,2015-01-02,2015-12-31,Static_QQQ97.5_balanced,-0.0029200296943285853,0.0036978349322970283,True,True,True,True,True,True
2016,0.0709787945809095,-0.13892378087763313,252,2016-01-04,2016-12-30,0.07097303229255925,-0.13422860402752523,252,2016-01-04,2016-12-30,Static_QQQ97.5_balanced,-5.762288350252831e-06,0.004695176850107896,True,True,True,True,True,True
2017,0.32663542829204406,-0.04882008555649564,251,2017-01-03,2017-12-29,0.31995682151191596,-0.04797940612980123,251,2017-01-03,2017-12-29,Static_QQQ97.5_balanced,-0.006678606780128105,0.0008406794266944129,True,True,True,True,True,True
2018,-0.001262008063145803,-0.2279666681395237,251,2018-01-02,2018-12-31,-0.00040026651890112674,-0.22240031392874027,251,2018-01-02,2018-12-31,Static_QQQ97.5_balanced,0.0008617415442446763,0.005566354210783442,True,True,True,True,True,True
2019,0.3896158521282893,-0.10983202295735706,252,2019-01-02,2019-12-31,0.3829207313142984,-0.10653750863902767,252,2019-01-02,2019-12-31,Static_QQQ97.5_balanced,-0.006695120813990929,0.003294514318329389,True,True,True,True,True,True
2020,0.48406128849703234,-0.2855935565828831,253,2020-01-02,2020-12-31,0.4759121042781389,-0.27961903459185977,253,2020-01-02,2020-12-31,Static_QQQ97.5_balanced,-0.008149184218893435,0.005974521991023329,True,True,True,True,True,True
2021,0.27419694495662195,-0.10851528987739201,252,2021-01-04,2021-12-31,0.2672055958652073,-0.1068141674311971,252,2021-01-04,2021-12-31,Static_QQQ97.5_balanced,-0.006991349091414634,0.0017011224461949137,True,True,True,True,True,True
2022,-0.3257699158587175,-0.34827972472096713,251,2022-01-03,2022-12-30,-0.31967893698264216,-0.3425586559922862,251,2022-01-03,2022-12-30,Static_QQQ97.5_balanced,0.006090978876075348,0.005721068728680945,True,True,True,True,True,True
2023,0.5485553825101768,-0.10779921970614925,250,2023-01-03,2023-12-29,0.5341924980094603,-0.10624267661874864,250,2023-01-03,2023-12-29,Static_QQQ97.5_balanced,-0.014362884500716433,0.001556543087400608,True,True,True,True,True,True
2024,0.2557826665909926,-0.13557734253565956,252,2024-01-02,2024-12-31,0.2520575083174159,-0.1318978119978289,252,2024-01-02,2024-12-31,Static_QQQ97.5_balanced,-0.0037251582735766675,0.0036795305378306553,True,True,True,True,True,True
2025,0.20772555521686442,-0.22768308447045493,250,2025-01-02,2025-12-31,0.20814360077592542,-0.222614043146386,250,2025-01-02,2025-12-31,Static_QQQ97.5_balanced,0.0004180455590609977,0.005069041324068935,True,True,True,True,True,True
2026,0.17623378608717455,-0.11723576957697124,151,2026-01-02,2026-08-10,0.17222831069733524,-0.11505481280737395,151,2026-01-02,2026-08-10,Static_QQQ97.5_balanced,-0.004005475389839308,0.0021809567695972865,True,True,True,True,True,True
2007,0.08794543063840421,-0.11448260142528455,150,2007-05-30,2007-12-31,0.08665466946404488,-0.11168402684020329,150,2007-05-30,2007-12-31,Static_QQQ97.5_bil,-0.001290761174359334,0.0027985745850812593,True,True,True,True,True,True
2008,-0.4172714865371451,-0.4999007426178871,253,2008-01-02,2008-12-31,-0.4079387558071794,-0.49006983825560557,253,2008-01-02,2008-12-31,Static_QQQ97.5_bil,0.009332730729965655,0.009830904362281512,True,True,True,True,True,True
2009,0.5468412950214381,-0.18285720465447075,252,2009-01-02,2009-12-31,0.5313906251872891,-0.1786078519516775,252,2009-01-02,2009-12-31,Static_QQQ97.5_bil,-0.015450669834149,0.004249352702793252,True,True,True,True,True,True
2010,0.20143762567919277,-0.15609285416254293,252,2010-01-04,2010-12-31,0.1964699265815879,-0.15231736276912478,252,2010-01-04,2010-12-31,Static_QQQ97.5_bil,-0.004967699097604861,0.003775491393418151,True,True,True,True,True,True
2011,0.03475800926494377,-0.160992676056681,252,2011-01-03,2011-12-30,0.03457436366372457,-0.15712999642338443,252,2011-01-03,2011-12-30,Static_QQQ97.5_bil,-0.0001836456012191956,0.003862679633296562,True,True,True,True,True,True
2012,0.18112534240461264,-0.11637894714771613,250,2012-01-03,2012-12-31,0.17654248365273473,-0.11359775978507114,250,2012-01-03,2012-12-31,Static_QQQ97.5_bil,-0.004582858751877916,0.002781187362644988,True,True,True,True,True,True
2013,0.3663418084306618,-0.058537955039066336,252,2013-01-02,2013-12-31,0.35594359285314203,-0.05709288090925568,252,2013-01-02,2013-12-31,Static_QQQ97.5_bil,-0.010398215577519743,0.0014450741298106529,True,True,True,True,True,True
2014,0.19181382856500617,-0.0824853533251676,252,2014-01-02,2014-12-31,0.18685597032255163,-0.0804802279151502,252,2014-01-02,2014-12-31,Static_QQQ97.5_bil,-0.004957858242454538,0.0020051254100174054,True,True,True,True,True,True
2015,0.09435929702570856,-0.13941054644448492,252,2015-01-02,2015-12-31,0.09228425711281774,-0.13611553655062147,252,2015-01-02,2015-12-31,Static_QQQ97.5_bil,-0.0020750399128908192,0.003295009893863443,True,True,True,True,True,True
2016,0.0709787945809095,-0.13892378087763313,252,2016-01-04,2016-12-30,0.06951654136709551,-0.13559912123925244,252,2016-01-04,2016-12-30,Static_QQQ97.5_bil,-0.001462253213813991,0.0033246596383806892,True,True,True,True,True,True
2017,0.32663542829204406,-0.04882008555649564,251,2017-01-03,2017-12-29,0.3176949954571566,-0.04758510128841431,251,2017-01-03,2017-12-29,Static_QQQ97.5_bil,-0.008940432834887435,0.0012349842680813294,True,True,True,True,True,True
2018,-0.001262008063145803,-0.2279666681395237,251,2018-01-02,2018-12-31,-0.00016303622723645717,-0.22259475362430103,251,2018-01-02,2018-12-31,Static_QQQ97.5_bil,0.0010989718359093459,0.0053719145152226755,True,True,True,True,True,True
2019,0.3896158521282893,-0.10983202295735706,252,2019-01-02,2019-12-31,0.3793710254413407,-0.10715762961678621,252,2019-01-02,2019-12-31,Static_QQQ97.5_bil,-0.010244826686948594,0.0026743933405708464,True,True,True,True,True,True
2020,0.48406128849703234,-0.2855935565828831,253,2020-01-02,2020-12-31,0.4719638745637438,-0.2790331283330245,253,2020-01-02,2020-12-31,Static_QQQ97.5_bil,-0.012097413933288559,0.006560428249858585,True,True,True,True,True,True
2021,0.27419694495662195,-0.10851528987739201,252,2021-01-04,2021-12-31,0.26698465277945105,-0.10589429475817025,252,2021-01-04,2021-12-31,Static_QQQ97.5_bil,-0.007212292177170898,0.0026209951192217584,True,True,True,True,True,True
2022,-0.3257699158587175,-0.34827972472096713,251,2022-01-03,2022-12-30,-0.31799497597646,-0.3404152293699805,251,2022-01-03,2022-12-30,Static_QQQ97.5_bil,0.0077749398822575255,0.007864495350986656,True,True,True,True,True,True
2023,0.5485553825101768,-0.10779921970614925,250,2023-01-03,2023-12-29,0.5341635794809232,-0.1048307892561644,250,2023-01-03,2023-12-29,Static_QQQ97.5_bil,-0.01439180302925358,0.002968430449984849,True,True,True,True,True,True
2024,0.2557826665909926,-0.13557734253565956,252,2024-01-02,2024-12-31,0.25073023008865736,-0.13226108160849037,252,2024-01-02,2024-12-31,Static_QQQ97.5_bil,-0.0050524365023352225,0.00331626092716919,True,True,True,True,True,True
2025,0.20772555521686442,-0.22768308447045493,250,2025-01-02,2025-12-31,0.20405432565042947,-0.2224196026856784,250,2025-01-02,2025-12-31,Static_QQQ97.5_bil,-0.0036712295664349526,0.005263481784776536,True,True,True,True,True,True
2026,0.17623378608717455,-0.11723576957697124,151,2026-01-02,2026-08-10,0.1725079301468364,-0.11428425087224714,151,2026-01-02,2026-08-10,Static_QQQ97.5_bil,-0.003725855940338141,0.0029515187047240987,True,True,True,True,True,True
2007,0.08794543063840421,-0.11448260142528455,150,2007-05-30,2007-12-31,0.08913489010448328,-0.11171684180753927,150,2007-05-30,2007-12-31,Static_QQQ97.5_goldcash,0.001189459466079068,0.002765759617745278,True,True,True,True,True,True
2008,-0.4172714865371451,-0.4999007426178871,253,2008-01-02,2008-12-31,-0.4073171437032227,-0.49068436719877084,253,2008-01-02,2008-12-31,Static_QQQ97.5_goldcash,0.00995434283392238,0.00921637541911624,True,True,True,True,True,True
2009,0.5468412950214381,-0.18285720465447075,252,2009-01-02,2009-12-31,0.5336230811389537,-0.1788895812428818,252,2009-01-02,2009-12-31,Static_QQQ97.5_goldcash,-0.013218213882484342,0.003967623411588961,True,True,True,True,True,True
2010,0.20143762567919277,-0.15609285416254293,252,2010-01-04,2010-12-31,0.19991336568657192,-0.15169126677604705,252,2010-01-04,2010-12-31,Static_QQQ97.5_goldcash,-0.0015242599926208467,0.0044015873864958754,True,True,True,True,True,True
2011,0.03475800926494377,-0.160992676056681,252,2011-01-03,2011-12-30,0.03736876755400509,-0.15567814195481444,252,2011-01-03,2011-12-30,Static_QQQ97.5_goldcash,0.0026107582890613212,0.005314534101866553,True,True,True,True,True,True
2012,0.18112534240461264,-0.11637894714771613,250,2012-01-03,2012-12-31,0.1775288683300833,-0.11380814047864829,250,2012-01-03,2012-12-31,Static_QQQ97.5_goldcash,-0.0035964740745293433,0.0025708066690678377,True,True,True,True,True,True
2013,0.3663418084306618,-0.058537955039066336,252,2013-01-02,2013-12-31,0.3520137269566015,-0.05799165210999957,252,2013-01-02,2013-12-31,Static_QQQ97.5_goldcash,-0.014328081474060284,0.0005463029290667665,True,True,True,True,True,True
2014,0.19181382856500617,-0.0824853533251676,252,2014-01-02,2014-12-31,0.18868537153993525,-0.08007668013648295,252,2014-01-02,2014-12-31,Static_QQQ97.5_goldcash,-0.0031284570250709187,0.0024086731886846513,True,True,True,True,True,True
2015,0.09435929702570856,-0.13941054644448492,252,2015-01-02,2015-12-31,0.09122378917443341,-0.135726241683086,252,2015-01-02,2015-12-31,Static_QQQ97.5_goldcash,-0.0031355078512751433,0.0036843047613989155,True,True,True,True,True,True
2016,0.0709787945809095,-0.13892378087763313,252,2016-01-04,2016-12-30,0.07097073126571019,-0.13425247665445394,252,2016-01-04,2016-12-30,Static_QQQ97.5_goldcash,-8.063315199313692e-06,0.004671304223179185,True,True,True,True,True,True
2017,0.32663542829204406,-0.04882008555649564,251,2017-01-03,2017-12-29,0.3198837614725132,-0.04805897192191333,251,2017-01-03,2017-12-29,Static_QQQ97.5_goldcash,-0.006751666819530877,0.0007611136345823111,True,True,True,True,True,True
2018,-0.001262008063145803,-0.2279666681395237,251,2018-01-02,2018-12-31,-0.00044889369073231045,-0.222309607320615,251,2018-01-02,2018-12-31,Static_QQQ97.5_goldcash,0.0008131143724134926,0.00565706081890871,True,True,True,True,True,True
2019,0.3896158521282893,-0.10983202295735706,252,2019-01-02,2019-12-31,0.3826537920992559,-0.10662394588591162,252,2019-01-02,2019-12-31,Static_QQQ97.5_goldcash,-0.0069620600290334345,0.0032080770714454365,True,True,True,True,True,True
2020,0.48406128849703234,-0.2855935565828831,253,2020-01-02,2020-12-31,0.4759647560367868,-0.27968988567076225,253,2020-01-02,2020-12-31,Static_QQQ97.5_goldcash,-0.008096532460245554,0.005903670912120851,True,True,True,True,True,True
2021,0.27419694495662195,-0.10851528987739201,252,2021-01-04,2021-12-31,0.2669509358004827,-0.10681206796866383,252,2021-01-04,2021-12-31,Static_QQQ97.5_goldcash,-0.007246009156139266,0.0017032219087281808,True,True,True,True,True,True
2022,-0.3257699158587175,-0.34827972472096713,251,2022-01-03,2022-12-30,-0.31906265303722114,-0.34205036572249803,251,2022-01-03,2022-12-30,Static_QQQ97.5_goldcash,0.0067072628214963625,0.006229358998469103,True,True,True,True,True,True
2023,0.5485553825101768,-0.10779921970614925,250,2023-01-03,2023-12-29,0.5347597001487965,-0.1057456532660811,250,2023-01-03,2023-12-29,Static_QQQ97.5_goldcash,-0.01379568236138029,0.0020535664400681553,True,True,True,True,True,True
2024,0.2557826665909926,-0.13557734253565956,252,2024-01-02,2024-12-31,0.2527835883807499,-0.13202857636684429,252,2024-01-02,2024-12-31,Static_QQQ97.5_goldcash,-0.0029990782102427005,0.003548766168815276,True,True,True,True,True,True
2025,0.20772555521686442,-0.22768308447045493,250,2025-01-02,2025-12-31,0.20939029752572047,-0.22251493736068162,250,2025-01-02,2025-12-31,Static_QQQ97.5_goldcash,0.0016647423088560487,0.005168147109773313,True,True,True,True,True,True
2026,0.17623378608717455,-0.11723576957697124,151,2026-01-02,2026-08-10,0.1724067062280723,-0.11547752482568963,151,2026-01-02,2026-08-10,Static_QQQ97.5_goldcash,-0.003827079859102245,0.0017582447512816124,True,True,True,True,True,True
2007,0.08794543063840421,-0.11448260142528455,150,2007-05-30,2007-12-31,0.08883842957701682,-0.11158739678427743,150,2007-05-30,2007-12-31,Static_QQQ97.5_rates,0.0008929989386126103,0.002895204641007121,True,True,True,True,True,True
2008,-0.4172714865371451,-0.4999007426178871,253,2008-01-02,2008-12-31,-0.40633620182432295,-0.49001428950446,253,2008-01-02,2008-12-31,Static_QQQ97.5_rates,0.010935284712822124,0.009886453113427063,True,True,True,True,True,True
2009,0.5468412950214381,-0.18285720465447075,252,2009-01-02,2009-12-31,0.5302215855822361,-0.17889535608848095,252,2009-01-02,2009-12-31,Static_QQQ97.5_rates,-0.01661970943920199,0.003961848565989801,True,True,True,True,True,True
2010,0.20143762567919277,-0.15609285416254293,252,2010-01-04,2010-12-31,0.19957799288844313,-0.15115122843013185,252,2010-01-04,2010-12-31,Static_QQQ97.5_rates,-0.0018596327907496324,0.004941625732411081,True,True,True,True,True,True
2011,0.03475800926494377,-0.160992676056681,252,2011-01-03,2011-12-30,0.039144920906424296,-0.15523353076666047,252,2011-01-03,2011-12-30,Static_QQQ97.5_rates,0.004386911641480529,0.005759145290020529,True,True,True,True,True,True
2012,0.18112534240461264,-0.11637894714771613,250,2012-01-03,2012-12-31,0.17754255504601035,-0.11342938129393798,250,2012-01-03,2012-12-31,Static_QQQ97.5_rates,-0.0035827873586022907,0.0029495658537781466,True,True,True,True,True,True
2013,0.3663418084306618,-0.058537955039066336,252,2013-01-02,2013-12-31,0.35248562404723716,-0.05820836194655876,252,2013-01-02,2013-12-31,Static_QQQ97.5_rates,-0.013856184383424619,0.00032959309250757407,True,True,True,True,True,True
2014,0.19181382856500617,-0.0824853533251676,252,2014-01-02,2014-12-31,0.19059687327283625,-0.07967438777736224,252,2014-01-02,2014-12-31,Static_QQQ97.5_rates,-0.001216955292169919,0.0028109655478053552,True,True,True,True,True,True
2015,0.09435929702570856,-0.13941054644448492,252,2015-01-02,2015-12-31,0.09165771810306511,-0.13554581991402814,252,2015-01-02,2015-12-31,Static_QQQ97.5_rates,-0.002701578922643444,0.0038647265304567746,True,True,True,True,True,True
2016,0.0709787945809095,-0.13892378087763313,252,2016-01-04,2016-12-30,0.07073094606982111,-0.1341340351970659,252,2016-01-04,2016-12-30,Static_QQQ97.5_rates,-0.0002478485110883888,0.004789745680567226,True,True,True,True,True,True
2017,0.32663542829204406,-0.04882008555649564,251,2017-01-03,2017-12-29,0.3200050457111405,-0.047884494852763915,251,2017-01-03,2017-12-29,Static_QQQ97.5_rates,-0.006630382580903538,0.0009355907037317257,True,True,True,True,True,True
2018,-0.001262008063145803,-0.2279666681395237,251,2018-01-02,2018-12-31,-0.0004898750314876743,-0.22238731072819873,251,2018-01-02,2018-12-31,Static_QQQ97.5_rates,0.0007721330316581287,0.005579357411324981,True,True,True,True,True,True
2019,0.3896158521282893,-0.10983202295735706,252,2019-01-02,2019-12-31,0.38293683493473685,-0.10635187200206353,252,2019-01-02,2019-12-31,Static_QQQ97.5_rates,-0.006679017193552461,0.003480150955293526,True,True,True,True,True,True
2020,0.48406128849703234,-0.2855935565828831,253,2020-01-02,2020-12-31,0.4767447738762922,-0.27886254156915946,253,2020-01-02,2020-12-31,Static_QQQ97.5_rates,-0.007316514620740122,0.00673101501372364,True,True,True,True,True,True
2021,0.27419694495662195,-0.10851528987739201,252,2021-01-04,2021-12-31,0.26681234868771875,-0.10690052736717393,252,2021-01-04,2021-12-31,Static_QQQ97.5_rates,-0.0073845962689031985,0.0016147625102180818,True,True,True,True,True,True
2022,-0.3257699158587175,-0.34827972472096713,251,2022-01-03,2022-12-30,-0.3206093443425272,-0.3433771455568524,251,2022-01-03,2022-12-30,Static_QQQ97.5_rates,0.005160571516190315,0.00490257916411474,True,True,True,True,True,True
2023,0.5485553825101768,-0.10779921970614925,250,2023-01-03,2023-12-29,0.5342050530761886,-0.10675068152068579,250,2023-01-03,2023-12-29,Static_QQQ97.5_rates,-0.014350329433988174,0.0010485381854634657,True,True,True,True,True,True
2024,0.2557826665909926,-0.13557734253565956,252,2024-01-02,2024-12-31,0.2509045581749385,-0.1318367597371911,252,2024-01-02,2024-12-31,Static_QQQ97.5_rates,-0.004878108416054072,0.0037405827984684503,True,True,True,True,True,True
2025,0.20772555521686442,-0.22768308447045493,250,2025-01-02,2025-12-31,0.20730273725351323,-0.2225141328997734,250,2025-01-02,2025-12-31,Static_QQQ97.5_rates,-0.00042281796335119637,0.005168951570681535,True,True,True,True,True,True
2026,0.17623378608717455,-0.11723576957697124,151,2026-01-02,2026-08-10,0.17194913002177237,-0.11496203837397123,151,2026-01-02,2026-08-10,Static_QQQ97.5_rates,-0.0042846560654021815,0.0022737312030000068,True,True,True,True,True,True
2007,0.08794543063840421,-0.11448260142528455,150,2007-05-30,2007-12-31,0.025028679067543802,-0.0023907971215914037,150,2007-05-30,2007-12-31,Trend_150_50_goldcash,-0.06291675157086041,0.11209180430369314,True,True,False,True,False,True
2008,-0.4172714865371451,-0.4999007426178871,253,2008-01-02,2008-12-31,-0.2826766298946778,-0.36904701616610247,253,2008-01-02,2008-12-31,Trend_150_50_goldcash,0.1345948566424673,0.1308537264517846,True,True,True,True,True,True
2009,0.5468412950214381,-0.18285720465447075,252,2009-01-02,2009-12-31,0.4243119674425213,-0.10123187665003697,252,2009-01-02,2009-12-31,Trend_150_50_goldcash,-0.12252932757891677,0.08162532800443378,True,True,False,False,False,False
2010,0.20143762567919277,-0.15609285416254293,252,2010-01-04,2010-12-31,0.13889314261915597,-0.15036069750636183,252,2010-01-04,2010-12-31,Trend_150_50_goldcash,-0.06254448306003679,0.005732156656181098,True,True,False,True,False,True
2011,0.03475800926494377,-0.160992676056681,252,2011-01-03,2011-12-30,0.016538970309385004,-0.160992676056681,252,2011-01-03,2011-12-30,Trend_150_50_goldcash,-0.018219038955558764,0.0,True,False,True,True,True,True
2012,0.18112534240461264,-0.11637894714771613,250,2012-01-03,2012-12-31,0.13969568332593774,-0.11849292756383789,250,2012-01-03,2012-12-31,Trend_150_50_goldcash,-0.04142965907867491,-0.0021139804161217635,False,False,True,True,False,False
2013,0.3663418084306618,-0.058537955039066336,252,2013-01-02,2013-12-31,0.3663418084306618,-0.058537955039066336,252,2013-01-02,2013-12-31,Trend_150_50_goldcash,0.0,0.0,True,False,True,True,True,True
2014,0.19181382856500617,-0.0824853533251676,252,2014-01-02,2014-12-31,0.19181382856500617,-0.0824853533251676,252,2014-01-02,2014-12-31,Trend_150_50_goldcash,0.0,0.0,True,False,True,True,True,True
2015,0.09435929702570856,-0.13941054644448492,252,2015-01-02,2015-12-31,0.029101061654997817,-0.13941054644448492,252,2015-01-02,2015-12-31,Trend_150_50_goldcash,-0.06525823537071074,0.0,True,False,False,True,False,True
2016,0.0709787945809095,-0.13892378087763313,252,2016-01-04,2016-12-30,0.03577109033931691,-0.1112378546341054,252,2016-01-04,2016-12-30,Trend_150_50_goldcash,-0.035207704241592586,0.027685926243527725,True,True,True,True,True,True
2017,0.32663542829204406,-0.04882008555649564,251,2017-01-03,2017-12-29,0.32663542829204406,-0.04882008555649564,251,2017-01-03,2017-12-29,Trend_150_50_goldcash,0.0,0.0,True,False,True,True,True,True
2018,-0.001262008063145803,-0.2279666681395237,251,2018-01-02,2018-12-31,0.03870618946987969,-0.1466578251879691,251,2018-01-02,2018-12-31,Trend_150_50_goldcash,0.039968197533025496,0.0813088429515546,True,True,True,True,True,True
2019,0.3896158521282893,-0.10983202295735706,252,2019-01-02,2019-12-31,0.25416536823096325,-0.10983202295735672,252,2019-01-02,2019-12-31,Trend_150_50_goldcash,-0.13545048389732606,3.3306690738754696e-16,True,False,False,False,False,False
2020,0.48406128849703234,-0.2855935565828831,253,2020-01-02,2020-12-31,0.39703775094601745,-0.2855935565828831,253,2020-01-02,2020-12-31,Trend_150_50_goldcash,-0.08702353755101488,0.0,True,False,False,True,False,True
2021,0.27419694495662195,-0.10851528987739201,252,2021-01-04,2021-12-31,0.27419694495662195,-0.10851528987739201,252,2021-01-04,2021-12-31,Trend_150_50_goldcash,0.0,0.0,True,False,True,True,True,True
2022,-0.3257699158587175,-0.34827972472096713,251,2022-01-03,2022-12-30,-0.25188481614090397,-0.2762151039312074,251,2022-01-03,2022-12-30,Trend_150_50_goldcash,0.07388509971781354,0.07206462078975973,True,True,True,True,True,True
2023,0.5485553825101768,-0.10779921970614925,250,2023-01-03,2023-12-29,0.4737045349804525,-0.10779921970614981,250,2023-01-03,2023-12-29,Trend_150_50_goldcash,-0.07485084752972426,-5.551115123125783e-16,True,False,False,True,False,True
2024,0.2557826665909926,-0.13557734253565956,252,2024-01-02,2024-12-31,0.2557826665909926,-0.13557734253565956,252,2024-01-02,2024-12-31,Trend_150_50_goldcash,0.0,0.0,True,False,True,True,True,True
2025,0.20772555521686442,-0.22768308447045493,250,2025-01-02,2025-12-31,0.21291163491855358,-0.15586740734119597,250,2025-01-02,2025-12-31,Trend_150_50_goldcash,0.005186079701689161,0.07181567712925896,True,True,True,True,True,True
2026,0.17623378608717455,-0.11723576957697124,151,2026-01-02,2026-08-10,0.08895001297638028,-0.11723576957697124,151,2026-01-02,2026-08-10,Trend_150_50_goldcash,-0.08728377311079427,0.0,True,False,False,True,False,True
2007,0.08794543063840421,-0.11448260142528455,150,2007-05-30,2007-12-31,0.025028679067543802,-0.0023907971215914037,150,2007-05-30,2007-12-31,Trend_150_75_goldcash,-0.06291675157086041,0.11209180430369314,True,True,False,True,False,True
2008,-0.4172714865371451,-0.4999007426178871,253,2008-01-02,2008-12-31,-0.34522068035828013,-0.4325798737744575,253,2008-01-02,2008-12-31,Trend_150_75_goldcash,0.07205080617886495,0.06732086884342958,True,True,True,True,True,True
2009,0.5468412950214381,-0.18285720465447075,252,2009-01-02,2009-12-31,0.486565819842224,-0.14260768154992998,252,2009-01-02,2009-12-31,Trend_150_75_goldcash,-0.060275475179214055,0.040249523104540774,True,True,False,True,False,True
2010,0.20143762567919277,-0.15609285416254293,252,2010-01-04,2010-12-31,0.17019208552016107,-0.14314740105710055,252,2010-01-04,2010-12-31,Trend_150_75_goldcash,-0.031245540159031693,0.012945453105442373,True,True,True,True,True,True
2011,0.03475800926494377,-0.160992676056681,252,2011-01-03,2011-12-30,0.026134857068378814,-0.160992676056681,252,2011-01-03,2011-12-30,Trend_150_75_goldcash,-0.008623152196564954,0.0,True,False,True,True,True,True
2012,0.18112534240461264,-0.11637894714771613,250,2012-01-03,2012-12-31,0.16034880451476385,-0.11637894714771624,250,2012-01-03,2012-12-31,Trend_150_75_goldcash,-0.02077653788984879,-1.1102230246251565e-16,True,False,True,True,True,True
2013,0.3663418084306618,-0.058537955039066336,252,2013-01-02,2013-12-31,0.3663418084306618,-0.058537955039066336,252,2013-01-02,2013-12-31,Trend_150_75_goldcash,0.0,0.0,True,False,True,True,True,True
2014,0.19181382856500617,-0.0824853533251676,252,2014-01-02,2014-12-31,0.19181382856500617,-0.0824853533251676,252,2014-01-02,2014-12-31,Trend_150_75_goldcash,0.0,0.0,True,False,True,True,True,True
2015,0.09435929702570856,-0.13941054644448492,252,2015-01-02,2015-12-31,0.06147432416820742,-0.13941054644448492,252,2015-01-02,2015-12-31,Trend_150_75_goldcash,-0.03288497285750114,0.0,True,False,True,True,True,True
2016,0.0709787945809095,-0.13892378087763313,252,2016-01-04,2016-12-30,0.05362796793932345,-0.11589141561124705,252,2016-01-04,2016-12-30,Trend_150_75_goldcash,-0.017350826641586048,0.02303236526638608,True,True,True,True,True,True
2017,0.32663542829204406,-0.04882008555649564,251,2017-01-03,2017-12-29,0.32663542829204406,-0.04882008555649564,251,2017-01-03,2017-12-29,Trend_150_75_goldcash,0.0,0.0,True,False,True,True,True,True
2018,-0.001262008063145803,-0.2279666681395237,251,2018-01-02,2018-12-31,0.019198741051696055,-0.18799266699177397,251,2018-01-02,2018-12-31,Trend_150_75_goldcash,0.02046074911484186,0.03997400114774974,True,True,True,True,True,True
2019,0.3896158521282893,-0.10983202295735706,252,2019-01-02,2019-12-31,0.32055791883233775,-0.10983202295735672,252,2019-01-02,2019-12-31,Trend_150_75_goldcash,-0.06905793329595156,3.3306690738754696e-16,True,False,False,True,False,True
2020,0.48406128849703234,-0.2855935565828831,253,2020-01-02,2020-12-31,0.44036468587068334,-0.2855935565828831,253,2020-01-02,2020-12-31,Trend_150_75_goldcash,-0.043696602626349,0.0,True,False,True,True,True,True
2021,0.27419694495662195,-0.10851528987739201,252,2021-01-04,2021-12-31,0.27419694495662195,-0.10851528987739201,252,2021-01-04,2021-12-31,Trend_150_75_goldcash,0.0,0.0,True,False,True,True,True,True
2022,-0.3257699158587175,-0.34827972472096713,251,2022-01-03,2022-12-30,-0.28787559731492174,-0.311035388793087,251,2022-01-03,2022-12-30,Trend_150_75_goldcash,0.03789431854379577,0.03724433592788012,True,True,True,True,True,True
2023,0.5485553825101768,-0.10779921970614925,250,2023-01-03,2023-12-29,0.5108465783564851,-0.10779921970614958,250,2023-01-03,2023-12-29,Trend_150_75_goldcash,-0.03770880415369171,-3.3306690738754696e-16,True,False,True,True,True,True
2024,0.2557826665909926,-0.13557734253565956,252,2024-01-02,2024-12-31,0.2557826665909926,-0.13557734253565956,252,2024-01-02,2024-12-31,Trend_150_75_goldcash,0.0,0.0,True,False,True,True,True,True
2025,0.20772555521686442,-0.22768308447045493,250,2025-01-02,2025-12-31,0.21165063228166958,-0.1922510422897702,250,2025-01-02,2025-12-31,Trend_150_75_goldcash,0.00392507706480516,0.03543204218068474,True,True,True,True,True,True
2026,0.17623378608717455,-0.11723576957697124,151,2026-01-02,2026-08-10,0.1318310168659389,-0.11723576957697124,151,2026-01-02,2026-08-10,Trend_150_75_goldcash,-0.04440276922123565,0.0,True,False,True,True,True,True
2007,0.08794543063840421,-0.11448260142528455,150,2007-05-30,2007-12-31,0.025028679067543802,-0.0023907971215914037,150,2007-05-30,2007-12-31,Trend_200_50_goldcash,-0.06291675157086041,0.11209180430369314,True,True,False,True,False,True
2008,-0.4172714865371451,-0.4999007426178871,253,2008-01-02,2008-12-31,-0.19950618799978637,-0.34219088538065845,253,2008-01-02,2008-12-31,Trend_200_50_goldcash,0.2177652985373587,0.15770985723722863,True,True,True,True,True,True
2009,0.5468412950214381,-0.18285720465447075,252,2009-01-02,2009-12-31,0.4243119674425213,-0.10123187665003697,252,2009-01-02,2009-12-31,Trend_200_50_goldcash,-0.12252932757891677,0.08162532800443378,True,True,False,False,False,False
2010,0.20143762567919277,-0.15609285416254293,252,2010-01-04,2010-12-31,0.10625583461956878,-0.17470884621877503,252,2010-01-04,2010-12-31,Trend_200_50_goldcash,-0.09518179105962399,-0.0186159920562321,False,False,False,True,False,False
2011,0.03475800926494377,-0.160992676056681,252,2011-01-03,2011-12-30,0.016538970309385004,-0.160992676056681,252,2011-01-03,2011-12-30,Trend_200_50_goldcash,-0.018219038955558764,0.0,True,False,True,True,True,True
2012,0.18112534240461264,-0.11637894714771613,250,2012-01-03,2012-12-31,0.18112534240461264,-0.11637894714771613,250,2012-01-03,2012-12-31,Trend_200_50_goldcash,0.0,0.0,True,False,True,True,True,True
2013,0.3663418084306618,-0.058537955039066336,252,2013-01-02,2013-12-31,0.3663418084306618,-0.058537955039066336,252,2013-01-02,2013-12-31,Trend_200_50_goldcash,0.0,0.0,True,False,True,True,True,True
2014,0.19181382856500617,-0.0824853533251676,252,2014-01-02,2014-12-31,0.19181382856500617,-0.0824853533251676,252,2014-01-02,2014-12-31,Trend_200_50_goldcash,0.0,0.0,True,False,True,True,True,True
2015,0.09435929702570856,-0.13941054644448492,252,2015-01-02,2015-12-31,0.029101061654997817,-0.13941054644448492,252,2015-01-02,2015-12-31,Trend_200_50_goldcash,-0.06525823537071074,0.0,True,False,False,True,False,True
2016,0.0709787945809095,-0.13892378087763313,252,2016-01-04,2016-12-30,0.03577109033931691,-0.1112378546341054,252,2016-01-04,2016-12-30,Trend_200_50_goldcash,-0.035207704241592586,0.027685926243527725,True,True,True,True,True,True
2017,0.32663542829204406,-0.04882008555649564,251,2017-01-03,2017-12-29,0.32663542829204406,-0.04882008555649564,251,2017-01-03,2017-12-29,Trend_200_50_goldcash,0.0,0.0,True,False,True,True,True,True
2018,-0.001262008063145803,-0.2279666681395237,251,2018-01-02,2018-12-31,-0.001262008063145803,-0.2279666681395237,251,2018-01-02,2018-12-31,Trend_200_50_goldcash,0.0,0.0,True,False,True,True,True,True
2019,0.3896158521282893,-0.10983202295735706,252,2019-01-02,2019-12-31,0.2564751282945692,-0.10983202295735717,252,2019-01-02,2019-12-31,Trend_200_50_goldcash,-0.1331407238337201,-1.1102230246251565e-16,True,False,False,False,False,False
2020,0.48406128849703234,-0.2855935565828831,253,2020-01-02,2020-12-31,0.39703775094601745,-0.2855935565828831,253,2020-01-02,2020-12-31,Trend_200_50_goldcash,-0.08702353755101488,0.0,True,False,False,True,False,True
2021,0.27419694495662195,-0.10851528987739201,252,2021-01-04,2021-12-31,0.27419694495662195,-0.10851528987739201,252,2021-01-04,2021-12-31,Trend_200_50_goldcash,0.0,0.0,True,False,True,True,True,True
2022,-0.3257699158587175,-0.34827972472096713,251,2022-01-03,2022-12-30,-0.2525689035067922,-0.2901889708694664,251,2022-01-03,2022-12-30,Trend_200_50_goldcash,0.07320101235192533,0.058090753851500754,True,True,True,True,True,True
2023,0.5485553825101768,-0.10779921970614925,250,2023-01-03,2023-12-29,0.4837903666635175,-0.10779921970615014,250,2023-01-03,2023-12-29,Trend_200_50_goldcash,-0.06476501584665928,-8.881784197001252e-16,True,False,False,True,False,True
2024,0.2557826665909926,-0.13557734253565956,252,2024-01-02,2024-12-31,0.2557826665909926,-0.13557734253565956,252,2024-01-02,2024-12-31,Trend_200_50_goldcash,0.0,0.0,True,False,True,True,True,True
2025,0.20772555521686442,-0.22768308447045493,250,2025-01-02,2025-12-31,0.1667507413759417,-0.1879933377253883,250,2025-01-02,2025-12-31,Trend_200_50_goldcash,-0.04097481384092272,0.039689746745066645,True,True,True,True,True,True
2026,0.17623378608717455,-0.11723576957697124,151,2026-01-02,2026-08-10,0.08895001297638028,-0.11723576957697124,151,2026-01-02,2026-08-10,Trend_200_50_goldcash,-0.08728377311079427,0.0,True,False,False,True,False,True
2007,0.08794543063840421,-0.11448260142528455,150,2007-05-30,2007-12-31,0.025028679067543802,-0.0023907971215914037,150,2007-05-30,2007-12-31,Trend_200_75_goldcash,-0.06291675157086041,0.11209180430369314,True,True,False,True,False,True
2008,-0.4172714865371451,-0.4999007426178871,253,2008-01-02,2008-12-31,-0.2709828116133117,-0.42085372070689764,253,2008-01-02,2008-12-31,Trend_200_75_goldcash,0.14628867492383335,0.07904702191098945,True,True,True,True,True,True
2009,0.5468412950214381,-0.18285720465447075,252,2009-01-02,2009-12-31,0.486565819842224,-0.14260768154992998,252,2009-01-02,2009-12-31,Trend_200_75_goldcash,-0.060275475179214055,0.040249523104540774,True,True,False,True,False,True
2010,0.20143762567919277,-0.15609285416254293,252,2010-01-04,2010-12-31,0.15304635764008534,-0.15570205911418378,252,2010-01-04,2010-12-31,Trend_200_75_goldcash,-0.04839126803910743,0.00039079504835914936,True,True,True,True,True,True
2011,0.03475800926494377,-0.160992676056681,252,2011-01-03,2011-12-30,0.026134857068378814,-0.160992676056681,252,2011-01-03,2011-12-30,Trend_200_75_goldcash,-0.008623152196564954,0.0,True,False,True,True,True,True
2012,0.18112534240461264,-0.11637894714771613,250,2012-01-03,2012-12-31,0.18112534240461264,-0.11637894714771613,250,2012-01-03,2012-12-31,Trend_200_75_goldcash,0.0,0.0,True,False,True,True,True,True
2013,0.3663418084306618,-0.058537955039066336,252,2013-01-02,2013-12-31,0.3663418084306618,-0.058537955039066336,252,2013-01-02,2013-12-31,Trend_200_75_goldcash,0.0,0.0,True,False,True,True,True,True
2014,0.19181382856500617,-0.0824853533251676,252,2014-01-02,2014-12-31,0.19181382856500617,-0.0824853533251676,252,2014-01-02,2014-12-31,Trend_200_75_goldcash,0.0,0.0,True,False,True,True,True,True
2015,0.09435929702570856,-0.13941054644448492,252,2015-01-02,2015-12-31,0.06147432416820742,-0.13941054644448492,252,2015-01-02,2015-12-31,Trend_200_75_goldcash,-0.03288497285750114,0.0,True,False,True,True,True,True
2016,0.0709787945809095,-0.13892378087763313,252,2016-01-04,2016-12-30,0.05362796793932345,-0.11589141561124705,252,2016-01-04,2016-12-30,Trend_200_75_goldcash,-0.017350826641586048,0.02303236526638608,True,True,True,True,True,True
2017,0.32663542829204406,-0.04882008555649564,251,2017-01-03,2017-12-29,0.32663542829204406,-0.04882008555649564,251,2017-01-03,2017-12-29,Trend_200_75_goldcash,0.0,0.0,True,False,True,True,True,True
2018,-0.001262008063145803,-0.2279666681395237,251,2018-01-02,2018-12-31,-0.001262008063145803,-0.2279666681395237,251,2018-01-02,2018-12-31,Trend_200_75_goldcash,0.0,0.0,True,False,True,True,True,True
2019,0.3896158521282893,-0.10983202295735706,252,2019-01-02,2019-12-31,0.3217692811187338,-0.10983202295735717,252,2019-01-02,2019-12-31,Trend_200_75_goldcash,-0.06784657100955549,-1.1102230246251565e-16,True,False,False,True,False,True
2020,0.48406128849703234,-0.2855935565828831,253,2020-01-02,2020-12-31,0.44036468587068334,-0.2855935565828831,253,2020-01-02,2020-12-31,Trend_200_75_goldcash,-0.043696602626349,0.0,True,False,True,True,True,True
2021,0.27419694495662195,-0.10851528987739201,252,2021-01-04,2021-12-31,0.27419694495662195,-0.10851528987739201,252,2021-01-04,2021-12-31,Trend_200_75_goldcash,0.0,0.0,True,False,True,True,True,True
2022,-0.3257699158587175,-0.34827972472096713,251,2022-01-03,2022-12-30,-0.2883350332403549,-0.31813659716566267,251,2022-01-03,2022-12-30,Trend_200_75_goldcash,0.037434882618362586,0.03014312755530446,True,True,True,True,True,True
2023,0.5485553825101768,-0.10779921970614925,250,2023-01-03,2023-12-29,0.5160154434867146,-0.10779921970615058,250,2023-01-03,2023-12-29,Trend_200_75_goldcash,-0.032539939023462194,-1.3322676295501878e-15,True,False,True,True,True,True
2024,0.2557826665909926,-0.13557734253565956,252,2024-01-02,2024-12-31,0.2557826665909926,-0.13557734253565956,252,2024-01-02,2024-12-31,Trend_200_75_goldcash,0.0,0.0,True,False,True,True,True,True
2025,0.20772555521686442,-0.22768308447045493,250,2025-01-02,2025-12-31,0.1881286061725429,-0.20793204105845098,250,2025-01-02,2025-12-31,Trend_200_75_goldcash,-0.01959694904432152,0.019751043412003955,True,True,True,True,True,True
2026,0.17623378608717455,-0.11723576957697124,151,2026-01-02,2026-08-10,0.1318310168659389,-0.11723576957697124,151,2026-01-02,2026-08-10,Trend_200_75_goldcash,-0.04440276922123565,0.0,True,False,True,True,True,True
2007,0.08794543063840421,-0.11448260142528455,150,2007-05-30,2007-12-31,0.025028679067543802,-0.0023907971215914037,150,2007-05-30,2007-12-31,Trend_240_50_goldcash,-0.06291675157086041,0.11209180430369314,True,True,False,True,False,True
2008,-0.4172714865371451,-0.4999007426178871,253,2008-01-02,2008-12-31,-0.23169640313482787,-0.3421908853806589,253,2008-01-02,2008-12-31,Trend_240_50_goldcash,0.1855750834023172,0.1577098572372282,True,True,True,True,True,True
2009,0.5468412950214381,-0.18285720465447075,252,2009-01-02,2009-12-31,0.4052268426400296,-0.10123187665003697,252,2009-01-02,2009-12-31,Trend_240_50_goldcash,-0.14161445238140846,0.08162532800443378,True,True,False,False,False,False
2010,0.20143762567919277,-0.15609285416254293,252,2010-01-04,2010-12-31,0.10625583461956878,-0.17470884621877503,252,2010-01-04,2010-12-31,Trend_240_50_goldcash,-0.09518179105962399,-0.0186159920562321,False,False,False,True,False,False
2011,0.03475800926494377,-0.160992676056681,252,2011-01-03,2011-12-30,0.016538970309385004,-0.160992676056681,252,2011-01-03,2011-12-30,Trend_240_50_goldcash,-0.018219038955558764,0.0,True,False,True,True,True,True
2012,0.18112534240461264,-0.11637894714771613,250,2012-01-03,2012-12-31,0.18112534240461264,-0.11637894714771613,250,2012-01-03,2012-12-31,Trend_240_50_goldcash,0.0,0.0,True,False,True,True,True,True
2013,0.3663418084306618,-0.058537955039066336,252,2013-01-02,2013-12-31,0.3663418084306618,-0.058537955039066336,252,2013-01-02,2013-12-31,Trend_240_50_goldcash,0.0,0.0,True,False,True,True,True,True
2014,0.19181382856500617,-0.0824853533251676,252,2014-01-02,2014-12-31,0.19181382856500617,-0.0824853533251676,252,2014-01-02,2014-12-31,Trend_240_50_goldcash,0.0,0.0,True,False,True,True,True,True
2015,0.09435929702570856,-0.13941054644448492,252,2015-01-02,2015-12-31,0.029101061654997817,-0.13941054644448492,252,2015-01-02,2015-12-31,Trend_240_50_goldcash,-0.06525823537071074,0.0,True,False,False,True,False,True
2016,0.0709787945809095,-0.13892378087763313,252,2016-01-04,2016-12-30,0.03577109033931691,-0.1112378546341054,252,2016-01-04,2016-12-30,Trend_240_50_goldcash,-0.035207704241592586,0.027685926243527725,True,True,True,True,True,True
2017,0.32663542829204406,-0.04882008555649564,251,2017-01-03,2017-12-29,0.32663542829204406,-0.04882008555649564,251,2017-01-03,2017-12-29,Trend_240_50_goldcash,0.0,0.0,True,False,True,True,True,True
2018,-0.001262008063145803,-0.2279666681395237,251,2018-01-02,2018-12-31,-0.001262008063145803,-0.2279666681395237,251,2018-01-02,2018-12-31,Trend_240_50_goldcash,0.0,0.0,True,False,True,True,True,True
2019,0.3896158521282893,-0.10983202295735706,252,2019-01-02,2019-12-31,0.2564751282945692,-0.10983202295735717,252,2019-01-02,2019-12-31,Trend_240_50_goldcash,-0.1331407238337201,-1.1102230246251565e-16,True,False,False,False,False,False
2020,0.48406128849703234,-0.2855935565828831,253,2020-01-02,2020-12-31,0.39703775094601745,-0.2855935565828831,253,2020-01-02,2020-12-31,Trend_240_50_goldcash,-0.08702353755101488,0.0,True,False,False,True,False,True
2021,0.27419694495662195,-0.10851528987739201,252,2021-01-04,2021-12-31,0.27419694495662195,-0.10851528987739201,252,2021-01-04,2021-12-31,Trend_240_50_goldcash,0.0,0.0,True,False,True,True,True,True
2022,-0.3257699158587175,-0.34827972472096713,251,2022-01-03,2022-12-30,-0.2525689035067922,-0.2901889708694664,251,2022-01-03,2022-12-30,Trend_240_50_goldcash,0.07320101235192533,0.058090753851500754,True,True,True,True,True,True
2023,0.5485553825101768,-0.10779921970614925,250,2023-01-03,2023-12-29,0.44543229048735844,-0.10779921970614981,250,2023-01-03,2023-12-29,Trend_240_50_goldcash,-0.10312309202281833,-5.551115123125783e-16,True,False,False,False,False,False
2024,0.2557826665909926,-0.13557734253565956,252,2024-01-02,2024-12-31,0.2557826665909926,-0.13557734253565956,252,2024-01-02,2024-12-31,Trend_240_50_goldcash,0.0,0.0,True,False,True,True,True,True
2025,0.20772555521686442,-0.22768308447045493,250,2025-01-02,2025-12-31,0.1667507413759417,-0.1879933377253883,250,2025-01-02,2025-12-31,Trend_240_50_goldcash,-0.04097481384092272,0.039689746745066645,True,True,True,True,True,True
2026,0.17623378608717455,-0.11723576957697124,151,2026-01-02,2026-08-10,0.17623378608717455,-0.11723576957697124,151,2026-01-02,2026-08-10,Trend_240_50_goldcash,0.0,0.0,True,False,True,True,True,True
2007,0.08794543063840421,-0.11448260142528455,150,2007-05-30,2007-12-31,0.025028679067543802,-0.0023907971215914037,150,2007-05-30,2007-12-31,Trend_240_75_goldcash,-0.06291675157086041,0.11209180430369314,True,True,False,True,False,True
2008,-0.4172714865371451,-0.4999007426178871,253,2008-01-02,2008-12-31,-0.31341630312100444,-0.4208537207068971,253,2008-01-02,2008-12-31,Trend_240_75_goldcash,0.10385518341614064,0.07904702191099,True,True,True,True,True,True
2009,0.5468412950214381,-0.18285720465447075,252,2009-01-02,2009-12-31,0.47683190287424115,-0.14260768154992998,252,2009-01-02,2009-12-31,Trend_240_75_goldcash,-0.07000939214719692,0.040249523104540774,True,True,False,True,False,True
2010,0.20143762567919277,-0.15609285416254293,252,2010-01-04,2010-12-31,0.15304635764008534,-0.15570205911418378,252,2010-01-04,2010-12-31,Trend_240_75_goldcash,-0.04839126803910743,0.00039079504835914936,True,True,True,True,True,True
2011,0.03475800926494377,-0.160992676056681,252,2011-01-03,2011-12-30,0.026134857068378814,-0.160992676056681,252,2011-01-03,2011-12-30,Trend_240_75_goldcash,-0.008623152196564954,0.0,True,False,True,True,True,True
2012,0.18112534240461264,-0.11637894714771613,250,2012-01-03,2012-12-31,0.18112534240461264,-0.11637894714771613,250,2012-01-03,2012-12-31,Trend_240_75_goldcash,0.0,0.0,True,False,True,True,True,True
2013,0.3663418084306618,-0.058537955039066336,252,2013-01-02,2013-12-31,0.3663418084306618,-0.058537955039066336,252,2013-01-02,2013-12-31,Trend_240_75_goldcash,0.0,0.0,True,False,True,True,True,True
2014,0.19181382856500617,-0.0824853533251676,252,2014-01-02,2014-12-31,0.19181382856500617,-0.0824853533251676,252,2014-01-02,2014-12-31,Trend_240_75_goldcash,0.0,0.0,True,False,True,True,True,True
2015,0.09435929702570856,-0.13941054644448492,252,2015-01-02,2015-12-31,0.06147432416820742,-0.13941054644448492,252,2015-01-02,2015-12-31,Trend_240_75_goldcash,-0.03288497285750114,0.0,True,False,True,True,True,True
2016,0.0709787945809095,-0.13892378087763313,252,2016-01-04,2016-12-30,0.05362796793932345,-0.11589141561124705,252,2016-01-04,2016-12-30,Trend_240_75_goldcash,-0.017350826641586048,0.02303236526638608,True,True,True,True,True,True
2017,0.32663542829204406,-0.04882008555649564,251,2017-01-03,2017-12-29,0.32663542829204406,-0.04882008555649564,251,2017-01-03,2017-12-29,Trend_240_75_goldcash,0.0,0.0,True,False,True,True,True,True
2018,-0.001262008063145803,-0.2279666681395237,251,2018-01-02,2018-12-31,-0.001262008063145803,-0.2279666681395237,251,2018-01-02,2018-12-31,Trend_240_75_goldcash,0.0,0.0,True,False,True,True,True,True
2019,0.3896158521282893,-0.10983202295735706,252,2019-01-02,2019-12-31,0.3217692811187338,-0.10983202295735717,252,2019-01-02,2019-12-31,Trend_240_75_goldcash,-0.06784657100955549,-1.1102230246251565e-16,True,False,False,True,False,True
2020,0.48406128849703234,-0.2855935565828831,253,2020-01-02,2020-12-31,0.44036468587068334,-0.2855935565828831,253,2020-01-02,2020-12-31,Trend_240_75_goldcash,-0.043696602626349,0.0,True,False,True,True,True,True
2021,0.27419694495662195,-0.10851528987739201,252,2021-01-04,2021-12-31,0.27419694495662195,-0.10851528987739201,252,2021-01-04,2021-12-31,Trend_240_75_goldcash,0.0,0.0,True,False,True,True,True,True
2022,-0.3257699158587175,-0.34827972472096713,251,2022-01-03,2022-12-30,-0.2883350332403549,-0.31813659716566267,251,2022-01-03,2022-12-30,Trend_240_75_goldcash,0.037434882618362586,0.03014312755530446,True,True,True,True,True,True
2023,0.5485553825101768,-0.10779921970614925,250,2023-01-03,2023-12-29,0.4965108666279625,-0.10779921970614992,250,2023-01-03,2023-12-29,Trend_240_75_goldcash,-0.05204451588221426,-6.661338147750939e-16,True,False,False,True,False,True
2024,0.2557826665909926,-0.13557734253565956,252,2024-01-02,2024-12-31,0.2557826665909926,-0.13557734253565956,252,2024-01-02,2024-12-31,Trend_240_75_goldcash,0.0,0.0,True,False,True,True,True,True
2025,0.20772555521686442,-0.22768308447045493,250,2025-01-02,2025-12-31,0.1881286061725429,-0.20793204105845098,250,2025-01-02,2025-12-31,Trend_240_75_goldcash,-0.01959694904432152,0.019751043412003955,True,True,True,True,True,True
2026,0.17623378608717455,-0.11723576957697124,151,2026-01-02,2026-08-10,0.17623378608717455,-0.11723576957697124,151,2026-01-02,2026-08-10,Trend_240_75_goldcash,0.0,0.0,True,False,True,True,True,True
2007,0.08794543063840421,-0.11448260142528455,150,2007-05-30,2007-12-31,0.06713552545427426,-0.10832615661208089,150,2007-05-30,2007-12-31,VolTarget_20_bil,-0.02080990518412995,0.006156444813203654,True,True,True,True,True,True
2008,-0.4172714865371451,-0.4999007426178871,253,2008-01-02,2008-12-31,-0.2862558982605229,-0.31796088903121555,253,2008-01-02,2008-12-31,VolTarget_20_bil,0.13101558827662219,0.18193985358667153,True,True,True,True,True,True
2009,0.5468412950214381,-0.18285720465447075,252,2009-01-02,2009-12-31,0.42035626991452113,-0.10479189480823614,252,2009-01-02,2009-12-31,VolTarget_20_bil,-0.12648502510691695,0.07806530984623461,True,True,False,False,False,False
2010,0.20143762567919277,-0.15609285416254293,252,2010-01-04,2010-12-31,0.20400755183894526,-0.1350994926555248,252,2010-01-04,2010-12-31,VolTarget_20_bil,0.002569926159752489,0.020993361507018138,True,True,True,True,True,True
2011,0.03475800926494377,-0.160992676056681,252,2011-01-03,2011-12-30,0.05043765996231997,-0.160992676056681,252,2011-01-03,2011-12-30,VolTarget_20_bil,0.015679650697376202,0.0,True,False,True,True,True,True
2012,0.18112534240461264,-0.11637894714771613,250,2012-01-03,2012-12-31,0.17167655688242034,-0.11637894714771546,250,2012-01-03,2012-12-31,VolTarget_20_bil,-0.009448785522192304,6.661338147750939e-16,True,False,True,True,True,True
2013,0.3663418084306618,-0.058537955039066336,252,2013-01-02,2013-12-31,0.3663418084306618,-0.058537955039066336,252,2013-01-02,2013-12-31,VolTarget_20_bil,0.0,0.0,True,False,True,True,True,True
2014,0.19181382856500617,-0.0824853533251676,252,2014-01-02,2014-12-31,0.18732416573765764,-0.08248535332516704,252,2014-01-02,2014-12-31,VolTarget_20_bil,-0.004489662827348528,5.551115123125783e-16,True,False,True,True,True,True
2015,0.09435929702570856,-0.13941054644448492,252,2015-01-02,2015-12-31,0.0818647295704682,-0.13941054644448492,252,2015-01-02,2015-12-31,VolTarget_20_bil,-0.012494567455240357,0.0,True,False,True,True,True,True
2016,0.0709787945809095,-0.13892378087763313,252,2016-01-04,2016-12-30,0.05110647337665197,-0.11391677211171214,252,2016-01-04,2016-12-30,VolTarget_20_bil,-0.019872321204257526,0.02500700876592099,True,True,True,True,True,True
2017,0.32663542829204406,-0.04882008555649564,251,2017-01-03,2017-12-29,0.32663542829204406,-0.04882008555649564,251,2017-01-03,2017-12-29,VolTarget_20_bil,0.0,0.0,True,False,True,True,True,True
2018,-0.001262008063145803,-0.2279666681395237,251,2018-01-02,2018-12-31,0.03522033892753762,-0.1846552958815395,251,2018-01-02,2018-12-31,VolTarget_20_bil,0.03648234699068342,0.043311372257984204,True,True,True,True,True,True
2019,0.3896158521282893,-0.10983202295735706,252,2019-01-02,2019-12-31,0.3319279244197235,-0.10983202295735695,252,2019-01-02,2019-12-31,VolTarget_20_bil,-0.05768792770856579,1.1102230246251565e-16,True,False,False,True,False,True
2020,0.48406128849703234,-0.2855935565828831,253,2020-01-02,2020-12-31,0.3072780235538828,-0.20255547841407417,253,2020-01-02,2020-12-31,VolTarget_20_bil,-0.17678326494314955,0.08303807816880893,True,True,False,False,False,False
2021,0.27419694495662195,-0.10851528987739201,252,2021-01-04,2021-12-31,0.26263586370016867,-0.09301381908896145,252,2021-01-04,2021-12-31,VolTarget_20_bil,-0.011561081256453276,0.01550147078843056,True,True,True,True,True,True
2022,-0.3257699158587175,-0.34827972472096713,251,2022-01-03,2022-12-30,-0.2312769689602312,-0.26004016060052826,251,2022-01-03,2022-12-30,VolTarget_20_bil,0.09449294689848631,0.08823956412043887,True,True,True,True,True,True
2023,0.5485553825101768,-0.10779921970614925,250,2023-01-03,2023-12-29,0.5041371460989197,-0.10779921970614992,250,2023-01-03,2023-12-29,VolTarget_20_bil,-0.044418236411257084,-6.661338147750939e-16,True,False,True,True,True,True
2024,0.2557826665909926,-0.13557734253565956,252,2024-01-02,2024-12-31,0.2491302089910492,-0.12498138498395583,252,2024-01-02,2024-12-31,VolTarget_20_bil,-0.006652457599943373,0.010595957551703727,True,True,True,True,True,True
2025,0.20772555521686442,-0.22768308447045493,250,2025-01-02,2025-12-31,0.1445621520800131,-0.19828259148345784,250,2025-01-02,2025-12-31,VolTarget_20_bil,-0.06316340313685131,0.029400492986997095,True,True,False,True,False,True
2026,0.17623378608717455,-0.11723576957697124,151,2026-01-02,2026-08-10,0.16971917160210603,-0.1172357695769709,151,2026-01-02,2026-08-10,VolTarget_20_bil,-0.006514614485068515,3.3306690738754696e-16,True,False,True,True,True,True
2007,0.08794543063840421,-0.11448260142528455,150,2007-05-30,2007-12-31,0.07910857446960451,-0.10825422592164768,150,2007-05-30,2007-12-31,VolTarget_20_goldcash,-0.0088368561687997,0.006228375503636863,True,True,True,True,True,True
2008,-0.4172714865371451,-0.4999007426178871,253,2008-01-02,2008-12-31,-0.26099167559667946,-0.3480875627847366,253,2008-01-02,2008-12-31,VolTarget_20_goldcash,0.1562798109404656,0.15181317983315046,True,True,True,True,True,True
2009,0.5468412950214381,-0.18285720465447075,252,2009-01-02,2009-12-31,0.4032450265712251,-0.11027501202011336,252,2009-01-02,2009-12-31,VolTarget_20_goldcash,-0.143596268450213,0.07258219263435739,True,True,False,False,False,False
2010,0.20143762567919277,-0.15609285416254293,252,2010-01-04,2010-12-31,0.20756268004870915,-0.1339521634105616,252,2010-01-04,2010-12-31,VolTarget_20_goldcash,0.006125054369516381,0.02214069075198133,True,True,True,True,True,True
2011,0.03475800926494377,-0.160992676056681,252,2011-01-03,2011-12-30,0.03685952791279834,-0.160992676056681,252,2011-01-03,2011-12-30,VolTarget_20_goldcash,0.002101518647854572,0.0,True,False,True,True,True,True
2012,0.18112534240461264,-0.11637894714771613,250,2012-01-03,2012-12-31,0.17473644238615194,-0.11637894714771568,250,2012-01-03,2012-12-31,VolTarget_20_goldcash,-0.006388900018460708,4.440892098500626e-16,True,False,True,True,True,True
2013,0.3663418084306618,-0.058537955039066336,252,2013-01-02,2013-12-31,0.3663418084306618,-0.058537955039066336,252,2013-01-02,2013-12-31,VolTarget_20_goldcash,0.0,0.0,True,False,True,True,True,True
2014,0.19181382856500617,-0.0824853533251676,252,2014-01-02,2014-12-31,0.18878026611746934,-0.08248535332516749,252,2014-01-02,2014-12-31,VolTarget_20_goldcash,-0.0030335624475368306,1.1102230246251565e-16,True,False,True,True,True,True
2015,0.09435929702570856,-0.13941054644448492,252,2015-01-02,2015-12-31,0.08187252083185226,-0.13941054644448492,252,2015-01-02,2015-12-31,VolTarget_20_goldcash,-0.012486776193856297,0.0,True,False,True,True,True,True
2016,0.0709787945809095,-0.13892378087763313,252,2016-01-04,2016-12-30,0.06720694577214004,-0.10534412838419405,252,2016-01-04,2016-12-30,VolTarget_20_goldcash,-0.0037718488087694624,0.03357965249343908,True,True,True,True,True,True
2017,0.32663542829204406,-0.04882008555649564,251,2017-01-03,2017-12-29,0.32663542829204406,-0.04882008555649564,251,2017-01-03,2017-12-29,VolTarget_20_goldcash,0.0,0.0,True,False,True,True,True,True
2018,-0.001262008063145803,-0.2279666681395237,251,2018-01-02,2018-12-31,0.044296507675870345,-0.1798492259413389,251,2018-01-02,2018-12-31,VolTarget_20_goldcash,0.04555851573901615,0.04811744219818481,True,True,True,True,True,True
2019,0.3896158521282893,-0.10983202295735706,252,2019-01-02,2019-12-31,0.3340012774236507,-0.10983202295735661,252,2019-01-02,2019-12-31,VolTarget_20_goldcash,-0.0556145747046386,4.440892098500626e-16,True,False,False,True,False,True
2020,0.48406128849703234,-0.2855935565828831,253,2020-01-02,2020-12-31,0.3611795146349084,-0.2133650349059999,253,2020-01-02,2020-12-31,VolTarget_20_goldcash,-0.12288177386212396,0.0722285216768832,True,True,False,False,False,False
2021,0.27419694495662195,-0.10851528987739201,252,2021-01-04,2021-12-31,0.2617323223136345,-0.0987941145229827,252,2021-01-04,2021-12-31,VolTarget_20_goldcash,-0.012464622642987422,0.009721175354409306,True,True,True,True,True,True
2022,-0.3257699158587175,-0.34827972472096713,251,2022-01-03,2022-12-30,-0.24310013087774707,-0.28359043353874414,251,2022-01-03,2022-12-30,VolTarget_20_goldcash,0.08266978498097044,0.064689291182223,True,True,True,True,True,True
2023,0.5485553825101768,-0.10779921970614925,250,2023-01-03,2023-12-29,0.5198362630229887,-0.10779921970615058,250,2023-01-03,2023-12-29,VolTarget_20_goldcash,-0.028719119487188083,-1.3322676295501878e-15,True,False,True,True,True,True
2024,0.2557826665909926,-0.13557734253565956,252,2024-01-02,2024-12-31,0.2575012039213662,-0.12666573009875814,252,2024-01-02,2024-12-31,VolTarget_20_goldcash,0.0017185373303736373,0.008911612436901417,True,True,True,True,True,True
2025,0.20772555521686442,-0.22768308447045493,250,2025-01-02,2025-12-31,0.1576429072023282,-0.20452837739753116,250,2025-01-02,2025-12-31,VolTarget_20_goldcash,-0.05008264801453621,0.023154707072923775,True,True,False,True,False,True
2026,0.17623378608717455,-0.11723576957697124,151,2026-01-02,2026-08-10,0.16975034527311084,-0.11723576957697035,151,2026-01-02,2026-08-10,VolTarget_20_goldcash,-0.006483440814063712,8.881784197001252e-16,True,False,True,True,True,True
2007,0.08794543063840421,-0.11448260142528455,150,2007-05-30,2007-12-31,0.07910857446960451,-0.10825422592164768,150,2007-05-30,2007-12-31,VolTarget_20_goldcash_bull_cap,-0.0088368561687997,0.006228375503636863,True,True,True,True,True,True
2008,-0.4172714865371451,-0.4999007426178871,253,2008-01-02,2008-12-31,-0.2611376810558247,-0.34821636075841955,253,2008-01-02,2008-12-31,VolTarget_20_goldcash_bull_cap,0.1561338054813204,0.15168438185946753,True,True,True,True,True,True
2009,0.5468412950214381,-0.18285720465447075,252,2009-01-02,2009-12-31,0.4081036153257884,-0.11027501202011336,252,2009-01-02,2009-12-31,VolTarget_20_goldcash_bull_cap,-0.13873767969564965,0.07258219263435739,True,True,False,False,False,False
2010,0.20143762567919277,-0.15609285416254293,252,2010-01-04,2010-12-31,0.20756268004870915,-0.1339521634105616,252,2010-01-04,2010-12-31,VolTarget_20_goldcash_bull_cap,0.006125054369516381,0.02214069075198133,True,True,True,True,True,True
2011,0.03475800926494377,-0.160992676056681,252,2011-01-03,2011-12-30,0.040236417225827825,-0.160992676056681,252,2011-01-03,2011-12-30,VolTarget_20_goldcash_bull_cap,0.0054784079608840575,0.0,True,False,True,True,True,True
2012,0.18112534240461264,-0.11637894714771613,250,2012-01-03,2012-12-31,0.17883706120812182,-0.11637894714771568,250,2012-01-03,2012-12-31,VolTarget_20_goldcash_bull_cap,-0.0022882811964908267,4.440892098500626e-16,True,False,True,True,True,True
2013,0.3663418084306618,-0.058537955039066336,252,2013-01-02,2013-12-31,0.3663418084306618,-0.058537955039066336,252,2013-01-02,2013-12-31,VolTarget_20_goldcash_bull_cap,0.0,0.0,True,False,True,True,True,True
2014,0.19181382856500617,-0.0824853533251676,252,2014-01-02,2014-12-31,0.18878026611746934,-0.08248535332516749,252,2014-01-02,2014-12-31,VolTarget_20_goldcash_bull_cap,-0.0030335624475368306,1.1102230246251565e-16,True,False,True,True,True,True
2015,0.09435929702570856,-0.13941054644448492,252,2015-01-02,2015-12-31,0.08187252083185226,-0.13941054644448492,252,2015-01-02,2015-12-31,VolTarget_20_goldcash_bull_cap,-0.012486776193856297,0.0,True,False,True,True,True,True
2016,0.0709787945809095,-0.13892378087763313,252,2016-01-04,2016-12-30,0.06720694577214004,-0.10534412838419405,252,2016-01-04,2016-12-30,VolTarget_20_goldcash_bull_cap,-0.0037718488087694624,0.03357965249343908,True,True,True,True,True,True
2017,0.32663542829204406,-0.04882008555649564,251,2017-01-03,2017-12-29,0.32663542829204406,-0.04882008555649564,251,2017-01-03,2017-12-29,VolTarget_20_goldcash_bull_cap,0.0,0.0,True,False,True,True,True,True
2018,-0.001262008063145803,-0.2279666681395237,251,2018-01-02,2018-12-31,0.018017624214360817,-0.21045443929934227,251,2018-01-02,2018-12-31,VolTarget_20_goldcash_bull_cap,0.01927963227750662,0.017512228840181443,True,True,True,True,True,True
2019,0.3896158521282893,-0.10983202295735706,252,2019-01-02,2019-12-31,0.3349615110596391,-0.10983202295735728,252,2019-01-02,2019-12-31,VolTarget_20_goldcash_bull_cap,-0.05465434106865019,-2.220446049250313e-16,True,False,False,True,False,True
2020,0.48406128849703234,-0.2855935565828831,253,2020-01-02,2020-12-31,0.41478645561138006,-0.2133650349059999,253,2020-01-02,2020-12-31,VolTarget_20_goldcash_bull_cap,-0.06927483288565228,0.0722285216768832,True,True,False,True,False,True
2021,0.27419694495662195,-0.10851528987739201,252,2021-01-04,2021-12-31,0.2672098355597887,-0.101697920992462,252,2021-01-04,2021-12-31,VolTarget_20_goldcash_bull_cap,-0.006987109396833224,0.0068173688849300085,True,True,True,True,True,True
2022,-0.3257699158587175,-0.34827972472096713,251,2022-01-03,2022-12-30,-0.2449411692079022,-0.2853329856592446,251,2022-01-03,2022-12-30,VolTarget_20_goldcash_bull_cap,0.0808287466508153,0.06294673906172255,True,True,True,True,True,True
2023,0.5485553825101768,-0.10779921970614925,250,2023-01-03,2023-12-29,0.5283556473834077,-0.10779921970615014,250,2023-01-03,2023-12-29,VolTarget_20_goldcash_bull_cap,-0.02019973512676909,-8.881784197001252e-16,True,False,True,True,True,True
2024,0.2557826665909926,-0.13557734253565956,252,2024-01-02,2024-12-31,0.2579674298063406,-0.12666573009875814,252,2024-01-02,2024-12-31,VolTarget_20_goldcash_bull_cap,0.0021847632153479957,0.008911612436901417,True,True,True,True,True,True
2025,0.20772555521686442,-0.22768308447045493,250,2025-01-02,2025-12-31,0.1576429072023282,-0.20452837739753116,250,2025-01-02,2025-12-31,VolTarget_20_goldcash_bull_cap,-0.05008264801453621,0.023154707072923775,True,True,False,True,False,True
2026,0.17623378608717455,-0.11723576957697124,151,2026-01-02,2026-08-10,0.16975034527311084,-0.11723576957697035,151,2026-01-02,2026-08-10,VolTarget_20_goldcash_bull_cap,-0.006483440814063712,8.881784197001252e-16,True,False,True,True,True,True
2007,0.08794543063840421,-0.11448260142528455,150,2007-05-30,2007-12-31,0.07970681828476534,-0.10825422592164735,150,2007-05-30,2007-12-31,VolTarget_20_goldcash_fast_bull_cap,-0.008238612353638874,0.006228375503637196,True,True,True,True,True,True
2008,-0.4172714865371451,-0.4999007426178871,253,2008-01-02,2008-12-31,-0.24193761330976138,-0.3446406399668782,253,2008-01-02,2008-12-31,VolTarget_20_goldcash_fast_bull_cap,0.1753338732273837,0.15526010265100887,True,True,True,True,True,True
2009,0.5468412950214381,-0.18285720465447075,252,2009-01-02,2009-12-31,0.4629603221644103,-0.1279267531216538,252,2009-01-02,2009-12-31,VolTarget_20_goldcash_fast_bull_cap,-0.08388097285702778,0.05493045153281695,True,True,False,True,False,True
2010,0.20143762567919277,-0.15609285416254293,252,2010-01-04,2010-12-31,0.20756268004870915,-0.1339521634105616,252,2010-01-04,2010-12-31,VolTarget_20_goldcash_fast_bull_cap,0.006125054369516381,0.02214069075198133,True,True,True,True,True,True
2011,0.03475800926494377,-0.160992676056681,252,2011-01-03,2011-12-30,0.040236417225827825,-0.160992676056681,252,2011-01-03,2011-12-30,VolTarget_20_goldcash_fast_bull_cap,0.0054784079608840575,0.0,True,False,True,True,True,True
2012,0.18112534240461264,-0.11637894714771613,250,2012-01-03,2012-12-31,0.17883706120812182,-0.11637894714771568,250,2012-01-03,2012-12-31,VolTarget_20_goldcash_fast_bull_cap,-0.0022882811964908267,4.440892098500626e-16,True,False,True,True,True,True
2013,0.3663418084306618,-0.058537955039066336,252,2013-01-02,2013-12-31,0.3663418084306618,-0.058537955039066336,252,2013-01-02,2013-12-31,VolTarget_20_goldcash_fast_bull_cap,0.0,0.0,True,False,True,True,True,True
2014,0.19181382856500617,-0.0824853533251676,252,2014-01-02,2014-12-31,0.18878026611746934,-0.08248535332516749,252,2014-01-02,2014-12-31,VolTarget_20_goldcash_fast_bull_cap,-0.0030335624475368306,1.1102230246251565e-16,True,False,True,True,True,True
2015,0.09435929702570856,-0.13941054644448492,252,2015-01-02,2015-12-31,0.08187252083185226,-0.13941054644448492,252,2015-01-02,2015-12-31,VolTarget_20_goldcash_fast_bull_cap,-0.012486776193856297,0.0,True,False,True,True,True,True
2016,0.0709787945809095,-0.13892378087763313,252,2016-01-04,2016-12-30,0.07231563432780841,-0.10534412838419405,252,2016-01-04,2016-12-30,VolTarget_20_goldcash_fast_bull_cap,0.0013368397468989102,0.03357965249343908,True,True,True,True,True,True
2017,0.32663542829204406,-0.04882008555649564,251,2017-01-03,2017-12-29,0.32663542829204406,-0.04882008555649564,251,2017-01-03,2017-12-29,VolTarget_20_goldcash_fast_bull_cap,0.0,0.0,True,False,True,True,True,True
2018,-0.001262008063145803,-0.2279666681395237,251,2018-01-02,2018-12-31,0.044296507675870345,-0.1798492259413389,251,2018-01-02,2018-12-31,VolTarget_20_goldcash_fast_bull_cap,0.04555851573901615,0.04811744219818481,True,True,True,True,True,True
2019,0.3896158521282893,-0.10983202295735706,252,2019-01-02,2019-12-31,0.3347952746645191,-0.10983202295735706,252,2019-01-02,2019-12-31,VolTarget_20_goldcash_fast_bull_cap,-0.054820577463770226,0.0,True,False,False,True,False,True
2020,0.48406128849703234,-0.2855935565828831,253,2020-01-02,2020-12-31,0.41478645561138006,-0.2133650349059999,253,2020-01-02,2020-12-31,VolTarget_20_goldcash_fast_bull_cap,-0.06927483288565228,0.0722285216768832,True,True,False,True,False,True
2021,0.27419694495662195,-0.10851528987739201,252,2021-01-04,2021-12-31,0.2672098355597887,-0.101697920992462,252,2021-01-04,2021-12-31,VolTarget_20_goldcash_fast_bull_cap,-0.006987109396833224,0.0068173688849300085,True,True,True,True,True,True
2022,-0.3257699158587175,-0.34827972472096713,251,2022-01-03,2022-12-30,-0.29237298239125487,-0.31404180936681725,251,2022-01-03,2022-12-30,VolTarget_20_goldcash_fast_bull_cap,0.03339693346746264,0.034237915354149884,True,True,True,True,True,True
2023,0.5485553825101768,-0.10779921970614925,250,2023-01-03,2023-12-29,0.522097707531122,-0.10779921970615014,250,2023-01-03,2023-12-29,VolTarget_20_goldcash_fast_bull_cap,-0.026457674979054824,-8.881784197001252e-16,True,False,True,True,True,True
2024,0.2557826665909926,-0.13557734253565956,252,2024-01-02,2024-12-31,0.2575012039213662,-0.12666573009875814,252,2024-01-02,2024-12-31,VolTarget_20_goldcash_fast_bull_cap,0.0017185373303736373,0.008911612436901417,True,True,True,True,True,True
2025,0.20772555521686442,-0.22768308447045493,250,2025-01-02,2025-12-31,0.2023101862818557,-0.20452837739753116,250,2025-01-02,2025-12-31,VolTarget_20_goldcash_fast_bull_cap,-0.005415368935008713,0.023154707072923775,True,True,True,True,True,True
2026,0.17623378608717455,-0.11723576957697124,151,2026-01-02,2026-08-10,0.16975034527311084,-0.11723576957697035,151,2026-01-02,2026-08-10,VolTarget_20_goldcash_fast_bull_cap,-0.006483440814063712,8.881784197001252e-16,True,False,True,True,True,True
2007,0.08794543063840421,-0.11448260142528455,150,2007-05-30,2007-12-31,0.07527260181590467,-0.11448260142528488,150,2007-05-30,2007-12-31,VolTarget_20_goldcash_fast_rebound,-0.012672828822499538,-3.3306690738754696e-16,True,False,True,True,True,True
2008,-0.4172714865371451,-0.4999007426178871,253,2008-01-02,2008-12-31,-0.2613657467242517,-0.34841754772863354,253,2008-01-02,2008-12-31,VolTarget_20_goldcash_fast_rebound,0.15590573981289335,0.15148319488925355,True,True,True,True,True,True
2009,0.5468412950214381,-0.18285720465447075,252,2009-01-02,2009-12-31,0.5169291784337535,-0.11027501202011336,252,2009-01-02,2009-12-31,VolTarget_20_goldcash_fast_rebound,-0.029912116587684556,0.07258219263435739,True,True,True,True,True,True
2010,0.20143762567919277,-0.15609285416254293,252,2010-01-04,2010-12-31,0.20756268004870915,-0.1339521634105616,252,2010-01-04,2010-12-31,VolTarget_20_goldcash_fast_rebound,0.006125054369516381,0.02214069075198133,True,True,True,True,True,True
2011,0.03475800926494377,-0.160992676056681,252,2011-01-03,2011-12-30,0.04183036724048561,-0.160992676056681,252,2011-01-03,2011-12-30,VolTarget_20_goldcash_fast_rebound,0.007072357975541843,0.0,True,False,True,True,True,True
2012,0.18112534240461264,-0.11637894714771613,250,2012-01-03,2012-12-31,0.18114044257028228,-0.11637894714771568,250,2012-01-03,2012-12-31,VolTarget_20_goldcash_fast_rebound,1.510016566963479e-05,4.440892098500626e-16,True,False,True,True,True,True
2013,0.3663418084306618,-0.058537955039066336,252,2013-01-02,2013-12-31,0.3663418084306618,-0.058537955039066336,252,2013-01-02,2013-12-31,VolTarget_20_goldcash_fast_rebound,0.0,0.0,True,False,True,True,True,True
2014,0.19181382856500617,-0.0824853533251676,252,2014-01-02,2014-12-31,0.18998751368420108,-0.08248535332516749,252,2014-01-02,2014-12-31,VolTarget_20_goldcash_fast_rebound,-0.001826314880805091,1.1102230246251565e-16,True,False,True,True,True,True
2015,0.09435929702570856,-0.13941054644448492,252,2015-01-02,2015-12-31,0.08187252083185226,-0.13941054644448492,252,2015-01-02,2015-12-31,VolTarget_20_goldcash_fast_rebound,-0.012486776193856297,0.0,True,False,True,True,True,True
2016,0.0709787945809095,-0.13892378087763313,252,2016-01-04,2016-12-30,0.06720694577214004,-0.10534412838419405,252,2016-01-04,2016-12-30,VolTarget_20_goldcash_fast_rebound,-0.0037718488087694624,0.03357965249343908,True,True,True,True,True,True
2017,0.32663542829204406,-0.04882008555649564,251,2017-01-03,2017-12-29,0.32663542829204406,-0.04882008555649564,251,2017-01-03,2017-12-29,VolTarget_20_goldcash_fast_rebound,0.0,0.0,True,False,True,True,True,True
2018,-0.001262008063145803,-0.2279666681395237,251,2018-01-02,2018-12-31,0.044296507675870345,-0.1798492259413389,251,2018-01-02,2018-12-31,VolTarget_20_goldcash_fast_rebound,0.04555851573901615,0.04811744219818481,True,True,True,True,True,True
2019,0.3896158521282893,-0.10983202295735706,252,2019-01-02,2019-12-31,0.340750373783002,-0.10983202295735695,252,2019-01-02,2019-12-31,VolTarget_20_goldcash_fast_rebound,-0.048865478345287316,1.1102230246251565e-16,True,False,True,True,True,True
2020,0.48406128849703234,-0.2855935565828831,253,2020-01-02,2020-12-31,0.3870578985696349,-0.2133650349059999,253,2020-01-02,2020-12-31,VolTarget_20_goldcash_fast_rebound,-0.09700338992739743,0.0722285216768832,True,True,False,True,False,True
2021,0.27419694495662195,-0.10851528987739201,252,2021-01-04,2021-12-31,0.272223339996686,-0.10851528987739201,252,2021-01-04,2021-12-31,VolTarget_20_goldcash_fast_rebound,-0.0019736049599359262,0.0,True,False,True,True,True,True
2022,-0.3257699158587175,-0.34827972472096713,251,2022-01-03,2022-12-30,-0.2573365619518527,-0.29706528778278485,251,2022-01-03,2022-12-30,VolTarget_20_goldcash_fast_rebound,0.06843335390686478,0.051214436938182284,True,True,True,True,True,True
2023,0.5485553825101768,-0.10779921970614925,250,2023-01-03,2023-12-29,0.5367052622706794,-0.10779921970615014,250,2023-01-03,2023-12-29,VolTarget_20_goldcash_fast_rebound,-0.011850120239497386,-8.881784197001252e-16,True,False,True,True,True,True
2024,0.2557826665909926,-0.13557734253565956,252,2024-01-02,2024-12-31,0.25901969010940973,-0.12666573009875814,252,2024-01-02,2024-12-31,VolTarget_20_goldcash_fast_rebound,0.003237023518417148,0.008911612436901417,True,True,True,True,True,True
2025,0.20772555521686442,-0.22768308447045493,250,2025-01-02,2025-12-31,0.15544555983287456,-0.20660194048275715,250,2025-01-02,2025-12-31,VolTarget_20_goldcash_fast_rebound,-0.05227999538398986,0.02108114398769778,True,True,False,True,False,True
2026,0.17623378608717455,-0.11723576957697124,151,2026-01-02,2026-08-10,0.16975034527311084,-0.11723576957697035,151,2026-01-02,2026-08-10,VolTarget_20_goldcash_fast_rebound,-0.006483440814063712,8.881784197001252e-16,True,False,True,True,True,True
2007,0.08794543063840421,-0.11448260142528455,150,2007-05-30,2007-12-31,0.07813231097817397,-0.10825422592164768,150,2007-05-30,2007-12-31,VolTarget_20_goldcash_momentum_floor,-0.00981311966023024,0.006228375503636863,True,True,True,True,True,True
2008,-0.4172714865371451,-0.4999007426178871,253,2008-01-02,2008-12-31,-0.2632399917281526,-0.3500709034326006,253,2008-01-02,2008-12-31,VolTarget_20_goldcash_momentum_floor,0.15403149480899248,0.14982983918528647,True,True,True,True,True,True
2009,0.5468412950214381,-0.18285720465447075,252,2009-01-02,2009-12-31,0.4032484471935771,-0.11027501202011336,252,2009-01-02,2009-12-31,VolTarget_20_goldcash_momentum_floor,-0.14359284782786097,0.07258219263435739,True,True,False,False,False,False
2010,0.20143762567919277,-0.15609285416254293,252,2010-01-04,2010-12-31,0.20756268004870915,-0.1339521634105616,252,2010-01-04,2010-12-31,VolTarget_20_goldcash_momentum_floor,0.006125054369516381,0.02214069075198133,True,True,True,True,True,True
2011,0.03475800926494377,-0.160992676056681,252,2011-01-03,2011-12-30,0.0382630698691806,-0.160992676056681,252,2011-01-03,2011-12-30,VolTarget_20_goldcash_momentum_floor,0.0035050606042368315,0.0,True,False,True,True,True,True
2012,0.18112534240461264,-0.11637894714771613,250,2012-01-03,2012-12-31,0.17625324182211033,-0.11637894714771635,250,2012-01-03,2012-12-31,VolTarget_20_goldcash_momentum_floor,-0.0048721005825023145,-2.220446049250313e-16,True,False,True,True,True,True
2013,0.3663418084306618,-0.058537955039066336,252,2013-01-02,2013-12-31,0.3663418084306618,-0.058537955039066336,252,2013-01-02,2013-12-31,VolTarget_20_goldcash_momentum_floor,0.0,0.0,True,False,True,True,True,True
2014,0.19181382856500617,-0.0824853533251676,252,2014-01-02,2014-12-31,0.18878026611746934,-0.08248535332516749,252,2014-01-02,2014-12-31,VolTarget_20_goldcash_momentum_floor,-0.0030335624475368306,1.1102230246251565e-16,True,False,True,True,True,True
2015,0.09435929702570856,-0.13941054644448492,252,2015-01-02,2015-12-31,0.08187252083185226,-0.13941054644448492,252,2015-01-02,2015-12-31,VolTarget_20_goldcash_momentum_floor,-0.012486776193856297,0.0,True,False,True,True,True,True
2016,0.0709787945809095,-0.13892378087763313,252,2016-01-04,2016-12-30,0.06720694577214004,-0.10534412838419405,252,2016-01-04,2016-12-30,VolTarget_20_goldcash_momentum_floor,-0.0037718488087694624,0.03357965249343908,True,True,True,True,True,True
2017,0.32663542829204406,-0.04882008555649564,251,2017-01-03,2017-12-29,0.32663542829204406,-0.04882008555649564,251,2017-01-03,2017-12-29,VolTarget_20_goldcash_momentum_floor,0.0,0.0,True,False,True,True,True,True
2018,-0.001262008063145803,-0.2279666681395237,251,2018-01-02,2018-12-31,0.037323017253234614,-0.17984922594133834,251,2018-01-02,2018-12-31,VolTarget_20_goldcash_momentum_floor,0.03858502531638042,0.04811744219818537,True,True,True,True,True,True
2019,0.3896158521282893,-0.10983202295735706,252,2019-01-02,2019-12-31,0.3340012774236507,-0.10983202295735661,252,2019-01-02,2019-12-31,VolTarget_20_goldcash_momentum_floor,-0.0556145747046386,4.440892098500626e-16,True,False,False,True,False,True
2020,0.48406128849703234,-0.2855935565828831,253,2020-01-02,2020-12-31,0.30853886770208416,-0.2430562535117603,253,2020-01-02,2020-12-31,VolTarget_20_goldcash_momentum_floor,-0.17552242079494818,0.0425373030711228,True,True,False,False,False,False
2021,0.27419694495662195,-0.10851528987739201,252,2021-01-04,2021-12-31,0.2619438711460347,-0.0987941145229827,252,2021-01-04,2021-12-31,VolTarget_20_goldcash_momentum_floor,-0.012253073810587267,0.009721175354409306,True,True,True,True,True,True
2022,-0.3257699158587175,-0.34827972472096713,251,2022-01-03,2022-12-30,-0.24310013087774707,-0.28359043353874414,251,2022-01-03,2022-12-30,VolTarget_20_goldcash_momentum_floor,0.08266978498097044,0.064689291182223,True,True,True,True,True,True
2023,0.5485553825101768,-0.10779921970614925,250,2023-01-03,2023-12-29,0.5198362630229887,-0.10779921970615058,250,2023-01-03,2023-12-29,VolTarget_20_goldcash_momentum_floor,-0.028719119487188083,-1.3322676295501878e-15,True,False,True,True,True,True
2024,0.2557826665909926,-0.13557734253565956,252,2024-01-02,2024-12-31,0.2575012039213662,-0.12666573009875814,252,2024-01-02,2024-12-31,VolTarget_20_goldcash_momentum_floor,0.0017185373303736373,0.008911612436901417,True,True,True,True,True,True
2025,0.20772555521686442,-0.22768308447045493,250,2025-01-02,2025-12-31,0.1576429072023282,-0.20452837739753116,250,2025-01-02,2025-12-31,VolTarget_20_goldcash_momentum_floor,-0.05008264801453621,0.023154707072923775,True,True,False,True,False,True
2026,0.17623378608717455,-0.11723576957697124,151,2026-01-02,2026-08-10,0.16383708439943945,-0.11723576957697035,151,2026-01-02,2026-08-10,VolTarget_20_goldcash_momentum_floor,-0.012396701687735101,8.881784197001252e-16,True,False,True,True,True,True
2007,0.08794543063840421,-0.11448260142528455,150,2007-05-30,2007-12-31,0.07038334157580106,-0.11448260142528477,150,2007-05-30,2007-12-31,VolTarget_20_goldcash_trend_rebound,-0.017562089062603148,-2.220446049250313e-16,True,False,True,True,True,True
2008,-0.4172714865371451,-0.4999007426178871,253,2008-01-02,2008-12-31,-0.2687238002016328,-0.3549084172049316,253,2008-01-02,2008-12-31,VolTarget_20_goldcash_trend_rebound,0.1485476863355123,0.14499232541295548,True,True,True,True,True,True
2009,0.5468412950214381,-0.18285720465447075,252,2009-01-02,2009-12-31,0.5169291784337535,-0.11027501202011336,252,2009-01-02,2009-12-31,VolTarget_20_goldcash_trend_rebound,-0.029912116587684556,0.07258219263435739,True,True,True,True,True,True
2010,0.20143762567919277,-0.15609285416254293,252,2010-01-04,2010-12-31,0.20756268004870915,-0.1339521634105616,252,2010-01-04,2010-12-31,VolTarget_20_goldcash_trend_rebound,0.006125054369516381,0.02214069075198133,True,True,True,True,True,True
2011,0.03475800926494377,-0.160992676056681,252,2011-01-03,2011-12-30,0.04183036724048561,-0.160992676056681,252,2011-01-03,2011-12-30,VolTarget_20_goldcash_trend_rebound,0.007072357975541843,0.0,True,False,True,True,True,True
2012,0.18112534240461264,-0.11637894714771613,250,2012-01-03,2012-12-31,0.18114044257028228,-0.11637894714771568,250,2012-01-03,2012-12-31,VolTarget_20_goldcash_trend_rebound,1.510016566963479e-05,4.440892098500626e-16,True,False,True,True,True,True
2013,0.3663418084306618,-0.058537955039066336,252,2013-01-02,2013-12-31,0.3663418084306618,-0.058537955039066336,252,2013-01-02,2013-12-31,VolTarget_20_goldcash_trend_rebound,0.0,0.0,True,False,True,True,True,True
2014,0.19181382856500617,-0.0824853533251676,252,2014-01-02,2014-12-31,0.19181382856500617,-0.0824853533251676,252,2014-01-02,2014-12-31,VolTarget_20_goldcash_trend_rebound,0.0,0.0,True,False,True,True,True,True
2015,0.09435929702570856,-0.13941054644448492,252,2015-01-02,2015-12-31,0.08187252083185226,-0.13941054644448492,252,2015-01-02,2015-12-31,VolTarget_20_goldcash_trend_rebound,-0.012486776193856297,0.0,True,False,True,True,True,True
2016,0.0709787945809095,-0.13892378087763313,252,2016-01-04,2016-12-30,0.06252860599594912,-0.10926605202493145,252,2016-01-04,2016-12-30,VolTarget_20_goldcash_trend_rebound,-0.008450188584960383,0.02965772885270168,True,True,True,True,True,True
2017,0.32663542829204406,-0.04882008555649564,251,2017-01-03,2017-12-29,0.32663542829204406,-0.04882008555649564,251,2017-01-03,2017-12-29,VolTarget_20_goldcash_trend_rebound,0.0,0.0,True,False,True,True,True,True
2018,-0.001262008063145803,-0.2279666681395237,251,2018-01-02,2018-12-31,0.01892221536674321,-0.17984922594133856,251,2018-01-02,2018-12-31,VolTarget_20_goldcash_trend_rebound,0.020184223429889014,0.048117442198185145,True,True,True,True,True,True
2019,0.3896158521282893,-0.10983202295735706,252,2019-01-02,2019-12-31,0.3340012774236507,-0.10983202295735661,252,2019-01-02,2019-12-31,VolTarget_20_goldcash_trend_rebound,-0.0556145747046386,4.440892098500626e-16,True,False,False,True,False,True
2020,0.48406128849703234,-0.2855935565828831,253,2020-01-02,2020-12-31,0.2564791099106738,-0.2855935565828831,253,2020-01-02,2020-12-31,VolTarget_20_goldcash_trend_rebound,-0.22758217858635854,0.0,True,False,False,False,False,False
2021,0.27419694495662195,-0.10851528987739201,252,2021-01-04,2021-12-31,0.27419694495662195,-0.10851528987739201,252,2021-01-04,2021-12-31,VolTarget_20_goldcash_trend_rebound,0.0,0.0,True,False,True,True,True,True
2022,-0.3257699158587175,-0.34827972472096713,251,2022-01-03,2022-12-30,-0.2573365619518527,-0.29706528778278485,251,2022-01-03,2022-12-30,VolTarget_20_goldcash_trend_rebound,0.06843335390686478,0.051214436938182284,True,True,True,True,True,True
2023,0.5485553825101768,-0.10779921970614925,250,2023-01-03,2023-12-29,0.5367052622706794,-0.10779921970615014,250,2023-01-03,2023-12-29,VolTarget_20_goldcash_trend_rebound,-0.011850120239497386,-8.881784197001252e-16,True,False,True,True,True,True
2024,0.2557826665909926,-0.13557734253565956,252,2024-01-02,2024-12-31,0.2557826665909926,-0.13557734253565956,252,2024-01-02,2024-12-31,VolTarget_20_goldcash_trend_rebound,0.0,0.0,True,False,True,True,True,True
2025,0.20772555521686442,-0.22768308447045493,250,2025-01-02,2025-12-31,0.15491962341535426,-0.20660194048275748,250,2025-01-02,2025-12-31,VolTarget_20_goldcash_trend_rebound,-0.052805931801510164,0.021081143987697448,True,True,False,True,False,True
2026,0.17623378608717455,-0.11723576957697124,151,2026-01-02,2026-08-10,0.15491568120467814,-0.11723576957697124,151,2026-01-02,2026-08-10,VolTarget_20_goldcash_trend_rebound,-0.021318104882496414,0.0,True,False,True,True,True,True
2007,0.08794543063840421,-0.11448260142528455,150,2007-05-30,2007-12-31,0.0719856447590057,-0.11448260142528488,150,2007-05-30,2007-12-31,VolTarget_20_goldcash_ultrafast_rebound,-0.015959785879398503,-3.3306690738754696e-16,True,False,True,True,True,True
2008,-0.4172714865371451,-0.4999007426178871,253,2008-01-02,2008-12-31,-0.26496601163223943,-0.35159350311815074,253,2008-01-02,2008-12-31,VolTarget_20_goldcash_ultrafast_rebound,0.15230547490490565,0.14830723949973634,True,True,True,True,True,True
2009,0.5468412950214381,-0.18285720465447075,252,2009-01-02,2009-12-31,0.47829807907655386,-0.1344452110214719,252,2009-01-02,2009-12-31,VolTarget_20_goldcash_ultrafast_rebound,-0.06854321594488422,0.04841199363299886,True,True,False,True,False,True
2010,0.20143762567919277,-0.15609285416254293,252,2010-01-04,2010-12-31,0.2037435784253392,-0.1339521634105616,252,2010-01-04,2010-12-31,VolTarget_20_goldcash_ultrafast_rebound,0.0023059527461464224,0.02214069075198133,True,True,True,True,True,True
2011,0.03475800926494377,-0.160992676056681,252,2011-01-03,2011-12-30,0.008632239632124117,-0.160992676056681,252,2011-01-03,2011-12-30,VolTarget_20_goldcash_ultrafast_rebound,-0.02612576963281965,0.0,True,False,True,True,True,True
2012,0.18112534240461264,-0.11637894714771613,250,2012-01-03,2012-12-31,0.17529900654120256,-0.11637894714771624,250,2012-01-03,2012-12-31,VolTarget_20_goldcash_ultrafast_rebound,-0.0058263358634100815,-1.1102230246251565e-16,True,False,True,True,True,True
2013,0.3663418084306618,-0.058537955039066336,252,2013-01-02,2013-12-31,0.3663418084306618,-0.058537955039066336,252,2013-01-02,2013-12-31,VolTarget_20_goldcash_ultrafast_rebound,0.0,0.0,True,False,True,True,True,True
2014,0.19181382856500617,-0.0824853533251676,252,2014-01-02,2014-12-31,0.19181382856500617,-0.0824853533251676,252,2014-01-02,2014-12-31,VolTarget_20_goldcash_ultrafast_rebound,0.0,0.0,True,False,True,True,True,True
2015,0.09435929702570856,-0.13941054644448492,252,2015-01-02,2015-12-31,0.08187252083185226,-0.13941054644448492,252,2015-01-02,2015-12-31,VolTarget_20_goldcash_ultrafast_rebound,-0.012486776193856297,0.0,True,False,True,True,True,True
2016,0.0709787945809095,-0.13892378087763313,252,2016-01-04,2016-12-30,0.07557640688358847,-0.13522726079841862,252,2016-01-04,2016-12-30,VolTarget_20_goldcash_ultrafast_rebound,0.004597612302678966,0.0036965200792145048,True,True,True,True,True,True
2017,0.32663542829204406,-0.04882008555649564,251,2017-01-03,2017-12-29,0.32663542829204406,-0.04882008555649564,251,2017-01-03,2017-12-29,VolTarget_20_goldcash_ultrafast_rebound,0.0,0.0,True,False,True,True,True,True
2018,-0.001262008063145803,-0.2279666681395237,251,2018-01-02,2018-12-31,0.004679704151035802,-0.22573654993467074,251,2018-01-02,2018-12-31,VolTarget_20_goldcash_ultrafast_rebound,0.005941712214181605,0.002230118204852971,True,True,True,True,True,True
2019,0.3896158521282893,-0.10983202295735706,252,2019-01-02,2019-12-31,0.3422084770648912,-0.10983202295735717,252,2019-01-02,2019-12-31,VolTarget_20_goldcash_ultrafast_rebound,-0.047407375063398094,-1.1102230246251565e-16,True,False,True,True,True,True
2020,0.48406128849703234,-0.2855935565828831,253,2020-01-02,2020-12-31,0.49178804468727044,-0.2133650349059999,253,2020-01-02,2020-12-31,VolTarget_20_goldcash_ultrafast_rebound,0.007726756190238104,0.0722285216768832,True,True,True,True,True,True
2021,0.27419694495662195,-0.10851528987739201,252,2021-01-04,2021-12-31,0.2654208637338844,-0.0987941145229827,252,2021-01-04,2021-12-31,VolTarget_20_goldcash_ultrafast_rebound,-0.008776081222737542,0.009721175354409306,True,True,True,True,True,True
2022,-0.3257699158587175,-0.34827972472096713,251,2022-01-03,2022-12-30,-0.30626735462586063,-0.3288290072639126,251,2022-01-03,2022-12-30,VolTarget_20_goldcash_ultrafast_rebound,0.019502561232856874,0.01945071745705451,True,True,True,True,True,True
2023,0.5485553825101768,-0.10779921970614925,250,2023-01-03,2023-12-29,0.5120141072268682,-0.10779921970614925,250,2023-01-03,2023-12-29,VolTarget_20_goldcash_ultrafast_rebound,-0.03654127528330853,0.0,True,False,True,True,True,True
2024,0.2557826665909926,-0.13557734253565956,252,2024-01-02,2024-12-31,0.2575012039213662,-0.12666573009875814,252,2024-01-02,2024-12-31,VolTarget_20_goldcash_ultrafast_rebound,0.0017185373303736373,0.008911612436901417,True,True,True,True,True,True
2025,0.20772555521686442,-0.22768308447045493,250,2025-01-02,2025-12-31,0.20947963868487474,-0.20452837739753116,250,2025-01-02,2025-12-31,VolTarget_20_goldcash_ultrafast_rebound,0.0017540834680103146,0.023154707072923775,True,True,True,True,True,True
2026,0.17623378608717455,-0.11723576957697124,151,2026-01-02,2026-08-10,0.16992734149984567,-0.11723576957697124,151,2026-01-02,2026-08-10,VolTarget_20_goldcash_ultrafast_rebound,-0.006306444587328874,0.0,True,False,True,True,True,True
2007,0.08794543063840421,-0.11448260142528455,150,2007-05-30,2007-12-31,0.07354270180443923,-0.10815751775183235,150,2007-05-30,2007-12-31,VolTarget_20_rates,-0.014402728833964984,0.006325083673452192,True,True,True,True,True,True
2008,-0.4172714865371451,-0.4999007426178871,253,2008-01-02,2008-12-31,-0.2313014192616495,-0.33790220425514106,253,2008-01-02,2008-12-31,VolTarget_20_rates,0.1859700672754956,0.16199853836274603,True,True,True,True,True,True
2009,0.5468412950214381,-0.18285720465447075,252,2009-01-02,2009-12-31,0.3646444293873192,-0.11827507282669447,252,2009-01-02,2009-12-31,VolTarget_20_rates,-0.18219686563411885,0.06458213182777628,True,True,False,False,False,False
2010,0.20143762567919277,-0.15609285416254293,252,2010-01-04,2010-12-31,0.2155242349526636,-0.12846304846529877,252,2010-01-04,2010-12-31,VolTarget_20_rates,0.01408660927347083,0.02762980569724416,True,True,True,True,True,True
2011,0.03475800926494377,-0.160992676056681,252,2011-01-03,2011-12-30,0.07038474475479095,-0.160992676056681,252,2011-01-03,2011-12-30,VolTarget_20_rates,0.03562673548984718,0.0,True,False,True,True,True,True
2012,0.18112534240461264,-0.11637894714771613,250,2012-01-03,2012-12-31,0.17211260103953263,-0.11637894714771568,250,2012-01-03,2012-12-31,VolTarget_20_rates,-0.009012741365080013,4.440892098500626e-16,True,False,True,True,True,True
2013,0.3663418084306618,-0.058537955039066336,252,2013-01-02,2013-12-31,0.3663418084306618,-0.058537955039066336,252,2013-01-02,2013-12-31,VolTarget_20_rates,0.0,0.0,True,False,True,True,True,True
2014,0.19181382856500617,-0.0824853533251676,252,2014-01-02,2014-12-31,0.18900235165736423,-0.08248535332516704,252,2014-01-02,2014-12-31,VolTarget_20_rates,-0.002811476907641941,5.551115123125783e-16,True,False,True,True,True,True
2015,0.09435929702570856,-0.13941054644448492,252,2015-01-02,2015-12-31,0.08527778809739606,-0.13941054644448492,252,2015-01-02,2015-12-31,VolTarget_20_rates,-0.009081508928312498,0.0,True,False,True,True,True,True
2016,0.0709787945809095,-0.13892378087763313,252,2016-01-04,2016-12-30,0.06561122243058115,-0.10451736855677285,252,2016-01-04,2016-12-30,VolTarget_20_rates,-0.005367572150328348,0.03440641232086028,True,True,True,True,True,True
2017,0.32663542829204406,-0.04882008555649564,251,2017-01-03,2017-12-29,0.32663542829204406,-0.04882008555649564,251,2017-01-03,2017-12-29,VolTarget_20_rates,0.0,0.0,True,False,True,True,True,True
2018,-0.001262008063145803,-0.2279666681395237,251,2018-01-02,2018-12-31,0.04984279927641411,-0.17569783445604326,251,2018-01-02,2018-12-31,VolTarget_20_rates,0.05110480733955991,0.05226883368348045,True,True,True,True,True,True
2019,0.3896158521282893,-0.10983202295735706,252,2019-01-02,2019-12-31,0.3307473594181287,-0.10983202295735695,252,2019-01-02,2019-12-31,VolTarget_20_rates,-0.05886849271016059,1.1102230246251565e-16,True,False,False,True,False,True
2020,0.48406128849703234,-0.2855935565828831,253,2020-01-02,2020-12-31,0.3531950171060181,-0.205184424900816,253,2020-01-02,2020-12-31,VolTarget_20_rates,-0.13086627139101425,0.08040913168206709,True,True,False,False,False,False
2021,0.27419694495662195,-0.10851528987739201,252,2021-01-04,2021-12-31,0.2578245120509792,-0.09932691051224174,252,2021-01-04,2021-12-31,VolTarget_20_rates,-0.01637243290564272,0.009188379365150268,True,True,True,True,True,True
2022,-0.3257699158587175,-0.34827972472096713,251,2022-01-03,2022-12-30,-0.26300091101896816,-0.29900755061405315,251,2022-01-03,2022-12-30,VolTarget_20_rates,0.06276900483974934,0.04927217410691398,True,True,True,True,True,True
2023,0.5485553825101768,-0.10779921970614925,250,2023-01-03,2023-12-29,0.5233602275512967,-0.10779921970614992,250,2023-01-03,2023-12-29,VolTarget_20_rates,-0.02519515495888003,-6.661338147750939e-16,True,False,True,True,True,True
2024,0.2557826665909926,-0.13557734253565956,252,2024-01-02,2024-12-31,0.25734580376145444,-0.1256397306488357,252,2024-01-02,2024-12-31,VolTarget_20_rates,0.001563137170461859,0.00993761188682385,True,True,True,True,True,True
2025,0.20772555521686442,-0.22768308447045493,250,2025-01-02,2025-12-31,0.14059437404807107,-0.2045283056924636,250,2025-01-02,2025-12-31,VolTarget_20_rates,-0.06713118116879335,0.023154778777991325,True,True,False,True,False,True
2026,0.17623378608717455,-0.11723576957697124,151,2026-01-02,2026-08-10,0.16291911458525177,-0.11723576957697035,151,2026-01-02,2026-08-10,VolTarget_20_rates,-0.013314671501922781,8.881784197001252e-16,True,False,True,True,True,True
2007,0.08794543063840421,-0.11448260142528455,150,2007-05-30,2007-12-31,0.06688457857026497,-0.11448260142528466,150,2007-05-30,2007-12-31,VolTarget_22_bil,-0.021060852068139235,-1.1102230246251565e-16,True,False,True,True,True,True
2008,-0.4172714865371451,-0.4999007426178871,253,2008-01-02,2008-12-31,-0.30635270242410084,-0.3400630695425888,253,2008-01-02,2008-12-31,VolTarget_22_bil,0.11091878411304423,0.15983767307529828,True,True,True,True,True,True
2009,0.5468412950214381,-0.18285720465447075,252,2009-01-02,2009-12-31,0.43589068508547535,-0.11485062243134214,252,2009-01-02,2009-12-31,VolTarget_22_bil,-0.11095060993596273,0.06800658222312861,True,True,False,False,False,False
2010,0.20143762567919277,-0.15609285416254293,252,2010-01-04,2010-12-31,0.21062619581530173,-0.13799343718545787,252,2010-01-04,2010-12-31,VolTarget_22_bil,0.009188570136108964,0.01809941697708506,True,True,True,True,True,True
2011,0.03475800926494377,-0.160992676056681,252,2011-01-03,2011-12-30,0.05465423773671363,-0.160992676056681,252,2011-01-03,2011-12-30,VolTarget_22_bil,0.01989622847176986,0.0,True,False,True,True,True,True
2012,0.18112534240461264,-0.11637894714771613,250,2012-01-03,2012-12-31,0.17469978131735497,-0.1163789471477158,250,2012-01-03,2012-12-31,VolTarget_22_bil,-0.00642556108725767,3.3306690738754696e-16,True,False,True,True,True,True
2013,0.3663418084306618,-0.058537955039066336,252,2013-01-02,2013-12-31,0.3663418084306618,-0.058537955039066336,252,2013-01-02,2013-12-31,VolTarget_22_bil,0.0,0.0,True,False,True,True,True,True
2014,0.19181382856500617,-0.0824853533251676,252,2014-01-02,2014-12-31,0.19181382856500617,-0.0824853533251676,252,2014-01-02,2014-12-31,VolTarget_22_bil,0.0,0.0,True,False,True,True,True,True
2015,0.09435929702570856,-0.13941054644448492,252,2015-01-02,2015-12-31,0.08859756186939682,-0.13941054644448492,252,2015-01-02,2015-12-31,VolTarget_22_bil,-0.005761735156311731,0.0,True,False,True,True,True,True
2016,0.0709787945809095,-0.13892378087763313,252,2016-01-04,2016-12-30,0.059661532592666155,-0.12112659279414373,252,2016-01-04,2016-12-30,VolTarget_22_bil,-0.011317261988243343,0.0177971880834894,True,True,True,True,True,True
2017,0.32663542829204406,-0.04882008555649564,251,2017-01-03,2017-12-29,0.32663542829204406,-0.04882008555649564,251,2017-01-03,2017-12-29,VolTarget_22_bil,0.0,0.0,True,False,True,True,True,True
2018,-0.001262008063145803,-0.2279666681395237,251,2018-01-02,2018-12-31,0.030967663907608856,-0.1951012763034763,251,2018-01-02,2018-12-31,VolTarget_22_bil,0.03222967197075466,0.03286539183604742,True,True,True,True,True,True
2019,0.3896158521282893,-0.10983202295735706,252,2019-01-02,2019-12-31,0.3435808055363192,-0.10983202295735728,252,2019-01-02,2019-12-31,VolTarget_22_bil,-0.04603504659197011,-2.220446049250313e-16,True,False,True,True,True,True
2020,0.48406128849703234,-0.2855935565828831,253,2020-01-02,2020-12-31,0.3363926107192461,-0.21400867171132731,253,2020-01-02,2020-12-31,VolTarget_22_bil,-0.14766867777778625,0.07158488487155579,True,True,False,False,False,False
2021,0.27419694495662195,-0.10851528987739201,252,2021-01-04,2021-12-31,0.2666324077195441,-0.10200996078644797,252,2021-01-04,2021-12-31,VolTarget_22_bil,-0.00756453723707784,0.006505329090944034,True,True,True,True,True,True
2022,-0.3257699158587175,-0.34827972472096713,251,2022-01-03,2022-12-30,-0.25468353967520707,-0.28376709498098196,251,2022-01-03,2022-12-30,VolTarget_22_bil,0.07108637618351044,0.06451262973998517,True,True,True,True,True,True
2023,0.5485553825101768,-0.10779921970614925,250,2023-01-03,2023-12-29,0.5257117617424127,-0.10779921970615025,250,2023-01-03,2023-12-29,VolTarget_22_bil,-0.022843620767764028,-9.992007221626409e-16,True,False,True,True,True,True
2024,0.2557826665909926,-0.13557734253565956,252,2024-01-02,2024-12-31,0.2531651639178125,-0.1288264889145181,252,2024-01-02,2024-12-31,VolTarget_22_bil,-0.002617502673180061,0.006750853621141473,True,True,True,True,True,True
2025,0.20772555521686442,-0.22768308447045493,250,2025-01-02,2025-12-31,0.14639778766598743,-0.20792351945881582,250,2025-01-02,2025-12-31,VolTarget_22_bil,-0.06132776755087699,0.019759565011639113,True,True,False,True,False,True
2026,0.17623378608717455,-0.11723576957697124,151,2026-01-02,2026-08-10,0.18432852824920065,-0.11723576957697124,151,2026-01-02,2026-08-10,VolTarget_22_bil,0.008094742162026103,0.0,True,False,True,True,True,True
2007,0.08794543063840421,-0.11448260142528455,150,2007-05-30,2007-12-31,0.07397562179997696,-0.11448260142528466,150,2007-05-30,2007-12-31,VolTarget_22_goldcash,-0.013969808838427245,-1.1102230246251565e-16,True,False,True,True,True,True
2008,-0.4172714865371451,-0.4999007426178871,253,2008-01-02,2008-12-31,-0.28185893928755823,-0.3672165037227689,253,2008-01-02,2008-12-31,VolTarget_22_goldcash,0.13541254724958685,0.13268423889511816,True,True,True,True,True,True
2009,0.5468412950214381,-0.18285720465447075,252,2009-01-02,2009-12-31,0.41768968326971057,-0.11953959916606216,252,2009-01-02,2009-12-31,VolTarget_22_goldcash,-0.1291516117517275,0.06331760548840859,True,True,False,False,False,False
2010,0.20143762567919277,-0.15609285416254293,252,2010-01-04,2010-12-31,0.21168767322321602,-0.13712153523074733,252,2010-01-04,2010-12-31,VolTarget_22_goldcash,0.010250047544023255,0.0189713189317956,True,True,True,True,True,True
2011,0.03475800926494377,-0.160992676056681,252,2011-01-03,2011-12-30,0.042203870003653776,-0.160992676056681,252,2011-01-03,2011-12-30,VolTarget_22_goldcash,0.007445860738710008,0.0,True,False,True,True,True,True
2012,0.18112534240461264,-0.11637894714771613,250,2012-01-03,2012-12-31,0.1764394700719767,-0.1163789471477158,250,2012-01-03,2012-12-31,VolTarget_22_goldcash,-0.004685872332635954,3.3306690738754696e-16,True,False,True,True,True,True
2013,0.3663418084306618,-0.058537955039066336,252,2013-01-02,2013-12-31,0.3663418084306618,-0.058537955039066336,252,2013-01-02,2013-12-31,VolTarget_22_goldcash,0.0,0.0,True,False,True,True,True,True
2014,0.19181382856500617,-0.0824853533251676,252,2014-01-02,2014-12-31,0.19181382856500617,-0.0824853533251676,252,2014-01-02,2014-12-31,VolTarget_22_goldcash,0.0,0.0,True,False,True,True,True,True
2015,0.09435929702570856,-0.13941054644448492,252,2015-01-02,2015-12-31,0.08829178320898778,-0.13941054644448492,252,2015-01-02,2015-12-31,VolTarget_22_goldcash,-0.006067513816720771,0.0,True,False,True,True,True,True
2016,0.0709787945809095,-0.13892378087763313,252,2016-01-04,2016-12-30,0.0706444250718774,-0.1156001270750664,252,2016-01-04,2016-12-30,VolTarget_22_goldcash,-0.0003343695090320953,0.023323653802566735,True,True,True,True,True,True
2017,0.32663542829204406,-0.04882008555649564,251,2017-01-03,2017-12-29,0.32663542829204406,-0.04882008555649564,251,2017-01-03,2017-12-29,VolTarget_22_goldcash,0.0,0.0,True,False,True,True,True,True
2018,-0.001262008063145803,-0.2279666681395237,251,2018-01-02,2018-12-31,0.03866768025981493,-0.1912096123768755,251,2018-01-02,2018-12-31,VolTarget_22_goldcash,0.03992968832296073,0.036757055762648205,True,True,True,True,True,True
2019,0.3896158521282893,-0.10983202295735706,252,2019-01-02,2019-12-31,0.34744964088246455,-0.10983202295735695,252,2019-01-02,2019-12-31,VolTarget_22_goldcash,-0.04216621124582476,1.1102230246251565e-16,True,False,True,True,True,True
2020,0.48406128849703234,-0.2855935565828831,253,2020-01-02,2020-12-31,0.3857110243793229,-0.2232391535406275,253,2020-01-02,2020-12-31,VolTarget_22_goldcash,-0.09835026411770942,0.06235440304225559,True,True,False,True,False,True
2021,0.27419694495662195,-0.10851528987739201,252,2021-01-04,2021-12-31,0.26772867066005057,-0.10464097354422852,252,2021-01-04,2021-12-31,VolTarget_22_goldcash,-0.006468274296571375,0.0038743163331634856,True,True,True,True,True,True
2022,-0.3257699158587175,-0.34827972472096713,251,2022-01-03,2022-12-30,-0.263564368644834,-0.30193131041827426,251,2022-01-03,2022-12-30,VolTarget_22_goldcash,0.062205547213883494,0.046348414302692875,True,True,True,True,True,True
2023,0.5485553825101768,-0.10779921970614925,250,2023-01-03,2023-12-29,0.5383704306439854,-0.10779921970615025,250,2023-01-03,2023-12-29,VolTarget_22_goldcash,-0.010184951866191394,-9.992007221626409e-16,True,False,True,True,True,True
2024,0.2557826665909926,-0.13557734253565956,252,2024-01-02,2024-12-31,0.2572778753254372,-0.12989651507013988,252,2024-01-02,2024-12-31,VolTarget_22_goldcash,0.0014952087344446419,0.005680827465519678,True,True,True,True,True,True
2025,0.20772555521686442,-0.22768308447045493,250,2025-01-02,2025-12-31,0.157739628292918,-0.2124182086474623,250,2025-01-02,2025-12-31,VolTarget_22_goldcash,-0.04998592692394643,0.01526487582299263,True,True,True,True,True,True
2026,0.17623378608717455,-0.11723576957697124,151,2026-01-02,2026-08-10,0.18355376461190476,-0.11723576957697124,151,2026-01-02,2026-08-10,VolTarget_22_goldcash,0.0073199785247302085,0.0,True,False,True,True,True,True
2007,0.08794543063840421,-0.11448260142528455,150,2007-05-30,2007-12-31,0.07397562179997696,-0.11448260142528466,150,2007-05-30,2007-12-31,VolTarget_22_goldcash_bull_cap,-0.013969808838427245,-1.1102230246251565e-16,True,False,True,True,True,True
2008,-0.4172714865371451,-0.4999007426178871,253,2008-01-02,2008-12-31,-0.28185893928755823,-0.3672165037227689,253,2008-01-02,2008-12-31,VolTarget_22_goldcash_bull_cap,0.13541254724958685,0.13268423889511816,True,True,True,True,True,True
2009,0.5468412950214381,-0.18285720465447075,252,2009-01-02,2009-12-31,0.4192088129786742,-0.11953959916606216,252,2009-01-02,2009-12-31,VolTarget_22_goldcash_bull_cap,-0.1276324820427639,0.06331760548840859,True,True,False,False,False,False
2010,0.20143762567919277,-0.15609285416254293,252,2010-01-04,2010-12-31,0.21168767322321602,-0.13712153523074733,252,2010-01-04,2010-12-31,VolTarget_22_goldcash_bull_cap,0.010250047544023255,0.0189713189317956,True,True,True,True,True,True
2011,0.03475800926494377,-0.160992676056681,252,2011-01-03,2011-12-30,0.04471998247580844,-0.160992676056681,252,2011-01-03,2011-12-30,VolTarget_22_goldcash_bull_cap,0.009961973210864672,0.0,True,False,True,True,True,True
2012,0.18112534240461264,-0.11637894714771613,250,2012-01-03,2012-12-31,0.17940157660476563,-0.11637894714771624,250,2012-01-03,2012-12-31,VolTarget_22_goldcash_bull_cap,-0.0017237657998470102,-1.1102230246251565e-16,True,False,True,True,True,True
2013,0.3663418084306618,-0.058537955039066336,252,2013-01-02,2013-12-31,0.3663418084306618,-0.058537955039066336,252,2013-01-02,2013-12-31,VolTarget_22_goldcash_bull_cap,0.0,0.0,True,False,True,True,True,True
2014,0.19181382856500617,-0.0824853533251676,252,2014-01-02,2014-12-31,0.19181382856500617,-0.0824853533251676,252,2014-01-02,2014-12-31,VolTarget_22_goldcash_bull_cap,0.0,0.0,True,False,True,True,True,True
2015,0.09435929702570856,-0.13941054644448492,252,2015-01-02,2015-12-31,0.08829178320898778,-0.13941054644448492,252,2015-01-02,2015-12-31,VolTarget_22_goldcash_bull_cap,-0.006067513816720771,0.0,True,False,True,True,True,True
2016,0.0709787945809095,-0.13892378087763313,252,2016-01-04,2016-12-30,0.0706444250718774,-0.1156001270750664,252,2016-01-04,2016-12-30,VolTarget_22_goldcash_bull_cap,-0.0003343695090320953,0.023323653802566735,True,True,True,True,True,True
2017,0.32663542829204406,-0.04882008555649564,251,2017-01-03,2017-12-29,0.32663542829204406,-0.04882008555649564,251,2017-01-03,2017-12-29,VolTarget_22_goldcash_bull_cap,0.0,0.0,True,False,True,True,True,True
2018,-0.001262008063145803,-0.2279666681395237,251,2018-01-02,2018-12-31,0.021811904914847524,-0.21068509832437776,251,2018-01-02,2018-12-31,VolTarget_22_goldcash_bull_cap,0.023073912977993327,0.017281569815145947,True,True,True,True,True,True
2019,0.3896158521282893,-0.10983202295735706,252,2019-01-02,2019-12-31,0.348069884595565,-0.10983202295735717,252,2019-01-02,2019-12-31,VolTarget_22_goldcash_bull_cap,-0.041545967532724326,-1.1102230246251565e-16,True,False,True,True,True,True
2020,0.48406128849703234,-0.2855935565828831,253,2020-01-02,2020-12-31,0.4301796169514005,-0.2232391535406275,253,2020-01-02,2020-12-31,VolTarget_22_goldcash_bull_cap,-0.05388167154563184,0.06235440304225559,True,True,False,True,False,True
2021,0.27419694495662195,-0.10851528987739201,252,2021-01-04,2021-12-31,0.2697003504549309,-0.10464097354422852,252,2021-01-04,2021-12-31,VolTarget_22_goldcash_bull_cap,-0.0044965945016910425,0.0038743163331634856,True,True,True,True,True,True
2022,-0.3257699158587175,-0.34827972472096713,251,2022-01-03,2022-12-30,-0.263564368644834,-0.30193131041827426,251,2022-01-03,2022-12-30,VolTarget_22_goldcash_bull_cap,0.062205547213883494,0.046348414302692875,True,True,True,True,True,True
2023,0.5485553825101768,-0.10779921970614925,250,2023-01-03,2023-12-29,0.5406219197745135,-0.10779921970614992,250,2023-01-03,2023-12-29,VolTarget_22_goldcash_bull_cap,-0.00793346273566331,-6.661338147750939e-16,True,False,True,True,True,True
2024,0.2557826665909926,-0.13557734253565956,252,2024-01-02,2024-12-31,0.2572778753254372,-0.12989651507013988,252,2024-01-02,2024-12-31,VolTarget_22_goldcash_bull_cap,0.0014952087344446419,0.005680827465519678,True,True,True,True,True,True
2025,0.20772555521686442,-0.22768308447045493,250,2025-01-02,2025-12-31,0.157739628292918,-0.2124182086474623,250,2025-01-02,2025-12-31,VolTarget_22_goldcash_bull_cap,-0.04998592692394643,0.01526487582299263,True,True,True,True,True,True
2026,0.17623378608717455,-0.11723576957697124,151,2026-01-02,2026-08-10,0.18355376461190476,-0.11723576957697124,151,2026-01-02,2026-08-10,VolTarget_22_goldcash_bull_cap,0.0073199785247302085,0.0,True,False,True,True,True,True
2007,0.08794543063840421,-0.11448260142528455,150,2007-05-30,2007-12-31,0.07397562179997696,-0.11448260142528466,150,2007-05-30,2007-12-31,VolTarget_22_goldcash_fast_bull_cap,-0.013969808838427245,-1.1102230246251565e-16,True,False,True,True,True,True
2008,-0.4172714865371451,-0.4999007426178871,253,2008-01-02,2008-12-31,-0.2664049981132022,-0.36010309884304836,253,2008-01-02,2008-12-31,VolTarget_22_goldcash_fast_bull_cap,0.1508664884239429,0.13979764377483872,True,True,True,True,True,True
2009,0.5468412950214381,-0.18285720465447075,252,2009-01-02,2009-12-31,0.4692969478755329,-0.1335097767386353,252,2009-01-02,2009-12-31,VolTarget_22_goldcash_fast_bull_cap,-0.07754434714590519,0.04934742791583546,True,True,False,True,False,True
2010,0.20143762567919277,-0.15609285416254293,252,2010-01-04,2010-12-31,0.21168767322321602,-0.13712153523074733,252,2010-01-04,2010-12-31,VolTarget_22_goldcash_fast_bull_cap,0.010250047544023255,0.0189713189317956,True,True,True,True,True,True
2011,0.03475800926494377,-0.160992676056681,252,2011-01-03,2011-12-30,0.04471998247580844,-0.160992676056681,252,2011-01-03,2011-12-30,VolTarget_22_goldcash_fast_bull_cap,0.009961973210864672,0.0,True,False,True,True,True,True
2012,0.18112534240461264,-0.11637894714771613,250,2012-01-03,2012-12-31,0.17940157660476563,-0.11637894714771624,250,2012-01-03,2012-12-31,VolTarget_22_goldcash_fast_bull_cap,-0.0017237657998470102,-1.1102230246251565e-16,True,False,True,True,True,True
2013,0.3663418084306618,-0.058537955039066336,252,2013-01-02,2013-12-31,0.3663418084306618,-0.058537955039066336,252,2013-01-02,2013-12-31,VolTarget_22_goldcash_fast_bull_cap,0.0,0.0,True,False,True,True,True,True
2014,0.19181382856500617,-0.0824853533251676,252,2014-01-02,2014-12-31,0.19181382856500617,-0.0824853533251676,252,2014-01-02,2014-12-31,VolTarget_22_goldcash_fast_bull_cap,0.0,0.0,True,False,True,True,True,True
2015,0.09435929702570856,-0.13941054644448492,252,2015-01-02,2015-12-31,0.08829178320898778,-0.13941054644448492,252,2015-01-02,2015-12-31,VolTarget_22_goldcash_fast_bull_cap,-0.006067513816720771,0.0,True,False,True,True,True,True
2016,0.0709787945809095,-0.13892378087763313,252,2016-01-04,2016-12-30,0.07289488100142116,-0.1156001270750664,252,2016-01-04,2016-12-30,VolTarget_22_goldcash_fast_bull_cap,0.0019160864205116646,0.023323653802566735,True,True,True,True,True,True
2017,0.32663542829204406,-0.04882008555649564,251,2017-01-03,2017-12-29,0.32663542829204406,-0.04882008555649564,251,2017-01-03,2017-12-29,VolTarget_22_goldcash_fast_bull_cap,0.0,0.0,True,False,True,True,True,True
2018,-0.001262008063145803,-0.2279666681395237,251,2018-01-02,2018-12-31,0.03866768025981493,-0.1912096123768755,251,2018-01-02,2018-12-31,VolTarget_22_goldcash_fast_bull_cap,0.03992968832296073,0.036757055762648205,True,True,True,True,True,True
2019,0.3896158521282893,-0.10983202295735706,252,2019-01-02,2019-12-31,0.34744964088246455,-0.10983202295735695,252,2019-01-02,2019-12-31,VolTarget_22_goldcash_fast_bull_cap,-0.04216621124582476,1.1102230246251565e-16,True,False,True,True,True,True
2020,0.48406128849703234,-0.2855935565828831,253,2020-01-02,2020-12-31,0.4301796169514005,-0.2232391535406275,253,2020-01-02,2020-12-31,VolTarget_22_goldcash_fast_bull_cap,-0.05388167154563184,0.06235440304225559,True,True,False,True,False,True
2021,0.27419694495662195,-0.10851528987739201,252,2021-01-04,2021-12-31,0.2697003504549309,-0.10464097354422852,252,2021-01-04,2021-12-31,VolTarget_22_goldcash_fast_bull_cap,-0.0044965945016910425,0.0038743163331634856,True,True,True,True,True,True
2022,-0.3257699158587175,-0.34827972472096713,251,2022-01-03,2022-12-30,-0.30069425477835077,-0.32210826925087754,251,2022-01-03,2022-12-30,VolTarget_22_goldcash_fast_bull_cap,0.02507566108036674,0.02617145547008959,True,True,True,True,True,True
2023,0.5485553825101768,-0.10779921970614925,250,2023-01-03,2023-12-29,0.5354042041928104,-0.10779921970614992,250,2023-01-03,2023-12-29,VolTarget_22_goldcash_fast_bull_cap,-0.013151178317366341,-6.661338147750939e-16,True,False,True,True,True,True
2024,0.2557826665909926,-0.13557734253565956,252,2024-01-02,2024-12-31,0.2572778753254372,-0.12989651507013988,252,2024-01-02,2024-12-31,VolTarget_22_goldcash_fast_bull_cap,0.0014952087344446419,0.005680827465519678,True,True,True,True,True,True
2025,0.20772555521686442,-0.22768308447045493,250,2025-01-02,2025-12-31,0.19985023909272592,-0.2124182086474623,250,2025-01-02,2025-12-31,VolTarget_22_goldcash_fast_bull_cap,-0.007875316124138498,0.01526487582299263,True,True,True,True,True,True
2026,0.17623378608717455,-0.11723576957697124,151,2026-01-02,2026-08-10,0.18355376461190476,-0.11723576957697124,151,2026-01-02,2026-08-10,VolTarget_22_goldcash_fast_bull_cap,0.0073199785247302085,0.0,True,False,True,True,True,True
2007,0.08794543063840421,-0.11448260142528455,150,2007-05-30,2007-12-31,0.07472008998469226,-0.11448260142528488,150,2007-05-30,2007-12-31,VolTarget_22_goldcash_fast_rebound,-0.013225340653711948,-3.3306690738754696e-16,True,False,True,True,True,True
2008,-0.4172714865371451,-0.4999007426178871,253,2008-01-02,2008-12-31,-0.28205353993269855,-0.367387974320046,253,2008-01-02,2008-12-31,VolTarget_22_goldcash_fast_rebound,0.13521794660444653,0.1325127682978411,True,True,True,True,True,True
2009,0.5468412950214381,-0.18285720465447075,252,2009-01-02,2009-12-31,0.5193111543134483,-0.11953959916606216,252,2009-01-02,2009-12-31,VolTarget_22_goldcash_fast_rebound,-0.02753014070798976,0.06331760548840859,True,True,True,True,True,True
2010,0.20143762567919277,-0.15609285416254293,252,2010-01-04,2010-12-31,0.21168767322321602,-0.13712153523074733,252,2010-01-04,2010-12-31,VolTarget_22_goldcash_fast_rebound,0.010250047544023255,0.0189713189317956,True,True,True,True,True,True
2011,0.03475800926494377,-0.160992676056681,252,2011-01-03,2011-12-30,0.04623574057992741,-0.160992676056681,252,2011-01-03,2011-12-30,VolTarget_22_goldcash_fast_rebound,0.011477731314983641,0.0,True,False,True,True,True,True
2012,0.18112534240461264,-0.11637894714771613,250,2012-01-03,2012-12-31,0.18112534240461264,-0.11637894714771613,250,2012-01-03,2012-12-31,VolTarget_22_goldcash_fast_rebound,0.0,0.0,True,False,True,True,True,True
2013,0.3663418084306618,-0.058537955039066336,252,2013-01-02,2013-12-31,0.3663418084306618,-0.058537955039066336,252,2013-01-02,2013-12-31,VolTarget_22_goldcash_fast_rebound,0.0,0.0,True,False,True,True,True,True
2014,0.19181382856500617,-0.0824853533251676,252,2014-01-02,2014-12-31,0.19181382856500617,-0.0824853533251676,252,2014-01-02,2014-12-31,VolTarget_22_goldcash_fast_rebound,0.0,0.0,True,False,True,True,True,True
2015,0.09435929702570856,-0.13941054644448492,252,2015-01-02,2015-12-31,0.08829178320898778,-0.13941054644448492,252,2015-01-02,2015-12-31,VolTarget_22_goldcash_fast_rebound,-0.006067513816720771,0.0,True,False,True,True,True,True
2016,0.0709787945809095,-0.13892378087763313,252,2016-01-04,2016-12-30,0.0706444250718774,-0.1156001270750664,252,2016-01-04,2016-12-30,VolTarget_22_goldcash_fast_rebound,-0.0003343695090320953,0.023323653802566735,True,True,True,True,True,True
2017,0.32663542829204406,-0.04882008555649564,251,2017-01-03,2017-12-29,0.32663542829204406,-0.04882008555649564,251,2017-01-03,2017-12-29,VolTarget_22_goldcash_fast_rebound,0.0,0.0,True,False,True,True,True,True
2018,-0.001262008063145803,-0.2279666681395237,251,2018-01-02,2018-12-31,0.03866768025981493,-0.1912096123768755,251,2018-01-02,2018-12-31,VolTarget_22_goldcash_fast_rebound,0.03992968832296073,0.036757055762648205,True,True,True,True,True,True
2019,0.3896158521282893,-0.10983202295735706,252,2019-01-02,2019-12-31,0.34892981978322823,-0.10983202295735739,252,2019-01-02,2019-12-31,VolTarget_22_goldcash_fast_rebound,-0.040686032345061074,-3.3306690738754696e-16,True,False,True,True,True,True
2020,0.48406128849703234,-0.2855935565828831,253,2020-01-02,2020-12-31,0.3936806164462612,-0.2232391535406275,253,2020-01-02,2020-12-31,VolTarget_22_goldcash_fast_rebound,-0.09038067205077116,0.06235440304225559,True,True,False,True,False,True
2021,0.27419694495662195,-0.10851528987739201,252,2021-01-04,2021-12-31,0.27419694495662195,-0.10851528987739201,252,2021-01-04,2021-12-31,VolTarget_22_goldcash_fast_rebound,0.0,0.0,True,False,True,True,True,True
2022,-0.3257699158587175,-0.34827972472096713,251,2022-01-03,2022-12-30,-0.27005450972100686,-0.3080833270825246,251,2022-01-03,2022-12-30,VolTarget_22_goldcash_fast_rebound,0.055715406137710644,0.040196397638442516,True,True,True,True,True,True
2023,0.5485553825101768,-0.10779921970614925,250,2023-01-03,2023-12-29,0.5486075467403522,-0.1077992197061497,250,2023-01-03,2023-12-29,VolTarget_22_goldcash_fast_rebound,5.216423017539995e-05,-4.440892098500626e-16,True,False,True,True,True,True
2024,0.2557826665909926,-0.13557734253565956,252,2024-01-02,2024-12-31,0.2578825726946643,-0.12989651507013988,252,2024-01-02,2024-12-31,VolTarget_22_goldcash_fast_rebound,0.0020999061036717226,0.005680827465519678,True,True,True,True,True,True
2025,0.20772555521686442,-0.22768308447045493,250,2025-01-02,2025-12-31,0.157739628292918,-0.2124182086474623,250,2025-01-02,2025-12-31,VolTarget_22_goldcash_fast_rebound,-0.04998592692394643,0.01526487582299263,True,True,True,True,True,True
2026,0.17623378608717455,-0.11723576957697124,151,2026-01-02,2026-08-10,0.18355376461190476,-0.11723576957697124,151,2026-01-02,2026-08-10,VolTarget_22_goldcash_fast_rebound,0.0073199785247302085,0.0,True,False,True,True,True,True
2007,0.08794543063840421,-0.11448260142528455,150,2007-05-30,2007-12-31,0.0735555629969864,-0.11448260142528466,150,2007-05-30,2007-12-31,VolTarget_22_goldcash_momentum_floor,-0.014389867641417808,-1.1102230246251565e-16,True,False,True,True,True,True
2008,-0.4172714865371451,-0.4999007426178871,253,2008-01-02,2008-12-31,-0.28279455046006907,-0.3680409090398944,253,2008-01-02,2008-12-31,VolTarget_22_goldcash_momentum_floor,0.134476936077076,0.1318598335779927,True,True,True,True,True,True
2009,0.5468412950214381,-0.18285720465447075,252,2009-01-02,2009-12-31,0.41768968326971057,-0.11953959916606216,252,2009-01-02,2009-12-31,VolTarget_22_goldcash_momentum_floor,-0.1291516117517275,0.06331760548840859,True,True,False,False,False,False
2010,0.20143762567919277,-0.15609285416254293,252,2010-01-04,2010-12-31,0.21168767322321602,-0.13712153523074733,252,2010-01-04,2010-12-31,VolTarget_22_goldcash_momentum_floor,0.010250047544023255,0.0189713189317956,True,True,True,True,True,True
2011,0.03475800926494377,-0.160992676056681,252,2011-01-03,2011-12-30,0.04256898444566182,-0.160992676056681,252,2011-01-03,2011-12-30,VolTarget_22_goldcash_momentum_floor,0.007810975180718049,0.0,True,False,True,True,True,True
2012,0.18112534240461264,-0.11637894714771613,250,2012-01-03,2012-12-31,0.1768165277409537,-0.11637894714771602,250,2012-01-03,2012-12-31,VolTarget_22_goldcash_momentum_floor,-0.004308814663658955,1.1102230246251565e-16,True,False,True,True,True,True
2013,0.3663418084306618,-0.058537955039066336,252,2013-01-02,2013-12-31,0.3663418084306618,-0.058537955039066336,252,2013-01-02,2013-12-31,VolTarget_22_goldcash_momentum_floor,0.0,0.0,True,False,True,True,True,True
2014,0.19181382856500617,-0.0824853533251676,252,2014-01-02,2014-12-31,0.19181382856500617,-0.0824853533251676,252,2014-01-02,2014-12-31,VolTarget_22_goldcash_momentum_floor,0.0,0.0,True,False,True,True,True,True
2015,0.09435929702570856,-0.13941054644448492,252,2015-01-02,2015-12-31,0.08829178320898778,-0.13941054644448492,252,2015-01-02,2015-12-31,VolTarget_22_goldcash_momentum_floor,-0.006067513816720771,0.0,True,False,True,True,True,True
2016,0.0709787945809095,-0.13892378087763313,252,2016-01-04,2016-12-30,0.0706444250718774,-0.1156001270750664,252,2016-01-04,2016-12-30,VolTarget_22_goldcash_momentum_floor,-0.0003343695090320953,0.023323653802566735,True,True,True,True,True,True
2017,0.32663542829204406,-0.04882008555649564,251,2017-01-03,2017-12-29,0.32663542829204406,-0.04882008555649564,251,2017-01-03,2017-12-29,VolTarget_22_goldcash_momentum_floor,0.0,0.0,True,False,True,True,True,True
2018,-0.001262008063145803,-0.2279666681395237,251,2018-01-02,2018-12-31,0.03644484318725483,-0.19120961237687495,251,2018-01-02,2018-12-31,VolTarget_22_goldcash_momentum_floor,0.03770685125040063,0.03675705576264876,True,True,True,True,True,True
2019,0.3896158521282893,-0.10983202295735706,252,2019-01-02,2019-12-31,0.34744964088246455,-0.10983202295735695,252,2019-01-02,2019-12-31,VolTarget_22_goldcash_momentum_floor,-0.04216621124582476,1.1102230246251565e-16,True,False,True,True,True,True
2020,0.48406128849703234,-0.2855935565828831,253,2020-01-02,2020-12-31,0.34865523367499773,-0.2430562535117603,253,2020-01-02,2020-12-31,VolTarget_22_goldcash_momentum_floor,-0.1354060548220346,0.0425373030711228,True,True,False,False,False,False
2021,0.27419694495662195,-0.10851528987739201,252,2021-01-04,2021-12-31,0.26772867066005057,-0.10464097354422852,252,2021-01-04,2021-12-31,VolTarget_22_goldcash_momentum_floor,-0.006468274296571375,0.0038743163331634856,True,True,True,True,True,True
2022,-0.3257699158587175,-0.34827972472096713,251,2022-01-03,2022-12-30,-0.263564368644834,-0.30193131041827426,251,2022-01-03,2022-12-30,VolTarget_22_goldcash_momentum_floor,0.062205547213883494,0.046348414302692875,True,True,True,True,True,True
2023,0.5485553825101768,-0.10779921970614925,250,2023-01-03,2023-12-29,0.5383704306439854,-0.10779921970615025,250,2023-01-03,2023-12-29,VolTarget_22_goldcash_momentum_floor,-0.010184951866191394,-9.992007221626409e-16,True,False,True,True,True,True
2024,0.2557826665909926,-0.13557734253565956,252,2024-01-02,2024-12-31,0.2572778753254372,-0.12989651507013988,252,2024-01-02,2024-12-31,VolTarget_22_goldcash_momentum_floor,0.0014952087344446419,0.005680827465519678,True,True,True,True,True,True
2025,0.20772555521686442,-0.22768308447045493,250,2025-01-02,2025-12-31,0.157739628292918,-0.2124182086474623,250,2025-01-02,2025-12-31,VolTarget_22_goldcash_momentum_floor,-0.04998592692394643,0.01526487582299263,True,True,True,True,True,True
2026,0.17623378608717455,-0.11723576957697124,151,2026-01-02,2026-08-10,0.17965854945663184,-0.11723576957697124,151,2026-01-02,2026-08-10,VolTarget_22_goldcash_momentum_floor,0.0034247633694572954,0.0,True,False,True,True,True,True
2007,0.08794543063840421,-0.11448260142528455,150,2007-05-30,2007-12-31,0.07124307074886893,-0.11448260142528466,150,2007-05-30,2007-12-31,VolTarget_22_goldcash_trend_rebound,-0.01670235988953528,-1.1102230246251565e-16,True,False,True,True,True,True
2008,-0.4172714865371451,-0.4999007426178871,253,2008-01-02,2008-12-31,-0.2878959385448421,-0.37253595098185976,253,2008-01-02,2008-12-31,VolTarget_22_goldcash_trend_rebound,0.129375547992303,0.12736479163602732,True,True,True,True,True,True
2009,0.5468412950214381,-0.18285720465447075,252,2009-01-02,2009-12-31,0.5193111543134483,-0.11953959916606216,252,2009-01-02,2009-12-31,VolTarget_22_goldcash_trend_rebound,-0.02753014070798976,0.06331760548840859,True,True,True,True,True,True
2010,0.20143762567919277,-0.15609285416254293,252,2010-01-04,2010-12-31,0.21168767322321602,-0.13712153523074733,252,2010-01-04,2010-12-31,VolTarget_22_goldcash_trend_rebound,0.010250047544023255,0.0189713189317956,True,True,True,True,True,True
2011,0.03475800926494377,-0.160992676056681,252,2011-01-03,2011-12-30,0.04623574057992741,-0.160992676056681,252,2011-01-03,2011-12-30,VolTarget_22_goldcash_trend_rebound,0.011477731314983641,0.0,True,False,True,True,True,True
2012,0.18112534240461264,-0.11637894714771613,250,2012-01-03,2012-12-31,0.18112534240461264,-0.11637894714771613,250,2012-01-03,2012-12-31,VolTarget_22_goldcash_trend_rebound,0.0,0.0,True,False,True,True,True,True
2013,0.3663418084306618,-0.058537955039066336,252,2013-01-02,2013-12-31,0.3663418084306618,-0.058537955039066336,252,2013-01-02,2013-12-31,VolTarget_22_goldcash_trend_rebound,0.0,0.0,True,False,True,True,True,True
2014,0.19181382856500617,-0.0824853533251676,252,2014-01-02,2014-12-31,0.19181382856500617,-0.0824853533251676,252,2014-01-02,2014-12-31,VolTarget_22_goldcash_trend_rebound,0.0,0.0,True,False,True,True,True,True
2015,0.09435929702570856,-0.13941054644448492,252,2015-01-02,2015-12-31,0.08829178320898778,-0.13941054644448492,252,2015-01-02,2015-12-31,VolTarget_22_goldcash_trend_rebound,-0.006067513816720771,0.0,True,False,True,True,True,True
2016,0.0709787945809095,-0.13892378087763313,252,2016-01-04,2016-12-30,0.0706444250718774,-0.1156001270750664,252,2016-01-04,2016-12-30,VolTarget_22_goldcash_trend_rebound,-0.0003343695090320953,0.023323653802566735,True,True,True,True,True,True
2017,0.32663542829204406,-0.04882008555649564,251,2017-01-03,2017-12-29,0.32663542829204406,-0.04882008555649564,251,2017-01-03,2017-12-29,VolTarget_22_goldcash_trend_rebound,0.0,0.0,True,False,True,True,True,True
2018,-0.001262008063145803,-0.2279666681395237,251,2018-01-02,2018-12-31,0.018105842715087528,-0.1912096123768755,251,2018-01-02,2018-12-31,VolTarget_22_goldcash_trend_rebound,0.01936785077823333,0.036757055762648205,True,True,True,True,True,True
2019,0.3896158521282893,-0.10983202295735706,252,2019-01-02,2019-12-31,0.34744964088246455,-0.10983202295735695,252,2019-01-02,2019-12-31,VolTarget_22_goldcash_trend_rebound,-0.04216621124582476,1.1102230246251565e-16,True,False,True,True,True,True
2020,0.48406128849703234,-0.2855935565828831,253,2020-01-02,2020-12-31,0.2784731752173468,-0.2855935565828831,253,2020-01-02,2020-12-31,VolTarget_22_goldcash_trend_rebound,-0.2055881132796855,0.0,True,False,False,False,False,False
2021,0.27419694495662195,-0.10851528987739201,252,2021-01-04,2021-12-31,0.27419694495662195,-0.10851528987739201,252,2021-01-04,2021-12-31,VolTarget_22_goldcash_trend_rebound,0.0,0.0,True,False,True,True,True,True
2022,-0.3257699158587175,-0.34827972472096713,251,2022-01-03,2022-12-30,-0.27005450972100686,-0.3080833270825246,251,2022-01-03,2022-12-30,VolTarget_22_goldcash_trend_rebound,0.055715406137710644,0.040196397638442516,True,True,True,True,True,True
2023,0.5485553825101768,-0.10779921970614925,250,2023-01-03,2023-12-29,0.5486075467403522,-0.1077992197061497,250,2023-01-03,2023-12-29,VolTarget_22_goldcash_trend_rebound,5.216423017539995e-05,-4.440892098500626e-16,True,False,True,True,True,True
2024,0.2557826665909926,-0.13557734253565956,252,2024-01-02,2024-12-31,0.2557826665909926,-0.13557734253565956,252,2024-01-02,2024-12-31,VolTarget_22_goldcash_trend_rebound,0.0,0.0,True,False,True,True,True,True
2025,0.20772555521686442,-0.22768308447045493,250,2025-01-02,2025-12-31,0.157739628292918,-0.2124182086474623,250,2025-01-02,2025-12-31,VolTarget_22_goldcash_trend_rebound,-0.04998592692394643,0.01526487582299263,True,True,True,True,True,True
2026,0.17623378608717455,-0.11723576957697124,151,2026-01-02,2026-08-10,0.17067316588100678,-0.11723576957697124,151,2026-01-02,2026-08-10,VolTarget_22_goldcash_trend_rebound,-0.005560620206167766,0.0,True,False,True,True,True,True
2007,0.08794543063840421,-0.11448260142528455,150,2007-05-30,2007-12-31,0.0719856447590057,-0.11448260142528488,150,2007-05-30,2007-12-31,VolTarget_22_goldcash_ultrafast_rebound,-0.015959785879398503,-3.3306690738754696e-16,True,False,True,True,True,True
2008,-0.4172714865371451,-0.4999007426178871,253,2008-01-02,2008-12-31,-0.28272505335801246,-0.36797967229738426,253,2008-01-02,2008-12-31,VolTarget_22_goldcash_ultrafast_rebound,0.13454643317913262,0.13192107032050282,True,True,True,True,True,True
2009,0.5468412950214381,-0.18285720465447075,252,2009-01-02,2009-12-31,0.484700941025505,-0.1399864038004044,252,2009-01-02,2009-12-31,VolTarget_22_goldcash_ultrafast_rebound,-0.062140353995933095,0.04287080085406636,True,True,False,True,False,True
2010,0.20143762567919277,-0.15609285416254293,252,2010-01-04,2010-12-31,0.21168767322321602,-0.13712153523074733,252,2010-01-04,2010-12-31,VolTarget_22_goldcash_ultrafast_rebound,0.010250047544023255,0.0189713189317956,True,True,True,True,True,True
2011,0.03475800926494377,-0.160992676056681,252,2011-01-03,2011-12-30,0.01594604339539929,-0.160992676056681,252,2011-01-03,2011-12-30,VolTarget_22_goldcash_ultrafast_rebound,-0.018811965869544478,0.0,True,False,True,True,True,True
2012,0.18112534240461264,-0.11637894714771613,250,2012-01-03,2012-12-31,0.1764394700719767,-0.1163789471477158,250,2012-01-03,2012-12-31,VolTarget_22_goldcash_ultrafast_rebound,-0.004685872332635954,3.3306690738754696e-16,True,False,True,True,True,True
2013,0.3663418084306618,-0.058537955039066336,252,2013-01-02,2013-12-31,0.3663418084306618,-0.058537955039066336,252,2013-01-02,2013-12-31,VolTarget_22_goldcash_ultrafast_rebound,0.0,0.0,True,False,True,True,True,True
2014,0.19181382856500617,-0.0824853533251676,252,2014-01-02,2014-12-31,0.19181382856500617,-0.0824853533251676,252,2014-01-02,2014-12-31,VolTarget_22_goldcash_ultrafast_rebound,0.0,0.0,True,False,True,True,True,True
2015,0.09435929702570856,-0.13941054644448492,252,2015-01-02,2015-12-31,0.08829178320898778,-0.13941054644448492,252,2015-01-02,2015-12-31,VolTarget_22_goldcash_ultrafast_rebound,-0.006067513816720771,0.0,True,False,True,True,True,True
2016,0.0709787945809095,-0.13892378087763313,252,2016-01-04,2016-12-30,0.0709787945809095,-0.13892378087763313,252,2016-01-04,2016-12-30,VolTarget_22_goldcash_ultrafast_rebound,0.0,0.0,True,False,True,True,True,True
2017,0.32663542829204406,-0.04882008555649564,251,2017-01-03,2017-12-29,0.32663542829204406,-0.04882008555649564,251,2017-01-03,2017-12-29,VolTarget_22_goldcash_ultrafast_rebound,0.0,0.0,True,False,True,True,True,True
2018,-0.001262008063145803,-0.2279666681395237,251,2018-01-02,2018-12-31,0.008424539197980474,-0.22596253989025605,251,2018-01-02,2018-12-31,VolTarget_22_goldcash_ultrafast_rebound,0.009686547261126277,0.002004128249267656,True,True,True,True,True,True
2019,0.3896158521282893,-0.10983202295735706,252,2019-01-02,2019-12-31,0.3500463589935925,-0.10983202295735739,252,2019-01-02,2019-12-31,VolTarget_22_goldcash_ultrafast_rebound,-0.03956949313469682,-3.3306690738754696e-16,True,False,True,True,True,True
2020,0.48406128849703234,-0.2855935565828831,253,2020-01-02,2020-12-31,0.4988719435135589,-0.2232391535406275,253,2020-01-02,2020-12-31,VolTarget_22_goldcash_ultrafast_rebound,0.014810655016526564,0.06235440304225559,True,True,True,True,True,True
2021,0.27419694495662195,-0.10851528987739201,252,2021-01-04,2021-12-31,0.26993967881752723,-0.1046409735442283,252,2021-01-04,2021-12-31,VolTarget_22_goldcash_ultrafast_rebound,-0.0042572661390947175,0.0038743163331637076,True,True,True,True,True,True
2022,-0.3257699158587175,-0.34827972472096713,251,2022-01-03,2022-12-30,-0.31609294444071356,-0.3383350481201791,251,2022-01-03,2022-12-30,VolTarget_22_goldcash_ultrafast_rebound,0.009676971418003943,0.009944676600788016,True,True,True,True,True,True
2023,0.5485553825101768,-0.10779921970614925,250,2023-01-03,2023-12-29,0.5312657622856252,-0.10779921970615014,250,2023-01-03,2023-12-29,VolTarget_22_goldcash_ultrafast_rebound,-0.017289620224551605,-8.881784197001252e-16,True,False,True,True,True,True
2024,0.2557826665909926,-0.13557734253565956,252,2024-01-02,2024-12-31,0.2572778753254372,-0.12989651507013988,252,2024-01-02,2024-12-31,VolTarget_22_goldcash_ultrafast_rebound,0.0014952087344446419,0.005680827465519678,True,True,True,True,True,True
2025,0.20772555521686442,-0.22768308447045493,250,2025-01-02,2025-12-31,0.20745975430047525,-0.2124182086474623,250,2025-01-02,2025-12-31,VolTarget_22_goldcash_ultrafast_rebound,-0.00026580091638916947,0.01526487582299263,True,True,True,True,True,True
2026,0.17623378608717455,-0.11723576957697124,151,2026-01-02,2026-08-10,0.18379015574705915,-0.11723576957697124,151,2026-01-02,2026-08-10,VolTarget_22_goldcash_ultrafast_rebound,0.007556369659884599,0.0,True,False,True,True,True,True
2007,0.08794543063840421,-0.11448260142528455,150,2007-05-30,2007-12-31,0.06949874978364767,-0.11448260142528455,150,2007-05-30,2007-12-31,VolTarget_22_rates,-0.018446680854756536,0.0,True,False,True,True,True,True
2008,-0.4172714865371451,-0.4999007426178871,253,2008-01-02,2008-12-31,-0.25434588456051255,-0.3581478467781022,253,2008-01-02,2008-12-31,VolTarget_22_rates,0.16292560197663253,0.1417528958397849,True,True,True,True,True,True
2009,0.5468412950214381,-0.18285720465447075,252,2009-01-02,2009-12-31,0.3836410690312344,-0.12468915889624432,252,2009-01-02,2009-12-31,VolTarget_22_rates,-0.16320022599020367,0.05816804575822643,True,True,False,False,False,False
2010,0.20143762567919277,-0.15609285416254293,252,2010-01-04,2010-12-31,0.2185695136132022,-0.13220547198641552,252,2010-01-04,2010-12-31,VolTarget_22_rates,0.017131887934009438,0.023887382176127403,True,True,True,True,True,True
2011,0.03475800926494377,-0.160992676056681,252,2011-01-03,2011-12-30,0.07329743688426849,-0.160992676056681,252,2011-01-03,2011-12-30,VolTarget_22_rates,0.03853942761932472,0.0,True,False,True,True,True,True
2012,0.18112534240461264,-0.11637894714771613,250,2012-01-03,2012-12-31,0.17399227198962341,-0.1163789471477158,250,2012-01-03,2012-12-31,VolTarget_22_rates,-0.007133070414989229,3.3306690738754696e-16,True,False,True,True,True,True
2013,0.3663418084306618,-0.058537955039066336,252,2013-01-02,2013-12-31,0.3663418084306618,-0.058537955039066336,252,2013-01-02,2013-12-31,VolTarget_22_rates,0.0,0.0,True,False,True,True,True,True
2014,0.19181382856500617,-0.0824853533251676,252,2014-01-02,2014-12-31,0.19181382856500617,-0.0824853533251676,252,2014-01-02,2014-12-31,VolTarget_22_rates,0.0,0.0,True,False,True,True,True,True
2015,0.09435929702570856,-0.13941054644448492,252,2015-01-02,2015-12-31,0.09149598774360679,-0.13941054644448492,252,2015-01-02,2015-12-31,VolTarget_22_rates,-0.002863309282101767,0.0,True,False,True,True,True,True
2016,0.0709787945809095,-0.13892378087763313,252,2016-01-04,2016-12-30,0.06919606582213111,-0.1150891240685018,252,2016-01-04,2016-12-30,VolTarget_22_rates,-0.0017827287587783847,0.023834656809131327,True,True,True,True,True,True
2017,0.32663542829204406,-0.04882008555649564,251,2017-01-03,2017-12-29,0.32663542829204406,-0.04882008555649564,251,2017-01-03,2017-12-29,VolTarget_22_rates,0.0,0.0,True,False,True,True,True,True
2018,-0.001262008063145803,-0.2279666681395237,251,2018-01-02,2018-12-31,0.04290736082292046,-0.1878254798168516,251,2018-01-02,2018-12-31,VolTarget_22_rates,0.04416936888606626,0.040141188322672106,True,True,True,True,True,True
2019,0.3896158521282893,-0.10983202295735706,252,2019-01-02,2019-12-31,0.3446244096286395,-0.10983202295735728,252,2019-01-02,2019-12-31,VolTarget_22_rates,-0.044991442499649814,-2.220446049250313e-16,True,False,True,True,True,True
2020,0.48406128849703234,-0.2855935565828831,253,2020-01-02,2020-12-31,0.37907072204093484,-0.2155683091803121,253,2020-01-02,2020-12-31,VolTarget_22_rates,-0.1049905664560975,0.07002524740257099,True,True,False,False,False,False
2021,0.27419694495662195,-0.10851528987739201,252,2021-01-04,2021-12-31,0.26545065894359454,-0.10487067114992721,252,2021-01-04,2021-12-31,VolTarget_22_rates,-0.008746286013027404,0.003644618727464799,True,True,True,True,True,True
2022,-0.3257699158587175,-0.34827972472096713,251,2022-01-03,2022-12-30,-0.2785272893126518,-0.313062555080898,251,2022-01-03,2022-12-30,VolTarget_22_rates,0.0472426265460657,0.03521716964006916,True,True,True,True,True,True
2023,0.5485553825101768,-0.10779921970614925,250,2023-01-03,2023-12-29,0.541614012617748,-0.10779921970615025,250,2023-01-03,2023-12-29,VolTarget_22_rates,-0.0069413698924287726,-9.992007221626409e-16,True,False,True,True,True,True
2024,0.2557826665909926,-0.13557734253565956,252,2024-01-02,2024-12-31,0.2574940862702175,-0.12924094973628797,252,2024-01-02,2024-12-31,VolTarget_22_rates,0.0017114196792249459,0.006336392799371593,True,True,True,True,True,True
2025,0.20772555521686442,-0.22768308447045493,250,2025-01-02,2025-12-31,0.14259872086656733,-0.2126817566345406,250,2025-01-02,2025-12-31,VolTarget_22_rates,-0.06512683435029709,0.015001327835914346,True,True,False,True,False,True
2026,0.17623378608717455,-0.11723576957697124,151,2026-01-02,2026-08-10,0.1782478488879815,-0.11723576957697124,151,2026-01-02,2026-08-10,VolTarget_22_rates,0.0020140628008069594,0.0,True,False,True,True,True,True
2007,0.08794543063840421,-0.11448260142528455,150,2007-05-30,2007-12-31,0.07075914162245867,-0.11448260142528488,150,2007-05-30,2007-12-31,VolTarget_24_bil,-0.017186289015945544,-3.3306690738754696e-16,True,False,True,True,True,True
2008,-0.4172714865371451,-0.4999007426178871,253,2008-01-02,2008-12-31,-0.31505008675881385,-0.3511532217501334,253,2008-01-02,2008-12-31,VolTarget_24_bil,0.10222139977833122,0.14874752086775367,True,True,True,True,True,True
2009,0.5468412950214381,-0.18285720465447075,252,2009-01-02,2009-12-31,0.4513469708130291,-0.12482379745614436,252,2009-01-02,2009-12-31,VolTarget_24_bil,-0.09549432420840898,0.05803340719832639,True,True,False,True,False,True
2010,0.20143762567919277,-0.15609285416254293,252,2010-01-04,2010-12-31,0.21543092997614743,-0.14089479864224053,252,2010-01-04,2010-12-31,VolTarget_24_bil,0.013993304296954667,0.0151980555203024,True,True,True,True,True,True
2011,0.03475800926494377,-0.160992676056681,252,2011-01-03,2011-12-30,0.0587865233262761,-0.160992676056681,252,2011-01-03,2011-12-30,VolTarget_24_bil,0.02402851406133233,0.0,True,False,True,True,True,True
2012,0.18112534240461264,-0.11637894714771613,250,2012-01-03,2012-12-31,0.17626384249376015,-0.11637894714771568,250,2012-01-03,2012-12-31,VolTarget_24_bil,-0.004861499910852496,4.440892098500626e-16,True,False,True,True,True,True
2013,0.3663418084306618,-0.058537955039066336,252,2013-01-02,2013-12-31,0.3663418084306618,-0.058537955039066336,252,2013-01-02,2013-12-31,VolTarget_24_bil,0.0,0.0,True,False,True,True,True,True
2014,0.19181382856500617,-0.0824853533251676,252,2014-01-02,2014-12-31,0.19181382856500617,-0.0824853533251676,252,2014-01-02,2014-12-31,VolTarget_24_bil,0.0,0.0,True,False,True,True,True,True
2015,0.09435929702570856,-0.13941054644448492,252,2015-01-02,2015-12-31,0.08957965883205588,-0.13941054644448492,252,2015-01-02,2015-12-31,VolTarget_24_bil,-0.00477963819365268,0.0,True,False,True,True,True,True
2016,0.0709787945809095,-0.13892378087763313,252,2016-01-04,2016-12-30,0.06448327678107879,-0.12592515629992918,252,2016-01-04,2016-12-30,VolTarget_24_bil,-0.006495517799830708,0.012998624577703954,True,True,True,True,True,True
2017,0.32663542829204406,-0.04882008555649564,251,2017-01-03,2017-12-29,0.32663542829204406,-0.04882008555649564,251,2017-01-03,2017-12-29,VolTarget_24_bil,0.0,0.0,True,False,True,True,True,True
2018,-0.001262008063145803,-0.2279666681395237,251,2018-01-02,2018-12-31,0.022212850576844856,-0.2054550324771114,251,2018-01-02,2018-12-31,VolTarget_24_bil,0.02347485863999066,0.02251163566241232,True,True,True,True,True,True
2019,0.3896158521282893,-0.10983202295735706,252,2019-01-02,2019-12-31,0.3519706978350339,-0.10983202295735706,252,2019-01-02,2019-12-31,VolTarget_24_bil,-0.037645154293255434,0.0,True,False,True,True,True,True
2020,0.48406128849703234,-0.2855935565828831,253,2020-01-02,2020-12-31,0.3532259956821242,-0.2254179200992753,253,2020-01-02,2020-12-31,VolTarget_24_bil,-0.13083529281490813,0.0601756364836078,True,True,False,False,False,False
2021,0.27419694495662195,-0.10851528987739201,252,2021-01-04,2021-12-31,0.2690467597859443,-0.10851528987739201,252,2021-01-04,2021-12-31,VolTarget_24_bil,-0.005150185170677668,0.0,True,False,True,True,True,True
2022,-0.3257699158587175,-0.34827972472096713,251,2022-01-03,2022-12-30,-0.27429704330407534,-0.3037250615274866,251,2022-01-03,2022-12-30,VolTarget_24_bil,0.05147287255464217,0.04455466319348056,True,True,True,True,True,True
2023,0.5485553825101768,-0.10779921970614925,250,2023-01-03,2023-12-29,0.5446237734818729,-0.10779921970615003,250,2023-01-03,2023-12-29,VolTarget_24_bil,-0.003931609028303917,-7.771561172376096e-16,True,False,True,True,True,True
2024,0.2557826665909926,-0.13557734253565956,252,2024-01-02,2024-12-31,0.25584139713392995,-0.13266381337289146,252,2024-01-02,2024-12-31,VolTarget_24_bil,5.873054293736857e-05,0.0029135291627681026,True,True,True,True,True,True
2025,0.20772555521686442,-0.22768308447045493,250,2025-01-02,2025-12-31,0.15003252989477356,-0.21544540955368774,250,2025-01-02,2025-12-31,VolTarget_24_bil,-0.05769302532209086,0.012237674916767194,True,True,False,True,False,True
2026,0.17623378608717455,-0.11723576957697124,151,2026-01-02,2026-08-10,0.18955393435327483,-0.11723576957697124,151,2026-01-02,2026-08-10,VolTarget_24_bil,0.013320148266100285,0.0,True,False,True,True,True,True
2007,0.08794543063840421,-0.11448260142528455,150,2007-05-30,2007-12-31,0.07415553933553576,-0.11448260142528488,150,2007-05-30,2007-12-31,VolTarget_24_goldcash,-0.013789891302868451,-3.3306690738754696e-16,True,False,True,True,True,True
2008,-0.4172714865371451,-0.4999007426178871,253,2008-01-02,2008-12-31,-0.2900348714606008,-0.3751064913476997,253,2008-01-02,2008-12-31,VolTarget_24_goldcash,0.12723661507654427,0.1247942512701874,True,True,True,True,True,True
2009,0.5468412950214381,-0.18285720465447075,252,2009-01-02,2009-12-31,0.4320177146406219,-0.12874152423496865,252,2009-01-02,2009-12-31,VolTarget_24_goldcash,-0.11482358038081619,0.0541156804195021,True,True,False,False,False,False
2010,0.20143762567919277,-0.15609285416254293,252,2010-01-04,2010-12-31,0.21619584085066101,-0.14029917487017984,252,2010-01-04,2010-12-31,VolTarget_24_goldcash,0.014758215171468247,0.015793679292363083,True,True,True,True,True,True
2011,0.03475800926494377,-0.160992676056681,252,2011-01-03,2011-12-30,0.04748235286141589,-0.160992676056681,252,2011-01-03,2011-12-30,VolTarget_24_goldcash,0.01272434359647212,0.0,True,False,True,True,True,True
2012,0.18112534240461264,-0.11637894714771613,250,2012-01-03,2012-12-31,0.17758007377067275,-0.1163789471477159,250,2012-01-03,2012-12-31,VolTarget_24_goldcash,-0.003545268633939891,2.220446049250313e-16,True,False,True,True,True,True
2013,0.3663418084306618,-0.058537955039066336,252,2013-01-02,2013-12-31,0.3663418084306618,-0.058537955039066336,252,2013-01-02,2013-12-31,VolTarget_24_goldcash,0.0,0.0,True,False,True,True,True,True
2014,0.19181382856500617,-0.0824853533251676,252,2014-01-02,2014-12-31,0.19181382856500617,-0.0824853533251676,252,2014-01-02,2014-12-31,VolTarget_24_goldcash,0.0,0.0,True,False,True,True,True,True
2015,0.09435929702570856,-0.13941054644448492,252,2015-01-02,2015-12-31,0.08932774313235847,-0.13941054644448492,252,2015-01-02,2015-12-31,VolTarget_24_goldcash,-0.0050315538933500825,0.0,True,False,True,True,True,True
2016,0.0709787945809095,-0.13892378087763313,252,2016-01-04,2016-12-30,0.07220990576376596,-0.1219011068448892,252,2016-01-04,2016-12-30,VolTarget_24_goldcash,0.0012311111828564592,0.017022674032743934,True,True,True,True,True,True
2017,0.32663542829204406,-0.04882008555649564,251,2017-01-03,2017-12-29,0.32663542829204406,-0.04882008555649564,251,2017-01-03,2017-12-29,VolTarget_24_goldcash,0.0,0.0,True,False,True,True,True,True
2018,-0.001262008063145803,-0.2279666681395237,251,2018-01-02,2018-12-31,0.028229129324960356,-0.202456242798966,251,2018-01-02,2018-12-31,VolTarget_24_goldcash,0.02949113738810616,0.025510425340557696,True,True,True,True,True,True
2019,0.3896158521282893,-0.10983202295735706,252,2019-01-02,2019-12-31,0.3571103944611087,-0.10983202295735683,252,2019-01-02,2019-12-31,VolTarget_24_goldcash,-0.032505457667180604,2.220446049250313e-16,True,False,True,True,True,True
2020,0.48406128849703234,-0.2855935565828831,253,2020-01-02,2020-12-31,0.3964201788865642,-0.23310371097883364,253,2020-01-02,2020-12-31,VolTarget_24_goldcash,-0.08764110961046812,0.05248984560404946,True,True,False,True,False,True
2021,0.27419694495662195,-0.10851528987739201,252,2021-01-04,2021-12-31,0.27163432325682235,-0.10851528987739201,252,2021-01-04,2021-12-31,VolTarget_24_goldcash,-0.0025626216997995943,0.0,True,False,True,True,True,True
2022,-0.3257699158587175,-0.34827972472096713,251,2022-01-03,2022-12-30,-0.28059535244311584,-0.31703021608524684,251,2022-01-03,2022-12-30,VolTarget_24_goldcash,0.045174563415601665,0.03124950863572029,True,True,True,True,True,True
2023,0.5485553825101768,-0.10779921970614925,250,2023-01-03,2023-12-29,0.550726778440839,-0.1077992197061497,250,2023-01-03,2023-12-29,VolTarget_24_goldcash,0.002171395930662179,-4.440892098500626e-16,True,False,True,True,True,True
2024,0.2557826665909926,-0.13557734253565956,252,2024-01-02,2024-12-31,0.25670515855306175,-0.13312427995363763,252,2024-01-02,2024-12-31,VolTarget_24_goldcash,0.0009224919620691718,0.0024530625820219365,True,True,True,True,True,True
2025,0.20772555521686442,-0.22768308447045493,250,2025-01-02,2025-12-31,0.1604162012203072,-0.21821826915367326,250,2025-01-02,2025-12-31,VolTarget_24_goldcash,-0.047309353996557224,0.009464815316781672,True,True,True,True,True,True
2026,0.17623378608717455,-0.11723576957697124,151,2026-01-02,2026-08-10,0.1872757359306343,-0.11723576957697124,151,2026-01-02,2026-08-10,VolTarget_24_goldcash,0.011041949843459742,0.0,True,False,True,True,True,True
2007,0.08794543063840421,-0.11448260142528455,150,2007-05-30,2007-12-31,0.07415553933553576,-0.11448260142528488,150,2007-05-30,2007-12-31,VolTarget_24_goldcash_bull_cap,-0.013789891302868451,-3.3306690738754696e-16,True,False,True,True,True,True
2008,-0.4172714865371451,-0.4999007426178871,253,2008-01-02,2008-12-31,-0.2900348714606008,-0.3751064913476997,253,2008-01-02,2008-12-31,VolTarget_24_goldcash_bull_cap,0.12723661507654427,0.1247942512701874,True,True,True,True,True,True
2009,0.5468412950214381,-0.18285720465447075,252,2009-01-02,2009-12-31,0.43202168689751064,-0.12874152423496865,252,2009-01-02,2009-12-31,VolTarget_24_goldcash_bull_cap,-0.11481960812392744,0.0541156804195021,True,True,False,False,False,False
2010,0.20143762567919277,-0.15609285416254293,252,2010-01-04,2010-12-31,0.21619584085066101,-0.14029917487017984,252,2010-01-04,2010-12-31,VolTarget_24_goldcash_bull_cap,0.014758215171468247,0.015793679292363083,True,True,True,True,True,True
2011,0.03475800926494377,-0.160992676056681,252,2011-01-03,2011-12-30,0.04916444965176581,-0.160992676056681,252,2011-01-03,2011-12-30,VolTarget_24_goldcash_bull_cap,0.01440644038682204,0.0,True,False,True,True,True,True
2012,0.18112534240461264,-0.11637894714771613,250,2012-01-03,2012-12-31,0.17940157660476563,-0.11637894714771624,250,2012-01-03,2012-12-31,VolTarget_24_goldcash_bull_cap,-0.0017237657998470102,-1.1102230246251565e-16,True,False,True,True,True,True
2013,0.3663418084306618,-0.058537955039066336,252,2013-01-02,2013-12-31,0.3663418084306618,-0.058537955039066336,252,2013-01-02,2013-12-31,VolTarget_24_goldcash_bull_cap,0.0,0.0,True,False,True,True,True,True
2014,0.19181382856500617,-0.0824853533251676,252,2014-01-02,2014-12-31,0.19181382856500617,-0.0824853533251676,252,2014-01-02,2014-12-31,VolTarget_24_goldcash_bull_cap,0.0,0.0,True,False,True,True,True,True
2015,0.09435929702570856,-0.13941054644448492,252,2015-01-02,2015-12-31,0.08932774313235847,-0.13941054644448492,252,2015-01-02,2015-12-31,VolTarget_24_goldcash_bull_cap,-0.0050315538933500825,0.0,True,False,True,True,True,True
2016,0.0709787945809095,-0.13892378087763313,252,2016-01-04,2016-12-30,0.07220990576376596,-0.1219011068448892,252,2016-01-04,2016-12-30,VolTarget_24_goldcash_bull_cap,0.0012311111828564592,0.017022674032743934,True,True,True,True,True,True
2017,0.32663542829204406,-0.04882008555649564,251,2017-01-03,2017-12-29,0.32663542829204406,-0.04882008555649564,251,2017-01-03,2017-12-29,VolTarget_24_goldcash_bull_cap,0.0,0.0,True,False,True,True,True,True
2018,-0.001262008063145803,-0.2279666681395237,251,2018-01-02,2018-12-31,0.020870926551137092,-0.21093012690394142,251,2018-01-02,2018-12-31,VolTarget_24_goldcash_bull_cap,0.022132934614282895,0.017036541235582292,True,True,True,True,True,True
2019,0.3896158521282893,-0.10983202295735706,252,2019-01-02,2019-12-31,0.35738354527681526,-0.10983202295735728,252,2019-01-02,2019-12-31,VolTarget_24_goldcash_bull_cap,-0.032232306851474046,-2.220446049250313e-16,True,False,True,True,True,True
2020,0.48406128849703234,-0.2855935565828831,253,2020-01-02,2020-12-31,0.4327081462186546,-0.23310371097883364,253,2020-01-02,2020-12-31,VolTarget_24_goldcash_bull_cap,-0.05135314227837773,0.05248984560404946,True,True,False,True,False,True
2021,0.27419694495662195,-0.10851528987739201,252,2021-01-04,2021-12-31,0.27188705914865263,-0.10851528987739201,252,2021-01-04,2021-12-31,VolTarget_24_goldcash_bull_cap,-0.002309885807969314,0.0,True,False,True,True,True,True
2022,-0.3257699158587175,-0.34827972472096713,251,2022-01-03,2022-12-30,-0.28059535244311584,-0.31703021608524684,251,2022-01-03,2022-12-30,VolTarget_24_goldcash_bull_cap,0.045174563415601665,0.03124950863572029,True,True,True,True,True,True
2023,0.5485553825101768,-0.10779921970614925,250,2023-01-03,2023-12-29,0.550726778440839,-0.1077992197061497,250,2023-01-03,2023-12-29,VolTarget_24_goldcash_bull_cap,0.002171395930662179,-4.440892098500626e-16,True,False,True,True,True,True
2024,0.2557826665909926,-0.13557734253565956,252,2024-01-02,2024-12-31,0.25670515855306175,-0.13312427995363763,252,2024-01-02,2024-12-31,VolTarget_24_goldcash_bull_cap,0.0009224919620691718,0.0024530625820219365,True,True,True,True,True,True
2025,0.20772555521686442,-0.22768308447045493,250,2025-01-02,2025-12-31,0.1604162012203072,-0.21821826915367326,250,2025-01-02,2025-12-31,VolTarget_24_goldcash_bull_cap,-0.047309353996557224,0.009464815316781672,True,True,True,True,True,True
2026,0.17623378608717455,-0.11723576957697124,151,2026-01-02,2026-08-10,0.1872757359306343,-0.11723576957697124,151,2026-01-02,2026-08-10,VolTarget_24_goldcash_bull_cap,0.011041949843459742,0.0,True,False,True,True,True,True
2007,0.08794543063840421,-0.11448260142528455,150,2007-05-30,2007-12-31,0.07415553933553576,-0.11448260142528488,150,2007-05-30,2007-12-31,VolTarget_24_goldcash_fast_bull_cap,-0.013789891302868451,-3.3306690738754696e-16,True,False,True,True,True,True
2008,-0.4172714865371451,-0.4999007426178871,253,2008-01-02,2008-12-31,-0.2778995064809683,-0.36562351581765695,253,2008-01-02,2008-12-31,VolTarget_24_goldcash_fast_bull_cap,0.1393719800561768,0.13427722680023013,True,True,True,True,True,True
2009,0.5468412950214381,-0.18285720465447075,252,2009-01-02,2009-12-31,0.47740472114519283,-0.13909470213020914,252,2009-01-02,2009-12-31,VolTarget_24_goldcash_fast_bull_cap,-0.06943657387624524,0.043762502524261615,True,True,False,True,False,True
2010,0.20143762567919277,-0.15609285416254293,252,2010-01-04,2010-12-31,0.21619584085066101,-0.14029917487017984,252,2010-01-04,2010-12-31,VolTarget_24_goldcash_fast_bull_cap,0.014758215171468247,0.015793679292363083,True,True,True,True,True,True
2011,0.03475800926494377,-0.160992676056681,252,2011-01-03,2011-12-30,0.04916444965176581,-0.160992676056681,252,2011-01-03,2011-12-30,VolTarget_24_goldcash_fast_bull_cap,0.01440644038682204,0.0,True,False,True,True,True,True
2012,0.18112534240461264,-0.11637894714771613,250,2012-01-03,2012-12-31,0.17940157660476563,-0.11637894714771624,250,2012-01-03,2012-12-31,VolTarget_24_goldcash_fast_bull_cap,-0.0017237657998470102,-1.1102230246251565e-16,True,False,True,True,True,True
2013,0.3663418084306618,-0.058537955039066336,252,2013-01-02,2013-12-31,0.3663418084306618,-0.058537955039066336,252,2013-01-02,2013-12-31,VolTarget_24_goldcash_fast_bull_cap,0.0,0.0,True,False,True,True,True,True
2014,0.19181382856500617,-0.0824853533251676,252,2014-01-02,2014-12-31,0.19181382856500617,-0.0824853533251676,252,2014-01-02,2014-12-31,VolTarget_24_goldcash_fast_bull_cap,0.0,0.0,True,False,True,True,True,True
2015,0.09435929702570856,-0.13941054644448492,252,2015-01-02,2015-12-31,0.08932774313235847,-0.13941054644448492,252,2015-01-02,2015-12-31,VolTarget_24_goldcash_fast_bull_cap,-0.0050315538933500825,0.0,True,False,True,True,True,True
2016,0.0709787945809095,-0.13892378087763313,252,2016-01-04,2016-12-30,0.07220990576376596,-0.1219011068448892,252,2016-01-04,2016-12-30,VolTarget_24_goldcash_fast_bull_cap,0.0012311111828564592,0.017022674032743934,True,True,True,True,True,True
2017,0.32663542829204406,-0.04882008555649564,251,2017-01-03,2017-12-29,0.32663542829204406,-0.04882008555649564,251,2017-01-03,2017-12-29,VolTarget_24_goldcash_fast_bull_cap,0.0,0.0,True,False,True,True,True,True
2018,-0.001262008063145803,-0.2279666681395237,251,2018-01-02,2018-12-31,0.028229129324960356,-0.202456242798966,251,2018-01-02,2018-12-31,VolTarget_24_goldcash_fast_bull_cap,0.02949113738810616,0.025510425340557696,True,True,True,True,True,True
2019,0.3896158521282893,-0.10983202295735706,252,2019-01-02,2019-12-31,0.3571103944611087,-0.10983202295735683,252,2019-01-02,2019-12-31,VolTarget_24_goldcash_fast_bull_cap,-0.032505457667180604,2.220446049250313e-16,True,False,True,True,True,True
2020,0.48406128849703234,-0.2855935565828831,253,2020-01-02,2020-12-31,0.4327081462186546,-0.23310371097883364,253,2020-01-02,2020-12-31,VolTarget_24_goldcash_fast_bull_cap,-0.05135314227837773,0.05248984560404946,True,True,False,True,False,True
2021,0.27419694495662195,-0.10851528987739201,252,2021-01-04,2021-12-31,0.27188705914865263,-0.10851528987739201,252,2021-01-04,2021-12-31,VolTarget_24_goldcash_fast_bull_cap,-0.002309885807969314,0.0,True,False,True,True,True,True
2022,-0.3257699158587175,-0.34827972472096713,251,2022-01-03,2022-12-30,-0.3078738015575109,-0.3290679652427595,251,2022-01-03,2022-12-30,VolTarget_24_goldcash_fast_bull_cap,0.017896114301206634,0.019211759478207635,True,True,True,True,True,True
2023,0.5485553825101768,-0.10779921970614925,250,2023-01-03,2023-12-29,0.5464702632910168,-0.10779921970615003,250,2023-01-03,2023-12-29,VolTarget_24_goldcash_fast_bull_cap,-0.002085119219159992,-7.771561172376096e-16,True,False,True,True,True,True
2024,0.2557826665909926,-0.13557734253565956,252,2024-01-02,2024-12-31,0.25670515855306175,-0.13312427995363763,252,2024-01-02,2024-12-31,VolTarget_24_goldcash_fast_bull_cap,0.0009224919620691718,0.0024530625820219365,True,True,True,True,True,True
2025,0.20772555521686442,-0.22768308447045493,250,2025-01-02,2025-12-31,0.2000710919623343,-0.21821826915367326,250,2025-01-02,2025-12-31,VolTarget_24_goldcash_fast_bull_cap,-0.0076544632545301194,0.009464815316781672,True,True,True,True,True,True
2026,0.17623378608717455,-0.11723576957697124,151,2026-01-02,2026-08-10,0.1872757359306343,-0.11723576957697124,151,2026-01-02,2026-08-10,VolTarget_24_goldcash_fast_bull_cap,0.011041949843459742,0.0,True,False,True,True,True,True
2007,0.08794543063840421,-0.11448260142528455,150,2007-05-30,2007-12-31,0.07415553933553576,-0.11448260142528488,150,2007-05-30,2007-12-31,VolTarget_24_goldcash_fast_rebound,-0.013789891302868451,-3.3306690738754696e-16,True,False,True,True,True,True
2008,-0.4172714865371451,-0.4999007426178871,253,2008-01-02,2008-12-31,-0.29004460532742293,-0.375115058853267,253,2008-01-02,2008-12-31,VolTarget_24_goldcash_fast_rebound,0.12722688120972214,0.12478568376462007,True,True,True,True,True,True
2009,0.5468412950214381,-0.18285720465447075,252,2009-01-02,2009-12-31,0.5215146221381792,-0.12874152423496865,252,2009-01-02,2009-12-31,VolTarget_24_goldcash_fast_rebound,-0.02532667288325885,0.0541156804195021,True,True,True,True,True,True
2010,0.20143762567919277,-0.15609285416254293,252,2010-01-04,2010-12-31,0.21619584085066101,-0.14029917487017984,252,2010-01-04,2010-12-31,VolTarget_24_goldcash_fast_rebound,0.014758215171468247,0.015793679292363083,True,True,True,True,True,True
2011,0.03475800926494377,-0.160992676056681,252,2011-01-03,2011-12-30,0.05057563509058216,-0.160992676056681,252,2011-01-03,2011-12-30,VolTarget_24_goldcash_fast_rebound,0.015817625825638393,0.0,True,False,True,True,True,True
2012,0.18112534240461264,-0.11637894714771613,250,2012-01-03,2012-12-31,0.18112534240461264,-0.11637894714771613,250,2012-01-03,2012-12-31,VolTarget_24_goldcash_fast_rebound,0.0,0.0,True,False,True,True,True,True
2013,0.3663418084306618,-0.058537955039066336,252,2013-01-02,2013-12-31,0.3663418084306618,-0.058537955039066336,252,2013-01-02,2013-12-31,VolTarget_24_goldcash_fast_rebound,0.0,0.0,True,False,True,True,True,True
2014,0.19181382856500617,-0.0824853533251676,252,2014-01-02,2014-12-31,0.19181382856500617,-0.0824853533251676,252,2014-01-02,2014-12-31,VolTarget_24_goldcash_fast_rebound,0.0,0.0,True,False,True,True,True,True
2015,0.09435929702570856,-0.13941054644448492,252,2015-01-02,2015-12-31,0.08932774313235847,-0.13941054644448492,252,2015-01-02,2015-12-31,VolTarget_24_goldcash_fast_rebound,-0.0050315538933500825,0.0,True,False,True,True,True,True
2016,0.0709787945809095,-0.13892378087763313,252,2016-01-04,2016-12-30,0.07220990576376596,-0.1219011068448892,252,2016-01-04,2016-12-30,VolTarget_24_goldcash_fast_rebound,0.0012311111828564592,0.017022674032743934,True,True,True,True,True,True
2017,0.32663542829204406,-0.04882008555649564,251,2017-01-03,2017-12-29,0.32663542829204406,-0.04882008555649564,251,2017-01-03,2017-12-29,VolTarget_24_goldcash_fast_rebound,0.0,0.0,True,False,True,True,True,True
2018,-0.001262008063145803,-0.2279666681395237,251,2018-01-02,2018-12-31,0.028229129324960356,-0.202456242798966,251,2018-01-02,2018-12-31,VolTarget_24_goldcash_fast_rebound,0.02949113738810616,0.025510425340557696,True,True,True,True,True,True
2019,0.3896158521282893,-0.10983202295735706,252,2019-01-02,2019-12-31,0.3571103944611087,-0.10983202295735683,252,2019-01-02,2019-12-31,VolTarget_24_goldcash_fast_rebound,-0.032505457667180604,2.220446049250313e-16,True,False,True,True,True,True
2020,0.48406128849703234,-0.2855935565828831,253,2020-01-02,2020-12-31,0.39997987556920256,-0.23310371097883364,253,2020-01-02,2020-12-31,VolTarget_24_goldcash_fast_rebound,-0.08408141292782978,0.05248984560404946,True,True,False,True,False,True
2021,0.27419694495662195,-0.10851528987739201,252,2021-01-04,2021-12-31,0.27419694495662195,-0.10851528987739201,252,2021-01-04,2021-12-31,VolTarget_24_goldcash_fast_rebound,0.0,0.0,True,False,True,True,True,True
2022,-0.3257699158587175,-0.34827972472096713,251,2022-01-03,2022-12-30,-0.2827837044424315,-0.31910773712598184,251,2022-01-03,2022-12-30,VolTarget_24_goldcash_fast_rebound,0.042986211416286,0.029171987594985294,True,True,True,True,True,True
2023,0.5485553825101768,-0.10779921970614925,250,2023-01-03,2023-12-29,0.5546328596261108,-0.1077992197061497,250,2023-01-03,2023-12-29,VolTarget_24_goldcash_fast_rebound,0.006077477115933982,-4.440892098500626e-16,True,False,True,True,True,True
2024,0.2557826665909926,-0.13557734253565956,252,2024-01-02,2024-12-31,0.25670515855306175,-0.13312427995363763,252,2024-01-02,2024-12-31,VolTarget_24_goldcash_fast_rebound,0.0009224919620691718,0.0024530625820219365,True,True,True,True,True,True
2025,0.20772555521686442,-0.22768308447045493,250,2025-01-02,2025-12-31,0.1604162012203072,-0.21821826915367326,250,2025-01-02,2025-12-31,VolTarget_24_goldcash_fast_rebound,-0.047309353996557224,0.009464815316781672,True,True,True,True,True,True
2026,0.17623378608717455,-0.11723576957697124,151,2026-01-02,2026-08-10,0.1872757359306343,-0.11723576957697124,151,2026-01-02,2026-08-10,VolTarget_24_goldcash_fast_rebound,0.011041949843459742,0.0,True,False,True,True,True,True
2007,0.08794543063840421,-0.11448260142528455,150,2007-05-30,2007-12-31,0.07415553933553576,-0.11448260142528488,150,2007-05-30,2007-12-31,VolTarget_24_goldcash_momentum_floor,-0.013789891302868451,-3.3306690738754696e-16,True,False,True,True,True,True
2008,-0.4172714865371451,-0.4999007426178871,253,2008-01-02,2008-12-31,-0.2900348714606008,-0.3751064913476997,253,2008-01-02,2008-12-31,VolTarget_24_goldcash_momentum_floor,0.12723661507654427,0.1247942512701874,True,True,True,True,True,True
2009,0.5468412950214381,-0.18285720465447075,252,2009-01-02,2009-12-31,0.4320177146406219,-0.12874152423496865,252,2009-01-02,2009-12-31,VolTarget_24_goldcash_momentum_floor,-0.11482358038081619,0.0541156804195021,True,True,False,False,False,False
2010,0.20143762567919277,-0.15609285416254293,252,2010-01-04,2010-12-31,0.21619584085066101,-0.14029917487017984,252,2010-01-04,2010-12-31,VolTarget_24_goldcash_momentum_floor,0.014758215171468247,0.015793679292363083,True,True,True,True,True,True
2011,0.03475800926494377,-0.160992676056681,252,2011-01-03,2011-12-30,0.04748235286141589,-0.160992676056681,252,2011-01-03,2011-12-30,VolTarget_24_goldcash_momentum_floor,0.01272434359647212,0.0,True,False,True,True,True,True
2012,0.18112534240461264,-0.11637894714771613,250,2012-01-03,2012-12-31,0.17758007377067275,-0.1163789471477159,250,2012-01-03,2012-12-31,VolTarget_24_goldcash_momentum_floor,-0.003545268633939891,2.220446049250313e-16,True,False,True,True,True,True
2013,0.3663418084306618,-0.058537955039066336,252,2013-01-02,2013-12-31,0.3663418084306618,-0.058537955039066336,252,2013-01-02,2013-12-31,VolTarget_24_goldcash_momentum_floor,0.0,0.0,True,False,True,True,True,True
2014,0.19181382856500617,-0.0824853533251676,252,2014-01-02,2014-12-31,0.19181382856500617,-0.0824853533251676,252,2014-01-02,2014-12-31,VolTarget_24_goldcash_momentum_floor,0.0,0.0,True,False,True,True,True,True
2015,0.09435929702570856,-0.13941054644448492,252,2015-01-02,2015-12-31,0.08932774313235847,-0.13941054644448492,252,2015-01-02,2015-12-31,VolTarget_24_goldcash_momentum_floor,-0.0050315538933500825,0.0,True,False,True,True,True,True
2016,0.0709787945809095,-0.13892378087763313,252,2016-01-04,2016-12-30,0.07220990576376596,-0.1219011068448892,252,2016-01-04,2016-12-30,VolTarget_24_goldcash_momentum_floor,0.0012311111828564592,0.017022674032743934,True,True,True,True,True,True
2017,0.32663542829204406,-0.04882008555649564,251,2017-01-03,2017-12-29,0.32663542829204406,-0.04882008555649564,251,2017-01-03,2017-12-29,VolTarget_24_goldcash_momentum_floor,0.0,0.0,True,False,True,True,True,True
2018,-0.001262008063145803,-0.2279666681395237,251,2018-01-02,2018-12-31,0.028229129324960356,-0.202456242798966,251,2018-01-02,2018-12-31,VolTarget_24_goldcash_momentum_floor,0.02949113738810616,0.025510425340557696,True,True,True,True,True,True
2019,0.3896158521282893,-0.10983202295735706,252,2019-01-02,2019-12-31,0.3571103944611087,-0.10983202295735683,252,2019-01-02,2019-12-31,VolTarget_24_goldcash_momentum_floor,-0.032505457667180604,2.220446049250313e-16,True,False,True,True,True,True
2020,0.48406128849703234,-0.2855935565828831,253,2020-01-02,2020-12-31,0.376383056166403,-0.2430562535117603,253,2020-01-02,2020-12-31,VolTarget_24_goldcash_momentum_floor,-0.10767823233062934,0.0425373030711228,True,True,False,False,False,False
2021,0.27419694495662195,-0.10851528987739201,252,2021-01-04,2021-12-31,0.27163432325682235,-0.10851528987739201,252,2021-01-04,2021-12-31,VolTarget_24_goldcash_momentum_floor,-0.0025626216997995943,0.0,True,False,True,True,True,True
2022,-0.3257699158587175,-0.34827972472096713,251,2022-01-03,2022-12-30,-0.28059535244311584,-0.31703021608524684,251,2022-01-03,2022-12-30,VolTarget_24_goldcash_momentum_floor,0.045174563415601665,0.03124950863572029,True,True,True,True,True,True
2023,0.5485553825101768,-0.10779921970614925,250,2023-01-03,2023-12-29,0.550726778440839,-0.1077992197061497,250,2023-01-03,2023-12-29,VolTarget_24_goldcash_momentum_floor,0.002171395930662179,-4.440892098500626e-16,True,False,True,True,True,True
2024,0.2557826665909926,-0.13557734253565956,252,2024-01-02,2024-12-31,0.25670515855306175,-0.13312427995363763,252,2024-01-02,2024-12-31,VolTarget_24_goldcash_momentum_floor,0.0009224919620691718,0.0024530625820219365,True,True,True,True,True,True
2025,0.20772555521686442,-0.22768308447045493,250,2025-01-02,2025-12-31,0.1604162012203072,-0.21821826915367326,250,2025-01-02,2025-12-31,VolTarget_24_goldcash_momentum_floor,-0.047309353996557224,0.009464815316781672,True,True,True,True,True,True
2026,0.17623378608717455,-0.11723576957697124,151,2026-01-02,2026-08-10,0.18548284518856462,-0.11723576957697124,151,2026-01-02,2026-08-10,VolTarget_24_goldcash_momentum_floor,0.009249059101390067,0.0,True,False,True,True,True,True
2007,0.08794543063840421,-0.11448260142528455,150,2007-05-30,2007-12-31,0.0719856447590057,-0.11448260142528488,150,2007-05-30,2007-12-31,VolTarget_24_goldcash_trend_rebound,-0.015959785879398503,-3.3306690738754696e-16,True,False,True,True,True,True
2008,-0.4172714865371451,-0.4999007426178871,253,2008-01-02,2008-12-31,-0.2945909928945778,-0.3791166752205065,253,2008-01-02,2008-12-31,VolTarget_24_goldcash_trend_rebound,0.12268049364256728,0.12078406739738057,True,True,True,True,True,True
2009,0.5468412950214381,-0.18285720465447075,252,2009-01-02,2009-12-31,0.5215146221381792,-0.12874152423496865,252,2009-01-02,2009-12-31,VolTarget_24_goldcash_trend_rebound,-0.02532667288325885,0.0541156804195021,True,True,True,True,True,True
2010,0.20143762567919277,-0.15609285416254293,252,2010-01-04,2010-12-31,0.21619584085066101,-0.14029917487017984,252,2010-01-04,2010-12-31,VolTarget_24_goldcash_trend_rebound,0.014758215171468247,0.015793679292363083,True,True,True,True,True,True
2011,0.03475800926494377,-0.160992676056681,252,2011-01-03,2011-12-30,0.05057563509058216,-0.160992676056681,252,2011-01-03,2011-12-30,VolTarget_24_goldcash_trend_rebound,0.015817625825638393,0.0,True,False,True,True,True,True
2012,0.18112534240461264,-0.11637894714771613,250,2012-01-03,2012-12-31,0.18112534240461264,-0.11637894714771613,250,2012-01-03,2012-12-31,VolTarget_24_goldcash_trend_rebound,0.0,0.0,True,False,True,True,True,True
2013,0.3663418084306618,-0.058537955039066336,252,2013-01-02,2013-12-31,0.3663418084306618,-0.058537955039066336,252,2013-01-02,2013-12-31,VolTarget_24_goldcash_trend_rebound,0.0,0.0,True,False,True,True,True,True
2014,0.19181382856500617,-0.0824853533251676,252,2014-01-02,2014-12-31,0.19181382856500617,-0.0824853533251676,252,2014-01-02,2014-12-31,VolTarget_24_goldcash_trend_rebound,0.0,0.0,True,False,True,True,True,True
2015,0.09435929702570856,-0.13941054644448492,252,2015-01-02,2015-12-31,0.08932774313235847,-0.13941054644448492,252,2015-01-02,2015-12-31,VolTarget_24_goldcash_trend_rebound,-0.0050315538933500825,0.0,True,False,True,True,True,True
2016,0.0709787945809095,-0.13892378087763313,252,2016-01-04,2016-12-30,0.07220990576376596,-0.1219011068448892,252,2016-01-04,2016-12-30,VolTarget_24_goldcash_trend_rebound,0.0012311111828564592,0.017022674032743934,True,True,True,True,True,True
2017,0.32663542829204406,-0.04882008555649564,251,2017-01-03,2017-12-29,0.32663542829204406,-0.04882008555649564,251,2017-01-03,2017-12-29,VolTarget_24_goldcash_trend_rebound,0.0,0.0,True,False,True,True,True,True
2018,-0.001262008063145803,-0.2279666681395237,251,2018-01-02,2018-12-31,0.012553523503023634,-0.202456242798966,251,2018-01-02,2018-12-31,VolTarget_24_goldcash_trend_rebound,0.013815531566169437,0.025510425340557696,True,True,True,True,True,True
2019,0.3896158521282893,-0.10983202295735706,252,2019-01-02,2019-12-31,0.3571103944611087,-0.10983202295735683,252,2019-01-02,2019-12-31,VolTarget_24_goldcash_trend_rebound,-0.032505457667180604,2.220446049250313e-16,True,False,True,True,True,True
2020,0.48406128849703234,-0.2855935565828831,253,2020-01-02,2020-12-31,0.3008038715936838,-0.2855935565828831,253,2020-01-02,2020-12-31,VolTarget_24_goldcash_trend_rebound,-0.1832574169033485,0.0,True,False,False,False,False,False
2021,0.27419694495662195,-0.10851528987739201,252,2021-01-04,2021-12-31,0.27419694495662195,-0.10851528987739201,252,2021-01-04,2021-12-31,VolTarget_24_goldcash_trend_rebound,0.0,0.0,True,False,True,True,True,True
2022,-0.3257699158587175,-0.34827972472096713,251,2022-01-03,2022-12-30,-0.2827837044424315,-0.31910773712598184,251,2022-01-03,2022-12-30,VolTarget_24_goldcash_trend_rebound,0.042986211416286,0.029171987594985294,True,True,True,True,True,True
2023,0.5485553825101768,-0.10779921970614925,250,2023-01-03,2023-12-29,0.5546328596261108,-0.1077992197061497,250,2023-01-03,2023-12-29,VolTarget_24_goldcash_trend_rebound,0.006077477115933982,-4.440892098500626e-16,True,False,True,True,True,True
2024,0.2557826665909926,-0.13557734253565956,252,2024-01-02,2024-12-31,0.2557826665909926,-0.13557734253565956,252,2024-01-02,2024-12-31,VolTarget_24_goldcash_trend_rebound,0.0,0.0,True,False,True,True,True,True
2025,0.20772555521686442,-0.22768308447045493,250,2025-01-02,2025-12-31,0.1604162012203072,-0.21821826915367326,250,2025-01-02,2025-12-31,VolTarget_24_goldcash_trend_rebound,-0.047309353996557224,0.009464815316781672,True,True,True,True,True,True
2026,0.17623378608717455,-0.11723576957697124,151,2026-01-02,2026-08-10,0.17623378608717455,-0.11723576957697124,151,2026-01-02,2026-08-10,VolTarget_24_goldcash_trend_rebound,0.0,0.0,True,False,True,True,True,True
2007,0.08794543063840421,-0.11448260142528455,150,2007-05-30,2007-12-31,0.0719856447590057,-0.11448260142528488,150,2007-05-30,2007-12-31,VolTarget_24_goldcash_ultrafast_rebound,-0.015959785879398503,-3.3306690738754696e-16,True,False,True,True,True,True
2008,-0.4172714865371451,-0.4999007426178871,253,2008-01-02,2008-12-31,-0.2881325750655227,-0.37343213774773865,253,2008-01-02,2008-12-31,VolTarget_24_goldcash_ultrafast_rebound,0.12913891147162238,0.12646860487014844,True,True,True,True,True,True
2009,0.5468412950214381,-0.18285720465447075,252,2009-01-02,2009-12-31,0.49099832298856616,-0.14552948565289336,252,2009-01-02,2009-12-31,VolTarget_24_goldcash_ultrafast_rebound,-0.05584297203287192,0.037327719001577386,True,True,False,True,False,True
2010,0.20143762567919277,-0.15609285416254293,252,2010-01-04,2010-12-31,0.21619584085066101,-0.14029917487017984,252,2010-01-04,2010-12-31,VolTarget_24_goldcash_ultrafast_rebound,0.014758215171468247,0.015793679292363083,True,True,True,True,True,True
2011,0.03475800926494377,-0.160992676056681,252,2011-01-03,2011-12-30,0.023239426071200997,-0.160992676056681,252,2011-01-03,2011-12-30,VolTarget_24_goldcash_ultrafast_rebound,-0.01151858319374277,0.0,True,False,True,True,True,True
2012,0.18112534240461264,-0.11637894714771613,250,2012-01-03,2012-12-31,0.17758007377067275,-0.1163789471477159,250,2012-01-03,2012-12-31,VolTarget_24_goldcash_ultrafast_rebound,-0.003545268633939891,2.220446049250313e-16,True,False,True,True,True,True
2013,0.3663418084306618,-0.058537955039066336,252,2013-01-02,2013-12-31,0.3663418084306618,-0.058537955039066336,252,2013-01-02,2013-12-31,VolTarget_24_goldcash_ultrafast_rebound,0.0,0.0,True,False,True,True,True,True
2014,0.19181382856500617,-0.0824853533251676,252,2014-01-02,2014-12-31,0.19181382856500617,-0.0824853533251676,252,2014-01-02,2014-12-31,VolTarget_24_goldcash_ultrafast_rebound,0.0,0.0,True,False,True,True,True,True
2015,0.09435929702570856,-0.13941054644448492,252,2015-01-02,2015-12-31,0.08932774313235847,-0.13941054644448492,252,2015-01-02,2015-12-31,VolTarget_24_goldcash_ultrafast_rebound,-0.0050315538933500825,0.0,True,False,True,True,True,True
2016,0.0709787945809095,-0.13892378087763313,252,2016-01-04,2016-12-30,0.0709787945809095,-0.13892378087763313,252,2016-01-04,2016-12-30,VolTarget_24_goldcash_ultrafast_rebound,0.0,0.0,True,False,True,True,True,True
2017,0.32663542829204406,-0.04882008555649564,251,2017-01-03,2017-12-29,0.32663542829204406,-0.04882008555649564,251,2017-01-03,2017-12-29,VolTarget_24_goldcash_ultrafast_rebound,0.0,0.0,True,False,True,True,True,True
2018,-0.001262008063145803,-0.2279666681395237,251,2018-01-02,2018-12-31,0.007496155340670496,-0.22620262141973502,251,2018-01-02,2018-12-31,VolTarget_24_goldcash_ultrafast_rebound,0.0087581634038163,0.0017640467197886922,True,True,True,True,True,True
2019,0.3896158521282893,-0.10983202295735706,252,2019-01-02,2019-12-31,0.3578817568003434,-0.10983202295735706,252,2019-01-02,2019-12-31,VolTarget_24_goldcash_ultrafast_rebound,-0.03173409532794591,0.0,True,False,True,True,True,True
2020,0.48406128849703234,-0.2855935565828831,253,2020-01-02,2020-12-31,0.505640258669197,-0.23310371097883364,253,2020-01-02,2020-12-31,VolTarget_24_goldcash_ultrafast_rebound,0.021578970172164702,0.05248984560404946,True,True,True,True,True,True
2021,0.27419694495662195,-0.10851528987739201,252,2021-01-04,2021-12-31,0.27419694495662195,-0.10851528987739201,252,2021-01-04,2021-12-31,VolTarget_24_goldcash_ultrafast_rebound,0.0,0.0,True,False,True,True,True,True
2022,-0.3257699158587175,-0.34827972472096713,251,2022-01-03,2022-12-30,-0.32302061986722197,-0.3450374208921213,251,2022-01-03,2022-12-30,VolTarget_24_goldcash_ultrafast_rebound,0.0027492959914955373,0.0032423038288458272,True,True,True,True,True,True
2023,0.5485553825101768,-0.10779921970614925,250,2023-01-03,2023-12-29,0.5446645712446629,-0.1077992197061497,250,2023-01-03,2023-12-29,VolTarget_24_goldcash_ultrafast_rebound,-0.003890811265513827,-4.440892098500626e-16,True,False,True,True,True,True
2024,0.2557826665909926,-0.13557734253565956,252,2024-01-02,2024-12-31,0.25670515855306175,-0.13312427995363763,252,2024-01-02,2024-12-31,VolTarget_24_goldcash_ultrafast_rebound,0.0009224919620691718,0.0024530625820219365,True,True,True,True,True,True
2025,0.20772555521686442,-0.22768308447045493,250,2025-01-02,2025-12-31,0.20768188794082376,-0.21821826915367326,250,2025-01-02,2025-12-31,VolTarget_24_goldcash_ultrafast_rebound,-4.3667276040659786e-05,0.009464815316781672,True,True,True,True,True,True
2026,0.17623378608717455,-0.11723576957697124,151,2026-01-02,2026-08-10,0.18729118633972153,-0.11723576957697124,151,2026-01-02,2026-08-10,VolTarget_24_goldcash_ultrafast_rebound,0.011057400252546978,0.0,True,False,True,True,True,True
2007,0.08794543063840421,-0.11448260142528455,150,2007-05-30,2007-12-31,0.07139357188835715,-0.11448260142528488,150,2007-05-30,2007-12-31,VolTarget_24_rates,-0.016551858750047055,-3.3306690738754696e-16,True,False,True,True,True,True
2008,-0.4172714865371451,-0.4999007426178871,253,2008-01-02,2008-12-31,-0.2642907160882686,-0.36706834666716825,253,2008-01-02,2008-12-31,VolTarget_24_rates,0.15298077044887648,0.13283239595071883,True,True,True,True,True,True
2009,0.5468412950214381,-0.18285720465447075,252,2009-01-02,2009-12-31,0.40262045275983027,-0.13112610485385168,252,2009-01-02,2009-12-31,VolTarget_24_rates,-0.1442208422616078,0.051731099800619074,True,True,False,False,False,False
2010,0.20143762567919277,-0.15609285416254293,252,2010-01-04,2010-12-31,0.22233603020078951,-0.13595418838298756,252,2010-01-04,2010-12-31,VolTarget_24_rates,0.020898404521596747,0.020138665779555365,True,True,True,True,True,True
2011,0.03475800926494377,-0.160992676056681,252,2011-01-03,2011-12-30,0.07607849872651706,-0.160992676056681,252,2011-01-03,2011-12-30,VolTarget_24_rates,0.041320489461573295,0.0,True,False,True,True,True,True
2012,0.18112534240461264,-0.11637894714771613,250,2012-01-03,2012-12-31,0.17572854794558612,-0.11637894714771624,250,2012-01-03,2012-12-31,VolTarget_24_rates,-0.0053967944590265216,-1.1102230246251565e-16,True,False,True,True,True,True
2013,0.3663418084306618,-0.058537955039066336,252,2013-01-02,2013-12-31,0.3663418084306618,-0.058537955039066336,252,2013-01-02,2013-12-31,VolTarget_24_rates,0.0,0.0,True,False,True,True,True,True
2014,0.19181382856500617,-0.0824853533251676,252,2014-01-02,2014-12-31,0.19181382856500617,-0.0824853533251676,252,2014-01-02,2014-12-31,VolTarget_24_rates,0.0,0.0,True,False,True,True,True,True
2015,0.09435929702570856,-0.13941054644448492,252,2015-01-02,2015-12-31,0.09202048972394228,-0.13941054644448492,252,2015-01-02,2015-12-31,VolTarget_24_rates,-0.002338807301766277,0.0,True,False,True,True,True,True
2016,0.0709787945809095,-0.13892378087763313,252,2016-01-04,2016-12-30,0.07094933291440775,-0.1215287403152272,252,2016-01-04,2016-12-30,VolTarget_24_rates,-2.9461666501751083e-05,0.017395040562405928,True,True,True,True,True,True
2017,0.32663542829204406,-0.04882008555649564,251,2017-01-03,2017-12-29,0.32663542829204406,-0.04882008555649564,251,2017-01-03,2017-12-29,VolTarget_24_rates,0.0,0.0,True,False,True,True,True,True
2018,-0.001262008063145803,-0.2279666681395237,251,2018-01-02,2018-12-31,0.03161900818099839,-0.19982109794044822,251,2018-01-02,2018-12-31,VolTarget_24_rates,0.03288101624414419,0.028145570199075487,True,True,True,True,True,True
2019,0.3896158521282893,-0.10983202295735706,252,2019-01-02,2019-12-31,0.3546101480169652,-0.10983202295735739,252,2019-01-02,2019-12-31,VolTarget_24_rates,-0.03500570411132409,-3.3306690738754696e-16,True,False,True,True,True,True
2020,0.48406128849703234,-0.2855935565828831,253,2020-01-02,2020-12-31,0.39009695785888976,-0.22666218952027972,253,2020-01-02,2020-12-31,VolTarget_24_rates,-0.09396433063814258,0.05893136706260338,True,True,False,True,False,True
2021,0.27419694495662195,-0.10851528987739201,252,2021-01-04,2021-12-31,0.2711782867382664,-0.10851528987739201,252,2021-01-04,2021-12-31,VolTarget_24_rates,-0.0030186582183555632,0.0,True,False,True,True,True,True
2022,-0.3257699158587175,-0.34827972472096713,251,2022-01-03,2022-12-30,-0.2910332341857408,-0.3242445640534707,251,2022-01-03,2022-12-30,VolTarget_24_rates,0.03473668167297672,0.024035160667496447,True,True,True,True,True,True
2023,0.5485553825101768,-0.10779921970614925,250,2023-01-03,2023-12-29,0.5528544514706815,-0.10779921970614947,250,2023-01-03,2023-12-29,VolTarget_24_rates,0.004299068960504693,-2.220446049250313e-16,True,False,True,True,True,True
2024,0.2557826665909926,-0.13557734253565956,252,2024-01-02,2024-12-31,0.2570283918977656,-0.13284054245468746,252,2024-01-02,2024-12-31,VolTarget_24_rates,0.0012457253067730267,0.0027368000809721016,True,True,True,True,True,True
2025,0.20772555521686442,-0.22768308447045493,250,2025-01-02,2025-12-31,0.14691977413557966,-0.21837733578839047,250,2025-01-02,2025-12-31,VolTarget_24_rates,-0.06080578108128476,0.009305748682064463,True,True,False,True,False,True
2026,0.17623378608717455,-0.11723576957697124,151,2026-01-02,2026-08-10,0.18373004685450356,-0.11723576957697124,151,2026-01-02,2026-08-10,VolTarget_24_rates,0.0074962607673290105,0.0,True,False,True,True,True,True
