end,start,strategy,annualized_return,max_drawdown
2010-05-27,2007-05-30,QQQ,-0.005266595278556885,-0.5340399304007597
2010-05-27,2007-05-30,selected,0.05194944967709514,-0.4067651859202327
2010-05-28,2007-05-31,QQQ,-0.007222347939236262,-0.5340399304007597
2010-05-28,2007-05-31,selected,0.04990647255155345,-0.4067651859202327
2010-06-01,2007-06-01,QQQ,-0.011812767277047276,-0.53403993040076
2010-06-01,2007-06-01,selected,0.04669698716897619,-0.40676518592023325
2010-06-02,2007-06-04,QQQ,-0.004282619491969175,-0.5340399304007599
2010-06-02,2007-06-04,selected,0.05163541227473534,-0.4067651859202327
2010-06-03,2007-06-05,QQQ,-0.002115447463735709,-0.5340399304007606
2010-06-03,2007-06-05,selected,0.05287177633636664,-0.40676518592023336
2010-06-04,2007-06-06,QQQ,-0.013646817055426919,-0.5340399304007606
2010-06-04,2007-06-06,selected,0.04607286489603157,-0.40676518592023336
2010-06-07,2007-06-07,QQQ,-0.0161348936226684,-0.5340399304007599
2010-06-07,2007-06-07,selected,0.0430910540750844,-0.4067651859202327
2010-06-08,2007-06-08,QQQ,-0.01159167557948737,-0.5340399304007603
2010-06-08,2007-06-08,selected,0.0427328668679019,-0.40676518592023236
2010-06-09,2007-06-11,QQQ,-0.01836642494354135,-0.5340399304007595
2010-06-09,2007-06-11,selected,0.04060308885094521,-0.4067651859202327
2010-06-10,2007-06-12,QQQ,-0.008485525672856209,-0.5340399304007589
2010-06-10,2007-06-12,selected,0.045882683938705204,-0.4067651859202326
2010-06-11,2007-06-13,QQQ,-0.0033512725976801994,-0.5340399304007593
2010-06-11,2007-06-13,selected,0.04895383428331601,-0.4067651859202328
2010-06-14,2007-06-14,QQQ,-0.007038104670003431,-0.5340399304007604
2010-06-14,2007-06-14,selected,0.04836989032810557,-0.40676518592023303
2010-06-15,2007-06-15,QQQ,-0.00042995454294003643,-0.5340399304007595
2010-06-15,2007-06-15,selected,0.05468756648525286,-0.4067651859202326
2010-06-16,2007-06-18,QQQ,-0.002138847491196416,-0.5340399304007597
2010-06-16,2007-06-18,selected,0.05519301114535535,-0.4067651859202328
2010-06-17,2007-06-19,QQQ,-0.0011457118852994386,-0.5340399304007599
2010-06-17,2007-06-19,selected,0.05667887599719501,-0.4067651859202329
2010-06-18,2007-06-20,QQQ,-0.0007996115624594458,-0.5340399304007597
2010-06-18,2007-06-20,selected,0.057204374328949426,-0.40676518592023314
2010-06-21,2007-06-21,QQQ,-0.0004932980029134226,-0.5340399304007599
2010-06-21,2007-06-21,selected,0.05419655375409915,-0.40676518592023236
2010-06-22,2007-06-22,QQQ,-0.0060760478150634345,-0.5340399304007597
2010-06-22,2007-06-22,selected,0.052842761089466395,-0.4067651859202329
2010-06-23,2007-06-25,QQQ,-0.004300670481496849,-0.5340399304007599
2010-06-23,2007-06-25,selected,0.051482625711438024,-0.4067651859202336
2010-06-24,2007-06-26,QQQ,-0.007971225121611858,-0.5340399304007604
2010-06-24,2007-06-26,selected,0.048267620040781,-0.4067651859202337
2010-06-25,2007-06-27,QQQ,-0.006002025368859187,-0.5340399304007601
2010-06-25,2007-06-27,selected,0.048968869307260965,-0.4067651859202325
2010-06-28,2007-06-28,QQQ,-0.012212114863092705,-0.5340399304007593
2010-06-28,2007-06-28,selected,0.04786400953853276,-0.4067651859202328
2010-06-29,2007-06-29,QQQ,-0.02494280986558106,-0.534039930400759
2010-06-29,2007-06-29,selected,0.03936427798778097,-0.4067651859202326
2010-06-30,2007-07-02,QQQ,-0.030457875656695776,-0.5340399304007595
2010-06-30,2007-07-02,selected,0.03611181671933039,-0.40676518592023314
2010-07-01,2007-07-03,QQQ,-0.0342659852919146,-0.5340399304007605
2010-07-01,2007-07-03,selected,0.03360478346833662,-0.40676518592023336
2010-07-02,2007-07-05,QQQ,-0.037041568502706346,-0.5340399304007597
2010-07-02,2007-07-05,selected,0.031234163077363597,-0.4067651859202336
2010-07-06,2007-07-06,QQQ,-0.03837664037909472,-0.5340399304007599
2010-07-06,2007-07-06,selected,0.029508249334719627,-0.40676518592023336
2010-07-07,2007-07-09,QQQ,-0.029578415527301782,-0.5340399304007593
2010-07-07,2007-07-09,selected,0.03754636074853668,-0.4067651859202325
2010-07-08,2007-07-10,QQQ,-0.028014241562489772,-0.5340399304007598
2010-07-08,2007-07-10,selected,0.03885614335453891,-0.4067651859202329
2010-07-09,2007-07-11,QQQ,-0.02220427787037016,-0.5340399304007599
2010-07-09,2007-07-11,selected,0.04466688872838098,-0.4067651859202328
2010-07-12,2007-07-12,QQQ,-0.023466239129707356,-0.5340399304007595
2010-07-12,2007-07-12,selected,0.04307513599962798,-0.4067651859202338
2010-07-13,2007-07-13,QQQ,-0.024237927423956362,-0.5340399304007594
2010-07-13,2007-07-13,selected,0.041700422822934735,-0.4067651859202326
2010-07-14,2007-07-16,QQQ,-0.02481521038700707,-0.5340399304007593
2010-07-14,2007-07-16,selected,0.040914138436509706,-0.40676518592023314
2010-07-15,2007-07-17,QQQ,-0.024204050009536848,-0.5340399304007593
2010-07-15,2007-07-17,selected,0.04161704296299362,-0.40676518592023314
2010-07-16,2007-07-18,QQQ,-0.035719494440167976,-0.5340399304007595
2010-07-16,2007-07-18,selected,0.030550312703240712,-0.4067651859202328
2010-07-19,2007-07-19,QQQ,-0.03258748303019554,-0.53403993040076
2010-07-19,2007-07-19,selected,0.033296003755166836,-0.40676518592023336
2010-07-20,2007-07-20,QQQ,-0.029675306629958764,-0.5340399304007597
2010-07-20,2007-07-20,selected,0.035989025115057194,-0.4067651859202327
2010-07-21,2007-07-23,QQQ,-0.03239270281301776,-0.5340399304007597
2010-07-21,2007-07-23,selected,0.033698668267422294,-0.4067651859202329
2010-07-22,2007-07-24,QQQ,-0.024425881627868407,-0.5340399304007597
2010-07-22,2007-07-24,selected,0.041051476504157636,-0.4067651859202328
2010-07-23,2007-07-25,QQQ,-0.01750559772662641,-0.5340399304007595
2010-07-23,2007-07-25,selected,0.047855369842043194,-0.4067651859202326
2010-07-26,2007-07-26,QQQ,-0.015276674332257989,-0.5340399304007597
2010-07-26,2007-07-26,selected,0.04974391304064518,-0.40676518592023303
2010-07-27,2007-07-27,QQQ,-0.012611820440138644,-0.5340399304007595
2010-07-27,2007-07-27,selected,0.05229552274041893,-0.4067651859202336
2010-07-28,2007-07-30,QQQ,-0.008516807184128283,-0.534039930400759
2010-07-28,2007-07-30,selected,0.05707012021556723,-0.4067651859202327
2010-07-29,2007-07-31,QQQ,-0.014780046965589433,-0.5340399304007599
2010-07-29,2007-07-31,selected,0.050799814246310415,-0.4067651859202325
2010-07-30,2007-08-01,QQQ,-0.007059445027269073,-0.5340399304007604
2010-07-30,2007-08-01,selected,0.05915145299367652,-0.40676518592023225
2010-08-02,2007-08-02,QQQ,-0.003463590928711513,-0.53403993040076
2010-08-02,2007-08-02,selected,0.06201671429444566,-0.4067651859202327
2010-08-03,2007-08-03,QQQ,-0.007917556191945896,-0.5340399304007595
2010-08-03,2007-08-03,selected,0.05726787269468003,-0.40676518592023336
2010-08-04,2007-08-06,QQQ,0.0018120277237971827,-0.5340399304007604
2010-08-04,2007-08-06,selected,0.06752873232026468,-0.40676518592023236
2010-08-05,2007-08-07,QQQ,-0.002811402698681742,-0.5340399304007599
2010-08-05,2007-08-07,selected,0.0626508840719564,-0.40676518592023314
2010-08-06,2007-08-08,QQQ,-0.005652213933935779,-0.5340399304007597
2010-08-06,2007-08-08,selected,0.059665091212830035,-0.40676518592023303
2010-08-09,2007-08-09,QQQ,-0.007007157689454591,-0.5340399304007595
2010-08-09,2007-08-09,selected,0.05822777242934962,-0.4067651859202327
2010-08-10,2007-08-10,QQQ,-0.0021423420972799256,-0.5340399304007599
2010-08-10,2007-08-10,selected,0.06339526444259436,-0.4067651859202327
2010-08-11,2007-08-13,QQQ,-0.008288526309669364,-0.5340399304007593
2010-08-11,2007-08-13,selected,0.05689236422095645,-0.4067651859202329
2010-08-12,2007-08-14,QQQ,-0.013138276351571387,-0.5340399304007595
2010-08-12,2007-08-14,selected,0.051791894388874216,-0.4067651859202327
2010-08-13,2007-08-15,QQQ,-0.009832445885992191,-0.5340399304007593
2010-08-13,2007-08-15,selected,0.055292318653129335,-0.40676518592023325
2010-08-16,2007-08-16,QQQ,-0.0028795745566729813,-0.5340399304007593
2010-08-16,2007-08-16,selected,0.06265774975116911,-0.4067651859202328
2010-08-17,2007-08-17,QQQ,0.004625357398739149,-0.5340399304007588
2010-08-17,2007-08-17,selected,0.07059650761622271,-0.40676518592023303
2010-08-18,2007-08-20,QQQ,-0.0003139837366961107,-0.5340399304007596
2010-08-18,2007-08-20,selected,0.06537744712627536,-0.4067651859202327
2010-08-19,2007-08-21,QQQ,-0.006957500554539697,-0.5340399304007599
2010-08-19,2007-08-21,selected,0.058370312975830396,-0.4067651859202328
2010-08-20,2007-08-22,QQQ,-0.009978172671865515,-0.5340399304007597
2010-08-20,2007-08-22,selected,0.05517690642760087,-0.40676518592023303
2010-08-23,2007-08-23,QQQ,-0.017657812770327408,-0.5340399304007604
2010-08-23,2007-08-23,selected,0.0470640272569669,-0.4067651859202325
2010-08-24,2007-08-24,QQQ,-0.022917402146233834,-0.5340399304007604
2010-08-24,2007-08-24,selected,0.0415322074236264,-0.4067651859202327
2010-08-25,2007-08-27,QQQ,-0.024356592946580324,-0.5340399304007598
2010-08-25,2007-08-27,selected,0.03999925632835688,-0.4067651859202328
2010-08-26,2007-08-28,QQQ,-0.026123584768616315,-0.5340399304007597
2010-08-26,2007-08-28,selected,0.03814313961685456,-0.4067651859202335
2010-08-27,2007-08-29,QQQ,-0.014301912404720118,-0.5340399304007593
2010-08-27,2007-08-29,selected,0.050624243693347504,-0.40676518592023303
2010-08-30,2007-08-30,QQQ,-0.026954912327861735,-0.5340399304007604
2010-08-30,2007-08-30,selected,0.03725752061920029,-0.40676518592023325
2010-08-31,2007-08-31,QQQ,-0.029750539798548803,-0.5340399304007604
2010-08-31,2007-08-31,selected,0.03432831893532717,-0.4067651859202326
2010-09-01,2007-09-04,QQQ,-0.023793317300530248,-0.5340399304007598
2010-09-01,2007-09-04,selected,0.0405969096149108,-0.40676518592023303
2010-09-02,2007-09-05,QQQ,-0.02552645840852441,-0.5340399304007599
2010-09-02,2007-09-05,selected,0.03874427536953018,-0.40676518592023314
2010-09-03,2007-09-06,QQQ,-0.016863911890099836,-0.5340399304007599
2010-09-03,2007-09-06,selected,0.04787080603293159,-0.4067651859202329
2010-09-07,2007-09-07,QQQ,-0.01881071920799071,-0.5340399304007603
2010-09-07,2007-09-07,selected,0.04581191296573195,-0.4067651859202337
2010-09-08,2007-09-10,QQQ,-0.00873305499754018,-0.5340399304007597
2010-09-08,2007-09-10,selected,0.05642489674932727,-0.40676518592023314
2010-09-09,2007-09-11,QQQ,-0.007242979330765564,-0.5340399304007598
2010-09-09,2007-09-11,selected,0.05796899320599036,-0.4067651859202329
2010-09-10,2007-09-12,QQQ,-0.011000572534334396,-0.5340399304007599
2010-09-10,2007-09-12,selected,0.05398561092788601,-0.4067651859202328
2010-09-13,2007-09-13,QQQ,-0.006491160470457169,-0.5340399304007596
2010-09-13,2007-09-13,selected,0.05874412955003128,-0.4067651859202335
2010-09-14,2007-09-14,QQQ,-0.006712531794015986,-0.5340399304007599
2010-09-14,2007-09-14,selected,0.058549657763352414,-0.40676518592023236
2010-09-15,2007-09-17,QQQ,-0.004893166120708559,-0.5340399304007603
2010-09-15,2007-09-17,selected,0.06045627669098552,-0.4067651859202327
2010-09-16,2007-09-18,QQQ,-0.0007927084510453986,-0.5340399304007594
2010-09-16,2007-09-18,selected,0.06476429233107317,-0.4067651859202328
2010-09-17,2007-09-19,QQQ,-0.00793013399390452,-0.5340399304007593
2010-09-17,2007-09-19,selected,0.05721971340373444,-0.4067651859202326
2010-09-20,2007-09-20,QQQ,-0.003038027693365919,-0.5340399304007601
2010-09-20,2007-09-20,selected,0.06239535201619284,-0.4067651859202326
2010-09-21,2007-09-21,QQQ,-0.0021771062830230337,-0.5340399304007596
2010-09-21,2007-09-21,selected,0.06331437049884436,-0.4067651859202326
2010-09-22,2007-09-24,QQQ,-0.005418367738937335,-0.5340399304007597
2010-09-22,2007-09-24,selected,0.05990444929333916,-0.40676518592023325
2010-09-23,2007-09-25,QQQ,-0.00706365246417584,-0.5340399304007603
2010-09-23,2007-09-25,selected,0.05816337807211869,-0.4067651859202326
2010-09-24,2007-09-26,QQQ,-0.0035181912361623713,-0.5340399304007596
2010-09-24,2007-09-26,selected,0.06190599324028567,-0.4067651859202318
2010-09-27,2007-09-27,QQQ,-0.006945079358935513,-0.5340399304007599
2010-09-27,2007-09-27,selected,0.05830652958298077,-0.4067651859202327
2010-09-28,2007-09-28,QQQ,-0.008750366245080077,-0.5340399304007597
2010-09-28,2007-09-28,selected,0.05640618728699742,-0.4067651859202329
2010-09-29,2007-10-01,QQQ,-0.00819517565725747,-0.5340399304007593
2010-09-29,2007-10-01,selected,0.05697772209206953,-0.4067651859202329
2010-09-30,2007-10-02,QQQ,-0.013432592835783685,-0.5340399304007598
2010-09-30,2007-10-02,selected,0.05143421575206575,-0.4067651859202335
2010-10-01,2007-10-03,QQQ,-0.013898183863858105,-0.5340399304007598
2010-10-01,2007-10-03,selected,0.05097617796252063,-0.4067651859202329
2010-10-04,2007-10-04,QQQ,-0.015188320084990381,-0.53403993040076
2010-10-04,2007-10-04,selected,0.049621363427347465,-0.4067651859202337
2010-10-05,2007-10-05,QQQ,-0.00802965911845166,-0.5340399304007595
2010-10-05,2007-10-05,selected,0.05717700420854244,-0.40676518592023303
2010-10-06,2007-10-08,QQQ,-0.017498866044317385,-0.5340399304007599
2010-10-06,2007-10-08,selected,0.04719482089336591,-0.4067651859202328
2010-10-07,2007-10-09,QQQ,-0.018343354864456818,-0.5340399304007601
2010-10-07,2007-10-09,selected,0.04630031261947898,-0.40676518592023325
2010-10-08,2007-10-10,QQQ,-0.01751191315098144,-0.5340399304007597
2010-10-08,2007-10-10,selected,0.047178606041126114,-0.4067651859202329
2010-10-11,2007-10-11,QQQ,-0.018176603034510408,-0.5340399304007601
2010-10-11,2007-10-11,selected,0.04647759010330388,-0.40676518592023303
2010-10-12,2007-10-12,QQQ,-0.010679498275092958,-0.5340399304007601
2010-10-12,2007-10-12,selected,0.054365945224767565,-0.4067651859202329
2010-10-13,2007-10-15,QQQ,-0.013392246170634059,-0.5340399304007599
2010-10-13,2007-10-15,selected,0.05152303818301163,-0.40676518592023325
2010-10-14,2007-10-16,QQQ,-0.011513549747998897,-0.5340399304007595
2010-10-14,2007-10-16,selected,0.0534912239609151,-0.40676518592023225
2010-10-15,2007-10-17,QQQ,-0.0030034933483155113,-0.5340399304007597
2010-10-15,2007-10-17,selected,0.06245445540843053,-0.40676518592023325
2010-10-18,2007-10-18,QQQ,-0.008464127560844248,-0.5340399304007596
2010-10-18,2007-10-18,selected,0.0567035742154558,-0.40676518592023325
2010-10-19,2007-10-19,QQQ,-0.012977407699682142,-0.5340399304007596
2010-10-19,2007-10-19,selected,0.05188835589126195,-0.4067651859202335
2010-10-20,2007-10-22,QQQ,-0.002230975656234646,-0.5340399304007597
2010-10-20,2007-10-22,selected,0.06323895777086563,-0.40676518592023325
2010-10-21,2007-10-23,QQQ,-0.005548373214960378,-0.5340399304007603
2010-10-21,2007-10-23,selected,0.05973161838546437,-0.4067651859202325
2010-10-22,2007-10-24,QQQ,-0.010145146628408042,-0.5340399304007598
2010-10-22,2007-10-24,selected,0.05487576225121549,-0.40676518592023314
2010-10-25,2007-10-25,QQQ,-0.00603668315985284,-0.5340399304007593
2010-10-25,2007-10-25,selected,0.059210911271608824,-0.40676518592023336
2010-10-26,2007-10-26,QQQ,-0.0006631472916788228,-0.5340399304007597
2010-10-26,2007-10-26,selected,0.06485525643532553,-0.40676518592023314
2010-10-27,2007-10-29,QQQ,-0.00511070523679813,-0.5340399304007596
2010-10-27,2007-10-29,selected,0.06011469276789905,-0.40676518592023303
2010-10-28,2007-10-30,QQQ,-0.005762338296895653,-0.5340399304007598
2010-10-28,2007-10-30,selected,0.05943289117694217,-0.4067651859202327
2010-10-29,2007-10-31,QQQ,-0.007194979338665752,-0.53403993040076
2010-10-29,2007-10-31,selected,0.057952858661998174,-0.4067651859202328
2010-11-01,2007-11-01,QQQ,-0.011594964214944103,-0.5340399304007597
2010-11-01,2007-11-01,selected,0.05328140844411755,-0.40676518592023236
2010-11-02,2007-11-02,QQQ,-0.001807484389976688,-0.5310574998515993
2010-11-02,2007-11-02,selected,0.06362919118677546,-0.40309398654822537
2010-11-03,2007-11-05,QQQ,-0.002875197675083929,-0.5310574998515998
2010-11-03,2007-11-05,selected,0.06244820454399025,-0.4030939865482248
2010-11-04,2007-11-06,QQQ,0.0033385440563451496,-0.5310574998516
2010-11-04,2007-11-06,selected,0.06904940044698238,-0.4030939865482257
2010-11-05,2007-11-07,QQQ,-0.00040641011800290894,-0.5310574998515999
2010-11-05,2007-11-07,selected,0.06507156040385587,-0.4030939865482249
2010-11-08,2007-11-08,QQQ,0.008270283367968645,-0.5193666246038009
2010-11-08,2007-11-08,selected,0.0742270537996812,-0.3883821481143176
2010-11-09,2007-11-09,QQQ,0.016851553737851965,-0.5120935958413448
2010-11-09,2007-11-09,selected,0.08324229490123236,-0.37718513160919687
2010-11-10,2007-11-12,QQQ,0.030175366070393395,-0.5120935958413453
2010-11-10,2007-11-12,selected,0.0972971914591989,-0.377185131609198
2010-11-11,2007-11-13,QQQ,0.036851367020724446,-0.5120935958413451
2010-11-11,2007-11-13,selected,0.10440488496624023,-0.37718513160919787
2010-11-12,2007-11-14,QQQ,0.017387348732861962,-0.5120935958413451
2010-11-12,2007-11-14,selected,0.08382226017058536,-0.37718513160919753
2010-11-15,2007-11-15,QQQ,0.02047038736273521,-0.5120935958413452
2010-11-15,2007-11-15,selected,0.08703699512626617,-0.37718513160919775
2010-11-16,2007-11-16,QQQ,0.01667707168309107,-0.5120935958413455
2010-11-16,2007-11-16,selected,0.08305976993864794,-0.3771851316091983
2010-11-17,2007-11-19,QQQ,0.01455118525147725,-0.5120935958413456
2010-11-17,2007-11-19,selected,0.08081253292268631,-0.37718513160919775
2010-11-18,2007-11-20,QQQ,0.023914196455263603,-0.5120935958413453
2010-11-18,2007-11-20,selected,0.09070669594756176,-0.3771851316091974
2010-11-19,2007-11-21,QQQ,0.022804478504585557,-0.5120935958413451
2010-11-19,2007-11-21,selected,0.08949786696216955,-0.37718513160919775
2010-11-22,2007-11-23,QQQ,0.0297301179661702,-0.5120935958413448
2010-11-22,2007-11-23,selected,0.09682262055986435,-0.37718513160919764
2010-11-23,2007-11-26,QQQ,0.02060799411560499,-0.5120935958413455
2010-11-23,2007-11-26,selected,0.08717364254877169,-0.37718513160919787
2010-11-24,2007-11-27,QQQ,0.033401186491922585,-0.5120935958413448
2010-11-24,2007-11-27,selected,0.10064809273613973,-0.377185131609198
2010-11-26,2007-11-28,QQQ,0.0243395944596958,-0.5120935958413453
2010-11-26,2007-11-28,selected,0.09110175432554213,-0.3771851316091981
2010-11-29,2007-11-29,QQQ,0.01390094727511415,-0.5120935958413457
2010-11-29,2007-11-29,selected,0.0801085207120702,-0.37718513160919787
2010-11-30,2007-11-30,QQQ,0.008347982172022705,-0.5120935958413448
2010-11-30,2007-11-30,selected,0.07429309325875577,-0.37718513160919787
2010-12-01,2007-12-03,QQQ,0.017962441169672383,-0.5120935958413454
2010-12-01,2007-12-03,selected,0.08444143564464879,-0.3771851316091974
2010-12-02,2007-12-04,QQQ,0.024265148921669644,-0.5120935958413454
2010-12-02,2007-12-04,selected,0.09106284204582127,-0.37718513160919764
2010-12-03,2007-12-05,QQQ,0.026568396387032678,-0.5120935958413456
2010-12-03,2007-12-05,selected,0.09302679660074542,-0.3771851316091974
2010-12-06,2007-12-06,QQQ,0.020368923304815434,-0.5120935958413453
2010-12-06,2007-12-06,selected,0.08758918112712744,-0.37718513160919775
2010-12-07,2007-12-07,QQQ,0.015724142067221614,-0.5120935958413448
2010-12-07,2007-12-07,selected,0.08335707509382062,-0.3771851316091982
2010-12-08,2007-12-10,QQQ,0.016914498638219477,-0.5120935958413451
2010-12-08,2007-12-10,selected,0.08481347222877522,-0.3771851316091973
2010-12-09,2007-12-11,QQQ,0.015870738974997467,-0.5120935958413455
2010-12-09,2007-12-11,selected,0.08364213285529609,-0.377185131609198
2010-12-10,2007-12-12,QQQ,0.026122530481326622,-0.5120935958413455
2010-12-10,2007-12-12,selected,0.09341735277054264,-0.37718513160919753
2010-12-13,2007-12-13,QQQ,0.021884243955788696,-0.5120935958413453
2010-12-13,2007-12-13,selected,0.08914566196544693,-0.3771851316091983
2010-12-14,2007-12-14,QQQ,0.024361077874457182,-0.5120935958413453
2010-12-14,2007-12-14,selected,0.09184341930890882,-0.3771851316091982
2010-12-15,2007-12-17,QQQ,0.026385371370063027,-0.5120935958413453
2010-12-15,2007-12-17,selected,0.0936307434378425,-0.3771851316091981
2010-12-16,2007-12-18,QQQ,0.03751447730308621,-0.5120935958413454
2010-12-16,2007-12-18,selected,0.10411660046262705,-0.377185131609198
2010-12-17,2007-12-19,QQQ,0.036708491728148385,-0.5120935958413455
2010-12-17,2007-12-19,selected,0.1030574752680522,-0.37718513160919864
2010-12-20,2007-12-20,QQQ,0.03703124440063332,-0.5120935958413455
2010-12-20,2007-12-20,selected,0.10325399900378374,-0.3771851316091981
2010-12-21,2007-12-21,QQQ,0.03212995738980373,-0.5120935958413453
2010-12-21,2007-12-21,selected,0.09932328976858806,-0.37718513160919753
2010-12-22,2007-12-24,QQQ,0.0253689197491751,-0.512093595841345
2010-12-22,2007-12-24,selected,0.09298659731571046,-0.37718513160919787
2010-12-23,2007-12-26,QQQ,0.021940443506803353,-0.5120935958413448
2010-12-23,2007-12-26,selected,0.08975935466689111,-0.3771851316091981
2010-12-27,2007-12-27,QQQ,0.020437072732589545,-0.5120935958413448
2010-12-27,2007-12-27,selected,0.08820154784909029,-0.3771851316091981
2010-12-28,2007-12-28,QQQ,0.023927675558939265,-0.5061678746290282
2010-12-28,2007-12-28,selected,0.09121637095724466,-0.3712800494058497
2010-12-29,2007-12-31,QQQ,0.025005923421349996,-0.5056912979395385
2010-12-29,2007-12-31,selected,0.0917854853831277,-0.3712800494058497
2010-12-30,2008-01-02,QQQ,0.028178299952444696,-0.4999007426178871
2010-12-30,2008-01-02,selected,0.09466787024896761,-0.364782589474394
2010-12-31,2008-01-03,QQQ,0.03239378804953841,-0.493973090387372
2010-12-31,2008-01-03,selected,0.0975502251402447,-0.36002301603914666
2011-01-03,2008-01-04,QQQ,0.03630027772113609,-0.49397309038737236
2011-01-03,2008-01-04,selected,0.10169859686896898,-0.36002301603914655
2011-01-04,2008-01-07,QQQ,0.05165442586877189,-0.4936682397021227
2011-01-04,2008-01-07,selected,0.11782792429972999,-0.35757032219259133
2011-01-05,2008-01-08,QQQ,0.05630299558921781,-0.4936682397021226
2011-01-05,2008-01-08,selected,0.12269478051222338,-0.35757032219259177
2011-01-06,2008-01-09,QQQ,0.06674717178261136,-0.4936682397021229
2011-01-06,2008-01-09,selected,0.1336507770090638,-0.35757032219259177
2011-01-07,2008-01-10,QQQ,0.05895873293164877,-0.49366823970212304
2011-01-07,2008-01-10,selected,0.12545405820470412,-0.3575703221925919
2011-01-10,2008-01-11,QQQ,0.059767892194486416,-0.4936682397021229
2011-01-10,2008-01-11,selected,0.1262979761692833,-0.35757032219259177
2011-01-11,2008-01-14,QQQ,0.06728618105669004,-0.4936682397021227
2011-01-11,2008-01-14,selected,0.1342006729664862,-0.35757032219259133
2011-01-12,2008-01-15,QQQ,0.0636704478450083,-0.4936682397021228
2011-01-12,2008-01-15,selected,0.1303811178483425,-0.35757032219259133
2011-01-13,2008-01-16,QQQ,0.07375737471937671,-0.4936682397021225
2011-01-13,2008-01-16,selected,0.1410027493255004,-0.35757032219259177
2011-01-14,2008-01-17,QQQ,0.08028942141890982,-0.4936682397021227
2011-01-14,2008-01-17,selected,0.14789431633947037,-0.35757032219259166
2011-01-18,2008-01-18,QQQ,0.08635562021315968,-0.4936682397021228
2011-01-18,2008-01-18,selected,0.15428730337210594,-0.35757032219259177
2011-01-19,2008-01-22,QQQ,0.08269894532814948,-0.4936682397021228
2011-01-19,2008-01-22,selected,0.1504422869775195,-0.35757032219259155
2011-01-20,2008-01-23,QQQ,0.08959034931705046,-0.4936682397021225
2011-01-20,2008-01-23,selected,0.15765454788436473,-0.35757032219259155
2011-01-21,2008-01-24,QQQ,0.08819731440019218,-0.4936682397021226
2011-01-21,2008-01-24,selected,0.15618813189843106,-0.3575703221925922
2011-01-24,2008-01-25,QQQ,0.08583872963927064,-0.4936682397021228
2011-01-24,2008-01-25,selected,0.15368752333188196,-0.35757032219259144
2011-01-25,2008-01-28,QQQ,0.0938726243819612,-0.4936682397021229
2011-01-25,2008-01-28,selected,0.16213428759041149,-0.3575703221925911
2011-01-26,2008-01-29,QQQ,0.09299537538008429,-0.4936682397021229
2011-01-26,2008-01-29,selected,0.16118375742980695,-0.35757032219259177
2011-01-27,2008-01-30,QQQ,0.09457675948071786,-0.4936682397021226
2011-01-27,2008-01-30,selected,0.16282976363498158,-0.35757032219259144
2011-01-28,2008-01-31,QQQ,0.08557109070734703,-0.4936682397021225
2011-01-28,2008-01-31,selected,0.15337662424592624,-0.35757032219259144
2011-01-31,2008-02-01,QQQ,0.08118320261648204,-0.4936682397021227
2011-01-31,2008-02-01,selected,0.1487508765196388,-0.35757032219259155
2011-02-01,2008-02-04,QQQ,0.08422769783151351,-0.4936682397021226
2011-02-01,2008-02-04,selected,0.15198165891590132,-0.35757032219259155
2011-02-02,2008-02-05,QQQ,0.08877596205733629,-0.49366823970212326
2011-02-02,2008-02-05,selected,0.15620870745173732,-0.35757032219259166
2011-02-03,2008-02-06,QQQ,0.09995412693265426,-0.49366823970212237
2011-02-03,2008-02-06,selected,0.16698778184255558,-0.3575703221925919
2011-02-04,2008-02-07,QQQ,0.10933696741864352,-0.4936682397021228
2011-02-04,2008-02-07,selected,0.17565060247021025,-0.35757032219259177
2011-02-07,2008-02-08,QQQ,0.10849103181061959,-0.4936682397021227
2011-02-07,2008-02-08,selected,0.17512522117771234,-0.3575703221925919
2011-02-08,2008-02-11,QQQ,0.10674383717188607,-0.4936682397021227
2011-02-08,2008-02-11,selected,0.1735599571289146,-0.35757032219259155
2011-02-09,2008-02-12,QQQ,0.10216138680349873,-0.4936682397021227
2011-02-09,2008-02-12,selected,0.16907353269709957,-0.357570322192592
2011-02-10,2008-02-13,QQQ,0.10482512326414062,-0.4936682397021226
2011-02-10,2008-02-13,selected,0.1719476508019553,-0.35757032219259066
2011-02-11,2008-02-14,QQQ,0.09951321553517412,-0.4936682397021227
2011-02-11,2008-02-14,selected,0.16742973173909226,-0.35757032219259066
2011-02-14,2008-02-15,QQQ,0.10710622843192708,-0.4936682397021229
2011-02-14,2008-02-15,selected,0.17469992776920273,-0.35757032219259133
2011-02-15,2008-02-19,QQQ,0.10786335920039014,-0.4936682397021226
2011-02-15,2008-02-19,selected,0.17533148575204227,-0.35757032219259133
2011-02-16,2008-02-20,QQQ,0.11093326039390994,-0.4936682397021229
2011-02-16,2008-02-20,selected,0.17810453771866275,-0.357570322192591
2011-02-17,2008-02-21,QQQ,0.10911977413438967,-0.4936682397021228
2011-02-17,2008-02-21,selected,0.17604710321458095,-0.3575703221925912
2011-02-18,2008-02-22,QQQ,0.11185654540340417,-0.4936682397021227
2011-02-18,2008-02-22,selected,0.1784880814959977,-0.35757032219259244
2011-02-22,2008-02-25,QQQ,0.0996775479920664,-0.49366823970212326
2011-02-22,2008-02-25,selected,0.1658190331500291,-0.35757032219259144
2011-02-23,2008-02-26,QQQ,0.09481327628844971,-0.49366823970212315
2011-02-23,2008-02-26,selected,0.1611620062965351,-0.3575703221925909
2011-02-24,2008-02-27,QQQ,0.09533336537295956,-0.4936682397021226
2011-02-24,2008-02-27,selected,0.1616058026255105,-0.3575703221925911
2011-02-25,2008-02-28,QQQ,0.09855790634581019,-0.4936682397021229
2011-02-25,2008-02-28,selected,0.16514644981194038,-0.35757032219259155
2011-02-28,2008-02-29,QQQ,0.10072987784689902,-0.49366823970212304
2011-02-28,2008-02-29,selected,0.16698097660337274,-0.35757032219259155
2011-03-01,2008-03-03,QQQ,0.10464316737248192,-0.4936682397021225
2011-03-01,2008-03-03,selected,0.16979708517787584,-0.35757032219259177
2011-03-02,2008-03-04,QQQ,0.1089983611042109,-0.4936682397021225
2011-03-02,2008-03-04,selected,0.17379508058821203,-0.35757032219259177
2011-03-03,2008-03-05,QQQ,0.11417638348566372,-0.49366823970212304
2011-03-03,2008-03-05,selected,0.17928484903198805,-0.3575703221925908
2011-03-04,2008-03-06,QQQ,0.11045245464424869,-0.4936682397021229
2011-03-04,2008-03-06,selected,0.17536019785865986,-0.35757032219259144
2011-03-07,2008-03-07,QQQ,0.11368894571871668,-0.49366823970212337
2011-03-07,2008-03-07,selected,0.17877721663661528,-0.3575703221925921
2011-03-08,2008-03-10,QQQ,0.1160627259116942,-0.4936682397021227
2011-03-08,2008-03-10,selected,0.18126607351666513,-0.3575703221925912
2011-03-09,2008-03-11,QQQ,0.12076984934836155,-0.49366823970212226
2011-03-09,2008-03-11,selected,0.186202710583242,-0.3575703221925923
2011-03-10,2008-03-12,QQQ,0.10111637447381772,-0.4936682397021229
2011-03-10,2008-03-12,selected,0.16559248836028506,-0.3575703221925919
2011-03-11,2008-03-13,QQQ,0.10443211581781187,-0.49366823970212304
2011-03-11,2008-03-13,selected,0.16904310538692235,-0.35757032219259166
2011-03-14,2008-03-14,QQQ,0.10030071741480762,-0.49366823970212304
2011-03-14,2008-03-14,selected,0.16470309161929975,-0.35757032219259133
2011-03-15,2008-03-17,QQQ,0.10184628144464591,-0.49366823970212304
2011-03-15,2008-03-17,selected,0.1662830341829009,-0.35757032219259166
2011-03-16,2008-03-18,QQQ,0.09962611977394764,-0.49366823970212237
2011-03-16,2008-03-18,selected,0.1639487831431301,-0.35757032219259144
2011-03-17,2008-03-19,QQQ,0.0870733922104232,-0.4936682397021226
2011-03-17,2008-03-19,selected,0.15082292691718568,-0.3575703221925919
2011-03-18,2008-03-20,QQQ,0.09534763735955054,-0.49366823970212226
2011-03-18,2008-03-20,selected,0.159553121753077,-0.357570322192592
2011-03-21,2008-03-24,QQQ,0.09493486883270186,-0.4936682397021226
2011-03-21,2008-03-24,selected,0.15917764082086783,-0.3575703221925919
2011-03-22,2008-03-25,QQQ,0.08194693675670517,-0.49366823970212304
2011-03-22,2008-03-25,selected,0.14557435243403893,-0.3575703221925921
2011-03-23,2008-03-26,QQQ,0.08194254537362289,-0.4936682397021226
2011-03-23,2008-03-26,selected,0.1455423656433239,-0.35757032219259177
2011-03-24,2008-03-27,QQQ,0.08936774176200868,-0.4936682397021229
2011-03-24,2008-03-27,selected,0.1532971252424662,-0.3575703221925919
2011-03-25,2008-03-28,QQQ,0.09843378195661479,-0.4936682397021227
2011-03-25,2008-03-28,selected,0.16279799270874973,-0.35757032219259166
2011-03-28,2008-03-31,QQQ,0.09827870711031284,-0.49366823970212304
2011-03-28,2008-03-31,selected,0.16265045688188673,-0.3575703221925911
2011-03-29,2008-04-01,QQQ,0.09989362380767886,-0.4936682397021226
2011-03-29,2008-04-01,selected,0.16435372433900053,-0.3575703221925912
2011-03-30,2008-04-02,QQQ,0.08635250043372222,-0.4936682397021226
2011-03-30,2008-04-02,selected,0.150222219207361,-0.3575703221925921
2011-03-31,2008-04-03,QQQ,0.08765304161798726,-0.4936682397021228
2011-03-31,2008-04-03,selected,0.15074027427023862,-0.35757032219259133
2011-04-01,2008-04-04,QQQ,0.08704656770812247,-0.4936682397021226
2011-04-01,2008-04-04,selected,0.15016414865519656,-0.3575703221925922
2011-04-04,2008-04-07,QQQ,0.08371182001722022,-0.4936682397021225
2011-04-04,2008-04-07,selected,0.14676143212252946,-0.3575703221925911
2011-04-05,2008-04-08,QQQ,0.08355299930064719,-0.4936682397021225
2011-04-05,2008-04-08,selected,0.14622673283314525,-0.3575703221925919
2011-04-06,2008-04-09,QQQ,0.08721657760294677,-0.49366823970212326
2011-04-06,2008-04-09,selected,0.14968134931280352,-0.3575703221925912
2011-04-07,2008-04-10,QQQ,0.09106314583661934,-0.49366823970212304
2011-04-07,2008-04-10,selected,0.15230132616597447,-0.35757032219259166
2011-04-08,2008-04-11,QQQ,0.08421728412443863,-0.4936682397021228
2011-04-08,2008-04-11,selected,0.1463429046601581,-0.35757032219259133
2011-04-11,2008-04-14,QQQ,0.0931867892466931,-0.49366823970212226
2011-04-11,2008-04-14,selected,0.15370561898463908,-0.35757032219259177
2011-04-12,2008-04-15,QQQ,0.09232398984133172,-0.49366823970212315
2011-04-12,2008-04-15,selected,0.15260574149755857,-0.35757032219259177
2011-04-13,2008-04-16,QQQ,0.09491930212510291,-0.4936682397021226
2011-04-13,2008-04-16,selected,0.15534064609634401,-0.35757032219259177
2011-04-14,2008-04-17,QQQ,0.08429732554974323,-0.49366823970212204
2011-04-14,2008-04-17,selected,0.14571751929231702,-0.35757032219259144
2011-04-15,2008-04-18,QQQ,0.08445763161265507,-0.4936682397021228
2011-04-15,2008-04-18,selected,0.1459450098146673,-0.35757032219259166
2011-04-18,2008-04-21,QQQ,0.07066491717362866,-0.4936682397021226
2011-04-18,2008-04-21,selected,0.1342341839052319,-0.35757032219259155
2011-04-19,2008-04-22,QQQ,0.07036639117320398,-0.4936682397021227
2011-04-19,2008-04-22,selected,0.13456188620082998,-0.3575703221925919
2011-04-20,2008-04-23,QQQ,0.083777909925975,-0.4936682397021229
2011-04-20,2008-04-23,selected,0.1475450692814,-0.35757032219259166
2011-04-21,2008-04-24,QQQ,0.0826840867065961,-0.4936682397021227
2011-04-21,2008-04-24,selected,0.14753430164082437,-0.3575703221925919
2011-04-25,2008-04-25,QQQ,0.0803922802189716,-0.49366823970212337
2011-04-25,2008-04-25,selected,0.1464539247759915,-0.35757032219259133
2011-04-26,2008-04-28,QQQ,0.08333783742963807,-0.4936682397021226
2011-04-26,2008-04-28,selected,0.14940840598049698,-0.35757032219259166
2011-04-27,2008-04-29,QQQ,0.08509794454644526,-0.4936682397021225
2011-04-27,2008-04-29,selected,0.1511989059755814,-0.35757032219259144
2011-04-28,2008-04-30,QQQ,0.08180700654932127,-0.4936682397021228
2011-04-28,2008-04-30,selected,0.14886059750753566,-0.3575703221925919
2011-04-29,2008-05-01,QQQ,0.08447177388292104,-0.4936682397021229
2011-04-29,2008-05-01,selected,0.15089508996081769,-0.35757032219259144
2011-05-02,2008-05-02,QQQ,0.07263053566017685,-0.49366823970212226
2011-05-02,2008-05-02,selected,0.14130120926896028,-0.3575703221925921
2011-05-03,2008-05-05,QQQ,0.0704174036823253,-0.4936682397021229
2011-05-03,2008-05-05,selected,0.13903345570560344,-0.35757032219259155
2011-05-04,2008-05-06,QQQ,0.0708958379185951,-0.4936682397021227
2011-05-04,2008-05-06,selected,0.13950064125213824,-0.3575703221925921
2011-05-05,2008-05-07,QQQ,0.06675387137727595,-0.4936682397021226
2011-05-05,2008-05-07,selected,0.13509835987808727,-0.357570322192592
2011-05-06,2008-05-08,QQQ,0.07446622161270033,-0.4936682397021227
2011-05-06,2008-05-08,selected,0.14325787169015292,-0.3575703221925921
2011-05-09,2008-05-09,QQQ,0.07313810336328785,-0.49366823970212304
2011-05-09,2008-05-09,selected,0.14184833633452598,-0.35757032219259155
2011-05-10,2008-05-12,QQQ,0.07758897016411637,-0.49366823970212237
2011-05-10,2008-05-12,selected,0.1465368376193923,-0.3575703221925911
2011-05-11,2008-05-13,QQQ,0.06851091939305243,-0.4936682397021229
2011-05-11,2008-05-13,selected,0.1369630938544153,-0.35757032219259177
2011-05-12,2008-05-14,QQQ,0.06968488587011779,-0.4936682397021229
2011-05-12,2008-05-14,selected,0.13823436014620527,-0.35757032219259144
2011-05-13,2008-05-15,QQQ,0.0662406188916489,-0.4936682397021225
2011-05-13,2008-05-15,selected,0.13460128627287093,-0.3575703221925919
2011-05-16,2008-05-16,QQQ,0.053942648886497135,-0.49366823970212315
2011-05-16,2008-05-16,selected,0.12161377065056289,-0.35757032219259177
2011-05-17,2008-05-19,QQQ,0.05463962541203382,-0.4936682397021227
2011-05-17,2008-05-19,selected,0.12231933480881585,-0.35757032219259166
2011-05-18,2008-05-20,QQQ,0.06011304305398424,-0.4936682397021228
2011-05-18,2008-05-20,selected,0.1280750251531051,-0.35757032219259133
2011-05-19,2008-05-21,QQQ,0.06386822954911886,-0.49366823970212237
2011-05-19,2008-05-21,selected,0.13200820388316004,-0.357570322192592
2011-05-20,2008-05-22,QQQ,0.06912347028428734,-0.4936682397021228
2011-05-20,2008-05-22,selected,0.13754486673783872,-0.35757032219259166
2011-05-23,2008-05-23,QQQ,0.06260591591231601,-0.4936682397021228
2011-05-23,2008-05-23,selected,0.13069707493008087,-0.35757032219259166
2011-05-24,2008-05-27,QQQ,0.06152224192179867,-0.4936682397021226
2011-05-24,2008-05-27,selected,0.12956434689285135,-0.3575703221925912
2011-05-25,2008-05-28,QQQ,0.0567209968560336,-0.4936682397021229
2011-05-25,2008-05-28,selected,0.12453008553135225,-0.35757032219259155
2011-05-26,2008-05-29,QQQ,0.05745204960998618,-0.49366823970212304
2011-05-26,2008-05-29,selected,0.12531065652892304,-0.35757032219259166
2011-05-27,2008-05-30,QQQ,0.0561022948876404,-0.4936682397021226
2011-05-27,2008-05-30,selected,0.12393790432953344,-0.3575703221925919
2011-05-31,2008-06-02,QQQ,0.059503104537284024,-0.4936682397021228
2011-05-31,2008-06-02,selected,0.12750940486292017,-0.35757032219259166
2011-06-01,2008-06-03,QQQ,0.056072674570505354,-0.49366823970212237
2011-06-01,2008-06-03,selected,0.12389375829836746,-0.35757032219259155
2011-06-02,2008-06-04,QQQ,0.05874447728920229,-0.4936682397021228
2011-06-02,2008-06-04,selected,0.12670994360962484,-0.35757032219259155
2011-06-03,2008-06-05,QQQ,0.0489479852289616,-0.4936682397021225
2011-06-03,2008-06-05,selected,0.11639862370226495,-0.35757032219259144
2011-06-06,2008-06-06,QQQ,0.04060766288696671,-0.4936682397021228
2011-06-06,2008-06-06,selected,0.1076060663705769,-0.35757032219259144
2011-06-07,2008-06-09,QQQ,0.05062480366034827,-0.4779708089628907
2011-06-07,2008-06-09,selected,0.11812852407781493,-0.33791790509910336
2011-06-08,2008-06-10,QQQ,0.04996693616179315,-0.47551083566475694
2011-06-08,2008-06-10,selected,0.11744523428743481,-0.33477876558966635
2011-06-09,2008-06-11,QQQ,0.052255185860948794,-0.4755108356647568
2011-06-09,2008-06-11,selected,0.11989931264032272,-0.334778765589667
2011-06-10,2008-06-12,QQQ,0.0554034561019241,-0.47551083566475694
2011-06-10,2008-06-12,selected,0.12318307337492373,-0.33477876558966646
2011-06-13,2008-06-13,QQQ,0.05503253869723945,-0.47551083566475705
2011-06-13,2008-06-13,selected,0.12280524934660386,-0.33477876558966657
2011-06-14,2008-06-16,QQQ,0.05253631454455587,-0.47551083566475705
2011-06-14,2008-06-16,selected,0.1201711277187214,-0.3347787655896667
2011-06-15,2008-06-17,QQQ,0.04275618160329819,-0.47551083566475694
2011-06-15,2008-06-17,selected,0.10985980786004812,-0.334778765589667
2011-06-16,2008-06-18,QQQ,0.04326607611472921,-0.4751881970104931
2011-06-16,2008-06-18,selected,0.11039420355663365,-0.3344275985809535
2011-06-17,2008-06-19,QQQ,0.04592399916751,-0.475188197010493
2011-06-17,2008-06-19,selected,0.1131836233791208,-0.3344275985809534
2011-06-20,2008-06-20,QQQ,0.042337078149055296,-0.4751881970104931
2011-06-20,2008-06-20,selected,0.1094043127369948,-0.33442759858095317
2011-06-21,2008-06-23,QQQ,0.059360832203265046,-0.46990190988446234
2011-06-21,2008-06-23,selected,0.12733802896060475,-0.3203352828917265
2011-06-22,2008-06-24,QQQ,0.05956005241249729,-0.4699019098844621
2011-06-22,2008-06-24,selected,0.12757181391654093,-0.32033528289172664
2011-06-23,2008-06-25,QQQ,0.06464849740457113,-0.4699019098844621
2011-06-23,2008-06-25,selected,0.13290219232098122,-0.3203352828917271
2011-06-24,2008-06-26,QQQ,0.05278923088392107,-0.4699019098844628
2011-06-24,2008-06-26,selected,0.12038592596671283,-0.32033528289172675
2011-06-27,2008-06-27,QQQ,0.07300870579187446,-0.4699019098844627
2011-06-27,2008-06-27,selected,0.1416345869999207,-0.32033528289172675
2011-06-28,2008-06-30,QQQ,0.07829104898189732,-0.4699019098844627
2011-06-28,2008-06-30,selected,0.14717949479251735,-0.32033528289172675
2011-06-29,2008-07-01,QQQ,0.08357460042285458,-0.46990190988446234
2011-06-29,2008-07-01,selected,0.15274871599067863,-0.3203352828917264
2011-06-30,2008-07-02,QQQ,0.0832729191321413,-0.4699019098844621
2011-06-30,2008-07-02,selected,0.15239986663133553,-0.3203352828917271
2011-07-01,2008-07-03,QQQ,0.09754507743552665,-0.4699019098844621
2011-07-01,2008-07-03,selected,0.16536704452738893,-0.3203352828917264
2011-07-05,2008-07-07,QQQ,0.10003042626139602,-0.4699019098844621
2011-07-05,2008-07-07,selected,0.16833252890176365,-0.32033528289172686
2011-07-06,2008-07-08,QQQ,0.09901455495843936,-0.46990190988446245
2011-07-06,2008-07-08,selected,0.16800861319108984,-0.32033528289172697
2011-07-07,2008-07-09,QQQ,0.09537798039193479,-0.46990190988446245
2011-07-07,2008-07-09,selected,0.16593965468084004,-0.32033528289172675
2011-07-08,2008-07-10,QQQ,0.10424651641169391,-0.4699019098844628
2011-07-08,2008-07-10,selected,0.17292299697022373,-0.32033528289172675
2011-07-11,2008-07-11,QQQ,0.09323471386236415,-0.4699019098844621
2011-07-11,2008-07-11,selected,0.16164643525835665,-0.32033528289172675
2011-07-12,2008-07-14,QQQ,0.09630314294009801,-0.4699019098844621
2011-07-12,2008-07-14,selected,0.1634004310928414,-0.32033528289172697
2011-07-13,2008-07-15,QQQ,0.10054896098483512,-0.4699019098844627
2011-07-13,2008-07-15,selected,0.1669451345766768,-0.3203352828917265
2011-07-14,2008-07-16,QQQ,0.09619469570346584,-0.4699019098844629
2011-07-14,2008-07-16,selected,0.16238297698786908,-0.32033528289172664
2011-07-15,2008-07-17,QQQ,0.09206064790563628,-0.46990190988446234
2011-07-15,2008-07-17,selected,0.1607233166269888,-0.32033528289172686
2011-07-18,2008-07-18,QQQ,0.0877127072681747,-0.4699019098844628
2011-07-18,2008-07-18,selected,0.156888152240938,-0.3203352828917265
2011-07-19,2008-07-21,QQQ,0.10444075026167376,-0.46990190988446257
2011-07-19,2008-07-21,selected,0.17275726914872447,-0.3203352828917265
2011-07-20,2008-07-22,QQQ,0.10131257946132632,-0.46990190988446257
2011-07-20,2008-07-22,selected,0.16933634221315974,-0.32033528289172686
2011-07-21,2008-07-23,QQQ,0.10375036321352349,-0.46990190988446257
2011-07-21,2008-07-23,selected,0.17260197719898418,-0.3203352828917272
2011-07-22,2008-07-24,QQQ,0.10271979674563902,-0.46990190988446245
2011-07-22,2008-07-24,selected,0.17343109923124223,-0.32033528289172686
2011-07-25,2008-07-25,QQQ,0.10754043430963822,-0.4699019098844621
2011-07-25,2008-07-25,selected,0.1769935594084986,-0.32033528289172697
2011-07-26,2008-07-28,QQQ,0.10371652183780511,-0.46990190988446245
2011-07-26,2008-07-28,selected,0.17411752862918783,-0.32033528289172697
2011-07-27,2008-07-29,QQQ,0.10106685383618697,-0.46990190988446223
2011-07-27,2008-07-29,selected,0.16969190252427957,-0.32033528289172664
2011-07-28,2008-07-30,QQQ,0.09419576502236127,-0.46990190988446234
2011-07-28,2008-07-30,selected,0.16434012281587052,-0.3203352828917271
2011-07-29,2008-07-31,QQQ,0.09116154467255289,-0.4699019098844619
2011-07-29,2008-07-31,selected,0.16170447907909424,-0.32033528289172686
2011-08-01,2008-08-01,QQQ,0.09034356813675681,-0.46990190988446245
2011-08-01,2008-08-01,selected,0.1604750630673608,-0.3203352828917265
2011-08-02,2008-08-04,QQQ,0.08571074216155417,-0.4699019098844621
2011-08-02,2008-08-04,selected,0.1550048897247598,-0.32033528289172697
2011-08-03,2008-08-05,QQQ,0.09283733739095235,-0.46990190988446234
2011-08-03,2008-08-05,selected,0.16247262648799055,-0.32033528289172697
2011-08-04,2008-08-06,QQQ,0.06380028840015872,-0.46990190988446245
2011-08-04,2008-08-06,selected,0.13344319818319939,-0.32033528289172697
2011-08-05,2008-08-07,QQQ,0.05623131876453247,-0.46990190988446245
2011-08-05,2008-08-07,selected,0.1259507296749358,-0.32033528289172686
2011-08-08,2008-08-08,QQQ,0.037276013865772395,-0.46990190988446245
2011-08-08,2008-08-08,selected,0.10571273948729787,-0.32033528289172664
2011-08-09,2008-08-11,QQQ,0.045839417697178364,-0.4699019098844627
2011-08-09,2008-08-11,selected,0.11583669587334655,-0.32033528289172664
2011-08-10,2008-08-12,QQQ,0.028269602472006827,-0.46990190988446245
2011-08-10,2008-08-12,selected,0.09817140143530767,-0.32033528289172675
2011-08-11,2008-08-13,QQQ,0.042785210908094395,-0.46990190988446234
2011-08-11,2008-08-13,selected,0.11363854701789511,-0.32033528289172675
2011-08-12,2008-08-14,QQQ,0.046583288496081954,-0.46990190988446234
2011-08-12,2008-08-14,selected,0.11739235587366803,-0.32033528289172664
2011-08-15,2008-08-15,QQQ,0.04769152041966418,-0.46990190988446234
2011-08-15,2008-08-15,selected,0.11941818028780626,-0.32033528289172675
2011-08-16,2008-08-18,QQQ,0.045378386438377216,-0.4689111126500892
2011-08-16,2008-08-18,selected,0.11718684824714365,-0.31872927636518633
2011-08-17,2008-08-19,QQQ,0.047381043269888234,-0.46266304242925216
2011-08-17,2008-08-19,selected,0.11859357769662848,-0.31213981344007036
2011-08-18,2008-08-20,QQQ,0.03424650724393463,-0.46141845312908003
2011-08-18,2008-08-20,selected,0.10398445784961585,-0.3116786686931198
2011-08-19,2008-08-21,QQQ,0.02740100166512338,-0.46141845312908003
2011-08-19,2008-08-21,selected,0.09691721557278843,-0.31167866869312033
2011-08-22,2008-08-22,QQQ,0.030238647873249702,-0.4614184531290805
2011-08-22,2008-08-22,selected,0.09931236174795322,-0.3116786686931201
2011-08-23,2008-08-25,QQQ,0.03964216278398047,-0.46141845312908003
2011-08-23,2008-08-25,selected,0.10985438452113683,-0.3116786686931198
2011-08-24,2008-08-26,QQQ,0.04977354110829246,-0.45707410481936817
2011-08-24,2008-08-26,selected,0.11974450585487517,-0.30731924985276715
2011-08-25,2008-08-27,QQQ,0.044480404936658946,-0.45707410481936805
2011-08-25,2008-08-27,selected,0.11399987759655472,-0.30731924985276715
2011-08-26,2008-08-28,QQQ,0.05088223746686715,-0.45707410481936817
2011-08-26,2008-08-28,selected,0.12099225492607713,-0.30731924985276715
2011-08-29,2008-08-29,QQQ,0.05769157469992292,-0.4570741048193684
2011-08-29,2008-08-29,selected,0.1282852773821821,-0.30731924985276715
2011-08-30,2008-09-02,QQQ,0.0675417936011744,-0.44541994338551183
2011-08-30,2008-09-02,selected,0.1380916534651897,-0.2938011634959662
2011-08-31,2008-09-03,QQQ,0.07256095499725324,-0.43848004172778166
2011-08-31,2008-09-03,selected,0.14339929647264182,-0.28500196340955264
2011-09-01,2008-09-04,QQQ,0.07269069824066188,-0.4331286797876821
2011-09-01,2008-09-04,selected,0.14352691100266446,-0.27829418830806296
2011-09-02,2008-09-05,QQQ,0.07596863527166198,-0.4141722518865213
2011-09-02,2008-09-05,selected,0.15061196120647424,-0.2547478059081584
2011-09-06,2008-09-08,QQQ,0.0777667862057636,-0.41336607133885694
2011-09-06,2008-09-08,selected,0.15251142624629588,-0.253277882675524
2011-09-07,2008-09-09,QQQ,0.08745965279159007,-0.4133660713388567
2011-09-07,2008-09-09,selected,0.15887820132288555,-0.2532778826755241
2011-09-08,2008-09-10,QQQ,0.09358653711378007,-0.41336607133885694
2011-09-08,2008-09-10,selected,0.1669379186281521,-0.2532778826755241
2011-09-09,2008-09-11,QQQ,0.08244929252964028,-0.41336607133885706
2011-09-09,2008-09-11,selected,0.15733082050611147,-0.25327788267552387
2011-09-12,2008-09-12,QQQ,0.08035393568417915,-0.4133660713388566
2011-09-12,2008-09-12,selected,0.15329931726953383,-0.253277882675524
2011-09-13,2008-09-15,QQQ,0.08656086006180197,-0.4110697062743729
2011-09-13,2008-09-15,selected,0.15860411508589878,-0.25067681471531544
2011-09-14,2008-09-16,QQQ,0.10326406792311005,-0.4041955369726953
2011-09-14,2008-09-16,selected,0.17441075211322055,-0.24314710498795
2011-09-15,2008-09-17,QQQ,0.1058014967390315,-0.4041955369726955
2011-09-15,2008-09-17,selected,0.1749883431372179,-0.2431471049879499
2011-09-16,2008-09-18,QQQ,0.12904059099502985,-0.4041955369726955
2011-09-16,2008-09-18,selected,0.1982643638476278,-0.2431471049879499
2011-09-19,2008-09-19,QQQ,0.116722738042776,-0.4041955369726957
2011-09-19,2008-09-19,selected,0.18526432484517485,-0.24314710498794978
2011-09-20,2008-09-22,QQQ,0.10318415442569373,-0.40419553697269517
2011-09-20,2008-09-22,selected,0.17236633960260161,-0.2431471049879499
2011-09-21,2008-09-23,QQQ,0.11452747463091129,-0.384096146704637
2011-09-21,2008-09-23,selected,0.1855645171782252,-0.21834899935551877
2011-09-22,2008-09-24,QQQ,0.10511957708780373,-0.3840961467046372
2011-09-22,2008-09-24,selected,0.17854305737866594,-0.2183489993555192
2011-09-23,2008-09-25,QQQ,0.10648491352905132,-0.38409614670463654
2011-09-23,2008-09-25,selected,0.1767531258392372,-0.21834899935551877
2011-09-26,2008-09-26,QQQ,0.10492994956208146,-0.38409614670463665
2011-09-26,2008-09-26,selected,0.17333425091923904,-0.21834899935551877
2011-09-27,2008-09-29,QQQ,0.11251516926104599,-0.37779899843377684
2011-09-27,2008-09-29,selected,0.18068947510805367,-0.21062941135042457
2011-09-28,2008-09-30,QQQ,0.13792797721102112,-0.34309954123694286
2011-09-28,2008-09-30,selected,0.20705510558657636,-0.16772501372838844
2011-09-29,2008-10-01,QQQ,0.12270460370635616,-0.34309954123694264
2011-09-29,2008-10-01,selected,0.19336276781695094,-0.16772501372838866
2011-09-30,2008-10-02,QQQ,0.11690242305202414,-0.33610423697887415
2011-09-30,2008-10-02,selected,0.19020661503622072,-0.15919820461102197
2011-10-03,2008-10-03,QQQ,0.12454775932155782,-0.30448944791499855
2011-10-03,2008-10-03,selected,0.19598361863590186,-0.15886945804290276
2011-10-04,2008-10-06,QQQ,0.1381068777423713,-0.29353223168789333
2011-10-04,2008-10-06,selected,0.20431267588105495,-0.15886945804290287
2011-10-05,2008-10-07,QQQ,0.16207285805018,-0.2724162148237731
2011-10-05,2008-10-07,selected,0.21854453802294094,-0.15886945804290287
2011-10-06,2008-10-08,QQQ,0.1943413252284234,-0.2724162148237729
2011-10-06,2008-10-08,selected,0.2351935586452445,-0.15886945804290264
2011-10-07,2008-10-09,QQQ,0.19488253762660812,-0.2724162148237731
2011-10-07,2008-10-09,selected,0.23273163675354813,-0.15886945804290287
2011-10-10,2008-10-10,QQQ,0.21951972636475392,-0.2724162148237732
2011-10-10,2008-10-10,selected,0.2506291578799065,-0.1588694580429031
2011-10-11,2008-10-13,QQQ,0.22487117066996398,-0.27241621482377243
2011-10-11,2008-10-13,selected,0.2617349565815772,-0.15886945804290276
2011-10-12,2008-10-14,QQQ,0.1808360917177707,-0.2724162148237731
2011-10-12,2008-10-14,selected,0.24000368081393653,-0.15886945804290298
2011-10-13,2008-10-15,QQQ,0.20203369002678673,-0.24266631309142905
2011-10-13,2008-10-15,selected,0.2513864543870934,-0.1588694580429033
2011-10-14,2008-10-16,QQQ,0.2478455194599607,-0.24266631309142905
2011-10-14,2008-10-16,selected,0.27567960478521747,-0.15886945804290298
2011-10-17,2008-10-17,QQQ,0.21970916701897147,-0.24266631309142905
2011-10-17,2008-10-17,selected,0.26329881282974976,-0.1588694580429031
2011-10-18,2008-10-20,QQQ,0.22422242699823114,-0.24266631309142894
2011-10-18,2008-10-20,selected,0.2698905840579293,-0.1588694580429032
2011-10-19,2008-10-21,QQQ,0.2051982152956784,-0.24266631309142916
2011-10-19,2008-10-21,selected,0.2534938073973121,-0.15886945804290287
2011-10-20,2008-10-22,QQQ,0.22474329447386832,-0.24266631309142905
2011-10-20,2008-10-22,selected,0.2645651419269208,-0.15886945804290276
2011-10-21,2008-10-23,QQQ,0.2413868035962936,-0.24266631309142916
2011-10-21,2008-10-23,selected,0.2796353057148733,-0.1588694580429032
2011-10-24,2008-10-24,QQQ,0.25155948019851015,-0.24266631309142928
2011-10-24,2008-10-24,selected,0.28793873639974676,-0.15886945804290287
2011-10-25,2008-10-27,QQQ,0.25691597016150225,-0.24266631309142916
2011-10-25,2008-10-27,selected,0.28832630320103636,-0.15886945804290264
2011-10-26,2008-10-28,QQQ,0.268262096947153,-0.24266631309142928
2011-10-26,2008-10-28,selected,0.2939907997679674,-0.15886945804290287
2011-10-27,2008-10-29,QQQ,0.23588199864820547,-0.24266631309142894
2011-10-27,2008-10-29,selected,0.27914852557474057,-0.1588694580429032
2011-10-28,2008-10-30,QQQ,0.23754839323738697,-0.24266631309142894
2011-10-28,2008-10-30,selected,0.280698861373454,-0.15886945804290298
2011-10-31,2008-10-31,QQQ,0.21719522707897387,-0.24266631309142905
2011-10-31,2008-10-31,selected,0.2690811948745817,-0.1588694580429031
2011-11-01,2008-11-03,QQQ,0.20591813946612558,-0.24266631309142916
2011-11-01,2008-11-03,selected,0.2622181146360867,-0.1588694580429032
2011-11-02,2008-11-04,QQQ,0.21018621667720083,-0.24266631309142905
2011-11-02,2008-11-04,selected,0.2658015497262973,-0.15886945804290298
2011-11-03,2008-11-05,QQQ,0.20719553253505607,-0.24266631309142916
2011-11-03,2008-11-05,selected,0.2618492493464619,-0.1588694580429031
2011-11-04,2008-11-06,QQQ,0.22682117168090632,-0.20100024237125358
2011-11-04,2008-11-06,selected,0.26966508668487155,-0.15886945804290287
2011-11-07,2008-11-07,QQQ,0.24860440418627117,-0.18285720465447097
2011-11-07,2008-11-07,selected,0.2803540212105131,-0.1588694580429031
2011-11-08,2008-11-10,QQQ,0.24488023515104618,-0.18285720465447075
2011-11-08,2008-11-10,selected,0.28030538748750833,-0.15886945804290298
2011-11-09,2008-11-11,QQQ,0.2356890691214819,-0.18285720465447108
2011-11-09,2008-11-11,selected,0.26855423993045857,-0.15886945804290298
2011-11-10,2008-11-12,QQQ,0.24457115097919746,-0.18285720465447097
2011-11-10,2008-11-12,selected,0.2726058153611861,-0.1588694580429031
2011-11-11,2008-11-13,QQQ,0.27223341862295025,-0.18285720465447108
2011-11-11,2008-11-13,selected,0.2882910563294314,-0.1588694580429031
2011-11-14,2008-11-14,QQQ,0.24479427847945434,-0.18285720465447075
2011-11-14,2008-11-14,selected,0.27499747830718824,-0.15886945804290298
2011-11-15,2008-11-17,QQQ,0.27031318594422427,-0.18285720465447075
2011-11-15,2008-11-17,selected,0.28253565376318934,-0.1588694580429033
2011-11-16,2008-11-18,QQQ,0.2722712947158328,-0.18285720465447075
2011-11-16,2008-11-18,selected,0.27937489736294974,-0.1588694580429031
2011-11-17,2008-11-19,QQQ,0.26269735953507634,-0.18285720465447086
2011-11-17,2008-11-19,selected,0.27126973471203497,-0.15886945804290287
2011-11-18,2008-11-20,QQQ,0.28216720682430574,-0.18285720465447097
2011-11-18,2008-11-20,selected,0.2742696160868294,-0.1588694580429031
2011-11-21,2008-11-21,QQQ,0.29517859111137246,-0.18285720465447086
2011-11-21,2008-11-21,selected,0.27001142448485194,-0.15886945804290298
2011-11-22,2008-11-24,QQQ,0.2783635757432936,-0.18285720465447086
2011-11-22,2008-11-24,selected,0.2565833488244722,-0.15886945804290287
2011-11-23,2008-11-25,QQQ,0.2438363332178466,-0.18285720465447075
2011-11-23,2008-11-25,selected,0.24020459744399303,-0.15886945804290287
2011-11-25,2008-11-26,QQQ,0.2425435829151903,-0.18285720465447086
2011-11-25,2008-11-26,selected,0.23608876339197238,-0.15886945804290264
2011-11-28,2008-11-28,QQQ,0.23971752158996362,-0.18285720465447097
2011-11-28,2008-11-28,selected,0.24389080709591893,-0.15886945804290287
2011-11-29,2008-12-01,QQQ,0.24039298225502992,-0.18285720465447064
2011-11-29,2008-12-01,selected,0.24221650961513363,-0.15886945804290287
2011-11-30,2008-12-02,QQQ,0.2886413211962753,-0.1828572046544712
2011-11-30,2008-12-02,selected,0.2693944679269582,-0.15886945804290287
2011-12-01,2008-12-03,QQQ,0.2775292381019956,-0.18285720465447064
2011-12-01,2008-12-03,selected,0.26427188699357673,-0.15886945804290298
2011-12-02,2008-12-04,QQQ,0.26447481021733377,-0.18285720465447108
2011-12-02,2008-12-04,selected,0.25993749498734897,-0.15886945804290287
2011-12-05,2008-12-05,QQQ,0.2812768535572814,-0.18285720465447108
2011-12-05,2008-12-05,selected,0.26866034676228634,-0.15886945804290298
2011-12-06,2008-12-08,QQQ,0.26319930401557645,-0.18285720465447097
2011-12-06,2008-12-08,selected,0.26362510449239984,-0.15886945804290253
2011-12-07,2008-12-09,QQQ,0.24703537150488053,-0.18285720465447075
2011-12-07,2008-12-09,selected,0.25586958705625373,-0.15886945804290287
2011-12-08,2008-12-10,QQQ,0.24096809709339073,-0.18285720465447064
2011-12-08,2008-12-10,selected,0.24915651879612355,-0.15886945804290264
2011-12-09,2008-12-11,QQQ,0.24895565958636756,-0.18285720465447108
2011-12-09,2008-12-11,selected,0.2505561530623168,-0.1588694580429031
2011-12-12,2008-12-12,QQQ,0.2558482834936091,-0.1828572046544712
2011-12-12,2008-12-12,selected,0.24899798441415855,-0.1588694580429032
2011-12-13,2008-12-15,QQQ,0.24288143322922462,-0.18285720465447097
2011-12-13,2008-12-15,selected,0.24152454432725246,-0.1588694580429031
2011-12-14,2008-12-16,QQQ,0.24368957343086395,-0.18285720465447097
2011-12-14,2008-12-16,selected,0.23566290201771056,-0.15886945804290276
2011-12-15,2008-12-17,QQQ,0.22328395676382873,-0.18285720465447086
2011-12-15,2008-12-17,selected,0.22393869602824057,-0.1588694580429031
2011-12-16,2008-12-18,QQQ,0.23036527136507945,-0.18285720465447086
2011-12-16,2008-12-18,selected,0.22671834078838593,-0.15886945804290287
2011-12-19,2008-12-19,QQQ,0.23357620615791452,-0.18285720465447108
2011-12-19,2008-12-19,selected,0.22641069245198797,-0.15886945804290298
2011-12-20,2008-12-22,QQQ,0.24225718853692668,-0.18285720465447086
2011-12-20,2008-12-22,selected,0.23699958724287473,-0.15886945804290287
2011-12-21,2008-12-23,QQQ,0.24540885810777024,-0.18285720465447064
2011-12-21,2008-12-23,selected,0.23434227443920563,-0.1588694580429031
2011-12-22,2008-12-24,QQQ,0.2510834663149768,-0.18285720465447086
2011-12-22,2008-12-24,selected,0.239344517949319,-0.1588694580429031
2011-12-23,2008-12-26,QQQ,0.25352415070325107,-0.18285720465447075
2011-12-23,2008-12-26,selected,0.2409102767000213,-0.15886945804290298
2011-12-27,2008-12-29,QQQ,0.25522425191302545,-0.18285720465447097
2011-12-27,2008-12-29,selected,0.23945438270984698,-0.15886945804290276
2011-12-28,2008-12-30,QQQ,0.25382273579140247,-0.18285720465447064
2011-12-28,2008-12-30,selected,0.23566537673730137,-0.15886945804290287
2011-12-29,2008-12-31,QQQ,0.24824047540606542,-0.18285720465447097
2011-12-29,2008-12-31,selected,0.23466337554913275,-0.1588694580429031
2011-12-30,2009-01-02,QQQ,0.24354620837405827,-0.18285720465447075
2011-12-30,2009-01-02,selected,0.23255124350639522,-0.15886945804290298
2012-01-03,2009-01-05,QQQ,0.23385221766854936,-0.18285720465447086
2012-01-03,2009-01-05,selected,0.23430515261673235,-0.1588694580429031
2012-01-04,2009-01-06,QQQ,0.23571732657329836,-0.18285720465447086
2012-01-04,2009-01-06,selected,0.23713427366469642,-0.15886945804290298
2012-01-05,2009-01-07,QQQ,0.23499577682891615,-0.18285720465447097
2012-01-05,2009-01-07,selected,0.2372813756727501,-0.15886945804290298
2012-01-06,2009-01-08,QQQ,0.24835772115285848,-0.18285720465447086
2012-01-06,2009-01-08,selected,0.24888488618105575,-0.15886945804290298
2012-01-09,2009-01-09,QQQ,0.2426496025715401,-0.18285720465447108
2012-01-09,2009-01-09,selected,0.2436026102214619,-0.15886945804290298
2012-01-10,2009-01-12,QQQ,0.2551173748216504,-0.18285720465447097
2012-01-10,2009-01-12,selected,0.2541669480807709,-0.15886945804290287
2012-01-11,2009-01-13,QQQ,0.2637341123853272,-0.18285720465447097
2012-01-11,2009-01-13,selected,0.2621625086122623,-0.15886945804290298
2012-01-12,2009-01-14,QQQ,0.26525490367278604,-0.1828572046544712
2012-01-12,2009-01-14,selected,0.2637802839615171,-0.1588694580429032
2012-01-13,2009-01-15,QQQ,0.27684180898495736,-0.18285720465447108
2012-01-13,2009-01-15,selected,0.2727834714325077,-0.1588694580429031
2012-01-17,2009-01-16,QQQ,0.27377499840371566,-0.18285720465447086
2012-01-17,2009-01-16,selected,0.2709075133277734,-0.15886945804290287
2012-01-18,2009-01-20,QQQ,0.27473553904565384,-0.18285720465447086
2012-01-18,2009-01-20,selected,0.2719215475955097,-0.15886945804290298
2012-01-19,2009-01-21,QQQ,0.29923038277017366,-0.1828572046544713
2012-01-19,2009-01-21,selected,0.29095168272813443,-0.15886945804290287
2012-01-20,2009-01-22,QQQ,0.2806621037142236,-0.18285720465447086
2012-01-20,2009-01-22,selected,0.27671114201177116,-0.15886945804290298
2012-01-23,2009-01-23,QQQ,0.2865685308190713,-0.18285720465447086
2012-01-23,2009-01-23,selected,0.2814067537735294,-0.1588694580429031
2012-01-24,2009-01-26,QQQ,0.28369953297688033,-0.18285720465447086
2012-01-24,2009-01-26,selected,0.2776296839687262,-0.15886945804290298
2012-01-25,2009-01-27,QQQ,0.2859470547861185,-0.18285720465447086
2012-01-25,2009-01-27,selected,0.2802431680252109,-0.15886945804290287
2012-01-26,2009-01-28,QQQ,0.281382076529318,-0.18285720465447086
2012-01-26,2009-01-28,selected,0.27628160600484164,-0.1588694580429031
2012-01-27,2009-01-29,QQQ,0.2679799770357041,-0.18285720465447064
2012-01-27,2009-01-29,selected,0.26672039054351604,-0.15886945804290298
2012-01-30,2009-01-30,QQQ,0.279241035491238,-0.18285720465447075
2012-01-30,2009-01-30,selected,0.2751086225049777,-0.15886945804290298
2012-01-31,2009-02-02,QQQ,0.28739394340530633,-0.18285720465447086
2012-01-31,2009-02-02,selected,0.2811242841658468,-0.15886945804290298
2012-02-01,2009-02-03,QQQ,0.28571707575432037,-0.18285720465447097
2012-02-01,2009-02-03,selected,0.28110063770326077,-0.15886945804290287
2012-02-02,2009-02-04,QQQ,0.2804089915468031,-0.18285720465447086
2012-02-02,2009-02-04,selected,0.2793206337425327,-0.1588694580429032
2012-02-03,2009-02-05,QQQ,0.28566598263910437,-0.18285720465447086
2012-02-03,2009-02-05,selected,0.2841524239255475,-0.15886945804290298
2012-02-06,2009-02-06,QQQ,0.2760032238518506,-0.18285720465447097
2012-02-06,2009-02-06,selected,0.27743101727992303,-0.15886945804290298
2012-02-07,2009-02-09,QQQ,0.26594629459368524,-0.18285720465447086
2012-02-07,2009-02-09,selected,0.27215889540606075,-0.15886945804290298
2012-02-08,2009-02-10,QQQ,0.26643678304093443,-0.1828572046544712
2012-02-08,2009-02-10,selected,0.2740849917598127,-0.15886945804290298
2012-02-09,2009-02-11,QQQ,0.28544781002689334,-0.160992676056681
2012-02-09,2009-02-11,selected,0.2852238283400452,-0.15886945804290298
2012-02-10,2009-02-12,QQQ,0.2844223511312356,-0.16099267605668088
2012-02-10,2009-02-12,selected,0.2817855883410254,-0.15886945804290287
2012-02-13,2009-02-13,QQQ,0.28316622542323766,-0.16099267605668088
2012-02-13,2009-02-13,selected,0.28240853953216405,-0.15886945804290298
2012-02-14,2009-02-17,QQQ,0.2862171385415462,-0.160992676056681
2012-02-14,2009-02-17,selected,0.28579584397857216,-0.15886945804290287
2012-02-15,2009-02-18,QQQ,0.3006996222396654,-0.16099267605668088
2012-02-15,2009-02-18,selected,0.29117723768535675,-0.15886945804290298
2012-02-16,2009-02-19,QQQ,0.30631492364319546,-0.16099267605668122
2012-02-16,2009-02-19,selected,0.2964147430036126,-0.15886945804290298
2012-02-17,2009-02-20,QQQ,0.31170855839824463,-0.16099267605668077
2012-02-17,2009-02-20,selected,0.3001589363833437,-0.15886945804290276
2012-02-21,2009-02-23,QQQ,0.3117342907110574,-0.16099267605668055
2012-02-21,2009-02-23,selected,0.2994952803907893,-0.15886945804290298
2012-02-22,2009-02-24,QQQ,0.3253773653214054,-0.16099267605668133
2012-02-22,2009-02-24,selected,0.3070138716574764,-0.1588694580429033
2012-02-23,2009-02-25,QQQ,0.31399429011121893,-0.16099267605668088
2012-02-23,2009-02-25,selected,0.3027292395387269,-0.15886945804290287
2012-02-24,2009-02-26,QQQ,0.31841190062752767,-0.16099267605668088
2012-02-24,2009-02-26,selected,0.30737579119884284,-0.15886945804290287
2012-02-27,2009-02-27,QQQ,0.3315675757873078,-0.1609926760566811
2012-02-27,2009-02-27,selected,0.316082037053385,-0.1588694580429032
2012-02-28,2009-03-02,QQQ,0.3402496616310744,-0.160992676056681
2012-02-28,2009-03-02,selected,0.3236071760188597,-0.1588694580429031
2012-02-29,2009-03-03,QQQ,0.3529840443854322,-0.1609926760566811
2012-02-29,2009-03-03,selected,0.33140608529658455,-0.15886945804290287
2012-03-01,2009-03-04,QQQ,0.35688542227760633,-0.160992676056681
2012-03-01,2009-03-04,selected,0.3365045674219622,-0.1588694580429031
2012-03-02,2009-03-05,QQQ,0.3446866943865978,-0.16099267605668066
2012-03-02,2009-03-05,selected,0.32927252468678025,-0.1588694580429032
2012-03-05,2009-03-06,QQQ,0.3537177547876482,-0.16099267605668088
2012-03-05,2009-03-06,selected,0.33104907509065984,-0.15886945804290287
2012-03-06,2009-03-09,QQQ,0.35285697526866766,-0.160992676056681
2012-03-06,2009-03-09,selected,0.3288872092621413,-0.15886945804290287
2012-03-07,2009-03-10,QQQ,0.3660894389743601,-0.1609926760566811
2012-03-07,2009-03-10,selected,0.3399072710434661,-0.1588694580429033
2012-03-08,2009-03-11,QQQ,0.3438571402528816,-0.16099267605668066
2012-03-08,2009-03-11,selected,0.32924864256327524,-0.15886945804290276
2012-03-09,2009-03-12,QQQ,0.33889853424606553,-0.16099267605668088
2012-03-09,2009-03-12,selected,0.32595041988230644,-0.1588694580429032
2012-03-12,2009-03-13,QQQ,0.3246249980665401,-0.160992676056681
2012-03-12,2009-03-13,selected,0.31550650674183434,-0.15886945804290298
2012-03-13,2009-03-16,QQQ,0.3317044917072576,-0.16099267605668077
2012-03-13,2009-03-16,selected,0.32261741749608297,-0.15886945804290298
2012-03-14,2009-03-17,QQQ,0.34074963755263776,-0.160992676056681
2012-03-14,2009-03-17,selected,0.32900577207981696,-0.1588694580429032
2012-03-15,2009-03-18,QQQ,0.3255033211284617,-0.16099267605668088
2012-03-15,2009-03-18,selected,0.3200760358356074,-0.15886945804290287
2012-03-16,2009-03-19,QQQ,0.31966521855192953,-0.16099267605668077
2012-03-16,2009-03-19,selected,0.3129600999888782,-0.15886945804290287
2012-03-19,2009-03-20,QQQ,0.3230630688475864,-0.160992676056681
2012-03-19,2009-03-20,selected,0.3153039544566567,-0.15886945804290276
2012-03-20,2009-03-23,QQQ,0.3306381749410301,-0.160992676056681
2012-03-20,2009-03-23,selected,0.32096960859207835,-0.15886945804290287
2012-03-21,2009-03-24,QQQ,0.3055409470710111,-0.16099267605668077
2012-03-21,2009-03-24,selected,0.30541910918820503,-0.15886945804290298
2012-03-22,2009-03-25,QQQ,0.31275498526469514,-0.16099267605668088
2012-03-22,2009-03-25,selected,0.31040538142524343,-0.1588694580429031
2012-03-23,2009-03-26,QQQ,0.310480042061998,-0.16099267605668077
2012-03-23,2009-03-26,selected,0.30864511452958854,-0.15886945804290276
2012-03-26,2009-03-27,QQQ,0.304789015409215,-0.160992676056681
2012-03-26,2009-03-27,selected,0.30732114996544846,-0.1588694580429031
2012-03-27,2009-03-30,QQQ,0.31370480790442357,-0.160992676056681
2012-03-27,2009-03-30,selected,0.31380831221776706,-0.15886945804290298
2012-03-28,2009-03-31,QQQ,0.32293427768710936,-0.1609926760566811
2012-03-28,2009-03-31,selected,0.31969790131893383,-0.15886945804290287
2012-03-29,2009-04-01,QQQ,0.31745692314558394,-0.16099267605668077
2012-03-29,2009-04-01,selected,0.31515894157600544,-0.15886945804290298
2012-03-30,2009-04-02,QQQ,0.31016304378493587,-0.16099267605668088
2012-03-30,2009-04-02,selected,0.3095072826333243,-0.15886945804290264
2012-04-02,2009-04-03,QQQ,0.30086861195316983,-0.1609926760566811
2012-04-02,2009-04-03,selected,0.3005087321219486,-0.1588694580429032
2012-04-03,2009-04-06,QQQ,0.29278504033349284,-0.160992676056681
2012-04-03,2009-04-06,selected,0.29249733817414025,-0.15886945804290287
2012-04-04,2009-04-07,QQQ,0.287947177825965,-0.160992676056681
2012-04-04,2009-04-07,selected,0.2877380616593901,-0.15886945804290298
2012-04-05,2009-04-08,QQQ,0.30215591099095795,-0.16099267605668088
2012-04-05,2009-04-08,selected,0.3017871906654459,-0.1588694580429032
2012-04-09,2009-04-09,QQQ,0.2916565105722655,-0.160992676056681
2012-04-09,2009-04-09,selected,0.2914101160648568,-0.1588694580429033
2012-04-10,2009-04-13,QQQ,0.2716989292087375,-0.160992676056681
2012-04-10,2009-04-13,selected,0.2716849818421323,-0.1588694580429031
2012-04-11,2009-04-14,QQQ,0.27439218524826603,-0.16099267605668088
2012-04-11,2009-04-14,selected,0.2743141953869537,-0.15886945804290287
2012-04-12,2009-04-15,QQQ,0.2844605087573999,-0.16099267605668088
2012-04-12,2009-04-15,selected,0.2843055742310199,-0.1588694580429032
2012-04-13,2009-04-16,QQQ,0.27911172370326076,-0.16099267605668088
2012-04-13,2009-04-16,selected,0.2789971881280662,-0.1588694580429031
2012-04-16,2009-04-17,QQQ,0.2635008232989293,-0.160992676056681
2012-04-16,2009-04-17,selected,0.26357073417835886,-0.15886945804290287
2012-04-17,2009-04-20,QQQ,0.2711105433728762,-0.16099267605668088
2012-04-17,2009-04-20,selected,0.27112580309853374,-0.15886945804290287
2012-04-18,2009-04-21,QQQ,0.2839282656377642,-0.160992676056681
2012-04-18,2009-04-21,selected,0.28376698459496197,-0.15886945804290298
2012-04-19,2009-04-22,QQQ,0.27319489655283724,-0.1609926760566811
2012-04-19,2009-04-22,selected,0.2731510039763527,-0.15886945804290298
2012-04-20,2009-04-23,QQQ,0.27073964344301604,-0.16099267605668088
2012-04-20,2009-04-23,selected,0.27072337377047306,-0.15886945804290298
2012-04-23,2009-04-24,QQQ,0.2627639760451106,-0.160992676056681
2012-04-23,2009-04-24,selected,0.2628010833385346,-0.1588694580429031
2012-04-24,2009-04-27,QQQ,0.25322058902335853,-0.16099267605668088
2012-04-24,2009-04-27,selected,0.2533434241814767,-0.1588694580429031
2012-04-25,2009-04-28,QQQ,0.2637239308515338,-0.160992676056681
2012-04-25,2009-04-28,selected,0.26375086166203077,-0.15886945804290298
2012-04-26,2009-04-29,QQQ,0.2693351641101551,-0.16099267605668122
2012-04-26,2009-04-29,selected,0.2693535146484136,-0.1588694580429031
2012-04-27,2009-04-30,QQQ,0.26609031632773505,-0.1609926760566811
2012-04-27,2009-04-30,selected,0.2661407090941448,-0.15886945804290298
2012-04-30,2009-05-01,QQQ,0.2588807214157254,-0.16099267605668088
2012-04-30,2009-05-01,selected,0.2590268872034649,-0.15886945804290287
2012-05-01,2009-05-04,QQQ,0.25847127096463396,-0.16099267605668122
2012-05-01,2009-05-04,selected,0.2586141774058581,-0.15886945804290287
2012-05-02,2009-05-05,QQQ,0.2514625760482798,-0.16099267605668077
2012-05-02,2009-05-05,selected,0.2516364480162574,-0.15886945804290287
2012-05-03,2009-05-06,QQQ,0.2473860777469694,-0.16099267605668088
2012-05-03,2009-05-06,selected,0.2475900003797693,-0.15886945804290298
2012-05-04,2009-05-07,QQQ,0.23684151779567308,-0.160992676056681
2012-05-04,2009-05-07,selected,0.23714319565903108,-0.1588694580429031
2012-05-07,2009-05-08,QQQ,0.24703125564021566,-0.16099267605668077
2012-05-07,2009-05-08,selected,0.2472449477558991,-0.15886945804290298
2012-05-08,2009-05-11,QQQ,0.245246215361556,-0.16099267605668088
2012-05-08,2009-05-11,selected,0.24543553766040938,-0.15886945804290298
2012-05-09,2009-05-12,QQQ,0.2425078342028355,-0.16099267605668088
2012-05-09,2009-05-12,selected,0.2427066222477854,-0.15886945804290298
2012-05-10,2009-05-13,QQQ,0.2467726041906313,-0.16099267605668077
2012-05-10,2009-05-13,selected,0.2469119341959365,-0.15886945804290253
2012-05-11,2009-05-14,QQQ,0.2580568362278173,-0.160992676056681
2012-05-11,2009-05-14,selected,0.2580765220201924,-0.15886945804290276
2012-05-14,2009-05-15,QQQ,0.24947448958250118,-0.160992676056681
2012-05-14,2009-05-15,selected,0.2495651737878779,-0.15886945804290287
2012-05-15,2009-05-18,QQQ,0.248346650493535,-0.16099267605668077
2012-05-15,2009-05-18,selected,0.24843386941926404,-0.15886945804290298
2012-05-16,2009-05-19,QQQ,0.23487694027564854,-0.160992676056681
2012-05-16,2009-05-19,selected,0.2351218101891801,-0.15886945804290276
2012-05-17,2009-05-20,QQQ,0.22421288335079903,-0.16099267605668088
2012-05-17,2009-05-20,selected,0.22459133449417346,-0.15886945804290298
2012-05-18,2009-05-21,QQQ,0.22031188098251286,-0.16099267605668077
2012-05-18,2009-05-21,selected,0.22072714565583929,-0.15886945804290298
2012-05-21,2009-05-22,QQQ,0.2392173557675945,-0.160992676056681
2012-05-21,2009-05-22,selected,0.23944444030067036,-0.1588694580429031
2012-05-22,2009-05-26,QQQ,0.24010741023006066,-0.1609926760566811
2012-05-22,2009-05-26,selected,0.24029541946868305,-0.15886945804290298
2012-05-23,2009-05-27,QQQ,0.2258578093044481,-0.160992676056681
2012-05-23,2009-05-27,selected,0.22618401024413726,-0.15886945804290298
2012-05-24,2009-05-28,QQQ,0.22599967053833003,-0.16099267605668066
2012-05-24,2009-05-28,selected,0.2263447609124034,-0.1588694580429032
2012-05-25,2009-05-29,QQQ,0.2207805200864026,-0.1609926760566811
2012-05-25,2009-05-29,selected,0.22116335712301738,-0.1588694580429031
2012-05-29,2009-06-01,QQQ,0.22095077398932972,-0.160992676056681
2012-05-29,2009-06-01,selected,0.22126677983323484,-0.15886945804290287
2012-05-30,2009-06-02,QQQ,0.20614000859397397,-0.16099267605668077
2012-05-30,2009-06-02,selected,0.2066333022880651,-0.15886945804290276
2012-05-31,2009-06-03,QQQ,0.20384471557403838,-0.1609926760566811
2012-05-31,2009-06-03,selected,0.20435693743551941,-0.15886945804290287
2012-06-01,2009-06-04,QQQ,0.19428277767556934,-0.16099267605668088
2012-06-01,2009-06-04,selected,0.19498592877918397,-0.15886945804290276
2012-06-04,2009-06-05,QQQ,0.1928359162079094,-0.16099267605668077
2012-06-04,2009-06-05,selected,0.19352887772716176,-0.15886945804290298
2012-06-05,2009-06-08,QQQ,0.19403373795244172,-0.16099267605668077
2012-06-05,2009-06-08,selected,0.19474950298342586,-0.1588694580429031
2012-06-06,2009-06-09,QQQ,0.20428343242915914,-0.16099267605668077
2012-06-06,2009-06-09,selected,0.20490368545683713,-0.15886945804290276
2012-06-07,2009-06-10,QQQ,0.19963045364458432,-0.160992676056681
2012-06-07,2009-06-10,selected,0.20027043977244174,-0.15886945804290276
2012-06-08,2009-06-11,QQQ,0.2048861721042874,-0.16099267605668055
2012-06-08,2009-06-11,selected,0.2054837543424144,-0.15886945804290287
2012-06-11,2009-06-12,QQQ,0.1980761259252879,-0.16099267605668055
2012-06-11,2009-06-12,selected,0.19873366674937443,-0.1588694580429032
2012-06-12,2009-06-15,QQQ,0.204759431579854,-0.1609926760566811
2012-06-12,2009-06-15,selected,0.20537055222031508,-0.1588694580429031
2012-06-13,2009-06-16,QQQ,0.2103054752841964,-0.16099267605668088
2012-06-13,2009-06-16,selected,0.21089499057342986,-0.15886945804290276
2012-06-14,2009-06-17,QQQ,0.21576105035825988,-0.160992676056681
2012-06-14,2009-06-17,selected,0.21628506303719264,-0.15886945804290276
2012-06-15,2009-06-18,QQQ,0.21690803420324922,-0.16099267605668066
2012-06-15,2009-06-18,selected,0.21742438299132472,-0.15886945804290276
2012-06-18,2009-06-19,QQQ,0.22149027041586855,-0.16099267605668077
2012-06-18,2009-06-19,selected,0.22197869349691635,-0.15886945804290298
2012-06-19,2009-06-22,QQQ,0.22134818768164544,-0.160992676056681
2012-06-19,2009-06-22,selected,0.2218149060163268,-0.15886945804290298
2012-06-20,2009-06-23,QQQ,0.23407538035037612,-0.16099267605668077
2012-06-20,2009-06-23,selected,0.2344209846721117,-0.1588694580429032
2012-06-21,2009-06-24,QQQ,0.22468336340634099,-0.16099267605668088
2012-06-21,2009-06-24,selected,0.22507304180321386,-0.15886945804290298
2012-06-22,2009-06-25,QQQ,0.22213721254087115,-0.16099267605668088
2012-06-22,2009-06-25,selected,0.22254459307760288,-0.15886945804290287
2012-06-25,2009-06-26,QQQ,0.2063831764420656,-0.16099267605668055
2012-06-25,2009-06-26,selected,0.20692932329987945,-0.15886945804290298
2012-06-26,2009-06-29,QQQ,0.20801487603968316,-0.16099267605668077
2012-06-26,2009-06-29,selected,0.20853410042759513,-0.15886945804290298
2012-06-27,2009-06-30,QQQ,0.20957122110821058,-0.16099267605668088
2012-06-27,2009-06-30,selected,0.21008011060344578,-0.15886945804290298
2012-06-28,2009-07-01,QQQ,0.2058398193291322,-0.160992676056681
2012-06-28,2009-07-01,selected,0.2063897048719603,-0.15886945804290287
2012-06-29,2009-07-02,QQQ,0.2181517303119873,-0.160992676056681
2012-06-29,2009-07-02,selected,0.21859316053915512,-0.15886945804290287
2012-07-02,2009-07-06,QQQ,0.22841938469277312,-0.16099267605668077
2012-07-02,2009-07-06,selected,0.22879560700081591,-0.15886945804290298
2012-07-03,2009-07-07,QQQ,0.2340451863214017,-0.16099267605668122
2012-07-03,2009-07-07,selected,0.23439083682844974,-0.15886945804290298
2012-07-05,2009-07-08,QQQ,0.24469604828708968,-0.16099267605668088
2012-07-05,2009-07-08,selected,0.24492650790176684,-0.15886945804290287
2012-07-06,2009-07-09,QQQ,0.23735260068342323,-0.16099267605668088
2012-07-06,2009-07-09,selected,0.2376542944479223,-0.1588694580429031
2012-07-09,2009-07-10,QQQ,0.23586824698388353,-0.160992676056681
2012-07-09,2009-07-10,selected,0.2361959405192262,-0.15886945804290298
2012-07-10,2009-07-13,QQQ,0.23003353541077587,-0.1609926760566811
2012-07-10,2009-07-13,selected,0.2303954290089798,-0.15886945804290298
2012-07-11,2009-07-14,QQQ,0.22001144413418672,-0.160992676056681
2012-07-11,2009-07-14,selected,0.22046554878448688,-0.15886945804290287
2012-07-12,2009-07-15,QQQ,0.21471525223483479,-0.16099267605668077
2012-07-12,2009-07-15,selected,0.21521821717469014,-0.15886945804290287
2012-07-13,2009-07-16,QQQ,0.20747279937702312,-0.160992676056681
2012-07-13,2009-07-16,selected,0.20804799728627854,-0.15886945804290298
2012-07-16,2009-07-17,QQQ,0.2015738229770534,-0.16099267605668077
2012-07-16,2009-07-17,selected,0.20220401465079485,-0.1588694580429032
2012-07-17,2009-07-20,QQQ,0.20152145764466778,-0.160992676056681
2012-07-17,2009-07-20,selected,0.20215441555628777,-0.1588694580429032
2012-07-18,2009-07-21,QQQ,0.20308738111650904,-0.16099267605668077
2012-07-18,2009-07-21,selected,0.20367735203461024,-0.15886945804290298
2012-07-19,2009-07-22,QQQ,0.20474576466766026,-0.16099267605668088
2012-07-19,2009-07-22,selected,0.20530870200240292,-0.15886945804290298
2012-07-20,2009-07-23,QQQ,0.196084930084635,-0.16099267605668122
2012-07-20,2009-07-23,selected,0.19674380400779068,-0.15886945804290264
2012-07-23,2009-07-24,QQQ,0.18258448812387917,-0.1609926760566811
2012-07-23,2009-07-24,selected,0.18336841023849493,-0.15886945804290264
2012-07-24,2009-07-27,QQQ,0.18248325024568568,-0.16099267605668088
2012-07-24,2009-07-27,selected,0.18326267979142075,-0.15886945804290298
2012-07-25,2009-07-28,QQQ,0.1768419135354491,-0.1609926760566811
2012-07-25,2009-07-28,selected,0.17769753343269268,-0.1588694580429032
2012-07-26,2009-07-29,QQQ,0.18474137341940278,-0.1609926760566811
2012-07-26,2009-07-29,selected,0.18555858998663632,-0.15886945804290287
2012-07-27,2009-07-30,QQQ,0.19138008370222215,-0.160992676056681
2012-07-27,2009-07-30,selected,0.19215051161457275,-0.15886945804290287
2012-07-30,2009-07-31,QQQ,0.18876138651536878,-0.1609926760566811
2012-07-30,2009-07-31,selected,0.18953884141242439,-0.15886945804290287
2012-07-31,2009-08-03,QQQ,0.18984356104834377,-0.16099267605668088
2012-07-31,2009-08-03,selected,0.19056806445457553,-0.1588694580429031
2012-08-01,2009-08-04,QQQ,0.18281200150604238,-0.16099267605668077
2012-08-01,2009-08-04,selected,0.18358138671658608,-0.1588694580429032
2012-08-02,2009-08-05,QQQ,0.18140657264871085,-0.16099267605668077
2012-08-02,2009-08-05,selected,0.1821784810626772,-0.1588694580429031
2012-08-03,2009-08-06,QQQ,0.19190649263778403,-0.16099267605668088
2012-08-03,2009-08-06,selected,0.19259991856311887,-0.15886945804290298
2012-08-06,2009-08-07,QQQ,0.1984566133033574,-0.16099267605668088
2012-08-06,2009-08-07,selected,0.19909401552134254,-0.15886945804290298
2012-08-07,2009-08-10,QQQ,0.19672815804869526,-0.16099267605668133
2012-08-07,2009-08-10,selected,0.19738444929599042,-0.15886945804290276
2012-08-08,2009-08-11,QQQ,0.19936193237862376,-0.16099267605668088
2012-08-08,2009-08-11,selected,0.199995019047974,-0.15886945804290298
2012-08-09,2009-08-12,QQQ,0.20401665473980146,-0.160992676056681
2012-08-09,2009-08-12,selected,0.20460393813907451,-0.15886945804290276
2012-08-10,2009-08-13,QQQ,0.19808377576600988,-0.16099267605668077
2012-08-10,2009-08-13,selected,0.19873555730496228,-0.1588694580429032
2012-08-13,2009-08-14,QQQ,0.19684136100240135,-0.16099267605668077
2012-08-13,2009-08-14,selected,0.19747477220252696,-0.1588694580429032
2012-08-14,2009-08-17,QQQ,0.20163353159301933,-0.1609926760566811
2012-08-14,2009-08-17,selected,0.20221297846440378,-0.15886945804290276
2012-08-15,2009-08-18,QQQ,0.2145113706843833,-0.160992676056681
2012-08-15,2009-08-18,selected,0.21497639554808012,-0.1588694580429032
2012-08-16,2009-08-19,QQQ,0.213555851749905,-0.16099267605668077
2012-08-16,2009-08-19,selected,0.2140280899894369,-0.1588694580429031
2012-08-17,2009-08-20,QQQ,0.21254775978718676,-0.16099267605668122
2012-08-17,2009-08-20,selected,0.21301932628909692,-0.15886945804290298
2012-08-20,2009-08-21,QQQ,0.20844251249125523,-0.16099267605668088
2012-08-20,2009-08-21,selected,0.20895474177403273,-0.15886945804290276
2012-08-21,2009-08-24,QQQ,0.20153559477009364,-0.16099267605668088
2012-08-21,2009-08-24,selected,0.20211165046756685,-0.15886945804290264
2012-08-22,2009-08-25,QQQ,0.20357735739774818,-0.16099267605668077
2012-08-22,2009-08-25,selected,0.20416665460007732,-0.15886945804290298
2012-08-23,2009-08-26,QQQ,0.19909473419937207,-0.16099267605668088
2012-08-23,2009-08-26,selected,0.1997295606023104,-0.15886945804290298
2012-08-24,2009-08-27,QQQ,0.20225836293958266,-0.1609926760566811
2012-08-24,2009-08-27,selected,0.20286146621699386,-0.1588694580429031
2012-08-27,2009-08-28,QQQ,0.20191018211903944,-0.16099267605668088
2012-08-27,2009-08-28,selected,0.20251233400161017,-0.15886945804290298
2012-08-28,2009-08-31,QQQ,0.20151418137265886,-0.16099267605668077
2012-08-28,2009-08-31,selected,0.20211201195593165,-0.1588694580429031
2012-08-29,2009-09-01,QQQ,0.2056019961194928,-0.160992676056681
2012-08-29,2009-09-01,selected,0.20615840951905362,-0.15886945804290264
2012-08-30,2009-09-02,QQQ,0.20913341675258734,-0.1609926760566811
2012-08-30,2009-09-02,selected,0.20965418767451127,-0.15886945804290298
2012-08-31,2009-09-03,QQQ,0.21211500585965481,-0.16099267605668088
2012-08-31,2009-09-03,selected,0.21260445801075134,-0.15886945804290298
2012-09-04,2009-09-04,QQQ,0.20903602982606784,-0.16099267605668066
2012-09-04,2009-09-04,selected,0.20954420424606623,-0.15886945804290287
2012-09-05,2009-09-08,QQQ,0.2000763583854943,-0.16099267605668077
2012-09-05,2009-09-08,selected,0.20067065378690296,-0.15886945804290298
2012-09-06,2009-09-09,QQQ,0.20512146749087878,-0.160992676056681
2012-09-06,2009-09-09,selected,0.20567189012626463,-0.1588694580429031
2012-09-07,2009-09-10,QQQ,0.20111372262715488,-0.160992676056681
2012-09-07,2009-09-10,selected,0.2017342556236028,-0.15886945804290264
2012-09-10,2009-09-11,QQQ,0.19219953258822287,-0.1609926760566811
2012-09-10,2009-09-11,selected,0.1928777207184449,-0.15886945804290298
2012-09-11,2009-09-14,QQQ,0.19117834315515259,-0.160992676056681
2012-09-11,2009-09-14,selected,0.19184912678148347,-0.15886945804290276
2012-09-12,2009-09-15,QQQ,0.19081024363437926,-0.16099267605668088
2012-09-12,2009-09-15,selected,0.19148587186919763,-0.15886945804290287
2012-09-13,2009-09-16,QQQ,0.1949238302110332,-0.16099267605668122
2012-09-13,2009-09-16,selected,0.1955790139382685,-0.15886945804290298
2012-09-14,2009-09-17,QQQ,0.19269118875368818,-0.16099267605668066
2012-09-14,2009-09-17,selected,0.19333114905329785,-0.1588694580429032
2012-09-17,2009-09-18,QQQ,0.19295489220288498,-0.160992676056681
2012-09-17,2009-09-18,selected,0.19358733750642632,-0.15886945804290287
2012-09-18,2009-09-21,QQQ,0.19262876057257827,-0.160992676056681
2012-09-18,2009-09-21,selected,0.19329009481902104,-0.15886945804290287
2012-09-19,2009-09-22,QQQ,0.19214756729982496,-0.16099267605668077
2012-09-19,2009-09-22,selected,0.19282027175091354,-0.1588694580429032
2012-09-20,2009-09-23,QQQ,0.19100665328790023,-0.160992676056681
2012-09-20,2009-09-23,selected,0.191676118574994,-0.15886945804290298
2012-09-21,2009-09-24,QQQ,0.192987755386256,-0.160992676056681
2012-09-21,2009-09-24,selected,0.1936533504163298,-0.15886945804290276
2012-09-24,2009-09-25,QQQ,0.1942331850577128,-0.1609926760566811
2012-09-24,2009-09-25,selected,0.19490608700587342,-0.15886945804290287
2012-09-25,2009-09-28,QQQ,0.19211802142016277,-0.16099267605668122
2012-09-25,2009-09-28,selected,0.19281339072044434,-0.1588694580429031
2012-09-26,2009-09-29,QQQ,0.18220095254122515,-0.160992676056681
2012-09-26,2009-09-29,selected,0.18297933872186767,-0.1588694580429032
2012-09-27,2009-09-30,QQQ,0.1893865472842493,-0.16099267605668088
2012-09-27,2009-09-30,selected,0.19010817193293583,-0.15886945804290287
2012-09-28,2009-10-01,QQQ,0.1858282815259933,-0.160992676056681
2012-09-28,2009-10-01,selected,0.18656510266279303,-0.15886945804290298
2012-10-01,2009-10-02,QQQ,0.19717660412577742,-0.16099267605668133
2012-10-01,2009-10-02,selected,0.19781937860121723,-0.15886945804290298
2012-10-02,2009-10-05,QQQ,0.19951231876758002,-0.160992676056681
2012-10-02,2009-10-05,selected,0.20013732757529645,-0.1588694580429031
2012-10-03,2009-10-06,QQQ,0.19885161187474187,-0.16099267605668088
2012-10-03,2009-10-06,selected,0.19946130209858626,-0.15886945804290276
2012-10-04,2009-10-07,QQQ,0.19323322495927076,-0.16099267605668077
2012-10-04,2009-10-07,selected,0.19387006790778272,-0.15886945804290298
2012-10-05,2009-10-08,QQQ,0.1899736901799094,-0.16099267605668088
2012-10-05,2009-10-08,selected,0.1906159811528545,-0.15886945804290287
2012-10-08,2009-10-09,QQQ,0.1846520449455178,-0.16099267605668088
2012-10-08,2009-10-09,selected,0.1853349725622757,-0.15886945804290253
2012-10-09,2009-10-12,QQQ,0.17609795096329983,-0.16099267605668122
2012-10-09,2009-10-12,selected,0.17687201641134576,-0.1588694580429031
2012-10-10,2009-10-13,QQQ,0.17328478174881745,-0.160992676056681
2012-10-10,2009-10-13,selected,0.17407319316119896,-0.1588694580429031
2012-10-11,2009-10-14,QQQ,0.17196427979474693,-0.160992676056681
2012-10-11,2009-10-14,selected,0.1727654751873935,-0.15886945804290276
2012-10-12,2009-10-15,QQQ,0.1665161313682113,-0.16099267605668088
2012-10-12,2009-10-15,selected,0.16736549673534418,-0.15886945804290298
2012-10-15,2009-10-16,QQQ,0.1702710628645876,-0.16099267605668133
2012-10-15,2009-10-16,selected,0.17108854835620768,-0.1588694580429031
2012-10-16,2009-10-19,QQQ,0.17832197619692058,-0.16099267605668066
2012-10-16,2009-10-19,selected,0.17905518569665801,-0.15886945804290276
2012-10-17,2009-10-20,QQQ,0.1741702871329769,-0.160992676056681
2012-10-17,2009-10-20,selected,0.17491915891431442,-0.15886945804290298
2012-10-18,2009-10-21,QQQ,0.16952066101292473,-0.16099267605668088
2012-10-18,2009-10-21,selected,0.17031681908198526,-0.15886945804290287
2012-10-19,2009-10-22,QQQ,0.16083473122057712,-0.160992676056681
2012-10-19,2009-10-22,selected,0.16170214882895007,-0.1588694580429031
2012-10-22,2009-10-23,QQQ,0.16131070467559683,-0.1609926760566811
2012-10-22,2009-10-23,selected,0.16217246675249064,-0.1588694580429032
2012-10-23,2009-10-26,QQQ,0.1592131142813964,-0.16099267605668077
2012-10-23,2009-10-26,selected,0.16009955063466474,-0.15886945804290276
2012-10-24,2009-10-27,QQQ,0.15910786222646922,-0.16099267605668088
2012-10-24,2009-10-27,selected,0.1600148744602452,-0.1588694580429031
2012-10-25,2009-10-28,QQQ,0.1650094451207904,-0.160992676056681
2012-10-25,2009-10-28,selected,0.16586329543681422,-0.15886945804290287
2012-10-26,2009-10-29,QQQ,0.17499510233581983,-0.16099267605668066
2012-10-26,2009-10-29,selected,0.17577973176167938,-0.1588694580429033
2012-10-31,2009-10-30,QQQ,0.16605606395507544,-0.160992676056681
2012-10-31,2009-10-30,selected,0.16691479668889841,-0.1588694580429031
2012-11-01,2009-11-02,QQQ,0.18221161418653598,-0.16099267605668133
2012-11-01,2009-11-02,selected,0.1829022896453507,-0.15886945804290264
2012-11-02,2009-11-03,QQQ,0.1763838016479038,-0.16099267605668077
2012-11-02,2009-11-03,selected,0.17708334898798306,-0.1588694580429031
2012-11-05,2009-11-04,QQQ,0.17772606705442784,-0.16099267605668088
2012-11-05,2009-11-04,selected,0.17838722243002714,-0.15886945804290287
2012-11-06,2009-11-05,QQQ,0.17777778881029804,-0.1609926760566811
2012-11-06,2009-11-05,selected,0.17845392210581235,-0.1588694580429031
2012-11-07,2009-11-06,QQQ,0.15898785076540523,-0.1609926760566811
2012-11-07,2009-11-06,selected,0.15983904571892227,-0.15886945804290287
2012-11-08,2009-11-09,QQQ,0.15061538632646565,-0.160992676056681
2012-11-08,2009-11-09,selected,0.15155830490436006,-0.1588694580429033
2012-11-09,2009-11-10,QQQ,0.14416272796252505,-0.160992676056681
2012-11-09,2009-11-10,selected,0.14514403583571878,-0.15886945804290276
2012-11-12,2009-11-11,QQQ,0.14314045446472767,-0.16099267605668077
2012-11-12,2009-11-11,selected,0.14412491913564285,-0.1588694580429031
2012-11-13,2009-11-12,QQQ,0.1380606055332696,-0.16099267605668122
2012-11-13,2009-11-12,selected,0.13907607931668342,-0.15886945804290298
2012-11-14,2009-11-13,QQQ,0.13574577027926127,-0.1609926760566811
2012-11-14,2009-11-13,selected,0.13680327799422143,-0.15886945804290298
2012-11-15,2009-11-16,QQQ,0.13136525227674434,-0.16099267605668077
2012-11-15,2009-11-16,selected,0.1324249724152795,-0.15886945804290298
2012-11-16,2009-11-17,QQQ,0.12916894523139244,-0.16099267605668133
2012-11-16,2009-11-17,selected,0.13021556019560943,-0.15886945804290287
2012-11-19,2009-11-18,QQQ,0.1368485867503233,-0.16099267605668088
2012-11-19,2009-11-18,selected,0.13783370642787274,-0.15886945804290298
2012-11-20,2009-11-19,QQQ,0.13909957760593605,-0.16099267605668122
2012-11-20,2009-11-19,selected,0.14005629937088293,-0.1588694580429031
2012-11-21,2009-11-20,QQQ,0.14584622924264767,-0.1609926760566811
2012-11-21,2009-11-20,selected,0.1467430618162182,-0.15886945804290298
2012-11-23,2009-11-23,QQQ,0.15355320771359215,-0.16099267605668088
2012-11-23,2009-11-23,selected,0.15438469678046696,-0.1588694580429031
2012-11-26,2009-11-24,QQQ,0.1490706019309611,-0.16099267605668133
2012-11-26,2009-11-24,selected,0.1499288424530114,-0.15886945804290298
2012-11-27,2009-11-25,QQQ,0.14907941750145293,-0.1609926760566811
2012-11-27,2009-11-25,selected,0.14992602271737443,-0.15886945804290287
2012-11-28,2009-11-27,QQQ,0.15071760913672438,-0.160992676056681
2012-11-28,2009-11-27,selected,0.15150293350697752,-0.15886945804290298
2012-11-29,2009-11-30,QQQ,0.15888409083615063,-0.160992676056681
2012-11-29,2009-11-30,selected,0.1596225479661597,-0.1588694580429032
2012-11-30,2009-12-01,QQQ,0.15779581521330743,-0.16099267605668133
2012-11-30,2009-12-01,selected,0.158526902215119,-0.15886945804290287
2012-12-03,2009-12-02,QQQ,0.15307590303003815,-0.16099267605668077
2012-12-03,2009-12-02,selected,0.1538289426269528,-0.1588694580429031
2012-12-04,2009-12-03,QQQ,0.152318198043371,-0.16099267605668055
2012-12-04,2009-12-03,selected,0.15304039185771545,-0.1588694580429031
2012-12-05,2009-12-04,QQQ,0.14959720134266874,-0.16099267605668066
2012-12-05,2009-12-04,selected,0.15035783674083003,-0.15886945804290298
2012-12-06,2009-12-07,QQQ,0.15006630153394318,-0.16099267605668088
2012-12-06,2009-12-07,selected,0.1508895357570208,-0.15886945804290298
2012-12-07,2009-12-08,QQQ,0.14959977132614521,-0.16099267605668066
2012-12-07,2009-12-08,selected,0.15043289182657138,-0.1588694580429032
2012-12-10,2009-12-09,QQQ,0.15308811053247506,-0.16099267605668133
2012-12-10,2009-12-09,selected,0.15392309693735995,-0.1588694580429031
2012-12-11,2009-12-10,QQQ,0.1542176131199131,-0.1609926760566811
2012-12-11,2009-12-10,selected,0.155039281627543,-0.15886945804290298
2012-12-12,2009-12-11,QQQ,0.1514877610115719,-0.16099267605668077
2012-12-12,2009-12-11,selected,0.15233097729247969,-0.15886945804290253
2012-12-13,2009-12-14,QQQ,0.14992088648851132,-0.160992676056681
2012-12-13,2009-12-14,selected,0.15077767881022375,-0.15886945804290264
2012-12-14,2009-12-15,QQQ,0.1426568542217952,-0.16099267605668077
2012-12-14,2009-12-15,selected,0.1435682663743567,-0.15886945804290298
2012-12-17,2009-12-16,QQQ,0.14985282655745125,-0.16099267605668077
2012-12-17,2009-12-16,selected,0.15070351518883962,-0.1588694580429031
2012-12-18,2009-12-17,QQQ,0.155149686976932,-0.16099267605668122
2012-12-18,2009-12-17,selected,0.15591505157292196,-0.1588694580429032
2012-12-19,2009-12-18,QQQ,0.15818790655471138,-0.1609926760566811
2012-12-19,2009-12-18,selected,0.15896278525082752,-0.15886945804290264
2012-12-20,2009-12-21,QQQ,0.15196321318167505,-0.16099267605668133
2012-12-20,2009-12-21,selected,0.15276150080365491,-0.15886945804290242
2012-12-21,2009-12-22,QQQ,0.1436394929935494,-0.16099267605668077
2012-12-21,2009-12-22,selected,0.14455741251938425,-0.15886945804290276
2012-12-24,2009-12-23,QQQ,0.14060008999340123,-0.16099267605668066
2012-12-24,2009-12-23,selected,0.14156238900495133,-0.15886945804290287
2012-12-26,2009-12-24,QQQ,0.1345074787718059,-0.16099267605668088
2012-12-26,2009-12-24,selected,0.1355195429554994,-0.15886945804290298
2012-12-27,2009-12-28,QQQ,0.13045779620614262,-0.1609926760566811
2012-12-27,2009-12-28,selected,0.13149329725185543,-0.1588694580429032
2012-12-28,2009-12-29,QQQ,0.12486453245931606,-0.16099267605668077
2012-12-28,2009-12-29,selected,0.12594355053266204,-0.1588694580429033
2012-12-31,2009-12-30,QQQ,0.1343021008663512,-0.16099267605668088
2012-12-31,2009-12-30,selected,0.13531322901796838,-0.15886945804290298
2013-01-02,2009-12-31,QQQ,0.1450341905601109,-0.16099267605668144
2013-01-02,2009-12-31,selected,0.14596017506229453,-0.15886945804290298
2013-01-03,2010-01-04,QQQ,0.14652996364285653,-0.160992676056681
2013-01-03,2010-01-04,selected,0.14742054585266762,-0.1588694580429032
2013-01-04,2010-01-05,QQQ,0.13973415003967293,-0.16099267605668088
2013-01-04,2010-01-05,selected,0.14065443081848894,-0.1588694580429031
2013-01-07,2010-01-06,QQQ,0.13984813679249997,-0.16099267605668088
2013-01-07,2010-01-06,selected,0.14075842033859032,-0.1588694580429033
2013-01-08,2010-01-07,QQQ,0.14140617767398211,-0.1609926760566811
2013-01-08,2010-01-07,selected,0.14229568683226934,-0.1588694580429031
2013-01-09,2010-01-08,QQQ,0.14258667915398582,-0.16099267605668144
2013-01-09,2010-01-08,selected,0.14347422377028307,-0.1588694580429033
2013-01-10,2010-01-11,QQQ,0.14174026226295,-0.160992676056681
2013-01-10,2010-01-11,selected,0.1426412831260666,-0.15886945804290298
2013-01-11,2010-01-12,QQQ,0.14380803450063984,-0.16099267605668122
2013-01-11,2010-01-12,selected,0.14466791603807105,-0.15886945804290298
2013-01-14,2010-01-13,QQQ,0.1469079939123603,-0.16099267605668122
2013-01-14,2010-01-13,selected,0.14776152594094683,-0.15886945804290298
2013-01-15,2010-01-14,QQQ,0.14030784963689036,-0.16099267605668088
2013-01-15,2010-01-14,selected,0.14122309391250232,-0.15886945804290287
2013-01-16,2010-01-15,QQQ,0.14151755783144182,-0.16099267605668077
2013-01-16,2010-01-15,selected,0.14241076164159838,-0.15886945804290298
2013-01-17,2010-01-19,QQQ,0.14780579820402084,-0.1609926760566811
2013-01-17,2010-01-19,selected,0.14865538110595233,-0.15886945804290264
2013-01-18,2010-01-20,QQQ,0.14084661787866848,-0.160992676056681
2013-01-18,2010-01-20,selected,0.14175445885649007,-0.1588694580429031
2013-01-22,2010-01-21,QQQ,0.14699476793078392,-0.1609926760566811
2013-01-22,2010-01-21,selected,0.14788517721713723,-0.15886945804290298
2013-01-23,2010-01-22,QQQ,0.15293317814973362,-0.1609926760566811
2013-01-23,2010-01-22,selected,0.15378412094616123,-0.1588694580429032
2013-01-24,2010-01-25,QQQ,0.15902849700711785,-0.16099267605668088
2013-01-24,2010-01-25,selected,0.159820150589997,-0.15886945804290276
2013-01-25,2010-01-26,QQQ,0.15968396651177597,-0.16099267605668088
2013-01-25,2010-01-26,selected,0.1604520038244599,-0.1588694580429031
2013-01-28,2010-01-27,QQQ,0.16019991198692973,-0.16099267605668133
2013-01-28,2010-01-27,selected,0.16095400839197382,-0.1588694580429031
2013-01-29,2010-01-28,QQQ,0.15722134770104867,-0.16099267605668088
2013-01-29,2010-01-28,selected,0.15802456438766743,-0.15886945804290276
2013-01-30,2010-01-29,QQQ,0.1665072115677826,-0.16099267605668088
2013-01-30,2010-01-29,selected,0.1672365092947501,-0.15886945804290342
2013-01-31,2010-02-01,QQQ,0.17249700923234657,-0.160992676056681
2013-01-31,2010-02-01,selected,0.17316948453347325,-0.15886945804290287
2013-02-01,2010-02-02,QQQ,0.17281767152899907,-0.16099267605668077
2013-02-01,2010-02-02,selected,0.1734547317820092,-0.1588694580429031
2013-02-04,2010-02-03,QQQ,0.16247658369951612,-0.16099267605668055
2013-02-04,2010-02-03,selected,0.1632065421285014,-0.15886945804290287
2013-02-05,2010-02-04,QQQ,0.16602794003418153,-0.16099267605668044
2013-02-05,2010-02-04,selected,0.1667364615150586,-0.15886945804290287
2013-02-06,2010-02-05,QQQ,0.1762149882501507,-0.16099267605668088
2013-02-06,2010-02-05,selected,0.1768915828324591,-0.15886945804290298
2013-02-07,2010-02-08,QQQ,0.17327093811602978,-0.16099267605668077
2013-02-07,2010-02-08,selected,0.1739662532399966,-0.15886945804290342
2013-02-08,2010-02-09,QQQ,0.18011090174774425,-0.16099267605668122
2013-02-08,2010-02-09,selected,0.18075154005966243,-0.15886945804290287
2013-02-11,2010-02-10,QQQ,0.17619763015273104,-0.16099267605668077
2013-02-11,2010-02-10,selected,0.17684514661451267,-0.15886945804290287
2013-02-12,2010-02-11,QQQ,0.17539968634965963,-0.16099267605668088
2013-02-12,2010-02-11,selected,0.17606743956262716,-0.15886945804290287
2013-02-13,2010-02-12,QQQ,0.1709187120195086,-0.16099267605668122
2013-02-13,2010-02-12,selected,0.17159085989038148,-0.15886945804290298
2013-02-14,2010-02-16,QQQ,0.17000046463521623,-0.160992676056681
2013-02-14,2010-02-16,selected,0.17067724847613164,-0.1588694580429031
2013-02-15,2010-02-17,QQQ,0.16390765862166723,-0.160992676056681
2013-02-15,2010-02-17,selected,0.16457888759402572,-0.1588694580429031
2013-02-19,2010-02-18,QQQ,0.1645212579403288,-0.160992676056681
2013-02-19,2010-02-18,selected,0.16519641903337545,-0.15886945804290264
2013-02-20,2010-02-19,QQQ,0.15610183253815468,-0.16099267605668088
2013-02-20,2010-02-19,selected,0.156814262916388,-0.15886945804290287
2013-02-21,2010-02-22,QQQ,0.1521286831862838,-0.1609926760566811
2013-02-21,2010-02-22,selected,0.15288886906777877,-0.15886945804290298
2013-02-22,2010-02-23,QQQ,0.15676144318362795,-0.160992676056681
2013-02-22,2010-02-23,selected,0.15749421855263224,-0.1588694580429032
2013-02-25,2010-02-24,QQQ,0.15699628068917004,-0.16099267605668088
2013-02-25,2010-02-24,selected,0.1577563369430024,-0.15886945804290298
2013-02-26,2010-02-25,QQQ,0.15454021181166322,-0.16099267605668122
2013-02-26,2010-02-25,selected,0.15534241105659174,-0.15886945804290276
2013-02-27,2010-02-26,QQQ,0.1585452210013225,-0.160992676056681
2013-02-27,2010-02-26,selected,0.15928385635304898,-0.15886945804290353
2013-02-28,2010-03-01,QQQ,0.15635921130195984,-0.16099267605668088
2013-02-28,2010-03-01,selected,0.15709291092436373,-0.15886945804290298
2013-03-01,2010-03-02,QQQ,0.1524138021023962,-0.16099267605668077
2013-03-01,2010-03-02,selected,0.15317874105377083,-0.1588694580429031
2013-03-04,2010-03-03,QQQ,0.15293825972559238,-0.1609926760566811
2013-03-04,2010-03-03,selected,0.1536773425653286,-0.1588694580429031
2013-03-05,2010-03-04,QQQ,0.15816530719030442,-0.1609926760566811
2013-03-05,2010-03-04,selected,0.1588526940952022,-0.1588694580429031
2013-03-06,2010-03-05,QQQ,0.15594278246799242,-0.160992676056681
2013-03-06,2010-03-05,selected,0.15665729502861825,-0.15886945804290287
2013-03-07,2010-03-08,QQQ,0.15119547354245277,-0.1609926760566811
2013-03-07,2010-03-08,selected,0.15194723800676835,-0.15886945804290287
2013-03-08,2010-03-09,QQQ,0.1508993337424127,-0.16099267605668088
2013-03-08,2010-03-09,selected,0.15166269591193937,-0.1588694580429031
2013-03-11,2010-03-10,QQQ,0.14987601768539283,-0.160992676056681
2013-03-11,2010-03-10,selected,0.15065574772679735,-0.15886945804290298
2013-03-12,2010-03-11,QQQ,0.14539273643666473,-0.160992676056681
2013-03-12,2010-03-11,selected,0.14624310851290057,-0.1588694580429032
2013-03-13,2010-03-12,QQQ,0.14344012445990728,-0.16099267605668088
2013-03-13,2010-03-12,selected,0.14430178916201086,-0.15886945804290276
2013-03-14,2010-03-15,QQQ,0.14463532825334946,-0.16099267605668088
2013-03-14,2010-03-15,selected,0.14549198591111212,-0.15886945804290276
2013-03-15,2010-03-16,QQQ,0.14454114255634543,-0.16099267605668122
2013-03-15,2010-03-16,selected,0.14540075101802996,-0.15886945804290287
2013-03-18,2010-03-17,QQQ,0.1412942782656419,-0.16099267605668133
2013-03-18,2010-03-17,selected,0.14216298191293864,-0.15886945804290276
2013-03-19,2010-03-18,QQQ,0.13953262311950687,-0.16099267605668077
2013-03-19,2010-03-18,selected,0.1404352300240035,-0.15886945804290287
2013-03-20,2010-03-19,QQQ,0.14092359303559254,-0.16099267605668088
2013-03-20,2010-03-19,selected,0.14179949265093583,-0.15886945804290287
2013-03-21,2010-03-22,QQQ,0.1388905346124245,-0.160992676056681
2013-03-21,2010-03-22,selected,0.13981939532621235,-0.15886945804290276
2013-03-22,2010-03-23,QQQ,0.1391395829412918,-0.16099267605668088
2013-03-22,2010-03-23,selected,0.1400699112526671,-0.15886945804290287
2013-03-25,2010-03-24,QQQ,0.13515406087510717,-0.16099267605668133
2013-03-25,2010-03-24,selected,0.13611170263846994,-0.1588694580429031
2013-03-26,2010-03-25,QQQ,0.13901187190164466,-0.16099267605668066
2013-03-26,2010-03-25,selected,0.13997336051544673,-0.15886945804290298
2013-03-27,2010-03-26,QQQ,0.14006300892149492,-0.1609926760566811
2013-03-27,2010-03-26,selected,0.14102560409008635,-0.1588694580429032
2013-03-28,2010-03-29,QQQ,0.14060485843062165,-0.16099267605668077
2013-03-28,2010-03-29,selected,0.14153269456517936,-0.15886945804290287
2013-04-01,2010-03-30,QQQ,0.136196199731889,-0.16099267605668055
2013-04-01,2010-03-30,selected,0.137166237158167,-0.15886945804290287
2013-04-02,2010-03-31,QQQ,0.13791708085155152,-0.16099267605668088
2013-04-02,2010-03-31,selected,0.1388600746212132,-0.15886945804290287
2013-04-03,2010-04-01,QQQ,0.1362484415546894,-0.16099267605668077
2013-04-03,2010-04-01,selected,0.13717984520361437,-0.1588694580429031
2013-04-04,2010-04-05,QQQ,0.1363590089646789,-0.16099267605668077
2013-04-04,2010-04-05,selected,0.13727572697479995,-0.1588694580429031
2013-04-05,2010-04-06,QQQ,0.12968731586131566,-0.16099267605668066
2013-04-05,2010-04-06,selected,0.1307014428253892,-0.1588694580429031
2013-04-08,2010-04-07,QQQ,0.13059738045907987,-0.16099267605668077
2013-04-08,2010-04-07,selected,0.13158941144627745,-0.1588694580429031
2013-04-09,2010-04-08,QQQ,0.1340642077677423,-0.16099267605668088
2013-04-09,2010-04-08,selected,0.1350120291608763,-0.15886945804290276
2013-04-10,2010-04-09,QQQ,0.1405328039604805,-0.1609926760566811
2013-04-10,2010-04-09,selected,0.14139481714220503,-0.1588694580429032
2013-04-11,2010-04-12,QQQ,0.13811699861889548,-0.160992676056681
2013-04-11,2010-04-12,selected,0.13899033911222314,-0.15886945804290264
2013-04-12,2010-04-13,QQQ,0.13753675765294227,-0.160992676056681
2013-04-12,2010-04-13,selected,0.13836682689441604,-0.1588694580429031
2013-04-15,2010-04-14,QQQ,0.12809269079647745,-0.16099267605668088
2013-04-15,2010-04-14,selected,0.12889610904915316,-0.15886945804290276
2013-04-16,2010-04-15,QQQ,0.12857967953468386,-0.16099267605668133
2013-04-16,2010-04-15,selected,0.12939358940094992,-0.15886945804290298
2013-04-17,2010-04-16,QQQ,0.11952352054662785,-0.16099267605668077
2013-04-17,2010-04-16,selected,0.12041495240141176,-0.15886945804290264
2013-04-18,2010-04-19,QQQ,0.11883129006891457,-0.16099267605668088
2013-04-18,2010-04-19,selected,0.11977417326384154,-0.15886945804290298
2013-04-19,2010-04-20,QQQ,0.12414307611706943,-0.16099267605668088
2013-04-19,2010-04-20,selected,0.12505589724457988,-0.1588694580429031
2013-04-22,2010-04-21,QQQ,0.12608972284861775,-0.16099267605668077
2013-04-22,2010-04-21,selected,0.1269973624009617,-0.15886945804290298
2013-04-23,2010-04-22,QQQ,0.127568230799058,-0.1609926760566811
2013-04-23,2010-04-22,selected,0.12843765364334714,-0.15886945804290276
2013-04-24,2010-04-23,QQQ,0.1253104004734129,-0.160992676056681
2013-04-24,2010-04-23,selected,0.12622368039928156,-0.15886945804290287
2013-04-25,2010-04-26,QQQ,0.1257421342752303,-0.160992676056681
2013-04-25,2010-04-26,selected,0.12666259649493794,-0.15886945804290287
2013-04-26,2010-04-27,QQQ,0.12537527332598386,-0.16099267605668088
2013-04-26,2010-04-27,selected,0.12630329169943733,-0.1588694580429031
2013-04-29,2010-04-28,QQQ,0.13691710981773464,-0.16099267605668066
2013-04-29,2010-04-28,selected,0.13772726781105082,-0.1588694580429033
2013-04-30,2010-04-29,QQQ,0.13943268386834906,-0.16099267605668144
2013-04-30,2010-04-29,selected,0.14023105663811264,-0.1588694580429031
2013-05-01,2010-04-30,QQQ,0.1311273045377963,-0.16099267605668088
2013-05-01,2010-04-30,selected,0.13198594334073666,-0.1588694580429031
2013-05-02,2010-05-03,QQQ,0.1434367316961327,-0.160992676056681
2013-05-02,2010-05-03,selected,0.144166323654769,-0.15886945804290276
2013-05-03,2010-05-04,QQQ,0.14259842789210753,-0.16099267605668088
2013-05-03,2010-05-04,selected,0.14331426020246663,-0.15886945804290253
2013-05-06,2010-05-05,QQQ,0.15576699498186475,-0.16099267605668077
2013-05-06,2010-05-05,selected,0.15635691173920407,-0.1588694580429023
2013-05-07,2010-05-06,QQQ,0.15754924456259412,-0.160992676056681
2013-05-07,2010-05-06,selected,0.15810293406357978,-0.15886945804290298
2013-05-08,2010-05-07,QQQ,0.17262256194162484,-0.160992676056681
2013-05-08,2010-05-07,selected,0.1729984793390298,-0.15886945804290264
2013-05-09,2010-05-10,QQQ,0.1819809377178907,-0.1609926760566811
2013-05-09,2010-05-10,selected,0.18225350545837804,-0.15886945804290342
2013-05-10,2010-05-11,QQQ,0.1645298583431527,-0.16099267605668077
2013-05-10,2010-05-11,selected,0.1649590549491622,-0.15886945804290276
2013-05-13,2010-05-12,QQQ,0.16541462623885184,-0.160992676056681
2013-05-13,2010-05-12,selected,0.16578125753106043,-0.15886945804290276
2013-05-14,2010-05-13,QQQ,0.16018095071921024,-0.16099267605668122
2013-05-14,2010-05-13,selected,0.16058067831952672,-0.1588694580429032
2013-05-15,2010-05-14,QQQ,0.1671638212876454,-0.16099267605668066
2013-05-15,2010-05-14,selected,0.1674797184036403,-0.15886945804290298
2013-05-16,2010-05-17,QQQ,0.17431591220245002,-0.160992676056681
2013-05-16,2010-05-17,selected,0.17455271987866605,-0.15886945804290298
2013-05-17,2010-05-18,QQQ,0.17682783026300908,-0.160992676056681
2013-05-17,2010-05-18,selected,0.17701912035500755,-0.1588694580429031
2013-05-20,2010-05-19,QQQ,0.1817107893290162,-0.1609926760566811
2013-05-20,2010-05-19,selected,0.18188646066018221,-0.15886945804290276
2013-05-21,2010-05-20,QQQ,0.18529199791922157,-0.160992676056681
2013-05-21,2010-05-20,selected,0.1854495944524266,-0.1588694580429032
2013-05-22,2010-05-21,QQQ,0.19682186354333409,-0.16099267605668066
2013-05-22,2010-05-21,selected,0.19684738714372352,-0.1588694580429033
2013-05-23,2010-05-24,QQQ,0.1915282074833975,-0.16099267605668077
2013-05-23,2010-05-24,selected,0.19163918595604468,-0.1588694580429031
2013-05-24,2010-05-25,QQQ,0.19291016361645852,-0.160992676056681
2013-05-24,2010-05-25,selected,0.19298242403327248,-0.15886945804290298
2013-05-28,2010-05-26,QQQ,0.1951476740791036,-0.1609926760566811
2013-05-28,2010-05-26,selected,0.19516767009926306,-0.15886945804290253
2013-05-29,2010-05-27,QQQ,0.1977404499713249,-0.160992676056681
2013-05-29,2010-05-27,selected,0.19773558831032179,-0.1588694580429031
2013-05-30,2010-05-28,QQQ,0.18511242348743373,-0.16099267605668088
2013-05-30,2010-05-28,selected,0.18525338689114834,-0.15886945804290287
2013-05-31,2010-06-01,QQQ,0.1837952299994865,-0.16099267605668133
2013-05-31,2010-06-01,selected,0.18391266570063536,-0.15886945804290298
2013-06-03,2010-06-02,QQQ,0.1881538010498216,-0.16099267605668077
2013-06-03,2010-06-02,selected,0.18825038113310177,-0.1588694580429031
2013-06-04,2010-06-03,QQQ,0.17688121607295604,-0.16099267605668055
2013-06-04,2010-06-03,selected,0.18052526368759492,-0.15886945804290276
2013-06-05,2010-06-04,QQQ,0.16806133445690286,-0.16099267605668088
2013-06-05,2010-06-04,selected,0.17397656721088794,-0.1588694580429032
2013-06-06,2010-06-07,QQQ,0.18362739809738282,-0.1609926760566811
2013-06-06,2010-06-07,selected,0.1835251944702332,-0.15886945804290287
2013-06-07,2010-06-08,QQQ,0.19629405458035198,-0.16099267605668066
2013-06-07,2010-06-08,selected,0.19203107859257051,-0.15886945804290298
2013-06-10,2010-06-09,QQQ,0.19717883891812948,-0.16099267605668088
2013-06-10,2010-06-09,selected,0.1927388840644133,-0.1588694580429031
2013-06-11,2010-06-10,QQQ,0.1965467418757112,-0.16099267605668122
2013-06-11,2010-06-10,selected,0.19117823544547985,-0.15886945804290253
2013-06-12,2010-06-11,QQQ,0.18079727863064932,-0.1609926760566811
2013-06-12,2010-06-11,selected,0.1804384768445313,-0.1588694580429032
2013-06-13,2010-06-14,QQQ,0.1820142368740083,-0.160992676056681
2013-06-13,2010-06-14,selected,0.1822634051353338,-0.15886945804290276
2013-06-14,2010-06-15,QQQ,0.17949545889644702,-0.16099267605668088
2013-06-14,2010-06-15,selected,0.1799802665232786,-0.15886945804290298
2013-06-17,2010-06-16,QQQ,0.17289816993913631,-0.16099267605668088
2013-06-17,2010-06-16,selected,0.17646958456656048,-0.1588694580429031
2013-06-18,2010-06-17,QQQ,0.17451334407446306,-0.1609926760566811
2013-06-18,2010-06-17,selected,0.17871865125400666,-0.15886945804290298
2013-06-19,2010-06-18,QQQ,0.1688890294469323,-0.16099267605668088
2013-06-19,2010-06-18,selected,0.17260258539380224,-0.15886945804290276
2013-06-20,2010-06-21,QQQ,0.15922951141717157,-0.16099267605668077
2013-06-20,2010-06-21,selected,0.16263757706288473,-0.15886945804290276
2013-06-21,2010-06-22,QQQ,0.16047544481626708,-0.16099267605668066
2013-06-21,2010-06-22,selected,0.16386800751827546,-0.15886945804290287
2013-06-24,2010-06-23,QQQ,0.1596120658744351,-0.16099267605668066
2013-06-24,2010-06-23,selected,0.1615214991598064,-0.1588694580429033
2013-06-25,2010-06-24,QQQ,0.16402867438360835,-0.160992676056681
2013-06-25,2010-06-24,selected,0.1654798414843055,-0.1588694580429031
2013-06-26,2010-06-25,QQQ,0.17347477240506004,-0.16099267605668088
2013-06-26,2010-06-25,selected,0.17262788801014062,-0.1588694580429033
2013-06-27,2010-06-28,QQQ,0.17505039759116814,-0.160992676056681
2013-06-27,2010-06-28,selected,0.17339178681100398,-0.15886945804290298
2013-06-28,2010-06-29,QQQ,0.17698865029150546,-0.16099267605668122
2013-06-28,2010-06-29,selected,0.17529547004492207,-0.15886945804290298
2013-07-01,2010-06-30,QQQ,0.194972209823417,-0.16099267605668077
2013-07-01,2010-06-30,selected,0.18714863801905457,-0.15886945804290264
2013-07-02,2010-07-01,QQQ,0.20126349979840885,-0.16099267605668077
2013-07-02,2010-07-01,selected,0.19084541274718214,-0.1588694580429033
2013-07-03,2010-07-02,QQQ,0.20400839295692674,-0.16099267605668077
2013-07-03,2010-07-02,selected,0.1951940934169598,-0.1588694580429031
2013-07-05,2010-07-06,QQQ,0.208201038873002,-0.16099267605668122
2013-07-05,2010-07-06,selected,0.19900232872415602,-0.15886945804290287
2013-07-08,2010-07-07,QQQ,0.20735880828764985,-0.16099267605668077
2013-07-08,2010-07-07,selected,0.19857847851915333,-0.1588694580429032
2013-07-09,2010-07-08,QQQ,0.1971848511671388,-0.16099267605668077
2013-07-09,2010-07-08,selected,0.1900592922070754,-0.15886945804290287
2013-07-10,2010-07-09,QQQ,0.19729812187046303,-0.160992676056681
2013-07-10,2010-07-09,selected,0.19055820437489523,-0.15886945804290298
2013-07-11,2010-07-12,QQQ,0.20137964074923964,-0.16099267605668077
2013-07-11,2010-07-12,selected,0.19499950872327787,-0.15886945804290342
2013-07-12,2010-07-13,QQQ,0.20197365741539963,-0.1609926760566811
2013-07-12,2010-07-13,selected,0.19588849296853783,-0.15886945804290287
2013-07-15,2010-07-14,QQQ,0.19772537625944975,-0.16099267605668133
2013-07-15,2010-07-14,selected,0.19233701530812986,-0.1588694580429031
2013-07-16,2010-07-15,QQQ,0.19517788570175987,-0.16099267605668122
2013-07-16,2010-07-15,selected,0.19002835612966207,-0.15886945804290342
2013-07-17,2010-07-16,QQQ,0.19583190174366427,-0.16099267605668066
2013-07-17,2010-07-16,selected,0.19059281470964495,-0.15886945804290298
2013-07-18,2010-07-19,QQQ,0.2060406509725321,-0.1609926760566811
2013-07-18,2010-07-19,selected,0.19937582288054845,-0.15886945804290287
2013-07-19,2010-07-20,QQQ,0.19845184642422176,-0.1609926760566811
2013-07-19,2010-07-20,selected,0.19255795861142566,-0.15886945804290276
2013-07-22,2010-07-21,QQQ,0.19483902763377015,-0.16099267605668077
2013-07-22,2010-07-21,selected,0.18947032746681658,-0.1588694580429031
2013-07-23,2010-07-22,QQQ,0.1973962930872406,-0.160992676056681
2013-07-23,2010-07-22,selected,0.19131503082170043,-0.15886945804290276
2013-07-24,2010-07-23,QQQ,0.18873788089205012,-0.160992676056681
2013-07-24,2010-07-23,selected,0.1839728952663049,-0.1588694580429031
2013-07-25,2010-07-26,QQQ,0.1887270790718778,-0.16099267605668077
2013-07-25,2010-07-26,selected,0.18455793485642902,-0.15886945804290253
2013-07-26,2010-07-27,QQQ,0.18758059016535844,-0.16099267605668077
2013-07-26,2010-07-27,selected,0.1839678444460724,-0.15886945804290276
2013-07-29,2010-07-28,QQQ,0.18701519334651562,-0.16099267605668122
2013-07-29,2010-07-28,selected,0.18372534118357242,-0.1588694580429031
2013-07-30,2010-07-29,QQQ,0.1922915218466863,-0.16099267605668066
2013-07-30,2010-07-29,selected,0.188433534829753,-0.15886945804290298
2013-07-31,2010-07-30,QQQ,0.1959773330986485,-0.1609926760566811
2013-07-31,2010-07-30,selected,0.19167220330505197,-0.1588694580429031
2013-08-01,2010-08-02,QQQ,0.19914142834427162,-0.160992676056681
2013-08-01,2010-08-02,selected,0.19453607551330188,-0.15886945804290298
2013-08-02,2010-08-03,QQQ,0.19395764697982698,-0.16099267605668088
2013-08-02,2010-08-03,selected,0.19046215981563264,-0.15886945804290298
2013-08-05,2010-08-04,QQQ,0.1959268221036512,-0.16099267605668122
2013-08-05,2010-08-04,selected,0.19244285252111837,-0.1588694580429031
2013-08-06,2010-08-05,QQQ,0.18954463721466253,-0.16099267605668122
2013-08-06,2010-08-05,selected,0.18611708419659156,-0.15886945804290276
2013-08-07,2010-08-06,QQQ,0.18974861349964312,-0.160992676056681
2013-08-07,2010-08-06,selected,0.18632094375132802,-0.15886945804290298
2013-08-08,2010-08-09,QQQ,0.19231189559639694,-0.1609926760566811
2013-08-08,2010-08-09,selected,0.1888662661217575,-0.15886945804290264
2013-08-09,2010-08-10,QQQ,0.18800165746614983,-0.16099267605668077
2013-08-09,2010-08-10,selected,0.1846164997617894,-0.1588694580429031
2013-08-12,2010-08-11,QQQ,0.192404389099057,-0.16099267605668088
2013-08-12,2010-08-11,selected,0.18897376687664447,-0.15886945804290276
2013-08-13,2010-08-12,QQQ,0.20566655626896346,-0.16099267605668122
2013-08-13,2010-08-12,selected,0.20204099721304547,-0.15886945804290253
2013-08-14,2010-08-13,QQQ,0.2073525589595644,-0.16099267605668077
2013-08-14,2010-08-13,selected,0.20370302757752712,-0.1588694580429031
2013-08-15,2010-08-16,QQQ,0.20335911422362773,-0.1609926760566811
2013-08-15,2010-08-16,selected,0.19976911314141543,-0.15886945804290287
2013-08-16,2010-08-17,QQQ,0.20248292897478115,-0.16099267605668077
2013-08-16,2010-08-17,selected,0.19888304662906053,-0.1588694580429031
2013-08-19,2010-08-18,QQQ,0.19673812543821345,-0.16099267605668144
2013-08-19,2010-08-18,selected,0.19319613744157804,-0.15886945804290276
2013-08-20,2010-08-19,QQQ,0.196902120742386,-0.16099267605668088
2013-08-20,2010-08-19,selected,0.19336493567941693,-0.15886945804290264
2013-08-21,2010-08-20,QQQ,0.20162804042845983,-0.16099267605668077
2013-08-21,2010-08-20,selected,0.198008983012536,-0.15886945804290276
2013-08-22,2010-08-23,QQQ,0.20500846392424732,-0.16099267605668066
2013-08-22,2010-08-23,selected,0.20136579240861496,-0.1588694580429032
2013-08-23,2010-08-24,QQQ,0.21166114260965463,-0.16099267605668077
2013-08-23,2010-08-24,selected,0.2079628293350151,-0.15886945804290287
2013-08-26,2010-08-25,QQQ,0.21950474352038607,-0.16099267605668077
2013-08-26,2010-08-25,selected,0.21569143371511323,-0.1588694580429031
2013-08-27,2010-08-26,QQQ,0.2072681391693303,-0.160992676056681
2013-08-27,2010-08-26,selected,0.20362779700667688,-0.15886945804290253
2013-08-28,2010-08-27,QQQ,0.21370440920114064,-0.16099267605668088
2013-08-28,2010-08-27,selected,0.20997773972548028,-0.1588694580429032
2013-08-29,2010-08-30,QQQ,0.2116437594721634,-0.160992676056681
2013-08-29,2010-08-30,selected,0.20794544182312436,-0.1588694580429031
2013-08-30,2010-08-31,QQQ,0.2132690123857639,-0.1609926760566811
2013-08-30,2010-08-31,selected,0.2095309061574464,-0.15886945804290298
2013-09-03,2010-09-01,QQQ,0.21696582154890742,-0.160992676056681
2013-09-03,2010-09-01,selected,0.21316270924639102,-0.15886945804290298
2013-09-04,2010-09-02,QQQ,0.2093393506051029,-0.16099267605668088
2013-09-04,2010-09-02,selected,0.2056217540302887,-0.15886945804290298
2013-09-05,2010-09-03,QQQ,0.20555017090449113,-0.160992676056681
2013-09-05,2010-09-03,selected,0.20184815724401695,-0.15886945804290276
2013-09-06,2010-09-07,QQQ,0.19943175913361944,-0.1609926760566811
2013-09-06,2010-09-07,selected,0.19584569960954457,-0.15886945804290287
2013-09-09,2010-09-08,QQQ,0.20680731832055765,-0.160992676056681
2013-09-09,2010-09-08,selected,0.20310193836184598,-0.15886945804290264
2013-09-10,2010-09-09,QQQ,0.2039576339759117,-0.16099267605668077
2013-09-10,2010-09-09,selected,0.20027225312822883,-0.15886945804290298
2013-09-11,2010-09-10,QQQ,0.20163064921332507,-0.16099267605668088
2013-09-11,2010-09-10,selected,0.19799835664508914,-0.1588694580429031
2013-09-12,2010-09-13,QQQ,0.19991116343180138,-0.1609926760566811
2013-09-12,2010-09-13,selected,0.19626198968295516,-0.1588694580429032
2013-09-13,2010-09-14,QQQ,0.19463887544130443,-0.16099267605668122
2013-09-13,2010-09-14,selected,0.1910592320184461,-0.15886945804290276
2013-09-16,2010-09-15,QQQ,0.19188700703000094,-0.16099267605668088
2013-09-16,2010-09-15,selected,0.1882940701957747,-0.15886945804290287
2013-09-17,2010-09-16,QQQ,0.19202818488345685,-0.16099267605668133
2013-09-17,2010-09-16,selected,0.18845274249441535,-0.15886945804290276
2013-09-18,2010-09-17,QQQ,0.19519169687003446,-0.160992676056681
2013-09-18,2010-09-17,selected,0.19165355054444655,-0.1588694580429032
2013-09-19,2010-09-20,QQQ,0.19479817325667592,-0.160992676056681
2013-09-19,2010-09-20,selected,0.19125530386299228,-0.15886945804290298
2013-09-20,2010-09-21,QQQ,0.18654690040339883,-0.16099267605668122
2013-09-20,2010-09-21,selected,0.18305410404899058,-0.15886945804290287
2013-09-23,2010-09-22,QQQ,0.18582619299423597,-0.160992676056681
2013-09-23,2010-09-22,selected,0.1823291680526633,-0.15886945804290276
2013-09-24,2010-09-23,QQQ,0.18688076512081708,-0.16099267605668077
2013-09-24,2010-09-23,selected,0.18336811290095678,-0.1588694580429032
2013-09-25,2010-09-24,QQQ,0.1856861893608246,-0.16099267605668088
2013-09-25,2010-09-24,selected,0.18220220462196468,-0.15886945804290298
2013-09-26,2010-09-27,QQQ,0.18079461072924752,-0.16099267605668133
2013-09-26,2010-09-27,selected,0.17735482781642675,-0.15886945804290276
2013-09-27,2010-09-28,QQQ,0.1824442595965936,-0.16099267605668077
2013-09-27,2010-09-28,selected,0.17898171845696687,-0.15886945804290298
2013-09-30,2010-09-29,QQQ,0.18165587857347476,-0.1609926760566811
2013-09-30,2010-09-29,selected,0.1781778262210003,-0.15886945804290298
2013-10-01,2010-09-30,QQQ,0.18627845348871563,-0.16099267605668133
2013-10-01,2010-09-30,selected,0.18270559524679864,-0.15886945804290276
2013-10-02,2010-10-01,QQQ,0.1878992725940416,-0.16099267605668088
2013-10-02,2010-10-01,selected,0.1843358938597035,-0.15886945804290298
2013-10-03,2010-10-04,QQQ,0.1837407527995496,-0.160992676056681
2013-10-03,2010-10-04,selected,0.1802158437587129,-0.1588694580429032
2013-10-04,2010-10-05,QQQ,0.19144975906617678,-0.16099267605668088
2013-10-04,2010-10-05,selected,0.18782174675169405,-0.15886945804290298
2013-10-07,2010-10-06,QQQ,0.17865302950901696,-0.160992676056681
2013-10-07,2010-10-06,selected,0.1751769645983403,-0.15886945804290298
2013-10-08,2010-10-07,QQQ,0.17441889605413818,-0.16099267605668122
2013-10-08,2010-10-07,selected,0.17098379705235445,-0.15886945804290264
2013-10-09,2010-10-08,QQQ,0.17177487244352663,-0.16099267605668077
2013-10-09,2010-10-08,selected,0.16837498328690392,-0.15886945804290276
2013-10-10,2010-10-11,QQQ,0.17729325288759012,-0.16099267605668066
2013-10-10,2010-10-11,selected,0.17379802051840043,-0.15886945804290276
2013-10-11,2010-10-12,QQQ,0.18022214769827216,-0.16099267605668133
2013-10-11,2010-10-12,selected,0.1766654169481614,-0.15886945804290276
2013-10-14,2010-10-13,QQQ,0.18031462805123288,-0.160992676056681
2013-10-14,2010-10-13,selected,0.17676362269200618,-0.15886945804290298
2013-10-15,2010-10-14,QQQ,0.1755866863685991,-0.160992676056681
2013-10-15,2010-10-14,selected,0.1720789338207147,-0.15886945804290298
2013-10-16,2010-10-15,QQQ,0.18078699406998422,-0.16099267605668077
2013-10-16,2010-10-15,selected,0.17722289732550145,-0.1588694580429032
2013-10-17,2010-10-18,QQQ,0.17478269714210715,-0.1609926760566811
2013-10-17,2010-10-18,selected,0.17136678554357432,-0.15886945804290298
2013-10-18,2010-10-19,QQQ,0.1825509411153745,-0.16099267605668077
2013-10-18,2010-10-19,selected,0.17902120318860626,-0.15886945804290287
2013-10-21,2010-10-20,QQQ,0.18712821727391304,-0.16099267605668122
2013-10-21,2010-10-20,selected,0.18357479011890354,-0.15886945804290287
2013-10-22,2010-10-21,QQQ,0.1848360702649403,-0.16099267605668077
2013-10-22,2010-10-21,selected,0.18133368197726019,-0.15886945804290298
2013-10-23,2010-10-22,QQQ,0.18166730063269165,-0.1609926760566811
2013-10-23,2010-10-22,selected,0.17822962454949565,-0.1588694580429033
2013-10-24,2010-10-25,QQQ,0.18071556726068927,-0.16099267605668088
2013-10-24,2010-10-25,selected,0.17729655892384355,-0.1588694580429032
2013-10-25,2010-10-26,QQQ,0.1816260484850667,-0.160992676056681
2013-10-25,2010-10-26,selected,0.1781930496765931,-0.1588694580429031
2013-10-28,2010-10-27,QQQ,0.18066035449385653,-0.16099267605668077
2013-10-28,2010-10-27,selected,0.17724876038191706,-0.1588694580429032
2013-10-29,2010-10-28,QQQ,0.180115762774278,-0.16099267605668077
2013-10-29,2010-10-28,selected,0.17672615880973308,-0.15886945804290287
2013-10-30,2010-10-29,QQQ,0.17890920092062856,-0.160992676056681
2013-10-30,2010-10-29,selected,0.17550568402347522,-0.15886945804290287
2013-10-31,2010-11-01,QQQ,0.178910981263932,-0.16099267605668122
2013-10-31,2010-11-01,selected,0.1754661479118349,-0.15886945804290298
2013-11-01,2010-11-02,QQQ,0.17870488180729382,-0.16099267605668077
2013-11-01,2010-11-02,selected,0.17526421526375602,-0.15886945804290276
2013-11-04,2010-11-03,QQQ,0.17508839200999415,-0.160992676056681
2013-11-04,2010-11-03,selected,0.1716756431231865,-0.15886945804290298
2013-11-05,2010-11-04,QQQ,0.1737370396258182,-0.1609926760566811
2013-11-05,2010-11-04,selected,0.17035225380369456,-0.15886945804290287
2013-11-06,2010-11-05,QQQ,0.16888553212102253,-0.1609926760566811
2013-11-06,2010-11-05,selected,0.16552157962459946,-0.1588694580429031
2013-11-07,2010-11-08,QQQ,0.16151586831100695,-0.1609926760566811
2013-11-07,2010-11-08,selected,0.15824227178496186,-0.15886945804290298
2013-11-08,2010-11-09,QQQ,0.16621516088460697,-0.16099267605668077
2013-11-08,2010-11-09,selected,0.16283182881710756,-0.15886945804290298
2013-11-11,2010-11-10,QQQ,0.16770690701222213,-0.1609926760566811
2013-11-11,2010-11-10,selected,0.1643350097463223,-0.15886945804290276
2013-11-12,2010-11-11,QQQ,0.16635987803011854,-0.1609926760566811
2013-11-12,2010-11-11,selected,0.1629734473353628,-0.1588694580429032
2013-11-13,2010-11-12,QQQ,0.17353228601431914,-0.16099267605668122
2013-11-13,2010-11-12,selected,0.17006089386092005,-0.1588694580429031
2013-11-14,2010-11-15,QQQ,0.1812009378743169,-0.16099267605668088
2013-11-14,2010-11-15,selected,0.1776972339447218,-0.15886945804290298
2013-11-15,2010-11-16,QQQ,0.18345651626801796,-0.160992676056681
2013-11-15,2010-11-16,selected,0.17995038420128573,-0.15886945804290276
2013-11-18,2010-11-17,QQQ,0.18612743038792168,-0.160992676056681
2013-11-18,2010-11-17,selected,0.182578506516605,-0.15886945804290264
2013-11-19,2010-11-18,QQQ,0.18383555271837015,-0.160992676056681
2013-11-19,2010-11-18,selected,0.18031751264590912,-0.15886945804290298
2013-11-20,2010-11-19,QQQ,0.17660766385135807,-0.160992676056681
2013-11-20,2010-11-19,selected,0.17311520891709664,-0.15886945804290253
2013-11-21,2010-11-22,QQQ,0.18027779850922676,-0.16099267605668088
2013-11-21,2010-11-22,selected,0.17673697123229148,-0.1588694580429031
2013-11-22,2010-11-23,QQQ,0.17910634432431172,-0.1609926760566811
2013-11-22,2010-11-23,selected,0.1755674439319188,-0.1588694580429032
2013-11-25,2010-11-24,QQQ,0.18635335003240483,-0.1609926760566811
2013-11-25,2010-11-24,selected,0.1827187136636479,-0.1588694580429032
2013-11-26,2010-11-26,QQQ,0.18053393755780078,-0.16099267605668066
2013-11-26,2010-11-26,selected,0.17697433547398944,-0.15886945804290298
2013-11-27,2010-11-29,QQQ,0.18588164481303981,-0.16099267605668088
2013-11-27,2010-11-29,selected,0.18225750213963932,-0.15886945804290287
2013-11-29,2010-11-30,QQQ,0.18854271744247608,-0.160992676056681
2013-11-29,2010-11-30,selected,0.18488421642347852,-0.1588694580429031
2013-12-02,2010-12-01,QQQ,0.1922293078516366,-0.1609926760566811
2013-12-02,2010-12-01,selected,0.18845725236836275,-0.15886945804290287
2013-12-03,2010-12-02,QQQ,0.18363027704516388,-0.16099267605668055
2013-12-03,2010-12-02,selected,0.17998799347567473,-0.15886945804290298
2013-12-04,2010-12-03,QQQ,0.18001970949583823,-0.16099267605668133
2013-12-04,2010-12-03,selected,0.1764467699904393,-0.15886945804290287
2013-12-05,2010-12-06,QQQ,0.17849047021270592,-0.160992676056681
2013-12-05,2010-12-06,selected,0.17488955013559626,-0.1588694580429032
2013-12-06,2010-12-07,QQQ,0.18148264526940472,-0.1609926760566811
2013-12-06,2010-12-07,selected,0.17783446697083805,-0.15886945804290298
2013-12-09,2010-12-08,QQQ,0.18286381080231107,-0.16099267605668088
2013-12-09,2010-12-08,selected,0.179250030023701,-0.1588694580429032
2013-12-10,2010-12-09,QQQ,0.18112996960398342,-0.16099267605668066
2013-12-10,2010-12-09,selected,0.17758793058417632,-0.1588694580429031
2013-12-11,2010-12-10,QQQ,0.17568138443434012,-0.16099267605668088
2013-12-11,2010-12-10,selected,0.1721816156627456,-0.1588694580429032
2013-12-12,2010-12-13,QQQ,0.17207548800568895,-0.1609926760566811
2013-12-12,2010-12-13,selected,0.16859338850847316,-0.15886945804290298
2013-12-13,2010-12-14,QQQ,0.17293465507599093,-0.1609926760566811
2013-12-13,2010-12-14,selected,0.16944612028539674,-0.15886945804290298
2013-12-16,2010-12-15,QQQ,0.1743757888879618,-0.160992676056681
2013-12-16,2010-12-15,selected,0.17087699417306768,-0.1588694580429031
2013-12-17,2010-12-16,QQQ,0.17532598268972754,-0.16099267605668088
2013-12-17,2010-12-16,selected,0.17182984551140867,-0.15886945804290298
2013-12-18,2010-12-17,QQQ,0.17682937420128964,-0.1609926760566811
2013-12-18,2010-12-17,selected,0.17330777970414357,-0.1588694580429031
2013-12-19,2010-12-20,QQQ,0.1753905404866678,-0.16099267605668088
2013-12-19,2010-12-20,selected,0.1718333156564662,-0.1588694580429031
2013-12-20,2010-12-21,QQQ,0.17907853992654887,-0.1609926760566811
2013-12-20,2010-12-21,selected,0.17548987380952807,-0.15886945804290298
2013-12-23,2010-12-22,QQQ,0.1808228448386362,-0.16099267605668088
2013-12-23,2010-12-22,selected,0.17719704557631033,-0.1588694580429031
2013-12-24,2010-12-23,QQQ,0.1810747692097714,-0.16099267605668088
2013-12-24,2010-12-23,selected,0.17745427281614679,-0.15886945804290342
2013-12-26,2010-12-27,QQQ,0.18338603357443084,-0.160992676056681
2013-12-26,2010-12-27,selected,0.17974243833669212,-0.1588694580429032
2013-12-27,2010-12-28,QQQ,0.18218033653794463,-0.16099267605668088
2013-12-27,2010-12-28,selected,0.17855002357213068,-0.15886945804290298
2013-12-30,2010-12-29,QQQ,0.18231460983073156,-0.16099267605668088
2013-12-30,2010-12-29,selected,0.17865391830375987,-0.15886945804290298
2013-12-31,2010-12-30,QQQ,0.18401382328867055,-0.16099267605668088
2013-12-31,2010-12-30,selected,0.18032349850186136,-0.15886945804290342
2014-01-02,2010-12-31,QQQ,0.18184520562237427,-0.16099267605668077
2014-01-02,2010-12-31,selected,0.17821055260282903,-0.1588694580429031
2014-01-03,2011-01-03,QQQ,0.18043591142442916,-0.160992676056681
2014-01-03,2011-01-03,selected,0.1768095250641244,-0.1588694580429031
2014-01-06,2011-01-04,QQQ,0.1729100019519627,-0.16099267605668088
2014-01-06,2011-01-04,selected,0.16939375375007049,-0.15886945804290298
2014-01-07,2011-01-05,QQQ,0.1768062368225145,-0.160992676056681
2014-01-07,2011-01-05,selected,0.17326718665972707,-0.15886945804290287
2014-01-08,2011-01-06,QQQ,0.17434176777364851,-0.16099267605668077
2014-01-08,2011-01-06,selected,0.1708432908994324,-0.1588694580429031
2014-01-09,2011-01-07,QQQ,0.17178014195064506,-0.16099267605668077
2014-01-09,2011-01-07,selected,0.16832577164777462,-0.1588694580429031
2014-01-10,2011-01-10,QQQ,0.173385382340552,-0.16099267605668088
2014-01-10,2011-01-10,selected,0.16994043773149237,-0.1588694580429032
2014-01-13,2011-01-11,QQQ,0.16611795445341482,-0.1609926760566811
2014-01-13,2011-01-11,selected,0.16276857813639256,-0.15886945804290287
2014-01-14,2011-01-12,QQQ,0.1729254687462234,-0.160992676056681
2014-01-14,2011-01-12,selected,0.16947038851429452,-0.1588694580429031
2014-01-15,2011-01-13,QQQ,0.17334929628763307,-0.16099267605668088
2014-01-15,2011-01-13,selected,0.16988207398179744,-0.15886945804290298
2014-01-16,2011-01-14,QQQ,0.17325529559675235,-0.16099267605668077
2014-01-16,2011-01-14,selected,0.16980637752599614,-0.1588694580429032
2014-01-17,2011-01-18,QQQ,0.16815507115639505,-0.16099267605668088
2014-01-17,2011-01-18,selected,0.1648012483023895,-0.15886945804290298
2014-01-21,2011-01-19,QQQ,0.17002259424631117,-0.160992676056681
2014-01-21,2011-01-19,selected,0.16663219614087388,-0.1588694580429032
2014-01-22,2011-01-20,QQQ,0.1755075882612971,-0.16099267605668088
2014-01-22,2011-01-20,selected,0.172032803339077,-0.15886945804290298
2014-01-23,2011-01-21,QQQ,0.17696578131476248,-0.16099267605668088
2014-01-23,2011-01-21,selected,0.1735410038694043,-0.15886945804290287
2014-01-24,2011-01-24,QQQ,0.17220155271478732,-0.16099267605668088
2014-01-24,2011-01-24,selected,0.1688406064514376,-0.15886945804290264
2014-01-27,2011-01-25,QQQ,0.16306828013675934,-0.16099267605668088
2014-01-27,2011-01-25,selected,0.15981109764208234,-0.15886945804290287
2014-01-28,2011-01-26,QQQ,0.16229382407738013,-0.160992676056681
2014-01-28,2011-01-26,selected,0.15904619572609957,-0.1588694580429033
2014-01-29,2011-01-27,QQQ,0.1560855706718307,-0.160992676056681
2014-01-29,2011-01-27,selected,0.15293915716005912,-0.15886945804290276
2014-01-30,2011-01-28,QQQ,0.16078766605460748,-0.160992676056681
2014-01-30,2011-01-28,selected,0.15758553644537043,-0.15886945804290276
2014-01-31,2011-01-31,QQQ,0.1697302961986913,-0.160992676056681
2014-01-31,2011-01-31,selected,0.16639923341555285,-0.1588694580429031
2014-02-03,2011-02-01,QQQ,0.15884360949886145,-0.160992676056681
2014-02-03,2011-02-01,selected,0.15567815215565495,-0.15886945804290298
2014-02-04,2011-02-02,QQQ,0.15450685973544265,-0.16099267605668088
2014-02-04,2011-02-02,selected,0.15137548483071184,-0.1588694580429031
2014-02-05,2011-02-03,QQQ,0.15411615178960258,-0.160992676056681
2014-02-05,2011-02-03,selected,0.1509907652458824,-0.15886945804290264
2014-02-06,2011-02-04,QQQ,0.158323966774218,-0.16099267605668088
2014-02-06,2011-02-04,selected,0.1551314224361977,-0.1588694580429031
2014-02-07,2011-02-07,QQQ,0.16300098545026032,-0.16099267605668077
2014-02-07,2011-02-07,selected,0.15977510976395348,-0.15886945804290276
2014-02-10,2011-02-08,QQQ,0.1633950553157557,-0.16099267605668088
2014-02-10,2011-02-08,selected,0.16016867577969696,-0.15886945804290276
2014-02-11,2011-02-09,QQQ,0.1652406655773957,-0.16099267605668077
2014-02-11,2011-02-09,selected,0.16199969344355947,-0.15886945804290298
2014-02-12,2011-02-10,QQQ,0.16665443578135886,-0.1609926760566811
2014-02-12,2011-02-10,selected,0.16338892400478455,-0.15886945804290298
2014-02-13,2011-02-11,QQQ,0.16892692117500374,-0.160992676056681
2014-02-13,2011-02-11,selected,0.16566014878851143,-0.15886945804290298
2014-02-14,2011-02-14,QQQ,0.1669000034565573,-0.160992676056681
2014-02-14,2011-02-14,selected,0.1636774651547901,-0.15886945804290298
2014-02-18,2011-02-15,QQQ,0.16787078094009278,-0.1609926760566811
2014-02-18,2011-02-15,selected,0.1646376512784613,-0.15886945804290287
2014-02-19,2011-02-16,QQQ,0.16572122279237322,-0.16099267605668077
2014-02-19,2011-02-16,selected,0.1624850946990115,-0.15886945804290298
2014-02-20,2011-02-17,QQQ,0.16502185240753864,-0.160992676056681
2014-02-20,2011-02-17,selected,0.1618106565629207,-0.15886945804290298
2014-02-21,2011-02-18,QQQ,0.16463615846590263,-0.1609926760566811
2014-02-21,2011-02-18,selected,0.16142135351747822,-0.15886945804290298
2014-02-24,2011-02-22,QQQ,0.16756478598973912,-0.16099267605668077
2014-02-24,2011-02-22,selected,0.16432283032756678,-0.1588694580429031
2014-02-25,2011-02-23,QQQ,0.17861779786426335,-0.16099267605668077
2014-02-25,2011-02-23,selected,0.17522297077235582,-0.15886945804290276
2014-02-26,2011-02-24,QQQ,0.1815243458584832,-0.16099267605668088
2014-02-26,2011-02-24,selected,0.17806736096467501,-0.1588694580429031
2014-02-27,2011-02-25,QQQ,0.18198798698368712,-0.16099267605668088
2014-02-27,2011-02-25,selected,0.17853673654197633,-0.1588694580429031
2014-02-28,2011-02-28,QQQ,0.1761301376506219,-0.16099267605668077
2014-02-28,2011-02-28,selected,0.1727374944838429,-0.15886945804290276
2014-03-03,2011-03-01,QQQ,0.17240264103611058,-0.16099267605668088
2014-03-03,2011-03-01,selected,0.16908019392616724,-0.15886945804290287
2014-03-04,2011-03-02,QQQ,0.18373651851905115,-0.160992676056681
2014-03-04,2011-03-02,selected,0.18022320743045128,-0.15886945804290298
2014-03-05,2011-03-03,QQQ,0.18274453313772399,-0.16099267605668088
2014-03-05,2011-03-03,selected,0.17925202774718363,-0.1588694580429032
2014-03-06,2011-03-04,QQQ,0.17470477385253314,-0.160992676056681
2014-03-06,2011-03-04,selected,0.17133999331017824,-0.1588694580429031
2014-03-07,2011-03-07,QQQ,0.17478465268008425,-0.1609926760566811
2014-03-07,2011-03-07,selected,0.17139064925565295,-0.1588694580429032
2014-03-10,2011-03-08,QQQ,0.1804487908301613,-0.1609926760566811
2014-03-10,2011-03-08,selected,0.17698104149354466,-0.15886945804290264
2014-03-11,2011-03-09,QQQ,0.17717704039282522,-0.16099267605668133
2014-03-11,2011-03-09,selected,0.173761398032531,-0.15886945804290287
2014-03-12,2011-03-10,QQQ,0.18133439187713218,-0.16099267605668088
2014-03-12,2011-03-10,selected,0.17788535371912606,-0.1588694580429031
2014-03-13,2011-03-11,QQQ,0.18192253447077023,-0.16099267605668077
2014-03-13,2011-03-11,selected,0.17849266657988117,-0.1588694580429031
2014-03-14,2011-03-14,QQQ,0.17678436628536032,-0.160992676056681
2014-03-14,2011-03-14,selected,0.17342998890383976,-0.1588694580429031
2014-03-17,2011-03-15,QQQ,0.1816210523112849,-0.1609926760566811
2014-03-17,2011-03-15,selected,0.1781861407090668,-0.15886945804290298
2014-03-18,2011-03-16,QQQ,0.19203177395333038,-0.16099267605668088
2014-03-18,2011-03-16,selected,0.18847693396016552,-0.15886945804290276
2014-03-19,2011-03-17,QQQ,0.19961192786470217,-0.16099267605668088
2014-03-19,2011-03-17,selected,0.1959195992398779,-0.15886945804290298
2014-03-20,2011-03-18,QQQ,0.1970482256071937,-0.16099267605668077
2014-03-20,2011-03-18,selected,0.19338452017553687,-0.15886945804290298
2014-03-21,2011-03-21,QQQ,0.19312442114548478,-0.16099267605668077
2014-03-21,2011-03-21,selected,0.18951075231874714,-0.15886945804290287
2014-03-24,2011-03-22,QQQ,0.18207869619857142,-0.160992676056681
2014-03-24,2011-03-22,selected,0.17857832316143218,-0.15886945804290276
2014-03-25,2011-03-23,QQQ,0.18408422273138703,-0.16099267605668077
2014-03-25,2011-03-23,selected,0.18055749626649775,-0.15886945804290287
2014-03-26,2011-03-24,QQQ,0.17678767569029197,-0.16099267605668088
2014-03-26,2011-03-24,selected,0.17333615982181438,-0.1588694580429032
2014-03-27,2011-03-25,QQQ,0.16770741918886123,-0.16099267605668066
2014-03-27,2011-03-25,selected,0.16438516573250128,-0.15886945804290287
2014-03-28,2011-03-28,QQQ,0.1675082133460919,-0.1609926760566811
2014-03-28,2011-03-28,selected,0.16418531693978577,-0.15886945804290298
2014-03-31,2011-03-29,QQQ,0.17240877254451425,-0.1609926760566811
2014-03-31,2011-03-29,selected,0.1690241512498485,-0.15886945804290287
2014-04-01,2011-03-30,QQQ,0.17543392271203473,-0.16099267605668122
2014-04-01,2011-03-30,selected,0.17200186265721018,-0.15886945804290298
2014-04-02,2011-03-31,QQQ,0.174594132687945,-0.160992676056681
2014-04-02,2011-03-31,selected,0.17116646861151508,-0.15886945804290253
2014-04-03,2011-04-01,QQQ,0.1709335757480488,-0.16099267605668088
2014-04-03,2011-04-01,selected,0.16754380205087194,-0.15886945804290298
2014-04-04,2011-04-04,QQQ,0.16025694297102233,-0.1609926760566811
2014-04-04,2011-04-04,selected,0.15702987833707316,-0.1588694580429032
2014-04-07,2011-04-05,QQQ,0.1578509568566393,-0.160992676056681
2014-04-07,2011-04-05,selected,0.15464584944324722,-0.1588694580429032
2014-04-08,2011-04-06,QQQ,0.16241981285570084,-0.160992676056681
2014-04-08,2011-04-06,selected,0.15915673365395477,-0.15886945804290298
2014-04-09,2011-04-07,QQQ,0.1680705092142658,-0.16099267605668066
2014-04-09,2011-04-07,selected,0.1647383184217015,-0.15886945804290298
2014-04-10,2011-04-08,QQQ,0.15615386241603657,-0.16099267605668122
2014-04-10,2011-04-08,selected,0.1529887073989431,-0.15886945804290287
2014-04-11,2011-04-11,QQQ,0.1534702311312366,-0.16099267605668077
2014-04-11,2011-04-11,selected,0.15033580144263747,-0.15886945804290298
2014-04-14,2011-04-12,QQQ,0.15776816529878435,-0.160992676056681
2014-04-14,2011-04-12,selected,0.15460347558344223,-0.1588694580429031
2014-04-15,2011-04-13,QQQ,0.16170842445960143,-0.1609926760566811
2014-04-15,2011-04-13,selected,0.1584822619538766,-0.15886945804290298
2014-04-16,2011-04-14,QQQ,0.16353753233342738,-0.16099267605668077
2014-04-16,2011-04-14,selected,0.16028326131930193,-0.15886945804290287
2014-04-17,2011-04-15,QQQ,0.1643106721477643,-0.16099267605668088
2014-04-17,2011-04-15,selected,0.1610094866919456,-0.15886945804290264
2014-04-21,2011-04-18,QQQ,0.1678714415426117,-0.160992676056681
2014-04-21,2011-04-18,selected,0.16449419589065917,-0.1588694580429031
2014-04-22,2011-04-19,QQQ,0.17372535543508638,-0.160992676056681
2014-04-22,2011-04-19,selected,0.17026227497746804,-0.15886945804290287
2014-04-23,2011-04-20,QQQ,0.1678564029008791,-0.16099267605668077
2014-04-23,2011-04-20,selected,0.1644705328426126,-0.15886945804290287
2014-04-24,2011-04-21,QQQ,0.16286790073355406,-0.160992676056681
2014-04-24,2011-04-21,selected,0.1595528253429792,-0.15886945804290287
2014-04-25,2011-04-25,QQQ,0.15359103142831843,-0.1609926760566811
2014-04-25,2011-04-25,selected,0.15040670622493657,-0.1588694580429031
2014-04-28,2011-04-26,QQQ,0.15385082520845916,-0.160992676056681
2014-04-28,2011-04-26,selected,0.15065251303916716,-0.15886945804290287
2014-04-29,2011-04-27,QQQ,0.1547441992797871,-0.16099267605668077
2014-04-29,2011-04-27,selected,0.15152706190436183,-0.15886945804290287
2014-04-30,2011-04-28,QQQ,0.15315097724705784,-0.16099267605668088
2014-04-30,2011-04-28,selected,0.14992805984705804,-0.15886945804290287
2014-05-01,2011-04-29,QQQ,0.15487865858325534,-0.16099267605668077
2014-05-01,2011-04-29,selected,0.1516236079494353,-0.1588694580429031
2014-05-02,2011-05-02,QQQ,0.15450103710274465,-0.16099267605668088
2014-05-02,2011-05-02,selected,0.15123390052356833,-0.15886945804290287
2014-05-05,2011-05-03,QQQ,0.15723959261888254,-0.160992676056681
2014-05-05,2011-05-03,selected,0.15396871641353105,-0.15886945804290287
2014-05-06,2011-05-04,QQQ,0.15404732818430178,-0.16099267605668077
2014-05-06,2011-05-04,selected,0.15081212885932516,-0.15886945804290298
2014-05-07,2011-05-05,QQQ,0.15352812645246972,-0.16099267605668088
2014-05-07,2011-05-05,selected,0.15029974637476862,-0.15886945804290298
2014-05-08,2011-05-06,QQQ,0.15527942361101132,-0.16099267605668088
2014-05-08,2011-05-06,selected,0.15205955799309612,-0.15886945804290287
2014-05-09,2011-05-09,QQQ,0.15544851782644398,-0.1609926760566811
2014-05-09,2011-05-09,selected,0.1522019875005054,-0.15886945804290287
2014-05-12,2011-05-10,QQQ,0.16030578106786142,-0.16099267605668077
2014-05-12,2011-05-10,selected,0.15697926229246262,-0.15886945804290298
2014-05-13,2011-05-11,QQQ,0.15729155739192957,-0.16099267605668077
2014-05-13,2011-05-11,selected,0.15400159736230923,-0.1588694580429032
2014-05-14,2011-05-12,QQQ,0.15808954968814293,-0.16099267605668088
2014-05-14,2011-05-12,selected,0.1548203240585091,-0.1588694580429031
2014-05-15,2011-05-13,QQQ,0.15276438103246326,-0.160992676056681
2014-05-15,2011-05-13,selected,0.14955537787654238,-0.15886945804290287
2014-05-16,2011-05-16,QQQ,0.15986920644458813,-0.16099267605668066
2014-05-16,2011-05-16,selected,0.1565727929869376,-0.15886945804290298
2014-05-19,2011-05-17,QQQ,0.16933089083387176,-0.16099267605668088
2014-05-19,2011-05-17,selected,0.16589917206515437,-0.1588694580429032
2014-05-20,2011-05-18,QQQ,0.16683400522121428,-0.160992676056681
2014-05-20,2011-05-18,selected,0.16343458554983026,-0.15886945804290298
2014-05-21,2011-05-19,QQQ,0.16729894420129754,-0.16099267605668122
2014-05-21,2011-05-19,selected,0.16388763816565932,-0.15886945804290287
2014-05-22,2011-05-20,QQQ,0.16786533037836238,-0.1609926760566811
2014-05-22,2011-05-20,selected,0.16445005401188362,-0.15886945804290298
2014-05-23,2011-05-23,QQQ,0.17365901945465811,-0.16099267605668088
2014-05-23,2011-05-23,selected,0.17015291737871152,-0.15886945804290276
2014-05-27,2011-05-24,QQQ,0.18435125077405123,-0.16099267605668133
2014-05-27,2011-05-24,selected,0.18068177354455872,-0.15886945804290287
2014-05-28,2011-05-25,QQQ,0.1855705228736928,-0.160992676056681
2014-05-28,2011-05-25,selected,0.18187779668437454,-0.1588694580429033
2014-05-29,2011-05-26,QQQ,0.18655542120977664,-0.1609926760566811
2014-05-29,2011-05-26,selected,0.1828488216934021,-0.15886945804290298
2014-05-30,2011-05-27,QQQ,0.18417101291399396,-0.1609926760566811
2014-05-30,2011-05-27,selected,0.18049245223702282,-0.15886945804290287
2014-06-02,2011-05-31,QQQ,0.18178586319504997,-0.160992676056681
2014-06-02,2011-05-31,selected,0.17810982836672107,-0.15886945804290298
2014-06-03,2011-06-01,QQQ,0.17530303509463785,-0.1609926760566811
2014-06-03,2011-06-01,selected,0.17170639931736886,-0.1588694580429031
2014-06-04,2011-06-02,QQQ,0.18542397457932158,-0.16099267605668066
2014-06-04,2011-06-02,selected,0.18168502717318047,-0.1588694580429032
2014-06-05,2011-06-03,QQQ,0.18790748460269047,-0.160992676056681
2014-06-05,2011-06-03,selected,0.1841650173653242,-0.15886945804290298
2014-06-06,2011-06-06,QQQ,0.19620128200156883,-0.16099267605668066
2014-06-06,2011-06-06,selected,0.19234161229245594,-0.15886945804290298
2014-06-09,2011-06-07,QQQ,0.19917247934548343,-0.1609926760566811
2014-06-09,2011-06-07,selected,0.19527382524046466,-0.15886945804290298
2014-06-10,2011-06-08,QQQ,0.20057803887792747,-0.160992676056681
2014-06-10,2011-06-08,selected,0.19666304065095064,-0.1588694580429031
2014-06-11,2011-06-09,QQQ,0.2033746834615795,-0.16099267605668088
2014-06-11,2011-06-09,selected,0.199418148281145,-0.15886945804290298
2014-06-12,2011-06-10,QQQ,0.19901531883900936,-0.16099267605668088
2014-06-12,2011-06-10,selected,0.1951356357401981,-0.1588694580429031
2014-06-13,2011-06-13,QQQ,0.20637797658629808,-0.160992676056681
2014-06-13,2011-06-13,selected,0.20241467145953407,-0.15886945804290264
2014-06-16,2011-06-14,QQQ,0.2067263724374917,-0.160992676056681
2014-06-16,2011-06-14,selected,0.20277393734310967,-0.15886945804290298
2014-06-17,2011-06-15,QQQ,0.20183352667269627,-0.1609926760566811
2014-06-17,2011-06-15,selected,0.19793527393748844,-0.1588694580429032
2014-06-18,2011-06-16,QQQ,0.2117954148730008,-0.1609926760566811
2014-06-18,2011-06-16,selected,0.207772141146374,-0.15886945804290298
2014-06-19,2011-06-17,QQQ,0.21310092214275955,-0.16099267605668077
2014-06-19,2011-06-17,selected,0.209101861306213,-0.15886945804290298
2014-06-20,2011-06-20,QQQ,0.2148461968203932,-0.16099267605668066
2014-06-20,2011-06-20,selected,0.21081021771625408,-0.1588694580429031
2014-06-23,2011-06-21,QQQ,0.21283274402229924,-0.1609926760566811
2014-06-23,2011-06-21,selected,0.20882172067195026,-0.15886945804290298
2014-06-24,2011-06-22,QQQ,0.2038918794991671,-0.1609926760566811
2014-06-24,2011-06-22,selected,0.20000395549114125,-0.15886945804290287
2014-06-25,2011-06-23,QQQ,0.20936739687317352,-0.160992676056681
2014-06-25,2011-06-23,selected,0.20540792692106957,-0.15886945804290276
2014-06-26,2011-06-24,QQQ,0.20585614032625466,-0.16099267605668077
2014-06-26,2011-06-24,selected,0.20196622004215947,-0.1588694580429032
2014-06-27,2011-06-27,QQQ,0.21468399432925134,-0.1609926760566811
2014-06-27,2011-06-27,selected,0.21069970976604036,-0.1588694580429031
2014-06-30,2011-06-28,QQQ,0.2089615136993226,-0.160992676056681
2014-06-30,2011-06-28,selected,0.20508101500607445,-0.15886945804290287
2014-07-01,2011-06-29,QQQ,0.2074212827500297,-0.16099267605668066
2014-07-01,2011-06-29,selected,0.2035483822659978,-0.15886945804290276
2014-07-02,2011-06-30,QQQ,0.206451688356303,-0.160992676056681
2014-07-02,2011-06-30,selected,0.20256771358374936,-0.15886945804290264
2014-07-03,2011-07-01,QQQ,0.20366226927209197,-0.16099267605668066
2014-07-03,2011-07-01,selected,0.19981170710476137,-0.15886945804290287
2014-07-07,2011-07-05,QQQ,0.19646309978873022,-0.160992676056681
2014-07-07,2011-07-05,selected,0.19272113923127798,-0.1588694580429032
2014-07-08,2011-07-06,QQQ,0.1896543364928791,-0.160992676056681
2014-07-08,2011-07-06,selected,0.18598658416824887,-0.1588694580429031
2014-07-09,2011-07-07,QQQ,0.19129697074325835,-0.16099267605668088
2014-07-09,2011-07-07,selected,0.18759916254897258,-0.1588694580429031
2014-07-10,2011-07-08,QQQ,0.18465528297875244,-0.16099267605668122
2014-07-10,2011-07-08,selected,0.1810529260036482,-0.15886945804290264
2014-07-11,2011-07-11,QQQ,0.1882660164757921,-0.16099267605668088
2014-07-11,2011-07-11,selected,0.18460250027639824,-0.15886945804290287
2014-07-14,2011-07-12,QQQ,0.19791333766571872,-0.16099267605668088
2014-07-14,2011-07-12,selected,0.19406699784315218,-0.15886945804290287
2014-07-15,2011-07-13,QQQ,0.19958014971162874,-0.16099267605668122
2014-07-15,2011-07-13,selected,0.19568309333382095,-0.15886945804290298
2014-07-16,2011-07-14,QQQ,0.1995029251197482,-0.1609926760566811
2014-07-16,2011-07-14,selected,0.19560195756380439,-0.1588694580429031
2014-07-17,2011-07-15,QQQ,0.19883734906327533,-0.160992676056681
2014-07-17,2011-07-15,selected,0.1949809197216048,-0.15886945804290298
2014-07-18,2011-07-18,QQQ,0.19983839836215833,-0.1609926760566811
2014-07-18,2011-07-18,selected,0.19595409493162874,-0.15886945804290298
2014-07-21,2011-07-19,QQQ,0.20148865065001398,-0.16099267605668077
2014-07-21,2011-07-19,selected,0.19758448501147075,-0.15886945804290287
2014-07-22,2011-07-20,QQQ,0.1950272820702561,-0.160992676056681
2014-07-22,2011-07-20,selected,0.19120191970809075,-0.15886945804290287
2014-07-23,2011-07-21,QQQ,0.19927874198101114,-0.1609926760566811
2014-07-23,2011-07-21,selected,0.19538841870063672,-0.1588694580429031
2014-07-24,2011-07-22,QQQ,0.1961785663588136,-0.1609926760566811
2014-07-24,2011-07-22,selected,0.19232123035323245,-0.15886945804290298
2014-07-25,2011-07-25,QQQ,0.19052704737422022,-0.16099267605668088
2014-07-25,2011-07-25,selected,0.18675041697417827,-0.15886945804290276
2014-07-28,2011-07-26,QQQ,0.19145008133017383,-0.16099267605668088
2014-07-28,2011-07-26,selected,0.18765825573400852,-0.15886945804290276
2014-07-29,2011-07-27,QQQ,0.18975273372599344,-0.160992676056681
2014-07-29,2011-07-27,selected,0.18596918244888871,-0.15886945804290298
2014-07-30,2011-07-28,QQQ,0.2017464171234571,-0.14022981041482563
2014-07-30,2011-07-28,selected,0.197792416197909,-0.13825483991127718
2014-07-31,2011-07-29,QQQ,0.19291139414285596,-0.14022981041482563
2014-07-31,2011-07-29,selected,0.18904807112216315,-0.1382548399112773
2014-08-01,2011-08-01,QQQ,0.19274454893010717,-0.13741331224903786
2014-08-01,2011-08-01,selected,0.18888456064011594,-0.1354963853075507
2014-08-04,2011-08-02,QQQ,0.19732884689139385,-0.13337899755388427
2014-08-04,2011-08-02,selected,0.19339825378861208,-0.1314980196973775
2014-08-05,2011-08-03,QQQ,0.20450513722287056,-0.11934480545973125
2014-08-05,2011-08-03,selected,0.2004276577552282,-0.1176823900646542
2014-08-06,2011-08-04,QQQ,0.20038039568695432,-0.11934480545973147
2014-08-06,2011-08-04,selected,0.1963742388783689,-0.11768239006465464
2014-08-07,2011-08-05,QQQ,0.21828081004889932,-0.11637894714771624
2014-08-07,2011-08-05,selected,0.21404435440679936,-0.11535128206161316
2014-08-08,2011-08-08,QQQ,0.2237702471369003,-0.11637894714771524
2014-08-08,2011-08-08,selected,0.21947085336036287,-0.11535128206161294
2014-08-11,2011-08-09,QQQ,0.25180946682857663,-0.11637894714771568
2014-08-11,2011-08-09,selected,0.24706892392989044,-0.11535128206161316
2014-08-12,2011-08-10,QQQ,0.23213577048443867,-0.11637894714771557
2014-08-12,2011-08-10,selected,0.2276278359117716,-0.11535128206161271
2014-08-13,2011-08-11,QQQ,0.2538084699059666,-0.11637894714771568
2014-08-13,2011-08-11,selected,0.24894465833919188,-0.11535128206161327
2014-08-14,2011-08-12,QQQ,0.2380568316571201,-0.11637894714771613
2014-08-14,2011-08-12,selected,0.2334587866329052,-0.11535128206161283
2014-08-15,2011-08-15,QQQ,0.23641729421968427,-0.11637894714771557
2014-08-15,2011-08-15,selected,0.23183702961185504,-0.11535128206161316
2014-08-18,2011-08-16,QQQ,0.23354855148656095,-0.1163789471477159
2014-08-18,2011-08-16,selected,0.22897178600822454,-0.11535128206161294
2014-08-19,2011-08-17,QQQ,0.23935419599687413,-0.11637894714771613
2014-08-19,2011-08-17,selected,0.23466941808777908,-0.11535128206161316
2014-08-20,2011-08-18,QQQ,0.24181646792797373,-0.11637894714771535
2014-08-20,2011-08-18,selected,0.23707341401270643,-0.11535128206161294
2014-08-21,2011-08-19,QQQ,0.2636786266129745,-0.11637894714771602
2014-08-21,2011-08-19,selected,0.2585799681650729,-0.11535128206161338
2014-08-22,2011-08-22,QQQ,0.27201985978168497,-0.11637894714771535
2014-08-22,2011-08-22,selected,0.266787429112872,-0.11535128206161327
2014-08-25,2011-08-23,QQQ,0.2719928337806212,-0.1163789471477158
2014-08-25,2011-08-23,selected,0.2667259010033558,-0.11535128206161316
2014-08-26,2011-08-24,QQQ,0.25539898537299344,-0.11637894714771602
2014-08-26,2011-08-24,selected,0.25041439255903586,-0.11535128206161294
2014-08-27,2011-08-25,QQQ,0.25221823024122236,-0.1163789471477159
2014-08-27,2011-08-25,selected,0.24734459994768643,-0.11535128206161283
2014-08-28,2011-08-26,QQQ,0.2586418674199513,-0.1163789471477158
2014-08-28,2011-08-26,selected,0.25368941026286396,-0.11535128206161283
2014-08-29,2011-08-29,QQQ,0.24983835300764423,-0.11637894714771568
2014-08-29,2011-08-29,selected,0.24495759637851333,-0.11535128206161305
2014-09-02,2011-08-30,QQQ,0.23964278985744203,-0.1163789471477158
2014-09-02,2011-08-30,selected,0.23489252330592536,-0.11535128206161316
2014-09-03,2011-08-31,QQQ,0.23449484235139795,-0.1163789471477159
2014-09-03,2011-08-31,selected,0.22977225556308656,-0.11535128206161338
2014-09-04,2011-09-01,QQQ,0.23344975839608684,-0.11637894714771568
2014-09-04,2011-09-01,selected,0.22874449134815644,-0.11535128206161338
2014-09-05,2011-09-02,QQQ,0.23927713005622686,-0.1163789471477159
2014-09-05,2011-09-02,selected,0.2344913600828411,-0.11535128206161338
2014-09-08,2011-09-06,QQQ,0.24991438758298568,-0.11637894714771635
2014-09-08,2011-09-06,selected,0.24084905624849418,-0.11535128206161338
2014-09-09,2011-09-07,QQQ,0.24637165344787992,-0.1163789471477158
2014-09-09,2011-09-07,selected,0.2373376165378287,-0.11535128206161327
2014-09-10,2011-09-08,QQQ,0.23941564126981763,-0.1163789471477158
2014-09-10,2011-09-08,selected,0.23457578121865286,-0.11535128206161294
2014-09-11,2011-09-09,QQQ,0.24098093060757075,-0.11637894714771602
2014-09-11,2011-09-09,selected,0.23441893620557352,-0.11535128206161316
2014-09-12,2011-09-12,QQQ,0.24819314182284802,-0.11637894714771546
2014-09-12,2011-09-12,selected,0.23932416113091337,-0.1153512820616126
2014-09-15,2011-09-13,QQQ,0.2389066591729596,-0.11637894714771546
2014-09-15,2011-09-13,selected,0.23231983372413567,-0.11535128206161271
2014-09-16,2011-09-14,QQQ,0.2370133848009448,-0.11637894714771657
2014-09-16,2011-09-14,selected,0.23163294877159513,-0.11535128206161249
2014-09-17,2011-09-15,QQQ,0.23179543032940875,-0.11637894714771546
2014-09-17,2011-09-15,selected,0.22804118493711534,-0.11535128206161316
2014-09-18,2011-09-16,QQQ,0.2288441566860262,-0.1163789471477159
2014-09-18,2011-09-16,selected,0.2274303245922482,-0.11535128206161338
2014-09-19,2011-09-19,QQQ,0.224859267783456,-0.1163789471477159
2014-09-19,2011-09-19,selected,0.22388623197003832,-0.11535128206161327
2014-09-22,2011-09-20,QQQ,0.2209058110350408,-0.11637894714771602
2014-09-22,2011-09-20,selected,0.2203343854819868,-0.11535128206161294
2014-09-23,2011-09-21,QQQ,0.22159642361485754,-0.1163789471477159
2014-09-23,2011-09-21,selected,0.21975016370947476,-0.11535128206161305
2014-09-24,2011-09-22,QQQ,0.23313964288450229,-0.11637894714771568
2014-09-24,2011-09-22,selected,0.22940219610549395,-0.11535128206161305
2014-09-25,2011-09-23,QQQ,0.2379931850476964,-0.1163789471477158
2014-09-25,2011-09-23,selected,0.231164522623861,-0.11535128206161316
2014-09-26,2011-09-26,QQQ,0.23799419352541729,-0.11637894714771613
2014-09-26,2011-09-26,selected,0.23464922435566815,-0.11535128206161316
2014-09-29,2011-09-27,QQQ,0.23268866358474893,-0.1163789471477159
2014-09-29,2011-09-27,selected,0.23137904287793676,-0.1153512820616126
2014-09-30,2011-09-28,QQQ,0.22902325633733467,-0.1163789471477159
2014-09-30,2011-09-28,selected,0.22828576704289705,-0.11535128206161316
2014-10-01,2011-09-29,QQQ,0.2285331676381388,-0.1163789471477158
2014-10-01,2011-09-29,selected,0.2274526233002796,-0.11535128206161294
2014-10-02,2011-09-30,QQQ,0.23345369190366916,-0.11637894714771568
2014-10-02,2011-09-30,selected,0.23032368479718923,-0.11535128206161316
2014-10-03,2011-10-03,QQQ,0.2483293036603229,-0.11637894714771568
2014-10-03,2011-10-03,selected,0.24178307861181114,-0.11535128206161271
2014-10-06,2011-10-04,QQQ,0.25831988283472374,-0.1163789471477159
2014-10-06,2011-10-04,selected,0.2478207882894341,-0.11535128206161294
2014-10-07,2011-10-05,QQQ,0.24388422604093263,-0.11637894714771635
2014-10-07,2011-10-05,selected,0.23582845351960002,-0.11535128206161283
2014-10-08,2011-10-06,QQQ,0.24136982514911054,-0.1163789471477158
2014-10-08,2011-10-06,selected,0.23494921538261426,-0.11535128206161294
2014-10-09,2011-10-07,QQQ,0.22780789588710793,-0.11637894714771546
2014-10-09,2011-10-07,selected,0.22267235784079298,-0.11535128206161316
2014-10-10,2011-10-10,QQQ,0.22019226117443824,-0.11637894714771557
2014-10-10,2011-10-10,selected,0.21494708456942324,-0.11535128206161316
2014-10-13,2011-10-11,QQQ,0.20010587329847795,-0.11637894714771602
2014-10-13,2011-10-11,selected,0.19687171720182883,-0.11535128206161294
2014-10-14,2011-10-12,QQQ,0.19744376594979296,-0.1163789471477158
2014-10-14,2011-10-12,selected,0.1950009015981058,-0.11535128206161294
2014-10-15,2011-10-13,QQQ,0.192888549826292,-0.11637894714771613
2014-10-15,2011-10-13,selected,0.19085536526975555,-0.11535128206161271
2014-10-16,2011-10-14,QQQ,0.18676341738221147,-0.11637894714771602
2014-10-16,2011-10-14,selected,0.18543475274783616,-0.11535128206161238
2014-10-17,2011-10-17,QQQ,0.1846718789493096,-0.11637894714771513
2014-10-17,2011-10-17,selected,0.18453906220500071,-0.11535128206161271
2014-10-20,2011-10-18,QQQ,0.19674795152345514,-0.1163789471477159
2014-10-20,2011-10-18,selected,0.19540472556245425,-0.11535128206161249
2014-10-21,2011-10-19,QQQ,0.2021916530939547,-0.11637894714771613
2014-10-21,2011-10-19,selected,0.20174155694818818,-0.11535128206161349
2014-10-22,2011-10-20,QQQ,0.207947135433324,-0.11637894714771502
2014-10-22,2011-10-20,selected,0.20641507404685933,-0.11535128206161305
2014-10-23,2011-10-21,QQQ,0.21597414540380444,-0.1163789471477159
2014-10-23,2011-10-21,selected,0.21435333312330895,-0.11535128206161349
2014-10-24,2011-10-24,QQQ,0.21422322012830675,-0.11637894714771635
2014-10-24,2011-10-24,selected,0.21321718651420696,-0.11535128206161305
2014-10-27,2011-10-25,QQQ,0.2062172582907753,-0.1163789471477149
2014-10-27,2011-10-25,selected,0.20649129354774853,-0.11535128206161316
2014-10-28,2011-10-26,QQQ,0.22030792969136526,-0.11637894714771568
2014-10-28,2011-10-26,selected,0.21804862551778026,-0.11535128206161305
2014-10-29,2011-10-27,QQQ,0.21930004010550586,-0.11637894714771602
2014-10-29,2011-10-27,selected,0.2168436609535116,-0.11535128206161305
2014-10-30,2011-10-28,QQQ,0.20913604237652428,-0.11637894714771546
2014-10-30,2011-10-28,selected,0.20855876136215534,-0.11535128206161316
2014-10-31,2011-10-31,QQQ,0.21405288495930375,-0.11637894714771613
2014-10-31,2011-10-31,selected,0.21341377265160588,-0.11535128206161338
2014-11-03,2011-11-01,QQQ,0.2221303002365993,-0.11637894714771568
2014-11-03,2011-11-01,selected,0.22016062546840032,-0.11535128206161283
2014-11-04,2011-11-02,QQQ,0.2315581656262522,-0.11637894714771546
2014-11-04,2011-11-02,selected,0.22734477848201018,-0.1153512820616126
2014-11-05,2011-11-03,QQQ,0.22812681849239036,-0.11637894714771646
2014-11-05,2011-11-03,selected,0.22435201601062116,-0.11535128206161327
2014-11-06,2011-11-04,QQQ,0.2210376047305127,-0.11637894714771557
2014-11-06,2011-11-04,selected,0.21867559364205436,-0.11535128206161283
2014-11-07,2011-11-07,QQQ,0.22278557369034502,-0.1163789471477159
2014-11-07,2011-11-07,selected,0.22015742449032927,-0.11535128206161316
2014-11-10,2011-11-08,QQQ,0.22134708063539277,-0.11637894714771568
2014-11-10,2011-11-08,selected,0.21844138767841392,-0.11535128206161327
2014-11-11,2011-11-09,QQQ,0.2179682875473099,-0.11637894714771546
2014-11-11,2011-11-09,selected,0.2164190933341621,-0.11535128206161283
2014-11-12,2011-11-10,QQQ,0.23330795094165024,-0.11637894714771602
2014-11-12,2011-11-10,selected,0.22867644953114263,-0.11535128206161271
2014-11-13,2011-11-11,QQQ,0.23528834535474585,-0.11637894714771602
2014-11-13,2011-11-11,selected,0.2308805305767918,-0.11535128206161316
2014-11-14,2011-11-14,QQQ,0.22889612780044377,-0.11637894714771557
2014-11-14,2011-11-14,selected,0.22566371234810356,-0.11535128206161294
2014-11-17,2011-11-15,QQQ,0.2302217443465373,-0.11637894714771613
2014-11-17,2011-11-15,selected,0.2264656926159354,-0.11535128206161305
2014-11-18,2011-11-16,QQQ,0.22873961497959971,-0.11637894714771635
2014-11-18,2011-11-16,selected,0.22591072613046514,-0.11535128206161327
2014-11-19,2011-11-17,QQQ,0.23370961051502026,-0.11637894714771535
2014-11-19,2011-11-17,selected,0.2297116817883602,-0.11535128206161271
2014-11-20,2011-11-18,QQQ,0.24534635892600898,-0.11637894714771635
2014-11-20,2011-11-18,selected,0.23991395281803762,-0.11535128206161283
2014-11-21,2011-11-21,QQQ,0.2493626282765542,-0.11637894714771557
2014-11-21,2011-11-21,selected,0.2430257609519022,-0.1153512820616126
2014-11-24,2011-11-22,QQQ,0.2606940822385164,-0.1163789471477159
2014-11-24,2011-11-22,selected,0.25331171072830205,-0.11535128206161249
2014-11-25,2011-11-23,QQQ,0.2599464305501289,-0.11637894714771568
2014-11-25,2011-11-23,selected,0.25251016368637225,-0.11535128206161305
2014-11-26,2011-11-25,QQQ,0.2723054437082191,-0.11637894714771602
2014-11-26,2011-11-25,selected,0.26273947302803236,-0.11535128206161305
2014-11-28,2011-11-28,QQQ,0.2775564834801654,-0.11637894714771602
2014-11-28,2011-11-28,selected,0.2676377419634852,-0.11535128206161227
2014-12-01,2011-11-29,QQQ,0.25828946640312367,-0.1163789471477158
2014-12-01,2011-11-29,selected,0.2509769825402808,-0.11535128206161283
2014-12-02,2011-11-30,QQQ,0.2625886885427817,-0.1163789471477158
2014-12-02,2011-11-30,selected,0.2546353834168429,-0.11535128206161294
2014-12-03,2011-12-01,QQQ,0.24815526623896167,-0.11637894714771613
2014-12-03,2011-12-01,selected,0.24286293724879537,-0.11535128206161316
2014-12-04,2011-12-02,QQQ,0.2450942650874084,-0.11637894714771602
2014-12-04,2011-12-02,selected,0.24060769323174092,-0.11535128206161305
2014-12-05,2011-12-05,QQQ,0.2463051823532112,-0.11637894714771557
2014-12-05,2011-12-05,selected,0.2415702823267607,-0.11535128206161338
2014-12-08,2011-12-06,QQQ,0.23883611917116254,-0.11637894714771613
2014-12-08,2011-12-06,selected,0.2351051600717693,-0.11535128206161349
2014-12-09,2011-12-07,QQQ,0.2412948634881087,-0.11637894714771613
2014-12-09,2011-12-07,selected,0.2373619338249382,-0.11535128206161283
2014-12-10,2011-12-08,QQQ,0.23475594565472857,-0.11637894714771613
2014-12-10,2011-12-08,selected,0.2307525930683223,-0.11535128206161283
2014-12-11,2011-12-09,QQQ,0.24371718935535647,-0.11637894714771657
2014-12-11,2011-12-09,selected,0.2390360012581234,-0.11535128206161338
2014-12-12,2011-12-12,QQQ,0.23263311918986207,-0.1163789471477159
2014-12-12,2011-12-12,selected,0.22904954649187959,-0.11535128206161283
2014-12-15,2011-12-13,QQQ,0.2330068942982675,-0.1163789471477159
2014-12-15,2011-12-13,selected,0.22924086224599405,-0.11535128206161338
2014-12-16,2011-12-14,QQQ,0.23090695313217058,-0.11637894714771646
2014-12-16,2011-12-14,selected,0.22691751150444572,-0.11535128206161327
2014-12-17,2011-12-15,QQQ,0.2448388530092409,-0.11637894714771646
2014-12-17,2011-12-15,selected,0.2404111667143034,-0.11535128206161327
2014-12-18,2011-12-16,QQQ,0.2558913837886576,-0.1163789471477159
2014-12-18,2011-12-16,selected,0.25118929722516525,-0.11535128206161327
2014-12-19,2011-12-19,QQQ,0.25557963516395543,-0.11637894714771624
2014-12-19,2011-12-19,selected,0.2506845995125724,-0.11535128206161294
2014-12-22,2011-12-20,QQQ,0.26077223354672663,-0.11637894714771535
2014-12-22,2011-12-20,selected,0.25519067631290726,-0.11535128206161271
2014-12-23,2011-12-21,QQQ,0.2470823145899661,-0.1163789471477158
2014-12-23,2011-12-21,selected,0.24311117656144643,-0.1153512820616126
2014-12-24,2011-12-22,QQQ,0.2534466723258604,-0.11637894714771624
2014-12-24,2011-12-22,selected,0.2486271348523743,-0.11535128206161327
2014-12-26,2011-12-23,QQQ,0.25285355905080187,-0.11637894714771557
2014-12-26,2011-12-23,selected,0.24865122521372984,-0.11535128206161249
2014-12-29,2011-12-27,QQQ,0.2491895591518074,-0.1163789471477159
2014-12-29,2011-12-27,selected,0.2455307796163626,-0.11535128206161349
2014-12-30,2011-12-28,QQQ,0.24486207067391108,-0.1163789471477159
2014-12-30,2011-12-28,selected,0.2415778515421969,-0.11535128206161294
2014-12-31,2011-12-29,QQQ,0.24540762353055046,-0.1163789471477158
2014-12-31,2011-12-29,selected,0.24181037325711574,-0.11535128206161382
2015-01-02,2011-12-30,QQQ,0.24119026648838093,-0.11637894714771557
2015-01-02,2011-12-30,selected,0.23810728433859296,-0.1153512820616126
2015-01-05,2012-01-03,QQQ,0.23627020040397673,-0.11637894714771613
2015-01-05,2012-01-03,selected,0.232910888504551,-0.11535128206161271
2015-01-06,2012-01-04,QQQ,0.2229564691470194,-0.11637894714771546
2015-01-06,2012-01-04,selected,0.2205136886778012,-0.1153512820616126
2015-01-07,2012-01-05,QQQ,0.22646726675491236,-0.11637894714771513
2015-01-07,2012-01-05,selected,0.22403522044432544,-0.11535128206161316
2015-01-08,2012-01-06,QQQ,0.23087714218032818,-0.1163789471477159
2015-01-08,2012-01-06,selected,0.22837500869017968,-0.11535128206161327
2015-01-09,2012-01-09,QQQ,0.22675228393289104,-0.1163789471477158
2015-01-09,2012-01-09,selected,0.22432172817663232,-0.11535128206161338
2015-01-12,2012-01-10,QQQ,0.22381591430887848,-0.11637894714771602
2015-01-12,2012-01-10,selected,0.2214434277877153,-0.11535128206161294
2015-01-13,2012-01-11,QQQ,0.22073624749542242,-0.11637894714771557
2015-01-13,2012-01-11,selected,0.21837853951875896,-0.11535128206161305
2015-01-14,2012-01-12,QQQ,0.21764903800558089,-0.11637894714771624
2015-01-14,2012-01-12,selected,0.21531898895369794,-0.11535128206161271
2015-01-15,2012-01-13,QQQ,0.210765631465351,-0.11637894714771635
2015-01-15,2012-01-13,selected,0.20856180298533067,-0.11535128206161305
2015-01-16,2012-01-17,QQQ,0.21694657014977192,-0.1163789471477159
2015-01-16,2012-01-17,selected,0.21468925521915416,-0.11535128206161316
2015-01-20,2012-01-18,QQQ,0.21647409436450404,-0.1163789471477159
2015-01-20,2012-01-18,selected,0.21423768311051905,-0.11535128206161294
2015-01-21,2012-01-19,QQQ,0.21319657971493378,-0.11637894714771546
2015-01-21,2012-01-19,selected,0.2109936473729741,-0.11535128206161249
2015-01-22,2012-01-20,QQQ,0.21811354289237928,-0.1163789471477159
2015-01-22,2012-01-20,selected,0.21587517038344206,-0.11535128206161305
2015-01-23,2012-01-23,QQQ,0.21962218265929856,-0.11637894714771602
2015-01-23,2012-01-23,selected,0.21736398568598503,-0.11535128206161294
2015-01-26,2012-01-24,QQQ,0.2190179954744116,-0.11637894714771602
2015-01-26,2012-01-24,selected,0.21674093862491128,-0.11535128206161305
2015-01-27,2012-01-25,QQQ,0.20913267431186555,-0.11637894714771602
2015-01-27,2012-01-25,selected,0.2070049793557096,-0.11535128206161283
2015-01-28,2012-01-26,QQQ,0.20204866348248451,-0.11637894714771568
2015-01-28,2012-01-26,selected,0.1999553812675412,-0.11535128206161305
2015-01-29,2012-01-27,QQQ,0.20728770913812355,-0.11637894714771557
2015-01-29,2012-01-27,selected,0.20508776870579082,-0.11535128206161316
2015-01-30,2012-01-30,QQQ,0.20296204194508682,-0.11637894714771546
2015-01-30,2012-01-30,selected,0.20083437369735013,-0.1153512820616126
2015-02-02,2012-01-31,QQQ,0.20610938604319373,-0.1163789471477159
2015-02-02,2012-01-31,selected,0.20393679481579086,-0.11535128206161238
2015-02-03,2012-02-01,QQQ,0.2094272239268158,-0.11637894714771624
2015-02-03,2012-02-01,selected,0.20717041133329284,-0.11535128206161338
2015-02-04,2012-02-02,QQQ,0.20582966482092657,-0.11637894714771602
2015-02-04,2012-02-02,selected,0.20361986737521454,-0.11535128206161305
2015-02-05,2012-02-03,QQQ,0.2080447134574852,-0.1163789471477158
2015-02-05,2012-02-03,selected,0.2057987519926543,-0.11535128206161305
2015-02-06,2012-02-06,QQQ,0.20012968873287007,-0.11637894714771646
2015-02-06,2012-02-06,selected,0.19795125125111523,-0.11535128206161305
2015-02-09,2012-02-07,QQQ,0.19917049723528413,-0.11637894714771557
2015-02-09,2012-02-07,selected,0.19700280433578143,-0.11535128206161371
2015-02-10,2012-02-08,QQQ,0.20451872426554107,-0.11637894714771557
2015-02-10,2012-02-08,selected,0.20226921393664887,-0.1153512820616126
2015-02-11,2012-02-09,QQQ,0.20385057042306776,-0.11637894714771602
2015-02-11,2012-02-09,selected,0.20159324946200763,-0.11535128206161271
2015-02-12,2012-02-10,QQQ,0.20561639073093518,-0.1163789471477159
2015-02-12,2012-02-10,selected,0.20334811404794095,-0.11535128206161294
2015-02-13,2012-02-13,QQQ,0.21188877766455927,-0.11637894714771602
2015-02-13,2012-02-13,selected,0.20954046509582502,-0.11535128206161271
2015-02-17,2012-02-14,QQQ,0.20853773695461286,-0.1163789471477159
2015-02-17,2012-02-14,selected,0.2061939673040889,-0.1153512820616126
2015-02-18,2012-02-15,QQQ,0.20808127550249655,-0.11637894714771646
2015-02-18,2012-02-15,selected,0.20576015626919153,-0.11535128206161238
2015-02-19,2012-02-16,QQQ,0.21289030870731596,-0.11637894714771646
2015-02-19,2012-02-16,selected,0.21049143910285895,-0.11535128206161294
2015-02-20,2012-02-17,QQQ,0.21008614023075078,-0.11637894714771646
2015-02-20,2012-02-17,selected,0.207714241061838,-0.1153512820616136
2015-02-23,2012-02-21,QQQ,0.21176610844013743,-0.1163789471477159
2015-02-23,2012-02-21,selected,0.20939149327276785,-0.11535128206161327
2015-02-24,2012-02-22,QQQ,0.21091953565668065,-0.11637894714771635
2015-02-24,2012-02-22,selected,0.20854237889446292,-0.11535128206161294
2015-02-25,2012-02-23,QQQ,0.21175958083574042,-0.1163789471477158
2015-02-25,2012-02-23,selected,0.20935060032703046,-0.11535128206161327
2015-02-26,2012-02-24,QQQ,0.21113472571365355,-0.11637894714771602
2015-02-26,2012-02-24,selected,0.20872512403447852,-0.11535128206161283
2015-02-27,2012-02-27,QQQ,0.20796416930614048,-0.11637894714771624
2015-02-27,2012-02-27,selected,0.20559958185507665,-0.11535128206161271
2015-03-02,2012-02-28,QQQ,0.21102585914128102,-0.11637894714771546
2015-03-02,2012-02-28,selected,0.20859769222854796,-0.1153512820616126
2015-03-03,2012-02-29,QQQ,0.20507791979717815,-0.11637894714771602
2015-03-03,2012-02-29,selected,0.20270950816034872,-0.11535128206161349
2015-03-04,2012-03-01,QQQ,0.20532982604353567,-0.11637894714771535
2015-03-04,2012-03-01,selected,0.2030302481752677,-0.11535128206161294
2015-03-05,2012-03-02,QQQ,0.20286676951324245,-0.11637894714771568
2015-03-05,2012-03-02,selected,0.2005834153652899,-0.11535128206161305
2015-03-06,2012-03-05,QQQ,0.19861789959025966,-0.11637894714771602
2015-03-06,2012-03-05,selected,0.19631840419222035,-0.11535128206161305
2015-03-09,2012-03-06,QQQ,0.20392915789895882,-0.11637894714771546
2015-03-09,2012-03-06,selected,0.20158090163661835,-0.11535128206161316
2015-03-10,2012-03-07,QQQ,0.2003709873210331,-0.1163789471477158
2015-03-10,2012-03-07,selected,0.19808677664365715,-0.11535128206161249
2015-03-11,2012-03-08,QQQ,0.19499535003841828,-0.11637894714771568
2015-03-11,2012-03-08,selected,0.1927632419533758,-0.11535128206161249
2015-03-12,2012-03-09,QQQ,0.19333510829763156,-0.11637894714771602
2015-03-12,2012-03-09,selected,0.19111978053636647,-0.11535128206161305
2015-03-13,2012-03-12,QQQ,0.18995149027671743,-0.11637894714771624
2015-03-13,2012-03-12,selected,0.1877612005413143,-0.11535128206161249
2015-03-16,2012-03-13,QQQ,0.19486679980322208,-0.1163789471477158
2015-03-16,2012-03-13,selected,0.1926374844996095,-0.11535128206161349
2015-03-17,2012-03-14,QQQ,0.18817926429276244,-0.11637894714771557
2015-03-17,2012-03-14,selected,0.18605588146213137,-0.11535128206161316
2015-03-18,2012-03-15,QQQ,0.19068178039660766,-0.11637894714771568
2015-03-18,2012-03-15,selected,0.1886222977255383,-0.11535128206161338
2015-03-19,2012-03-16,QQQ,0.1901372286268137,-0.1163789471477158
2015-03-19,2012-03-16,selected,0.18806094806781104,-0.11535128206161294
2015-03-20,2012-03-19,QQQ,0.19298049700082065,-0.11637894714771602
2015-03-20,2012-03-19,selected,0.19089087701210583,-0.11535128206161294
2015-03-23,2012-03-20,QQQ,0.18941593116229227,-0.1163789471477158
2015-03-23,2012-03-20,selected,0.1873833905704816,-0.11535128206161271
2015-03-24,2012-03-21,QQQ,0.18727813681717964,-0.11637894714771557
2015-03-24,2012-03-21,selected,0.1852870577199488,-0.11535128206161316
2015-03-25,2012-03-22,QQQ,0.1780926519676178,-0.1163789471477159
2015-03-25,2012-03-22,selected,0.176193761449005,-0.1153512820616126
2015-03-26,2012-03-23,QQQ,0.1775697896985522,-0.11637894714771546
2015-03-26,2012-03-23,selected,0.1756775123352885,-0.11535128206161305
2015-03-27,2012-03-26,QQQ,0.1793711978760908,-0.11637894714771546
2015-03-27,2012-03-26,selected,0.17743981539441966,-0.11535128206161305
2015-03-30,2012-03-27,QQQ,0.17704413599069269,-0.11637894714771568
2015-03-30,2012-03-27,selected,0.17510079557837144,-0.11535128206161283
2015-03-31,2012-03-28,QQQ,0.17230186315690177,-0.11637894714771568
2015-03-31,2012-03-28,selected,0.1704179938410484,-0.11535128206161271
2015-04-01,2012-03-29,QQQ,0.17181124030804962,-0.11637894714771568
2015-04-01,2012-03-29,selected,0.16998322273072608,-0.1153512820616126
2015-04-02,2012-03-30,QQQ,0.17357038505946365,-0.11637894714771613
2015-04-02,2012-03-30,selected,0.17170853699581,-0.11535128206161283
2015-04-06,2012-04-02,QQQ,0.17751649159682348,-0.11637894714771602
2015-04-06,2012-04-02,selected,0.1756287273473145,-0.11535128206161338
2015-04-07,2012-04-03,QQQ,0.1728121591745333,-0.1163789471477158
2015-04-07,2012-04-03,selected,0.17096171228542123,-0.11535128206161283
2015-04-08,2012-04-04,QQQ,0.17602295871688467,-0.11637894714771568
2015-04-08,2012-04-04,selected,0.17416191999598074,-0.11535128206161327
2015-04-09,2012-04-05,QQQ,0.1838843213388739,-0.11637894714771602
2015-04-09,2012-04-05,selected,0.18192982297418903,-0.11535128206161271
2015-04-10,2012-04-09,QQQ,0.18304408655050652,-0.11637894714771635
2015-04-10,2012-04-09,selected,0.1811061044294351,-0.11535128206161327
2015-04-13,2012-04-10,QQQ,0.185037395142299,-0.11637894714771613
2015-04-13,2012-04-10,selected,0.1830425577698811,-0.11535128206161305
2015-04-14,2012-04-11,QQQ,0.19030732374205672,-0.11637894714771613
2015-04-14,2012-04-11,selected,0.18822987172102845,-0.11535128206161283
2015-04-15,2012-04-12,QQQ,0.1908648818984311,-0.11637894714771624
2015-04-15,2012-04-12,selected,0.1888008805909671,-0.11535128206161294
2015-04-16,2012-04-13,QQQ,0.18580869349720852,-0.11637894714771602
2015-04-16,2012-04-13,selected,0.1837819817348747,-0.11535128206161316
2015-04-17,2012-04-16,QQQ,0.18563856199592377,-0.11637894714771624
2015-04-17,2012-04-16,selected,0.1836312818337722,-0.11535128206161294
2015-04-20,2012-04-17,QQQ,0.1960105710915958,-0.11637894714771624
2015-04-20,2012-04-17,selected,0.19387343529312817,-0.11535128206161338
2015-04-21,2012-04-18,QQQ,0.18970785081525388,-0.11637894714771602
2015-04-21,2012-04-18,selected,0.18764733945954704,-0.11535128206161305
2015-04-22,2012-04-19,QQQ,0.19288246847502055,-0.11637894714771557
2015-04-22,2012-04-19,selected,0.1907659749232118,-0.11535128206161283
2015-04-23,2012-04-20,QQQ,0.19889764205094762,-0.11637894714771568
2015-04-23,2012-04-20,selected,0.1967220218464918,-0.11535128206161216
2015-04-24,2012-04-23,QQQ,0.20539559888842263,-0.11637894714771602
2015-04-24,2012-04-23,selected,0.203127436281477,-0.11535128206161271
2015-04-27,2012-04-24,QQQ,0.20806684222430483,-0.11637894714771613
2015-04-27,2012-04-24,selected,0.20579130594290262,-0.11535128206161294
2015-04-28,2012-04-25,QQQ,0.20943488818777234,-0.11637894714771602
2015-04-28,2012-04-25,selected,0.20715034783642028,-0.11535128206161283
2015-04-29,2012-04-26,QQQ,0.1963973867886828,-0.11637894714771624
2015-04-29,2012-04-26,selected,0.1942446070464301,-0.1153512820616136
2015-04-30,2012-04-27,QQQ,0.18777225979017365,-0.11637894714771546
2015-04-30,2012-04-27,selected,0.1856753198923875,-0.11535128206161249
2015-05-01,2012-04-30,QQQ,0.1906025994743974,-0.1163789471477158
2015-05-01,2012-04-30,selected,0.18845487187180976,-0.11535128206161327
2015-05-04,2012-05-01,QQQ,0.19410546499989145,-0.1163789471477159
2015-05-04,2012-05-01,selected,0.19192251460540422,-0.11535128206161271
2015-05-05,2012-05-02,QQQ,0.18693212914902757,-0.11637894714771546
2015-05-05,2012-05-02,selected,0.18483378212499035,-0.11535128206161327
2015-05-06,2012-05-03,QQQ,0.18308162550183438,-0.11637894714771568
2015-05-06,2012-05-03,selected,0.18102028104552992,-0.11535128206161271
2015-05-07,2012-05-04,QQQ,0.18965563743935876,-0.11637894714771568
2015-05-07,2012-05-04,selected,0.18753079609913992,-0.11535128206161316
2015-05-08,2012-05-07,QQQ,0.2046548686951395,-0.11637894714771657
2015-05-08,2012-05-07,selected,0.20235462320406095,-0.11535128206161327
2015-05-11,2012-05-08,QQQ,0.2027293948200557,-0.1163789471477158
2015-05-11,2012-05-08,selected,0.2004308102819603,-0.11535128206161271
2015-05-12,2012-05-09,QQQ,0.20239927474877684,-0.1163789471477159
2015-05-12,2012-05-09,selected,0.2001417858498009,-0.1153512820616126
2015-05-13,2012-05-10,QQQ,0.2044629069014452,-0.1163789471477159
2015-05-13,2012-05-10,selected,0.20221018499235766,-0.11535128206161316
2015-05-14,2012-05-11,QQQ,0.21112451654379294,-0.1163789471477159
2015-05-14,2012-05-11,selected,0.20880251051841459,-0.11535128206161283
2015-05-15,2012-05-14,QQQ,0.21118737952476518,-0.11637894714771602
2015-05-15,2012-05-14,selected,0.20889035133444933,-0.11535128206161305
2015-05-18,2012-05-15,QQQ,0.21675680729366653,-0.1163789471477158
2015-05-18,2012-05-15,selected,0.21439799880776844,-0.11535128206161294
2015-05-19,2012-05-16,QQQ,0.2176566251860863,-0.11637894714771568
2015-05-19,2012-05-16,selected,0.21527876447974514,-0.11535128206161283
2015-05-20,2012-05-17,QQQ,0.2206822569712279,-0.11637894714771557
2015-05-20,2012-05-17,selected,0.21827277766962316,-0.11535128206161316
2015-05-21,2012-05-18,QQQ,0.23152327606155954,-0.11637894714771624
2015-05-21,2012-05-18,selected,0.2289447184967306,-0.11535128206161294
2015-05-22,2012-05-21,QQQ,0.23648987307759062,-0.1163789471477159
2015-05-22,2012-05-21,selected,0.2338328326715864,-0.11535128206161294
2015-05-26,2012-05-22,QQQ,0.22046467146624238,-0.11637894714771613
2015-05-26,2012-05-22,selected,0.2179856970160743,-0.1153512820616126
2015-05-27,2012-05-23,QQQ,0.22744488936352125,-0.11637894714771657
2015-05-27,2012-05-23,selected,0.2249149349783124,-0.11535128206161283
2015-05-28,2012-05-24,QQQ,0.22573763113850687,-0.11637894714771635
2015-05-28,2012-05-24,selected,0.2232301976723554,-0.11535128206161338
2015-05-29,2012-05-25,QQQ,0.22598108974943765,-0.1163789471477158
2015-05-29,2012-05-25,selected,0.2234767675260807,-0.11535128206161305
2015-06-01,2012-05-29,QQQ,0.2278806273719054,-0.11637894714771602
2015-06-01,2012-05-29,selected,0.2253302998927862,-0.1153512820616126
2015-06-02,2012-05-30,QQQ,0.22142190556979902,-0.11637894714771602
2015-06-02,2012-05-30,selected,0.21895657471393437,-0.11535128206161327
2015-06-03,2012-05-31,QQQ,0.2260969189914157,-0.1163789471477158
2015-06-03,2012-05-31,selected,0.22352697030280155,-0.11535128206161305
2015-06-04,2012-06-01,QQQ,0.22475035317305148,-0.11637894714771568
2015-06-04,2012-06-01,selected,0.2221882686973251,-0.11535128206161294
2015-06-05,2012-06-04,QQQ,0.23482266081329328,-0.11637894714771557
2015-06-05,2012-06-04,selected,0.23204536442812884,-0.11535128206161305
2015-06-08,2012-06-05,QQQ,0.22752054838238678,-0.1163789471477158
2015-06-08,2012-06-05,selected,0.2248389131019759,-0.11535128206161249
2015-06-09,2012-06-06,QQQ,0.2251645550664696,-0.11637894714771624
2015-06-09,2012-06-06,selected,0.22251580471362176,-0.11535128206161327
2015-06-10,2012-06-07,QQQ,0.22147894200806362,-0.11637894714771613
2015-06-10,2012-06-07,selected,0.2188894933413379,-0.11535128206161283
2015-06-11,2012-06-08,QQQ,0.2237069313330906,-0.11637894714771568
2015-06-11,2012-06-08,selected,0.2211232533919847,-0.11535128206161316
2015-06-12,2012-06-11,QQQ,0.21645515855371467,-0.1163789471477159
2015-06-12,2012-06-11,selected,0.2139480792247399,-0.11535128206161316
2015-06-15,2012-06-12,QQQ,0.22134146713235658,-0.11637894714771624
2015-06-15,2012-06-12,selected,0.21877565088888207,-0.11535128206161305
2015-06-16,2012-06-13,QQQ,0.21864778544109043,-0.11637894714771635
2015-06-16,2012-06-13,selected,0.21610918573261562,-0.11535128206161283
2015-06-17,2012-06-14,QQQ,0.22257446565035988,-0.11637894714771546
2015-06-17,2012-06-14,selected,0.21998144253792096,-0.11535128206161305
2015-06-18,2012-06-15,QQQ,0.22697278688546985,-0.11637894714771613
2015-06-18,2012-06-15,selected,0.2243395379719555,-0.11535128206161316
2015-06-19,2012-06-18,QQQ,0.21991596941609215,-0.11637894714771624
2015-06-19,2012-06-18,selected,0.21736341908757617,-0.11535128206161338
2015-06-22,2012-06-19,QQQ,0.2191115402055135,-0.11637894714771524
2015-06-22,2012-06-19,selected,0.2165318724546046,-0.11535128206161271
2015-06-23,2012-06-20,QQQ,0.21525118195355808,-0.11637894714771613
2015-06-23,2012-06-20,selected,0.2127166397114879,-0.11535128206161327
2015-06-24,2012-06-21,QQQ,0.2128490932138254,-0.11637894714771535
2015-06-24,2012-06-21,selected,0.21035320506231536,-0.1153512820616126
2015-06-25,2012-06-22,QQQ,0.22226650982617313,-0.11637894714771546
2015-06-25,2012-06-22,selected,0.21968615757551957,-0.11535128206161371
2015-06-26,2012-06-25,QQQ,0.21530647448698148,-0.1163789471477158
2015-06-26,2012-06-25,selected,0.21280950396437115,-0.11535128206161294
2015-06-29,2012-06-26,QQQ,0.2135058596500381,-0.11637894714771568
2015-06-29,2012-06-26,selected,0.21103267673105885,-0.11535128206161349
2015-06-30,2012-06-27,QQQ,0.2124131445638089,-0.11637894714771624
2015-06-30,2012-06-27,selected,0.20995253232365285,-0.11535128206161305
2015-07-01,2012-06-28,QQQ,0.21316023409570883,-0.11637894714771602
2015-07-01,2012-06-28,selected,0.21067308866004164,-0.1153512820616126
2015-07-02,2012-06-29,QQQ,0.21780705593749294,-0.1163789471477158
2015-07-02,2012-06-29,selected,0.21528046094440612,-0.11535128206161294
2015-07-06,2012-07-02,QQQ,0.2043466373681364,-0.1163789471477159
2015-07-06,2012-07-02,selected,0.20196635959612474,-0.11535128206161327
2015-07-07,2012-07-03,QQQ,0.20416488999388016,-0.11637894714771557
2015-07-07,2012-07-03,selected,0.20177844039468296,-0.11535128206161271
2015-07-08,2012-07-05,QQQ,0.19380463338778164,-0.1163789471477158
2015-07-08,2012-07-05,selected,0.19153326511663193,-0.11535128206161238
2015-07-09,2012-07-06,QQQ,0.19333458901624279,-0.11637894714771568
2015-07-09,2012-07-06,selected,0.1910693863959434,-0.11535128206161305
2015-07-10,2012-07-09,QQQ,0.2044105972921828,-0.1163789471477158
2015-07-10,2012-07-09,selected,0.20202171999306895,-0.11535128206161305
2015-07-13,2012-07-10,QQQ,0.21217519098990545,-0.11637894714771602
2015-07-13,2012-07-10,selected,0.20967856244677296,-0.11535128206161305
2015-07-14,2012-07-11,QQQ,0.218837473504075,-0.11637894714771557
2015-07-14,2012-07-11,selected,0.21627495571416544,-0.11535128206161327
2015-07-15,2012-07-12,QQQ,0.2215325499590124,-0.11637894714771624
2015-07-15,2012-07-12,selected,0.21892619686188897,-0.11535128206161338
2015-07-16,2012-07-13,QQQ,0.23111429483419066,-0.11637894714771557
2015-07-16,2012-07-13,selected,0.22839657767999233,-0.11535128206161305
2015-07-17,2012-07-16,QQQ,0.23092130338583838,-0.1163789471477159
2015-07-17,2012-07-16,selected,0.2281733344528296,-0.11535128206161305
2015-07-20,2012-07-17,QQQ,0.2334973654724053,-0.11637894714771646
2015-07-20,2012-07-17,selected,0.2306714151461231,-0.11535128206161271
2015-07-21,2012-07-18,QQQ,0.23110579991735225,-0.11637894714771568
2015-07-21,2012-07-18,selected,0.2283154346336771,-0.1153512820616126
2015-07-22,2012-07-19,QQQ,0.22095618228416858,-0.11637894714771557
2015-07-22,2012-07-19,selected,0.21828787347446443,-0.11535128206161271
2015-07-23,2012-07-20,QQQ,0.21498724671050362,-0.11637894714771535
2015-07-23,2012-07-20,selected,0.2123859611902359,-0.1153512820616126
2015-07-24,2012-07-23,QQQ,0.21638361841973208,-0.11637894714771613
2015-07-24,2012-07-23,selected,0.21377027017943817,-0.11535128206161338
2015-07-27,2012-07-24,QQQ,0.21796649133803792,-0.11637894714771557
2015-07-27,2012-07-24,selected,0.21534044821215925,-0.11535128206161283
2015-07-28,2012-07-25,QQQ,0.22468181828528322,-0.11637894714771546
2015-07-28,2012-07-25,selected,0.2219662654464678,-0.11535128206161327
2015-07-29,2012-07-26,QQQ,0.22896160006310406,-0.11637894714771635
2015-07-29,2012-07-26,selected,0.22617466148066745,-0.11535128206161349
2015-07-30,2012-07-27,QQQ,0.22550709631835342,-0.11637894714771546
2015-07-30,2012-07-27,selected,0.22274740774222335,-0.11535128206161338
2015-07-31,2012-07-30,QQQ,0.2155172263431242,-0.11637894714771635
2015-07-31,2012-07-30,selected,0.21289454127939034,-0.11535128206161283
2015-08-03,2012-07-31,QQQ,0.21456127282547555,-0.11637894714771546
2015-08-03,2012-07-31,selected,0.2119424285669631,-0.11535128206161316
2015-08-04,2012-08-01,QQQ,0.21392379371644288,-0.11637894714771568
2015-08-04,2012-08-01,selected,0.21131499783884777,-0.11535128206161338
2015-08-05,2012-08-02,QQQ,0.21823165062419214,-0.1163789471477158
2015-08-05,2012-08-02,selected,0.21558024111355922,-0.11535128206161316
2015-08-06,2012-08-03,QQQ,0.21312618474294243,-0.11637894714771557
2015-08-06,2012-08-03,selected,0.21055914656279984,-0.11535128206161294
2015-08-07,2012-08-06,QQQ,0.20504912217266136,-0.11637894714771568
2015-08-07,2012-08-06,selected,0.20258943398497165,-0.11535128206161283
2015-08-10,2012-08-07,QQQ,0.2065624097106129,-0.11637894714771613
2015-08-10,2012-08-07,selected,0.20408329397629954,-0.11535128206161271
2015-08-11,2012-08-08,QQQ,0.1980713604347093,-0.11637894714771613
2015-08-11,2012-08-08,selected,0.1957247222819798,-0.11535128206161271
2015-08-12,2012-08-09,QQQ,0.19962763559444818,-0.11637894714771635
2015-08-12,2012-08-09,selected,0.19728654305857307,-0.11535128206161316
2015-08-13,2012-08-10,QQQ,0.19777864016594537,-0.11637894714771557
2015-08-13,2012-08-10,selected,0.1954412781420738,-0.11535128206161294
2015-08-14,2012-08-13,QQQ,0.19815426984461726,-0.11637894714771613
2015-08-14,2012-08-13,selected,0.19581181624684763,-0.11535128206161349
2015-08-17,2012-08-14,QQQ,0.2005131547053305,-0.1163789471477158
2015-08-17,2012-08-14,selected,0.19816055913073383,-0.11535128206161338
2015-08-18,2012-08-15,QQQ,0.19828390779147576,-0.11637894714771602
2015-08-18,2012-08-15,selected,0.1959695651779707,-0.11535128206161305
2015-08-19,2012-08-16,QQQ,0.19463915655017083,-0.1163789471477159
2015-08-19,2012-08-16,selected,0.19240104193042828,-0.1153512820616136
2015-08-20,2012-08-17,QQQ,0.1788493316417099,-0.1163789471477159
2015-08-20,2012-08-17,selected,0.17682590230128414,-0.11535128206161316
2015-08-21,2012-08-20,QQQ,0.15971630210377818,-0.11637894714771524
2015-08-21,2012-08-20,selected,0.15791922578670703,-0.11535128206161249
2015-08-24,2012-08-21,QQQ,0.14408947919818527,-0.13616424558931906
2015-08-24,2012-08-21,selected,0.1424459526001054,-0.13463876189584445
2015-08-25,2012-08-22,QQQ,0.14416146243415895,-0.13941054644448503
2015-08-25,2012-08-22,selected,0.14246928542049386,-0.13793829810755487
2015-08-26,2012-08-23,QQQ,0.16146678529112668,-0.1394105464444848
2015-08-26,2012-08-23,selected,0.15953486221541846,-0.13793829810755487
2015-08-27,2012-08-24,QQQ,0.17440505918267757,-0.13941054644448514
2015-08-27,2012-08-24,selected,0.17231441551092574,-0.13793829810755476
2015-08-28,2012-08-27,QQQ,0.17191858256603965,-0.13941054644448458
2015-08-28,2012-08-27,selected,0.1698684805740125,-0.13793829810755487
2015-08-31,2012-08-28,QQQ,0.16642725671406433,-0.13941054644448492
2015-08-31,2012-08-28,selected,0.16443629449711183,-0.13793829810755454
2015-09-01,2012-08-29,QQQ,0.1541470507093392,-0.13941054644448492
2015-09-01,2012-08-29,selected,0.1522955743996912,-0.13793829810755498
2015-09-02,2012-08-30,QQQ,0.16489696021165878,-0.13941054644448492
2015-09-02,2012-08-30,selected,0.15854412719310207,-0.13793829810755465
2015-09-03,2012-08-31,QQQ,0.1669251069264206,-0.1394105464444847
2015-09-03,2012-08-31,selected,0.16107886646629987,-0.13793829810755476
2015-09-04,2012-09-04,QQQ,0.15971552409912304,-0.13941054644448525
2015-09-04,2012-09-04,selected,0.15533310460335947,-0.13793829810755454
2015-09-08,2012-09-05,QQQ,0.17091363637415524,-0.13941054644448514
2015-09-08,2012-09-05,selected,0.16262926010161527,-0.13793829810755476
2015-09-09,2012-09-06,QQQ,0.16691258232031525,-0.13941054644448503
2015-09-09,2012-09-06,selected,0.15953486082207902,-0.13793829810755476
2015-09-10,2012-09-07,QQQ,0.16258935745013092,-0.13941054644448503
2015-09-10,2012-09-07,selected,0.15373036574441334,-0.13793829810755487
2015-09-11,2012-09-10,QQQ,0.16528502491829467,-0.13941054644448492
2015-09-11,2012-09-10,selected,0.15580924645389405,-0.13793829810755487
2015-09-14,2012-09-11,QQQ,0.16912360462749687,-0.1394105464444848
2015-09-14,2012-09-11,selected,0.16011384183890565,-0.1379382981075551
2015-09-15,2012-09-12,QQQ,0.17432544044745035,-0.1394105464444848
2015-09-15,2012-09-12,selected,0.16305542049163724,-0.13793829810755498
2015-09-16,2012-09-13,QQQ,0.17538287814515385,-0.13941054644448514
2015-09-16,2012-09-13,selected,0.16403787125882685,-0.1379382981075551
2015-09-17,2012-09-14,QQQ,0.17026680858520682,-0.1394105464444847
2015-09-17,2012-09-14,selected,0.15997909563378698,-0.13793829810755487
2015-09-18,2012-09-17,QQQ,0.1612522313997078,-0.13941054644448492
2015-09-18,2012-09-17,selected,0.1536602836716663,-0.13793829810755454
2015-09-21,2012-09-18,QQQ,0.16229791380975445,-0.13941054644448514
2015-09-21,2012-09-18,selected,0.1536873289759828,-0.13793829810755487
2015-09-22,2012-09-19,QQQ,0.1561470411100483,-0.13941054644448514
2015-09-22,2012-09-19,selected,0.1495249262605447,-0.13793829810755498
2015-09-23,2012-09-20,QQQ,0.1557310326664887,-0.13941054644448514
2015-09-23,2012-09-20,selected,0.14916571274454604,-0.13793829810755465
2015-09-24,2012-09-21,QQQ,0.15470713083612564,-0.1394105464444848
2015-09-24,2012-09-21,selected,0.14988788007960308,-0.13793829810755498
2015-09-25,2012-09-24,QQQ,0.15132501697013412,-0.13941054644448503
2015-09-25,2012-09-24,selected,0.1474362002050349,-0.13793829810755487
2015-09-28,2012-09-25,QQQ,0.1425242762426402,-0.1394105464444848
2015-09-28,2012-09-25,selected,0.14234904459068298,-0.13793829810755442
2015-09-29,2012-09-26,QQQ,0.14593329049660553,-0.1394105464444848
2015-09-29,2012-09-26,selected,0.1463093192985161,-0.13793829810755487
2015-09-30,2012-09-27,QQQ,0.1578122358525662,-0.1394105464444847
2015-09-30,2012-09-27,selected,0.15462899219569937,-0.13793829810755498
2015-10-01,2012-09-28,QQQ,0.1542752353031407,-0.13941054644448447
2015-10-01,2012-09-28,selected,0.15035872504941628,-0.13793829810755454
2015-10-02,2012-10-01,QQQ,0.1641820449976601,-0.1394105464444848
2015-10-02,2012-10-01,selected,0.16003769855408279,-0.13793829810755465
2015-10-05,2012-10-02,QQQ,0.17028392628489541,-0.13941054644448525
2015-10-05,2012-10-02,selected,0.16604729425669262,-0.13793829810755487
2015-10-06,2012-10-03,QQQ,0.16729685682436823,-0.13941054644448503
2015-10-06,2012-10-03,selected,0.16311400284136934,-0.13793829810755454
2015-10-07,2012-10-04,QQQ,0.16713928065458328,-0.1394105464444847
2015-10-07,2012-10-04,selected,0.16294955805690536,-0.13793829810755487
2015-10-08,2012-10-05,QQQ,0.1673345022753654,-0.13941054644448503
2015-10-08,2012-10-05,selected,0.16313083097706693,-0.13793829810755498
2015-10-09,2012-10-08,QQQ,0.17117949614904493,-0.13941054644448492
2015-10-09,2012-10-08,selected,0.16696027594014895,-0.13793829810755442
2015-10-12,2012-10-09,QQQ,0.1757219870605411,-0.13941054644448525
2015-10-12,2012-10-09,selected,0.1714540656002379,-0.1379382981075551
2015-10-13,2012-10-10,QQQ,0.17948755704920627,-0.13941054644448514
2015-10-13,2012-10-10,selected,0.1751849251443538,-0.13793829810755487
2015-10-14,2012-10-11,QQQ,0.18085046065694277,-0.13941054644448492
2015-10-14,2012-10-11,selected,0.17655640364607184,-0.13793829810755498
2015-10-15,2012-10-12,QQQ,0.18852541609591156,-0.13941054644448492
2015-10-15,2012-10-12,selected,0.1841147938558476,-0.13793829810755498
2015-10-16,2012-10-15,QQQ,0.19035740385948086,-0.13941054644448492
2015-10-16,2012-10-15,selected,0.1859244021021509,-0.13793829810755487
2015-10-19,2012-10-16,QQQ,0.18972115382289845,-0.1394105464444848
2015-10-19,2012-10-16,selected,0.18530123376361618,-0.13793829810755476
2015-10-20,2012-10-17,QQQ,0.18212856813930767,-0.1394105464444847
2015-10-20,2012-10-17,selected,0.1778183489537679,-0.13793829810755476
2015-10-21,2012-10-18,QQQ,0.17995043151324386,-0.13941054644448514
2015-10-21,2012-10-18,selected,0.17566230909147085,-0.13793829810755476
2015-10-22,2012-10-19,QQQ,0.19253856216699505,-0.13941054644448503
2015-10-22,2012-10-19,selected,0.1880925855222344,-0.1379382981075551
2015-10-23,2012-10-22,QQQ,0.2133148234618849,-0.13941054644448525
2015-10-23,2012-10-22,selected,0.2085788392022212,-0.13793829810755465
2015-10-26,2012-10-23,QQQ,0.21147916754107876,-0.13941054644448492
2015-10-26,2012-10-23,selected,0.2067702846176711,-0.13793829810755454
2015-10-27,2012-10-24,QQQ,0.21618247574132665,-0.13941054644448492
2015-10-27,2012-10-24,selected,0.21142362840742868,-0.13793829810755487
2015-10-28,2012-10-25,QQQ,0.2209762711223342,-0.1394105464444848
2015-10-28,2012-10-25,selected,0.21614801234232073,-0.13793829810755454
2015-10-29,2012-10-26,QQQ,0.22033337853391144,-0.1394105464444848
2015-10-29,2012-10-26,selected,0.21547799313952187,-0.13793829810755476
2015-10-30,2012-10-31,QQQ,0.21732642350324216,-0.13941054644448525
2015-10-30,2012-10-31,selected,0.21250535896577638,-0.1379382981075552
2015-11-02,2012-11-01,QQQ,0.22439533998409633,-0.13941054644448514
2015-11-02,2012-11-01,selected,0.21944933215795936,-0.13793829810755487
2015-11-03,2012-11-02,QQQ,0.220084381521644,-0.13941054644448492
2015-11-03,2012-11-02,selected,0.21518873092871416,-0.13793829810755465
2015-11-04,2012-11-05,QQQ,0.2244725669426484,-0.1394105464444848
2015-11-04,2012-11-05,selected,0.2195380150176811,-0.13793829810755465
2015-11-05,2012-11-06,QQQ,0.22069274879005651,-0.13941054644448514
2015-11-05,2012-11-06,selected,0.2158001601928754,-0.13793829810755476
2015-11-06,2012-11-07,QQQ,0.22023297730239655,-0.13941054644448492
2015-11-06,2012-11-07,selected,0.21528252595521535,-0.13793829810755465
2015-11-09,2012-11-08,QQQ,0.2256065911070293,-0.1394105464444847
2015-11-09,2012-11-08,selected,0.22057802687438732,-0.13793829810755487
2015-11-10,2012-11-09,QQQ,0.23105558140331284,-0.13941054644448503
2015-11-10,2012-11-09,selected,0.22592838729818743,-0.13793829810755454
2015-11-11,2012-11-12,QQQ,0.22879963188227648,-0.13941054644448514
2015-11-11,2012-11-12,selected,0.22370842107897015,-0.13793829810755465
2015-11-12,2012-11-13,QQQ,0.2248686720628239,-0.1394105464444848
2015-11-12,2012-11-13,selected,0.21983478941842916,-0.13793829810755487
2015-11-13,2012-11-14,QQQ,0.21962552236133637,-0.13941054644448492
2015-11-13,2012-11-14,selected,0.21466382664699668,-0.13793829810755487
2015-11-16,2012-11-15,QQQ,0.2302832523309315,-0.13941054644448514
2015-11-16,2012-11-15,selected,0.22518197097493964,-0.13793829810755476
2015-11-17,2012-11-16,QQQ,0.23192789983193918,-0.13941054644448503
2015-11-17,2012-11-16,selected,0.2267927810368966,-0.13793829810755476
2015-11-18,2012-11-19,QQQ,0.2379664753823778,-0.13941054644448492
2015-11-18,2012-11-19,selected,0.23274782713997189,-0.13793829810755476
2015-11-19,2012-11-20,QQQ,0.22860393541524426,-0.13941054644448492
2015-11-19,2012-11-20,selected,0.22352957501280746,-0.13793829810755476
2015-11-20,2012-11-21,QQQ,0.2312424383826679,-0.13941054644448503
2015-11-20,2012-11-21,selected,0.22613340195036602,-0.13793829810755476
2015-11-23,2012-11-23,QQQ,0.22922388656625747,-0.13941054644448492
2015-11-23,2012-11-23,selected,0.2241306720216829,-0.13793829810755476
2015-11-24,2012-11-26,QQQ,0.22271178436600336,-0.13941054644448503
2015-11-24,2012-11-26,selected,0.2177048410560416,-0.13793829810755487
2015-11-25,2012-11-27,QQQ,0.22131526069593055,-0.13941054644448503
2015-11-25,2012-11-27,selected,0.21631235918838776,-0.13793829810755454
2015-11-27,2012-11-28,QQQ,0.22326334416056892,-0.13941054644448514
2015-11-27,2012-11-28,selected,0.2182199940319136,-0.13793829810755454
2015-11-30,2012-11-29,QQQ,0.2187359075376274,-0.13941054644448503
2015-11-30,2012-11-29,selected,0.2137849728685195,-0.13793829810755476
2015-12-01,2012-11-30,QQQ,0.22036772522387427,-0.13941054644448492
2015-12-01,2012-11-30,selected,0.21540161563192073,-0.13793829810755476
2015-12-02,2012-12-03,QQQ,0.21853273382439142,-0.13941054644448503
2015-12-02,2012-12-03,selected,0.21356811424944944,-0.13793829810755476
2015-12-03,2012-12-04,QQQ,0.2124075799393521,-0.13941054644448503
2015-12-03,2012-12-04,selected,0.20752654106524604,-0.13793829810755498
2015-12-04,2012-12-05,QQQ,0.2220300034240208,-0.13941054644448492
2015-12-04,2012-12-05,selected,0.2170713836358391,-0.13793829810755487
2015-12-07,2012-12-06,QQQ,0.2247454864308196,-0.13941054644448503
2015-12-07,2012-12-06,selected,0.21973258101733295,-0.13793829810755476
2015-12-08,2012-12-07,QQQ,0.22215026698421103,-0.1394105464444848
2015-12-08,2012-12-07,selected,0.21717219525428488,-0.13793829810755454
2015-12-09,2012-12-10,QQQ,0.21836454386466664,-0.1394105464444848
2015-12-09,2012-12-10,selected,0.21343550216739415,-0.13793829810755487
2015-12-10,2012-12-11,QQQ,0.2190088035287281,-0.13941054644448503
2015-12-10,2012-12-11,selected,0.21405739277626834,-0.13793829810755487
2015-12-11,2012-12-12,QQQ,0.20436623070262572,-0.13941054644448492
2015-12-11,2012-12-12,selected,0.1996388404253735,-0.13793829810755476
2015-12-14,2012-12-13,QQQ,0.20825770613197458,-0.1394105464444848
2015-12-14,2012-12-13,selected,0.2034613385064683,-0.13793829810755465
2015-12-15,2012-12-14,QQQ,0.21391087424914645,-0.13941054644448503
2015-12-15,2012-12-14,selected,0.209044698270487,-0.13793829810755465
2015-12-16,2012-12-17,QQQ,0.2237830537864871,-0.13941054644448514
2015-12-16,2012-12-17,selected,0.21880455938451027,-0.13793829810755476
2015-12-17,2012-12-18,QQQ,0.2124635749717092,-0.13941054644448503
2015-12-17,2012-12-18,selected,0.2076199708376416,-0.13793829810755476
2015-12-18,2012-12-19,QQQ,0.19859631790458088,-0.1394105464444847
2015-12-18,2012-12-19,selected,0.19398685516035585,-0.13793829810755487
2015-12-21,2012-12-20,QQQ,0.2047706945104817,-0.13941054644448503
2015-12-21,2012-12-20,selected,0.20009574338161462,-0.13793829810755498
2015-12-22,2012-12-21,QQQ,0.20740487963664855,-0.13941054644448503
2015-12-22,2012-12-21,selected,0.20270010916273629,-0.1379382981075551
2015-12-23,2012-12-24,QQQ,0.21465932017496825,-0.13941054644448503
2015-12-23,2012-12-24,selected,0.2098425480193089,-0.13793829810755498
2015-12-24,2012-12-26,QQQ,0.21539568873265846,-0.1394105464444848
2015-12-24,2012-12-26,selected,0.210581067877055,-0.13793829810755487
2015-12-28,2012-12-27,QQQ,0.21874869402418318,-0.13941054644448503
2015-12-28,2012-12-27,selected,0.2138793404367918,-0.13793829810755476
2015-12-29,2012-12-28,QQQ,0.22573926939844613,-0.13941054644448514
2015-12-29,2012-12-28,selected,0.22075638464606206,-0.13793829810755465
2015-12-30,2012-12-31,QQQ,0.22599326411923126,-0.13941054644448514
2015-12-30,2012-12-31,selected,0.2210028636614707,-0.1379382981075552
2015-12-31,2013-01-02,QQQ,0.21239062597710712,-0.13941054644448503
2015-12-31,2013-01-02,selected,0.207580130303618,-0.13793829810755498
2016-01-04,2013-01-03,QQQ,0.19131404076285974,-0.13941054644448492
2016-01-04,2013-01-03,selected,0.18680967149236505,-0.13793829810755454
2016-01-05,2013-01-04,QQQ,0.19269892315171488,-0.1394105464444848
2016-01-05,2013-01-04,selected,0.18820452300600454,-0.13793829810755476
2016-01-06,2013-01-07,QQQ,0.19017473003824592,-0.13941054644448492
2016-01-06,2013-01-07,selected,0.18574676975785498,-0.13793829810755476
2016-01-07,2013-01-08,QQQ,0.17750208462720618,-0.13941054644448492
2016-01-07,2013-01-08,selected,0.17327953794080098,-0.13793829810755465
2016-01-08,2013-01-09,QQQ,0.17503889796066963,-0.13941054644448514
2016-01-08,2013-01-09,selected,0.17083338889382627,-0.13793829810755465
2016-01-11,2013-01-10,QQQ,0.17477295975426865,-0.13941054644448503
2016-01-11,2013-01-10,selected,0.17055570264427655,-0.13793829810755465
2016-01-12,2013-01-11,QQQ,0.17695152016387294,-0.13941054644448503
2016-01-12,2013-01-11,selected,0.1726938437465355,-0.13793829810755476
2016-01-13,2013-01-14,QQQ,0.1627431410520288,-0.13941054644448458
2016-01-13,2013-01-14,selected,0.1586946906705482,-0.13793829810755487
2016-01-14,2013-01-15,QQQ,0.17268506449197085,-0.1394105464444848
2016-01-14,2013-01-15,selected,0.16847879366112184,-0.13793829810755498
2016-01-15,2013-01-16,QQQ,0.16233759719475915,-0.13941054644448503
2016-01-15,2013-01-16,selected,0.1582826862521305,-0.13793829810755498
2016-01-19,2013-01-17,QQQ,0.16161541029931015,-0.13941054644448536
2016-01-19,2013-01-17,selected,0.15757221478379657,-0.13793829810755476
2016-01-20,2013-01-18,QQQ,0.15858216701695116,-0.13941054644448447
2016-01-20,2013-01-18,selected,0.1545932613273353,-0.13793829810755476
2016-01-21,2013-01-22,QQQ,0.15982861933988524,-0.1394105464444848
2016-01-21,2013-01-22,selected,0.1558147694018075,-0.13793829810755476
2016-01-22,2013-01-23,QQQ,0.17027682059959193,-0.1394105464444848
2016-01-22,2013-01-23,selected,0.16611091337096573,-0.13793829810755465
2016-01-25,2013-01-24,QQQ,0.1620995511490544,-0.13941054644448492
2016-01-25,2013-01-24,selected,0.15806678933694496,-0.13793829810755487
2016-01-26,2013-01-25,QQQ,0.17097047938245824,-0.13941054644448514
2016-01-26,2013-01-25,selected,0.16684998162475106,-0.13793829810755465
2016-01-27,2013-01-28,QQQ,0.15919612776780112,-0.13941054644448503
2016-01-27,2013-01-28,selected,0.15525282694132114,-0.13793829810755487
2016-01-28,2013-01-29,QQQ,0.1637579669625857,-0.1394105464444847
2016-01-28,2013-01-29,selected,0.15975385437474077,-0.13793829810755476
2016-01-29,2013-01-30,QQQ,0.1717446847546067,-0.13941054644448503
2016-01-29,2013-01-30,selected,0.16764434324958688,-0.13793829810755454
2016-02-01,2013-01-31,QQQ,0.17361025583058431,-0.13941054644448514
2016-02-01,2013-01-31,selected,0.1694929453748315,-0.13793829810755487
2016-02-02,2013-02-01,QQQ,0.1659511257614299,-0.13941054644448492
2016-02-02,2013-02-01,selected,0.1631360557214645,-0.13793829810755487
2016-02-03,2013-02-04,QQQ,0.1595355051316516,-0.13941054644448458
2016-02-03,2013-02-04,selected,0.15724336988770693,-0.13793829810755476
2016-02-04,2013-02-05,QQQ,0.16631743282380307,-0.13941054644448492
2016-02-04,2013-02-05,selected,0.16419244240605946,-0.13793829810755465
2016-02-05,2013-02-06,QQQ,0.1470483757574157,-0.14536581474114485
2016-02-05,2013-02-06,selected,0.14716542259334453,-0.13793829810755498
2016-02-08,2013-02-07,QQQ,0.14241645237056888,-0.15843112057330022
2016-02-08,2013-02-07,selected,0.14373123623976314,-0.1454393755558555
2016-02-09,2013-02-08,QQQ,0.14089335483827603,-0.1610442390328134
2016-02-09,2013-02-08,selected,0.1423435507994555,-0.14780612374881463
2016-02-10,2013-02-11,QQQ,0.13847495672363141,-0.16104423903281317
2016-02-10,2013-02-11,selected,0.13994781126989309,-0.14780612374881474
2016-02-11,2013-02-12,QQQ,0.1378137011212497,-0.1610442390328134
2016-02-11,2013-02-12,selected,0.14010676835524283,-0.14780612374881474
2016-02-12,2013-02-13,QQQ,0.14513277039602146,-0.16104423903281306
2016-02-12,2013-02-13,selected,0.14636617046435418,-0.14780612374881452
2016-02-16,2013-02-14,QQQ,0.1523157590887354,-0.16104423903281329
2016-02-16,2013-02-14,selected,0.15183223865087125,-0.14780612374881463
2016-02-17,2013-02-15,QQQ,0.1610639071514015,-0.16104423903281317
2016-02-17,2013-02-15,selected,0.15947078186507135,-0.14780612374881463
2016-02-18,2013-02-19,QQQ,0.15776644554032626,-0.1610442390328134
2016-02-18,2013-02-19,selected,0.15746959081388323,-0.14780612374881452
2016-02-19,2013-02-20,QQQ,0.15612717787356156,-0.16104423903281317
2016-02-19,2013-02-20,selected,0.15554316802201695,-0.14780612374881508
2016-02-22,2013-02-21,QQQ,0.1683738616226642,-0.1610442390328134
2016-02-22,2013-02-21,selected,0.1666488416273042,-0.14780612374881497
2016-02-23,2013-02-22,QQQ,0.1661081244457987,-0.16104423903281329
2016-02-23,2013-02-22,selected,0.1655467858097286,-0.14780612374881497
2016-02-24,2013-02-25,QQQ,0.1659038148414882,-0.16104423903281329
2016-02-24,2013-02-25,selected,0.16492116963281456,-0.14780612374881463
2016-02-25,2013-02-26,QQQ,0.17457923658405705,-0.16104423903281329
2016-02-25,2013-02-26,selected,0.17317350896882844,-0.14780612374881474
2016-02-26,2013-02-27,QQQ,0.17261577709067533,-0.16104423903281362
2016-02-26,2013-02-27,selected,0.17088472639759655,-0.14780612374881452
2016-02-29,2013-02-28,QQQ,0.16513628977938022,-0.16104423903281317
2016-02-29,2013-02-28,selected,0.16428012882125254,-0.1478061237488144
2016-03-01,2013-03-01,QQQ,0.178289484956915,-0.16104423903281329
2016-03-01,2013-03-01,selected,0.17544576455117822,-0.14780612374881474
2016-03-02,2013-03-04,QQQ,0.1768034201962405,-0.16104423903281295
2016-03-02,2013-03-04,selected,0.17407814867136673,-0.14780612374881452
2016-03-03,2013-03-05,QQQ,0.17432125928845754,-0.16104423903281306
2016-03-03,2013-03-05,selected,0.17193279368606995,-0.14780612374881463
2016-03-04,2013-03-06,QQQ,0.16874133078065845,-0.16104423903281273
2016-03-04,2013-03-06,selected,0.16641146514894234,-0.14780612374881497
2016-03-07,2013-03-07,QQQ,0.1673039978646882,-0.16104423903281329
2016-03-07,2013-03-07,selected,0.16525828630371464,-0.14780612374881474
2016-03-08,2013-03-08,QQQ,0.1630541174943665,-0.1610442390328135
2016-03-08,2013-03-08,selected,0.16135493429722914,-0.14780612374881452
2016-03-09,2013-03-11,QQQ,0.16509058709776991,-0.16104423903281362
2016-03-09,2013-03-11,selected,0.1630756951483212,-0.14780612374881463
2016-03-10,2013-03-12,QQQ,0.16337086159481196,-0.1610442390328135
2016-03-10,2013-03-12,selected,0.1615905430851754,-0.14780612374881452
2016-03-11,2013-03-13,QQQ,0.17152949031839348,-0.16104423903281329
2016-03-11,2013-03-13,selected,0.1688551271728762,-0.14780612374881485
2016-03-14,2013-03-14,QQQ,0.17270117217991765,-0.16104423903281329
2016-03-14,2013-03-14,selected,0.1698115706384904,-0.14780612374881485
2016-03-15,2013-03-15,QQQ,0.17124776934402686,-0.1610442390328134
2016-03-15,2013-03-15,selected,0.16841972381088066,-0.14780612374881474
2016-03-16,2013-03-18,QQQ,0.17580647698756424,-0.16104423903281306
2016-03-16,2013-03-18,selected,0.17296591483177148,-0.1478061237488144
2016-03-17,2013-03-19,QQQ,0.17644712460848977,-0.16104423903281306
2016-03-17,2013-03-19,selected,0.17361096886204885,-0.14780612374881463
2016-03-18,2013-03-20,QQQ,0.17780844354425906,-0.16104423903281373
2016-03-18,2013-03-20,selected,0.17485330974860158,-0.1478061237488142
2016-03-21,2013-03-21,QQQ,0.1765893210692946,-0.16104423903281329
2016-03-21,2013-03-21,selected,0.17340622942244632,-0.14780612374881463
2016-03-22,2013-03-22,QQQ,0.18227988949811147,-0.16104423903281362
2016-03-22,2013-03-22,selected,0.17894722376521766,-0.1478061237488144
2016-03-23,2013-03-25,QQQ,0.17523283932568456,-0.16104423903281329
2016-03-23,2013-03-25,selected,0.17203831434110595,-0.1478061237488144
2016-03-24,2013-03-26,QQQ,0.1767740043100956,-0.16104423903281329
2016-03-24,2013-03-26,selected,0.17355868328392532,-0.1478061237488144
2016-03-28,2013-03-27,QQQ,0.1741098011760156,-0.16104423903281329
2016-03-28,2013-03-27,selected,0.17099640698014595,-0.14780612374881452
2016-03-29,2013-03-28,QQQ,0.17984641076369634,-0.16104423903281317
2016-03-29,2013-03-28,selected,0.17646854718568683,-0.14780612374881485
2016-03-30,2013-04-01,QQQ,0.1807869236281181,-0.1610442390328134
2016-03-30,2013-04-01,selected,0.1770348184826689,-0.14780612374881497
2016-03-31,2013-04-02,QQQ,0.18290390907391108,-0.16104423903281329
2016-03-31,2013-04-02,selected,0.1792735796344651,-0.14780612374881485
2016-04-01,2013-04-03,QQQ,0.1839747217384584,-0.16104423903281317
2016-04-01,2013-04-03,selected,0.1799788418622379,-0.14780612374881463
2016-04-04,2013-04-04,QQQ,0.1860896770190903,-0.16104423903281329
2016-04-04,2013-04-04,selected,0.18203377468627502,-0.14780612374881463
2016-04-05,2013-04-05,QQQ,0.1821502403579054,-0.16104423903281329
2016-04-05,2013-04-05,selected,0.17815933327338307,-0.1478061237488144
2016-04-06,2013-04-08,QQQ,0.1919118646744704,-0.16104423903281362
2016-04-06,2013-04-08,selected,0.18774065264352235,-0.14780612374881452
2016-04-07,2013-04-09,QQQ,0.18408602351891257,-0.1610442390328134
2016-04-07,2013-04-09,selected,0.1800550330373918,-0.1478061237488142
2016-04-08,2013-04-10,QQQ,0.181147506671135,-0.16104423903281317
2016-04-08,2013-04-10,selected,0.17714400676469788,-0.14780612374881497
2016-04-11,2013-04-11,QQQ,0.17212708637926077,-0.16104423903281306
2016-04-11,2013-04-11,selected,0.1682859252828619,-0.14780612374881474
2016-04-12,2013-04-12,QQQ,0.1755599366186018,-0.16104423903281295
2016-04-12,2013-04-12,selected,0.1716679358362545,-0.14780612374881452
2016-04-13,2013-04-15,QQQ,0.18082938407962557,-0.16104423903281306
2016-04-13,2013-04-15,selected,0.1769065792972393,-0.1478061237488143
2016-04-14,2013-04-16,QQQ,0.1887352736094854,-0.16104423903281373
2016-04-14,2013-04-16,selected,0.18480872477908972,-0.1478061237488144
2016-04-15,2013-04-17,QQQ,0.1825250058043386,-0.1610442390328135
2016-04-15,2013-04-17,selected,0.17868023865009408,-0.14780612374881474
2016-04-18,2013-04-18,QQQ,0.19245639539260373,-0.16104423903281295
2016-04-18,2013-04-18,selected,0.18847325435180728,-0.14780612374881485
2016-04-19,2013-04-19,QQQ,0.1955467273383651,-0.16104423903281362
2016-04-19,2013-04-19,selected,0.19152500275930961,-0.14780612374881474
2016-04-20,2013-04-22,QQQ,0.19046082739040093,-0.1610442390328134
2016-04-20,2013-04-22,selected,0.18646605618374767,-0.1478061237488144
2016-04-21,2013-04-23,QQQ,0.186444581769033,-0.1610442390328134
2016-04-21,2013-04-23,selected,0.18247267723616356,-0.14780612374881408
2016-04-22,2013-04-24,QQQ,0.17669420235413957,-0.1610442390328135
2016-04-22,2013-04-24,selected,0.1728481164314175,-0.14780612374881452
2016-04-25,2013-04-25,QQQ,0.17686377489372695,-0.16104423903281317
2016-04-25,2013-04-25,selected,0.1729980646782372,-0.14780612374881474
2016-04-26,2013-04-26,QQQ,0.17287282093787826,-0.16104423903281317
2016-04-26,2013-04-26,selected,0.16903661389956515,-0.14780612374881463
2016-04-27,2013-04-29,QQQ,0.17095974071216147,-0.1610442390328134
2016-04-27,2013-04-29,selected,0.16716473550352662,-0.1478061237488143
2016-04-28,2013-04-30,QQQ,0.16266966900251179,-0.16104423903281329
2016-04-28,2013-04-30,selected,0.15899637218784402,-0.14780612374881474
2016-04-29,2013-05-01,QQQ,0.15782716350130088,-0.16104423903281329
2016-04-29,2013-05-01,selected,0.15424215774436956,-0.1478061237488142
2016-05-02,2013-05-02,QQQ,0.16327868664281886,-0.16104423903281329
2016-05-02,2013-05-02,selected,0.15963015995313046,-0.1478061237488143
2016-05-03,2013-05-03,QQQ,0.15482357357024013,-0.16104423903281295
2016-05-03,2013-05-03,selected,0.15128286833845017,-0.14780612374881474
2016-05-04,2013-05-06,QQQ,0.1478511447669273,-0.1610442390328135
2016-05-04,2013-05-06,selected,0.14441430809190492,-0.14780612374881474
2016-05-05,2013-05-07,QQQ,0.14626026681865145,-0.16104423903281329
2016-05-05,2013-05-07,selected,0.1428509136108127,-0.14780612374881452
2016-05-06,2013-05-08,QQQ,0.14850578810711346,-0.16104423903281362
2016-05-06,2013-05-08,selected,0.14508898095308154,-0.1478061237488143
2016-05-09,2013-05-09,QQQ,0.14774464449477165,-0.16104423903281317
2016-05-09,2013-05-09,selected,0.14429507497716676,-0.1478061237488143
2016-05-10,2013-05-10,QQQ,0.15348972274032135,-0.16104423903281373
2016-05-10,2013-05-10,selected,0.14999398742016656,-0.1478061237488144
2016-05-11,2013-05-13,QQQ,0.14769035828565902,-0.16104423903281306
2016-05-11,2013-05-13,selected,0.14430198425154628,-0.1478061237488144
2016-05-12,2013-05-14,QQQ,0.14552733733637657,-0.1610442390328134
2016-05-12,2013-05-14,selected,0.14217407548450023,-0.14780612374881474
2016-05-13,2013-05-15,QQQ,0.14214469284969833,-0.16104423903281306
2016-05-13,2013-05-15,selected,0.1388537464976931,-0.14780612374881474
2016-05-16,2013-05-16,QQQ,0.1461095706283737,-0.16104423903281295
2016-05-16,2013-05-16,selected,0.14278796311831266,-0.1478061237488142
2016-05-17,2013-05-17,QQQ,0.1417104021896709,-0.1610442390328135
2016-05-17,2013-05-17,selected,0.13844751719499193,-0.14780612374881463
2016-05-18,2013-05-20,QQQ,0.13942697253981406,-0.16104423903281317
2016-05-18,2013-05-20,selected,0.13618721689282332,-0.14780612374881463
2016-05-19,2013-05-21,QQQ,0.13801194355265634,-0.16104423903281317
2016-05-19,2013-05-21,selected,0.13475674480026134,-0.14780612374881474
2016-05-20,2013-05-22,QQQ,0.1417650690785306,-0.1610442390328135
2016-05-20,2013-05-22,selected,0.13847617948268898,-0.14780612374881463
2016-05-23,2013-05-23,QQQ,0.1446134726111088,-0.16104423903281329
2016-05-23,2013-05-23,selected,0.1413090036126925,-0.14780612374881474
2016-05-24,2013-05-24,QQQ,0.15309397720054774,-0.1610442390328135
2016-05-24,2013-05-24,selected,0.14963109330094082,-0.14780612374881452
2016-05-25,2013-05-28,QQQ,0.1560614531861093,-0.16104423903281317
2016-05-25,2013-05-28,selected,0.15256509484981606,-0.14780612374881508
2016-05-26,2013-05-29,QQQ,0.15467804926090234,-0.16104423903281329
2016-05-26,2013-05-29,selected,0.15122348573744615,-0.14780612374881508
2016-05-27,2013-05-30,QQQ,0.15850909639582667,-0.16104423903281295
2016-05-27,2013-05-30,selected,0.15498260335692193,-0.14780612374881497
2016-05-31,2013-05-31,QQQ,0.15720292721433338,-0.16104423903281306
2016-05-31,2013-05-31,selected,0.15368379855533432,-0.14780612374881497
2016-06-01,2013-06-03,QQQ,0.16080774843588963,-0.16104423903281362
2016-06-01,2013-06-03,selected,0.15727221227621668,-0.14780612374881497
2016-06-02,2013-06-04,QQQ,0.16092763329140847,-0.16104423903281384
2016-06-02,2013-06-04,selected,0.1573621494331312,-0.1478061237488144
2016-06-03,2013-06-05,QQQ,0.16111262198762777,-0.16104423903281295
2016-06-03,2013-06-05,selected,0.15761628131463423,-0.14780612374881463
2016-06-06,2013-06-06,QQQ,0.16760442422021393,-0.16104423903281329
2016-06-06,2013-06-06,selected,0.1640123313623849,-0.14780612374881485
2016-06-07,2013-06-07,QQQ,0.1647341811841112,-0.16104423903281329
2016-06-07,2013-06-07,selected,0.1611646863410645,-0.14780612374881474
2016-06-08,2013-06-10,QQQ,0.16013969799321126,-0.1610442390328135
2016-06-08,2013-06-10,selected,0.15669595684674564,-0.14780612374881386
2016-06-09,2013-06-11,QQQ,0.1593503026692431,-0.1610442390328135
2016-06-09,2013-06-11,selected,0.15592705349282476,-0.14780612374881463
2016-06-10,2013-06-12,QQQ,0.15880331857179875,-0.16104423903281329
2016-06-10,2013-06-12,selected,0.15539694716249652,-0.14780612374881474
2016-06-13,2013-06-13,QQQ,0.1600534939133007,-0.16104423903281306
2016-06-13,2013-06-13,selected,0.1566463088552532,-0.1478061237488143
2016-06-14,2013-06-14,QQQ,0.15519682518164668,-0.16104423903281373
2016-06-14,2013-06-14,selected,0.1518431373530862,-0.14780612374881452
2016-06-15,2013-06-17,QQQ,0.15664007565522486,-0.1610442390328134
2016-06-15,2013-06-17,selected,0.15327247696887225,-0.14780612374881463
2016-06-16,2013-06-18,QQQ,0.15407037962252446,-0.16104423903281284
2016-06-16,2013-06-18,selected,0.15073502350725154,-0.14780612374881408
2016-06-17,2013-06-19,QQQ,0.1464104704960607,-0.16104423903281395
2016-06-17,2013-06-19,selected,0.14320129568923212,-0.14780612374881452
2016-06-20,2013-06-20,QQQ,0.15310926965376526,-0.16104423903281373
2016-06-20,2013-06-20,selected,0.14983074572882682,-0.1478061237488144
2016-06-21,2013-06-21,QQQ,0.16362420596114502,-0.1610442390328134
2016-06-21,2013-06-21,selected,0.1602760785397681,-0.14780612374881474
2016-06-22,2013-06-24,QQQ,0.1647507641552015,-0.1610442390328134
2016-06-22,2013-06-24,selected,0.16137415408577627,-0.1478061237488144
2016-06-23,2013-06-25,QQQ,0.17416659432732606,-0.16104423903281373
2016-06-23,2013-06-25,selected,0.17066638338446927,-0.14780612374881497
2016-06-24,2013-06-26,QQQ,0.1550105700850022,-0.16104423903281317
2016-06-24,2013-06-26,selected,0.1518503262063282,-0.14780612374881497
2016-06-27,2013-06-27,QQQ,0.14390807914033554,-0.1610442390328134
2016-06-27,2013-06-27,selected,0.1409636826566356,-0.14780612374881485
2016-06-28,2013-06-28,QQQ,0.1505820319827078,-0.1610442390328134
2016-06-28,2013-06-28,selected,0.14756336889690957,-0.14780612374881485
2016-06-29,2013-07-01,QQQ,0.15679313966157205,-0.1610442390328134
2016-06-29,2013-07-01,selected,0.1536534271431269,-0.1478061237488144
2016-06-30,2013-07-02,QQQ,0.15885752527514296,-0.1610442390328134
2016-06-30,2013-07-02,selected,0.155691589799257,-0.14780612374881474
2016-07-01,2013-07-03,QQQ,0.16063205117645118,-0.16104423903281329
2016-07-01,2013-07-03,selected,0.15748746713537343,-0.14780612374881463
2016-07-05,2013-07-05,QQQ,0.15670825465435834,-0.1610442390328134
2016-07-05,2013-07-05,selected,0.15363513026868714,-0.14780612374881463
2016-07-06,2013-07-08,QQQ,0.15692120503210627,-0.16104423903281362
2016-07-06,2013-07-08,selected,0.15390209892377893,-0.14780612374881485
2016-07-07,2013-07-09,QQQ,0.15768727188171705,-0.16104423903281329
2016-07-07,2013-07-09,selected,0.15461572184478567,-0.14780612374881452
2016-07-08,2013-07-10,QQQ,0.16128568306746383,-0.16104423903281373
2016-07-08,2013-07-10,selected,0.15816287455670253,-0.1478061237488144
2016-07-11,2013-07-11,QQQ,0.16127264058490698,-0.1610442390328125
2016-07-11,2013-07-11,selected,0.1581260246856686,-0.1478061237488144
2016-07-12,2013-07-12,QQQ,0.1556227572498663,-0.16104423903281384
2016-07-12,2013-07-12,selected,0.15245213060072604,-0.1478061237488143
2016-07-13,2013-07-15,QQQ,0.1529996860226086,-0.16104423903281329
2016-07-13,2013-07-15,selected,0.1498900837201098,-0.14780612374881474
2016-07-14,2013-07-16,QQQ,0.15475173988228597,-0.1610442390328134
2016-07-14,2013-07-16,selected,0.15158298188888764,-0.14780612374881485
2016-07-15,2013-07-17,QQQ,0.15464293866792977,-0.16104423903281306
2016-07-15,2013-07-17,selected,0.15145832866598719,-0.1478061237488144
2016-07-18,2013-07-18,QQQ,0.15621385217994654,-0.16104423903281317
2016-07-18,2013-07-18,selected,0.1530248279237687,-0.14780612374881497
2016-07-19,2013-07-19,QQQ,0.15577777258350434,-0.16104423903281306
2016-07-19,2013-07-19,selected,0.15259689487141337,-0.14780612374881452
2016-07-20,2013-07-22,QQQ,0.16429174279406977,-0.16104423903281273
2016-07-20,2013-07-22,selected,0.1609464708936159,-0.14780612374881485
2016-07-21,2013-07-23,QQQ,0.16225987240729078,-0.1610442390328134
2016-07-21,2013-07-23,selected,0.158927077608777,-0.1478061237488152
2016-07-22,2013-07-24,QQQ,0.16673296449860198,-0.16104423903281384
2016-07-22,2013-07-24,selected,0.16332712978115582,-0.14780612374881474
2016-07-25,2013-07-25,QQQ,0.16551282620790309,-0.1610442390328134
2016-07-25,2013-07-25,selected,0.16214794318834858,-0.1478061237488144
2016-07-26,2013-07-26,QQQ,0.16351544003483376,-0.16104423903281384
2016-07-26,2013-07-26,selected,0.1601635302564255,-0.14780612374881463
2016-07-27,2013-07-29,QQQ,0.1641350632256704,-0.16104423903281306
2016-07-27,2013-07-29,selected,0.16079434378654334,-0.14780612374881463
2016-07-28,2013-07-30,QQQ,0.1662108240108331,-0.16104423903281329
2016-07-28,2013-07-30,selected,0.1628419116479265,-0.1478061237488143
2016-07-29,2013-07-31,QQQ,0.16499424253681072,-0.16104423903281329
2016-07-29,2013-07-31,selected,0.1616663485480816,-0.14780612374881474
2016-08-01,2013-08-01,QQQ,0.1663271181510979,-0.16104423903281329
2016-08-01,2013-08-01,selected,0.1629789018730694,-0.1478061237488143
2016-08-02,2013-08-02,QQQ,0.1594518343597362,-0.16104423903281329
2016-08-02,2013-08-02,selected,0.15621596719179087,-0.1478061237488144
2016-08-03,2013-08-05,QQQ,0.1585623705384116,-0.1610442390328134
2016-08-03,2013-08-05,selected,0.15532637074275857,-0.14780612374881474
2016-08-04,2013-08-06,QQQ,0.1594151632878391,-0.1610442390328134
2016-08-04,2013-08-06,selected,0.15618779927301674,-0.14780612374881485
2016-08-05,2013-08-07,QQQ,0.16543671409164862,-0.16104423903281306
2016-08-05,2013-08-07,selected,0.16211713645597547,-0.1478061237488144
2016-08-08,2013-08-08,QQQ,0.16571554098172148,-0.16104423903281329
2016-08-08,2013-08-08,selected,0.16238539586901202,-0.14780612374881408
2016-08-09,2013-08-09,QQQ,0.16468664061410632,-0.16104423903281329
2016-08-09,2013-08-09,selected,0.1613472101934088,-0.14780612374881485
2016-08-10,2013-08-12,QQQ,0.16525972561216973,-0.16104423903281317
2016-08-10,2013-08-12,selected,0.1619229519200942,-0.14780612374881485
2016-08-11,2013-08-13,QQQ,0.16600866709211637,-0.16104423903281306
2016-08-11,2013-08-13,selected,0.16262924372354592,-0.14780612374881463
2016-08-12,2013-08-14,QQQ,0.1641016681932328,-0.16104423903281317
2016-08-12,2013-08-14,selected,0.16077390495818822,-0.14780612374881497
2016-08-15,2013-08-15,QQQ,0.1672203052200807,-0.1610442390328134
2016-08-15,2013-08-15,selected,0.16383419733616678,-0.14780612374881508
2016-08-16,2013-08-16,QQQ,0.17171564650410853,-0.16104423903281306
2016-08-16,2013-08-16,selected,0.16825655070806644,-0.1478061237488143
2016-08-17,2013-08-19,QQQ,0.17257137716576199,-0.16104423903281362
2016-08-17,2013-08-19,selected,0.16910780758290822,-0.1478061237488144
2016-08-18,2013-08-20,QQQ,0.17334530647670432,-0.16104423903281295
2016-08-18,2013-08-20,selected,0.16989800929068366,-0.14780612374881463
2016-08-19,2013-08-21,QQQ,0.1715373437312957,-0.16104423903281373
2016-08-19,2013-08-21,selected,0.16808215766132095,-0.14780612374881463
2016-08-22,2013-08-22,QQQ,0.1731822676700019,-0.16104423903281295
2016-08-22,2013-08-22,selected,0.16972463946897642,-0.14780612374881452
2016-08-23,2013-08-23,QQQ,0.17006714243639398,-0.16104423903281306
2016-08-23,2013-08-23,selected,0.16663054875507366,-0.14780612374881408
2016-08-24,2013-08-26,QQQ,0.16494574842409637,-0.16104423903281329
2016-08-24,2013-08-26,selected,0.16153026515875135,-0.14780612374881463
2016-08-25,2013-08-27,QQQ,0.16411148921992313,-0.16104423903281295
2016-08-25,2013-08-27,selected,0.1606966658575073,-0.14780612374881485
2016-08-26,2013-08-28,QQQ,0.17273248766259997,-0.16104423903281362
2016-08-26,2013-08-28,selected,0.16917108964332583,-0.14780612374881463
2016-08-29,2013-08-29,QQQ,0.17176240457906133,-0.16104423903281295
2016-08-29,2013-08-29,selected,0.16823147248359382,-0.14780612374881452
2016-08-30,2013-08-30,QQQ,0.16776334038996632,-0.16104423903281362
2016-08-30,2013-08-30,selected,0.16427019720520786,-0.14780612374881474
2016-08-31,2013-09-03,QQQ,0.16988331264472323,-0.1610442390328134
2016-08-31,2013-09-03,selected,0.1663750814948317,-0.14780612374881463
2016-09-01,2013-09-04,QQQ,0.16867183664774021,-0.16104423903281306
2016-09-01,2013-09-04,selected,0.16517795527377954,-0.14780612374881474
2016-09-02,2013-09-05,QQQ,0.16580614625439405,-0.16104423903281295
2016-09-02,2013-09-05,selected,0.16238268991944804,-0.1478061237488143
2016-09-06,2013-09-06,QQQ,0.16756389699987273,-0.16104423903281306
2016-09-06,2013-09-06,selected,0.16418324095806947,-0.14780612374881408
2016-09-07,2013-09-09,QQQ,0.16733930410478082,-0.16104423903281295
2016-09-07,2013-09-09,selected,0.16393063168824318,-0.14780612374881452
2016-09-08,2013-09-10,QQQ,0.16054993600078094,-0.16104423903281317
2016-09-08,2013-09-10,selected,0.1572160463039487,-0.14780612374881463
2016-09-09,2013-09-11,QQQ,0.14886563341076986,-0.16104423903281306
2016-09-09,2013-09-11,selected,0.14567335944771775,-0.14780612374881463
2016-09-12,2013-09-12,QQQ,0.15643425644492348,-0.16104423903281362
2016-09-12,2013-09-12,selected,0.1531477358472122,-0.14780612374881508
2016-09-13,2013-09-13,QQQ,0.15322420429805717,-0.1610442390328135
2016-09-13,2013-09-13,selected,0.15000023071717972,-0.14780612374881474
2016-09-14,2013-09-16,QQQ,0.15480830382316424,-0.16104423903281362
2016-09-14,2013-09-16,selected,0.15156522027540342,-0.14780612374881474
2016-09-15,2013-09-17,QQQ,0.16180202760074747,-0.16104423903281317
2016-09-15,2013-09-17,selected,0.15847977375112787,-0.14780612374881463
2016-09-16,2013-09-18,QQQ,0.15904209886561405,-0.1610442390328134
2016-09-16,2013-09-18,selected,0.1557533789200447,-0.1478061237488144
2016-09-19,2013-09-19,QQQ,0.15276908385280996,-0.16104423903281362
2016-09-19,2013-09-19,selected,0.14948633941308742,-0.1478061237488143
2016-09-20,2013-09-20,QQQ,0.15257285263059317,-0.16104423903281295
2016-09-20,2013-09-20,selected,0.14930524530807632,-0.14780612374881508
2016-09-21,2013-09-23,QQQ,0.15766258368360053,-0.1610442390328134
2016-09-21,2013-09-23,selected,0.15440306159736772,-0.14780612374881485
2016-09-22,2013-09-24,QQQ,0.1615093286410607,-0.16104423903281362
2016-09-22,2013-09-24,selected,0.15820739809249829,-0.14780612374881485
2016-09-23,2013-09-25,QQQ,0.15903324257270324,-0.16104423903281362
2016-09-23,2013-09-25,selected,0.15575515607946766,-0.14780612374881508
2016-09-26,2013-09-26,QQQ,0.15711453036359901,-0.1610442390328135
2016-09-26,2013-09-26,selected,0.1538515843165973,-0.14780612374881497
2016-09-27,2013-09-27,QQQ,0.15792586241467443,-0.16104423903281317
2016-09-27,2013-09-27,selected,0.15465910571437202,-0.14780612374881485
2016-09-28,2013-09-30,QQQ,0.15906500700584303,-0.1610442390328134
2016-09-28,2013-09-30,selected,0.1557661093447178,-0.1478061237488143
2016-09-29,2013-10-01,QQQ,0.15718666644990686,-0.16104423903281317
2016-09-29,2013-10-01,selected,0.15391296841675328,-0.14780612374881452
2016-09-30,2013-10-02,QQQ,0.15616451752854688,-0.1610442390328135
2016-09-30,2013-10-02,selected,0.152930711871897,-0.1478061237488142
2016-10-03,2013-10-03,QQQ,0.15575751120678194,-0.1610442390328134
2016-10-03,2013-10-03,selected,0.15248992370550263,-0.14780612374881508
2016-10-04,2013-10-04,QQQ,0.15970356874799863,-0.16104423903281329
2016-10-04,2013-10-04,selected,0.1563302564510467,-0.14780612374881397
2016-10-05,2013-10-07,QQQ,0.15774942781887202,-0.16104423903281306
2016-10-05,2013-10-07,selected,0.1544014495465289,-0.1478061237488142
2016-10-06,2013-10-08,QQQ,0.16077980031939187,-0.1610442390328134
2016-10-06,2013-10-08,selected,0.15736165757367626,-0.14780612374881474
2016-10-07,2013-10-09,QQQ,0.1674930998996207,-0.16104423903281317
2016-10-07,2013-10-09,selected,0.16398864553681491,-0.1478061237488143
2016-10-10,2013-10-10,QQQ,0.1711661519705141,-0.16104423903281395
2016-10-10,2013-10-10,selected,0.16763669712266993,-0.14780612374881497
2016-10-11,2013-10-11,QQQ,0.15746048174898686,-0.16104423903281317
2016-10-11,2013-10-11,selected,0.15410853279292658,-0.14780612374881452
2016-10-12,2013-10-14,QQQ,0.15410583043600656,-0.1610442390328134
2016-10-12,2013-10-14,selected,0.15081947500873616,-0.1478061237488144
2016-10-13,2013-10-15,QQQ,0.15002494541839306,-0.16104423903281329
2016-10-13,2013-10-15,selected,0.14680413731101338,-0.14780612374881452
2016-10-14,2013-10-16,QQQ,0.15197729563541995,-0.16104423903281306
2016-10-14,2013-10-16,selected,0.1487084610512066,-0.14780612374881463
2016-10-17,2013-10-17,QQQ,0.14661562136273987,-0.16104423903281317
2016-10-17,2013-10-17,selected,0.14341546222925738,-0.14780612374881474
2016-10-18,2013-10-18,QQQ,0.14782290380464347,-0.16104423903281295
2016-10-18,2013-10-18,selected,0.1445682655928815,-0.14780612374881463
2016-10-19,2013-10-21,QQQ,0.14165651800876278,-0.16104423903281373
2016-10-19,2013-10-21,selected,0.13849148164358294,-0.14780612374881474
2016-10-20,2013-10-22,QQQ,0.14037211798894167,-0.16104423903281329
2016-10-20,2013-10-22,selected,0.1372195958846376,-0.14780612374881408
2016-10-21,2013-10-23,QQQ,0.14123695092099453,-0.1610442390328135
2016-10-21,2013-10-23,selected,0.13803920729293329,-0.14780612374881463
2016-10-24,2013-10-24,QQQ,0.14811632080988857,-0.16104423903281295
2016-10-24,2013-10-24,selected,0.14482903452354412,-0.14780612374881497
2016-10-25,2013-10-25,QQQ,0.14522419215288296,-0.16104423903281284
2016-10-25,2013-10-25,selected,0.1419787594976336,-0.1478061237488144
2016-10-26,2013-10-28,QQQ,0.1399069584029462,-0.1610442390328135
2016-10-26,2013-10-28,selected,0.13670892817593439,-0.14780612374881474
2016-10-27,2013-10-29,QQQ,0.13807944248257598,-0.1610442390328134
2016-10-27,2013-10-29,selected,0.1348998592256847,-0.14780612374881485
2016-10-28,2013-10-30,QQQ,0.13505384758338157,-0.1610442390328134
2016-10-28,2013-10-30,selected,0.13192582739641612,-0.14780612374881497
2016-10-31,2013-10-31,QQQ,0.13506277479631645,-0.16104423903281362
2016-10-31,2013-10-31,selected,0.1319570746906904,-0.14780612374881474
2016-11-01,2013-11-01,QQQ,0.13307522449744602,-0.16104423903281329
2016-11-01,2013-11-01,selected,0.13001460980856105,-0.14780612374881508
2016-11-02,2013-11-04,QQQ,0.12995092387133766,-0.1610442390328134
2016-11-02,2013-11-04,selected,0.1269492246852686,-0.1478061237488144
2016-11-03,2013-11-05,QQQ,0.12569995905206954,-0.16104423903281306
2016-11-03,2013-11-05,selected,0.12275695838160172,-0.14780612374881474
2016-11-04,2013-11-06,QQQ,0.12397595927507132,-0.1610442390328135
2016-11-04,2013-11-06,selected,0.12107132410291599,-0.1478061237488144
2016-11-07,2013-11-07,QQQ,0.1328982424260532,-0.16104423903281329
2016-11-07,2013-11-07,selected,0.1298491495568863,-0.14780612374881463
2016-11-08,2013-11-08,QQQ,0.14256321887917545,-0.1610442390328134
2016-11-08,2013-11-08,selected,0.13939704472838876,-0.14780612374881452
2016-11-09,2013-11-11,QQQ,0.13921045150354616,-0.1610442390328134
2016-11-09,2013-11-11,selected,0.13608081253584814,-0.14780612374881452
2016-11-10,2013-11-12,QQQ,0.1336399212598376,-0.1610442390328135
2016-11-10,2013-11-12,selected,0.1305502750022267,-0.14780612374881485
2016-11-11,2013-11-13,QQQ,0.13320766048809562,-0.1610442390328134
2016-11-11,2013-11-13,selected,0.13010406765968208,-0.14780612374881463
2016-11-14,2013-11-14,QQQ,0.12485381476851165,-0.1610442390328134
2016-11-14,2013-11-14,selected,0.12183277515204782,-0.1478061237488144
2016-11-15,2013-11-15,QQQ,0.12886081120769433,-0.16104423903281295
2016-11-15,2013-11-15,selected,0.12578814053048282,-0.1478061237488142
2016-11-16,2013-11-18,QQQ,0.13037163085044767,-0.16104423903281329
2016-11-16,2013-11-18,selected,0.12727562236190715,-0.14780612374881452
2016-11-17,2013-11-19,QQQ,0.13681742822903775,-0.1610442390328135
2016-11-17,2013-11-19,selected,0.13363672169012464,-0.14780612374881485
2016-11-18,2013-11-20,QQQ,0.13649443878021028,-0.16104423903281362
2016-11-18,2013-11-20,selected,0.13330942334346396,-0.14780612374881463
2016-11-21,2013-11-21,QQQ,0.14133886587405908,-0.1610442390328135
2016-11-21,2013-11-21,selected,0.13814788017043322,-0.14780612374881452
2016-11-22,2013-11-22,QQQ,0.1386509591748979,-0.16104423903281317
2016-11-22,2013-11-22,selected,0.13549317739081257,-0.1478061237488143
2016-11-23,2013-11-25,QQQ,0.13508229845416508,-0.1610442390328135
2016-11-23,2013-11-25,selected,0.1319320259512038,-0.14780612374881463
2016-11-25,2013-11-26,QQQ,0.1353945077671883,-0.16104423903281262
2016-11-25,2013-11-26,selected,0.13223321739207416,-0.14780612374881408
2016-11-28,2013-11-27,QQQ,0.1325641986341053,-0.1610442390328135
2016-11-28,2013-11-27,selected,0.12947432226135724,-0.14780612374881463
2016-11-29,2013-11-29,QQQ,0.13124540681682406,-0.16104423903281329
2016-11-29,2013-11-29,selected,0.12817395167015255,-0.1478061237488144
2016-11-30,2013-12-02,QQQ,0.12442334954855272,-0.16104423903281329
2016-11-30,2013-12-02,selected,0.12138876906405383,-0.1478061237488142
2016-12-01,2013-12-03,QQQ,0.11899902368712678,-0.16104423903281317
2016-12-01,2013-12-03,selected,0.11606192610783506,-0.14780612374881452
2016-12-02,2013-12-04,QQQ,0.12004720915031974,-0.16104423903281329
2016-12-02,2013-12-04,selected,0.11710003350441989,-0.1478061237488144
2016-12-05,2013-12-05,QQQ,0.12259354037418357,-0.1610442390328134
2016-12-05,2013-12-05,selected,0.11959013497642612,-0.14780612374881463
2016-12-06,2013-12-06,QQQ,0.1239737507194203,-0.16104423903281329
2016-12-06,2013-12-06,selected,0.1209729814410887,-0.14780612374881463
2016-12-07,2013-12-09,QQQ,0.12597903146693,-0.16104423903281329
2016-12-07,2013-12-09,selected,0.12295614604427185,-0.14780612374881463
2016-12-08,2013-12-10,QQQ,0.1251201705168974,-0.16104423903281306
2016-12-08,2013-12-10,selected,0.12208983482894764,-0.14780612374881452
2016-12-09,2013-12-11,QQQ,0.12831569692404354,-0.16104423903281295
2016-12-09,2013-12-11,selected,0.1252052140351112,-0.14780612374881397
2016-12-12,2013-12-12,QQQ,0.13148620954903545,-0.16104423903281329
2016-12-12,2013-12-12,selected,0.1283602584456769,-0.14780612374881452
2016-12-13,2013-12-13,QQQ,0.1372021436712556,-0.16104423903281329
2016-12-13,2013-12-13,selected,0.13403621876552996,-0.14780612374881474
2016-12-14,2013-12-16,QQQ,0.13690562145152296,-0.16104423903281317
2016-12-14,2013-12-16,selected,0.1336959210037707,-0.14780612374881408
2016-12-15,2013-12-17,QQQ,0.13541163914330512,-0.16104423903281373
2016-12-15,2013-12-17,selected,0.1322079449582969,-0.1478061237488142
2016-12-16,2013-12-18,QQQ,0.13476133060216466,-0.1610442390328135
2016-12-16,2013-12-18,selected,0.13158421174694968,-0.14780612374881563
2016-12-19,2013-12-19,QQQ,0.1319388913501065,-0.16104423903281317
2016-12-19,2013-12-19,selected,0.12881991416982697,-0.14780612374881474
2016-12-20,2013-12-20,QQQ,0.13443656415163052,-0.16104423903281317
2016-12-20,2013-12-20,selected,0.1313103846651913,-0.14780612374881474
2016-12-21,2013-12-23,QQQ,0.13033047835959577,-0.16104423903281273
2016-12-21,2013-12-23,selected,0.12723442515726635,-0.14780612374881463
2016-12-22,2013-12-24,QQQ,0.1253334865604634,-0.16104423903281329
2016-12-22,2013-12-24,selected,0.1223037677574701,-0.1478061237488154
2016-12-23,2013-12-26,QQQ,0.1254116112821997,-0.1610442390328135
2016-12-23,2013-12-26,selected,0.122384159765911,-0.1478061237488143
2016-12-27,2013-12-27,QQQ,0.12609977675497364,-0.16104423903281306
2016-12-27,2013-12-27,selected,0.1230679633101126,-0.14780612374881452
2016-12-28,2013-12-30,QQQ,0.12411209295651426,-0.1610442390328135
2016-12-28,2013-12-30,selected,0.12110266326285402,-0.1478061237488142
2016-12-29,2013-12-31,QQQ,0.12413742117885773,-0.16104423903281295
2016-12-29,2013-12-31,selected,0.12116817804490077,-0.14780612374881452
2016-12-30,2014-01-02,QQQ,0.1178488249195071,-0.16104423903281306
2016-12-30,2014-01-02,selected,0.11494446117118651,-0.14780612374881474
2017-01-03,2014-01-03,QQQ,0.12411978113514155,-0.1610442390328135
2017-01-03,2014-01-03,selected,0.1211293701017806,-0.1478061237488143
2017-01-04,2014-01-06,QQQ,0.12887670872737056,-0.1610442390328134
2017-01-04,2014-01-06,selected,0.1258218571938592,-0.1478061237488143
2017-01-05,2014-01-07,QQQ,0.13239744139798804,-0.1610442390328134
2017-01-05,2014-01-07,selected,0.12932398164261638,-0.14780612374881452
2017-01-06,2014-01-08,QQQ,0.13221102380760774,-0.16104423903281295
2017-01-06,2014-01-08,selected,0.12912854917939187,-0.1478061237488143
2017-01-09,2014-01-09,QQQ,0.13262511995943305,-0.16104423903281295
2017-01-09,2014-01-09,selected,0.12955642880442397,-0.14780612374881497
2017-01-10,2014-01-10,QQQ,0.13471533993196627,-0.16104423903281362
2017-01-10,2014-01-10,selected,0.13161662916179706,-0.14780612374881452
2017-01-11,2014-01-13,QQQ,0.1345171083998944,-0.16104423903281317
2017-01-11,2014-01-13,selected,0.13139815291102552,-0.14780612374881485
2017-01-12,2014-01-14,QQQ,0.1395731365916757,-0.16104423903281295
2017-01-12,2014-01-14,selected,0.13638633198979022,-0.1478061237488143
2017-01-13,2014-01-15,QQQ,0.13371115429649483,-0.1610442390328134
2017-01-13,2014-01-15,selected,0.13061457087596517,-0.14780612374881452
2017-01-17,2014-01-16,QQQ,0.12949028364209125,-0.1610442390328135
2017-01-17,2014-01-16,selected,0.12647886521581286,-0.14780612374881497
2017-01-18,2014-01-17,QQQ,0.1302137399037795,-0.1610442390328134
2017-01-18,2014-01-17,selected,0.12716431246164706,-0.14780612374881452
2017-01-19,2014-01-21,QQQ,0.1321693138274893,-0.1610442390328135
2017-01-19,2014-01-21,selected,0.12907267469493555,-0.1478061237488143
2017-01-20,2014-01-22,QQQ,0.13013225265977857,-0.16104423903281317
2017-01-20,2014-01-22,selected,0.12707269488541706,-0.1478061237488144
2017-01-23,2014-01-23,QQQ,0.1294608271113895,-0.16104423903281273
2017-01-23,2014-01-23,selected,0.12642862107899067,-0.14780612374881463
2017-01-24,2014-01-24,QQQ,0.1332662894588521,-0.1610442390328134
2017-01-24,2014-01-24,selected,0.13014076336131097,-0.14780612374881452
2017-01-25,2014-01-27,QQQ,0.14460900523457587,-0.16104423903281373
2017-01-25,2014-01-27,selected,0.14131528722770237,-0.14780612374881463
2017-01-26,2014-01-28,QQQ,0.14872444558696185,-0.16104423903281295
2017-01-26,2014-01-28,selected,0.14538462522341367,-0.14780612374881485
2017-01-27,2014-01-29,QQQ,0.14967904294972434,-0.16104423903281406
2017-01-27,2014-01-29,selected,0.14632777909358752,-0.1478061237488143
2017-01-30,2014-01-30,QQQ,0.15081141494633643,-0.16104423903281329
2017-01-30,2014-01-30,selected,0.14742907443261766,-0.14780612374881463
2017-01-31,2014-01-31,QQQ,0.14304216106623335,-0.16104423903281273
2017-01-31,2014-01-31,selected,0.1398105646741259,-0.1478061237488144
2017-02-01,2014-02-03,QQQ,0.146683983197754,-0.16104423903281306
2017-02-01,2014-02-03,selected,0.14338466816809348,-0.1478061237488144
2017-02-02,2014-02-04,QQQ,0.15525530808723786,-0.16104423903281273
2017-02-02,2014-02-04,selected,0.15183638862483373,-0.14780612374881485
2017-02-03,2014-02-05,QQQ,0.15353898943481625,-0.1610442390328135
2017-02-03,2014-02-05,selected,0.15015789017679282,-0.14780612374881497
2017-02-06,2014-02-06,QQQ,0.15499612106028704,-0.16104423903281373
2017-02-06,2014-02-06,selected,0.15162080061507832,-0.1478061237488144
2017-02-07,2014-02-07,QQQ,0.15152741049025242,-0.16104423903281317
2017-02-07,2014-02-07,selected,0.14819902160350762,-0.14780612374881497
2017-02-08,2014-02-10,QQQ,0.1453948919890944,-0.16104423903281317
2017-02-08,2014-02-10,selected,0.14215039688291964,-0.14780612374881474
2017-02-09,2014-02-11,QQQ,0.1446005868179332,-0.16104423903281329
2017-02-09,2014-02-11,selected,0.14133700696046714,-0.1478061237488143
2017-02-10,2014-02-12,QQQ,0.1415437140941982,-0.16104423903281306
2017-02-10,2014-02-12,selected,0.13830686965985506,-0.14780612374881408
2017-02-13,2014-02-13,QQQ,0.14296159710133338,-0.16104423903281273
2017-02-13,2014-02-13,selected,0.13969886477289317,-0.14780612374881485
2017-02-14,2014-02-14,QQQ,0.14142364439914434,-0.16104423903281306
2017-02-14,2014-02-14,selected,0.1381562873085651,-0.14780612374881497
2017-02-15,2014-02-18,QQQ,0.14290435164239867,-0.16104423903281317
2017-02-15,2014-02-18,selected,0.13960019294062653,-0.14780612374881452
2017-02-16,2014-02-19,QQQ,0.1409263032003778,-0.1610442390328135
2017-02-16,2014-02-19,selected,0.13765578178624893,-0.1478061237488143
2017-02-17,2014-02-20,QQQ,0.14520005479550857,-0.16104423903281306
2017-02-17,2014-02-20,selected,0.14189083511204026,-0.14780612374881485
2017-02-21,2014-02-21,QQQ,0.14529316560216143,-0.1610442390328135
2017-02-21,2014-02-21,selected,0.14197142168769772,-0.14780612374881463
2017-02-22,2014-02-24,QQQ,0.14594858613049166,-0.16104423903281317
2017-02-22,2014-02-24,selected,0.142618911364071,-0.14780612374881452
2017-02-23,2014-02-25,QQQ,0.14248353619440812,-0.1610442390328135
2017-02-23,2014-02-25,selected,0.13920614240835838,-0.14780612374881463
2017-02-24,2014-02-26,QQQ,0.14363696836085715,-0.1610442390328134
2017-02-24,2014-02-26,selected,0.14035574742772527,-0.14780612374881463
2017-02-27,2014-02-27,QQQ,0.14444312128870695,-0.1610442390328135
2017-02-27,2014-02-27,selected,0.14115104277466295,-0.1478061237488144
2017-02-28,2014-02-28,QQQ,0.1408101167765936,-0.16104423903281428
2017-02-28,2014-02-28,selected,0.13756699136198924,-0.14780612374881463
2017-03-01,2014-03-03,QQQ,0.14537044085488193,-0.1610442390328134
2017-03-01,2014-03-03,selected,0.14205746609060999,-0.14780612374881485
2017-03-02,2014-03-04,QQQ,0.1462910481237798,-0.16104423903281329
2017-03-02,2014-03-04,selected,0.1429218972251316,-0.14780612374881452
2017-03-03,2014-03-05,QQQ,0.14217185553862066,-0.16104423903281284
2017-03-03,2014-03-05,selected,0.13887711346946774,-0.14780612374881474
2017-03-06,2014-03-06,QQQ,0.14028313882823462,-0.1610442390328134
2017-03-06,2014-03-06,selected,0.13700156439560707,-0.14780612374881408
2017-03-07,2014-03-07,QQQ,0.13997708444664014,-0.16104423903281284
2017-03-07,2014-03-07,selected,0.1366808854874768,-0.14780612374881497
2017-03-08,2014-03-10,QQQ,0.1425330112407015,-0.16104423903281329
2017-03-08,2014-03-10,selected,0.13919925920823273,-0.14780612374881452
2017-03-09,2014-03-11,QQQ,0.14248793712857455,-0.16104423903281284
2017-03-09,2014-03-11,selected,0.1391416679516735,-0.14780612374881508
2017-03-10,2014-03-12,QQQ,0.1457325504365019,-0.16104423903281284
2017-03-10,2014-03-12,selected,0.14234551441018928,-0.14780612374881474
2017-03-13,2014-03-13,QQQ,0.14493534913560913,-0.1610442390328135
2017-03-13,2014-03-13,selected,0.14152572811032704,-0.14780612374881485
2017-03-14,2014-03-14,QQQ,0.14944802167011395,-0.16104423903281373
2017-03-14,2014-03-14,selected,0.14596016949406354,-0.14780612374881485
2017-03-15,2014-03-17,QQQ,0.15444215677400885,-0.16104423903281306
2017-03-15,2014-03-17,selected,0.15091475613516958,-0.14780612374881485
2017-03-16,2014-03-18,QQQ,0.15081515696732395,-0.1610442390328123
2017-03-16,2014-03-18,selected,0.14735260477294787,-0.14780612374881497
2017-03-17,2014-03-19,QQQ,0.14608718365908535,-0.16104423903281329
2017-03-17,2014-03-19,selected,0.1427020819940612,-0.14780612374881452
2017-03-20,2014-03-20,QQQ,0.1485113079434739,-0.16104423903281306
2017-03-20,2014-03-20,selected,0.14513682360003766,-0.14780612374881474
2017-03-21,2014-03-21,QQQ,0.14161705912056632,-0.16104423903281295
2017-03-21,2014-03-21,selected,0.13835639884168116,-0.1478061237488142
2017-03-22,2014-03-24,QQQ,0.14881750307057207,-0.16104423903281373
2017-03-22,2014-03-24,selected,0.14545675130160318,-0.1478061237488144
2017-03-23,2014-03-25,QQQ,0.15122281678264238,-0.16104423903281295
2017-03-23,2014-03-25,selected,0.14784406817696638,-0.1478061237488142
2017-03-24,2014-03-26,QQQ,0.15075738405124572,-0.16104423903281317
2017-03-24,2014-03-26,selected,0.14739014232019754,-0.1478061237488142
2017-03-27,2014-03-27,QQQ,0.15635986891159237,-0.16104423903281284
2017-03-27,2014-03-27,selected,0.15293700096984875,-0.14780612374881485
2017-03-28,2014-03-28,QQQ,0.16088601333304098,-0.16104423903281329
2017-03-28,2014-03-28,selected,0.1573974267910836,-0.14780612374881485
2017-03-29,2014-03-31,QQQ,0.16191909169318341,-0.1610442390328135
2017-03-29,2014-03-31,selected,0.15842665114972543,-0.14780612374881497
2017-03-30,2014-04-01,QQQ,0.15981603737146877,-0.16104423903281317
2017-03-30,2014-04-01,selected,0.15633880641207054,-0.14780612374881452
2017-03-31,2014-04-02,QQQ,0.15284221679635945,-0.16104423903281329
2017-03-31,2014-04-02,selected,0.14947260718196387,-0.14780612374881452
2017-04-03,2014-04-03,QQQ,0.15162113182106118,-0.16104423903281317
2017-04-03,2014-04-03,selected,0.1482739559635735,-0.14780612374881452
2017-04-04,2014-04-04,QQQ,0.15529527596468018,-0.16104423903281317
2017-04-04,2014-04-04,selected,0.1519000580106067,-0.14780612374881463
2017-04-05,2014-04-07,QQQ,0.16413764751803872,-0.16104423903281373
2017-04-05,2014-04-07,selected,0.1606080710054063,-0.14780612374881485
2017-04-06,2014-04-08,QQQ,0.16805172387363654,-0.1610442390328134
2017-04-06,2014-04-08,selected,0.1644672242880869,-0.14780612374881497
2017-04-07,2014-04-09,QQQ,0.16427248142978979,-0.16104423903281306
2017-04-07,2014-04-09,selected,0.1607178318108049,-0.1478061237488153
2017-04-10,2014-04-10,QQQ,0.15784117382962815,-0.16104423903281317
2017-04-10,2014-04-10,selected,0.1543723398720902,-0.14780612374881474
2017-04-11,2014-04-11,QQQ,0.1683617209994006,-0.1610442390328134
2017-04-11,2014-04-11,selected,0.16476727324907947,-0.14780612374881485
2017-04-12,2014-04-14,QQQ,0.17134905988048366,-0.16104423903281317
2017-04-12,2014-04-14,selected,0.16772896612487065,-0.1478061237488143
2017-04-13,2014-04-15,QQQ,0.16675252885702552,-0.16104423903281306
2017-04-13,2014-04-15,selected,0.16318843841789876,-0.14780612374881463
2017-04-17,2014-04-16,QQQ,0.16867937465535077,-0.16104423903281306
2017-04-17,2014-04-16,selected,0.16510001383380613,-0.1478061237488143
2017-04-18,2014-04-17,QQQ,0.16295890348754605,-0.1610442390328135
2017-04-18,2014-04-17,selected,0.1594665900016612,-0.1478061237488144
2017-04-19,2014-04-21,QQQ,0.16348865369539256,-0.16104423903281329
2017-04-19,2014-04-21,selected,0.1599910573908998,-0.14780612374881463
2017-04-20,2014-04-22,QQQ,0.16385075791131487,-0.16104423903281373
2017-04-20,2014-04-22,selected,0.1603535704739676,-0.14780612374881508
2017-04-21,2014-04-23,QQQ,0.16069698246101805,-0.16104423903281284
2017-04-21,2014-04-23,selected,0.15725116797786387,-0.14780612374881474
2017-04-24,2014-04-24,QQQ,0.1687851769366746,-0.16104423903281362
2017-04-24,2014-04-24,selected,0.1652197066860721,-0.14780612374881474
2017-04-25,2014-04-25,QQQ,0.16788293604463034,-0.1610442390328134
2017-04-25,2014-04-25,selected,0.16429502612834357,-0.14780612374881452
2017-04-26,2014-04-28,QQQ,0.17362179243166875,-0.16104423903281306
2017-04-26,2014-04-28,selected,0.16995325713259035,-0.14780612374881474
2017-04-27,2014-04-29,QQQ,0.1746948086021003,-0.16104423903281306
2017-04-27,2014-04-29,selected,0.17101497022027456,-0.14780612374881474
2017-04-28,2014-04-30,QQQ,0.17227673393803333,-0.16104423903281384
2017-04-28,2014-04-30,selected,0.16863535416098818,-0.1478061237488144
2017-05-01,2014-05-01,QQQ,0.17471089450447908,-0.16104423903281384
2017-05-01,2014-05-01,selected,0.17102069254187158,-0.14780612374881474
2017-05-02,2014-05-02,QQQ,0.17420363837156394,-0.16104423903281317
2017-05-02,2014-05-02,selected,0.1705211248938625,-0.14780612374881452
2017-05-03,2014-05-05,QQQ,0.17366407513839954,-0.16104423903281373
2017-05-03,2014-05-05,selected,0.1699581840548332,-0.14780612374881463
2017-05-04,2014-05-06,QQQ,0.1717565204714686,-0.1610442390328134
2017-05-04,2014-05-06,selected,0.16804789153930044,-0.14780612374881463
2017-05-05,2014-05-07,QQQ,0.17829311827988992,-0.16104423903281317
2017-05-05,2014-05-07,selected,0.17450589470303202,-0.1478061237488143
2017-05-08,2014-05-08,QQQ,0.18028327906351005,-0.16104423903281362
2017-05-08,2014-05-08,selected,0.1764797704199752,-0.14780612374881452
2017-05-09,2014-05-09,QQQ,0.18201603918043707,-0.16104423903281329
2017-05-09,2014-05-09,selected,0.17818431764411424,-0.14780612374881485
2017-05-10,2014-05-12,QQQ,0.18078921116623525,-0.16104423903281362
2017-05-10,2014-05-12,selected,0.17698239518242476,-0.14780612374881397
2017-05-11,2014-05-13,QQQ,0.17406399172425235,-0.16104423903281273
2017-05-11,2014-05-13,selected,0.17034789993490285,-0.1478061237488142
2017-05-12,2014-05-14,QQQ,0.17467437737520242,-0.16104423903281317
2017-05-12,2014-05-14,selected,0.1709577864173204,-0.14780612374881452
2017-05-15,2014-05-15,QQQ,0.17796536940206398,-0.16104423903281306
2017-05-15,2014-05-15,selected,0.174188981295041,-0.1478061237488154
2017-05-16,2014-05-16,QQQ,0.18270644876123754,-0.16104423903281362
2017-05-16,2014-05-16,selected,0.1788791759763031,-0.14780612374881474
2017-05-17,2014-05-19,QQQ,0.1700506345332211,-0.16104423903281284
2017-05-17,2014-05-19,selected,0.16643065733273077,-0.1478061237488143
2017-05-18,2014-05-20,QQQ,0.17074399356273062,-0.16104423903281306
2017-05-18,2014-05-20,selected,0.1671171986140496,-0.1478061237488144
2017-05-19,2014-05-21,QQQ,0.1738096080669267,-0.1610442390328135
2017-05-19,2014-05-21,selected,0.1701496398201643,-0.14780612374881408
2017-05-22,2014-05-22,QQQ,0.17337188790580194,-0.1610442390328144
2017-05-22,2014-05-22,selected,0.16973100891944704,-0.14780612374881474
2017-05-23,2014-05-23,QQQ,0.17205317211308002,-0.1610442390328134
2017-05-23,2014-05-23,selected,0.1684131329476879,-0.1478061237488142
2017-05-24,2014-05-27,QQQ,0.1710109139871685,-0.16104423903281395
2017-05-24,2014-05-27,selected,0.167393762388943,-0.14780612374881452
2017-05-25,2014-05-28,QQQ,0.1694867490321692,-0.16104423903281362
2017-05-25,2014-05-28,selected,0.16591475677406597,-0.14780612374881485
2017-05-26,2014-05-29,QQQ,0.1713803809513128,-0.16104423903281317
2017-05-26,2014-05-29,selected,0.16779418952372493,-0.14780612374881485
2017-05-30,2014-05-30,QQQ,0.16922574221628062,-0.1610442390328134
2017-05-30,2014-05-30,selected,0.16566993091193516,-0.14780612374881485
2017-05-31,2014-06-02,QQQ,0.1690453165021888,-0.16104423903281329
2017-05-31,2014-06-02,selected,0.1655038123101269,-0.14780612374881474
2017-06-01,2014-06-03,QQQ,0.17094500594772644,-0.16104423903281362
2017-06-01,2014-06-03,selected,0.16739819600545758,-0.14780612374881474
2017-06-02,2014-06-04,QQQ,0.17555773215762938,-0.16104423903281362
2017-06-02,2014-06-04,selected,0.17196927200548817,-0.14780612374881452
2017-06-05,2014-06-05,QQQ,0.17401826905840045,-0.1610442390328135
2017-06-05,2014-06-05,selected,0.1704501184652254,-0.14780612374881452
2017-06-06,2014-06-06,QQQ,0.16919144033228783,-0.1610442390328134
2017-06-06,2014-06-06,selected,0.1656898198589143,-0.14780612374881497
2017-06-07,2014-06-09,QQQ,0.16848442999263735,-0.1610442390328134
2017-06-07,2014-06-09,selected,0.16498594784794163,-0.1478061237488142
2017-06-08,2014-06-10,QQQ,0.16918597785484102,-0.1610442390328134
2017-06-08,2014-06-10,selected,0.16566654166178485,-0.14780612374881452
2017-06-09,2014-06-11,QQQ,0.15869232611793316,-0.16104423903281262
2017-06-09,2014-06-11,selected,0.1552929590738148,-0.14780612374881508
2017-06-12,2014-06-12,QQQ,0.15670221373338755,-0.16104423903281273
2017-06-12,2014-06-12,selected,0.15332815643297693,-0.14780612374881485
2017-06-13,2014-06-13,QQQ,0.16334026998883067,-0.16104423903281284
2017-06-13,2014-06-13,selected,0.1598615975378901,-0.14780612374881474
2017-06-14,2014-06-16,QQQ,0.16051897902643208,-0.1610442390328134
2017-06-14,2014-06-16,selected,0.15707471420241292,-0.1478061237488143
2017-06-15,2014-06-17,QQQ,0.15846585278477487,-0.1610442390328135
2017-06-15,2014-06-17,selected,0.15504492668197667,-0.1478061237488144
2017-06-16,2014-06-18,QQQ,0.1565791612170766,-0.16104423903281362
2017-06-16,2014-06-18,selected,0.15319385018842047,-0.14780612374881474
2017-06-19,2014-06-19,QQQ,0.1608180441655167,-0.16104423903281362
2017-06-19,2014-06-19,selected,0.1573483019746833,-0.14780612374881463
2017-06-20,2014-06-20,QQQ,0.15802884379024418,-0.16104423903281262
2017-06-20,2014-06-20,selected,0.15455466238658322,-0.14780612374881452
2017-06-21,2014-06-23,QQQ,0.16138352038675285,-0.16104423903281384
2017-06-21,2014-06-23,selected,0.15787180658346545,-0.14780612374881463
2017-06-22,2014-06-24,QQQ,0.1611899263836314,-0.16104423903281306
2017-06-22,2014-06-24,selected,0.15768401597010806,-0.14780612374881474
2017-06-23,2014-06-25,QQQ,0.16304960595675566,-0.16104423903281329
2017-06-23,2014-06-25,selected,0.15951514209582807,-0.14780612374881408
2017-06-26,2014-06-26,QQQ,0.15878193809978236,-0.16104423903281384
2017-06-26,2014-06-26,selected,0.1552913327279728,-0.14780612374881463
2017-06-27,2014-06-27,QQQ,0.1515271273041947,-0.1610442390328134
2017-06-27,2014-06-27,selected,0.14812765430934438,-0.14780612374881463
2017-06-28,2014-06-30,QQQ,0.1553454287611873,-0.16104423903281295
2017-06-28,2014-06-30,selected,0.15189218190727716,-0.1478061237488144
2017-06-29,2014-07-01,QQQ,0.1479703034320412,-0.16104423903281329
2017-06-29,2014-07-01,selected,0.1445790326062677,-0.1478061237488153
2017-06-30,2014-07-02,QQQ,0.14394227014502525,-0.16104423903281362
2017-06-30,2014-07-02,selected,0.14060915040621458,-0.14780612374881463
2017-07-03,2014-07-03,QQQ,0.13927127272790085,-0.16104423903281306
2017-07-03,2014-07-03,selected,0.1359858665747713,-0.14780612374881452
2017-07-05,2014-07-07,QQQ,0.14060217774415884,-0.16104423903281362
2017-07-05,2014-07-07,selected,0.1373181424402894,-0.14780612374881485
2017-07-06,2014-07-08,QQQ,0.13831468096727217,-0.16104423903281317
2017-07-06,2014-07-08,selected,0.13504705299990238,-0.14780612374881485
2017-07-07,2014-07-09,QQQ,0.14701972041462885,-0.16104423903281329
2017-07-07,2014-07-09,selected,0.14361319130120487,-0.1478061237488144
2017-07-10,2014-07-10,QQQ,0.14668056546384167,-0.16104423903281373
2017-07-10,2014-07-10,selected,0.14327386813483156,-0.1478061237488144
2017-07-11,2014-07-11,QQQ,0.14896588027753999,-0.1610442390328134
2017-07-11,2014-07-11,selected,0.14552154151000796,-0.14780612374881474
2017-07-12,2014-07-14,QQQ,0.15102565299403836,-0.16104423903281329
2017-07-12,2014-07-14,selected,0.14756333128790922,-0.14780612374881485
2017-07-13,2014-07-15,QQQ,0.1495821357916962,-0.16104423903281306
2017-07-13,2014-07-15,selected,0.1461698619007541,-0.14780612374881452
2017-07-14,2014-07-16,QQQ,0.15391659763039267,-0.1610442390328135
2017-07-14,2014-07-16,selected,0.15047469714674122,-0.14780612374881497
2017-07-17,2014-07-17,QQQ,0.15257954216673308,-0.16104423903281329
2017-07-17,2014-07-17,selected,0.14915612276478418,-0.1478061237488153
2017-07-18,2014-07-18,QQQ,0.16028575858273797,-0.16104423903281362
2017-07-18,2014-07-18,selected,0.15674956166587095,-0.14780612374881508
2017-07-19,2014-07-21,QQQ,0.15647188357718966,-0.1610442390328135
2017-07-19,2014-07-21,selected,0.15299209000183733,-0.14780612374881463
2017-07-20,2014-07-22,QQQ,0.15746240906171471,-0.16104423903281362
2017-07-20,2014-07-22,selected,0.15397253970969138,-0.1478061237488152
2017-07-21,2014-07-23,QQQ,0.15486068365296068,-0.16104423903281295
2017-07-21,2014-07-23,selected,0.15142829953436165,-0.14780612374881508
2017-07-24,2014-07-24,QQQ,0.15415734957696947,-0.1610442390328135
2017-07-24,2014-07-24,selected,0.15073258953037727,-0.14780612374881474
2017-07-25,2014-07-25,QQQ,0.15360848059721577,-0.16104423903281395
2017-07-25,2014-07-25,selected,0.15019039162724845,-0.14780612374881463
2017-07-26,2014-07-28,QQQ,0.15636881418075177,-0.1610442390328134
2017-07-26,2014-07-28,selected,0.15291107277688742,-0.14780612374881485
2017-07-27,2014-07-29,QQQ,0.15382336295916033,-0.1610442390328135
2017-07-27,2014-07-29,selected,0.15039356075228616,-0.14780612374881508
2017-07-28,2014-07-30,QQQ,0.15417896869699854,-0.16104423903281329
2017-07-28,2014-07-30,selected,0.1507649447175825,-0.14780612374881452
2017-07-31,2014-07-31,QQQ,0.1510377639465148,-0.16104423903281317
2017-07-31,2014-07-31,selected,0.14768496733576053,-0.14780612374881485
2017-08-01,2014-08-01,QQQ,0.15978755449855409,-0.16104423903281384
2017-08-01,2014-08-01,selected,0.15635114933015215,-0.14780612374881408
2017-08-02,2014-08-04,QQQ,0.1622655245291873,-0.1610442390328134
2017-08-02,2014-08-04,selected,0.15877766557441242,-0.14780612374881485
2017-08-03,2014-08-05,QQQ,0.15811215746681295,-0.16104423903281306
2017-08-03,2014-08-05,selected,0.1546971157441166,-0.1478061237488144
2017-08-04,2014-08-06,QQQ,0.16178509067330005,-0.16104423903281284
2017-08-04,2014-08-06,selected,0.15831012188039395,-0.1478061237488154
2017-08-07,2014-08-07,QQQ,0.1645205335130977,-0.1610442390328134
2017-08-07,2014-08-07,selected,0.16099375941639726,-0.14780612374881497
2017-08-08,2014-08-08,QQQ,0.1650827865809139,-0.16104423903281306
2017-08-08,2014-08-08,selected,0.16153590812649288,-0.14780612374881474
2017-08-09,2014-08-11,QQQ,0.16178271453064386,-0.16104423903281384
2017-08-09,2014-08-11,selected,0.15828937082519068,-0.14780612374881497
2017-08-10,2014-08-12,QQQ,0.15116004277164352,-0.16104423903281317
2017-08-10,2014-08-12,selected,0.14782686512959642,-0.14780612374881508
2017-08-11,2014-08-13,QQQ,0.15422514101352736,-0.16104423903281384
2017-08-11,2014-08-13,selected,0.15086035167073364,-0.14780612374881508
2017-08-14,2014-08-14,QQQ,0.1550977564319187,-0.16104423903281317
2017-08-14,2014-08-14,selected,0.15170217782221873,-0.14780612374881463
2017-08-15,2014-08-15,QQQ,0.15337508123299348,-0.16104423903281362
2017-08-15,2014-08-15,selected,0.14998329038364355,-0.1478061237488143
2017-08-16,2014-08-18,QQQ,0.15218262010914563,-0.16104423903281306
2017-08-16,2014-08-18,selected,0.14882185189725883,-0.1478061237488144
2017-08-17,2014-08-19,QQQ,0.14135391708655964,-0.1610442390328135
2017-08-17,2014-08-19,selected,0.13815251074857127,-0.14780612374881485
2017-08-18,2014-08-20,QQQ,0.13896099434425602,-0.16104423903281306
2017-08-18,2014-08-20,selected,0.1357905466653897,-0.14780612374881497
2017-08-21,2014-08-21,QQQ,0.13847700836329535,-0.16104423903281306
2017-08-21,2014-08-21,selected,0.13532587033275978,-0.14780612374881485
2017-08-22,2014-08-22,QQQ,0.14346065622538196,-0.16104423903281329
2017-08-22,2014-08-22,selected,0.14024943493592956,-0.1478061237488144
2017-08-23,2014-08-25,QQQ,0.14152470032466424,-0.16104423903281329
2017-08-23,2014-08-25,selected,0.13834244658562556,-0.14780612374881452
2017-08-24,2014-08-26,QQQ,0.13906357150532522,-0.16104423903281306
2017-08-24,2014-08-26,selected,0.13590664539411557,-0.14780612374881474
2017-08-25,2014-08-27,QQQ,0.13788089255635239,-0.16104423903281317
2017-08-25,2014-08-27,selected,0.1347484981537619,-0.14780612374881497
2017-08-28,2014-08-28,QQQ,0.13897887394077468,-0.16104423903281329
2017-08-28,2014-08-28,selected,0.13584369337901414,-0.1478061237488152
2017-08-29,2014-08-29,QQQ,0.14089035348712065,-0.16104423903281317
2017-08-29,2014-08-29,selected,0.1377151292728407,-0.14780612374881497
2017-08-30,2014-09-02,QQQ,0.1439243411985478,-0.16104423903281306
2017-08-30,2014-09-02,selected,0.1407096753356345,-0.14780612374881497
2017-08-31,2014-09-03,QQQ,0.14688566480289555,-0.1610442390328135
2017-08-31,2014-09-03,selected,0.1436850331608861,-0.14780612374881463
2017-09-01,2014-09-04,QQQ,0.1486242138243501,-0.1610442390328135
2017-09-01,2014-09-04,selected,0.145390293009642,-0.1478061237488154
2017-09-05,2014-09-05,QQQ,0.1455240990020783,-0.1610442390328135
2017-09-05,2014-09-05,selected,0.14236813018926742,-0.14780612374881508
2017-09-06,2014-09-08,QQQ,0.14476782304794744,-0.16104423903281329
2017-09-06,2014-09-08,selected,0.14160021143324886,-0.14780612374881474
2017-09-07,2014-09-09,QQQ,0.14493550561804946,-0.1610442390328134
2017-09-07,2014-09-09,selected,0.14180539942665837,-0.1478061237488142
2017-09-08,2014-09-10,QQQ,0.14479359847717066,-0.1610442390328134
2017-09-08,2014-09-10,selected,0.14166716022203785,-0.1478061237488152
2017-09-11,2014-09-11,QQQ,0.14602218200203043,-0.1610442390328135
2017-09-11,2014-09-11,selected,0.14286988755777252,-0.1478061237488144
2017-09-12,2014-09-12,QQQ,0.1472438337394557,-0.16104423903281273
2017-09-12,2014-09-12,selected,0.14407713144109646,-0.14780612374881397
2017-09-13,2014-09-15,QQQ,0.14972452012182536,-0.1610442390328135
2017-09-13,2014-09-15,selected,0.14654005763761946,-0.14780612374881485
2017-09-14,2014-09-16,QQQ,0.15118435562938703,-0.16104423903281306
2017-09-14,2014-09-16,selected,0.1479862870437949,-0.14780612374881463
2017-09-15,2014-09-17,QQQ,0.14916680205410016,-0.16104423903281317
2017-09-15,2014-09-17,selected,0.14598407248467593,-0.1478061237488143
2017-09-18,2014-09-18,QQQ,0.14808722480851833,-0.16104423903281306
2017-09-18,2014-09-18,selected,0.14491402011610077,-0.14780612374881452
2017-09-19,2014-09-19,QQQ,0.14587323483284154,-0.16104423903281306
2017-09-19,2014-09-19,selected,0.14272701499931872,-0.1478061237488144
2017-09-20,2014-09-22,QQQ,0.1449295720449979,-0.16104423903281317
2017-09-20,2014-09-22,selected,0.14177951347369655,-0.14780612374881463
2017-09-21,2014-09-23,QQQ,0.14615265205409966,-0.16104423903281362
2017-09-21,2014-09-23,selected,0.14298249254814666,-0.14780612374881463
2017-09-22,2014-09-24,QQQ,0.14682543020873684,-0.16104423903281384
2017-09-22,2014-09-24,selected,0.14364122776601818,-0.14780612374881508
2017-09-25,2014-09-25,QQQ,0.13872636649429482,-0.1610442390328135
2017-09-25,2014-09-25,selected,0.1356750853904607,-0.14780612374881474
2017-09-26,2014-09-26,QQQ,0.14781365582313089,-0.16104423903281317
2017-09-26,2014-09-26,selected,0.14462042053341206,-0.14780612374881474
2017-09-27,2014-09-29,QQQ,0.14719594010707637,-0.16104423903281362
2017-09-27,2014-09-29,selected,0.14398785266550584,-0.14780612374881463
2017-09-28,2014-09-30,QQQ,0.14756746854755343,-0.16104423903281317
2017-09-28,2014-09-30,selected,0.14435162810853575,-0.1478061237488144
2017-09-29,2014-10-01,QQQ,0.14977203682743845,-0.16104423903281329
2017-09-29,2014-10-01,selected,0.1465358175423901,-0.14780612374881497
2017-10-02,2014-10-02,QQQ,0.156312060224987,-0.1610442390328134
2017-10-02,2014-10-02,selected,0.15295852200094573,-0.14780612374881485
2017-10-03,2014-10-03,QQQ,0.15713218843085341,-0.1610442390328134
2017-10-03,2014-10-03,selected,0.1537765311161723,-0.14780612374881508
2017-10-04,2014-10-06,QQQ,0.1537167946542426,-0.16104423903281306
2017-10-04,2014-10-06,selected,0.15043239397493613,-0.14780612374881452
2017-10-05,2014-10-07,QQQ,0.15829711346662312,-0.16104423903281329
2017-10-05,2014-10-07,selected,0.15492628231280547,-0.1478061237488142
2017-10-06,2014-10-08,QQQ,0.16435398649932975,-0.1610442390328134
2017-10-06,2014-10-08,selected,0.16089661086787843,-0.14780612374881474
2017-10-09,2014-10-09,QQQ,0.15645055679732822,-0.1610442390328134
2017-10-09,2014-10-09,selected,0.15308786116143036,-0.1478061237488143
2017-10-10,2014-10-10,QQQ,0.16303312446330698,-0.16104423903281317
2017-10-10,2014-10-10,selected,0.15960185238705638,-0.1478061237488143
2017-10-11,2014-10-13,QQQ,0.17404798761933415,-0.16104423903281306
2017-10-11,2014-10-13,selected,0.170470819749464,-0.14780612374881508
2017-10-12,2014-10-14,QQQ,0.1795278376334346,-0.16104423903281295
2017-10-12,2014-10-14,selected,0.17587129111560595,-0.14780612374881452
2017-10-13,2014-10-15,QQQ,0.1810000337892943,-0.16104423903281306
2017-10-13,2014-10-15,selected,0.1773296493399643,-0.1478061237488144
2017-10-16,2014-10-16,QQQ,0.184906577859683,-0.16104423903281317
2017-10-16,2014-10-16,selected,0.1811693740678979,-0.14780612374881485
2017-10-17,2014-10-17,QQQ,0.18790194842376473,-0.16104423903281306
2017-10-17,2014-10-17,selected,0.1841195361556096,-0.1478061237488143
2017-10-18,2014-10-20,QQQ,0.18225137987942808,-0.1610442390328134
2017-10-18,2014-10-20,selected,0.178534754467927,-0.1478061237488144
2017-10-19,2014-10-21,QQQ,0.17496869751744648,-0.16104423903281329
2017-10-19,2014-10-21,selected,0.1713445591421947,-0.14780612374881452
2017-10-20,2014-10-22,QQQ,0.1659013193467056,-0.16104423903281317
2017-10-20,2014-10-22,selected,0.1623810325917796,-0.1478061237488142
2017-10-23,2014-10-23,QQQ,0.1653692465605472,-0.16104423903281384
2017-10-23,2014-10-23,selected,0.16186240483258518,-0.1478061237488143
2017-10-24,2014-10-24,QQQ,0.16023602308684426,-0.16104423903281362
2017-10-24,2014-10-24,selected,0.15680080759270387,-0.1478061237488144
2017-10-25,2014-10-27,QQQ,0.15562891819562985,-0.16104423903281317
2017-10-25,2014-10-27,selected,0.15224878545210863,-0.14780612374881508
2017-10-26,2014-10-28,QQQ,0.154126618963927,-0.1610442390328134
2017-10-26,2014-10-28,selected,0.1507540129420577,-0.1478061237488152
2017-10-27,2014-10-29,QQQ,0.15941806860411312,-0.16104423903281284
2017-10-27,2014-10-29,selected,0.15599058896252216,-0.1478061237488143
2017-10-30,2014-10-30,QQQ,0.16171816268701877,-0.1610442390328134
2017-10-30,2014-10-30,selected,0.158289456924964,-0.14780612374881474
2017-10-31,2014-10-31,QQQ,0.1623577351397294,-0.1610442390328134
2017-10-31,2014-10-31,selected,0.1589225417545368,-0.1478061237488144
2017-11-01,2014-11-03,QQQ,0.15693401865882817,-0.16104423903281362
2017-11-01,2014-11-03,selected,0.15360311099970736,-0.14780612374881463
2017-11-02,2014-11-04,QQQ,0.15506018491206341,-0.16104423903281329
2017-11-02,2014-11-04,selected,0.15176403328159993,-0.14780612374881474
2017-11-03,2014-11-05,QQQ,0.1600453197052336,-0.16104423903281295
2017-11-03,2014-11-05,selected,0.15668037203574992,-0.1478061237488144
2017-11-06,2014-11-06,QQQ,0.16131758975923138,-0.16104423903281295
2017-11-06,2014-11-06,selected,0.1579694607949076,-0.14780612374881485
2017-11-07,2014-11-07,QQQ,0.16032451645938606,-0.1610442390328134
2017-11-07,2014-11-07,selected,0.15699940336563234,-0.1478061237488144
2017-11-08,2014-11-10,QQQ,0.162223849745885,-0.16104423903281317
2017-11-08,2014-11-10,selected,0.1588318139059295,-0.1478061237488144
2017-11-09,2014-11-11,QQQ,0.15882208421958732,-0.16104423903281373
2017-11-09,2014-11-11,selected,0.15550817325676713,-0.14780612374881497
2017-11-10,2014-11-12,QQQ,0.15758723200452018,-0.1610442390328134
2017-11-10,2014-11-12,selected,0.1542508806679237,-0.14780612374881474
2017-11-13,2014-11-13,QQQ,0.1573853692969598,-0.1610442390328135
2017-11-13,2014-11-13,selected,0.15407511447049238,-0.14780612374881408
2017-11-14,2014-11-14,QQQ,0.15432972133377776,-0.16104423903281373
2017-11-14,2014-11-14,selected,0.15107032375037055,-0.14780612374881485
2017-11-15,2014-11-17,QQQ,0.1513275812115431,-0.16104423903281329
2017-11-15,2014-11-17,selected,0.14807061869023874,-0.14780612374881485
2017-11-16,2014-11-18,QQQ,0.15737114574363242,-0.16104423903281317
2017-11-16,2014-11-18,selected,0.15403411034911474,-0.14780612374881497
2017-11-17,2014-11-19,QQQ,0.1530276253105456,-0.16104423903281329
2017-11-17,2014-11-19,selected,0.14974778338252404,-0.14780612374881497
2017-11-20,2014-11-20,QQQ,0.15447502880295527,-0.16104423903281317
2017-11-20,2014-11-20,selected,0.15117961902903754,-0.1478061237488144
2017-11-21,2014-11-21,QQQ,0.15692169994486638,-0.1610442390328134
2017-11-21,2014-11-21,selected,0.15358536979514748,-0.14780612374881497
2017-11-22,2014-11-24,QQQ,0.15664917861294314,-0.16104423903281306
2017-11-22,2014-11-24,selected,0.1533193623960325,-0.14780612374881452
2017-11-24,2014-11-25,QQQ,0.1550643337675619,-0.1610442390328134
2017-11-24,2014-11-25,selected,0.15175497533554583,-0.14780612374881452
2017-11-27,2014-11-26,QQQ,0.1543040874918118,-0.16104423903281329
2017-11-27,2014-11-26,selected,0.15100357262599395,-0.14780612374881485
2017-11-28,2014-11-28,QQQ,0.1528016026004182,-0.16104423903281295
2017-11-28,2014-11-28,selected,0.14952181459226832,-0.1478061237488144
2017-11-29,2014-12-01,QQQ,0.14429449703950858,-0.16104423903281329
2017-11-29,2014-12-01,selected,0.14113600697052875,-0.14780612374881463
2017-11-30,2014-12-02,QQQ,0.15184622169461637,-0.16104423903281306
2017-11-30,2014-12-02,selected,0.14852758836278235,-0.14780612374881485
2017-12-01,2014-12-03,QQQ,0.1486782041052337,-0.16104423903281284
2017-12-01,2014-12-03,selected,0.14543114144855185,-0.14780612374881452
2017-12-04,2014-12-04,QQQ,0.14356183272299772,-0.1610442390328134
2017-12-04,2014-12-04,selected,0.14036162211064962,-0.14780612374881485
2017-12-05,2014-12-05,QQQ,0.14399209070831276,-0.16104423903281373
2017-12-05,2014-12-05,selected,0.14077497492892,-0.1478061237488142
2017-12-06,2014-12-08,QQQ,0.14567547864330366,-0.16104423903281284
2017-12-06,2014-12-08,selected,0.1424587347211681,-0.1478061237488144
2017-12-07,2014-12-09,QQQ,0.14970152090253985,-0.16104423903281317
2017-12-07,2014-12-09,selected,0.14638783750380768,-0.1478061237488144
2017-12-08,2014-12-10,QQQ,0.15018309895708537,-0.16104423903281373
2017-12-08,2014-12-10,selected,0.14683273155500665,-0.14780612374881463
2017-12-11,2014-12-11,QQQ,0.15925622793076122,-0.16104423903281362
2017-12-11,2014-12-11,selected,0.15578654394755165,-0.14780612374881508
2017-12-12,2014-12-12,QQQ,0.15690912645742583,-0.16104423903281329
2017-12-12,2014-12-12,selected,0.15346148815191119,-0.14780612374881485
2017-12-13,2014-12-15,QQQ,0.16188329029697557,-0.16104423903281295
2017-12-13,2014-12-15,selected,0.15838628665254384,-0.14780612374881474
2017-12-14,2014-12-16,QQQ,0.16563563076100563,-0.16104423903281329
2017-12-14,2014-12-16,selected,0.16213066881943994,-0.14780612374881397
2017-12-15,2014-12-17,QQQ,0.17635502421550941,-0.16104423903281329
2017-12-15,2014-12-17,selected,0.1727007483363181,-0.1478061237488143
2017-12-18,2014-12-18,QQQ,0.17256153529332363,-0.1610442390328134
2017-12-18,2014-12-18,selected,0.1689601232782807,-0.14780612374881508
2017-12-19,2014-12-19,QQQ,0.1610006641361723,-0.16104423903281373
2017-12-19,2014-12-19,selected,0.15752813643005603,-0.1478061237488142
2017-12-20,2014-12-22,QQQ,0.1588861775069661,-0.1610442390328134
2017-12-20,2014-12-22,selected,0.15542919404514666,-0.14780612374881452
2017-12-21,2014-12-23,QQQ,0.15797385097754058,-0.16104423903281306
2017-12-21,2014-12-23,selected,0.15455457413862872,-0.1478061237488152
2017-12-22,2014-12-24,QQQ,0.15890118711959111,-0.16104423903281284
2017-12-22,2014-12-24,selected,0.15548869417259614,-0.14780612374881474
2017-12-26,2014-12-26,QQQ,0.1564777283538965,-0.16104423903281295
2017-12-26,2014-12-26,selected,0.15309299272991295,-0.14780612374881463
2017-12-27,2014-12-29,QQQ,0.15380494280412216,-0.16104423903281317
2017-12-27,2014-12-29,selected,0.1504395069457669,-0.14780612374881485
2017-12-28,2014-12-30,QQQ,0.1543447562819913,-0.16104423903281362
2017-12-28,2014-12-30,selected,0.1509845289567151,-0.14780612374881508
2017-12-29,2014-12-31,QQQ,0.15452925499112324,-0.1610442390328134
2017-12-29,2014-12-31,selected,0.1511649750600741,-0.14780612374881474
2018-01-02,2015-01-02,QQQ,0.16523308094151834,-0.16104423903281317
2018-01-02,2015-01-02,selected,0.1617627669560131,-0.14780612374881485
2018-01-03,2015-01-05,QQQ,0.17016727677650167,-0.16104423903281295
2018-01-03,2015-01-05,selected,0.1666148733846773,-0.14780612374881397
2018-01-04,2015-01-06,QQQ,0.17663079369008905,-0.16104423903281362
2018-01-04,2015-01-06,selected,0.17297155554601962,-0.1478061237488142
2018-01-05,2015-01-07,QQQ,0.18588105084388284,-0.16104423903281329
2018-01-05,2015-01-07,selected,0.1820724776749163,-0.14780612374881474
2018-01-08,2015-01-08,QQQ,0.18235789238594524,-0.16104423903281306
2018-01-08,2015-01-08,selected,0.1786031241746493,-0.14780612374881452
2018-01-09,2015-01-09,QQQ,0.1749333640419466,-0.16104423903281284
2018-01-09,2015-01-09,selected,0.17126664165155003,-0.1478061237488143
2018-01-10,2015-01-12,QQQ,0.17660467895452236,-0.1610442390328135
2018-01-10,2015-01-12,selected,0.17289495687934253,-0.14780612374881452
2018-01-11,2015-01-13,QQQ,0.1834102747037476,-0.16104423903281362
2018-01-11,2015-01-13,selected,0.17959834906357552,-0.14780612374881463
2018-01-12,2015-01-14,QQQ,0.1864190555960925,-0.16104423903281329
2018-01-12,2015-01-14,selected,0.18258750650966182,-0.14780612374881497
2018-01-16,2015-01-15,QQQ,0.18747550973301363,-0.16104423903281295
2018-01-16,2015-01-15,selected,0.18362678861309067,-0.1478061237488152
2018-01-17,2015-01-16,QQQ,0.1969311637821809,-0.16104423903281317
2018-01-17,2015-01-16,selected,0.19290109150096413,-0.14780612374881485
2018-01-18,2015-01-20,QQQ,0.19235494594998515,-0.16104423903281306
2018-01-18,2015-01-20,selected,0.1883602018617827,-0.1478061237488144
2018-01-19,2015-01-21,QQQ,0.1904594664871193,-0.1610442390328134
2018-01-19,2015-01-21,selected,0.1864612836008439,-0.1478061237488144
2018-01-22,2015-01-22,QQQ,0.19265990025544766,-0.16104423903281384
2018-01-22,2015-01-22,selected,0.1886397494321439,-0.14780612374881452
2018-01-23,2015-01-23,QQQ,0.1886511750345825,-0.1610442390328134
2018-01-23,2015-01-23,selected,0.18469092313808733,-0.14780612374881452
2018-01-24,2015-01-26,QQQ,0.18520156580599312,-0.16104423903281362
2018-01-24,2015-01-26,selected,0.18130126850001194,-0.1478061237488144
2018-01-25,2015-01-27,QQQ,0.1855158253541933,-0.1610442390328134
2018-01-25,2015-01-27,selected,0.1816270759113121,-0.14780612374881452
2018-01-26,2015-01-28,QQQ,0.2020203627454562,-0.16104423903281329
2018-01-26,2015-01-28,selected,0.1978947482926936,-0.14780612374881408
2018-01-29,2015-01-29,QQQ,0.2021294655805801,-0.16104423903281317
2018-01-29,2015-01-29,selected,0.19798701706673372,-0.14780612374881474
2018-01-30,2015-01-30,QQQ,0.19500571334640893,-0.1610442390328134
2018-01-30,2015-01-30,selected,0.19098010072610738,-0.1478061237488143
2018-01-31,2015-02-02,QQQ,0.19976506227114443,-0.1610442390328135
2018-01-31,2015-02-02,selected,0.1956606017054503,-0.14780612374881508
2018-02-01,2015-02-03,QQQ,0.19290481068618215,-0.16104423903281395
2018-02-01,2015-02-03,selected,0.18889285611064022,-0.14780612374881463
2018-02-02,2015-02-04,QQQ,0.18114902935492716,-0.16104423903281362
2018-02-02,2015-02-04,selected,0.17729318105093705,-0.14780612374881452
2018-02-05,2015-02-05,QQQ,0.16575747065257862,-0.16104423903281306
2018-02-05,2015-02-05,selected,0.16211033206032055,-0.14780612374881474
2018-02-06,2015-02-06,QQQ,0.1725929704182958,-0.16104423903281329
2018-02-06,2015-02-06,selected,0.16883122429951292,-0.14780612374881485
2018-02-07,2015-02-09,QQQ,0.16988659191563116,-0.16104423903281317
2018-02-07,2015-02-09,selected,0.16620797806777987,-0.14780612374881497
2018-02-08,2015-02-10,QQQ,0.1544277450721172,-0.16104423903281306
2018-02-08,2015-02-10,selected,0.15095253906673745,-0.14780612374881463
2018-02-09,2015-02-11,QQQ,0.15507354829244235,-0.1610442390328134
2018-02-09,2015-02-11,selected,0.1515956765061086,-0.14780612374881508
2018-02-12,2015-02-12,QQQ,0.1604596184794107,-0.1610442390328135
2018-02-12,2015-02-12,selected,0.15694627417701112,-0.1478061237488143
2018-02-13,2015-02-13,QQQ,0.15797571687290035,-0.16104423903281329
2018-02-13,2015-02-13,selected,0.1545074087630054,-0.1478061237488143
2018-02-14,2015-02-17,QQQ,0.16184298447759815,-0.1610442390328135
2018-02-14,2015-02-17,selected,0.15834192189090146,-0.14780612374881474
2018-02-15,2015-02-18,QQQ,0.16862430907602977,-0.16104423903281362
2018-02-15,2015-02-18,selected,0.16507807419621634,-0.14780612374881463
2018-02-16,2015-02-19,QQQ,0.16633722985197608,-0.16104423903281373
2018-02-16,2015-02-19,selected,0.16280723809660325,-0.14780612374881474
2018-02-20,2015-02-20,QQQ,0.16519670484090065,-0.16104423903281284
2018-02-20,2015-02-20,selected,0.16166789730094422,-0.14780612374881508
2018-02-21,2015-02-23,QQQ,0.16150839048734755,-0.1610442390328135
2018-02-21,2015-02-23,selected,0.15801640150136143,-0.14780612374881463
2018-02-22,2015-02-24,QQQ,0.1610688809467311,-0.16104423903281317
2018-02-22,2015-02-24,selected,0.15758307295554563,-0.14780612374881497
2018-02-23,2015-02-25,QQQ,0.16864269709605018,-0.1610442390328135
2018-02-23,2015-02-25,selected,0.16506342405538388,-0.14780612374881452
2018-02-26,2015-02-26,QQQ,0.17475986610538552,-0.1610442390328134
2018-02-26,2015-02-26,selected,0.17110068861327798,-0.1478061237488152
2018-02-27,2015-02-27,QQQ,0.16791768153467324,-0.16104423903281362
2018-02-27,2015-02-27,selected,0.16433357489804612,-0.14780612374881474
2018-02-28,2015-03-02,QQQ,0.16713167051002764,-0.16104423903281406
2018-02-28,2015-03-02,selected,0.16355298189318912,-0.14780612374881485
2018-03-01,2015-03-03,QQQ,0.1572678550383355,-0.1610442390328135
2018-03-01,2015-03-03,selected,0.1538427655368062,-0.14780612374881474
2018-03-02,2015-03-04,QQQ,0.16260819160063478,-0.1610442390328134
2018-03-02,2015-03-04,selected,0.15805312146059647,-0.1478061237488152
2018-03-05,2015-03-05,QQQ,0.16839281462952949,-0.16104423903281329
2018-03-05,2015-03-05,selected,0.16269919411054046,-0.1478061237488143
2018-03-06,2015-03-06,QQQ,0.1693555010695027,-0.16104423903281317
2018-03-06,2015-03-06,selected,0.16348768539539527,-0.1478061237488144
2018-03-07,2015-03-09,QQQ,0.17470675448369,-0.16104423903281306
2018-03-07,2015-03-09,selected,0.1681924274462938,-0.14780612374881485
2018-03-08,2015-03-10,QQQ,0.17572863841438213,-0.1610442390328135
2018-03-08,2015-03-10,selected,0.16871022203605723,-0.14780612374881474
2018-03-09,2015-03-11,QQQ,0.190709098500929,-0.16104423903281306
2018-03-09,2015-03-11,selected,0.1813166779128439,-0.1478061237488144
2018-03-12,2015-03-12,QQQ,0.19511702212280446,-0.1610442390328135
2018-03-12,2015-03-12,selected,0.18522131772718864,-0.1478061237488152
2018-03-13,2015-03-13,QQQ,0.1870767838824945,-0.1610442390328135
2018-03-13,2015-03-13,selected,0.17903459250317244,-0.14780612374881452
2018-03-14,2015-03-16,QQQ,0.1887329031511582,-0.16104423903281329
2018-03-14,2015-03-16,selected,0.18092039433932894,-0.14780612374881508
2018-03-15,2015-03-17,QQQ,0.18331607895798818,-0.16104423903281329
2018-03-15,2015-03-17,selected,0.17541489174120772,-0.14780612374881485
2018-03-16,2015-03-18,QQQ,0.18151484813109686,-0.16104423903281362
2018-03-16,2015-03-18,selected,0.17392716905627226,-0.14780612374881463
2018-03-19,2015-03-19,QQQ,0.16923462031492753,-0.16104423903281317
2018-03-19,2015-03-19,selected,0.16411557982206149,-0.14780612374881463
2018-03-20,2015-03-20,QQQ,0.1699381441888579,-0.16104423903281317
2018-03-20,2015-03-20,selected,0.16415275854013545,-0.1478061237488142
2018-03-21,2015-03-23,QQQ,0.16572785708922044,-0.16104423903281329
2018-03-21,2015-03-23,selected,0.16112809126075178,-0.14780612374881497
2018-03-22,2015-03-24,QQQ,0.1568033645319442,-0.16104423903281329
2018-03-22,2015-03-24,selected,0.1550889155613968,-0.14780612374881508
2018-03-23,2015-03-25,QQQ,0.14793100446456986,-0.1610442390328135
2018-03-23,2015-03-25,selected,0.14957417934256267,-0.14780612374881463
2018-03-26,2015-03-26,QQQ,0.17097857377518566,-0.16104423903281329
2018-03-26,2015-03-26,selected,0.1687433700962706,-0.1478061237488144
2018-03-27,2015-03-27,QQQ,0.15952975650388357,-0.16104423903281317
2018-03-27,2015-03-27,selected,0.16112430049606896,-0.14780612374881452
2018-03-28,2015-03-30,QQQ,0.15353169761453356,-0.1610442390328134
2018-03-28,2015-03-30,selected,0.1559182078018022,-0.14780612374881452
2018-03-29,2015-03-31,QQQ,0.15612910022844306,-0.16104423903281317
2018-03-29,2015-03-31,selected,0.1567213142844679,-0.14780612374881474
2018-04-02,2015-04-01,QQQ,0.14897098800400888,-0.16104423903281329
2018-04-02,2015-04-01,selected,0.15323267335195423,-0.14780612374881474
2018-04-03,2015-04-02,QQQ,0.15527402659904532,-0.16104423903281329
2018-04-03,2015-04-02,selected,0.15815382550445078,-0.1478061237488144
2018-04-04,2015-04-06,QQQ,0.16105747048928576,-0.1610442390328135
2018-04-04,2015-04-06,selected,0.16259459825680578,-0.14780612374881452
2018-04-05,2015-04-07,QQQ,0.16010289567118852,-0.16104423903281329
2018-04-05,2015-04-07,selected,0.16093752006697915,-0.14780612374881452
2018-04-06,2015-04-08,QQQ,0.15099656502820857,-0.16104423903281306
2018-04-06,2015-04-08,selected,0.15439097748295927,-0.14780612374881463
2018-04-09,2015-04-09,QQQ,0.15064755023002419,-0.16104423903281273
2018-04-09,2015-04-09,selected,0.15356591027626476,-0.14780612374881508
2018-04-10,2015-04-10,QQQ,0.15663100971712818,-0.16104423903281317
2018-04-10,2015-04-10,selected,0.1576435268121117,-0.14780612374881452
2018-04-11,2015-04-13,QQQ,0.1528291464200715,-0.1610442390328135
2018-04-11,2015-04-13,selected,0.1546263300267261,-0.14780612374881397
2018-04-12,2015-04-14,QQQ,0.15840647019529852,-0.16104423903281284
2018-04-12,2015-04-14,selected,0.15854990790361523,-0.14780612374881508
2018-04-13,2015-04-15,QQQ,0.15751722273578883,-0.16104423903281373
2018-04-13,2015-04-15,selected,0.15845146324540638,-0.14780612374881463
2018-04-16,2015-04-16,QQQ,0.15804257138049316,-0.16104423903281329
2018-04-16,2015-04-16,selected,0.15848672824844168,-0.14780612374881452
2018-04-17,2015-04-17,QQQ,0.1668338944048111,-0.1610442390328134
2018-04-17,2015-04-17,selected,0.16550663059907378,-0.1478061237488144
2018-04-18,2015-04-20,QQQ,0.17376503896941364,-0.16104423903281329
2018-04-18,2015-04-20,selected,0.17202237177479995,-0.1478061237488142
2018-04-19,2015-04-21,QQQ,0.16436519677216044,-0.16104423903281373
2018-04-19,2015-04-21,selected,0.1634122141397163,-0.14780612374881497
2018-04-20,2015-04-22,QQQ,0.15654396020014194,-0.16104423903281362
2018-04-20,2015-04-22,selected,0.15660947636559053,-0.1478061237488142
2018-04-23,2015-04-23,QQQ,0.15347374564782346,-0.16104423903281373
2018-04-23,2015-04-23,selected,0.1535759213100425,-0.14780612374881463
2018-04-24,2015-04-24,QQQ,0.1438322144975266,-0.1610442390328134
2018-04-24,2015-04-24,selected,0.14604921409192984,-0.1478061237488153
2018-04-25,2015-04-27,QQQ,0.13915936603142032,-0.16104423903281329
2018-04-25,2015-04-27,selected,0.14099347788170769,-0.1478061237488143
2018-04-26,2015-04-28,QQQ,0.14806831519591857,-0.16104423903281329
2018-04-26,2015-04-28,selected,0.14811223376121307,-0.14780612374881397
2018-04-27,2015-04-29,QQQ,0.14906919287074083,-0.1610442390328134
2018-04-27,2015-04-29,selected,0.1493922421921443,-0.14780612374881474
2018-04-30,2015-04-30,QQQ,0.14875112309867355,-0.16104423903281329
2018-04-30,2015-04-30,selected,0.1494811272384653,-0.14780612374881452
2018-05-01,2015-05-01,QQQ,0.1592224816404264,-0.16104423903281295
2018-05-01,2015-05-01,selected,0.15859811494195908,-0.14780612374881474
2018-05-02,2015-05-04,QQQ,0.15189554090728818,-0.16104423903281373
2018-05-02,2015-05-04,selected,0.1512717951734579,-0.14780612374881485
2018-05-03,2015-05-05,QQQ,0.15121516386096245,-0.16104423903281395
2018-05-03,2015-05-05,selected,0.15059753938568377,-0.1478061237488144
2018-05-04,2015-05-06,QQQ,0.16481248585301822,-0.1610442390328134
2018-05-04,2015-05-06,selected,0.1640619283537792,-0.14780612374881474
2018-05-07,2015-05-07,QQQ,0.17072365859792282,-0.1610442390328134
2018-05-07,2015-05-07,selected,0.16991939076475293,-0.14780612374881474
2018-05-08,2015-05-08,QQQ,0.16799408068383848,-0.1610442390328135
2018-05-08,2015-05-08,selected,0.16721045666367784,-0.14780612374881474
2018-05-09,2015-05-11,QQQ,0.16738482533415433,-0.16104423903281329
2018-05-09,2015-05-11,selected,0.1665876786930658,-0.14780612374881474
2018-05-10,2015-05-12,QQQ,0.17291683107291655,-0.16104423903281317
2018-05-10,2015-05-12,selected,0.1721028067734176,-0.14780612374881452
2018-05-11,2015-05-13,QQQ,0.17432225694539882,-0.1610442390328134
2018-05-11,2015-05-13,selected,0.17347958405114117,-0.14780612374881463
2018-05-14,2015-05-14,QQQ,0.17419331404395688,-0.16104423903281306
2018-05-14,2015-05-14,selected,0.1733279876763283,-0.14780612374881508
2018-05-15,2015-05-15,QQQ,0.16419265289048424,-0.1610442390328135
2018-05-15,2015-05-15,selected,0.16338794800476997,-0.1478061237488143
2018-05-16,2015-05-18,QQQ,0.16675303060686808,-0.1610442390328135
2018-05-16,2015-05-18,selected,0.16589465009053406,-0.14780612374881508
2018-05-17,2015-05-19,QQQ,0.1635587545872268,-0.1610442390328135
2018-05-17,2015-05-19,selected,0.16273562496331784,-0.14780612374881497
2018-05-18,2015-05-20,QQQ,0.16197313302166005,-0.16104423903281317
2018-05-18,2015-05-20,selected,0.16119708983533831,-0.14780612374881452
2018-05-21,2015-05-21,QQQ,0.16389619922315002,-0.16104423903281329
2018-05-21,2015-05-21,selected,0.1630991380127127,-0.14780612374881485
2018-05-22,2015-05-22,QQQ,0.161386753646084,-0.16104423903281362
2018-05-22,2015-05-22,selected,0.1606122108478083,-0.1478061237488144
2018-05-23,2015-05-26,QQQ,0.16503271247541407,-0.16104423903281295
2018-05-23,2015-05-26,selected,0.16422986147499308,-0.14780612374881463
2018-05-24,2015-05-27,QQQ,0.1694168970846308,-0.1610442390328134
2018-05-24,2015-05-27,selected,0.16859855131250723,-0.1478061237488144
2018-05-25,2015-05-28,QQQ,0.16358946942156982,-0.1610442390328135
2018-05-25,2015-05-28,selected,0.16283217515252413,-0.14780612374881452
2018-05-29,2015-05-29,QQQ,0.1627469909420196,-0.16104423903281373
2018-05-29,2015-05-29,selected,0.16201117730439174,-0.14780612374881452
2018-05-30,2015-06-01,QQQ,0.16784104762249918,-0.16104423903281362
2018-05-30,2015-06-01,selected,0.1670481203284675,-0.14780612374881463
2018-05-31,2015-06-02,QQQ,0.16628399090548562,-0.16104423903281284
2018-05-31,2015-06-02,selected,0.16551126986963127,-0.14780612374881463
2018-06-01,2015-06-03,QQQ,0.1735969262318493,-0.16104423903281362
2018-06-01,2015-06-03,selected,0.17274053665903288,-0.14780612374881485
2018-06-04,2015-06-04,QQQ,0.1759451321186436,-0.16104423903281373
2018-06-04,2015-06-04,selected,0.1750790219061258,-0.14780612374881485
2018-06-05,2015-06-05,QQQ,0.18015898332553526,-0.16104423903281395
2018-06-05,2015-06-05,selected,0.17925519788631683,-0.1478061237488143
2018-06-06,2015-06-08,QQQ,0.18338640967324737,-0.16104423903281406
2018-06-06,2015-06-08,selected,0.18245308793459025,-0.1478061237488144
2018-06-07,2015-06-09,QQQ,0.18419243372023408,-0.1610442390328134
2018-06-07,2015-06-09,selected,0.18325873602849518,-0.14780612374881474
2018-06-08,2015-06-10,QQQ,0.18487244830269378,-0.16104423903281373
2018-06-08,2015-06-10,selected,0.18393522651118865,-0.1478061237488144
2018-06-11,2015-06-11,QQQ,0.1805680036883921,-0.16104423903281284
2018-06-11,2015-06-11,selected,0.17966704789021537,-0.14780612374881474
2018-06-12,2015-06-12,QQQ,0.18205878723164526,-0.1610442390328135
2018-06-12,2015-06-12,selected,0.18113101177128255,-0.14780612374881474
2018-06-13,2015-06-15,QQQ,0.1852881648765845,-0.16104423903281317
2018-06-13,2015-06-15,selected,0.18433465228169532,-0.14780612374881452
2018-06-14,2015-06-16,QQQ,0.1912495929609097,-0.1610442390328135
2018-06-14,2015-06-16,selected,0.1902385492927734,-0.14780612374881463
2018-06-15,2015-06-17,QQQ,0.18770719621671716,-0.16104423903281384
2018-06-15,2015-06-17,selected,0.18671349244672286,-0.1478061237488143
2018-06-18,2015-06-18,QQQ,0.18638892465322132,-0.16104423903281329
2018-06-18,2015-06-18,selected,0.18540117123968147,-0.14780612374881474
2018-06-19,2015-06-19,QQQ,0.17956494584850313,-0.16104423903281373
2018-06-19,2015-06-19,selected,0.17863544089963845,-0.1478061237488143
2018-06-20,2015-06-22,QQQ,0.1843057902810583,-0.16104423903281373
2018-06-20,2015-06-22,selected,0.18331309883177083,-0.14780612374881397
2018-06-21,2015-06-23,QQQ,0.1779788808013898,-0.16104423903281295
2018-06-21,2015-06-23,selected,0.17708556209050497,-0.1478061237488142
2018-06-22,2015-06-24,QQQ,0.17678779843233272,-0.16104423903281306
2018-06-22,2015-06-24,selected,0.1759299003742607,-0.14780612374881563
2018-06-25,2015-06-25,QQQ,0.169892563160162,-0.16104423903281295
2018-06-25,2015-06-25,selected,0.16911587017505614,-0.1478061237488142
2018-06-26,2015-06-26,QQQ,0.1722638071313476,-0.16104423903281329
2018-06-26,2015-06-26,selected,0.1714618451503218,-0.14780612374881474
2018-06-27,2015-06-29,QQQ,0.16951865535084987,-0.16104423903281295
2018-06-27,2015-06-29,selected,0.16874824535566546,-0.14780612374881474
2018-06-28,2015-06-30,QQQ,0.1822412332990495,-0.16104423903281329
2018-06-28,2015-06-30,selected,0.18131100503257502,-0.1478061237488142
2018-06-29,2015-07-01,QQQ,0.18189764023505206,-0.16104423903281306
2018-06-29,2015-07-01,selected,0.18098691196583805,-0.14780612374881452
2018-07-02,2015-07-02,QQQ,0.181413191355126,-0.16104423903281373
2018-07-02,2015-07-02,selected,0.18050645637496254,-0.14780612374881474
2018-07-03,2015-07-06,QQQ,0.1767285896655466,-0.1610442390328135
2018-07-03,2015-07-06,selected,0.17588675212181837,-0.1478061237488153
2018-07-05,2015-07-07,QQQ,0.1824907124087456,-0.16104423903281306
2018-07-05,2015-07-07,selected,0.18157936226903892,-0.14780612374881497
2018-07-06,2015-07-08,QQQ,0.18759925165022096,-0.16104423903281306
2018-07-06,2015-07-08,selected,0.18663595614199902,-0.14780612374881508
2018-07-09,2015-07-09,QQQ,0.1981452453421444,-0.1610442390328134
2018-07-09,2015-07-09,selected,0.19704761633822443,-0.14780612374881452
2018-07-10,2015-07-10,QQQ,0.1986641050689273,-0.16104423903281317
2018-07-10,2015-07-10,selected,0.19757616408062684,-0.1478061237488143
2018-07-11,2015-07-13,QQQ,0.19059985565258364,-0.16104423903281362
2018-07-11,2015-07-13,selected,0.18959479407512858,-0.14780612374881463
2018-07-12,2015-07-14,QQQ,0.19047293303624802,-0.1610442390328134
2018-07-12,2015-07-14,selected,0.18948169356018485,-0.14780612374881508
2018-07-13,2015-07-15,QQQ,0.18820688479118575,-0.16104423903281362
2018-07-13,2015-07-15,selected,0.1872379829670312,-0.14780612374881474
2018-07-16,2015-07-16,QQQ,0.18682757323965693,-0.1610442390328135
2018-07-16,2015-07-16,selected,0.18587286975900508,-0.14780612374881485
2018-07-17,2015-07-17,QQQ,0.18367902592476937,-0.16104423903281306
2018-07-17,2015-07-17,selected,0.18273554308642703,-0.1478061237488152
2018-07-18,2015-07-20,QQQ,0.17717872650713518,-0.16104423903281329
2018-07-18,2015-07-20,selected,0.17631449087646134,-0.1478061237488144
2018-07-19,2015-07-21,QQQ,0.17387080441197567,-0.1610442390328135
2018-07-19,2015-07-21,selected,0.17308703157714334,-0.14780612374881497
2018-07-20,2015-07-22,QQQ,0.17402377158681603,-0.16104423903281317
2018-07-20,2015-07-22,selected,0.17324180520142463,-0.14780612374881463
2018-07-23,2015-07-23,QQQ,0.17973893223131188,-0.16104423903281317
2018-07-23,2015-07-23,selected,0.17888124331414557,-0.14780612374881463
2018-07-24,2015-07-24,QQQ,0.1828296875340667,-0.1610442390328134
2018-07-24,2015-07-24,selected,0.18194630666614509,-0.14780612374881463
2018-07-25,2015-07-27,QQQ,0.19222383542054144,-0.16104423903281306
2018-07-25,2015-07-27,selected,0.19123201600849682,-0.1478061237488143
2018-07-26,2015-07-28,QQQ,0.1894640933283116,-0.16104423903281317
2018-07-26,2015-07-28,selected,0.1884923529954965,-0.14780612374881452
2018-07-27,2015-07-29,QQQ,0.1807049762720836,-0.1610442390328134
2018-07-27,2015-07-29,selected,0.1798303237434815,-0.14780612374881485
2018-07-30,2015-07-30,QQQ,0.17364027306375318,-0.16104423903281317
2018-07-30,2015-07-30,selected,0.1728336036674203,-0.1478061237488144
2018-07-31,2015-07-31,QQQ,0.1747688451420013,-0.16104423903281362
2018-07-31,2015-07-31,selected,0.17396370292118224,-0.14780612374881452
2018-08-01,2015-08-03,QQQ,0.17670901363065816,-0.1610442390328134
2018-08-01,2015-08-03,selected,0.17584918123161652,-0.14780612374881497
2018-08-02,2015-08-04,QQQ,0.18325646639698423,-0.16104423903281373
2018-08-02,2015-08-04,selected,0.1823248030955118,-0.14780612374881463
2018-08-03,2015-08-05,QQQ,0.1852072312119628,-0.1610442390328135
2018-08-03,2015-08-05,selected,0.1842752622993713,-0.14780612374881397
2018-08-06,2015-08-06,QQQ,0.18448757371352764,-0.16104423903281295
2018-08-06,2015-08-06,selected,0.18356567621029773,-0.14780612374881463
2018-08-07,2015-08-07,QQQ,0.19233216805958175,-0.16104423903281295
2018-08-07,2015-08-07,selected,0.19131102805716593,-0.14780612374881463
2018-08-08,2015-08-10,QQQ,0.1933173071776293,-0.1610442390328134
2018-08-08,2015-08-10,selected,0.19226938540010652,-0.14780612374881474
2018-08-09,2015-08-11,QQQ,0.18856862284699316,-0.1610442390328135
2018-08-09,2015-08-11,selected,0.18757329168371695,-0.14780612374881452
2018-08-10,2015-08-12,QQQ,0.19064233724374358,-0.16104423903281295
2018-08-10,2015-08-12,selected,0.18960696589569448,-0.14780612374881485
2018-08-13,2015-08-13,QQQ,0.18883689545720928,-0.16104423903281329
2018-08-13,2015-08-13,selected,0.18777961837682322,-0.1478061237488144
2018-08-14,2015-08-14,QQQ,0.19196251692867983,-0.1610442390328134
2018-08-14,2015-08-14,selected,0.19088498316094582,-0.14780612374881497
2018-08-15,2015-08-17,QQQ,0.18647239094493862,-0.16104423903281284
2018-08-15,2015-08-17,selected,0.18543386892200986,-0.14780612374881463
2018-08-16,2015-08-18,QQQ,0.18449483855633275,-0.16104423903281317
2018-08-16,2015-08-18,selected,0.18347484582569384,-0.14780612374881463
2018-08-17,2015-08-19,QQQ,0.1866094410387511,-0.16104423903281384
2018-08-17,2015-08-19,selected,0.18558443867916186,-0.1478061237488143
2018-08-20,2015-08-20,QQQ,0.1888727196476081,-0.16104423903281329
2018-08-20,2015-08-20,selected,0.18780698330736056,-0.14780612374881485
2018-08-21,2015-08-21,QQQ,0.2015223343798962,-0.16104423903281329
2018-08-21,2015-08-21,selected,0.20028708139369367,-0.1478061237488144
2018-08-22,2015-08-24,QQQ,0.22113063482339013,-0.16104423903281362
2018-08-22,2015-08-24,selected,0.21967078744190993,-0.14780612374881463
2018-08-23,2015-08-25,QQQ,0.23661389399004507,-0.16104423903281262
2018-08-23,2015-08-25,selected,0.23498964929929733,-0.1478061237488142
2018-08-24,2015-08-26,QQQ,0.24198995824271274,-0.16104423903281295
2018-08-24,2015-08-26,selected,0.2403702996364787,-0.14780612374881386
2018-08-27,2015-08-27,QQQ,0.2259511373238139,-0.16104423903281362
2018-08-27,2015-08-27,selected,0.22452857221817424,-0.1478061237488143
2018-08-28,2015-08-28,QQQ,0.21636372452092179,-0.1610442390328134
2018-08-28,2015-08-28,selected,0.21503013004442129,-0.14780612374881463
2018-08-29,2015-08-31,QQQ,0.22110103368854372,-0.1610442390328134
2018-08-29,2015-08-31,selected,0.21971071645258045,-0.14780612374881497
2018-08-30,2015-09-01,QQQ,0.2254689742151179,-0.16104423903281329
2018-08-30,2015-09-01,selected,0.22403183665397552,-0.1478061237488142
2018-08-31,2015-09-02,QQQ,0.23903931222341424,-0.1610442390328134
2018-08-31,2015-09-02,selected,0.23744477625419758,-0.14780612374881463
2018-09-04,2015-09-03,QQQ,0.22584881799809442,-0.16104423903281373
2018-09-04,2015-09-03,selected,0.22903175120243513,-0.1478061237488144
2018-09-05,2015-09-04,QQQ,0.22255265655822432,-0.16104423903281306
2018-09-05,2015-09-04,selected,0.2251998166593734,-0.14780612374881485
2018-09-06,2015-09-08,QQQ,0.2237710389453922,-0.16104423903281384
2018-09-06,2015-09-08,selected,0.22493796310341563,-0.1478061237488144
2018-09-07,2015-09-09,QQQ,0.21092465084786038,-0.16104423903281295
2018-09-07,2015-09-09,selected,0.21609509817604877,-0.14780612374881485
2018-09-10,2015-09-10,QQQ,0.2168563734752451,-0.16104423903281317
2018-09-10,2015-09-10,selected,0.22111803906468586,-0.1478061237488143
2018-09-11,2015-09-11,QQQ,0.21558082600063133,-0.16104423903281395
2018-09-11,2015-09-11,selected,0.22148774670090465,-0.14780612374881474
2018-09-12,2015-09-14,QQQ,0.21215673450038164,-0.16104423903281262
2018-09-12,2015-09-14,selected,0.21866696965386367,-0.1478061237488153
2018-09-13,2015-09-15,QQQ,0.2176883614081364,-0.16104423903281317
2018-09-13,2015-09-15,selected,0.22361496978633655,-0.1478061237488143
2018-09-14,2015-09-16,QQQ,0.2117593075103048,-0.16104423903281306
2018-09-14,2015-09-16,selected,0.2199742491798249,-0.14780612374881408
2018-09-17,2015-09-17,QQQ,0.20365711874057202,-0.16104423903281306
2018-09-17,2015-09-17,selected,0.21197117211650673,-0.14780612374881452
2018-09-18,2015-09-18,QQQ,0.20681655186633963,-0.16104423903281329
2018-09-18,2015-09-18,selected,0.21407780253506603,-0.1478061237488144
2018-09-19,2015-09-21,QQQ,0.21228326299467892,-0.16104423903281295
2018-09-19,2015-09-21,selected,0.21685832417819784,-0.14780612374881485
2018-09-20,2015-09-22,QQQ,0.21546689938817298,-0.16104423903281317
2018-09-20,2015-09-22,selected,0.2210968697788258,-0.14780612374881485
2018-09-21,2015-09-23,QQQ,0.2193550270245015,-0.16104423903281395
2018-09-21,2015-09-23,selected,0.22293649579836505,-0.1478061237488144
2018-09-24,2015-09-24,QQQ,0.2201718731028608,-0.16104423903281306
2018-09-24,2015-09-24,selected,0.22368621845254366,-0.14780612374881474
2018-09-25,2015-09-25,QQQ,0.22221231493676363,-0.1610442390328135
2018-09-25,2015-09-25,selected,0.22386303988378553,-0.1478061237488153
2018-09-26,2015-09-28,QQQ,0.22597422894742047,-0.1610442390328134
2018-09-26,2015-09-28,selected,0.2266344594826799,-0.14780612374881463
2018-09-27,2015-09-29,QQQ,0.24131749375002598,-0.16104423903281273
2018-09-27,2015-09-29,selected,0.23791528476983803,-0.14780612374881474
2018-09-28,2015-09-30,QQQ,0.24338730190218794,-0.1610442390328134
2018-09-28,2015-09-30,selected,0.2393351691678065,-0.14780612374881463
2018-10-01,2015-10-01,QQQ,0.23483032331808795,-0.1610442390328134
2018-10-01,2015-10-01,selected,0.2345534135670957,-0.14780612374881452
2018-10-02,2015-10-02,QQQ,0.232047385072514,-0.16104423903281384
2018-10-02,2015-10-02,selected,0.23264178812258218,-0.14780612374881497
2018-10-03,2015-10-05,QQQ,0.22537807014910305,-0.16104423903281362
2018-10-03,2015-10-05,selected,0.226117454265093,-0.14780612374881463
2018-10-04,2015-10-06,QQQ,0.21172668312269471,-0.1610442390328134
2018-10-04,2015-10-06,selected,0.2125993510107782,-0.14780612374881463
2018-10-05,2015-10-07,QQQ,0.20868018433873514,-0.16104423903281329
2018-10-05,2015-10-07,selected,0.2095721366258021,-0.14780612374881463
2018-10-08,2015-10-08,QQQ,0.20381229423991276,-0.1610442390328135
2018-10-08,2015-10-08,selected,0.20473934264892368,-0.1478061237488143
2018-10-09,2015-10-09,QQQ,0.20351772334111695,-0.16104423903281329
2018-10-09,2015-10-09,selected,0.20446508158609467,-0.1478061237488152
2018-10-10,2015-10-12,QQQ,0.18382573736008867,-0.1610442390328134
2018-10-10,2015-10-12,selected,0.1849350407243444,-0.1478061237488142
2018-10-11,2015-10-13,QQQ,0.17795350679526023,-0.16104423903281329
2018-10-11,2015-10-13,selected,0.17913635386840365,-0.14780612374881497
2018-10-12,2015-10-14,QQQ,0.19135280749199635,-0.1610442390328134
2018-10-12,2015-10-14,selected,0.1924021859388969,-0.14780612374881474
2018-10-15,2015-10-15,QQQ,0.1871607701552127,-0.1610442390328134
2018-10-15,2015-10-15,selected,0.1882291072081368,-0.14780612374881474
2018-10-16,2015-10-16,QQQ,0.19207178236041078,-0.1610442390328134
2018-10-16,2015-10-16,selected,0.19310492043204874,-0.14780612374881463
2018-10-17,2015-10-19,QQQ,0.1905723989466055,-0.1610442390328135
2018-10-17,2015-10-19,selected,0.1916203506858951,-0.14780612374881497
2018-10-18,2015-10-20,QQQ,0.17905082059496236,-0.16104423903281284
2018-10-18,2015-10-20,selected,0.18021699133967517,-0.1478061237488142
2018-10-19,2015-10-21,QQQ,0.18071791211694,-0.16104423903281295
2018-10-19,2015-10-21,selected,0.18186564754812573,-0.14780612374881485
2018-10-22,2015-10-22,QQQ,0.18515425109181982,-0.1610442390328135
2018-10-22,2015-10-22,selected,0.18626329415764387,-0.14780612374881463
2018-10-23,2015-10-23,QQQ,0.1757693991452156,-0.16104423903281295
2018-10-23,2015-10-23,selected,0.17696496068054546,-0.14780612374881463
2018-10-24,2015-10-26,QQQ,0.1469513715943953,-0.16104423903281317
2018-10-24,2015-10-26,selected,0.1484358504870935,-0.14780612374881452
2018-10-25,2015-10-27,QQQ,0.15978813353345456,-0.16104423903281329
2018-10-25,2015-10-27,selected,0.16115212225150244,-0.14780612374881463
2018-10-26,2015-10-28,QQQ,0.14897768681998547,-0.16104423903281317
2018-10-26,2015-10-28,selected,0.15043318475735212,-0.14780612374881452
2018-10-29,2015-10-29,QQQ,0.1378963148164074,-0.16104423903281284
2018-10-29,2015-10-29,selected,0.13946523139698686,-0.14780612374881485
2018-10-30,2015-10-30,QQQ,0.14471579979700122,-0.1610442390328134
2018-10-30,2015-10-30,selected,0.14624489116073214,-0.14780612374881452
2018-10-31,2015-11-02,QQQ,0.1553431619592338,-0.16104423903281295
2018-10-31,2015-11-02,selected,0.1567653752213478,-0.14780612374881474
2018-11-01,2015-11-03,QQQ,0.15606491007891865,-0.16104423903281317
2018-11-01,2015-11-03,selected,0.1575078410711228,-0.14780612374881497
2018-11-02,2015-11-04,QQQ,0.14869640408744922,-0.16104423903281362
2018-11-02,2015-11-04,selected,0.15205081716246105,-0.14780612374881452
2018-11-05,2015-11-05,QQQ,0.14771297858377475,-0.16104423903281295
2018-11-05,2015-11-05,selected,0.15167630070561766,-0.14780612374881463
2018-11-06,2015-11-06,QQQ,0.1516393684348054,-0.16104423903281329
2018-11-06,2015-11-06,selected,0.1543226023790767,-0.14780612374881497
2018-11-07,2015-11-09,QQQ,0.1632866780483626,-0.16104423903281317
2018-11-07,2015-11-09,selected,0.16152834832388696,-0.1478061237488143
2018-11-08,2015-11-10,QQQ,0.1649497592147069,-0.1610442390328134
2018-11-08,2015-11-10,selected,0.1639754721554909,-0.14780612374881508
2018-11-09,2015-11-11,QQQ,0.15935617972716942,-0.1610442390328134
2018-11-09,2015-11-11,selected,0.16065598685328686,-0.1478061237488143
2018-11-12,2015-11-12,QQQ,0.14801587210672418,-0.16104423903281306
2018-11-12,2015-11-12,selected,0.15374857047999346,-0.14780612374881485
2018-11-13,2015-11-13,QQQ,0.15208366006925367,-0.16104423903281317
2018-11-13,2015-11-13,selected,0.1577288487019637,-0.14780612374881485
2018-11-14,2015-11-16,QQQ,0.15676800653189238,-0.16104423903281373
2018-11-14,2015-11-16,selected,0.16386177206557884,-0.1478061237488144
2018-11-15,2015-11-17,QQQ,0.15794860262569688,-0.1610442390328134
2018-11-15,2015-11-17,selected,0.16236448621117083,-0.1478061237488144
2018-11-16,2015-11-18,QQQ,0.15635003767707212,-0.16104423903281317
2018-11-16,2015-11-18,selected,0.16207660203955876,-0.14780612374881508
2018-11-19,2015-11-19,QQQ,0.13646836124510386,-0.1610442390328135
2018-11-19,2015-11-19,selected,0.1474931816803169,-0.14780612374881452
2018-11-20,2015-11-20,QQQ,0.1293836337932175,-0.16104423903281362
2018-11-20,2015-11-20,selected,0.1429780531291287,-0.1478061237488144
2018-11-21,2015-11-23,QQQ,0.12969417894714264,-0.16104423903281317
2018-11-21,2015-11-23,selected,0.14209746155620762,-0.14780612374881474
2018-11-23,2015-11-24,QQQ,0.12804874137143973,-0.1610442390328134
2018-11-23,2015-11-24,selected,0.14143315846697835,-0.14780612374881497
2018-11-26,2015-11-25,QQQ,0.13700601801965262,-0.16104423903281284
2018-11-26,2015-11-25,selected,0.14707097517144363,-0.1478061237488144
2018-11-27,2015-11-27,QQQ,0.13795187842199996,-0.1610442390328134
2018-11-27,2015-11-27,selected,0.1473019617440452,-0.14780612374881463
2018-11-28,2015-11-30,QQQ,0.14949385111987357,-0.1610442390328134
2018-11-28,2015-11-30,selected,0.15430270423448555,-0.14780612374881485
2018-11-29,2015-12-01,QQQ,0.14921607010597215,-0.16104423903281284
2018-11-29,2015-12-01,selected,0.15473263063185905,-0.14780612374881408
2018-11-30,2015-12-02,QQQ,0.14817468985617288,-0.16104423903281362
2018-11-30,2015-12-02,selected,0.15283314560236927,-0.14780612374881485
2018-12-03,2015-12-03,QQQ,0.15720800364357124,-0.16089845352436682
2018-12-03,2015-12-03,selected,0.15993265800891754,-0.1476805489936206
2018-12-04,2015-12-04,QQQ,0.14874672920001042,-0.16089845352436716
2018-12-04,2015-12-04,selected,0.15337772251148785,-0.14768054899362038
2018-12-06,2015-12-07,QQQ,0.14260917058915612,-0.16089845352436705
2018-12-06,2015-12-07,selected,0.14695326162966804,-0.1476805489936207
2018-12-07,2015-12-08,QQQ,0.13159961952746535,-0.15730541891312677
2018-12-07,2015-12-08,selected,0.13763796447346333,-0.14405539319472827
2018-12-10,2015-12-09,QQQ,0.1355031352002749,-0.15730541891312688
2018-12-10,2015-12-09,selected,0.14106706342448372,-0.14405539319472804
2018-12-11,2015-12-10,QQQ,0.14256567140661658,-0.15730541891312677
2018-12-11,2015-12-10,selected,0.14795727456934138,-0.14405539319472827
2018-12-12,2015-12-11,QQQ,0.14418749602226955,-0.15730541891312677
2018-12-12,2015-12-11,selected,0.14918742172018118,-0.14405539319472793
2018-12-13,2015-12-14,QQQ,0.15321921459737076,-0.157305418913127
2018-12-13,2015-12-14,selected,0.15813819332456625,-0.14405539319472815
2018-12-14,2015-12-15,QQQ,0.1409063706474829,-0.1573054189131271
2018-12-14,2015-12-15,selected,0.146927203211076,-0.14405539319472815
2018-12-17,2015-12-16,QQQ,0.12993318851884172,-0.15730541891312644
2018-12-17,2015-12-16,selected,0.13697793946774706,-0.14405539319472815
2018-12-18,2015-12-17,QQQ,0.1267394061329674,-0.15730541891312655
2018-12-18,2015-12-17,selected,0.13354457052035085,-0.14405539319472782
2018-12-19,2015-12-18,QQQ,0.12291869506042152,-0.17099662495894774
2018-12-19,2015-12-18,selected,0.13083158197087297,-0.1558016919426758
2018-12-20,2015-12-21,QQQ,0.12470426526876643,-0.18301372732121013
2018-12-20,2015-12-21,selected,0.13343488083362032,-0.1660622150519545
2018-12-21,2015-12-22,QQQ,0.1088720618633301,-0.2083347878203965
2018-12-21,2015-12-22,selected,0.1188554024827464,-0.18898134029547187
2018-12-24,2015-12-23,QQQ,0.09723016752870173,-0.22796666813952315
2018-12-24,2015-12-23,selected,0.10828338450390884,-0.2066398631702837
2018-12-26,2015-12-24,QQQ,0.11684995951506605,-0.22796666813952315
2018-12-26,2015-12-24,selected,0.1254141532394759,-0.2066398631702835
2018-12-27,2015-12-28,QQQ,0.11835500911335894,-0.22796666813952227
2018-12-27,2015-12-28,selected,0.12687905436608649,-0.2066398631702836
2018-12-28,2015-12-29,QQQ,0.11835889688890266,-0.22796666813952327
2018-12-28,2015-12-29,selected,0.127061066015274,-0.20663986317028382
2018-12-31,2015-12-30,QQQ,0.1156746019082544,-0.22796666813952315
2018-12-31,2015-12-30,selected,0.12410386957518682,-0.2066398631702836
2019-01-02,2015-12-31,QQQ,0.12054331454880152,-0.22796666813952293
2019-01-02,2015-12-31,selected,0.1287703379404188,-0.20663986317028316
2019-01-03,2016-01-04,QQQ,0.11284211734723182,-0.22796666813952304
2019-01-03,2016-01-04,selected,0.12680173847143172,-0.2066398631702836
2019-01-04,2016-01-05,QQQ,0.1365415690371672,-0.22796666813952327
2019-01-04,2016-01-05,selected,0.143761429776603,-0.20663986317028393
2019-01-07,2016-01-06,QQQ,0.14169489144720293,-0.22796666813952315
2019-01-07,2016-01-06,selected,0.1470390116180731,-0.2066398631702835
2019-01-08,2016-01-07,QQQ,0.14881717046350285,-0.22796666813952293
2019-01-08,2016-01-07,selected,0.1527077628583835,-0.2066398631702836
2019-01-09,2016-01-08,QQQ,0.1642104510652267,-0.22796666813952304
2019-01-09,2016-01-08,selected,0.16689589159492924,-0.20663986317028415
2019-01-10,2016-01-11,QQQ,0.1685223490977077,-0.22796666813952282
2019-01-10,2016-01-11,selected,0.1704776495805902,-0.2066398631702837
2019-01-11,2016-01-12,QQQ,0.16590127262591858,-0.22796666813952282
2019-01-11,2016-01-12,selected,0.16860658109505633,-0.2066398631702837
2019-01-14,2016-01-13,QQQ,0.1579971137682621,-0.22796666813952315
2019-01-14,2016-01-13,selected,0.1618235418007341,-0.20663986317028393
2019-01-15,2016-01-14,QQQ,0.17920135174748753,-0.22796666813952282
2019-01-15,2016-01-14,selected,0.17986286602424273,-0.2066398631702836
2019-01-16,2016-01-15,QQQ,0.17087551022631287,-0.22796666813952293
2019-01-16,2016-01-15,selected,0.17193737006440002,-0.2066398631702837
2019-01-17,2016-01-19,QQQ,0.1863474634842346,-0.22796666813952282
2019-01-17,2016-01-19,selected,0.18604136436292373,-0.2066398631702837
2019-01-18,2016-01-20,QQQ,0.18938519776738505,-0.22796666813952315
2019-01-18,2016-01-20,selected,0.1868708552033873,-0.2066398631702836
2019-01-22,2016-01-21,QQQ,0.18260097098931016,-0.2279666681395227
2019-01-22,2016-01-21,selected,0.1837159830658286,-0.20663986317028393
2019-01-23,2016-01-22,QQQ,0.18272067170751116,-0.22796666813952304
2019-01-23,2016-01-22,selected,0.18374047185296405,-0.20663986317028393
2019-01-24,2016-01-25,QQQ,0.1740446336129371,-0.2279666681395227
2019-01-24,2016-01-25,selected,0.1742586795983616,-0.2066398631702836
2019-01-25,2016-01-26,QQQ,0.18459144799157312,-0.2279666681395227
2019-01-25,2016-01-26,selected,0.1833408641314478,-0.20663986317028393
2019-01-28,2016-01-27,QQQ,0.17617589863326488,-0.22796666813952315
2019-01-28,2016-01-27,selected,0.17700629549275892,-0.2066398631702836
2019-01-29,2016-01-28,QQQ,0.18236515695139421,-0.22796666813952282
2019-01-29,2016-01-28,selected,0.18522026010580084,-0.20663986317028382
2019-01-30,2016-01-29,QQQ,0.18674798076360388,-0.22796666813952338
2019-01-30,2016-01-29,selected,0.18600265723355536,-0.2066398631702835
2019-01-31,2016-02-01,QQQ,0.1844520816602666,-0.22796666813952282
2019-01-31,2016-02-01,selected,0.18196336844316452,-0.2066398631702837
2019-02-01,2016-02-02,QQQ,0.18172451121255273,-0.22796666813952304
2019-02-01,2016-02-02,selected,0.17962678366557938,-0.2066398631702836
2019-02-04,2016-02-03,QQQ,0.1952842869954896,-0.22796666813952293
2019-02-04,2016-02-03,selected,0.19163414330025907,-0.20663986317028427
2019-02-05,2016-02-04,QQQ,0.20072231811648833,-0.22796666813952282
2019-02-05,2016-02-04,selected,0.19655430666761964,-0.20663986317028382
2019-02-06,2016-02-05,QQQ,0.1995669748647828,-0.22796666813952315
2019-02-06,2016-02-05,selected,0.1951409326684277,-0.20663986317028415
2019-02-07,2016-02-08,QQQ,0.20832513846295098,-0.22796666813952315
2019-02-07,2016-02-08,selected,0.2016803719305793,-0.20663986317028427
2019-02-08,2016-02-09,QQQ,0.21533970007088854,-0.22796666813952293
2019-02-08,2016-02-09,selected,0.20736857886758853,-0.20663986317028382
2019-02-11,2016-02-10,QQQ,0.21621513814035698,-0.22796666813952304
2019-02-11,2016-02-10,selected,0.20809717018559493,-0.20663986317028382
2019-02-12,2016-02-11,QQQ,0.22061921295851206,-0.22796666813952282
2019-02-12,2016-02-11,selected,0.21243082953496328,-0.2066398631702835
2019-02-13,2016-02-12,QQQ,0.22149468735605726,-0.22796666813952293
2019-02-13,2016-02-12,selected,0.2124302215310545,-0.20663986317028404
2019-02-14,2016-02-16,QQQ,0.21585508744215165,-0.22796666813952315
2019-02-14,2016-02-16,selected,0.20795185254489423,-0.20663986317028393
2019-02-15,2016-02-17,QQQ,0.20854144412946352,-0.22796666813952293
2019-02-15,2016-02-17,selected,0.20250415300490054,-0.20663986317028415
2019-02-19,2016-02-18,QQQ,0.200343397944591,-0.22796666813952293
2019-02-19,2016-02-18,selected,0.1955056853588002,-0.20663986317028415
2019-02-20,2016-02-19,QQQ,0.20487572171913904,-0.22796666813952304
2019-02-20,2016-02-19,selected,0.19869166432948604,-0.2066398631702836
2019-02-21,2016-02-22,QQQ,0.20221976559685828,-0.22796666813952282
2019-02-21,2016-02-22,selected,0.19637445961142164,-0.20663986317028393
2019-02-22,2016-02-23,QQQ,0.19872568665647727,-0.2279666681395225
2019-02-22,2016-02-23,selected,0.19401310316672626,-0.20663986317028415
2019-02-25,2016-02-24,QQQ,0.20683805579516612,-0.22796666813952315
2019-02-25,2016-02-24,selected,0.20082072488248692,-0.20663986317028382
2019-02-26,2016-02-25,QQQ,0.20343659927505886,-0.22796666813952282
2019-02-26,2016-02-25,selected,0.197901417281102,-0.20663986317028338
2019-02-27,2016-02-26,QQQ,0.19925847661904794,-0.22796666813952338
2019-02-27,2016-02-26,selected,0.19408260283532464,-0.20663986317028393
2019-02-28,2016-02-29,QQQ,0.19883837730490495,-0.2279666681395227
2019-02-28,2016-02-29,selected,0.19399976244298123,-0.20663986317028404
2019-03-01,2016-03-01,QQQ,0.2052240158032239,-0.22796666813952315
2019-03-01,2016-03-01,selected,0.19946589600006148,-0.20663986317028415
2019-03-04,2016-03-02,QQQ,0.19266674320993538,-0.22796666813952315
2019-03-04,2016-03-02,selected,0.18897059279225403,-0.2066398631702837
2019-03-05,2016-03-03,QQQ,0.19281261250848414,-0.22796666813952293
2019-03-05,2016-03-03,selected,0.1890157811114257,-0.20663986317028338
2019-03-06,2016-03-04,QQQ,0.1913040545517275,-0.2279666681395227
2019-03-06,2016-03-04,selected,0.1872171736662256,-0.20663986317028393
2019-03-07,2016-03-07,QQQ,0.1862609034573719,-0.22796666813952327
2019-03-07,2016-03-07,selected,0.1822525937529773,-0.20663986317028382
2019-03-08,2016-03-08,QQQ,0.18810183369263123,-0.2279666681395225
2019-03-08,2016-03-08,selected,0.18381615758523662,-0.20663986317028393
2019-03-11,2016-03-09,QQQ,0.19960405759981947,-0.22796666813952293
2019-03-11,2016-03-09,selected,0.19486308087642246,-0.20663986317028382
2019-03-12,2016-03-10,QQQ,0.1992309788910842,-0.22796666813952315
2019-03-12,2016-03-10,selected,0.19481728697439582,-0.20663986317028393
2019-03-13,2016-03-11,QQQ,0.20283908291212627,-0.2279666681395226
2019-03-13,2016-03-11,selected,0.1981598516586589,-0.20663986317028382
2019-03-14,2016-03-14,QQQ,0.19523300518694997,-0.2279666681395227
2019-03-14,2016-03-14,selected,0.19143968838578163,-0.20663986317028415
2019-03-15,2016-03-15,QQQ,0.19824446389868466,-0.22796666813952282
2019-03-15,2016-03-15,selected,0.19462996343776062,-0.2066398631702835
2019-03-18,2016-03-16,QQQ,0.19934489814463796,-0.22796666813952327
2019-03-18,2016-03-16,selected,0.19567222128197992,-0.2066398631702835
2019-03-19,2016-03-17,QQQ,0.19714288456317886,-0.22796666813952338
2019-03-19,2016-03-17,selected,0.19344342934964276,-0.20663986317028393
2019-03-20,2016-03-18,QQQ,0.19894619484277243,-0.22796666813952293
2019-03-20,2016-03-18,selected,0.19521393219860195,-0.20663986317028382
2019-03-21,2016-03-21,QQQ,0.20453231490826806,-0.22796666813952304
2019-03-21,2016-03-21,selected,0.20081986567255306,-0.2066398631702835
2019-03-22,2016-03-22,QQQ,0.19409299789855639,-0.22796666813952293
2019-03-22,2016-03-22,selected,0.1907887024927375,-0.20663986317028404
2019-03-25,2016-03-23,QQQ,0.19211946838500515,-0.2279666681395235
2019-03-25,2016-03-23,selected,0.1889202413256974,-0.2066398631702836
2019-03-26,2016-03-24,QQQ,0.1972613949876172,-0.22796666813952293
2019-03-26,2016-03-24,selected,0.19394847903311363,-0.20663986317028393
2019-03-27,2016-03-28,QQQ,0.19458123180647813,-0.22796666813952293
2019-03-27,2016-03-28,selected,0.19130240778685303,-0.2066398631702835
2019-03-28,2016-03-29,QQQ,0.19605613748967565,-0.2279666681395226
2019-03-28,2016-03-29,selected,0.19266659242133977,-0.20663986317028415
2019-03-29,2016-03-30,QQQ,0.19271640766888987,-0.22796666813952338
2019-03-29,2016-03-30,selected,0.18955645294628054,-0.20663986317028404
2019-04-01,2016-03-31,QQQ,0.1960216747708261,-0.22796666813952304
2019-04-01,2016-03-31,selected,0.1931748210865476,-0.2066398631702836
2019-04-02,2016-04-01,QQQ,0.19811557252400958,-0.22796666813952338
2019-04-02,2016-04-01,selected,0.19509225553110054,-0.20663986317028393
2019-04-03,2016-04-04,QQQ,0.19618528366589327,-0.22796666813952304
2019-04-03,2016-04-04,selected,0.19355489313378516,-0.2066398631702837
2019-04-04,2016-04-05,QQQ,0.19755446314397251,-0.22796666813952315
2019-04-04,2016-04-05,selected,0.1949552561533765,-0.20663986317028382
2019-04-05,2016-04-06,QQQ,0.20349577847782907,-0.22796666813952282
2019-04-05,2016-04-06,selected,0.2008087791507549,-0.2066398631702835
2019-04-08,2016-04-07,QQQ,0.1979864682324215,-0.22796666813952293
2019-04-08,2016-04-07,selected,0.19538077379447105,-0.2066398631702837
2019-04-09,2016-04-08,QQQ,0.20236867449810725,-0.22796666813952304
2019-04-09,2016-04-08,selected,0.19969052165933499,-0.20663986317028338
2019-04-10,2016-04-11,QQQ,0.20481038499467563,-0.22796666813952304
2019-04-10,2016-04-11,selected,0.2021107890196876,-0.2066398631702835
2019-04-11,2016-04-12,QQQ,0.20533304223718574,-0.2279666681395226
2019-04-11,2016-04-12,selected,0.20259322199434382,-0.2066398631702836
2019-04-12,2016-04-13,QQQ,0.20371484505427806,-0.22796666813952304
2019-04-12,2016-04-13,selected,0.20099026855027136,-0.2066398631702835
2019-04-15,2016-04-14,QQQ,0.19869316883331556,-0.22796666813952304
2019-04-15,2016-04-14,selected,0.19604375861562406,-0.20663986317028393
2019-04-16,2016-04-15,QQQ,0.20003144419961671,-0.2279666681395227
2019-04-16,2016-04-15,selected,0.19736894176408137,-0.20663986317028427
2019-04-17,2016-04-18,QQQ,0.20243662867656553,-0.22796666813952338
2019-04-17,2016-04-18,selected,0.1997250507780819,-0.2066398631702837
2019-04-18,2016-04-19,QQQ,0.20081960597036375,-0.2279666681395225
2019-04-18,2016-04-19,selected,0.1981377582225594,-0.2066398631702836
2019-04-22,2016-04-20,QQQ,0.20441009750308603,-0.22796666813952282
2019-04-22,2016-04-20,selected,0.20165857882129545,-0.20663986317028316
2019-04-23,2016-04-21,QQQ,0.2091665286483817,-0.22796666813952315
2019-04-23,2016-04-21,selected,0.20637955237354677,-0.2066398631702836
2019-04-24,2016-04-22,QQQ,0.2078581714933332,-0.22796666813952293
2019-04-24,2016-04-22,selected,0.20510624636549402,-0.20663986317028382
2019-04-25,2016-04-25,QQQ,0.2156367132364485,-0.2279666681395227
2019-04-25,2016-04-25,selected,0.21280531178451256,-0.20663986317028415
2019-04-26,2016-04-26,QQQ,0.2159982564473717,-0.2279666681395227
2019-04-26,2016-04-26,selected,0.2131727273950148,-0.20663986317028415
2019-04-29,2016-04-27,QQQ,0.21876329009759132,-0.22796666813952338
2019-04-29,2016-04-27,selected,0.21588650666938314,-0.20663986317028427
2019-04-30,2016-04-28,QQQ,0.2188756884814007,-0.22796666813952315
2019-04-30,2016-04-28,selected,0.2159965830507189,-0.20663986317028415
2019-05-01,2016-04-29,QQQ,0.22251092419223006,-0.22796666813952315
2019-05-01,2016-04-29,selected,0.2195486641548945,-0.2066398631702837
2019-05-02,2016-05-02,QQQ,0.22289129544400565,-0.22796666813952315
2019-05-02,2016-05-02,selected,0.21988233390198397,-0.2066398631702837
2019-05-03,2016-05-03,QQQ,0.2255061139165364,-0.22796666813952282
2019-05-03,2016-05-03,selected,0.2224825454070607,-0.2066398631702836
2019-05-06,2016-05-04,QQQ,0.22680540922096015,-0.22796666813952293
2019-05-06,2016-05-04,selected,0.2237632069889146,-0.20663986317028382
2019-05-07,2016-05-05,QQQ,0.22141145463739775,-0.22796666813952293
2019-05-07,2016-05-05,selected,0.21844453177132084,-0.20663986317028404
2019-05-08,2016-05-06,QQQ,0.22049923849108422,-0.22796666813952282
2019-05-08,2016-05-06,selected,0.21753175808210012,-0.2066398631702836
2019-05-09,2016-05-09,QQQ,0.2161474062344173,-0.22796666813952282
2019-05-09,2016-05-09,selected,0.21323410231092343,-0.20663986317028382
2019-05-10,2016-05-10,QQQ,0.21550179438057215,-0.2279666681395226
2019-05-10,2016-05-10,selected,0.21263192916317886,-0.2066398631702836
2019-05-13,2016-05-11,QQQ,0.19584114758784876,-0.22796666813952293
2019-05-13,2016-05-11,selected,0.19323142041529362,-0.2066398631702836
2019-05-14,2016-05-12,QQQ,0.20383791972127185,-0.22796666813952327
2019-05-14,2016-05-12,selected,0.20110738909999504,-0.20663986317028382
2019-05-15,2016-05-13,QQQ,0.2112658257743627,-0.22796666813952282
2019-05-15,2016-05-13,selected,0.20845724775576158,-0.20663986317028393
2019-05-16,2016-05-16,QQQ,0.2168057615894139,-0.22796666813952338
2019-05-16,2016-05-16,selected,0.213911178572062,-0.2066398631702837
2019-05-17,2016-05-17,QQQ,0.20763053461193248,-0.22796666813952304
2019-05-17,2016-05-17,selected,0.20484334663017667,-0.20663986317028382
2019-05-20,2016-05-18,QQQ,0.20585988971707003,-0.2279666681395227
2019-05-20,2016-05-18,selected,0.20309542701170002,-0.2066398631702835
2019-05-21,2016-05-19,QQQ,0.20859523245559974,-0.2279666681395226
2019-05-21,2016-05-19,selected,0.20583557130788277,-0.20663986317028338
2019-05-22,2016-05-20,QQQ,0.20889513535641413,-0.2279666681395227
2019-05-22,2016-05-20,selected,0.20613462380191128,-0.2066398631702837
2019-05-23,2016-05-23,QQQ,0.19831338438290036,-0.22796666813952238
2019-05-23,2016-05-23,selected,0.19570522555409964,-0.2066398631702837
2019-05-24,2016-05-24,QQQ,0.1986372742033231,-0.22796666813952293
2019-05-24,2016-05-24,selected,0.19602925764774803,-0.2066398631702837
2019-05-28,2016-05-25,QQQ,0.1892442182815106,-0.22796666813952293
2019-05-28,2016-05-25,selected,0.18676460345038826,-0.2066398631702837
2019-05-29,2016-05-26,QQQ,0.18314502030077917,-0.22796666813952293
2019-05-29,2016-05-26,selected,0.18074301287350814,-0.20663986317028338
2019-05-30,2016-05-27,QQQ,0.18364604966860965,-0.22796666813952282
2019-05-30,2016-05-27,selected,0.181250255602329,-0.2066398631702835
2019-05-31,2016-05-31,QQQ,0.17528325067152428,-0.2279666681395226
2019-05-31,2016-05-31,selected,0.1730267444279474,-0.20663986317028327
2019-06-03,2016-06-01,QQQ,0.1658529129587909,-0.2279666681395225
2019-06-03,2016-06-01,selected,0.16372736457841475,-0.2066398631702837
2019-06-04,2016-06-02,QQQ,0.17665842641039542,-0.22796666813952282
2019-06-04,2016-06-02,selected,0.17440264208065415,-0.2066398631702835
2019-06-05,2016-06-03,QQQ,0.1787478253034125,-0.2279666681395225
2019-06-05,2016-06-03,selected,0.17647497783742994,-0.2066398631702837
2019-06-06,2016-06-06,QQQ,0.1837198452447899,-0.22796666813952293
2019-06-06,2016-06-06,selected,0.1813427389821649,-0.20663986317028438
2019-06-07,2016-06-07,QQQ,0.18985158689200632,-0.22796666813952304
2019-06-07,2016-06-07,selected,0.18741323810816457,-0.20663986317028438
2019-06-10,2016-06-08,QQQ,0.19546717095387356,-0.22796666813952304
2019-06-10,2016-06-08,selected,0.19294173983131824,-0.20663986317028382
2019-06-11,2016-06-09,QQQ,0.19532410580673742,-0.2279666681395226
2019-06-11,2016-06-09,selected,0.19276733669189539,-0.20663986317028415
2019-06-12,2016-06-10,QQQ,0.1936661765194172,-0.2279666681395225
2019-06-12,2016-06-10,selected,0.19112852029078975,-0.2066398631702835
2019-06-13,2016-06-13,QQQ,0.20057527161032618,-0.2279666681395235
2019-06-13,2016-06-13,selected,0.19795691478623278,-0.2066398631702837
2019-06-14,2016-06-14,QQQ,0.20222781988542438,-0.22796666813952304
2019-06-14,2016-06-14,selected,0.19958260969337727,-0.20663986317028382
2019-06-17,2016-06-15,QQQ,0.20463664689192962,-0.22796666813952304
2019-06-17,2016-06-15,selected,0.20195816556810064,-0.20663986317028382
2019-06-18,2016-06-16,QQQ,0.2116036155756884,-0.22796666813952327
2019-06-18,2016-06-16,selected,0.20883813275079977,-0.2066398631702837
2019-06-19,2016-06-17,QQQ,0.21191941204020592,-0.22796666813952315
2019-06-19,2016-06-17,selected,0.2091729731103562,-0.20663986317028338
2019-06-20,2016-06-20,QQQ,0.2204517712098908,-0.22796666813952282
2019-06-20,2016-06-20,selected,0.21762364153858793,-0.20663986317028382
2019-06-21,2016-06-21,QQQ,0.21730081545703994,-0.22796666813952304
2019-06-21,2016-06-21,selected,0.2145323597635036,-0.20663986317028382
2019-06-24,2016-06-22,QQQ,0.21602892396330908,-0.22796666813952238
2019-06-24,2016-06-22,selected,0.21333143616461459,-0.2066398631702835
2019-06-25,2016-06-23,QQQ,0.21000664844621042,-0.22796666813952304
2019-06-25,2016-06-23,selected,0.20738771141534795,-0.20663986317028338
2019-06-26,2016-06-24,QQQ,0.20617042342968817,-0.22796666813952315
2019-06-26,2016-06-24,selected,0.20358587206662038,-0.20663986317028382
2019-06-27,2016-06-27,QQQ,0.22475625337840022,-0.2279666681395225
2019-06-27,2016-06-27,selected,0.22185529454848707,-0.20663986317028404
2019-06-28,2016-06-28,QQQ,0.23349692012198675,-0.22796666813952293
2019-06-28,2016-06-28,selected,0.23046038773337307,-0.20663986317028382
2019-07-01,2016-06-29,QQQ,0.23010033962249188,-0.2279666681395227
2019-07-01,2016-06-29,selected,0.22708932313710206,-0.2066398631702837
2019-07-02,2016-06-30,QQQ,0.22453653149584607,-0.22796666813952327
2019-07-02,2016-06-30,selected,0.2216334032740921,-0.2066398631702835
2019-07-03,2016-07-01,QQQ,0.22290242131192572,-0.22796666813952293
2019-07-03,2016-07-01,selected,0.22001253690811007,-0.20663986317028316
2019-07-05,2016-07-05,QQQ,0.2200327947237708,-0.2279666681395225
2019-07-05,2016-07-05,selected,0.21712054394478142,-0.20663986317028327
2019-07-08,2016-07-06,QQQ,0.2196615168524334,-0.22796666813952293
2019-07-08,2016-07-06,selected,0.2167174770545226,-0.2066398631702837
2019-07-09,2016-07-07,QQQ,0.2183759703005037,-0.22796666813952315
2019-07-09,2016-07-07,selected,0.21544582702676918,-0.2066398631702835
2019-07-10,2016-07-08,QQQ,0.22120813416133966,-0.22796666813952327
2019-07-10,2016-07-08,selected,0.21827919048178424,-0.20663986317028427
2019-07-11,2016-07-11,QQQ,0.2146817914486716,-0.22796666813952293
2019-07-11,2016-07-11,selected,0.21180511407353286,-0.20663986317028382
2019-07-12,2016-07-12,QQQ,0.21470469798487168,-0.22796666813952338
2019-07-12,2016-07-12,selected,0.21185725020679014,-0.20663986317028382
2019-07-15,2016-07-13,QQQ,0.21396112892527275,-0.22796666813952293
2019-07-15,2016-07-13,selected,0.2111766129451178,-0.2066398631702837
2019-07-16,2016-07-14,QQQ,0.2128531262689135,-0.22796666813952315
2019-07-16,2016-07-14,selected,0.21003907677992206,-0.20663986317028382
2019-07-17,2016-07-15,QQQ,0.20811589679782716,-0.2279666681395227
2019-07-17,2016-07-15,selected,0.20541916967416762,-0.20663986317028393
2019-07-18,2016-07-18,QQQ,0.2092248708413944,-0.2279666681395227
2019-07-18,2016-07-18,selected,0.20654736725941447,-0.20663986317028393
2019-07-19,2016-07-19,QQQ,0.20361424621435242,-0.22796666813952304
2019-07-19,2016-07-19,selected,0.20098014241257545,-0.2066398631702835
2019-07-22,2016-07-20,QQQ,0.20826771795243126,-0.22796666813952282
2019-07-22,2016-07-20,selected,0.20556825975481763,-0.20663986317028415
2019-07-23,2016-07-21,QQQ,0.20621849291845873,-0.22796666813952293
2019-07-23,2016-07-21,selected,0.20356634629097714,-0.20663986317028382
2019-07-24,2016-07-22,QQQ,0.20995887038641614,-0.2279666681395226
2019-07-24,2016-07-22,selected,0.20724080312565518,-0.2066398631702835
2019-07-25,2016-07-25,QQQ,0.2044581965791139,-0.22796666813952327
2019-07-25,2016-07-25,selected,0.20180215766006082,-0.20663986317028382
2019-07-26,2016-07-26,QQQ,0.208541857013111,-0.22796666813952315
2019-07-26,2016-07-26,selected,0.20585284402249782,-0.20663986317028393
2019-07-29,2016-07-27,QQQ,0.20669843782523456,-0.22796666813952293
2019-07-29,2016-07-27,selected,0.20404115736653705,-0.2066398631702836
2019-07-30,2016-07-28,QQQ,0.20218411224204913,-0.2279666681395227
2019-07-30,2016-07-28,selected,0.19955931339842192,-0.2066398631702835
2019-07-31,2016-07-29,QQQ,0.1952268695434105,-0.22796666813952327
2019-07-31,2016-07-29,selected,0.19268058789083597,-0.20663986317028382
2019-08-01,2016-08-01,QQQ,0.19237962893014382,-0.2279666681395235
2019-08-01,2016-08-01,selected,0.1898926347292056,-0.20663986317028382
2019-08-02,2016-08-02,QQQ,0.1844117060715611,-0.22796666813952304
2019-08-02,2016-08-02,selected,0.18202930335698642,-0.20663986317028382
2019-08-05,2016-08-03,QQQ,0.1732720606656759,-0.22796666813952304
2019-08-05,2016-08-03,selected,0.1710464513747474,-0.2066398631702835
2019-08-06,2016-08-04,QQQ,0.17742567423093214,-0.22796666813952282
2019-08-06,2016-08-04,selected,0.17518080824160975,-0.20663986317028316
2019-08-07,2016-08-05,QQQ,0.17841934721993513,-0.2279666681395236
2019-08-07,2016-08-05,selected,0.17617732123333574,-0.20663986317028382
2019-08-08,2016-08-08,QQQ,0.18313459400990517,-0.22796666813952327
2019-08-08,2016-08-08,selected,0.18088663828082074,-0.2066398631702837
2019-08-09,2016-08-09,QQQ,0.17985292372404005,-0.2279666681395227
2019-08-09,2016-08-09,selected,0.17763750976035886,-0.2066398631702836
2019-08-12,2016-08-10,QQQ,0.17441720569923058,-0.2279666681395227
2019-08-12,2016-08-10,selected,0.17227988238691339,-0.20663986317028338
2019-08-13,2016-08-11,QQQ,0.1839476820993693,-0.2279666681395226
2019-08-13,2016-08-11,selected,0.18168059093309452,-0.2066398631702835
2019-08-14,2016-08-12,QQQ,0.17036414973015557,-0.2279666681395225
2019-08-14,2016-08-12,selected,0.16829315425451652,-0.20663986317028415
2019-08-15,2016-08-15,QQQ,0.1696494885400499,-0.22796666813952304
2019-08-15,2016-08-15,selected,0.1676073010800474,-0.20663986317028382
2019-08-16,2016-08-16,QQQ,0.1742065465572895,-0.22796666813952315
2019-08-16,2016-08-16,selected,0.17210629813967304,-0.20663986317028382
2019-08-19,2016-08-17,QQQ,0.18257977820859117,-0.2279666681395235
2019-08-19,2016-08-17,selected,0.18035807429482165,-0.2066398631702837
2019-08-20,2016-08-18,QQQ,0.1788130319213681,-0.22796666813952293
2019-08-20,2016-08-18,selected,0.17664200793734186,-0.20663986317028393
2019-08-21,2016-08-19,QQQ,0.18219079792127735,-0.22796666813952293
2019-08-21,2016-08-19,selected,0.17996029852467887,-0.20663986317028404
2019-08-22,2016-08-22,QQQ,0.18101566686862047,-0.22796666813952293
2019-08-22,2016-08-22,selected,0.17881400241157297,-0.2066398631702837
2019-08-23,2016-08-23,QQQ,0.16812525352990337,-0.22796666813952304
2019-08-23,2016-08-23,selected,0.1661066549584893,-0.20663986317028382
2019-08-26,2016-08-24,QQQ,0.17327745657079086,-0.2279666681395217
2019-08-26,2016-08-24,selected,0.171204165230727,-0.2066398631702836
2019-08-27,2016-08-25,QQQ,0.17498907887151005,-0.22796666813952327
2019-08-27,2016-08-25,selected,0.1729327773236098,-0.2066398631702836
2019-08-28,2016-08-26,QQQ,0.17702773523896753,-0.2279666681395235
2019-08-28,2016-08-26,selected,0.17494875171199586,-0.20663986317028338
2019-08-29,2016-08-29,QQQ,0.18242190492450128,-0.22796666813952327
2019-08-29,2016-08-29,selected,0.18028428233661886,-0.20663986317028382
2019-08-30,2016-08-30,QQQ,0.18093821877531413,-0.22796666813952304
2019-08-30,2016-08-30,selected,0.17879824415817347,-0.20663986317028382
2019-09-03,2016-08-31,QQQ,0.1783818488843214,-0.22796666813952327
2019-09-03,2016-08-31,selected,0.17632149910860284,-0.20663986317028415
2019-09-04,2016-09-01,QQQ,0.18443171043412399,-0.2279666681395226
2019-09-04,2016-09-01,selected,0.18181726239614981,-0.20663986317028415
2019-09-05,2016-09-02,QQQ,0.1905990055836202,-0.2279666681395226
2019-09-05,2016-09-02,selected,0.18670693406624173,-0.2066398631702837
2019-09-06,2016-09-06,QQQ,0.18891707010007974,-0.2279666681395227
2019-09-06,2016-09-06,selected,0.18497795384365934,-0.20663986317028404
2019-09-09,2016-09-07,QQQ,0.18563081086047273,-0.22796666813952304
2019-09-09,2016-09-07,selected,0.18157604659745652,-0.2066398631702837
2019-09-10,2016-09-08,QQQ,0.18425850312655534,-0.22796666813952315
2019-09-10,2016-09-08,selected,0.18011198639092396,-0.20663986317028415
2019-09-11,2016-09-09,QQQ,0.1902794982869953,-0.22796666813952293
2019-09-11,2016-09-09,selected,0.1858295009661166,-0.2066398631702837
2019-09-12,2016-09-12,QQQ,0.20209575620585052,-0.2279666681395226
2019-09-12,2016-09-12,selected,0.1973456233669475,-0.2066398631702836
2019-09-13,2016-09-13,QQQ,0.1935685054700269,-0.22796666813952304
2019-09-13,2016-09-13,selected,0.18879220717903822,-0.20663986317028393
2019-09-16,2016-09-14,QQQ,0.19536163810736262,-0.22796666813952338
2019-09-16,2016-09-14,selected,0.1909668530927089,-0.2066398631702837
2019-09-17,2016-09-15,QQQ,0.19537322273371216,-0.22796666813952327
2019-09-17,2016-09-15,selected,0.19088067494702354,-0.2066398631702836
2019-09-18,2016-09-16,QQQ,0.18908036663030647,-0.22796666813952238
2019-09-18,2016-09-16,selected,0.18465218736824474,-0.2066398631702836
2019-09-19,2016-09-19,QQQ,0.18992810947224115,-0.22796666813952304
2019-09-19,2016-09-19,selected,0.18553096695964455,-0.2066398631702837
2019-09-20,2016-09-20,QQQ,0.187440988202771,-0.22796666813952304
2019-09-20,2016-09-20,selected,0.18376803290359245,-0.20663986317028338
2019-09-23,2016-09-21,QQQ,0.18687055321447965,-0.22796666813952282
2019-09-23,2016-09-21,selected,0.18326946794932075,-0.2066398631702837
2019-09-24,2016-09-22,QQQ,0.17774687733442707,-0.22796666813952338
2019-09-24,2016-09-22,selected,0.17494534806502338,-0.2066398631702835
2019-09-25,2016-09-23,QQQ,0.1790188098010428,-0.22796666813952315
2019-09-25,2016-09-23,selected,0.17540127583667608,-0.20663986317028438
2019-09-26,2016-09-26,QQQ,0.18008533304351748,-0.22796666813952315
2019-09-26,2016-09-26,selected,0.17666202046633805,-0.20663986317028404
2019-09-27,2016-09-27,QQQ,0.17847966484642686,-0.22796666813952304
2019-09-27,2016-09-27,selected,0.17548487516670708,-0.20663986317028404
2019-09-30,2016-09-28,QQQ,0.17833609776578396,-0.2279666681395227
2019-09-30,2016-09-28,selected,0.1747867878867757,-0.20663986317028415
2019-10-01,2016-09-29,QQQ,0.17446341951636435,-0.2279666681395227
2019-10-01,2016-09-29,selected,0.17136614682715634,-0.2066398631702835
2019-10-02,2016-09-30,QQQ,0.1705268097986441,-0.2279666681395227
2019-10-02,2016-09-30,selected,0.16746134843059646,-0.20663986317028382
2019-10-03,2016-10-03,QQQ,0.17188372970742272,-0.22796666813952238
2019-10-03,2016-10-03,selected,0.16882633383251133,-0.20663986317028327
2019-10-04,2016-10-04,QQQ,0.17817056967755085,-0.2279666681395226
2019-10-04,2016-10-04,selected,0.175055017745108,-0.2066398631702836
2019-10-07,2016-10-05,QQQ,0.17757998372550632,-0.2279666681395226
2019-10-07,2016-10-05,selected,0.17451353667285363,-0.20663986317028382
2019-10-08,2016-10-06,QQQ,0.17028756059150552,-0.22796666813952293
2019-10-08,2016-10-06,selected,0.16732928587713936,-0.20663986317028382
2019-10-09,2016-10-07,QQQ,0.1742808679033241,-0.2279666681395226
2019-10-09,2016-10-07,selected,0.1712902122213067,-0.2066398631702835
2019-10-10,2016-10-10,QQQ,0.17816525893481994,-0.22796666813952293
2019-10-10,2016-10-10,selected,0.1751039394014524,-0.20663986317028415
2019-10-11,2016-10-11,QQQ,0.1807148975149928,-0.22796666813952338
2019-10-11,2016-10-11,selected,0.17760137360712913,-0.20663986317028382
2019-10-14,2016-10-12,QQQ,0.18633956676294194,-0.22796666813952293
2019-10-14,2016-10-12,selected,0.18317304300496784,-0.20663986317028427
2019-10-15,2016-10-13,QQQ,0.19168531069351502,-0.2279666681395226
2019-10-15,2016-10-13,selected,0.18842959904115086,-0.20663986317028338
2019-10-16,2016-10-14,QQQ,0.1921223170345221,-0.22796666813952327
2019-10-16,2016-10-14,selected,0.18885938680380399,-0.2066398631702836
2019-10-17,2016-10-17,QQQ,0.19269565086932983,-0.22796666813952315
2019-10-17,2016-10-17,selected,0.1894456624275438,-0.2066398631702837
2019-10-18,2016-10-18,QQQ,0.18994738875591644,-0.22796666813952282
2019-10-18,2016-10-18,selected,0.18672238241626515,-0.2066398631702836
2019-10-21,2016-10-19,QQQ,0.18993396713252975,-0.22796666813952304
2019-10-21,2016-10-19,selected,0.18668646709344427,-0.20663986317028404
2019-10-22,2016-10-20,QQQ,0.1868006137958771,-0.22796666813952315
2019-10-22,2016-10-20,selected,0.18359404514525646,-0.2066398631702835
2019-10-23,2016-10-21,QQQ,0.18803354555337526,-0.22796666813952282
2019-10-23,2016-10-21,selected,0.18482303267519495,-0.20663986317028393
2019-10-24,2016-10-24,QQQ,0.19039242000571788,-0.22796666813952338
2019-10-24,2016-10-24,selected,0.18716138441321983,-0.20663986317028382
2019-10-25,2016-10-25,QQQ,0.1888091569123922,-0.22796666813952327
2019-10-25,2016-10-25,selected,0.18559848549273084,-0.2066398631702837
2019-10-28,2016-10-26,QQQ,0.1939717505937606,-0.22796666813952282
2019-10-28,2016-10-26,selected,0.19065801141942162,-0.20663986317028327
2019-10-29,2016-10-27,QQQ,0.19359165423990743,-0.22796666813952304
2019-10-29,2016-10-27,selected,0.1902885575503257,-0.2066398631702836
2019-10-30,2016-10-28,QQQ,0.19734004065048905,-0.2279666681395227
2019-10-30,2016-10-28,selected,0.19401823143189123,-0.20663986317028382
2019-10-31,2016-10-31,QQQ,0.2000395733088931,-0.22796666813952338
2019-10-31,2016-10-31,selected,0.19670016175168392,-0.20663986317028338
2019-11-01,2016-11-01,QQQ,0.2040389985455382,-0.2279666681395225
2019-11-01,2016-11-01,selected,0.2006303552956843,-0.2066398631702836
2019-11-04,2016-11-02,QQQ,0.20955648102312852,-0.22796666813952304
2019-11-04,2016-11-02,selected,0.20606093722231922,-0.20663986317028404
2019-11-05,2016-11-03,QQQ,0.2130253659640713,-0.22796666813952315
2019-11-05,2016-11-03,selected,0.20944222825996528,-0.20663986317028404
2019-11-06,2016-11-04,QQQ,0.21610593282851398,-0.22796666813952282
2019-11-06,2016-11-04,selected,0.2124906693187567,-0.2066398631702837
2019-11-07,2016-11-07,QQQ,0.21889072463033954,-0.22796666813952293
2019-11-07,2016-11-07,selected,0.21519482555907876,-0.2066398631702837
2019-11-08,2016-11-08,QQQ,0.21099521156794032,-0.22796666813952338
2019-11-08,2016-11-08,selected,0.20741102458393823,-0.20663986317028316
2019-11-11,2016-11-09,QQQ,0.2078292636508634,-0.22796666813952304
2019-11-11,2016-11-09,selected,0.2042834044766202,-0.2066398631702835
2019-11-12,2016-11-10,QQQ,0.2071376055189056,-0.2279666681395226
2019-11-12,2016-11-10,selected,0.20365155124296175,-0.20663986317028404
2019-11-13,2016-11-11,QQQ,0.21380713472719814,-0.22796666813952315
2019-11-13,2016-11-11,selected,0.2102895404634133,-0.20663986317028427
2019-11-14,2016-11-14,QQQ,0.21331121948325604,-0.22796666813952304
2019-11-14,2016-11-14,selected,0.20985116009273863,-0.20663986317028415
2019-11-15,2016-11-15,QQQ,0.2203995835793402,-0.2279666681395227
2019-11-15,2016-11-15,selected,0.21686111565430988,-0.20663986317028382
2019-11-18,2016-11-16,QQQ,0.21512787261890232,-0.22796666813952304
2019-11-18,2016-11-16,selected,0.2116424856459449,-0.20663986317028316
2019-11-19,2016-11-17,QQQ,0.2133293649913559,-0.22796666813952304
2019-11-19,2016-11-17,selected,0.2098728892405899,-0.20663986317028393
2019-11-20,2016-11-18,QQQ,0.20797788997197508,-0.22796666813952293
2019-11-20,2016-11-18,selected,0.20461304366307242,-0.20663986317028382
2019-11-21,2016-11-21,QQQ,0.2085880251564738,-0.22796666813952327
2019-11-21,2016-11-21,selected,0.2052187263280265,-0.20663986317028393
2019-11-22,2016-11-22,QQQ,0.20468622870473951,-0.22796666813952282
2019-11-22,2016-11-22,selected,0.20135422826611182,-0.2066398631702836
2019-11-25,2016-11-23,QQQ,0.20820073588594634,-0.22796666813952282
2019-11-25,2016-11-23,selected,0.2048174952009163,-0.2066398631702836
2019-11-26,2016-11-25,QQQ,0.210600634715568,-0.2279666681395226
2019-11-26,2016-11-25,selected,0.20723428497212248,-0.20663986317028382
2019-11-27,2016-11-28,QQQ,0.21211936059764191,-0.22796666813952327
2019-11-27,2016-11-28,selected,0.20872634350042696,-0.2066398631702835
2019-11-29,2016-11-29,QQQ,0.21119142994586948,-0.22796666813952327
2019-11-29,2016-11-29,selected,0.2077876979080795,-0.2066398631702836
2019-12-02,2016-11-30,QQQ,0.20565511704340467,-0.2279666681395226
2019-12-02,2016-11-30,selected,0.20231472791060767,-0.2066398631702837
2019-12-03,2016-12-01,QQQ,0.20739127823794812,-0.22796666813952327
2019-12-03,2016-12-01,selected,0.20409770660276894,-0.20663986317028415
2019-12-04,2016-12-02,QQQ,0.2164722576177862,-0.22796666813952304
2019-12-04,2016-12-02,selected,0.21306825494009174,-0.20663986317028393
2019-12-05,2016-12-05,QQQ,0.21646592875837567,-0.2279666681395225
2019-12-05,2016-12-05,selected,0.2130481188980624,-0.20663986317028427
2019-12-06,2016-12-06,QQQ,0.2176396703374217,-0.2279666681395225
2019-12-06,2016-12-06,selected,0.21419512245279848,-0.2066398631702837
2019-12-09,2016-12-07,QQQ,0.2148240134594661,-0.22796666813952282
2019-12-09,2016-12-07,selected,0.21141748362825985,-0.20663986317028338
2019-12-10,2016-12-08,QQQ,0.20940322076317286,-0.22796666813952293
2019-12-10,2016-12-08,selected,0.20605454986991534,-0.20663986317028404
2019-12-11,2016-12-09,QQQ,0.21081905795062705,-0.2279666681395226
2019-12-11,2016-12-09,selected,0.20747812145676647,-0.2066398631702835
2019-12-12,2016-12-12,QQQ,0.21066707750257474,-0.2279666681395227
2019-12-12,2016-12-12,selected,0.20732778388574236,-0.20663986317028338
2019-12-13,2016-12-13,QQQ,0.21382546818324877,-0.22796666813952304
2019-12-13,2016-12-13,selected,0.21045385795560123,-0.20663986317028393
2019-12-16,2016-12-14,QQQ,0.2127976858295808,-0.22796666813952338
2019-12-16,2016-12-14,selected,0.20943615285821582,-0.20663986317028415
2019-12-17,2016-12-15,QQQ,0.21386978826518366,-0.22796666813952315
2019-12-17,2016-12-15,selected,0.21052829851889565,-0.2066398631702837
2019-12-18,2016-12-16,QQQ,0.21353992829857593,-0.22796666813952238
2019-12-18,2016-12-16,selected,0.21021168167018822,-0.20663986317028415
2019-12-19,2016-12-19,QQQ,0.21756985110347538,-0.22796666813952304
2019-12-19,2016-12-19,selected,0.2141848672803024,-0.2066398631702835
2019-12-20,2016-12-20,QQQ,0.21754323669335296,-0.2279666681395235
2019-12-20,2016-12-20,selected,0.21414513610414088,-0.20663986317028338
2019-12-23,2016-12-21,QQQ,0.2170622899965966,-0.22796666813952304
2019-12-23,2016-12-21,selected,0.21368683421930723,-0.2066398631702835
2019-12-24,2016-12-22,QQQ,0.217575983469811,-0.22796666813952282
2019-12-24,2016-12-22,selected,0.21420674661082462,-0.2066398631702837
2019-12-26,2016-12-23,QQQ,0.2222978185494202,-0.22796666813952304
2019-12-26,2016-12-23,selected,0.21888785980484737,-0.20663986317028415
2019-12-27,2016-12-27,QQQ,0.22168368232258717,-0.22796666813952282
2019-12-27,2016-12-27,selected,0.21827587830220585,-0.2066398631702837
2019-12-30,2016-12-28,QQQ,0.21692013508523922,-0.22796666813952327
2019-12-30,2016-12-28,selected,0.21356810287664185,-0.20663986317028393
2019-12-31,2016-12-29,QQQ,0.2208586120022551,-0.2279666681395227
2019-12-31,2016-12-29,selected,0.21744968695074118,-0.2066398631702835
2020-01-02,2016-12-30,QQQ,0.2281969340352148,-0.22796666813952282
2020-01-02,2016-12-30,selected,0.22468005576855887,-0.2066398631702837
2020-01-03,2017-01-03,QQQ,0.22865802173622019,-0.22796666813952282
2020-01-03,2017-01-03,selected,0.22517512879852064,-0.2066398631702835
2020-01-06,2017-01-04,QQQ,0.22764087625353868,-0.22796666813952282
2020-01-06,2017-01-04,selected,0.2241695239018784,-0.20663986317028427
2020-01-07,2017-01-05,QQQ,0.2253668945071925,-0.2279666681395225
2020-01-07,2017-01-05,selected,0.2219165151225857,-0.2066398631702845
2020-01-08,2017-01-06,QQQ,0.226121486656218,-0.22796666813952315
2020-01-08,2017-01-06,selected,0.22261619930264165,-0.20663986317028338
2020-01-09,2017-01-09,QQQ,0.22600143243217996,-0.22796666813952304
2020-01-09,2017-01-09,selected,0.2225075623417756,-0.20663986317028427
2020-01-10,2017-01-10,QQQ,0.22361884207576166,-0.22796666813952304
2020-01-10,2017-01-10,selected,0.22016202324182688,-0.20663986317028393
2020-01-13,2017-01-11,QQQ,0.2274040425119137,-0.22796666813952315
2020-01-13,2017-01-11,selected,0.22388274702782396,-0.2066398631702837
2020-01-14,2017-01-12,QQQ,0.22469312632079963,-0.22796666813952282
2020-01-14,2017-01-12,selected,0.22119992992069193,-0.20663986317028415
2020-01-15,2017-01-13,QQQ,0.22549165717772035,-0.22796666813952315
2020-01-15,2017-01-13,selected,0.22200257180548078,-0.2066398631702845
2020-01-16,2017-01-17,QQQ,0.22799499381463773,-0.2279666681395236
2020-01-16,2017-01-17,selected,0.22447060110544848,-0.2066398631702836
2020-01-17,2017-01-18,QQQ,0.2312516477064519,-0.22796666813952304
2020-01-17,2017-01-18,selected,0.22765585898694995,-0.20663986317028316
2020-01-21,2017-01-19,QQQ,0.2302335723619351,-0.2279666681395226
2020-01-21,2017-01-19,selected,0.22668433413572608,-0.20663986317028338
2020-01-22,2017-01-20,QQQ,0.23151637545672132,-0.22796666813952304
2020-01-22,2017-01-20,selected,0.22796312014869824,-0.20663986317028393
2020-01-23,2017-01-23,QQQ,0.23193432433862204,-0.2279666681395226
2020-01-23,2017-01-23,selected,0.22838403699748477,-0.20663986317028393
2020-01-24,2017-01-24,QQQ,0.22813675114384924,-0.2279666681395235
2020-01-24,2017-01-24,selected,0.22463565956500697,-0.2066398631702836
2020-01-27,2017-01-25,QQQ,0.2168986783425899,-0.22796666813952327
2020-01-27,2017-01-25,selected,0.21357155993543997,-0.2066398631702837
2020-01-28,2017-01-26,QQQ,0.2190207932709769,-0.2279666681395236
2020-01-28,2017-01-26,selected,0.2156690285704823,-0.20663986317028316
2020-01-29,2017-01-27,QQQ,0.21925996982142149,-0.22796666813952338
2020-01-29,2017-01-27,selected,0.21593109929674914,-0.20663986317028415
2020-01-30,2017-01-30,QQQ,0.21992899839486646,-0.2279666681395225
2020-01-30,2017-01-30,selected,0.21659256126362347,-0.20663986317028415
2020-01-31,2017-01-31,QQQ,0.21661351726990974,-0.22796666813952315
2020-01-31,2017-01-31,selected,0.2133262105366649,-0.20663986317028404
2020-02-03,2017-02-01,QQQ,0.22352784578706775,-0.2279666681395237
2020-02-03,2017-02-01,selected,0.22011513205873334,-0.20663986317028415
2020-02-04,2017-02-02,QQQ,0.2299682527483422,-0.2279666681395236
2020-02-04,2017-02-02,selected,0.2264578043125407,-0.20663986317028338
2020-02-05,2017-02-03,QQQ,0.23167874432541957,-0.22796666813952327
2020-02-05,2017-02-03,selected,0.22813216116878743,-0.20663986317028427
2020-02-06,2017-02-06,QQQ,0.23403213194247052,-0.22796666813952327
2020-02-06,2017-02-06,selected,0.2304622904732938,-0.20663986317028415
2020-02-07,2017-02-07,QQQ,0.23177060335895505,-0.2279666681395227
2020-02-07,2017-02-07,selected,0.2282160380206817,-0.2066398631702837
2020-02-10,2017-02-08,QQQ,0.2352097918684306,-0.2279666681395226
2020-02-10,2017-02-08,selected,0.23161520541121017,-0.2066398631702836
2020-02-11,2017-02-09,QQQ,0.23459665193275114,-0.2279666681395227
2020-02-11,2017-02-09,selected,0.23098291671434334,-0.2066398631702836
2020-02-12,2017-02-10,QQQ,0.23709479896368824,-0.2279666681395226
2020-02-12,2017-02-10,selected,0.2334655872486131,-0.20663986317028404
2020-02-13,2017-02-13,QQQ,0.23520590629726978,-0.22796666813952282
2020-02-13,2017-02-13,selected,0.23161227023003805,-0.2066398631702847
2020-02-14,2017-02-14,QQQ,0.2340629888022554,-0.22796666813952304
2020-02-14,2017-02-14,selected,0.23050469979272492,-0.2066398631702837
2020-02-18,2017-02-15,QQQ,0.2328428473108335,-0.22796666813952293
2020-02-18,2017-02-15,selected,0.22933186554971274,-0.20663986317028393
2020-02-19,2017-02-16,QQQ,0.2343414589650914,-0.22796666813952282
2020-02-19,2017-02-16,selected,0.23081340531208805,-0.2066398631702837
2020-02-20,2017-02-17,QQQ,0.23063680660973107,-0.22796666813952304
2020-02-20,2017-02-17,selected,0.22715460851952107,-0.20663986317028393
2020-02-21,2017-02-21,QQQ,0.22094517541509928,-0.22796666813952282
2020-02-21,2017-02-21,selected,0.2176148440130261,-0.20663986317028438
2020-02-24,2017-02-22,QQQ,0.2030702618874216,-0.22796666813952282
2020-02-24,2017-02-22,selected,0.19998200039994707,-0.2066398631702836
2020-02-25,2017-02-23,QQQ,0.1919132320122794,-0.22796666813952293
2020-02-25,2017-02-23,selected,0.1889306858101618,-0.20663986317028415
2020-02-26,2017-02-24,QQQ,0.1954552999181085,-0.22796666813952304
2020-02-26,2017-02-24,selected,0.19240796769845558,-0.20663986317028404
2020-02-27,2017-02-27,QQQ,0.1744069237994017,-0.2279666681395227
2020-02-27,2017-02-27,selected,0.17159497355290276,-0.20663986317028393
2020-02-28,2017-02-28,QQQ,0.17423081118304817,-0.2279666681395226
2020-02-28,2017-02-28,selected,0.1713842460076913,-0.20663986317028404
2020-03-02,2017-03-01,QQQ,0.19531425290188498,-0.22796666813952282
2020-03-02,2017-03-01,selected,0.1922282622400049,-0.20663986317028382
2020-03-03,2017-03-02,QQQ,0.1781251180185197,-0.2279666681395235
2020-03-03,2017-03-02,selected,0.18160207584800347,-0.20663986317028482
2020-03-04,2017-03-03,QQQ,0.19629259169110802,-0.2279666681395236
2020-03-04,2017-03-03,selected,0.1945709318799025,-0.20663986317028382
2020-03-05,2017-03-06,QQQ,0.1833290991008638,-0.22796666813952293
2020-03-05,2017-03-06,selected,0.18765667762231097,-0.20663986317028404
2020-03-06,2017-03-07,QQQ,0.17750568619040563,-0.22796666813952293
2020-03-06,2017-03-07,selected,0.18539713529672874,-0.2066398631702836
2020-03-09,2017-03-08,QQQ,0.1502294963419708,-0.22796666813952338
2020-03-09,2017-03-08,selected,0.1685226689752073,-0.20663986317028404
2020-03-10,2017-03-09,QQQ,0.17005149956783616,-0.22796666813952338
2020-03-10,2017-03-09,selected,0.17893327886321897,-0.2066398631702845
2020-03-11,2017-03-10,QQQ,0.15251781619172222,-0.2279666681395225
2020-03-11,2017-03-10,selected,0.16604622740595842,-0.20663986317028427
2020-03-12,2017-03-13,QQQ,0.11459789564661071,-0.2517510071684923
2020-03-12,2017-03-13,selected,0.13813690073712737,-0.2066398631702835
2020-03-13,2017-03-14,QQQ,0.144581245034048,-0.2517510071684925
2020-03-13,2017-03-14,selected,0.156217991651471,-0.2066398631702837
2020-03-16,2017-03-15,QQQ,0.09781253029830506,-0.285593556582883
2020-03-16,2017-03-15,selected,0.12659731263378937,-0.22143193422868346
2020-03-17,2017-03-16,QQQ,0.12258840396229265,-0.2855935565828831
2020-03-17,2017-03-16,selected,0.1428780724375185,-0.22143193422868357
2020-03-18,2017-03-17,QQQ,0.11134191895631207,-0.2855935565828831
2020-03-18,2017-03-17,selected,0.13280379128154562,-0.22143193422868357
2020-03-19,2017-03-20,QQQ,0.11369052431262583,-0.285593556582883
2020-03-19,2017-03-20,selected,0.1333002664298537,-0.22143193422868335
2020-03-20,2017-03-21,QQQ,0.09861940608162656,-0.2855935565828831
2020-03-20,2017-03-21,selected,0.12479818977261758,-0.22143193422868335
2020-03-23,2017-03-22,QQQ,0.10449868197287926,-0.285593556582883
2020-03-23,2017-03-22,selected,0.13290801005444242,-0.22143193422868335
2020-03-24,2017-03-23,QQQ,0.12975581007106607,-0.285593556582883
2020-03-24,2017-03-23,selected,0.1516228130623254,-0.22143193422868357
2020-03-25,2017-03-24,QQQ,0.12791032772244515,-0.285593556582883
2020-03-25,2017-03-24,selected,0.15056807581091447,-0.22143193422868335
2020-03-26,2017-03-27,QQQ,0.14658027236009086,-0.285593556582883
2020-03-26,2017-03-27,selected,0.16429969327476912,-0.22143193422868357
2020-03-27,2017-03-28,QQQ,0.132675241550128,-0.2855935565828831
2020-03-27,2017-03-28,selected,0.15549549121351625,-0.22143193422868335
2020-03-30,2017-03-29,QQQ,0.14391839498615222,-0.2855935565828829
2020-03-30,2017-03-29,selected,0.16236838961400024,-0.22143193422868335
2020-03-31,2017-03-30,QQQ,0.1388963905142666,-0.2855935565828829
2020-03-31,2017-03-30,selected,0.15638470584346753,-0.22143193422868357
2020-04-01,2017-03-31,QQQ,0.1219101081943792,-0.285593556582883
2020-04-01,2017-03-31,selected,0.14516349252068328,-0.22143193422868301
2020-04-02,2017-04-03,QQQ,0.1297050107743969,-0.285593556582883
2020-04-02,2017-04-03,selected,0.15159824895826257,-0.22143193422868335
2020-04-03,2017-04-04,QQQ,0.12456158767819647,-0.2855935565828832
2020-04-03,2017-04-04,selected,0.14832325261776824,-0.22143193422868346
2020-04-06,2017-04-05,QQQ,0.15013900365865118,-0.285593556582883
2020-04-06,2017-04-05,selected,0.16669361963211915,-0.22143193422868357
2020-04-07,2017-04-06,QQQ,0.15154927275043173,-0.2855935565828829
2020-04-07,2017-04-06,selected,0.16753069592830228,-0.22143193422868346
2020-04-08,2017-04-07,QQQ,0.15943731029179142,-0.2855935565828829
2020-04-08,2017-04-07,selected,0.1724310714297368,-0.22143193422868368
2020-04-09,2017-04-10,QQQ,0.16020093973766047,-0.2855935565828829
2020-04-09,2017-04-10,selected,0.17505584424041754,-0.22143193422868346
2020-04-13,2017-04-11,QQQ,0.16421704280596905,-0.2855935565828829
2020-04-13,2017-04-11,selected,0.17778304625314756,-0.22143193422868324
2020-04-14,2017-04-12,QQQ,0.1825600437978787,-0.285593556582883
2020-04-14,2017-04-12,selected,0.19082266510550094,-0.22143193422868335
2020-04-15,2017-04-13,QQQ,0.1796088807733054,-0.285593556582883
2020-04-15,2017-04-13,selected,0.18951428982285545,-0.22143193422868346
2020-04-16,2017-04-17,QQQ,0.18831318639063244,-0.2855935565828831
2020-04-16,2017-04-17,selected,0.19550993221432988,-0.22143193422868357
2020-04-17,2017-04-18,QQQ,0.18881755506957298,-0.2855935565828831
2020-04-17,2017-04-18,selected,0.19372948537735524,-0.22143193422868357
2020-04-20,2017-04-19,QQQ,0.1847059678910048,-0.2855935565828831
2020-04-20,2017-04-19,selected,0.19150114512888528,-0.22143193422868335
2020-04-21,2017-04-20,QQQ,0.16932806279815105,-0.2855935565828831
2020-04-21,2017-04-20,selected,0.18143624834599192,-0.22143193422868357
2020-04-22,2017-04-21,QQQ,0.17750755555631303,-0.285593556582883
2020-04-22,2017-04-21,selected,0.18647234933058088,-0.22143193422868335
2020-04-23,2017-04-24,QQQ,0.176758441359391,-0.285593556582883
2020-04-23,2017-04-24,selected,0.1864585557365046,-0.22143193422868357
2020-04-24,2017-04-25,QQQ,0.1781911539941159,-0.285593556582883
2020-04-24,2017-04-25,selected,0.18551133424064448,-0.22143193422868335
2020-04-27,2017-04-26,QQQ,0.17850809612138496,-0.2855935565828831
2020-04-27,2017-04-26,selected,0.18417998227366983,-0.22143193422868368
2020-04-28,2017-04-27,QQQ,0.171611663147893,-0.2855935565828829
2020-04-28,2017-04-27,selected,0.18015020484191147,-0.22143193422868335
2020-04-29,2017-04-28,QQQ,0.18293764866337048,-0.2855935565828829
2020-04-29,2017-04-28,selected,0.18636633985600515,-0.22143193422868324
2020-04-30,2017-05-01,QQQ,0.18207944507561802,-0.2855935565828832
2020-04-30,2017-05-01,selected,0.1839317022666631,-0.22143193422868335
2020-05-01,2017-05-02,QQQ,0.16741561530910753,-0.2855935565828832
2020-05-01,2017-05-02,selected,0.1738088357958596,-0.22143193422868346
2020-05-04,2017-05-03,QQQ,0.17128027219263897,-0.2855935565828832
2020-05-04,2017-05-03,selected,0.17576683018848605,-0.22143193422868335
2020-05-05,2017-05-04,QQQ,0.17694724129342965,-0.2855935565828829
2020-05-05,2017-05-04,selected,0.17954274645726231,-0.22143193422868346
2020-05-06,2017-05-05,QQQ,0.17921425770733812,-0.28559355658288277
2020-05-06,2017-05-05,selected,0.17899315535975036,-0.22143193422868335
2020-05-07,2017-05-08,QQQ,0.1828173421593251,-0.2855935565828829
2020-05-07,2017-05-08,selected,0.18189432481725865,-0.22143193422868357
2020-05-08,2017-05-09,QQQ,0.18733373704894252,-0.285593556582883
2020-05-08,2017-05-09,selected,0.18352133161966244,-0.22143193422868335
2020-05-11,2017-05-10,QQQ,0.18948185383358762,-0.28559355658288277
2020-05-11,2017-05-10,selected,0.1833859946311882,-0.22143193422868312
2020-05-12,2017-05-11,QQQ,0.18089422963462543,-0.2855935565828829
2020-05-12,2017-05-11,selected,0.17911630986633642,-0.22143193422868346
2020-05-13,2017-05-12,QQQ,0.17625848416224965,-0.2855935565828832
2020-05-13,2017-05-12,selected,0.1772872118102633,-0.22143193422868346
2020-05-14,2017-05-15,QQQ,0.17981182888200586,-0.285593556582883
2020-05-14,2017-05-15,selected,0.17991317367051152,-0.22143193422868357
2020-05-15,2017-05-16,QQQ,0.18111081271534912,-0.2855935565828831
2020-05-15,2017-05-16,selected,0.18009619191102244,-0.22143193422868368
2020-05-18,2017-05-17,QQQ,0.1867534743842132,-0.285593556582883
2020-05-18,2017-05-17,selected,0.18207375846398555,-0.22143193422868346
2020-05-19,2017-05-18,QQQ,0.19598475115410952,-0.285593556582883
2020-05-19,2017-05-18,selected,0.19189658713351432,-0.22143193422868346
2020-05-20,2017-05-19,QQQ,0.20040355055920855,-0.285593556582883
2020-05-20,2017-05-19,selected,0.19308550082524123,-0.22143193422868335
2020-05-21,2017-05-22,QQQ,0.19435017280494815,-0.285593556582883
2020-05-21,2017-05-22,selected,0.1880162329501538,-0.22143193422868324
2020-05-22,2017-05-23,QQQ,0.19238712139900893,-0.285593556582883
2020-05-22,2017-05-23,selected,0.1862069993933857,-0.22143193422868346
2020-05-26,2017-05-24,QQQ,0.19091352954759833,-0.28559355658288277
2020-05-26,2017-05-24,selected,0.18415724058124394,-0.22143193422868335
2020-05-27,2017-05-25,QQQ,0.19125244344348813,-0.285593556582883
2020-05-27,2017-05-25,selected,0.18374436790553728,-0.22143193422868357
2020-05-28,2017-05-26,QQQ,0.1873750728851229,-0.2855935565828831
2020-05-28,2017-05-26,selected,0.1807546493404557,-0.22143193422868346
2020-05-29,2017-05-30,QQQ,0.19244171930994147,-0.2855935565828829
2020-05-29,2017-05-30,selected,0.18389389568671288,-0.22143193422868357
2020-06-01,2017-05-31,QQQ,0.1932948849897036,-0.2855935565828831
2020-06-01,2017-05-31,selected,0.18466473558028795,-0.22143193422868324
2020-06-02,2017-06-01,QQQ,0.19609806136999852,-0.2855935565828832
2020-06-02,2017-06-01,selected,0.18722150090649525,-0.22143193422868312
2020-06-03,2017-06-02,QQQ,0.19633874458090728,-0.285593556582883
2020-06-03,2017-06-02,selected,0.18742528061930064,-0.22143193422868312
2020-06-04,2017-06-05,QQQ,0.18902578579646012,-0.285593556582883
2020-06-04,2017-06-05,selected,0.18022194343120668,-0.22143193422868335
2020-06-05,2017-06-06,QQQ,0.19691638698045,-0.2855935565828829
2020-06-05,2017-06-06,selected,0.18795171151726797,-0.22143193422868301
2020-06-08,2017-06-07,QQQ,0.2015980622603759,-0.285593556582883
2020-06-08,2017-06-07,selected,0.19256071413747455,-0.22143193422868335
2020-06-09,2017-06-08,QQQ,0.20292339754867839,-0.28559355658288277
2020-06-09,2017-06-08,selected,0.19388295668324762,-0.22143193422868324
2020-06-10,2017-06-09,QQQ,0.20729551746757013,-0.28559355658288277
2020-06-10,2017-06-09,selected,0.1982204555815259,-0.22143193422868357
2020-06-11,2017-06-12,QQQ,0.1970789641317432,-0.2855935565828831
2020-06-11,2017-06-12,selected,0.1881827074813236,-0.22143193422868357
2020-06-12,2017-06-13,QQQ,0.2023932748918762,-0.2855935565828831
2020-06-12,2017-06-13,selected,0.19340643870750007,-0.22143193422868346
2020-06-15,2017-06-14,QQQ,0.20400185129329684,-0.2855935565828831
2020-06-15,2017-06-14,selected,0.19498234603454878,-0.22143193422868346
2020-06-16,2017-06-15,QQQ,0.21261392598965712,-0.2855935565828829
2020-06-16,2017-06-15,selected,0.2034360144601981,-0.22143193422868346
2020-06-17,2017-06-16,QQQ,0.21569447795764218,-0.285593556582883
2020-06-17,2017-06-16,selected,0.20647005943446772,-0.22143193422868324
2020-06-18,2017-06-19,QQQ,0.2185565220976331,-0.28559355658288277
2020-06-18,2017-06-19,selected,0.2092800404880828,-0.22143193422868357
2020-06-19,2017-06-20,QQQ,0.21177290933972936,-0.285593556582883
2020-06-19,2017-06-20,selected,0.20263287019754572,-0.22143193422868335
2020-06-22,2017-06-21,QQQ,0.21979045148184895,-0.28559355658288266
2020-06-22,2017-06-21,selected,0.21052215710090105,-0.22143193422868368
2020-06-23,2017-06-22,QQQ,0.21922996469113687,-0.2855935565828829
2020-06-23,2017-06-22,selected,0.20997144087690356,-0.22143193422868346
2020-06-24,2017-06-23,QQQ,0.21090812627173872,-0.28559355658288277
2020-06-24,2017-06-23,selected,0.20178977505671059,-0.22143193422868357
2020-06-25,2017-06-26,QQQ,0.21318841836170033,-0.2855935565828829
2020-06-25,2017-06-26,selected,0.2040218708003585,-0.22143193422868324
2020-06-26,2017-06-27,QQQ,0.20544301366211948,-0.2855935565828829
2020-06-26,2017-06-27,selected,0.19643086267407472,-0.22143193422868335
2020-06-29,2017-06-28,QQQ,0.21721422139551994,-0.2855935565828831
2020-06-29,2017-06-28,selected,0.20800582334759055,-0.22143193422868357
2020-06-30,2017-06-29,QQQ,0.2192843579029189,-0.2855935565828831
2020-06-30,2017-06-29,selected,0.21004752944655047,-0.22143193422868368
2020-07-01,2017-06-30,QQQ,0.2311734254985347,-0.2855935565828831
2020-07-01,2017-06-30,selected,0.22174739007937494,-0.22143193422868357
2020-07-02,2017-07-03,QQQ,0.2338030536226976,-0.285593556582883
2020-07-02,2017-07-03,selected,0.22434014460437912,-0.22143193422868357
2020-07-06,2017-07-05,QQQ,0.2482311052701769,-0.2855935565828831
2020-07-06,2017-07-05,selected,0.2385446685374506,-0.22143193422868357
2020-07-07,2017-07-06,QQQ,0.24130015999190513,-0.2855935565828831
2020-07-07,2017-07-06,selected,0.23174727199870504,-0.22143193422868324
2020-07-08,2017-07-07,QQQ,0.250496054643631,-0.2855935565828829
2020-07-08,2017-07-07,selected,0.24079797608789888,-0.22143193422868368
2020-07-09,2017-07-10,QQQ,0.2495209936682834,-0.2855935565828832
2020-07-09,2017-07-10,selected,0.23985981355555075,-0.22143193422868335
2020-07-10,2017-07-11,QQQ,0.2496428007002094,-0.2855935565828831
2020-07-10,2017-07-11,selected,0.23997625734177674,-0.22143193422868357
2020-07-13,2017-07-12,QQQ,0.2398534359046225,-0.28559355658288277
2020-07-13,2017-07-12,selected,0.23036205034184842,-0.22143193422868335
2020-07-14,2017-07-13,QQQ,0.23789463635919206,-0.28559355658288277
2020-07-14,2017-07-13,selected,0.2284366315926607,-0.22143193422868357
2020-07-15,2017-07-14,QQQ,0.2378256740255722,-0.2855935565828831
2020-07-15,2017-07-14,selected,0.22837542934984034,-0.22143193422868368
2020-07-16,2017-07-17,QQQ,0.23178059252133476,-0.285593556582883
2020-07-16,2017-07-17,selected,0.22241395663187125,-0.22143193422868312
2020-07-17,2017-07-18,QQQ,0.23205352582143512,-0.2855935565828831
2020-07-17,2017-07-18,selected,0.2226925854904478,-0.22143193422868346
2020-07-20,2017-07-19,QQQ,0.24083937467079508,-0.2855935565828833
2020-07-20,2017-07-19,selected,0.23131102453760666,-0.22143193422868346
2020-07-21,2017-07-20,QQQ,0.2341047416256885,-0.285593556582883
2020-07-21,2017-07-20,selected,0.22471586529199095,-0.22143193422868335
2020-07-22,2017-07-21,QQQ,0.23500911766998334,-0.2855935565828829
2020-07-22,2017-07-21,selected,0.22562627663183532,-0.22143193422868335
2020-07-23,2017-07-24,QQQ,0.22433135555048622,-0.2855935565828831
2020-07-23,2017-07-24,selected,0.21513983338363252,-0.22143193422868346
2020-07-24,2017-07-25,QQQ,0.21858615410436855,-0.285593556582883
2020-07-24,2017-07-25,selected,0.20950674580551998,-0.22143193422868346
2020-07-27,2017-07-26,QQQ,0.22683741455730955,-0.285593556582883
2020-07-27,2017-07-26,selected,0.2176509745162747,-0.22143193422868368
2020-07-28,2017-07-27,QQQ,0.2202888184548375,-0.2855935565828832
2020-07-28,2017-07-27,selected,0.2112245905634922,-0.22143193422868335
2020-07-29,2017-07-28,QQQ,0.22753480732559073,-0.28559355658288266
2020-07-29,2017-07-28,selected,0.21835826207463604,-0.22143193422868346
2020-07-30,2017-07-31,QQQ,0.23001507432403234,-0.2855935565828832
2020-07-30,2017-07-31,selected,0.22077350283412378,-0.22143193422868335
2020-07-31,2017-08-01,QQQ,0.23904303283197148,-0.2855935565828832
2020-07-31,2017-08-01,selected,0.2296565346316768,-0.22143193422868368
2020-08-03,2017-08-02,QQQ,0.2436420477997958,-0.2855935565828832
2020-08-03,2017-08-02,selected,0.2341610449173157,-0.22143193422868335
2020-08-04,2017-08-03,QQQ,0.24405356916359433,-0.2855935565828831
2020-08-04,2017-08-03,selected,0.23461010660581683,-0.22143193422868357
2020-08-05,2017-08-04,QQQ,0.24669892625994594,-0.2855935565828829
2020-08-05,2017-08-04,selected,0.23719960883227942,-0.22143193422868346
2020-08-06,2017-08-07,QQQ,0.25142323612534945,-0.285593556582883
2020-08-06,2017-08-07,selected,0.24188398688761503,-0.22143193422868357
2020-08-07,2017-08-08,QQQ,0.24396830418642423,-0.285593556582883
2020-08-07,2017-08-08,selected,0.23453743950704653,-0.22143193422868335
2020-08-10,2017-08-09,QQQ,0.24291080838384316,-0.285593556582883
2020-08-10,2017-08-09,selected,0.23348926099549172,-0.22143193422868368
2020-08-11,2017-08-10,QQQ,0.23555605426881465,-0.285593556582883
2020-08-11,2017-08-10,selected,0.22615159759323955,-0.22143193422868368
2020-08-12,2017-08-11,QQQ,0.2548620591750359,-0.28559355658288277
2020-08-12,2017-08-11,selected,0.24509313137638755,-0.22143193422868335
2020-08-13,2017-08-14,QQQ,0.252655411925484,-0.285593556582883
2020-08-13,2017-08-14,selected,0.24294765405445085,-0.22143193422868346
2020-08-14,2017-08-15,QQQ,0.2468353849772953,-0.2855935565828831
2020-08-14,2017-08-15,selected,0.23722987460937195,-0.22143193422868346
2020-08-17,2017-08-16,QQQ,0.25135252539596964,-0.285593556582883
2020-08-17,2017-08-16,selected,0.24170845261417906,-0.22143193422868346
2020-08-18,2017-08-17,QQQ,0.254629207731111,-0.285593556582883
2020-08-18,2017-08-17,selected,0.24492924351391876,-0.22143193422868357
2020-08-19,2017-08-18,QQQ,0.2604591110499679,-0.285593556582883
2020-08-19,2017-08-18,selected,0.2505954279199867,-0.22143193422868324
2020-08-20,2017-08-21,QQQ,0.2665596836502224,-0.285593556582883
2020-08-20,2017-08-21,selected,0.25659891450911676,-0.22143193422868335
2020-08-21,2017-08-22,QQQ,0.27001844356707294,-0.2855935565828831
2020-08-21,2017-08-22,selected,0.259979912917615,-0.22143193422868346
2020-08-24,2017-08-23,QQQ,0.266254754675356,-0.28559355658288277
2020-08-24,2017-08-23,selected,0.2562861277334252,-0.22143193422868368
2020-08-25,2017-08-24,QQQ,0.27107558747126914,-0.2855935565828832
2020-08-25,2017-08-24,selected,0.2610033734339825,-0.22143193422868368
2020-08-26,2017-08-25,QQQ,0.2813117148412638,-0.285593556582883
2020-08-26,2017-08-25,selected,0.27107436705851673,-0.22143193422868335
2020-08-27,2017-08-28,QQQ,0.2808799809728979,-0.2855935565828829
2020-08-27,2017-08-28,selected,0.2706118632298862,-0.22143193422868324
2020-08-28,2017-08-29,QQQ,0.2817246766612733,-0.2855935565828831
2020-08-28,2017-08-29,selected,0.2714466697587734,-0.22143193422868346
2020-08-31,2017-08-30,QQQ,0.2834677458027943,-0.2855935565828829
2020-08-31,2017-08-30,selected,0.27316840844709933,-0.22143193422868346
2020-09-01,2017-08-31,QQQ,0.285722076347281,-0.2855935565828831
2020-09-01,2017-08-31,selected,0.27538871293539957,-0.22143193422868368
2020-09-02,2017-09-01,QQQ,0.28519344401091806,-0.2855935565828831
2020-09-02,2017-09-01,selected,0.2748518863576541,-0.22143193422868368
2020-09-03,2017-09-05,QQQ,0.26367237925110754,-0.2855935565828832
2020-09-03,2017-09-05,selected,0.25370654882911214,-0.22143193422868335
2020-09-04,2017-09-06,QQQ,0.26181915409783096,-0.2855935565828832
2020-09-04,2017-09-06,selected,0.25185054164239595,-0.22143193422868346
2020-09-08,2017-09-07,QQQ,0.24001460478759729,-0.2855935565828831
2020-09-08,2017-09-07,selected,0.23044676521401164,-0.22143193422868357
2020-09-09,2017-09-08,QQQ,0.25106354498325434,-0.285593556582883
2020-09-09,2017-09-08,selected,0.2412959892836839,-0.22143193422868335
2020-09-10,2017-09-11,QQQ,0.24630256701202802,-0.2855935565828831
2020-09-10,2017-09-11,selected,0.2366113123224982,-0.22143193422868324
2020-09-11,2017-09-12,QQQ,0.23867799420821023,-0.285593556582883
2020-09-11,2017-09-12,selected,0.229149582291728,-0.22143193422868346
2020-09-14,2017-09-13,QQQ,0.24483255126720294,-0.2855935565828829
2020-09-14,2017-09-13,selected,0.2352175938502774,-0.22143193422868324
2020-09-15,2017-09-14,QQQ,0.2501166414136189,-0.2855935565828831
2020-09-15,2017-09-14,selected,0.24042119338421664,-0.22143193422868368
2020-09-16,2017-09-15,QQQ,0.24587994904993837,-0.2855935565828829
2020-09-16,2017-09-15,selected,0.2362502543387277,-0.22143193422868346
2020-09-17,2017-09-18,QQQ,0.23794232451115316,-0.2855935565828831
2020-09-17,2017-09-18,selected,0.2284488276540797,-0.22143193422868324
2020-09-18,2017-09-19,QQQ,0.23319225118611242,-0.285593556582883
2020-09-18,2017-09-19,selected,0.22379766014767677,-0.22143193422868346
2020-09-21,2017-09-20,QQQ,0.23347128570583675,-0.28559355658288277
2020-09-21,2017-09-20,selected,0.2240399777830553,-0.22143193422868357
2020-09-22,2017-09-21,QQQ,0.24234286933822458,-0.285593556582883
2020-09-22,2017-09-21,selected,0.2327667143663581,-0.22143193422868335
2020-09-23,2017-09-22,QQQ,0.23208721600255,-0.28559355658288277
2020-09-23,2017-09-22,selected,0.2226660755407217,-0.22143193422868346
2020-09-24,2017-09-25,QQQ,0.23439535957207225,-0.2855935565828831
2020-09-24,2017-09-25,selected,0.22494104281361516,-0.22143193422868346
2020-09-25,2017-09-26,QQQ,0.24828612984824217,-0.2855935565828829
2020-09-25,2017-09-26,selected,0.23856717151723106,-0.22143193422868335
2020-09-28,2017-09-27,QQQ,0.2557852179611424,-0.2855935565828832
2020-09-28,2017-09-27,selected,0.24596520726308424,-0.22143193422868335
2020-09-29,2017-09-28,QQQ,0.2501513786369085,-0.28559355658288277
2020-09-29,2017-09-28,selected,0.24047516031444371,-0.22143193422868335
2020-09-30,2017-09-29,QQQ,0.2531433225864397,-0.285593556582883
2020-09-30,2017-09-29,selected,0.24339956444883515,-0.22143193422868312
2020-10-01,2017-10-02,QQQ,0.2567291027092258,-0.2855935565828829
2020-10-01,2017-10-02,selected,0.24694336494578462,-0.22143193422868357
2020-10-02,2017-10-03,QQQ,0.24446176100052486,-0.2855935565828829
2020-10-02,2017-10-03,selected,0.23717658966013078,-0.22143193422868346
2020-10-05,2017-10-04,QQQ,0.2523578681233416,-0.2855935565828831
2020-10-05,2017-10-04,selected,0.24329514574821243,-0.22143193422868357
2020-10-06,2017-10-05,QQQ,0.24446495409263136,-0.2855935565828831
2020-10-06,2017-10-05,selected,0.2367371247368717,-0.22143193422868368
2020-10-07,2017-10-06,QQQ,0.24754094545613037,-0.2855935565828829
2020-10-07,2017-10-06,selected,0.2383430696789508,-0.22143193422868335
2020-10-08,2017-10-09,QQQ,0.2491861343291526,-0.2855935565828831
2020-10-08,2017-10-09,selected,0.23989961863875142,-0.22143193422868335
2020-10-09,2017-10-10,QQQ,0.25599879124376934,-0.2855935565828831
2020-10-09,2017-10-10,selected,0.24589204658090535,-0.22143193422868335
2020-10-12,2017-10-11,QQQ,0.2684771844691731,-0.28559355658288277
2020-10-12,2017-10-11,selected,0.25570350686818233,-0.22143193422868368
2020-10-13,2017-10-12,QQQ,0.2672048512352623,-0.2855935565828829
2020-10-13,2017-10-12,selected,0.2539747552878524,-0.22143193422868346
2020-10-14,2017-10-13,QQQ,0.26443609655383793,-0.2855935565828831
2020-10-14,2017-10-13,selected,0.2520592400395669,-0.22143193422868357
2020-10-15,2017-10-16,QQQ,0.2599831845863403,-0.2855935565828831
2020-10-15,2017-10-16,selected,0.24831472806285793,-0.22143193422868335
2020-10-16,2017-10-17,QQQ,0.2562389633941138,-0.2855935565828832
2020-10-16,2017-10-17,selected,0.2450441910093597,-0.22143193422868346
2020-10-19,2017-10-18,QQQ,0.24883431826715996,-0.2855935565828831
2020-10-19,2017-10-18,selected,0.239030075648742,-0.22143193422868346
2020-10-20,2017-10-19,QQQ,0.25023193490133067,-0.285593556582883
2020-10-20,2017-10-19,selected,0.24031393385943267,-0.22143193422868346
2020-10-21,2017-10-20,QQQ,0.25145237635695605,-0.2855935565828831
2020-10-21,2017-10-20,selected,0.24173782948889166,-0.22143193422868357
2020-10-22,2017-10-23,QQQ,0.25031490466176454,-0.2855935565828832
2020-10-22,2017-10-23,selected,0.2403082753583572,-0.22143193422868346
2020-10-23,2017-10-24,QQQ,0.25386767189235493,-0.285593556582883
2020-10-23,2017-10-24,selected,0.2437189140790892,-0.22143193422868335
2020-10-26,2017-10-25,QQQ,0.24686566281863032,-0.2855935565828829
2020-10-26,2017-10-25,selected,0.23817409226037167,-0.22143193422868324
2020-10-27,2017-10-26,QQQ,0.2516831794879184,-0.2855935565828831
2020-10-27,2017-10-26,selected,0.2424430201783654,-0.22143193422868357
2020-10-28,2017-10-27,QQQ,0.2365162819709692,-0.2855935565828829
2020-10-28,2017-10-27,selected,0.23002144423839987,-0.22143193422868368
2020-10-29,2017-10-30,QQQ,0.23183771917265794,-0.2855935565828829
2020-10-29,2017-10-30,selected,0.22382512895382822,-0.22143193422868335
2020-10-30,2017-10-31,QQQ,0.22042026801657766,-0.2855935565828831
2020-10-30,2017-10-31,selected,0.21454327197087175,-0.22143193422868368
2020-11-02,2017-11-01,QQQ,0.21979877512485202,-0.285593556582883
2020-11-02,2017-11-01,selected,0.21432594215082923,-0.22143193422868346
2020-11-03,2017-11-02,QQQ,0.22692605660764364,-0.2855935565828831
2020-11-03,2017-11-02,selected,0.2205028785119285,-0.22143193422868357
2020-11-04,2017-11-03,QQQ,0.2457093477513621,-0.2855935565828832
2020-11-04,2017-11-03,selected,0.23662935871179647,-0.22143193422868324
2020-11-05,2017-11-06,QQQ,0.2524400509933533,-0.2855935565828831
2020-11-05,2017-11-06,selected,0.24231131925271332,-0.22143193422868346
2020-11-06,2017-11-07,QQQ,0.25133848217664356,-0.2855935565828829
2020-11-06,2017-11-07,selected,0.24107950487374574,-0.22143193422868368
2020-11-09,2017-11-08,QQQ,0.24251397629216243,-0.2855935565828831
2020-11-09,2017-11-08,selected,0.23257676245559034,-0.22143193422868324
2020-11-10,2017-11-09,QQQ,0.2333952809385298,-0.285593556582883
2020-11-10,2017-11-09,selected,0.2247537408337008,-0.22143193422868346
2020-11-11,2017-11-10,QQQ,0.24470331084151442,-0.2855935565828832
2020-11-11,2017-11-10,selected,0.23456232100667473,-0.22143193422868346
2020-11-12,2017-11-13,QQQ,0.2427799242087798,-0.2855935565828829
2020-11-12,2017-11-13,selected,0.23317177498557684,-0.22143193422868346
2020-11-13,2017-11-14,QQQ,0.24589022182257358,-0.28559355658288277
2020-11-13,2017-11-14,selected,0.23589956674734536,-0.22143193422868335
2020-11-16,2017-11-15,QQQ,0.2506410289614651,-0.285593556582883
2020-11-16,2017-11-15,selected,0.24014332022687257,-0.22143193422868335
2020-11-17,2017-11-16,QQQ,0.25127948884079765,-0.2855935565828829
2020-11-17,2017-11-16,selected,0.24082096009079046,-0.22143193422868335
2020-11-18,2017-11-17,QQQ,0.24291712838350987,-0.2855935565828831
2020-11-18,2017-11-17,selected,0.23282905587429426,-0.22143193422868357
2020-11-19,2017-11-20,QQQ,0.24774051834898714,-0.2855935565828831
2020-11-19,2017-11-20,selected,0.23704809264765325,-0.22143193422868346
2020-11-20,2017-11-21,QQQ,0.24521234402646308,-0.2855935565828832
2020-11-20,2017-11-21,selected,0.23513976486004906,-0.22143193422868324
2020-11-23,2017-11-22,QQQ,0.24075317095589854,-0.2855935565828832
2020-11-23,2017-11-22,selected,0.2302645759840125,-0.22143193422868368
2020-11-24,2017-11-24,QQQ,0.24602975145221606,-0.28559355658288277
2020-11-24,2017-11-24,selected,0.23428385067955126,-0.22143193422868357
2020-11-25,2017-11-27,QQQ,0.24705740867710468,-0.2855935565828829
2020-11-25,2017-11-27,selected,0.23491745066392444,-0.22143193422868357
2020-11-27,2017-11-28,QQQ,0.2510625895232146,-0.2855935565828833
2020-11-27,2017-11-28,selected,0.23810068936055329,-0.22143193422868346
2020-11-30,2017-11-29,QQQ,0.25084601189324474,-0.2855935565828832
2020-11-30,2017-11-29,selected,0.23755027807790796,-0.22143193422868357
2020-12-01,2017-11-30,QQQ,0.2635531259537798,-0.2855935565828833
2020-12-01,2017-11-30,selected,0.24961060436769844,-0.22143193422868335
2020-12-02,2017-12-01,QQQ,0.2605809502761389,-0.2855935565828829
2020-12-02,2017-12-01,selected,0.24666350545494087,-0.22143193422868346
2020-12-03,2017-12-04,QQQ,0.26296879184644895,-0.2855935565828829
2020-12-03,2017-12-04,selected,0.2490005881506132,-0.22143193422868335
2020-12-04,2017-12-05,QQQ,0.2695769242481256,-0.2855935565828832
2020-12-04,2017-12-05,selected,0.25545892502741396,-0.22143193422868346
2020-12-07,2017-12-06,QQQ,0.27169123763493075,-0.2855935565828832
2020-12-07,2017-12-06,selected,0.2575712413828817,-0.22143193422868357
2020-12-08,2017-12-07,QQQ,0.27121389108309013,-0.285593556582883
2020-12-08,2017-12-07,selected,0.25710936285419517,-0.22143193422868324
2020-12-09,2017-12-08,QQQ,0.2601254363158938,-0.2855935565828832
2020-12-09,2017-12-08,selected,0.2462509920872049,-0.22143193422868335
2020-12-10,2017-12-11,QQQ,0.259958403351755,-0.2855935565828832
2020-12-10,2017-12-11,selected,0.24608513108108987,-0.22143193422868346
2020-12-11,2017-12-12,QQQ,0.25578880789929737,-0.2855935565828832
2020-12-11,2017-12-12,selected,0.24201381593628435,-0.22143193422868312
2020-12-14,2017-12-13,QQQ,0.25938432339390705,-0.28559355658288277
2020-12-14,2017-12-13,selected,0.2455268731576319,-0.22143193422868312
2020-12-15,2017-12-14,QQQ,0.26304491600175894,-0.285593556582883
2020-12-15,2017-12-14,selected,0.24912008299660293,-0.22143193422868357
2020-12-16,2017-12-15,QQQ,0.26565367089237446,-0.2855935565828831
2020-12-16,2017-12-15,selected,0.2516755380356368,-0.22143193422868346
2020-12-17,2017-12-18,QQQ,0.2636409643409625,-0.285593556582883
2020-12-17,2017-12-18,selected,0.2497149917941066,-0.22143193422868312
2020-12-18,2017-12-19,QQQ,0.2588582584465422,-0.2855935565828831
2020-12-18,2017-12-19,selected,0.24502742748383044,-0.22143193422868346
2020-12-21,2017-12-20,QQQ,0.2605675160291345,-0.285593556582883
2020-12-21,2017-12-20,selected,0.2467096053511959,-0.22143193422868357
2020-12-22,2017-12-21,QQQ,0.26216267074952526,-0.285593556582883
2020-12-22,2017-12-21,selected,0.2482698782398718,-0.22143193422868368
2020-12-23,2017-12-22,QQQ,0.25998720550969345,-0.2855935565828832
2020-12-23,2017-12-22,selected,0.24614052051610846,-0.22143193422868368
2020-12-24,2017-12-26,QQQ,0.26231865506595686,-0.2855935565828833
2020-12-24,2017-12-26,selected,0.24842351405107022,-0.22143193422868357
2020-12-28,2017-12-27,QQQ,0.26883387328361286,-0.2855935565828829
2020-12-28,2017-12-27,selected,0.2547930109355139,-0.22143193422868324
2020-12-29,2017-12-28,QQQ,0.2691583258935868,-0.2855935565828829
2020-12-29,2017-12-28,selected,0.2550956414618226,-0.22143193422868324
2020-12-30,2017-12-29,QQQ,0.26865882017850606,-0.2855935565828829
2020-12-30,2017-12-29,selected,0.2546124760642541,-0.22143193422868357
2020-12-31,2018-01-02,QQQ,0.2723288914723665,-0.2855935565828831
2020-12-31,2018-01-02,selected,0.2582101357618005,-0.22143193422868357
2021-01-04,2018-01-03,QQQ,0.25899891571395384,-0.2855935565828831
2021-01-04,2018-01-03,selected,0.2451737386196,-0.22143193422868357
2021-01-05,2018-01-04,QQQ,0.2583865500778395,-0.285593556582883
2021-01-05,2018-01-04,selected,0.24457570248449612,-0.22143193422868324
2021-01-06,2018-01-05,QQQ,0.25181941604844904,-0.2855935565828832
2021-01-06,2018-01-05,selected,0.23811602977759327,-0.22143193422868346
2021-01-07,2018-01-08,QQQ,0.25763742275329893,-0.2855935565828831
2021-01-07,2018-01-08,selected,0.24380250958826655,-0.22143193422868335
2021-01-08,2018-01-09,QQQ,0.2613709986505126,-0.285593556582883
2021-01-08,2018-01-09,selected,0.2474079038055763,-0.22143193422868301
2021-01-11,2018-01-10,QQQ,0.25524027755117573,-0.285593556582883
2021-01-11,2018-01-10,selected,0.2414162560550479,-0.22143193422868357
2021-01-12,2018-01-11,QQQ,0.2555536167250305,-0.28559355658288277
2021-01-12,2018-01-11,selected,0.2417302358641269,-0.22143193422868346
2021-01-13,2018-01-12,QQQ,0.25551578952535325,-0.285593556582883
2021-01-13,2018-01-12,selected,0.24169906208588188,-0.22143193422868335
2021-01-14,2018-01-16,QQQ,0.25021878328663494,-0.2855935565828833
2021-01-14,2018-01-16,selected,0.2364861093382813,-0.22143193422868346
2021-01-15,2018-01-17,QQQ,0.2480987367383385,-0.2855935565828831
2021-01-15,2018-01-17,selected,0.23439830499685277,-0.2214319342286838
2021-01-19,2018-01-18,QQQ,0.24966022423282852,-0.2855935565828831
2021-01-19,2018-01-18,selected,0.23594800261431081,-0.22143193422868346
2021-01-20,2018-01-19,QQQ,0.2591994669900892,-0.2855935565828831
2021-01-20,2018-01-19,selected,0.24532528972995582,-0.22143193422868368
2021-01-21,2018-01-22,QQQ,0.26123133725006764,-0.2855935565828831
2021-01-21,2018-01-22,selected,0.2473081130889936,-0.22143193422868346
2021-01-22,2018-01-23,QQQ,0.2555565603306629,-0.285593556582883
2021-01-22,2018-01-23,selected,0.24173887935890703,-0.22143193422868335
2021-01-25,2018-01-24,QQQ,0.25555596620627385,-0.2855935565828832
2021-01-25,2018-01-24,selected,0.24173952734417203,-0.22143193422868335
2021-01-26,2018-01-25,QQQ,0.2588967359764751,-0.2855935565828831
2021-01-26,2018-01-25,selected,0.2449880763189316,-0.22143193422868324
2021-01-27,2018-01-26,QQQ,0.24723664618512897,-0.2855935565828829
2021-01-27,2018-01-26,selected,0.2335557501275709,-0.22143193422868368
2021-01-28,2018-01-29,QQQ,0.24337225189336964,-0.2855935565828831
2021-01-28,2018-01-29,selected,0.22977156998784154,-0.22143193422868324
2021-01-29,2018-01-30,QQQ,0.2365955374955604,-0.2855935565828831
2021-01-29,2018-01-30,selected,0.22315047719552306,-0.22143193422868357
2021-02-01,2018-01-31,QQQ,0.2502503028988776,-0.2855935565828832
2021-02-01,2018-01-31,selected,0.2365459281117972,-0.22143193422868368
2021-02-02,2018-02-01,QQQ,0.2552788684957059,-0.28559355658288277
2021-02-02,2018-02-01,selected,0.24109034403833518,-0.22143193422868346
2021-02-03,2018-02-02,QQQ,0.257189065376934,-0.285593556582883
2021-02-03,2018-02-02,selected,0.24298813135712738,-0.22143193422868335
2021-02-04,2018-02-05,QQQ,0.27063032616001514,-0.2855935565828829
2021-02-04,2018-02-05,selected,0.25584298816580775,-0.22143193422868346
2021-02-05,2018-02-06,QQQ,0.2892360599869881,-0.2855935565828829
2021-02-05,2018-02-06,selected,0.27404436578828983,-0.22143193422868346
2021-02-08,2018-02-07,QQQ,0.28089317978370554,-0.2855935565828829
2021-02-08,2018-02-07,selected,0.265872122107218,-0.22143193422868346
2021-02-09,2018-02-08,QQQ,0.2863753275974401,-0.28559355658288277
2021-02-09,2018-02-08,selected,0.2712767116124728,-0.22143193422868324
2021-02-10,2018-02-09,QQQ,0.30400244793260556,-0.2855935565828829
2021-02-10,2018-02-09,selected,0.28861915180674735,-0.22143193422868346
2021-02-11,2018-02-12,QQQ,0.29895370355853124,-0.285593556582883
2021-02-11,2018-02-12,selected,0.28349266724037236,-0.22143193422868324
2021-02-12,2018-02-13,QQQ,0.29376136343813064,-0.2855935565828833
2021-02-12,2018-02-13,selected,0.27823498783926404,-0.22143193422868346
2021-02-16,2018-02-14,QQQ,0.2903778816822442,-0.28559355658288277
2021-02-16,2018-02-14,selected,0.27477802005779584,-0.22143193422868357
2021-02-17,2018-02-15,QQQ,0.2803688670057072,-0.2855935565828829
2021-02-17,2018-02-15,selected,0.2649981692858654,-0.22143193422868368
2021-02-18,2018-02-16,QQQ,0.27068528872951525,-0.285593556582883
2021-02-18,2018-02-16,selected,0.2555784082020047,-0.22143193422868335
2021-02-19,2018-02-20,QQQ,0.2707297368479078,-0.285593556582883
2021-02-19,2018-02-20,selected,0.25564902309140924,-0.22143193422868346
2021-02-22,2018-02-21,QQQ,0.2588156109539448,-0.285593556582883
2021-02-22,2018-02-21,selected,0.24448910037089955,-0.22143193422868357
2021-02-23,2018-02-22,QQQ,0.25875934468886364,-0.2855935565828829
2021-02-23,2018-02-22,selected,0.2444975808498573,-0.22143193422868324
2021-02-24,2018-02-23,QQQ,0.26225965461955436,-0.2855935565828832
2021-02-24,2018-02-23,selected,0.24772733072713593,-0.22143193422868335
2021-02-25,2018-02-26,QQQ,0.2390284963049385,-0.2855935565828832
2021-02-25,2018-02-26,selected,0.22534488527142837,-0.22143193422868346
2021-02-26,2018-02-27,QQQ,0.235319352891312,-0.285593556582883
2021-02-26,2018-02-27,selected,0.2215364465367502,-0.22143193422868357
2021-03-01,2018-02-28,QQQ,0.2527764487402482,-0.2855935565828829
2021-03-01,2018-02-28,selected,0.23818054464696226,-0.22143193422868346
2021-03-02,2018-03-01,QQQ,0.24871958861881516,-0.2855935565828831
2021-03-02,2018-03-01,selected,0.2344084493923948,-0.22143193422868324
2021-03-03,2018-03-02,QQQ,0.24332518069935438,-0.2855935565828829
2021-03-03,2018-03-02,selected,0.22935918994405813,-0.22143193422868335
2021-03-04,2018-03-05,QQQ,0.2327439234833708,-0.28559355658288266
2021-03-04,2018-03-05,selected,0.22022841008339356,-0.22143193422868324
2021-03-05,2018-03-06,QQQ,0.23435741584426073,-0.2855935565828831
2021-03-05,2018-03-06,selected,0.2227986897041534,-0.22143193422868346
2021-03-08,2018-03-07,QQQ,0.22087675079402547,-0.2855935565828831
2021-03-08,2018-03-07,selected,0.21000703029099688,-0.22143193422868312
2021-03-09,2018-03-08,QQQ,0.23576887005469938,-0.2855935565828829
2021-03-09,2018-03-08,selected,0.22502237088481203,-0.22143193422868324
2021-03-10,2018-03-09,QQQ,0.23233439676912493,-0.2855935565828831
2021-03-10,2018-03-09,selected,0.222223889354072,-0.22143193422868324
2021-03-11,2018-03-12,QQQ,0.23378459308620658,-0.2855935565828831
2021-03-11,2018-03-12,selected,0.22559437650830905,-0.22143193422868346
2021-03-12,2018-03-13,QQQ,0.22826811768794686,-0.2855935565828831
2021-03-12,2018-03-13,selected,0.22067621436633167,-0.22143193422868312
2021-03-15,2018-03-14,QQQ,0.23827151781602973,-0.285593556582883
2021-03-15,2018-03-14,selected,0.22866265779316497,-0.22143193422868357
2021-03-16,2018-03-15,QQQ,0.24060519958829052,-0.2855935565828832
2021-03-16,2018-03-15,selected,0.23062928634576174,-0.22143193422868312
2021-03-17,2018-03-16,QQQ,0.24266747418954338,-0.2855935565828831
2021-03-17,2018-03-16,selected,0.23277726515032038,-0.22143193422868324
2021-03-18,2018-03-19,QQQ,0.2310691734271888,-0.2855935565828829
2021-03-18,2018-03-19,selected,0.22138207606439897,-0.22143193422868346
2021-03-19,2018-03-20,QQQ,0.24140664812207824,-0.2855935565828829
2021-03-19,2018-03-20,selected,0.229089432282241,-0.22143193422868357
2021-03-22,2018-03-21,QQQ,0.2477512240271056,-0.2855935565828831
2021-03-22,2018-03-21,selected,0.23582072182785718,-0.22143193422868357
2021-03-23,2018-03-22,QQQ,0.24774775686503858,-0.2855935565828831
2021-03-23,2018-03-22,selected,0.23464912610886612,-0.22143193422868357
2021-03-24,2018-03-23,QQQ,0.2510724519337042,-0.2855935565828833
2021-03-24,2018-03-23,selected,0.2351597716655378,-0.22143193422868368
2021-03-25,2018-03-26,QQQ,0.2615298104949695,-0.2855935565828831
2021-03-25,2018-03-26,selected,0.24184410845264748,-0.22143193422868346
2021-03-26,2018-03-27,QQQ,0.252480995273068,-0.2855935565828832
2021-03-26,2018-03-27,selected,0.2367676972015249,-0.2214319342286838
2021-03-29,2018-03-28,QQQ,0.26617000194954876,-0.2855935565828829
2021-03-29,2018-03-28,selected,0.24610880534868196,-0.22143193422868335
2021-03-30,2018-03-29,QQQ,0.2689267696570834,-0.2855935565828832
2021-03-30,2018-03-29,selected,0.24795375935406638,-0.22143193422868357
2021-03-31,2018-04-02,QQQ,0.2676742956211149,-0.2855935565828832
2021-03-31,2018-04-02,selected,0.24857089795706333,-0.22143193422868346
2021-04-01,2018-04-03,QQQ,0.2873385563286681,-0.28559355658288277
2021-04-01,2018-04-03,selected,0.2636974915571255,-0.22143193422868346
2021-04-05,2018-04-04,QQQ,0.2910245225415349,-0.28559355658288277
2021-04-05,2018-04-04,selected,0.26870421307464953,-0.22143193422868346
2021-04-06,2018-04-05,QQQ,0.28401095866321957,-0.285593556582883
2021-04-06,2018-04-05,selected,0.2633205656296116,-0.22143193422868335
2021-04-07,2018-04-06,QQQ,0.28261429350308753,-0.285593556582883
2021-04-07,2018-04-06,selected,0.262702528825439,-0.22143193422868335
2021-04-08,2018-04-09,QQQ,0.29797781799627576,-0.2855935565828831
2021-04-08,2018-04-09,selected,0.2749635323781128,-0.22143193422868324
2021-04-09,2018-04-10,QQQ,0.2975631529093159,-0.2855935565828832
2021-04-09,2018-04-10,selected,0.27508401221034506,-0.22143193422868346
2021-04-12,2018-04-11,QQQ,0.28759779154956555,-0.285593556582883
2021-04-12,2018-04-11,selected,0.26743357546755564,-0.22143193422868335
2021-04-13,2018-04-12,QQQ,0.2950836753444235,-0.2855935565828831
2021-04-13,2018-04-12,selected,0.2739006084961271,-0.22143193422868368
2021-04-14,2018-04-13,QQQ,0.2847426764202097,-0.28559355658288343
2021-04-14,2018-04-13,selected,0.26558976950620106,-0.22143193422868346
2021-04-15,2018-04-16,QQQ,0.2934370420000123,-0.2855935565828831
2021-04-15,2018-04-16,selected,0.27325140146761284,-0.22143193422868357
2021-04-16,2018-04-17,QQQ,0.2906707724293922,-0.285593556582883
2021-04-16,2018-04-17,selected,0.27108111660696776,-0.22143193422868335
2021-04-19,2018-04-18,QQQ,0.27761941257695355,-0.2855935565828829
2021-04-19,2018-04-18,selected,0.26017842003347624,-0.22143193422868368
2021-04-20,2018-04-19,QQQ,0.27363931240024986,-0.2855935565828832
2021-04-20,2018-04-19,selected,0.25665682963762726,-0.22143193422868368
2021-04-21,2018-04-20,QQQ,0.2812015132003143,-0.285593556582883
2021-04-21,2018-04-20,selected,0.2633234828945459,-0.22143193422868312
2021-04-22,2018-04-23,QQQ,0.28283627629726915,-0.285593556582883
2021-04-22,2018-04-23,selected,0.26388642428161413,-0.22143193422868357
2021-04-23,2018-04-24,QQQ,0.2892837885174988,-0.2855935565828831
2021-04-23,2018-04-24,selected,0.2701868668308953,-0.22143193422868346
2021-04-26,2018-04-25,QQQ,0.30133221625801876,-0.2855935565828829
2021-04-26,2018-04-25,selected,0.2796647679784505,-0.22143193422868346
2021-04-27,2018-04-26,QQQ,0.2989314086707573,-0.2855935565828829
2021-04-27,2018-04-26,selected,0.2777970662795999,-0.22143193422868324
2021-04-28,2018-04-27,QQQ,0.28848636546078943,-0.2855935565828833
2021-04-28,2018-04-27,selected,0.26949658185781256,-0.22143193422868335
2021-04-29,2018-04-30,QQQ,0.28976492026932155,-0.28559355658288277
2021-04-29,2018-04-30,selected,0.2704129404393445,-0.22143193422868346
2021-04-30,2018-05-01,QQQ,0.2899991316765058,-0.28559355658288266
2021-04-30,2018-05-01,selected,0.27021658172724106,-0.22143193422868324
2021-05-03,2018-05-02,QQQ,0.28283465811239705,-0.285593556582883
2021-05-03,2018-05-02,selected,0.26465033389462644,-0.22143193422868357
2021-05-04,2018-05-03,QQQ,0.27760917160851517,-0.2855935565828832
2021-05-04,2018-05-03,selected,0.25963806407877277,-0.22143193422868346
2021-05-05,2018-05-04,QQQ,0.27622820614432686,-0.2855935565828829
2021-05-05,2018-05-04,selected,0.2582819669575025,-0.22143193422868368
2021-05-06,2018-05-07,QQQ,0.27143567400046087,-0.28559355658288277
2021-05-06,2018-05-07,selected,0.2536249085910831,-0.22143193422868312
2021-05-07,2018-05-08,QQQ,0.2713536482404515,-0.2855935565828831
2021-05-07,2018-05-08,selected,0.25355858997106084,-0.2214319342286829
2021-05-10,2018-05-09,QQQ,0.260989812184226,-0.2855935565828829
2021-05-10,2018-05-09,selected,0.24345752470764848,-0.22143193422868357
2021-05-11,2018-05-10,QQQ,0.2558628592140568,-0.2855935565828831
2021-05-11,2018-05-10,selected,0.23845227451045403,-0.22143193422868335
2021-05-12,2018-05-11,QQQ,0.24066137182811542,-0.2855935565828829
2021-05-12,2018-05-11,selected,0.2235616842736703,-0.22143193422868346
2021-05-13,2018-05-14,QQQ,0.24424185540185905,-0.2855935565828832
2021-05-13,2018-05-14,selected,0.22707303801139478,-0.22143193422868335
2021-05-14,2018-05-15,QQQ,0.2526172867157168,-0.2855935565828829
2021-05-14,2018-05-15,selected,0.23527929546198023,-0.22143193422868346
2021-05-17,2018-05-16,QQQ,0.2547285989343715,-0.28559355658288277
2021-05-17,2018-05-16,selected,0.23738858210917635,-0.22143193422868357
2021-05-18,2018-05-17,QQQ,0.24915157655744657,-0.285593556582883
2021-05-18,2018-05-17,selected,0.23195001229791368,-0.22143193422868324
2021-05-19,2018-05-18,QQQ,0.2512358794298577,-0.2855935565828831
2021-05-19,2018-05-18,selected,0.2339919071225547,-0.22143193422868335
2021-05-20,2018-05-21,QQQ,0.26142903812568963,-0.28559355658288277
2021-05-20,2018-05-21,selected,0.2439513151486068,-0.22143193422868324
2021-05-21,2018-05-22,QQQ,0.25675067807311613,-0.2855935565828831
2021-05-21,2018-05-22,selected,0.23938620376853503,-0.22143193422868346
2021-05-24,2018-05-23,QQQ,0.2643079463315805,-0.28559355658288277
2021-05-24,2018-05-23,selected,0.24676842860577164,-0.22143193422868335
2021-05-25,2018-05-24,QQQ,0.2613505650846195,-0.2855935565828832
2021-05-25,2018-05-24,selected,0.24388516491277978,-0.22143193422868357
2021-05-26,2018-05-25,QQQ,0.2629376367287062,-0.285593556582883
2021-05-26,2018-05-25,selected,0.24541076709040088,-0.22143193422868301
2021-05-27,2018-05-29,QQQ,0.2609396572651601,-0.285593556582883
2021-05-27,2018-05-29,selected,0.24345351745955446,-0.22143193422868335
2021-05-28,2018-05-30,QQQ,0.26412878022305764,-0.28559355658288277
2021-05-28,2018-05-30,selected,0.24655845577562108,-0.22143193422868324
2021-06-01,2018-05-31,QQQ,0.25972684936834867,-0.2855935565828831
2021-06-01,2018-05-31,selected,0.2422555076275954,-0.22143193422868335
2021-06-02,2018-06-01,QQQ,0.26081790832380825,-0.2855935565828832
2021-06-02,2018-06-01,selected,0.24333458122871998,-0.22143193422868357
2021-06-03,2018-06-04,QQQ,0.24992229551838752,-0.285593556582883
2021-06-03,2018-06-04,selected,0.2326827260991582,-0.22143193422868335
2021-06-04,2018-06-05,QQQ,0.25319188371227797,-0.2855935565828829
2021-06-04,2018-06-05,selected,0.23590894450114508,-0.22143193422868324
2021-06-07,2018-06-06,QQQ,0.25314265307848216,-0.2855935565828829
2021-06-07,2018-06-06,selected,0.23586026010228345,-0.22143193422868312
2021-06-08,2018-06-07,QQQ,0.25091334051823333,-0.285593556582883
2021-06-08,2018-06-07,selected,0.2336945240646493,-0.22143193422868357
2021-06-09,2018-06-08,QQQ,0.25442181223195326,-0.285593556582883
2021-06-09,2018-06-08,selected,0.23711751411971305,-0.22143193422868346
2021-06-10,2018-06-11,QQQ,0.2587398676321435,-0.2855935565828832
2021-06-10,2018-06-11,selected,0.24134525155734998,-0.22143193422868335
2021-06-11,2018-06-12,QQQ,0.2587065822935246,-0.2855935565828831
2021-06-11,2018-06-12,selected,0.24129754230605194,-0.22143193422868335
2021-06-14,2018-06-13,QQQ,0.26050820537808783,-0.2855935565828831
2021-06-14,2018-06-13,selected,0.24304385661597294,-0.22143193422868346
2021-06-15,2018-06-14,QQQ,0.2577819159012764,-0.28559355658288255
2021-06-15,2018-06-14,selected,0.24037398189230497,-0.22143193422868357
2021-06-16,2018-06-15,QQQ,0.2520378624085471,-0.2855935565828832
2021-06-16,2018-06-15,selected,0.2347210033673086,-0.22143193422868357
2021-06-17,2018-06-18,QQQ,0.2587813551042031,-0.285593556582883
2021-06-17,2018-06-18,selected,0.24129303258711698,-0.22143193422868346
2021-06-18,2018-06-19,QQQ,0.25572184985679525,-0.2855935565828829
2021-06-18,2018-06-19,selected,0.23830214636977076,-0.22143193422868335
2021-06-21,2018-06-20,QQQ,0.25950836439091685,-0.2855935565828831
2021-06-21,2018-06-20,selected,0.2420066849024738,-0.22143193422868335
2021-06-22,2018-06-21,QQQ,0.26043289319728347,-0.285593556582883
2021-06-22,2018-06-21,selected,0.24291356389260876,-0.22143193422868335
2021-06-23,2018-06-22,QQQ,0.2643104430897081,-0.2855935565828832
2021-06-23,2018-06-22,selected,0.2466901703764246,-0.22143193422868335
2021-06-24,2018-06-25,QQQ,0.26784964129223554,-0.2855935565828831
2021-06-24,2018-06-25,selected,0.2501380257044672,-0.22143193422868335
2021-06-25,2018-06-26,QQQ,0.2769932942426312,-0.285593556582883
2021-06-25,2018-06-26,selected,0.25906115028812127,-0.22143193422868346
2021-06-28,2018-06-27,QQQ,0.2804082004342461,-0.2855935565828831
2021-06-28,2018-06-27,selected,0.26241082148872485,-0.22143193422868346
2021-06-29,2018-06-28,QQQ,0.2878151145293817,-0.2855935565828829
2021-06-29,2018-06-28,selected,0.26961921161279023,-0.22143193422868346
2021-06-30,2018-06-29,QQQ,0.2834680059007775,-0.2855935565828832
2021-06-30,2018-06-29,selected,0.26538978804160074,-0.22143193422868324
2021-07-01,2018-07-02,QQQ,0.2824894082082192,-0.2855935565828829
2021-07-01,2018-07-02,selected,0.26443880279251974,-0.22143193422868335
2021-07-02,2018-07-03,QQQ,0.28451557898735413,-0.2855935565828831
2021-07-02,2018-07-03,selected,0.2664432255694744,-0.22143193422868346
2021-07-06,2018-07-05,QQQ,0.2913648126755357,-0.2855935565828831
2021-07-06,2018-07-05,selected,0.2731260453458497,-0.22143193422868301
2021-07-07,2018-07-06,QQQ,0.28696964141962944,-0.2855935565828832
2021-07-07,2018-07-06,selected,0.26884054806836155,-0.22143193422868335
2021-07-08,2018-07-09,QQQ,0.27778158500916317,-0.285593556582883
2021-07-08,2018-07-09,selected,0.259869563915172,-0.22143193422868335
2021-07-09,2018-07-10,QQQ,0.2766182967761164,-0.285593556582883
2021-07-09,2018-07-10,selected,0.2587431462005132,-0.22143193422868357
2021-07-12,2018-07-11,QQQ,0.2779657591753464,-0.28559355658288277
2021-07-12,2018-07-11,selected,0.26005606328918063,-0.22143193422868368
2021-07-13,2018-07-12,QQQ,0.280135143853659,-0.2855935565828829
2021-07-13,2018-07-12,selected,0.26217865778458593,-0.22143193422868335
2021-07-14,2018-07-13,QQQ,0.27362603342773073,-0.2855935565828833
2021-07-14,2018-07-13,selected,0.25584339142956725,-0.22143193422868346
2021-07-15,2018-07-16,QQQ,0.27028353596134935,-0.2855935565828829
2021-07-15,2018-07-16,selected,0.2525971362364967,-0.22143193422868368
2021-07-16,2018-07-17,QQQ,0.26785728197248626,-0.2855935565828831
2021-07-16,2018-07-17,selected,0.25021937794929894,-0.22143193422868324
2021-07-19,2018-07-18,QQQ,0.26183146077690655,-0.2855935565828829
2021-07-19,2018-07-18,selected,0.24436296597978235,-0.22143193422868346
2021-07-20,2018-07-19,QQQ,0.26749608244645073,-0.2855935565828831
2021-07-20,2018-07-19,selected,0.2498924902918651,-0.22143193422868357
2021-07-21,2018-07-20,QQQ,0.27287536726077377,-0.2855935565828832
2021-07-21,2018-07-20,selected,0.25512299646626957,-0.22143193422868335
2021-07-22,2018-07-23,QQQ,0.27576891420625804,-0.285593556582883
2021-07-22,2018-07-23,selected,0.25795788811422926,-0.2214319342286839
2021-07-23,2018-07-24,QQQ,0.2793590290287693,-0.28559355658288277
2021-07-23,2018-07-24,selected,0.26147694382020714,-0.22143193422868346
2021-07-26,2018-07-25,QQQ,0.27794157016506715,-0.28559355658288277
2021-07-26,2018-07-25,selected,0.2600851347030715,-0.2214319342286838
2021-07-27,2018-07-26,QQQ,0.2673536364437794,-0.2855935565828832
2021-07-27,2018-07-26,selected,0.2497567619518264,-0.22143193422868335
2021-07-28,2018-07-27,QQQ,0.2754489467548582,-0.28559355658288277
2021-07-28,2018-07-27,selected,0.25767020885925573,-0.22143193422868335
2021-07-29,2018-07-30,QQQ,0.28199762777743076,-0.2855935565828831
2021-07-29,2018-07-30,selected,0.26407691292806534,-0.22143193422868357
2021-07-30,2018-07-31,QQQ,0.28585213378306196,-0.28559355658288277
2021-07-30,2018-07-31,selected,0.26783309308323666,-0.2214319342286838
2021-08-02,2018-08-01,QQQ,0.28262413009050813,-0.2855935565828829
2021-08-02,2018-08-01,selected,0.2646795605855492,-0.22143193422868346
2021-08-03,2018-08-02,QQQ,0.28358769522264526,-0.2855935565828829
2021-08-03,2018-08-02,selected,0.26563899327325435,-0.22143193422868324
2021-08-04,2018-08-03,QQQ,0.27843333041291185,-0.2855935565828831
2021-08-04,2018-08-03,selected,0.26061415230336915,-0.22143193422868357
2021-08-05,2018-08-06,QQQ,0.27982502962443534,-0.2855935565828832
2021-08-05,2018-08-06,selected,0.26195322259839227,-0.22143193422868346
2021-08-06,2018-08-07,QQQ,0.2754552683103433,-0.285593556582883
2021-08-06,2018-08-07,selected,0.2576478973343177,-0.22143193422868335
2021-08-09,2018-08-08,QQQ,0.27469400309501313,-0.285593556582883
2021-08-09,2018-08-08,selected,0.2568769080193327,-0.22143193422868312
2021-08-10,2018-08-09,QQQ,0.27199941486494916,-0.2855935565828829
2021-08-10,2018-08-09,selected,0.25424277669542694,-0.22143193422868346
2021-08-11,2018-08-10,QQQ,0.27152685910905294,-0.285593556582883
2021-08-11,2018-08-10,selected,0.2537989267187044,-0.22143193422868368
2021-08-12,2018-08-13,QQQ,0.2763120034457851,-0.285593556582883
2021-08-12,2018-08-13,selected,0.25846795449107973,-0.22143193422868346
2021-08-13,2018-08-14,QQQ,0.278275723252015,-0.2855935565828832
2021-08-13,2018-08-14,selected,0.260439835816636,-0.22143193422868324
2021-08-16,2018-08-15,QQQ,0.27580103563360203,-0.2855935565828833
2021-08-16,2018-08-15,selected,0.25803425338327357,-0.22143193422868346
2021-08-17,2018-08-16,QQQ,0.2772747071915944,-0.285593556582883
2021-08-17,2018-08-16,selected,0.2594871800941727,-0.22143193422868335
2021-08-18,2018-08-17,QQQ,0.27176986283374194,-0.2855935565828829
2021-08-18,2018-08-17,selected,0.2541119059221184,-0.22143193422868357
2021-08-19,2018-08-20,QQQ,0.2737202106019849,-0.2855935565828829
2021-08-19,2018-08-20,selected,0.2560030893347802,-0.22143193422868357
2021-08-20,2018-08-21,QQQ,0.2784822916697838,-0.285593556582883
2021-08-20,2018-08-21,selected,0.2606475875025054,-0.22143193422868335
2021-08-23,2018-08-22,QQQ,0.2832555132545054,-0.2855935565828831
2021-08-23,2018-08-22,selected,0.2653187550742804,-0.22143193422868335
2021-08-24,2018-08-23,QQQ,0.2829029969903838,-0.2855935565828831
2021-08-24,2018-08-23,selected,0.2649646125835208,-0.22143193422868346
2021-08-25,2018-08-24,QQQ,0.2840090409053022,-0.285593556582883
2021-08-25,2018-08-24,selected,0.2660416065571065,-0.22143193422868335
2021-08-26,2018-08-27,QQQ,0.2773413753197307,-0.2855935565828832
2021-08-26,2018-08-27,selected,0.25950800816942055,-0.22143193422868301
2021-08-27,2018-08-28,QQQ,0.2771419772957202,-0.285593556582883
2021-08-27,2018-08-28,selected,0.25933926075358604,-0.22143193422868357
2021-08-30,2018-08-29,QQQ,0.2812764600214457,-0.285593556582883
2021-08-30,2018-08-29,selected,0.26338583654334435,-0.22143193422868324
2021-08-31,2018-08-30,QQQ,0.2760394153777157,-0.285593556582883
2021-08-31,2018-08-30,selected,0.25826122936113305,-0.22143193422868346
2021-09-01,2018-08-31,QQQ,0.2774970455625698,-0.285593556582883
2021-09-01,2018-08-31,selected,0.2596969643995466,-0.22143193422868335
2021-09-02,2018-09-04,QQQ,0.27674805810280434,-0.28559355658288277
2021-09-02,2018-09-04,selected,0.25897317060997627,-0.22143193422868346
2021-09-03,2018-09-05,QQQ,0.27988690193478827,-0.2855935565828829
2021-09-03,2018-09-05,selected,0.2620515625737987,-0.22143193422868346
2021-09-07,2018-09-06,QQQ,0.2860502884605023,-0.2855935565828829
2021-09-07,2018-09-06,selected,0.2680195792954483,-0.22143193422868324
2021-09-08,2018-09-07,QQQ,0.28840724972519105,-0.28559355658288277
2021-09-08,2018-09-07,selected,0.2703190606029786,-0.22143193422868368
2021-09-09,2018-09-10,QQQ,0.2885839808541506,-0.285593556582883
2021-09-09,2018-09-10,selected,0.2705197848097791,-0.22143193422868324
2021-09-10,2018-09-11,QQQ,0.283875956097035,-0.2855935565828829
2021-09-10,2018-09-11,selected,0.2659022922141647,-0.22143193422868346
2021-09-13,2018-09-12,QQQ,0.2803008778145606,-0.2855935565828829
2021-09-13,2018-09-12,selected,0.2624228747973405,-0.22143193422868357
2021-09-14,2018-09-13,QQQ,0.2803461045995608,-0.28559355658288277
2021-09-14,2018-09-13,selected,0.26247164367135456,-0.22143193422868346
2021-09-15,2018-09-14,QQQ,0.2789742482086395,-0.285593556582883
2021-09-15,2018-09-14,selected,0.2611216136631396,-0.2214319342286838
2021-09-16,2018-09-17,QQQ,0.28051765204586987,-0.285593556582883
2021-09-16,2018-09-17,selected,0.2626015961233046,-0.22143193422868335
2021-09-17,2018-09-18,QQQ,0.28162569182054287,-0.2855935565828833
2021-09-17,2018-09-18,selected,0.2636639853488274,-0.22143193422868346
2021-09-20,2018-09-19,QQQ,0.2692467218433936,-0.2855935565828831
2021-09-20,2018-09-19,selected,0.2516073098867846,-0.22143193422868357
2021-09-21,2018-09-20,QQQ,0.2700913000767291,-0.2855935565828829
2021-09-21,2018-09-20,selected,0.25244680067962344,-0.22143193422868346
2021-09-22,2018-09-21,QQQ,0.2693724091149958,-0.2855935565828832
2021-09-22,2018-09-21,selected,0.25173327095427833,-0.22143193422868357
2021-09-23,2018-09-24,QQQ,0.2755935688395903,-0.2855935565828829
2021-09-23,2018-09-24,selected,0.2577827334330105,-0.22143193422868346
2021-09-24,2018-09-25,QQQ,0.2748116954462001,-0.285593556582883
2021-09-24,2018-09-25,selected,0.2570169451447757,-0.22143193422868346
2021-09-27,2018-09-26,QQQ,0.27083510942713174,-0.2855935565828831
2021-09-27,2018-09-26,selected,0.2531334921297226,-0.22143193422868312
2021-09-28,2018-09-27,QQQ,0.2584371659398419,-0.2855935565828829
2021-09-28,2018-09-27,selected,0.24100960150016149,-0.22143193422868346
2021-09-29,2018-09-28,QQQ,0.2542195276303747,-0.2855935565828829
2021-09-29,2018-09-28,selected,0.2368989607921559,-0.22143193422868324
2021-09-30,2018-10-01,QQQ,0.2527717120554389,-0.28559355658288266
2021-09-30,2018-10-01,selected,0.2354934505992088,-0.22143193422868301
2021-10-01,2018-10-02,QQQ,0.2545013653466466,-0.2855935565828832
2021-10-01,2018-10-02,selected,0.23720046932536354,-0.22143193422868346
2021-10-04,2018-10-03,QQQ,0.2466001963621376,-0.2855935565828831
2021-10-04,2018-10-03,selected,0.22947175683780796,-0.22143193422868335
2021-10-05,2018-10-04,QQQ,0.2517352932492778,-0.285593556582883
2021-10-05,2018-10-04,selected,0.23449226851713556,-0.22143193422868346
2021-10-06,2018-10-05,QQQ,0.26253516988298276,-0.2855935565828832
2021-10-06,2018-10-05,selected,0.24505260498871273,-0.22143193422868357
2021-10-07,2018-10-08,QQQ,0.27158871030390297,-0.2855935565828829
2021-10-07,2018-10-08,selected,0.25386775887337243,-0.22143193422868335
2021-10-08,2018-10-09,QQQ,0.27206585003198525,-0.285593556582883
2021-10-08,2018-10-09,selected,0.25434336391607304,-0.22143193422868335
2021-10-11,2018-10-10,QQQ,0.2674383102111306,-0.2855935565828829
2021-10-11,2018-10-10,selected,0.24980436588807775,-0.22143193422868368
2021-10-12,2018-10-11,QQQ,0.2850854036585888,-0.2855935565828831
2021-10-12,2018-10-11,selected,0.2670484477686974,-0.22143193422868346
2021-10-13,2018-10-12,QQQ,0.2938780583501146,-0.285593556582883
2021-10-13,2018-10-12,selected,0.2756305482687267,-0.22143193422868368
2021-10-14,2018-10-15,QQQ,0.2899160008771875,-0.2855935565828831
2021-10-14,2018-10-15,selected,0.27178114985962587,-0.22143193422868335
2021-10-15,2018-10-16,QQQ,0.2978772828063647,-0.285593556582883
2021-10-15,2018-10-16,selected,0.27951237380138916,-0.22143193422868335
2021-10-18,2018-10-17,QQQ,0.28982456034727555,-0.2855935565828831
2021-10-18,2018-10-17,selected,0.2716402116201202,-0.22143193422868346
2021-10-19,2018-10-18,QQQ,0.29289967597106714,-0.285593556582883
2021-10-19,2018-10-18,selected,0.2746515282660471,-0.22143193422868312
2021-10-20,2018-10-19,QQQ,0.30248078255522404,-0.2855935565828831
2021-10-20,2018-10-19,selected,0.28401287131049324,-0.22143193422868357
2021-10-21,2018-10-22,QQQ,0.30552890575813674,-0.2855935565828831
2021-10-21,2018-10-22,selected,0.28698020025669346,-0.22143193422868312
2021-10-22,2018-10-23,QQQ,0.2996374347631856,-0.2855935565828829
2021-10-22,2018-10-23,selected,0.2812556516568667,-0.22143193422868324
2021-10-25,2018-10-24,QQQ,0.3056611586055613,-0.2855935565828831
2021-10-25,2018-10-24,selected,0.2871340083763714,-0.22143193422868324
2021-10-26,2018-10-25,QQQ,0.32760058943105985,-0.2855935565828831
2021-10-26,2018-10-25,selected,0.3085159204898016,-0.22143193422868357
2021-10-27,2018-10-26,QQQ,0.31364971769793604,-0.28559355658288266
2021-10-27,2018-10-26,selected,0.29492296973724974,-0.22143193422868346
2021-10-28,2018-10-29,QQQ,0.3299970086308128,-0.285593556582883
2021-10-28,2018-10-29,selected,0.31087623110540497,-0.22143193422868346
2021-10-29,2018-10-30,QQQ,0.34144086910798555,-0.2855935565828829
2021-10-29,2018-10-30,selected,0.3220283269871125,-0.22143193422868368
2021-11-01,2018-10-31,QQQ,0.3356705437119203,-0.2855935565828829
2021-11-01,2018-10-31,selected,0.31641017196676957,-0.22143193422868357
2021-11-02,2018-11-01,QQQ,0.3272112047602431,-0.285593556582883
2021-11-02,2018-11-01,selected,0.3081702992062838,-0.22143193422868346
2021-11-03,2018-11-02,QQQ,0.3260859121562507,-0.285593556582883
2021-11-03,2018-11-02,selected,0.3070330055893076,-0.22143193422868346
2021-11-04,2018-11-05,QQQ,0.3387150360739195,-0.2855935565828829
2021-11-04,2018-11-05,selected,0.31728840273157255,-0.22143193422868357
2021-11-05,2018-11-06,QQQ,0.3402493869559049,-0.2855935565828831
2021-11-05,2018-11-06,selected,0.3181401406341642,-0.22143193422868346
2021-11-08,2018-11-07,QQQ,0.3362779432854932,-0.285593556582883
2021-11-08,2018-11-07,selected,0.3157096704148341,-0.2214319342286838
2021-11-09,2018-11-08,QQQ,0.3195497419503659,-0.28559355658288277
2021-11-09,2018-11-08,selected,0.3043346953995518,-0.22143193422868357
2021-11-10,2018-11-09,QQQ,0.3158570811375654,-0.2855935565828829
2021-11-10,2018-11-09,selected,0.2998302736226226,-0.22143193422868324
2021-11-11,2018-11-12,QQQ,0.3245548383715131,-0.2855935565828831
2021-11-11,2018-11-12,selected,0.30584421725697064,-0.22143193422868335
2021-11-12,2018-11-13,QQQ,0.34286798575896094,-0.2855935565828831
2021-11-12,2018-11-13,selected,0.318745380780044,-0.22143193422868324
2021-11-15,2018-11-14,QQQ,0.34238950857239825,-0.2855935565828829
2021-11-15,2018-11-14,selected,0.3183539874035053,-0.22143193422868368
2021-11-16,2018-11-15,QQQ,0.3490076005107916,-0.28559355658288277
2021-11-16,2018-11-15,selected,0.32309815574354794,-0.22143193422868346
2021-11-17,2018-11-16,QQQ,0.34146784329078206,-0.285593556582883
2021-11-17,2018-11-16,selected,0.3188135936280041,-0.22143193422868357
2021-11-18,2018-11-19,QQQ,0.3476638278366919,-0.2855935565828829
2021-11-18,2018-11-19,selected,0.323382816505287,-0.22143193422868346
2021-11-19,2018-11-20,QQQ,0.3651050997892853,-0.285593556582883
2021-11-19,2018-11-20,selected,0.3342599597183027,-0.22143193422868346
2021-11-22,2018-11-21,QQQ,0.3680112342788078,-0.2855935565828829
2021-11-22,2018-11-21,selected,0.3339987023417432,-0.22143193422868368
2021-11-23,2018-11-23,QQQ,0.3624855053838061,-0.285593556582883
2021-11-23,2018-11-23,selected,0.33003678483904486,-0.2214319342286838
2021-11-24,2018-11-26,QQQ,0.36725099426444574,-0.285593556582883
2021-11-24,2018-11-26,selected,0.3335177599063799,-0.22143193422868324
2021-11-26,2018-11-27,QQQ,0.3482464867733408,-0.28559355658288277
2021-11-26,2018-11-27,selected,0.31898610662114146,-0.22143193422868324
2021-11-29,2018-11-28,QQQ,0.35640525136387824,-0.2855935565828831
2021-11-29,2018-11-28,selected,0.32772474138836305,-0.22143193422868335
2021-11-30,2018-11-29,QQQ,0.33555602550106745,-0.28559355658288277
2021-11-30,2018-11-29,selected,0.31263909918775745,-0.22143193422868301
2021-12-01,2018-11-30,QQQ,0.32938488630998086,-0.2855935565828832
2021-12-01,2018-11-30,selected,0.3058362071153542,-0.22143193422868357
2021-12-02,2018-12-03,QQQ,0.3293637177273494,-0.2855935565828829
2021-12-02,2018-12-03,selected,0.3067748650354891,-0.22143193422868324
2021-12-03,2018-12-04,QQQ,0.31400271367788846,-0.285593556582883
2021-12-03,2018-12-04,selected,0.2939770152732666,-0.22143193422868346
2021-12-06,2018-12-06,QQQ,0.3347920932102606,-0.2855935565828832
2021-12-06,2018-12-06,selected,0.3121415714545561,-0.22143193422868357
2021-12-07,2018-12-07,QQQ,0.3449008448866804,-0.2855935565828829
2021-12-07,2018-12-07,selected,0.3223095355773231,-0.2214319342286829
2021-12-08,2018-12-10,QQQ,0.36206151237647255,-0.2855935565828832
2021-12-08,2018-12-10,selected,0.3371007509141799,-0.22143193422868335
2021-12-09,2018-12-11,QQQ,0.35064942029888924,-0.285593556582883
2021-12-09,2018-12-11,selected,0.32653063812702343,-0.22143193422868312
2021-12-10,2018-12-12,QQQ,0.3540328998587581,-0.2855935565828832
2021-12-10,2018-12-12,selected,0.32998924502094695,-0.22143193422868346
2021-12-13,2018-12-13,QQQ,0.3435505179524694,-0.2855935565828831
2021-12-13,2018-12-13,selected,0.3202613567081194,-0.22143193422868357
2021-12-14,2018-12-14,QQQ,0.33876408292721516,-0.2855935565828829
2021-12-14,2018-12-14,selected,0.31560351827144784,-0.22143193422868335
2021-12-15,2018-12-17,QQQ,0.3599898258422638,-0.2855935565828829
2021-12-15,2018-12-17,selected,0.33508167780798015,-0.22143193422868335
2021-12-16,2018-12-18,QQQ,0.3585712790745035,-0.2855935565828832
2021-12-16,2018-12-18,selected,0.33259081356374365,-0.22143193422868357
2021-12-17,2018-12-19,QQQ,0.35347713606119013,-0.285593556582883
2021-12-17,2018-12-19,selected,0.3279073597038704,-0.22143193422868324
2021-12-20,2018-12-20,QQQ,0.36031303146907745,-0.285593556582883
2021-12-20,2018-12-20,selected,0.33327097454721555,-0.22143193422868368
2021-12-21,2018-12-21,QQQ,0.37707264595529844,-0.28559355658288266
2021-12-21,2018-12-21,selected,0.3485283433298503,-0.22143193422868324
2021-12-22,2018-12-24,QQQ,0.3972269732098097,-0.285593556582883
2021-12-22,2018-12-24,selected,0.36658177990267005,-0.22143193422868335
2021-12-23,2018-12-26,QQQ,0.41250324173263553,-0.285593556582883
2021-12-23,2018-12-26,selected,0.3800608002246171,-0.22143193422868357
2021-12-27,2018-12-27,QQQ,0.3918562237585641,-0.28559355658288277
2021-12-27,2018-12-27,selected,0.36310393674739916,-0.22143193422868357
2021-12-28,2018-12-28,QQQ,0.3879145509042299,-0.285593556582883
2021-12-28,2018-12-28,selected,0.3593063111122552,-0.22143193422868346
2021-12-29,2018-12-31,QQQ,0.38808743866978745,-0.2855935565828829
2021-12-29,2018-12-31,selected,0.35926186639408053,-0.22143193422868346
2021-12-30,2019-01-02,QQQ,0.38282710485630966,-0.2855935565828829
2021-12-30,2019-01-02,selected,0.3545280807877398,-0.22143193422868312
2021-12-31,2019-01-03,QQQ,0.37809895277246053,-0.285593556582883
2021-12-31,2019-01-03,selected,0.3501953217533973,-0.22143193422868357
2022-01-03,2019-01-04,QQQ,0.39789893323261083,-0.285593556582883
2022-01-03,2019-01-04,selected,0.3624123010122309,-0.22143193422868346
2022-01-04,2019-01-07,QQQ,0.37252731404881456,-0.2855935565828829
2022-01-04,2019-01-07,selected,0.34597909638914714,-0.22143193422868357
2022-01-05,2019-01-08,QQQ,0.3529776375067515,-0.285593556582883
2022-01-05,2019-01-08,selected,0.3293914276162959,-0.22143193422868346
2022-01-06,2019-01-09,QQQ,0.34860653548535403,-0.285593556582883
2022-01-06,2019-01-09,selected,0.326676173767529,-0.22143193422868357
2022-01-07,2019-01-10,QQQ,0.3400885498508821,-0.285593556582883
2022-01-07,2019-01-10,selected,0.3197120226647092,-0.22143193422868324
2022-01-10,2019-01-11,QQQ,0.3391070551790214,-0.2855935565828831
2022-01-10,2019-01-11,selected,0.31954933083504056,-0.22143193422868346
2022-01-11,2019-01-14,QQQ,0.347424061537434,-0.285593556582883
2022-01-11,2019-01-14,selected,0.32678324128163183,-0.22143193422868335
2022-01-12,2019-01-15,QQQ,0.3532006693959462,-0.2855935565828831
2022-01-12,2019-01-15,selected,0.3311692192268254,-0.22143193422868335
2022-01-13,2019-01-16,QQQ,0.3331996069891352,-0.2855935565828831
2022-01-13,2019-01-16,selected,0.31526266971169736,-0.22143193422868335
2022-01-14,2019-01-17,QQQ,0.33604155355822374,-0.2855935565828831
2022-01-14,2019-01-17,selected,0.31759549168256385,-0.22143193422868324
2022-01-18,2019-01-18,QQQ,0.3213981033711186,-0.28559355658288277
2022-01-18,2019-01-18,selected,0.3047863245958584,-0.2214319342286838
2022-01-19,2019-01-22,QQQ,0.31222607891544185,-0.285593556582883
2022-01-19,2019-01-22,selected,0.29837976352945095,-0.2214319342286838
2022-01-20,2019-01-23,QQQ,0.3153614596432668,-0.2855935565828829
2022-01-20,2019-01-23,selected,0.29764671582751046,-0.22143193422868335
2022-01-21,2019-01-24,QQQ,0.3025270143995895,-0.28559355658288266
2022-01-21,2019-01-24,selected,0.2854608404791634,-0.22143193422868324
2022-01-24,2019-01-25,QQQ,0.3017078063393148,-0.285593556582883
2022-01-24,2019-01-25,selected,0.2855869920435994,-0.22143193422868357
2022-01-25,2019-01-28,QQQ,0.2864670816090027,-0.2855935565828829
2022-01-25,2019-01-28,selected,0.2723163900953749,-0.22143193422868357
2022-01-26,2019-01-29,QQQ,0.29113419447613964,-0.285593556582883
2022-01-26,2019-01-29,selected,0.2746184839124668,-0.22143193422868346
2022-01-27,2019-01-30,QQQ,0.2908605765848893,-0.2855935565828832
2022-01-27,2019-01-30,selected,0.2721824330702365,-0.22143193422868346
2022-01-28,2019-01-31,QQQ,0.29334466862360276,-0.28559355658288277
2022-01-28,2019-01-31,selected,0.27819591422607726,-0.22143193422868335
2022-01-31,2019-02-01,QQQ,0.30052964615977174,-0.2855935565828831
2022-01-31,2019-02-01,selected,0.28690998908633536,-0.22143193422868357
2022-02-01,2019-02-04,QQQ,0.30531198623587863,-0.2855935565828832
2022-02-01,2019-02-04,selected,0.2911095031073234,-0.22143193422868346
2022-02-02,2019-02-05,QQQ,0.30346320817675165,-0.2855935565828832
2022-02-02,2019-02-05,selected,0.2889264430030303,-0.22143193422868357
2022-02-03,2019-02-06,QQQ,0.28183421236896433,-0.2855935565828829
2022-02-03,2019-02-06,selected,0.27156659810923367,-0.22143193422868335
2022-02-04,2019-02-07,QQQ,0.28848387605712666,-0.285593556582883
2022-02-04,2019-02-07,selected,0.2766330124491867,-0.22143193422868335
2022-02-07,2019-02-08,QQQ,0.2908237817395847,-0.2855935565828832
2022-02-07,2019-02-08,selected,0.2799635842095862,-0.22143193422868368
2022-02-08,2019-02-11,QQQ,0.29479416039625694,-0.2855935565828832
2022-02-08,2019-02-11,selected,0.2827619838338906,-0.22143193422868357
2022-02-09,2019-02-12,QQQ,0.30428901893686966,-0.2855935565828829
2022-02-09,2019-02-12,selected,0.29027673586581515,-0.22143193422868368
2022-02-10,2019-02-13,QQQ,0.2880565477277144,-0.2855935565828831
2022-02-10,2019-02-13,selected,0.27594246271553735,-0.22143193422868324
2022-02-11,2019-02-14,QQQ,0.2739920485471641,-0.2855935565828831
2022-02-11,2019-02-14,selected,0.266183942593162,-0.22143193422868335
2022-02-14,2019-02-15,QQQ,0.273996677802963,-0.28559355658288277
2022-02-14,2019-02-15,selected,0.2659522090411288,-0.2214319342286838
2022-02-15,2019-02-19,QQQ,0.28267392377284506,-0.2855935565828831
2022-02-15,2019-02-19,selected,0.27161085302551324,-0.22143193422868368
2022-02-16,2019-02-20,QQQ,0.2817215343579995,-0.2855935565828831
2022-02-16,2019-02-20,selected,0.27116185572620877,-0.22143193422868357
2022-02-17,2019-02-21,QQQ,0.2689592343867444,-0.2855935565828831
2022-02-17,2019-02-21,selected,0.26212419529771225,-0.22143193422868357
2022-02-18,2019-02-22,QQQ,0.26566148016188196,-0.2855935565828829
2022-02-18,2019-02-22,selected,0.2600922113683133,-0.22143193422868335
2022-02-22,2019-02-25,QQQ,0.2583133770794124,-0.28559355658288277
2022-02-22,2019-02-25,selected,0.2539040604759608,-0.22143193422868357
2022-02-23,2019-02-26,QQQ,0.24596494495438748,-0.2855935565828829
2022-02-23,2019-02-26,selected,0.24394907735869564,-0.22143193422868324
2022-02-24,2019-02-27,QQQ,0.2593329505082116,-0.285593556582883
2022-02-24,2019-02-27,selected,0.25395651709765144,-0.22143193422868346
2022-02-25,2019-02-28,QQQ,0.2660763008309275,-0.285593556582883
2022-02-25,2019-02-28,selected,0.25937227503271987,-0.22143193422868335
2022-02-28,2019-03-01,QQQ,0.26830707474625615,-0.2855935565828831
2022-02-28,2019-03-01,selected,0.2620063399221362,-0.22143193422868346
2022-03-01,2019-03-04,QQQ,0.25889966888647886,-0.2855935565828829
2022-03-01,2019-03-04,selected,0.25497721194280776,-0.22143193422868312
2022-03-02,2019-03-05,QQQ,0.2658294757940134,-0.285593556582883
2022-03-02,2019-03-05,selected,0.258543995191856,-0.22143193422868346
2022-03-03,2019-03-06,QQQ,0.2594601557181977,-0.285593556582883
2022-03-03,2019-03-06,selected,0.25493037495886006,-0.22143193422868346
2022-03-04,2019-03-07,QQQ,0.25572519143491856,-0.28559355658288277
2022-03-04,2019-03-07,selected,0.2546158277872186,-0.22143193422868357
2022-03-07,2019-03-08,QQQ,0.24520877759582316,-0.2855935565828831
2022-03-07,2019-03-08,selected,0.24997751044609284,-0.22143193422868324
2022-03-08,2019-03-11,QQQ,0.2439058081464942,-0.285593556582883
2022-03-08,2019-03-11,selected,0.25016095385117065,-0.22143193422868357
2022-03-09,2019-03-12,QQQ,0.25004933936187834,-0.2855935565828831
2022-03-09,2019-03-12,selected,0.24997850354877715,-0.22143193422868324
2022-03-10,2019-03-13,QQQ,0.2431324644159758,-0.2855935565828831
2022-03-10,2019-03-13,selected,0.24455252665949723,-0.22143193422868346
2022-03-11,2019-03-14,QQQ,0.23140253542766942,-0.2855935565828829
2022-03-11,2019-03-14,selected,0.23532634150673593,-0.22143193422868301
2022-03-14,2019-03-15,QQQ,0.22416083115012309,-0.2855935565828831
2022-03-14,2019-03-15,selected,0.2294889312928503,-0.22143193422868346
2022-03-15,2019-03-18,QQQ,0.23302568570000037,-0.2855935565828831
2022-03-15,2019-03-18,selected,0.23359018276623145,-0.22143193422868335
2022-03-16,2019-03-19,QQQ,0.24709484194004827,-0.2855935565828829
2022-03-16,2019-03-19,selected,0.2432174446840849,-0.22143193422868335
2022-03-17,2019-03-20,QQQ,0.2507069070729102,-0.285593556582883
2022-03-17,2019-03-20,selected,0.24536692675546745,-0.22143193422868324
2022-03-18,2019-03-21,QQQ,0.25752257392798916,-0.2855935565828833
2022-03-18,2019-03-21,selected,0.24908092080250466,-0.22143193422868335
2022-03-21,2019-03-22,QQQ,0.2498770185173047,-0.28559355658288266
2022-03-21,2019-03-22,selected,0.24191160385770782,-0.22143193422868335
2022-03-22,2019-03-25,QQQ,0.2673595226757204,-0.2855935565828829
2022-03-22,2019-03-25,selected,0.2559634352365774,-0.22143193422868346
2022-03-23,2019-03-26,QQQ,0.262060267233043,-0.2855935565828833
2022-03-23,2019-03-26,selected,0.2537610025178212,-0.22143193422868346
2022-03-24,2019-03-27,QQQ,0.2693749547635551,-0.285593556582883
2022-03-24,2019-03-27,selected,0.2584126035516803,-0.22143193422868346
2022-03-25,2019-03-28,QQQ,0.27175051066332445,-0.2855935565828832
2022-03-25,2019-03-28,selected,0.26059326834799545,-0.22143193422868335
2022-03-28,2019-03-29,QQQ,0.2772954028611547,-0.2855935565828829
2022-03-28,2019-03-29,selected,0.2633992253172175,-0.22143193422868346
2022-03-29,2019-04-01,QQQ,0.28135549015360173,-0.2855935565828833
2022-03-29,2019-04-01,selected,0.2654033736315229,-0.22143193422868335
2022-03-30,2019-04-02,QQQ,0.2710323491610436,-0.285593556582883
2022-03-30,2019-04-02,selected,0.2574446105054242,-0.22143193422868335
2022-03-31,2019-04-03,QQQ,0.2641637767440441,-0.2855935565828829
2022-03-31,2019-04-03,selected,0.2524978550656327,-0.22143193422868335
2022-04-01,2019-04-04,QQQ,0.2609507987584403,-0.2855935565828829
2022-04-01,2019-04-04,selected,0.24949897664679876,-0.22143193422868312
2022-04-04,2019-04-05,QQQ,0.2697069980275606,-0.2855935565828831
2022-04-04,2019-04-05,selected,0.25663202603934376,-0.22143193422868346
2022-04-05,2019-04-08,QQQ,0.2580740003126829,-0.2855935565828831
2022-04-05,2019-04-08,selected,0.24639737196777567,-0.22143193422868368
2022-04-06,2019-04-09,QQQ,0.24784483238850985,-0.2855935565828829
2022-04-06,2019-04-09,selected,0.23798143585332476,-0.2214319342286838
2022-04-07,2019-04-10,QQQ,0.25029810004446884,-0.2855935565828832
2022-04-07,2019-04-10,selected,0.24020491880429407,-0.22143193422868324
2022-04-08,2019-04-11,QQQ,0.2422265100953711,-0.2855935565828831
2022-04-08,2019-04-11,selected,0.23331650488125288,-0.22143193422868357
2022-04-11,2019-04-12,QQQ,0.23332841451106634,-0.2855935565828833
2022-04-11,2019-04-12,selected,0.22605555129012123,-0.22143193422868324
2022-04-12,2019-04-15,QQQ,0.22981940013519098,-0.285593556582883
2022-04-12,2019-04-15,selected,0.223089738638381,-0.22143193422868346
2022-04-13,2019-04-16,QQQ,0.23802987151549915,-0.2855935565828832
2022-04-13,2019-04-16,selected,0.22997297657789906,-0.22143193422868357
2022-04-14,2019-04-17,QQQ,0.22711336466371956,-0.28559355658288277
2022-04-14,2019-04-17,selected,0.22049518044552907,-0.22143193422868335
2022-04-18,2019-04-18,QQQ,0.22600484098593543,-0.285593556582883
2022-04-18,2019-04-18,selected,0.21934738023648137,-0.22143193422868312
2022-04-19,2019-04-22,QQQ,0.23454424705287713,-0.285593556582883
2022-04-19,2019-04-22,selected,0.2258713531879193,-0.22143193422868324
2022-04-20,2019-04-23,QQQ,0.2273570449785729,-0.28559355658288277
2022-04-20,2019-04-23,selected,0.2202164683918042,-0.22143193422868335
2022-04-21,2019-04-24,QQQ,0.2137090870263727,-0.2855935565828832
2022-04-21,2019-04-24,selected,0.20789038425557704,-0.22143193422868357
2022-04-22,2019-04-25,QQQ,0.20428817704556113,-0.28559355658288266
2022-04-22,2019-04-25,selected,0.19991511096380643,-0.22143193422868324
2022-04-25,2019-04-26,QQQ,0.2077911377210202,-0.2855935565828829
2022-04-25,2019-04-26,selected,0.20216016118182245,-0.22143193422868346
2022-04-26,2019-04-29,QQQ,0.19204531790522394,-0.285593556582883
2022-04-26,2019-04-29,selected,0.1892374899188467,-0.22143193422868335
2022-04-27,2019-04-30,QQQ,0.19079916282235265,-0.2855935565828831
2022-04-27,2019-04-30,selected,0.1877501427424073,-0.22143193422868324
2022-04-28,2019-05-01,QQQ,0.2078603540258357,-0.2855935565828831
2022-04-28,2019-05-01,selected,0.2025525581825256,-0.22143193422868346
2022-04-29,2019-05-02,QQQ,0.19074302738429472,-0.285593556582883
2022-04-29,2019-05-02,selected,0.1883748664874807,-0.22143193422868346
2022-05-02,2019-05-03,QQQ,0.19907057255707294,-0.28559355658288277
2022-05-02,2019-05-03,selected,0.19484815434935654,-0.22143193422868357
2022-05-03,2019-05-06,QQQ,0.19318758791996804,-0.28559355658288343
2022-05-03,2019-05-06,selected,0.18914720478020008,-0.22143193422868324
2022-05-04,2019-05-07,QQQ,0.2089590527990599,-0.2855935565828829
2022-05-04,2019-05-07,selected,0.20079722488181106,-0.22143193422868357
2022-05-05,2019-05-08,QQQ,0.19613008232186857,-0.2855935565828829
2022-05-05,2019-05-08,selected,0.1948811043706946,-0.22143193422868357
2022-05-06,2019-05-09,QQQ,0.1923378925236916,-0.2855935565828829
2022-05-06,2019-05-09,selected,0.19281466542464787,-0.22143193422868346
2022-05-09,2019-05-10,QQQ,0.17869848635586427,-0.28559355658288277
2022-05-09,2019-05-10,selected,0.18448901431326026,-0.2256913333496371
2022-05-10,2019-05-13,QQQ,0.1829619264968636,-0.28559355658288277
2022-05-10,2019-05-13,selected,0.18653009692229472,-0.2256913333496373
2022-05-11,2019-05-14,QQQ,0.18501907628389747,-0.2855935565828829
2022-05-11,2019-05-14,selected,0.19402873144087263,-0.23307599522829425
2022-05-12,2019-05-15,QQQ,0.17978382628172884,-0.2855935565828831
2022-05-12,2019-05-15,selected,0.18815941831667904,-0.23613131363299733
2022-05-13,2019-05-16,QQQ,0.18861183560467287,-0.2855935565828831
2022-05-13,2019-05-16,selected,0.19109775188134392,-0.23613131363299777
2022-05-16,2019-05-17,QQQ,0.18006132699077404,-0.2855935565828831
2022-05-16,2019-05-17,selected,0.1848450067333387,-0.2361313136329971
2022-05-17,2019-05-20,QQQ,0.1942453005057736,-0.2855935565828829
2022-05-17,2019-05-20,selected,0.19477805535022852,-0.236131313632998
2022-05-18,2019-05-21,QQQ,0.18105834739990856,-0.2855935565828829
2022-05-18,2019-05-21,selected,0.18956173937857512,-0.23613131363299755
2022-05-19,2019-05-22,QQQ,0.17486774820134277,-0.285593556582883
2022-05-19,2019-05-22,selected,0.18501104464550933,-0.23686067699595492
2022-05-20,2019-05-23,QQQ,0.17539733343754071,-0.28559355658288277
2022-05-20,2019-05-23,selected,0.18630412855505774,-0.23772339167469714
2022-05-23,2019-05-24,QQQ,0.18796683403287928,-0.285593556582883
2022-05-23,2019-05-24,selected,0.19650595458780384,-0.23772339167469725
2022-05-24,2019-05-28,QQQ,0.1796855043034571,-0.2872134213703972
2022-05-24,2019-05-28,selected,0.19256429496401295,-0.23772339167469714
2022-05-25,2019-05-29,QQQ,0.1866527131257092,-0.2872134213703985
2022-05-25,2019-05-29,selected,0.19725240089983864,-0.23772339167469725
2022-05-26,2019-05-30,QQQ,0.20081427518918926,-0.2872134213703975
2022-05-26,2019-05-30,selected,0.20721069568862993,-0.23772339167469725
2022-05-27,2019-05-31,QQQ,0.21204319261764937,-0.28721342137039796
2022-05-27,2019-05-31,selected,0.2139141738897885,-0.2377233916746968
2022-05-31,2019-06-03,QQQ,0.21747943598170427,-0.2872134213703974
2022-05-31,2019-06-03,selected,0.21840424008669768,-0.23772339167469703
2022-06-01,2019-06-04,QQQ,0.2235170662864454,-0.28721342137039696
2022-06-01,2019-06-04,selected,0.22577775646492282,-0.23772339167469736
2022-06-02,2019-06-05,QQQ,0.22321119981438153,-0.28721342137039774
2022-06-02,2019-06-05,selected,0.2211870390768249,-0.23772339167469692
2022-06-03,2019-06-06,QQQ,0.20951969434136886,-0.2872134213703983
2022-06-03,2019-06-06,selected,0.21187783776692304,-0.2377233916746977
2022-06-06,2019-06-07,QQQ,0.20767106774509259,-0.28721342137039707
2022-06-06,2019-06-07,selected,0.20860771243734666,-0.2377233916746967
2022-06-07,2019-06-10,QQQ,0.20343610707724147,-0.2872134213703974
2022-06-07,2019-06-10,selected,0.20362599434053585,-0.2377233916746967
2022-06-08,2019-06-11,QQQ,0.1959140323246169,-0.2872134213703982
2022-06-08,2019-06-11,selected,0.1969273964952598,-0.23772339167469703
2022-06-09,2019-06-12,QQQ,0.18460122186887085,-0.28721342137039774
2022-06-09,2019-06-12,selected,0.19034320924350223,-0.23772339167469714
2022-06-10,2019-06-13,QQQ,0.17277065540601666,-0.28721342137039785
2022-06-10,2019-06-13,selected,0.18599384967282018,-0.23772339167469714
2022-06-13,2019-06-14,QQQ,0.15203500254947677,-0.3165695786489754
2022-06-13,2019-06-14,selected,0.17059969946611098,-0.25777970128751937
2022-06-14,2019-06-17,QQQ,0.15437033182730686,-0.3165695786489756
2022-06-14,2019-06-17,selected,0.17120405294445584,-0.2597483457242019
2022-06-15,2019-06-18,QQQ,0.1615730823380901,-0.3165695786489753
2022-06-15,2019-06-18,selected,0.17537125973033185,-0.2597483457242019
2022-06-16,2019-06-19,QQQ,0.14023985461887056,-0.32654524515692984
2022-06-16,2019-06-19,selected,0.16234243686809569,-0.26162611279159986
2022-06-17,2019-06-20,QQQ,0.14341346902349517,-0.3265452451569293
2022-06-17,2019-06-20,selected,0.16262746731551525,-0.26162611279159953
2022-06-21,2019-06-21,QQQ,0.14939771110244338,-0.3265452451569296
2022-06-21,2019-06-21,selected,0.16364097837076486,-0.2616261127915992
2022-06-22,2019-06-24,QQQ,0.14940675945846627,-0.32654524515692973
2022-06-22,2019-06-24,selected,0.1652164174760964,-0.26162611279159953
2022-06-23,2019-06-25,QQQ,0.15507252126382198,-0.32654524515692995
2022-06-23,2019-06-25,selected,0.16834300771777166,-0.2616261127915991
2022-06-24,2019-06-26,QQQ,0.1748787028522254,-0.3265452451569293
2022-06-24,2019-06-26,selected,0.18171509631318794,-0.2616261127915991
2022-06-27,2019-06-27,QQQ,0.17018914227461357,-0.3265452451569295
2022-06-27,2019-06-27,selected,0.17831283852102864,-0.261626112791599
2022-06-28,2019-06-28,QQQ,0.15671090514668107,-0.32654524515692884
2022-06-28,2019-06-28,selected,0.17064711200508942,-0.2616261127915994
2022-06-29,2019-07-01,QQQ,0.15656837670520818,-0.3265452451569293
2022-06-29,2019-07-01,selected,0.1707796436970599,-0.2616261127915993
2022-06-30,2019-07-02,QQQ,0.14663213685583654,-0.3265452451569295
2022-06-30,2019-07-02,selected,0.16318598244072247,-0.26162611279159953
2022-07-01,2019-07-03,QQQ,0.14763530424519544,-0.3265452451569293
2022-07-01,2019-07-03,selected,0.16366207862816862,-0.26162611279159975
2022-07-05,2019-07-05,QQQ,0.1512664372675403,-0.3265452451569294
2022-07-05,2019-07-05,selected,0.16319522830902544,-0.2616261127915992
2022-07-06,2019-07-08,QQQ,0.154506413589649,-0.32654524515692984
2022-07-06,2019-07-08,selected,0.16439064008068516,-0.2616261127916
2022-07-07,2019-07-09,QQQ,0.1654144056952036,-0.32654524515692973
2022-07-07,2019-07-09,selected,0.17186348588763067,-0.2616261127915992
2022-07-08,2019-07-10,QQQ,0.16396179766708574,-0.32654524515692906
2022-07-08,2019-07-10,selected,0.16993411828435323,-0.2616261127916
2022-07-11,2019-07-11,QQQ,0.15179964826033876,-0.3265452451569295
2022-07-11,2019-07-11,selected,0.16128082221074713,-0.2616261127915994
2022-07-12,2019-07-12,QQQ,0.1483465837988418,-0.32654524515692984
2022-07-12,2019-07-12,selected,0.15920874907034532,-0.2616261127915993
2022-07-13,2019-07-15,QQQ,0.14535890780505878,-0.3265452451569294
2022-07-13,2019-07-15,selected,0.15701517472977033,-0.26162611279159964
2022-07-14,2019-07-16,QQQ,0.1454986852545881,-0.3265452451569295
2022-07-14,2019-07-16,selected,0.1556183303166061,-0.26162611279159953
2022-07-15,2019-07-17,QQQ,0.15436878682324484,-0.32654524515692973
2022-07-15,2019-07-17,selected,0.16183485952324062,-0.26162611279159964
2022-07-18,2019-07-18,QQQ,0.15299655361713116,-0.3265452451569295
2022-07-18,2019-07-18,selected,0.16130566345370378,-0.26162611279159964
2022-07-19,2019-07-19,QQQ,0.1642528155778582,-0.32654524515692984
2022-07-19,2019-07-19,selected,0.1680258911743222,-0.26162611279159975
2022-07-20,2019-07-22,QQQ,0.17324722599395814,-0.32654524515692973
2022-07-20,2019-07-22,selected,0.17391865939718776,-0.26162611279159953
2022-07-21,2019-07-23,QQQ,0.1757239664783936,-0.3265452451569292
2022-07-21,2019-07-23,selected,0.17541847404813238,-0.26162611279159953
2022-07-22,2019-07-24,QQQ,0.16627247358723163,-0.3265452451569296
2022-07-22,2019-07-24,selected,0.16957638484894488,-0.2616261127915992
2022-07-25,2019-07-25,QQQ,0.1613436600198197,-0.32654524515692995
2022-07-25,2019-07-25,selected,0.16533898509639955,-0.26162611279159975
2022-07-26,2019-07-26,QQQ,0.1573556302050072,-0.3265452451569296
2022-07-26,2019-07-26,selected,0.16447831923371603,-0.2616261127915994
2022-07-27,2019-07-29,QQQ,0.1694351453384868,-0.3265452451569295
2022-07-27,2019-07-29,selected,0.17066193075357194,-0.26162611279159986
2022-07-28,2019-07-30,QQQ,0.17457905573534616,-0.3265452451569293
2022-07-28,2019-07-30,selected,0.17567605285321286,-0.2616261127915992
2022-07-29,2019-07-31,QQQ,0.1833813878768047,-0.32654524515692906
2022-07-29,2019-07-31,selected,0.1818498575997871,-0.2616261127915994
2022-08-01,2019-08-01,QQQ,0.18864909756914927,-0.3265452451569293
2022-08-01,2019-08-01,selected,0.18806463699742704,-0.2616261127915992
2022-08-02,2019-08-02,QQQ,0.189440678794361,-0.3265452451569296
2022-08-02,2019-08-02,selected,0.1886212777431746,-0.26162611279159953
2022-08-03,2019-08-05,QQQ,0.20609049011215874,-0.3265452451569295
2022-08-03,2019-08-05,selected,0.20510721314643798,-0.2616261127916
2022-08-04,2019-08-06,QQQ,0.2225403106585535,-0.3265452451569293
2022-08-04,2019-08-06,selected,0.22137393997743016,-0.2616261127915991
2022-08-05,2019-08-07,QQQ,0.213565559333178,-0.32654524515692895
2022-08-05,2019-08-07,selected,0.21244376589280822,-0.2616261127915994
2022-08-08,2019-08-08,QQQ,0.2100815850257738,-0.3265452451569292
2022-08-08,2019-08-08,selected,0.2089990148608145,-0.26162611279159964
2022-08-09,2019-08-09,QQQ,0.19687798043366422,-0.3265452451569296
2022-08-09,2019-08-09,selected,0.19592986018739622,-0.2616261127915992
2022-08-10,2019-08-12,QQQ,0.21172078513721626,-0.3265452451569296
2022-08-10,2019-08-12,selected,0.21061551260357647,-0.2616261127915994
2022-08-11,2019-08-13,QQQ,0.21408570082095557,-0.32654524515692873
2022-08-11,2019-08-13,selected,0.21291021888892891,-0.2616261127915992
2022-08-12,2019-08-14,QQQ,0.21311692389162462,-0.3265452451569296
2022-08-12,2019-08-14,selected,0.21198663490906755,-0.2616261127916
2022-08-15,2019-08-15,QQQ,0.22874013581139985,-0.32654524515693006
2022-08-15,2019-08-15,selected,0.22740042873528954,-0.26162611279159953
2022-08-16,2019-08-16,QQQ,0.22825077124546356,-0.3265452451569294
2022-08-16,2019-08-16,selected,0.2268946845966413,-0.2616261127915994
2022-08-17,2019-08-19,QQQ,0.21708607102694022,-0.3265452451569294
2022-08-17,2019-08-19,selected,0.21584860971704223,-0.26162611279159953
2022-08-18,2019-08-20,QQQ,0.2116711072102293,-0.3265452451569296
2022-08-18,2019-08-20,selected,0.2105142762197174,-0.2616261127915994
2022-08-19,2019-08-21,QQQ,0.20686972235150125,-0.3265452451569296
2022-08-19,2019-08-21,selected,0.2057290271903076,-0.2616261127915991
2022-08-22,2019-08-22,QQQ,0.19266486752431478,-0.3265452451569292
2022-08-22,2019-08-22,selected,0.19167025022863227,-0.2616261127915994
2022-08-23,2019-08-23,QQQ,0.19362417932651343,-0.32654524515692995
2022-08-23,2019-08-23,selected,0.19262871316387242,-0.26162611279159975
2022-08-24,2019-08-26,QQQ,0.20765131897041922,-0.3265452451569293
2022-08-24,2019-08-26,selected,0.20646830398366767,-0.2616261127915994
2022-08-25,2019-08-27,QQQ,0.20867282641347473,-0.3265452451569293
2022-08-25,2019-08-27,selected,0.20749091824435162,-0.2616261127915994
2022-08-26,2019-08-28,QQQ,0.1927678344507573,-0.3265452451569293
2022-08-26,2019-08-28,selected,0.19172131949491678,-0.2616261127915992
2022-08-29,2019-08-29,QQQ,0.18742150759395226,-0.3265452451569302
2022-08-29,2019-08-29,selected,0.18643311962097875,-0.2616261127916001
2022-08-30,2019-08-30,QQQ,0.1770287863278741,-0.32654524515692906
2022-08-30,2019-08-30,selected,0.17614559720031342,-0.26162611279159964
2022-08-31,2019-09-03,QQQ,0.1756826595302794,-0.3265452451569293
2022-08-31,2019-09-03,selected,0.17480074024883274,-0.26162611279159986
2022-09-01,2019-09-04,QQQ,0.17968274654284744,-0.32654524515692973
2022-09-01,2019-09-04,selected,0.17871004170179838,-0.26162611279159964
2022-09-02,2019-09-05,QQQ,0.16850494378781145,-0.3265452451569294
2022-09-02,2019-09-05,selected,0.16886051683084524,-0.26162611279159964
2022-09-06,2019-09-06,QQQ,0.1586681389053004,-0.3265452451569296
2022-09-06,2019-09-06,selected,0.16033503729167542,-0.26162611279159953
2022-09-07,2019-09-09,QQQ,0.16680397122703838,-0.3265452451569302
2022-09-07,2019-09-09,selected,0.16802475421700125,-0.2616261127915994
2022-09-08,2019-09-10,QQQ,0.16963137302318132,-0.3265452451569295
2022-09-08,2019-09-10,selected,0.17054983576435978,-0.2616261127915994
2022-09-09,2019-09-11,QQQ,0.17922543550193604,-0.3265452451569296
2022-09-09,2019-09-11,selected,0.1793608317327755,-0.26162611279159964
2022-09-12,2019-09-12,QQQ,0.18019676106184002,-0.3265452451569295
2022-09-12,2019-09-12,selected,0.18011564352361864,-0.2616261127915994
2022-09-13,2019-09-13,QQQ,0.15661666129373653,-0.3265452451569293
2022-09-13,2019-09-13,selected,0.1590794258675674,-0.26162611279159964
2022-09-14,2019-09-16,QQQ,0.16105070321151338,-0.3265452451569292
2022-09-14,2019-09-16,selected,0.16327808899431528,-0.2616261127915994
2022-09-15,2019-09-17,QQQ,0.1562934975139667,-0.32654524515692895
2022-09-15,2019-09-17,selected,0.158478629702955,-0.26162611279159964
2022-09-16,2019-09-18,QQQ,0.15209167485287955,-0.32654524515692984
2022-09-16,2019-09-18,selected,0.15467413061081037,-0.2616261127915994
2022-09-19,2019-09-19,QQQ,0.15523445008535064,-0.32654524515692973
2022-09-19,2019-09-19,selected,0.15758251700508685,-0.2616261127915993
2022-09-20,2019-09-20,QQQ,0.1515191560528537,-0.3265452451569292
2022-09-20,2019-09-20,selected,0.15396515600638416,-0.26162611279159986
2022-09-21,2019-09-23,QQQ,0.14866943990717196,-0.32654524515692973
2022-09-21,2019-09-23,selected,0.1513669172585883,-0.26624757609636707
2022-09-22,2019-09-24,QQQ,0.1437694015741282,-0.32654524515692906
2022-09-22,2019-09-24,selected,0.14677462011515008,-0.2745510132561234
2022-09-23,2019-09-25,QQQ,0.14260862772948113,-0.32654524515692873
2022-09-23,2019-09-25,selected,0.1453185733470188,-0.2855126985979438
2022-09-26,2019-09-26,QQQ,0.13679270120056097,-0.32654524515692984
2022-09-26,2019-09-26,selected,0.14005211983618993,-0.28892506412283736
2022-09-27,2019-09-27,QQQ,0.13834368889092796,-0.3265452451569292
2022-09-27,2019-09-27,selected,0.14115063373218328,-0.2890900428817733
2022-09-28,2019-09-30,QQQ,0.1506215448308097,-0.32654524515692973
2022-09-28,2019-09-30,selected,0.15271309915807185,-0.2890900428817721
2022-09-29,2019-10-01,QQQ,0.13586494379484138,-0.3265452451569293
2022-09-29,2019-10-01,selected,0.13965465497749752,-0.29427550974425787
2022-09-30,2019-10-02,QQQ,0.13249559788419685,-0.3343247784488623
2022-09-30,2019-10-02,selected,0.1364746969133197,-0.3051136505727545
2022-10-03,2019-10-03,QQQ,0.14790059280846002,-0.33432477844886177
2022-10-03,2019-10-03,selected,0.15144069731246113,-0.3051136505727551
2022-10-04,2019-10-04,QQQ,0.15559469843847018,-0.33432477844886177
2022-10-04,2019-10-04,selected,0.156411929228903,-0.30511365057275486
2022-10-05,2019-10-07,QQQ,0.1497736847276938,-0.33432477844886166
2022-10-05,2019-10-07,selected,0.15007440374322978,-0.3051136505727542
2022-10-06,2019-10-08,QQQ,0.14790462346467925,-0.3343247784488622
2022-10-06,2019-10-08,selected,0.14860972575656484,-0.3051136505727551
2022-10-07,2019-10-09,QQQ,0.1388510767029858,-0.33432477844886255
2022-10-07,2019-10-09,selected,0.14304142304160417,-0.30511365057275497
2022-10-10,2019-10-10,QQQ,0.13137410209893607,-0.3364421506743712
2022-10-10,2019-10-10,selected,0.13584910009098894,-0.306424329597487
2022-10-11,2019-10-11,QQQ,0.12327691404244745,-0.34555805505297355
2022-10-11,2019-10-11,selected,0.1292561785974773,-0.31324283720860224
2022-10-12,2019-10-14,QQQ,0.1183680693608451,-0.34578236448899147
2022-10-12,2019-10-14,selected,0.12436771509158606,-0.3135084261734912
2022-10-13,2019-10-15,QQQ,0.12708276683329922,-0.34578236448899224
2022-10-13,2019-10-15,selected,0.1304109551106012,-0.3135084261734913
2022-10-14,2019-10-16,QQQ,0.11098581455159673,-0.35056447061372464
2022-10-14,2019-10-16,selected,0.11690895238460142,-0.3186949329818678
2022-10-17,2019-10-17,QQQ,0.12401252895718096,-0.3505644706137243
2022-10-17,2019-10-17,selected,0.1267114979205275,-0.31869493298186735
2022-10-18,2019-10-18,QQQ,0.12597689356166386,-0.3505644706137242
2022-10-18,2019-10-18,selected,0.12813286057912654,-0.31869493298186713
2022-10-19,2019-10-21,QQQ,0.12823215725672776,-0.35056447061372464
2022-10-19,2019-10-21,selected,0.12979112709346619,-0.3186949329818667
2022-10-20,2019-10-22,QQQ,0.12300032298248453,-0.3505644706137243
2022-10-20,2019-10-22,selected,0.12456457307076785,-0.31869493298186735
2022-10-21,2019-10-23,QQQ,0.1347298057145787,-0.3505644706137251
2022-10-21,2019-10-23,selected,0.13430290266745626,-0.318694932981867
2022-10-24,2019-10-24,QQQ,0.1381446589671087,-0.35056447061372464
2022-10-24,2019-10-24,selected,0.1363164973943598,-0.3186949329818676
2022-10-25,2019-10-25,QQQ,0.14224678201332863,-0.35056447061372487
2022-10-25,2019-10-25,selected,0.13895305450353068,-0.3186949329818676
2022-10-26,2019-10-28,QQQ,0.13076880054376883,-0.35056447061372387
2022-10-26,2019-10-28,selected,0.13054860204113883,-0.318694932981867
2022-10-27,2019-10-29,QQQ,0.1201929186792221,-0.3505644706137251
2022-10-27,2019-10-29,selected,0.12229753349902461,-0.3186949329818669
2022-10-28,2019-10-30,QQQ,0.13444061873899793,-0.3505644706137243
2022-10-28,2019-10-30,selected,0.132995178945005,-0.31869493298186713
2022-10-31,2019-10-31,QQQ,0.1282069066477629,-0.350564470613725
2022-10-31,2019-10-31,selected,0.12754192958126942,-0.31869493298186735
2022-11-01,2019-11-01,QQQ,0.12417992466113059,-0.350564470613725
2022-11-01,2019-11-01,selected,0.1252258427673667,-0.31869493298186746
2022-11-02,2019-11-04,QQQ,0.10784170807876725,-0.3505644706137244
2022-11-02,2019-11-04,selected,0.11248009986558061,-0.3186949329818669
2022-11-03,2019-11-05,QQQ,0.09832082334395409,-0.3511872500183876
2022-11-03,2019-11-05,selected,0.10506647277429182,-0.31869493298186713
2022-11-04,2019-11-06,QQQ,0.10397615376211622,-0.35118725001838735
2022-11-04,2019-11-06,selected,0.10997959755821429,-0.31869493298186713
2022-11-07,2019-11-07,QQQ,0.10883873933673627,-0.35118725001838713
2022-11-07,2019-11-07,selected,0.11302302747166282,-0.3186949329818668
2022-11-08,2019-11-08,QQQ,0.11028560341212423,-0.3511872500183879
2022-11-08,2019-11-08,selected,0.11486992718687361,-0.3186949329818669
2022-11-09,2019-11-11,QQQ,0.10021682344532068,-0.35118725001838713
2022-11-09,2019-11-11,selected,0.10728194770891486,-0.31869493298186735
2022-11-10,2019-11-12,QQQ,0.12714265898372545,-0.3511872500183876
2022-11-10,2019-11-12,selected,0.12861026362162997,-0.3186949329818669
2022-11-11,2019-11-13,QQQ,0.132934755062053,-0.3511872500183878
2022-11-11,2019-11-13,selected,0.13236632610422672,-0.3186949329818669
2022-11-14,2019-11-14,QQQ,0.12952674476992532,-0.3511872500183868
2022-11-14,2019-11-14,selected,0.12989214136350768,-0.3186949329818678
2022-11-15,2019-11-15,QQQ,0.13501357232683864,-0.35118725001838813
2022-11-15,2019-11-15,selected,0.13429972212054375,-0.31869493298186735
2022-11-16,2019-11-18,QQQ,0.12707210139454728,-0.3511872500183876
2022-11-16,2019-11-18,selected,0.12840265121465522,-0.318694932981867
2022-11-17,2019-11-19,QQQ,0.12594638658717927,-0.3511872500183877
2022-11-17,2019-11-19,selected,0.12685166026177797,-0.31869493298186735
2022-11-18,2019-11-20,QQQ,0.12540570703423337,-0.3511872500183877
2022-11-18,2019-11-20,selected,0.12616679368322692,-0.318694932981867
2022-11-21,2019-11-21,QQQ,0.12378500171471951,-0.35118725001838735
2022-11-21,2019-11-21,selected,0.1256314275353574,-0.31869493298186735
2022-11-22,2019-11-22,QQQ,0.12999357259526123,-0.3511872500183867
2022-11-22,2019-11-22,selected,0.13056891729113884,-0.3186949329818669
2022-11-23,2019-11-25,QQQ,0.13351802801295132,-0.3511872500183878
2022-11-23,2019-11-25,selected,0.1336348546412458,-0.31869493298186713
2022-11-25,2019-11-26,QQQ,0.12659755046182775,-0.3511872500183877
2022-11-25,2019-11-26,selected,0.12759301194706874,-0.3186949329818667
2022-11-28,2019-11-27,QQQ,0.12034734730800078,-0.35118725001838724
2022-11-28,2019-11-27,selected,0.12265858298996601,-0.31869493298186735
2022-11-29,2019-11-29,QQQ,0.11492198560622713,-0.3511872500183876
2022-11-29,2019-11-29,selected,0.11808239675657162,-0.31869493298186735
2022-11-30,2019-12-02,QQQ,0.13333845173347725,-0.3511872500183877
2022-11-30,2019-12-02,selected,0.13227747476076024,-0.3186949329818669
2022-12-01,2019-12-03,QQQ,0.13769808210730994,-0.35118725001838735
2022-12-01,2019-12-03,selected,0.13779242336550168,-0.31869493298186813
2022-12-02,2019-12-04,QQQ,0.13916753192659437,-0.35118725001838713
2022-12-02,2019-12-04,selected,0.13949970521474797,-0.31869493298186813
2022-12-05,2019-12-05,QQQ,0.13085277888872948,-0.35118725001838813
2022-12-05,2019-12-05,selected,0.13182390533212662,-0.3186949329818679
2022-12-06,2019-12-06,QQQ,0.12224879361865848,-0.3511872500183877
2022-12-06,2019-12-06,selected,0.12512828290512878,-0.3186949329818667
2022-12-07,2019-12-09,QQQ,0.11675108552676772,-0.35118725001838735
2022-12-07,2019-12-09,selected,0.12044953387492341,-0.31869493298186724
2022-12-08,2019-12-10,QQQ,0.12283981128886645,-0.3511872500183879
2022-12-08,2019-12-10,selected,0.12570662839162083,-0.31869493298186746
2022-12-09,2019-12-11,QQQ,0.12075933022693675,-0.351187250018387
2022-12-09,2019-12-11,selected,0.12384862665939167,-0.3186949329818678
2022-12-12,2019-12-12,QQQ,0.12344878248097535,-0.3511872500183869
2022-12-12,2019-12-12,selected,0.1255880766079096,-0.3186949329818676
2022-12-13,2019-12-13,QQQ,0.12466902318594442,-0.3511872500183867
2022-12-13,2019-12-13,selected,0.1266442414327511,-0.3186949329818676
2022-12-14,2019-12-16,QQQ,0.12065415636109589,-0.3511872500183876
2022-12-14,2019-12-16,selected,0.12317507506229952,-0.31869493298186735
2022-12-15,2019-12-17,QQQ,0.10428544635982528,-0.3511872500183886
2022-12-15,2019-12-17,selected,0.10892584429875907,-0.3186949329818679
2022-12-16,2019-12-18,QQQ,0.10055433251456991,-0.3511872500183878
2022-12-16,2019-12-18,selected,0.10586872035265249,-0.3186949329818666
2022-12-19,2019-12-19,QQQ,0.095095496873431,-0.351187250018388
2022-12-19,2019-12-19,selected,0.10116550432422011,-0.3186949329818677
2022-12-20,2019-12-20,QQQ,0.09253927919683558,-0.3511872500183877
2022-12-20,2019-12-20,selected,0.09892541223575879,-0.3186949329818678
2022-12-21,2019-12-23,QQQ,0.09632561921755323,-0.35118725001838746
2022-12-21,2019-12-23,selected,0.1017639698098256,-0.3186949329818678
2022-12-22,2019-12-24,QQQ,0.08635562370499983,-0.35118725001838713
2022-12-22,2019-12-24,selected,0.09323918147105403,-0.3186949329818668
2022-12-23,2019-12-26,QQQ,0.08698118353138051,-0.3511872500183876
2022-12-23,2019-12-26,selected,0.09369467740005932,-0.31869493298186735
2022-12-27,2019-12-27,QQQ,0.07867078854545229,-0.35118725001838735
2022-12-27,2019-12-27,selected,0.08643917093629327,-0.318694932981867
2022-12-28,2019-12-30,QQQ,0.07420416957868725,-0.35118725001838647
2022-12-28,2019-12-30,selected,0.08267060785482827,-0.3186949329818666
2022-12-29,2019-12-31,QQQ,0.0852381785059313,-0.3511872500183879
2022-12-29,2019-12-31,selected,0.092348069556073,-0.31869493298186746
2022-12-30,2020-01-02,QQQ,0.08434007242656016,-0.3511872500183876
2022-12-30,2020-01-02,selected,0.09141372536299763,-0.3186949329818676
2023-01-03,2020-01-03,QQQ,0.07593585477627207,-0.35118725001838735
2023-01-03,2020-01-03,selected,0.08393427417703303,-0.3186949329818667
2023-01-04,2020-01-06,QQQ,0.08095233584897765,-0.35118725001838635
2023-01-04,2020-01-06,selected,0.08890458147616775,-0.31869493298186835
2023-01-05,2020-01-07,QQQ,0.07298260603730067,-0.3511872500183876
2023-01-05,2020-01-07,selected,0.08109800861572691,-0.3186949329818669
2023-01-06,2020-01-08,QQQ,0.08281523829550008,-0.3511872500183869
2023-01-06,2020-01-08,selected,0.09067343695830754,-0.3186949329818676
2023-01-09,2020-01-09,QQQ,0.08244143370727808,-0.35118725001838713
2023-01-09,2020-01-09,selected,0.09025049855025924,-0.31869493298186724
2023-01-10,2020-01-10,QQQ,0.08243834848650389,-0.35118725001838813
2023-01-10,2020-01-10,selected,0.09008209033893211,-0.318694932981867
2023-01-11,2020-01-13,QQQ,0.08957433719278396,-0.35118725001838813
2023-01-11,2020-01-13,selected,0.09695670346781915,-0.3186949329818677
2023-01-12,2020-01-14,QQQ,0.08736809108130617,-0.3511872500183878
2023-01-12,2020-01-14,selected,0.09481146057433132,-0.318694932981867
2023-01-13,2020-01-15,QQQ,0.09129036720815975,-0.35118725001838713
2023-01-13,2020-01-15,selected,0.09865281531442083,-0.31869493298186746
2023-01-17,2020-01-16,QQQ,0.0918792607038259,-0.3511872500183876
2023-01-17,2020-01-16,selected,0.09911695719594338,-0.3186949329818676
2023-01-18,2020-01-17,QQQ,0.08367615956215513,-0.3511872500183868
2023-01-18,2020-01-17,selected,0.09117306231564326,-0.318694932981867
2023-01-19,2020-01-21,QQQ,0.07833968700262517,-0.351187250018387
2023-01-19,2020-01-21,selected,0.08609909429958873,-0.3186949329818677
2023-01-20,2020-01-22,QQQ,0.0882507367764187,-0.3511872500183878
2023-01-20,2020-01-22,selected,0.0954558426775507,-0.3186949329818679
2023-01-23,2020-01-23,QQQ,0.09528662668173005,-0.3511872500183877
2023-01-23,2020-01-23,selected,0.10209274313955308,-0.3186949329818678
2023-01-24,2020-01-24,QQQ,0.09336982359948576,-0.3511872500183869
2023-01-24,2020-01-24,selected,0.10028962368758076,-0.31869493298186724
2023-01-25,2020-01-27,QQQ,0.09564251858093531,-0.351187250018387
2023-01-25,2020-01-27,selected,0.1025973838830716,-0.3186949329818677
2023-01-26,2020-01-28,QQQ,0.11041608769330624,-0.35118725001838735
2023-01-26,2020-01-28,selected,0.11689363944207964,-0.31869493298186746
2023-01-27,2020-01-29,QQQ,0.10844208338722705,-0.35118725001838746
2023-01-27,2020-01-29,selected,0.1147567823191098,-0.3186949329818678
2023-01-30,2020-01-30,QQQ,0.1003247919805823,-0.3511872500183867
2023-01-30,2020-01-30,selected,0.1069734816737995,-0.318694932981867
2023-01-31,2020-01-31,QQQ,0.10448432482278291,-0.35118725001838713
2023-01-31,2020-01-31,selected,0.11092823802642315,-0.3186949329818679
2023-02-01,2020-02-03,QQQ,0.11824412478057611,-0.3511872500183879
2023-02-01,2020-02-03,selected,0.12438837131037883,-0.3186949329818669
2023-02-02,2020-02-04,QQQ,0.12582318968774175,-0.3511872500183868
2023-02-02,2020-02-04,selected,0.13190036284926832,-0.31869493298186724
2023-02-03,2020-02-05,QQQ,0.11070362555149615,-0.3511872500183867
2023-02-03,2020-02-05,selected,0.11682909527227481,-0.31869493298186646
2023-02-06,2020-02-06,QQQ,0.1063481203736838,-0.35118725001838813
2023-02-06,2020-02-06,selected,0.112498046125028,-0.31869493298186713
2023-02-07,2020-02-07,QQQ,0.11074987381686507,-0.3511872500183876
2023-02-07,2020-02-07,selected,0.11686666217403507,-0.3186949329818667
2023-02-08,2020-02-10,QQQ,0.10571447923510813,-0.35118725001838713
2023-02-08,2020-02-10,selected,0.11184630553006092,-0.3186949329818676
2023-02-09,2020-02-11,QQQ,0.09804147967634402,-0.351187250018387
2023-02-09,2020-02-11,selected,0.10418179286313856,-0.3186949329818669
2023-02-10,2020-02-12,QQQ,0.09557121657938583,-0.35118725001838746
2023-02-10,2020-02-12,selected,0.10173167080480505,-0.31869493298186724
2023-02-13,2020-02-13,QQQ,0.09783584863150607,-0.35118725001838813
2023-02-13,2020-02-13,selected,0.10399071148426775,-0.3186949329818676
2023-02-14,2020-02-14,QQQ,0.10100347629483952,-0.35118725001838813
2023-02-14,2020-02-14,selected,0.10712715694177688,-0.3186949329818668
2023-02-15,2020-02-18,QQQ,0.10275627388794817,-0.3511872500183869
2023-02-15,2020-02-18,selected,0.10884655924511932,-0.31869493298186646
2023-02-16,2020-02-19,QQQ,0.09567513861883459,-0.3511872500183886
2023-02-16,2020-02-19,selected,0.10176481785129066,-0.31869493298186746
2023-02-17,2020-02-20,QQQ,0.08962173122886652,-0.3511872500183876
2023-02-17,2020-02-20,selected,0.09574665935200843,-0.31869493298186724
2023-02-21,2020-02-21,QQQ,0.08431976678131448,-0.3511872500183868
2023-02-21,2020-02-21,selected,0.09043448449681746,-0.3186949329818668
2023-02-22,2020-02-24,QQQ,0.0916252868955818,-0.3511872500183868
2023-02-22,2020-02-24,selected,0.09768001499149559,-0.3186949329818676
2023-02-23,2020-02-25,QQQ,0.10924029512071987,-0.351187250018387
2023-02-23,2020-02-25,selected,0.11519825221931246,-0.31869493298186746
2023-02-24,2020-02-26,QQQ,0.1131969663833905,-0.351187250018387
2023-02-24,2020-02-26,selected,0.11914826467016004,-0.31869493298186713
2023-02-27,2020-02-27,QQQ,0.11393760475899839,-0.35118725001838824
2023-02-27,2020-02-27,selected,0.11988973796853775,-0.31869493298186735
2023-02-28,2020-02-28,QQQ,0.13268798306892227,-0.3511872500183868
2023-02-28,2020-02-28,selected,0.13855986328743275,-0.31869493298186646
2023-03-01,2020-03-02,QQQ,0.12935168543821485,-0.351187250018387
2023-03-01,2020-03-02,selected,0.13528261792707297,-0.3186949329818679
2023-03-02,2020-03-03,QQQ,0.11362342605899478,-0.35118725001838735
2023-03-02,2020-03-03,selected,0.11939840361626786,-0.31869493298186724
2023-03-03,2020-03-04,QQQ,0.13349322080833592,-0.35118725001838724
2023-03-03,2020-03-04,selected,0.1328233490733408,-0.31869493298186724
2023-03-06,2020-03-05,QQQ,0.1185766876587,-0.35118725001838735
2023-03-06,2020-03-05,selected,0.1227325498377092,-0.318694932981867
2023-03-07,2020-03-06,QQQ,0.12550035444699037,-0.35118725001838746
2023-03-07,2020-03-06,selected,0.12409665668428471,-0.31869493298186724
2023-03-08,2020-03-09,QQQ,0.13378362310028513,-0.3511872500183876
2023-03-08,2020-03-09,selected,0.12884128305286757,-0.318694932981867
2023-03-09,2020-03-10,QQQ,0.15457539777709162,-0.3511872500183877
2023-03-09,2020-03-10,selected,0.13970764403000913,-0.31869493298186735
2023-03-10,2020-03-11,QQQ,0.1290143979138605,-0.3511872500183878
2023-03-10,2020-03-11,selected,0.12440316808159069,-0.3186949329818666
2023-03-13,2020-03-12,QQQ,0.14872424254083616,-0.35118725001838735
2023-03-13,2020-03-12,selected,0.13943407888589276,-0.3186949329818668
2023-03-14,2020-03-13,QQQ,0.1951626435426348,-0.35118725001838713
2023-03-14,2020-03-13,selected,0.17387684259754654,-0.318694932981867
2023-03-15,2020-03-16,QQQ,0.16523585276571473,-0.3511872500183868
2023-03-15,2020-03-16,selected,0.15695265830441385,-0.3186949329818669
2023-03-16,2020-03-17,QQQ,0.2264542802660494,-0.35118725001838713
2023-03-16,2020-03-17,selected,0.19794126532958067,-0.31869493298186735
2023-03-17,2020-03-18,QQQ,0.19504100087917653,-0.35118725001838735
2023-03-17,2020-03-18,selected,0.17705625503654598,-0.318694932981867
2023-03-20,2020-03-19,QQQ,0.20883550499515624,-0.351187250018387
2023-03-20,2020-03-19,selected,0.18907884086300353,-0.3186949329818668
2023-03-21,2020-03-20,QQQ,0.21214311999052882,-0.351187250018387
2023-03-21,2020-03-20,selected,0.19362386779613083,-0.3186949329818677
2023-03-22,2020-03-23,QQQ,0.22280506094039443,-0.35118725001838824
2023-03-22,2020-03-23,selected,0.19738744755013027,-0.3186949329818678
2023-03-23,2020-03-24,QQQ,0.22732420259722907,-0.35118725001838713
2023-03-23,2020-03-24,selected,0.1992703899529582,-0.31869493298186724
2023-03-24,2020-03-25,QQQ,0.19865363766546018,-0.3511872500183876
2023-03-24,2020-03-25,selected,0.1784752644721297,-0.31869493298186746
2023-03-27,2020-03-26,QQQ,0.19887636784157592,-0.35118725001838735
2023-03-27,2020-03-26,selected,0.17785013212926604,-0.3186949329818666
2023-03-28,2020-03-27,QQQ,0.17645152092012228,-0.35118725001838735
2023-03-28,2020-03-27,selected,0.16134870458892991,-0.31869493298186746
2023-03-29,2020-03-30,QQQ,0.1974472873483306,-0.351187250018387
2023-03-29,2020-03-30,selected,0.17610006937925915,-0.3186949329818667
2023-03-30,2020-03-31,QQQ,0.1869928592121406,-0.35118725001838735
2023-03-30,2020-03-31,selected,0.17032848540975176,-0.31869493298186746
2023-03-31,2020-04-01,QQQ,0.19695389389117302,-0.3511872500183876
2023-03-31,2020-04-01,selected,0.1806164933093246,-0.31869493298186746
2023-04-03,2020-04-02,QQQ,0.21341858264926583,-0.351187250018387
2023-04-03,2020-04-02,selected,0.19073577809099707,-0.318694932981867
2023-04-04,2020-04-03,QQQ,0.2039624217109346,-0.35118725001838724
2023-04-04,2020-04-03,selected,0.18302642635955557,-0.31869493298186746
2023-04-05,2020-04-06,QQQ,0.20571844997036215,-0.3511872500183877
2023-04-05,2020-04-06,selected,0.18276171249397355,-0.31869493298186746
2023-04-06,2020-04-07,QQQ,0.18092410320798158,-0.3511872500183879
2023-04-06,2020-04-07,selected,0.16610682454689174,-0.3186949329818666
2023-04-10,2020-04-08,QQQ,0.1808615848336177,-0.3511872500183876
2023-04-10,2020-04-08,selected,0.16659895378122536,-0.31869493298186724
2023-04-11,2020-04-09,QQQ,0.17010668828737696,-0.35118725001838713
2023-04-11,2020-04-09,selected,0.15907166467282874,-0.31869493298186646
2023-04-12,2020-04-13,QQQ,0.1660891932444446,-0.3511872500183877
2023-04-12,2020-04-13,selected,0.15331028621243736,-0.3186949329818669
2023-04-13,2020-04-14,QQQ,0.16945528900283047,-0.35118725001838846
2023-04-13,2020-04-14,selected,0.15789383244372157,-0.31869493298186746
2023-04-14,2020-04-15,QQQ,0.15225417614390802,-0.351187250018388
2023-04-14,2020-04-15,selected,0.14608220972370867,-0.3186949329818667
2023-04-17,2020-04-16,QQQ,0.1570203274918467,-0.3511872500183876
2023-04-17,2020-04-16,selected,0.1491684498412975,-0.3186949329818668
2023-04-18,2020-04-17,QQQ,0.1500939802628427,-0.3511872500183876
2023-04-18,2020-04-17,selected,0.14492900371851958,-0.31869493298186813
2023-04-19,2020-04-20,QQQ,0.14626998349666254,-0.351187250018388
2023-04-19,2020-04-20,selected,0.14334359663571594,-0.318694932981867
2023-04-20,2020-04-21,QQQ,0.14789947136721726,-0.3511872500183876
2023-04-20,2020-04-21,selected,0.14316356442514766,-0.3186949329818669
2023-04-21,2020-04-22,QQQ,0.16278016988696464,-0.3511872500183866
2023-04-21,2020-04-22,selected,0.15269153235818544,-0.3186949329818669
2023-04-24,2020-04-23,QQQ,0.1507002545889693,-0.3511872500183868
2023-04-24,2020-04-23,selected,0.14387303096914894,-0.3186949329818676
2023-04-25,2020-04-24,QQQ,0.14423297367182797,-0.35118725001838824
2023-04-25,2020-04-24,selected,0.13681389416324774,-0.31869493298186735
2023-04-26,2020-04-27,QQQ,0.14057676472467717,-0.3511872500183878
2023-04-26,2020-04-27,selected,0.13547768395433302,-0.3186949329818676
2023-04-27,2020-04-28,QQQ,0.14775321824301346,-0.35118725001838724
2023-04-27,2020-04-28,selected,0.14416194154818363,-0.3186949329818676
2023-04-28,2020-04-29,QQQ,0.15770093259977624,-0.35118725001838735
2023-04-28,2020-04-29,selected,0.1512114589378426,-0.3186949329818666
2023-05-01,2020-04-30,QQQ,0.14389359031559668,-0.35118725001838824
2023-05-01,2020-04-30,selected,0.1424680877651503,-0.3186949329818676
2023-05-02,2020-05-01,QQQ,0.14071461346478276,-0.35118725001838713
2023-05-02,2020-05-01,selected,0.14087993339884464,-0.31869493298186735
2023-05-03,2020-05-04,QQQ,0.14912001965267763,-0.3511872500183878
2023-05-03,2020-05-04,selected,0.14491041656154113,-0.3186949329818667
2023-05-04,2020-05-05,QQQ,0.14334075139410207,-0.35118725001838746
2023-05-04,2020-05-05,selected,0.14104362788326452,-0.31869493298186713
2023-05-05,2020-05-06,QQQ,0.14706569160382998,-0.3511872500183879
2023-05-05,2020-05-06,selected,0.14652650394033828,-0.31869493298186613
2023-05-08,2020-05-07,QQQ,0.1456660524279716,-0.35118725001838824
2023-05-08,2020-05-07,selected,0.14786625074441817,-0.31869493298186713
2023-05-09,2020-05-08,QQQ,0.13837700945945652,-0.3511872500183878
2023-05-09,2020-05-08,selected,0.14128134051477304,-0.3186949329818677
2023-05-10,2020-05-11,QQQ,0.1373192124919771,-0.3511872500183879
2023-05-10,2020-05-11,selected,0.14298131009901893,-0.31869493298186735
2023-05-11,2020-05-12,QQQ,0.13518151704074755,-0.3511872500183878
2023-05-11,2020-05-12,selected,0.1430313141835018,-0.3186949329818679
2023-05-12,2020-05-13,QQQ,0.1418478094981901,-0.35118725001838713
2023-05-12,2020-05-13,selected,0.14558562737609404,-0.31869493298186713
2023-05-15,2020-05-14,QQQ,0.1487176867294564,-0.351187250018388
2023-05-15,2020-05-14,selected,0.14970192150234896,-0.31869493298186724
2023-05-16,2020-05-15,QQQ,0.144835218455881,-0.351187250018387
2023-05-16,2020-05-15,selected,0.14668678725080242,-0.31869493298186724
2023-05-17,2020-05-18,QQQ,0.14695921331472417,-0.35118725001838713
2023-05-17,2020-05-18,selected,0.14985480785870253,-0.31869493298186724
2023-05-18,2020-05-19,QQQ,0.14693706759099978,-0.35118725001838713
2023-05-18,2020-05-19,selected,0.1533129404662319,-0.31869493298186724
2023-05-19,2020-05-20,QQQ,0.14703399857742094,-0.3511872500183879
2023-05-19,2020-05-20,selected,0.15268295550973798,-0.31869493298186724
2023-05-22,2020-05-21,QQQ,0.14077351743562105,-0.3511872500183878
2023-05-22,2020-05-21,selected,0.14950610443404844,-0.3186949329818677
2023-05-23,2020-05-22,QQQ,0.14008667627817872,-0.3511872500183869
2023-05-23,2020-05-22,selected,0.14795555731688292,-0.318694932981867
2023-05-24,2020-05-26,QQQ,0.1368274014013109,-0.35118725001838735
2023-05-24,2020-05-26,selected,0.14456473677854054,-0.318694932981867
2023-05-25,2020-05-27,QQQ,0.1470074318996768,-0.351187250018387
2023-05-25,2020-05-27,selected,0.1552878171476686,-0.31869493298186824
2023-05-26,2020-05-28,QQQ,0.15459759276587337,-0.3511872500183876
2023-05-26,2020-05-28,selected,0.1635905121152208,-0.3186949329818667
2023-05-30,2020-05-29,QQQ,0.1568429276203287,-0.351187250018387
2023-05-30,2020-05-29,selected,0.1650262566086187,-0.31869493298186746
2023-05-31,2020-06-01,QQQ,0.1490610736881739,-0.35118725001838746
2023-05-31,2020-06-01,selected,0.15907329236126722,-0.3186949329818667
2023-06-01,2020-06-02,QQQ,0.1523178265548264,-0.35118725001838713
2023-06-01,2020-06-02,selected,0.16240509851277252,-0.3186949329818678
2023-06-02,2020-06-03,QQQ,0.15261995947336016,-0.3511872500183877
2023-06-02,2020-06-03,selected,0.162869089755191,-0.31869493298186713
2023-06-05,2020-06-04,QQQ,0.15116700519050585,-0.35118725001838713
2023-06-05,2020-06-04,selected,0.16145421056276144,-0.318694932981867
2023-06-06,2020-06-05,QQQ,0.1538058505117228,-0.3511872500183877
2023-06-06,2020-06-05,selected,0.16409596229653678,-0.318694932981866
2023-06-07,2020-06-08,QQQ,0.1397600501991889,-0.35118725001838713
2023-06-07,2020-06-08,selected,0.15007359854911995,-0.3186949329818669
2023-06-08,2020-06-09,QQQ,0.14151173274938889,-0.3511872500183889
2023-06-08,2020-06-09,selected,0.1518245900566395,-0.31869493298186713
2023-06-09,2020-06-10,QQQ,0.14021747523925177,-0.35118725001838746
2023-06-09,2020-06-10,selected,0.15051282354524664,-0.3186949329818668
2023-06-12,2020-06-11,QQQ,0.14205299539644423,-0.35118725001838746
2023-06-12,2020-06-11,selected,0.15232168124991574,-0.3186949329818676
2023-06-13,2020-06-12,QQQ,0.16453129772725306,-0.3511872500183877
2023-06-13,2020-06-12,selected,0.17476755486315598,-0.318694932981867
2023-06-14,2020-06-15,QQQ,0.16426921176263498,-0.351187250018387
2023-06-14,2020-06-15,selected,0.17451463786192933,-0.31869493298186724
2023-06-15,2020-06-16,QQQ,0.16417287804481995,-0.3511872500183879
2023-06-15,2020-06-16,selected,0.17443919524005724,-0.3186949329818677
2023-06-16,2020-06-17,QQQ,0.15515079281228927,-0.35118725001838724
2023-06-16,2020-06-17,selected,0.16543130578872756,-0.3186949329818676
2023-06-20,2020-06-18,QQQ,0.1533816623449067,-0.35118725001838813
2023-06-20,2020-06-18,selected,0.16364726451543432,-0.31869493298186713
2023-06-21,2020-06-19,QQQ,0.14708335156640673,-0.35118725001838724
2023-06-21,2020-06-19,selected,0.15735750848101082,-0.318694932981867
2023-06-22,2020-06-22,QQQ,0.15164001592296739,-0.351187250018388
2023-06-22,2020-06-22,selected,0.16188121518496046,-0.318694932981867
2023-06-23,2020-06-23,QQQ,0.14326976098586197,-0.35118725001838746
2023-06-23,2020-06-23,selected,0.15351087551379372,-0.3186949329818678
2023-06-26,2020-06-24,QQQ,0.13492730589751267,-0.3511872500183876
2023-06-26,2020-06-24,selected,0.14518239968187507,-0.3186949329818676
2023-06-27,2020-06-25,QQQ,0.14934812413947118,-0.3511872500183877
2023-06-27,2020-06-25,selected,0.15958008691892167,-0.318694932981867
2023-06-28,2020-06-26,QQQ,0.14646893246729653,-0.3511872500183867
2023-06-28,2020-06-26,selected,0.15670258723216035,-0.3186949329818669
2023-06-29,2020-06-29,QQQ,0.15486627563781052,-0.35118725001838813
2023-06-29,2020-06-29,selected,0.1650693687808895,-0.31869493298186724
2023-06-30,2020-06-30,QQQ,0.15658254568108476,-0.35118725001838713
2023-06-30,2020-06-30,selected,0.16679870281894438,-0.31869493298186746
2023-07-03,2020-07-01,QQQ,0.15002431786781045,-0.35118725001838746
2023-07-03,2020-07-01,selected,0.16024519443277363,-0.31869493298186835
2023-07-05,2020-07-02,QQQ,0.14557409230269291,-0.35118725001838724
2023-07-05,2020-07-02,selected,0.15579228042839377,-0.3186949329818678
2023-07-06,2020-07-06,QQQ,0.14008514437102226,-0.3511872500183868
2023-07-06,2020-07-06,selected,0.15028826151074615,-0.31869493298186735
2023-07-07,2020-07-07,QQQ,0.12963963922881727,-0.3511872500183877
2023-07-07,2020-07-07,selected,0.13985671305153868,-0.31869493298186713
2023-07-10,2020-07-08,QQQ,0.132369186427179,-0.35118725001838746
2023-07-10,2020-07-08,selected,0.14256826916201049,-0.3186949329818678
2023-07-11,2020-07-09,QQQ,0.1292944883706557,-0.351187250018388
2023-07-11,2020-07-09,selected,0.13950069047048852,-0.3186949329818669
2023-07-12,2020-07-10,QQQ,0.13086246833085724,-0.3511872500183877
2023-07-12,2020-07-10,selected,0.14109553273112696,-0.3186949329818677
2023-07-13,2020-07-13,QQQ,0.13465038558346576,-0.351187250018388
2023-07-13,2020-07-13,selected,0.14488861478475146,-0.3186949329818669
2023-07-14,2020-07-14,QQQ,0.14245850183961362,-0.3511872500183877
2023-07-14,2020-07-14,selected,0.15267349268908692,-0.31869493298186724
2023-07-17,2020-07-15,QQQ,0.14331275464843451,-0.3511872500183879
2023-07-17,2020-07-15,selected,0.15351301098675174,-0.31869493298186746
2023-07-18,2020-07-16,QQQ,0.14564505622223756,-0.35118725001838724
2023-07-18,2020-07-16,selected,0.15585859758825138,-0.3186949329818677
2023-07-19,2020-07-17,QQQ,0.14817299069314882,-0.35118725001838746
2023-07-19,2020-07-17,selected,0.1584015809966406,-0.3186949329818676
2023-07-20,2020-07-20,QQQ,0.13884251244021306,-0.35118725001838746
2023-07-20,2020-07-20,selected,0.14905815766671449,-0.3186949329818676
2023-07-21,2020-07-21,QQQ,0.12714266649706163,-0.351187250018386
2023-07-21,2020-07-21,selected,0.13736845555081345,-0.31869493298186624
2023-07-24,2020-07-22,QQQ,0.1316871416295644,-0.3511872500183877
2023-07-24,2020-07-22,selected,0.14188059339148174,-0.3186949329818677
2023-07-25,2020-07-23,QQQ,0.1329094840524463,-0.35118725001838724
2023-07-25,2020-07-23,selected,0.14308155940858303,-0.3186949329818669
2023-07-26,2020-07-24,QQQ,0.14167993191694217,-0.3511872500183876
2023-07-26,2020-07-24,selected,0.1518279154331017,-0.318694932981868
2023-07-27,2020-07-27,QQQ,0.14440592513093975,-0.3511872500183879
2023-07-27,2020-07-27,selected,0.15450447476881846,-0.31869493298186724
2023-07-28,2020-07-28,QQQ,0.1445449599135784,-0.3511872500183877
2023-07-28,2020-07-28,selected,0.154636823040756,-0.3186949329818667
2023-07-31,2020-07-29,QQQ,0.14964118026597206,-0.35118725001838724
2023-07-31,2020-07-29,selected,0.15970805289562096,-0.31869493298186713
2023-08-01,2020-07-30,QQQ,0.14437175932535307,-0.351187250018388
2023-08-01,2020-07-30,selected,0.15440837293135812,-0.318694932981867
2023-08-02,2020-07-31,QQQ,0.13396343941581956,-0.3511872500183876
2023-08-02,2020-07-31,selected,0.1440087984449363,-0.31869493298186746
2023-08-03,2020-08-03,QQQ,0.12669453475809367,-0.3511872500183877
2023-08-03,2020-08-03,selected,0.1367117933550508,-0.31869493298186635
2023-08-04,2020-08-04,QQQ,0.11991399540944037,-0.35118725001838846
2023-08-04,2020-08-04,selected,0.1299569094476416,-0.3186949329818666
2023-08-07,2020-08-05,QQQ,0.12167956529375012,-0.3511872500183876
2023-08-07,2020-08-05,selected,0.13167319208239125,-0.3186949329818666
2023-08-08,2020-08-06,QQQ,0.11756914696639154,-0.35118725001838746
2023-08-08,2020-08-06,selected,0.12756569730787848,-0.31869493298186724
2023-08-09,2020-08-07,QQQ,0.10858537263485957,-0.3511872500183878
2023-08-09,2020-08-07,selected,0.1185667008043767,-0.318694932981867
2023-08-10,2020-08-10,QQQ,0.11356909550279015,-0.3511872500183877
2023-08-10,2020-08-10,selected,0.12355329466898213,-0.31869493298186724
2023-08-11,2020-08-11,QQQ,0.11278458190677787,-0.35118725001838724
2023-08-11,2020-08-11,selected,0.12277733761624421,-0.31869493298186835
2023-08-14,2020-08-12,QQQ,0.12407419629551808,-0.351187250018388
2023-08-14,2020-08-12,selected,0.13413306574047357,-0.3186949329818668
2023-08-15,2020-08-13,QQQ,0.1108477953600473,-0.3511872500183866
2023-08-15,2020-08-13,selected,0.12091189787194256,-0.318694932981867
2023-08-16,2020-08-14,QQQ,0.1060726348679577,-0.3511872500183877
2023-08-16,2020-08-14,selected,0.11610845497564881,-0.3186949329818667
2023-08-17,2020-08-17,QQQ,0.10246240992510214,-0.3511872500183877
2023-08-17,2020-08-17,selected,0.1125077488900521,-0.3186949329818678
2023-08-18,2020-08-18,QQQ,0.09776883474954423,-0.35118725001838746
2023-08-18,2020-08-18,selected,0.10779577721173994,-0.3186949329818668
2023-08-21,2020-08-19,QQQ,0.10011461297564828,-0.3511872500183876
2023-08-21,2020-08-19,selected,0.11011804300830286,-0.3186949329818678
2023-08-22,2020-08-20,QQQ,0.10206728884839023,-0.35118725001838824
2023-08-22,2020-08-20,selected,0.11212162795149028,-0.318694932981867
2023-08-23,2020-08-21,QQQ,0.10275402681916135,-0.35118725001838735
2023-08-23,2020-08-21,selected,0.11282697206163017,-0.31869493298186646
2023-08-24,2020-08-24,QQQ,0.09232254268690343,-0.35118725001838713
2023-08-24,2020-08-24,selected,0.10240704290154112,-0.318694932981868
2023-08-25,2020-08-25,QQQ,0.09286776144628828,-0.35118725001838724
2023-08-25,2020-08-25,selected,0.10295853019521095,-0.31869493298186813
2023-08-28,2020-08-26,QQQ,0.09274654872547639,-0.35118725001838735
2023-08-28,2020-08-26,selected,0.10284855042536467,-0.3186949329818676
2023-08-29,2020-08-27,QQQ,0.09292501591720992,-0.3511872500183869
2023-08-29,2020-08-27,selected,0.10303684148629189,-0.3186949329818668
2023-08-30,2020-08-28,QQQ,0.09609298187822968,-0.35118725001838713
2023-08-30,2020-08-28,selected,0.10622829122600086,-0.3186949329818668
2023-08-31,2020-08-31,QQQ,0.09533392852420164,-0.35118725001838735
2023-08-31,2020-08-31,selected,0.10544382622006387,-0.31869493298186646
2023-09-01,2020-09-01,QQQ,0.09203077840823681,-0.3511872500183886
2023-09-01,2020-09-01,selected,0.10212602274039573,-0.318694932981867
2023-09-05,2020-09-02,QQQ,0.08633930134321766,-0.35118725001838635
2023-09-05,2020-09-02,selected,0.09641197409474356,-0.3186949329818679
2023-09-06,2020-09-03,QQQ,0.07974302921217857,-0.3511872500183877
2023-09-06,2020-09-03,selected,0.08981548712990861,-0.3186949329818677
2023-09-07,2020-09-04,QQQ,0.09600763242014643,-0.3511872500183868
2023-09-07,2020-09-04,selected,0.10608583954561857,-0.31869493298186713
2023-09-08,2020-09-08,QQQ,0.10143256988530647,-0.351187250018388
2023-09-08,2020-09-08,selected,0.11151972608809291,-0.31869493298186724
2023-09-11,2020-09-09,QQQ,0.12404682575734194,-0.351187250018388
2023-09-11,2020-09-09,selected,0.13410818068085928,-0.3186949329818676
2023-09-12,2020-09-10,QQQ,0.10912097717206515,-0.35118725001838735
2023-09-12,2020-09-10,selected,0.1191784693359168,-0.3186949329818677
2023-09-13,2020-09-11,QQQ,0.11800706377742287,-0.351187250018388
2023-09-13,2020-09-11,selected,0.1280647438526834,-0.3186949329818679
2023-09-14,2020-09-14,QQQ,0.12365158878518767,-0.3511872500183877
2023-09-14,2020-09-14,selected,0.13370223206116894,-0.31869493298186724
2023-09-15,2020-09-15,QQQ,0.11078998916411087,-0.3511872500183877
2023-09-15,2020-09-15,selected,0.12084400699680886,-0.31869493298186735
2023-09-18,2020-09-16,QQQ,0.1059751226438641,-0.3511872500183879
2023-09-18,2020-09-16,selected,0.1160458360933192,-0.31869493298186724
2023-09-19,2020-09-17,QQQ,0.11112667946202537,-0.35118725001838713
2023-09-19,2020-09-17,selected,0.12118258479539268,-0.318694932981867
2023-09-20,2020-09-18,QQQ,0.11158232626934517,-0.35118725001838624
2023-09-20,2020-09-18,selected,0.12165025046192701,-0.3186949329818666
2023-09-21,2020-09-21,QQQ,0.10949097793655471,-0.35118725001838813
2023-09-21,2020-09-21,selected,0.11954039964421215,-0.31869493298186746
2023-09-22,2020-09-22,QQQ,0.10865710381045068,-0.351187250018387
2023-09-22,2020-09-22,selected,0.11874309691739571,-0.3186949329818676
2023-09-25,2020-09-23,QQQ,0.10361685565421586,-0.3511872500183877
2023-09-25,2020-09-23,selected,0.1136894780844957,-0.3186949329818678
2023-09-26,2020-09-24,QQQ,0.10947423895155439,-0.3511872500183878
2023-09-26,2020-09-24,selected,0.11955076284574817,-0.31869493298186813
2023-09-27,2020-09-25,QQQ,0.10862204532170283,-0.3511872500183877
2023-09-27,2020-09-25,selected,0.11866233206262056,-0.3186949329818679
2023-09-28,2020-09-28,QQQ,0.10322075673094999,-0.3511872500183868
2023-09-28,2020-09-28,selected,0.11325074051960993,-0.3186949329818668
2023-09-29,2020-09-29,QQQ,0.09595239110110998,-0.35118725001838724
2023-09-29,2020-09-29,selected,0.1059647186858581,-0.318694932981868
2023-10-02,2020-09-30,QQQ,0.10064963763372603,-0.3511872500183869
2023-10-02,2020-09-30,selected,0.11060568982406038,-0.3186949329818677
2023-10-03,2020-10-01,QQQ,0.09168633902184409,-0.35118725001838746
2023-10-03,2020-10-01,selected,0.10165089496092872,-0.318694932981867
2023-10-04,2020-10-02,QQQ,0.09087484867355422,-0.35118725001838713
2023-10-04,2020-10-02,selected,0.10083205095249603,-0.31869493298186646
2023-10-05,2020-10-05,QQQ,0.10021737054502045,-0.3511872500183878
2023-10-05,2020-10-05,selected,0.10812072852498877,-0.31869493298186724
2023-10-06,2020-10-06,QQQ,0.09857375178708949,-0.35118725001838735
2023-10-06,2020-10-06,selected,0.10795733524579676,-0.31869493298186724
2023-10-09,2020-10-07,QQQ,0.1070636401656766,-0.3511872500183877
2023-10-09,2020-10-07,selected,0.11538540492602789,-0.3186949329818667
2023-10-10,2020-10-08,QQQ,0.10278084054878112,-0.3511872500183877
2023-10-10,2020-10-08,selected,0.11239788314089627,-0.31869493298186746
2023-10-11,2020-10-09,QQQ,0.10344299839384363,-0.351187250018387
2023-10-11,2020-10-09,selected,0.11313744444189111,-0.3186949329818676
2023-10-12,2020-10-12,QQQ,0.09660619180602947,-0.35118725001838835
2023-10-12,2020-10-12,selected,0.10689449851791433,-0.31869493298186746
2023-10-13,2020-10-13,QQQ,0.08098109790195362,-0.351187250018387
2023-10-13,2020-10-13,selected,0.09344915268308163,-0.3186949329818669
2023-10-16,2020-10-14,QQQ,0.08505212615294999,-0.3511872500183876
2023-10-16,2020-10-14,selected,0.09793065457385852,-0.318694932981867
2023-10-17,2020-10-15,QQQ,0.08690071699882984,-0.35118725001838746
2023-10-17,2020-10-15,selected,0.09907243315764402,-0.31869493298186646
2023-10-18,2020-10-16,QQQ,0.08455876856176037,-0.351187250018387
2023-10-18,2020-10-16,selected,0.09618104845581232,-0.3186949329818669
2023-10-19,2020-10-19,QQQ,0.08314794202769571,-0.3511872500183877
2023-10-19,2020-10-19,selected,0.09442806237829249,-0.31869493298186724
2023-10-20,2020-10-20,QQQ,0.08366424008158346,-0.3511872500183867
2023-10-20,2020-10-20,selected,0.09384820954379092,-0.3186949329818676
2023-10-23,2020-10-21,QQQ,0.08397709939985254,-0.351187250018388
2023-10-23,2020-10-21,selected,0.09424831720806304,-0.3186949329818676
2023-10-24,2020-10-22,QQQ,0.08776140943489996,-0.3511872500183877
2023-10-24,2020-10-22,selected,0.09783430346623345,-0.318694932981868
2023-10-25,2020-10-23,QQQ,0.07882590486978769,-0.3511872500183869
2023-10-25,2020-10-23,selected,0.08919119061541148,-0.31869493298186713
2023-10-26,2020-10-26,QQQ,0.07122209028855964,-0.3511872500183869
2023-10-26,2020-10-26,selected,0.08166995600561466,-0.31869493298186713
2023-10-27,2020-10-27,QQQ,0.07835117936711278,-0.3511872500183869
2023-10-27,2020-10-27,selected,0.08764046391775193,-0.3186949329818666
2023-10-30,2020-10-28,QQQ,0.07958284512587421,-0.35118725001838824
2023-10-30,2020-10-28,selected,0.08927518512932808,-0.318694932981867
2023-10-31,2020-10-29,QQQ,0.09572978081661843,-0.35118725001838746
2023-10-31,2020-10-29,selected,0.10317794046680495,-0.31869493298186735
2023-11-01,2020-10-30,QQQ,0.09568330273068315,-0.35118725001838735
2023-11-01,2020-10-30,selected,0.10456379795044723,-0.318694932981867
2023-11-02,2020-11-02,QQQ,0.1117533068005736,-0.3511872500183879
2023-11-02,2020-11-02,selected,0.11882012418163157,-0.3186949329818677
2023-11-03,2020-11-03,QQQ,0.11526286533050234,-0.3511872500183876
2023-11-03,2020-11-03,selected,0.1219667495476533,-0.31869493298186724
2023-11-06,2020-11-04,QQQ,0.11041144242940715,-0.3511872500183869
2023-11-06,2020-11-04,selected,0.11788899567254241,-0.31869493298186624
2023-11-07,2020-11-05,QQQ,0.09780167929599037,-0.35118725001838813
2023-11-07,2020-11-05,selected,0.10743393203295981,-0.3186949329818669
2023-11-08,2020-11-06,QQQ,0.08865740539398215,-0.35118725001838746
2023-11-08,2020-11-06,selected,0.09912321090463316,-0.31869493298186746
2023-11-09,2020-11-09,QQQ,0.08558717849439423,-0.3511872500183876
2023-11-09,2020-11-09,selected,0.09616377972126777,-0.31869493298186724
2023-11-10,2020-11-10,QQQ,0.101214940132907,-0.35118725001838746
2023-11-10,2020-11-10,selected,0.11162939497778313,-0.31869493298186713
2023-11-13,2020-11-11,QQQ,0.10671766019727769,-0.3511872500183879
2023-11-13,2020-11-11,selected,0.11609332271247585,-0.318694932981867
2023-11-14,2020-11-12,QQQ,0.10641343321439756,-0.3511872500183879
2023-11-14,2020-11-12,selected,0.11700739627629742,-0.31869493298186635
2023-11-15,2020-11-13,QQQ,0.10842772361470687,-0.35118725001838724
2023-11-15,2020-11-13,selected,0.11857581244372062,-0.31869493298186846
2023-11-16,2020-11-16,QQQ,0.10552073408753126,-0.35118725001838846
2023-11-16,2020-11-16,selected,0.11598378809892607,-0.31869493298186646
2023-11-17,2020-11-17,QQQ,0.10274595922551044,-0.3511872500183878
2023-11-17,2020-11-17,selected,0.11358162339382671,-0.31869493298186735
2023-11-20,2020-11-18,QQQ,0.10837616897473112,-0.35118725001838647
2023-11-20,2020-11-18,selected,0.1191646644362907,-0.31869493298186735
2023-11-21,2020-11-19,QQQ,0.10896427522053598,-0.35118725001838724
2023-11-21,2020-11-19,selected,0.11957407195414338,-0.31869493298186724
2023-11-22,2020-11-20,QQQ,0.10759392523030309,-0.35118725001838647
2023-11-22,2020-11-20,selected,0.11865476650319406,-0.31869493298186746
2023-11-24,2020-11-23,QQQ,0.109608978089059,-0.3511872500183877
2023-11-24,2020-11-23,selected,0.12016783059828873,-0.3186949329818676
2023-11-27,2020-11-24,QQQ,0.10927313241251535,-0.3511872500183869
2023-11-27,2020-11-24,selected,0.12029793049950399,-0.31869493298186746
2023-11-28,2020-11-25,QQQ,0.10508996304928164,-0.3511872500183876
2023-11-28,2020-11-25,selected,0.11716969410652478,-0.3186949329818666
2023-11-29,2020-11-27,QQQ,0.10247697628047314,-0.35118725001838735
2023-11-29,2020-11-27,selected,0.11490423444692333,-0.31869493298186646
2023-11-30,2020-11-30,QQQ,0.09818967194860218,-0.35118725001838724
2023-11-30,2020-11-30,selected,0.11126160419011821,-0.3186949329818676
2023-12-01,2020-12-01,QQQ,0.09848709815261292,-0.3511872500183877
2023-12-01,2020-12-01,selected,0.11189905472062867,-0.3186949329818667
2023-12-04,2020-12-02,QQQ,0.09043859631751605,-0.35118725001838824
2023-12-04,2020-12-02,selected,0.10415603082480196,-0.3186949329818669
2023-12-05,2020-12-03,QQQ,0.09088347967851229,-0.3511872500183869
2023-12-05,2020-12-03,selected,0.10465021703453181,-0.31869493298186713
2023-12-06,2020-12-04,QQQ,0.0882630374516633,-0.3511872500183876
2023-12-06,2020-12-04,selected,0.10202952963036993,-0.31869493298186713
2023-12-07,2020-12-07,QQQ,0.09182691027076872,-0.35118725001838713
2023-12-07,2020-12-07,selected,0.10561586340074092,-0.3186949329818666
2023-12-08,2020-12-08,QQQ,0.09139042676387965,-0.35118725001838846
2023-12-08,2020-12-08,selected,0.10513102996983759,-0.3186949329818676
2023-12-11,2020-12-09,QQQ,0.09325699754436534,-0.35118725001838724
2023-12-11,2020-12-09,selected,0.10698446370829395,-0.3186949329818678
2023-12-12,2020-12-10,QQQ,0.10455160572863664,-0.3511872500183879
2023-12-12,2020-12-10,selected,0.11832771025754574,-0.31869493298186746
2023-12-13,2020-12-11,QQQ,0.10773326438591968,-0.35118725001838724
2023-12-13,2020-12-11,selected,0.12157413124404548,-0.3186949329818667
2023-12-14,2020-12-14,QQQ,0.10823184623103455,-0.35118725001838835
2023-12-14,2020-12-14,selected,0.12208637450565174,-0.318694932981867
2023-12-15,2020-12-15,QQQ,0.10734307489591521,-0.35118725001838713
2023-12-15,2020-12-15,selected,0.12118860459932979,-0.3186949329818676
2023-12-18,2020-12-16,QQQ,0.10573733305987276,-0.35118725001838735
2023-12-18,2020-12-16,selected,0.11955597824554243,-0.31869493298186724
2023-12-19,2020-12-17,QQQ,0.10559420902698058,-0.35118725001838735
2023-12-19,2020-12-17,selected,0.11942543112447579,-0.31869493298186724
2023-12-20,2020-12-18,QQQ,0.09770375667942055,-0.3511872500183877
2023-12-20,2020-12-18,selected,0.11149079394945471,-0.3186949329818676
2023-12-21,2020-12-21,QQQ,0.10305709591177448,-0.3511872500183878
2023-12-21,2020-12-21,selected,0.11687223971229677,-0.31869493298186724
2023-12-22,2020-12-22,QQQ,0.10429594681978194,-0.3511872500183879
2023-12-22,2020-12-22,selected,0.11812420688595049,-0.318694932981867
2023-12-26,2020-12-23,QQQ,0.10554360992362266,-0.3511872500183876
2023-12-26,2020-12-23,selected,0.11939573418220917,-0.3186949329818677
2023-12-27,2020-12-24,QQQ,0.10815672898503315,-0.3511872500183878
2023-12-27,2020-12-24,selected,0.12202881717515135,-0.31869493298186713
2023-12-28,2020-12-28,QQQ,0.10635218958648496,-0.35118725001838713
2023-12-28,2020-12-28,selected,0.12020214402141871,-0.3186949329818669
2023-12-29,2020-12-29,QQQ,0.10106710912052286,-0.3511872500183876
2023-12-29,2020-12-29,selected,0.11489800270902317,-0.31869493298186746
2024-01-02,2020-12-30,QQQ,0.09449433644577487,-0.35118725001838624
2024-01-02,2020-12-30,selected,0.10830677175636994,-0.3186949329818677
2024-01-03,2020-12-31,QQQ,0.09060858121394677,-0.35118725001838846
2024-01-03,2020-12-31,selected,0.10439267575143707,-0.31869493298186713
2024-01-04,2021-01-04,QQQ,0.08784289554054658,-0.3511872500183876
2024-01-04,2021-01-04,selected,0.10159987516705193,-0.318694932981867
2024-01-05,2021-01-05,QQQ,0.09344383105774146,-0.35118725001838746
2024-01-05,2021-01-05,selected,0.10719008525372042,-0.31869493298186713
2024-01-08,2021-01-06,QQQ,0.09791665369996871,-0.3511872500183879
2024-01-08,2021-01-06,selected,0.11167457895102428,-0.318694932981867
2024-01-09,2021-01-07,QQQ,0.10375946226286259,-0.35118725001838735
2024-01-09,2021-01-07,selected,0.11754754236709553,-0.31869493298186646
2024-01-10,2021-01-08,QQQ,0.09746787179967598,-0.351187250018388
2024-01-10,2021-01-08,selected,0.1112486045556298,-0.31869493298186713
2024-01-11,2021-01-11,QQQ,0.09356153607574536,-0.3511872500183869
2024-01-11,2021-01-11,selected,0.10737162550913903,-0.31869493298186824
2024-01-12,2021-01-12,QQQ,0.0990680548074847,-0.3511872500183879
2024-01-12,2021-01-12,selected,0.11291360419398266,-0.31869493298186713
2024-01-16,2021-01-13,QQQ,0.09961536014041683,-0.3511872500183866
2024-01-16,2021-01-13,selected,0.11343168697789485,-0.318694932981867
2024-01-17,2021-01-14,QQQ,0.09508438659573337,-0.35118725001838735
2024-01-17,2021-01-14,selected,0.10885966012955284,-0.318694932981867
2024-01-18,2021-01-15,QQQ,0.1022095179316751,-0.3511872500183878
2024-01-18,2021-01-15,selected,0.11601205035011075,-0.3186949329818668
2024-01-19,2021-01-19,QQQ,0.11239275515580749,-0.3511872500183879
2024-01-19,2021-01-19,selected,0.1262351504407313,-0.31869493298186724
2024-01-22,2021-01-20,QQQ,0.10751669291366461,-0.35118725001838713
2024-01-22,2021-01-20,selected,0.12133228383926253,-0.3186949329818669
2024-01-23,2021-01-21,QQQ,0.10057825228689476,-0.35118725001838746
2024-01-23,2021-01-21,selected,0.11435495094474057,-0.31869493298186735
2024-01-24,2021-01-22,QQQ,0.09968572002492682,-0.35118725001838746
2024-01-24,2021-01-22,selected,0.11344842196006044,-0.3186949329818676
2024-01-25,2021-01-25,QQQ,0.10119148719856219,-0.3511872500183878
2024-01-25,2021-01-25,selected,0.11498135231176287,-0.3186949329818676
2024-01-26,2021-01-26,QQQ,0.09598856080167417,-0.3511872500183869
2024-01-26,2021-01-26,selected,0.10975025493764079,-0.31869493298186813
2024-01-29,2021-01-27,QQQ,0.09918147526452525,-0.35118725001838724
2024-01-29,2021-01-27,selected,0.11297718117823385,-0.3186949329818676
2024-01-30,2021-01-28,QQQ,0.107121671732747,-0.35118725001838735
2024-01-30,2021-01-28,selected,0.12095831678429336,-0.3186949329818668
2024-01-31,2021-01-29,QQQ,0.09768526557655077,-0.3511872500183877
2024-01-31,2021-01-29,selected,0.1115024987064408,-0.31869493298186724
2024-02-01,2021-02-01,QQQ,0.10981510956982299,-0.3511872500183879
2024-02-01,2021-02-01,selected,0.12369863141621806,-0.3186949329818666
2024-02-02,2021-02-02,QQQ,0.10688868787711714,-0.35118725001838846
2024-02-02,2021-02-02,selected,0.12071951484632915,-0.3186949329818667
2024-02-05,2021-02-03,QQQ,0.10045471489347468,-0.3511872500183876
2024-02-05,2021-02-03,selected,0.1145677853756002,-0.318694932981867
2024-02-06,2021-02-04,QQQ,0.10117607623837865,-0.35118725001838713
2024-02-06,2021-02-04,selected,0.11528941602123277,-0.318694932981867
2024-02-07,2021-02-05,QQQ,0.10061845388990798,-0.35118725001838746
2024-02-07,2021-02-05,selected,0.11501884771019211,-0.3186949329818676
2024-02-08,2021-02-08,QQQ,0.10005531536257473,-0.3511872500183866
2024-02-08,2021-02-08,selected,0.11444250578949244,-0.3186949329818667
2024-02-09,2021-02-09,QQQ,0.10119911131764892,-0.3511872500183876
2024-02-09,2021-02-09,selected,0.1156177785513881,-0.3186949329818676
2024-02-12,2021-02-10,QQQ,0.09983797305298392,-0.35118725001838735
2024-02-12,2021-02-10,selected,0.11423285677133665,-0.31869493298186735
2024-02-13,2021-02-11,QQQ,0.094922303281751,-0.35118725001838735
2024-02-13,2021-02-11,selected,0.10918301548971998,-0.31869493298186746
2024-02-14,2021-02-12,QQQ,0.09687798787530277,-0.3511872500183878
2024-02-14,2021-02-12,selected,0.11130759914842914,-0.31869493298186713
2024-02-15,2021-02-16,QQQ,0.09592767438507677,-0.35118725001838724
2024-02-15,2021-02-16,selected,0.11051767831493464,-0.31869493298186713
2024-02-16,2021-02-17,QQQ,0.0935918814207044,-0.3511872500183878
2024-02-16,2021-02-17,selected,0.10829198289619812,-0.3186949329818667
2024-02-20,2021-02-18,QQQ,0.09258370876097732,-0.3511872500183878
2024-02-20,2021-02-18,selected,0.10726831766081735,-0.31869493298186735
2024-02-21,2021-02-19,QQQ,0.09271916474134323,-0.3511872500183876
2024-02-21,2021-02-19,selected,0.10734728899625012,-0.31869493298186724
2024-02-22,2021-02-22,QQQ,0.10488873363357754,-0.35118725001838724
2024-02-22,2021-02-22,selected,0.11953120866936717,-0.31869493298186646
2024-02-23,2021-02-23,QQQ,0.11350817586816575,-0.35118725001838635
2024-02-23,2021-02-23,selected,0.12777150178591956,-0.3186949329818669
2024-02-26,2021-02-24,QQQ,0.11441972972339376,-0.35118725001838713
2024-02-26,2021-02-24,selected,0.12863428260265253,-0.31869493298186724
2024-02-27,2021-02-25,QQQ,0.11226473233580414,-0.3511872500183878
2024-02-27,2021-02-25,selected,0.12664083015383132,-0.31869493298186724
2024-02-28,2021-02-26,QQQ,0.12349782327939329,-0.35118725001838746
2024-02-28,2021-02-26,selected,0.13757037933766458,-0.3186949329818668
2024-02-29,2021-03-01,QQQ,0.12512959769928056,-0.3511872500183877
2024-02-29,2021-03-01,selected,0.13938061985035888,-0.3186949329818678
2024-03-01,2021-03-02,QQQ,0.11963235413030615,-0.35118725001838713
2024-03-01,2021-03-02,selected,0.13432453495483565,-0.31869493298186746
2024-03-04,2021-03-03,QQQ,0.12434248170855366,-0.35118725001838746
2024-03-04,2021-03-03,selected,0.13889043190264339,-0.318694932981867
2024-03-05,2021-03-04,QQQ,0.1285993515607573,-0.3511872500183867
2024-03-05,2021-03-04,selected,0.14296070590323962,-0.31869493298186724
2024-03-06,2021-03-05,QQQ,0.13719656846636674,-0.3511872500183868
2024-03-06,2021-03-05,selected,0.1514939186411839,-0.3186949329818668
2024-03-07,2021-03-08,QQQ,0.13724050206490257,-0.35118725001838746
2024-03-07,2021-03-08,selected,0.15167034057351558,-0.3186949329818678
2024-03-08,2021-03-09,QQQ,0.14262956730094034,-0.3511872500183867
2024-03-08,2021-03-09,selected,0.15683086876658114,-0.31869493298186735
2024-03-11,2021-03-10,QQQ,0.12659281329601502,-0.35118725001838713
2024-03-11,2021-03-10,selected,0.14099794016857614,-0.31869493298186635
2024-03-12,2021-03-11,QQQ,0.13302968527993242,-0.3511872500183869
2024-03-12,2021-03-11,selected,0.1473658525829138,-0.3186949329818676
2024-03-13,2021-03-12,QQQ,0.1215741555309815,-0.35118725001838824
2024-03-13,2021-03-12,selected,0.13613510557463693,-0.3186949329818669
2024-03-14,2021-03-15,QQQ,0.12367755103923361,-0.3511872500183877
2024-03-14,2021-03-15,selected,0.1381678224650762,-0.318694932981868
2024-03-15,2021-03-16,QQQ,0.11525010377509703,-0.35118725001838713
2024-03-15,2021-03-16,selected,0.12977587258946377,-0.31869493298186746
2024-03-18,2021-03-17,QQQ,0.11674502201642256,-0.3511872500183869
2024-03-18,2021-03-17,selected,0.13133281050273848,-0.31869493298186724
2024-03-19,2021-03-18,QQQ,0.11614185145470679,-0.35118725001838813
2024-03-19,2021-03-18,selected,0.13077864270241557,-0.31869493298186713
2024-03-20,2021-03-19,QQQ,0.1322160684035043,-0.3511872500183878
2024-03-20,2021-03-19,selected,0.14664656260872455,-0.31869493298186713
2024-03-21,2021-03-22,QQQ,0.13266978001805696,-0.3511872500183878
2024-03-21,2021-03-22,selected,0.14709668133404352,-0.3186949329818678
2024-03-22,2021-03-23,QQQ,0.1261057438822748,-0.35118725001838746
2024-03-22,2021-03-23,selected,0.14068799293765166,-0.31869493298186624
2024-03-25,2021-03-24,QQQ,0.1263821333915922,-0.35118725001838724
2024-03-25,2021-03-24,selected,0.1409217275945991,-0.318694932981867
2024-03-26,2021-03-25,QQQ,0.13156266574815811,-0.35118725001838724
2024-03-26,2021-03-25,selected,0.14591348096711565,-0.3186949329818678
2024-03-27,2021-03-26,QQQ,0.13350048561856442,-0.3511872500183886
2024-03-27,2021-03-26,selected,0.14788471569761552,-0.31869493298186724
2024-03-28,2021-03-29,QQQ,0.12719560983030886,-0.3511872500183878
2024-03-28,2021-03-29,selected,0.14171752367656376,-0.31869493298186713
2024-04-01,2021-03-30,QQQ,0.12809746965475788,-0.3511872500183876
2024-04-01,2021-03-30,selected,0.14268293334164683,-0.3186949329818678
2024-04-02,2021-03-31,QQQ,0.12673641087843013,-0.35118725001838735
2024-04-02,2021-03-31,selected,0.14136993716866653,-0.3186949329818669
2024-04-03,2021-04-01,QQQ,0.1218850770263522,-0.35118725001838713
2024-04-03,2021-04-01,selected,0.1365967611246468,-0.31869493298186746
2024-04-04,2021-04-05,QQQ,0.10986659159969414,-0.3511872500183876
2024-04-04,2021-04-05,selected,0.12461509123354175,-0.3186949329818669
2024-04-05,2021-04-06,QQQ,0.1068912736705756,-0.3511872500183869
2024-04-05,2021-04-06,selected,0.1216545510351783,-0.31869493298186646
2024-04-08,2021-04-07,QQQ,0.10725666306288861,-0.35118725001838835
2024-04-08,2021-04-07,selected,0.12201365849039547,-0.3186949329818677
2024-04-09,2021-04-08,QQQ,0.10772826510401545,-0.35118725001838746
2024-04-09,2021-04-08,selected,0.1225103492456161,-0.3186949329818669
2024-04-10,2021-04-09,QQQ,0.10068097808373011,-0.3511872500183879
2024-04-10,2021-04-09,selected,0.11539065675055449,-0.3186949329818678
2024-04-11,2021-04-12,QQQ,0.10428321453392186,-0.3511872500183877
2024-04-11,2021-04-12,selected,0.1190387969401252,-0.31869493298186735
2024-04-12,2021-04-13,QQQ,0.09886196105860412,-0.35118725001838735
2024-04-12,2021-04-13,selected,0.11359187735032483,-0.31869493298186713
2024-04-15,2021-04-14,QQQ,0.08858349674499078,-0.35118725001838724
2024-04-15,2021-04-14,selected,0.1032753986702335,-0.3186949329818668
2024-04-16,2021-04-15,QQQ,0.09300981794056562,-0.3511872500183878
2024-04-16,2021-04-15,selected,0.10771413667781138,-0.318694932981867
2024-04-17,2021-04-16,QQQ,0.08310193761588036,-0.35118725001838846
2024-04-17,2021-04-16,selected,0.09774388509817,-0.3186949329818667
2024-04-18,2021-04-19,QQQ,0.08061612091541592,-0.351187250018387
2024-04-18,2021-04-19,selected,0.0952482498174827,-0.3186949329818676
2024-04-19,2021-04-20,QQQ,0.07640564240254277,-0.3511872500183869
2024-04-19,2021-04-20,selected,0.09104254383138954,-0.3186949329818688
2024-04-22,2021-04-21,QQQ,0.08263883035524922,-0.3511872500183877
2024-04-22,2021-04-21,selected,0.09725723083772642,-0.31869493298186724
2024-04-23,2021-04-22,QQQ,0.08491027015133623,-0.3511872500183879
2024-04-23,2021-04-22,selected,0.09952405734296588,-0.3186949329818669
2024-04-24,2021-04-23,QQQ,0.09053375357277127,-0.35118725001838713
2024-04-24,2021-04-23,selected,0.10517044835617173,-0.3186949329818669
2024-04-25,2021-04-26,QQQ,0.08424410597972787,-0.35118725001838735
2024-04-25,2021-04-26,selected,0.09887343549681193,-0.31869493298186724
2024-04-26,2021-04-27,QQQ,0.08743790974784549,-0.35118725001838746
2024-04-26,2021-04-27,selected,0.1020799597627251,-0.318694932981867
2024-04-29,2021-04-28,QQQ,0.09048466320497672,-0.3511872500183879
2024-04-29,2021-04-28,selected,0.10515517876201996,-0.3186949329818668
2024-04-30,2021-04-29,QQQ,0.08481096047762526,-0.351187250018387
2024-04-30,2021-04-29,selected,0.09942761612895779,-0.31869493298186713
2024-05-01,2021-04-30,QQQ,0.08089501395927279,-0.35118725001838735
2024-05-01,2021-04-30,selected,0.0955223268033174,-0.3186949329818676
2024-05-02,2021-05-03,QQQ,0.08785611661641513,-0.35118725001838724
2024-05-02,2021-05-03,selected,0.10250754065305112,-0.31869493298186746
2024-05-03,2021-05-04,QQQ,0.09704685993152107,-0.35118725001838724
2024-05-03,2021-05-04,selected,0.11171958818327066,-0.318694932981868
2024-05-06,2021-05-05,QQQ,0.10772286130048814,-0.3511872500183887
2024-05-06,2021-05-05,selected,0.12245400233285508,-0.31869493298186746
2024-05-07,2021-05-06,QQQ,0.10902590839521853,-0.35118725001838624
2024-05-07,2021-05-06,selected,0.12376234406560993,-0.318694932981867
2024-05-08,2021-05-07,QQQ,0.10603560919051414,-0.35118725001838735
2024-05-08,2021-05-07,selected,0.12073492699600186,-0.3186949329818667
2024-05-09,2021-05-10,QQQ,0.10386160844704562,-0.3511872500183878
2024-05-09,2021-05-10,selected,0.11857396511640328,-0.3186949329818677
2024-05-10,2021-05-11,QQQ,0.11418817417493132,-0.35118725001838735
2024-05-10,2021-05-11,selected,0.12893518582660146,-0.3186949329818666
2024-05-13,2021-05-12,QQQ,0.11555829926462846,-0.3511872500183877
2024-05-13,2021-05-12,selected,0.13030503424818463,-0.3186949329818669
2024-05-14,2021-05-13,QQQ,0.12776009791458187,-0.3511872500183868
2024-05-14,2021-05-13,selected,0.14258759158552214,-0.3186949329818669
2024-05-15,2021-05-14,QQQ,0.1306990545375084,-0.35118725001838735
2024-05-15,2021-05-14,selected,0.14555144127836228,-0.3186949329818686
2024-05-16,2021-05-17,QQQ,0.12173822111916932,-0.35118725001838735
2024-05-16,2021-05-17,selected,0.1365391006881369,-0.31869493298186646
2024-05-17,2021-05-18,QQQ,0.12383334882153751,-0.35118725001838813
2024-05-17,2021-05-18,selected,0.13864590717371494,-0.3186949329818677
2024-05-20,2021-05-19,QQQ,0.12898552320113432,-0.351187250018388
2024-05-20,2021-05-19,selected,0.14381752088842448,-0.31869493298186824
2024-05-21,2021-05-20,QQQ,0.12928918500657405,-0.3511872500183887
2024-05-21,2021-05-20,selected,0.1441272960587876,-0.31869493298186646
2024-05-22,2021-05-21,QQQ,0.12202639584431396,-0.35118725001838813
2024-05-22,2021-05-21,selected,0.13680057200217388,-0.318694932981867
2024-05-23,2021-05-24,QQQ,0.12241592263257739,-0.35118725001838746
2024-05-23,2021-05-24,selected,0.13714942046753253,-0.31869493298186746
2024-05-24,2021-05-25,QQQ,0.11970036584759947,-0.351187250018387
2024-05-24,2021-05-25,selected,0.13442973541378267,-0.3186949329818676
2024-05-28,2021-05-26,QQQ,0.12059207065358213,-0.3511872500183866
2024-05-28,2021-05-26,selected,0.1353165034199384,-0.318694932981867
2024-05-29,2021-05-27,QQQ,0.11665784770175014,-0.3511872500183876
2024-05-29,2021-05-27,selected,0.13134985693240497,-0.31869493298186713
2024-05-30,2021-05-28,QQQ,0.11404673700390378,-0.35118725001838713
2024-05-30,2021-05-28,selected,0.12874831467054593,-0.31869493298186835
2024-05-31,2021-06-01,QQQ,0.11218737100042508,-0.3511872500183877
2024-05-31,2021-06-01,selected,0.12688182004632131,-0.3186949329818669
2024-06-03,2021-06-02,QQQ,0.11541165164703604,-0.3511872500183879
2024-06-03,2021-06-02,selected,0.1301378043994208,-0.31869493298186813
2024-06-04,2021-06-03,QQQ,0.11570232557107873,-0.35118725001838735
2024-06-04,2021-06-03,selected,0.13041452339331938,-0.31869493298186746
2024-06-05,2021-06-04,QQQ,0.12707293430132593,-0.3511872500183869
2024-06-05,2021-06-04,selected,0.1418639910245889,-0.3186949329818668
2024-06-06,2021-06-07,QQQ,0.12063975694336837,-0.35118725001838713
2024-06-06,2021-06-07,selected,0.13539480821223382,-0.31869493298186735
2024-06-07,2021-06-08,QQQ,0.11919858892138802,-0.3511872500183876
2024-06-07,2021-06-08,selected,0.13388400892780106,-0.3186949329818677
2024-06-10,2021-06-09,QQQ,0.12052589724227691,-0.3511872500183869
2024-06-10,2021-06-09,selected,0.135232252847298,-0.31869493298186735
2024-06-11,2021-06-10,QQQ,0.12299444590296926,-0.3511872500183868
2024-06-11,2021-06-10,selected,0.13771000309150105,-0.3186949329818676
2024-06-12,2021-06-11,QQQ,0.12398544214344209,-0.3511872500183879
2024-06-12,2021-06-11,selected,0.1386981324209,-0.318694932981866
2024-06-13,2021-06-14,QQQ,0.12503280265274386,-0.35118725001838724
2024-06-13,2021-06-14,selected,0.13976200230587388,-0.31869493298186713
2024-06-14,2021-06-15,QQQ,0.12339546381329414,-0.35118725001838746
2024-06-14,2021-06-15,selected,0.13815245752977634,-0.31869493298186713
2024-06-17,2021-06-16,QQQ,0.13043034402685505,-0.3511872500183877
2024-06-17,2021-06-16,selected,0.14519678915513623,-0.3186949329818668
2024-06-18,2021-06-17,QQQ,0.13192652521216197,-0.35118725001838813
2024-06-18,2021-06-17,selected,0.14673703793932935,-0.31869493298186724
2024-06-20,2021-06-18,QQQ,0.12427223773312446,-0.3511872500183876
2024-06-20,2021-06-18,selected,0.13910626691810757,-0.31869493298186724
2024-06-21,2021-06-21,QQQ,0.12622094647395454,-0.35118725001838647
2024-06-21,2021-06-21,selected,0.1410449543203003,-0.3186949329818677
2024-06-24,2021-06-22,QQQ,0.119616083376898,-0.3511872500183876
2024-06-24,2021-06-22,selected,0.13442219277141576,-0.318694932981867
2024-06-25,2021-06-23,QQQ,0.12039723647107836,-0.351187250018388
2024-06-25,2021-06-23,selected,0.1352027211962672,-0.31869493298186724
2024-06-26,2021-06-24,QQQ,0.12098524806678168,-0.3511872500183879
2024-06-26,2021-06-24,selected,0.13577792667210242,-0.31869493298186724
2024-06-27,2021-06-25,QQQ,0.11964621251004859,-0.35118725001838746
2024-06-27,2021-06-25,selected,0.1344535969240619,-0.31869493298186824
2024-06-28,2021-06-28,QQQ,0.118163606902294,-0.35118725001838746
2024-06-28,2021-06-28,selected,0.13294871411561937,-0.318694932981867
2024-07-01,2021-06-29,QQQ,0.11584018091417558,-0.3511872500183876
2024-07-01,2021-06-29,selected,0.13060203093016387,-0.3186949329818669
2024-07-02,2021-06-30,QQQ,0.11838447186449286,-0.35118725001838746
2024-07-02,2021-06-30,selected,0.13317955749108967,-0.3186949329818667
2024-07-03,2021-07-01,QQQ,0.1220742361134004,-0.3511872500183866
2024-07-03,2021-07-01,selected,0.13689665586836663,-0.3186949329818677
2024-07-05,2021-07-02,QQQ,0.12581249550614726,-0.35118725001838713
2024-07-05,2021-07-02,selected,0.14066183400092314,-0.31869493298186735
2024-07-08,2021-07-06,QQQ,0.12242584026497383,-0.3511872500183867
2024-07-08,2021-07-06,selected,0.13723761729736728,-0.31869493298186724
2024-07-09,2021-07-07,QQQ,0.1211364752642543,-0.35118725001838735
2024-07-09,2021-07-07,selected,0.1359296044303424,-0.3186949329818666
2024-07-10,2021-07-08,QQQ,0.12422937395749334,-0.351187250018387
2024-07-10,2021-07-08,selected,0.13903062122994436,-0.318694932981867
2024-07-11,2021-07-09,QQQ,0.11820612608357894,-0.35118725001838746
2024-07-11,2021-07-09,selected,0.13302585941056733,-0.31869493298186724
2024-07-12,2021-07-12,QQQ,0.11806941556296513,-0.351187250018387
2024-07-12,2021-07-12,selected,0.13289758722498868,-0.3186949329818669
2024-07-15,2021-07-13,QQQ,0.11761708206113752,-0.351187250018388
2024-07-15,2021-07-13,selected,0.1324335085260755,-0.3186949329818668
2024-07-16,2021-07-14,QQQ,0.11775974329861838,-0.351187250018388
2024-07-16,2021-07-14,selected,0.13261877663548338,-0.31869493298186735
2024-07-17,2021-07-15,QQQ,0.1060529399874448,-0.35118725001838735
2024-07-17,2021-07-15,selected,0.12084780189386723,-0.318694932981867
2024-07-18,2021-07-16,QQQ,0.10690286738709998,-0.351187250018387
2024-07-18,2021-07-16,selected,0.12167674644146254,-0.31869493298186713
2024-07-19,2021-07-19,QQQ,0.10661845846125773,-0.3511872500183878
2024-07-19,2021-07-19,selected,0.12137508344765724,-0.318694932981867
2024-07-22,2021-07-20,QQQ,0.11514089169065023,-0.3511872500183877
2024-07-22,2021-07-20,selected,0.12991978947923988,-0.31869493298186746
2024-07-23,2021-07-21,QQQ,0.10954935684758182,-0.35118725001838735
2024-07-23,2021-07-21,selected,0.12431685128483605,-0.31869493298186746
2024-07-24,2021-07-22,QQQ,0.09331448323473501,-0.35118725001838835
2024-07-24,2021-07-22,selected,0.10804069952738193,-0.31869493298186746
2024-07-25,2021-07-23,QQQ,0.08689105005391706,-0.35118725001838724
2024-07-25,2021-07-23,selected,0.1015689980303085,-0.31869493298186746
2024-07-26,2021-07-26,QQQ,0.08638178930642004,-0.3511872500183877
2024-07-26,2021-07-26,selected,0.10108326293911807,-0.318694932981867
2024-07-29,2021-07-27,QQQ,0.08682352240128322,-0.351187250018388
2024-07-29,2021-07-27,selected,0.10153300359199013,-0.318694932981867
2024-07-30,2021-07-28,QQQ,0.08582862123542756,-0.35118725001838735
2024-07-30,2021-07-28,selected,0.10053823780916638,-0.318694932981867
2024-07-31,2021-07-29,QQQ,0.09503543207989051,-0.35118725001838713
2024-07-31,2021-07-29,selected,0.10980759101447934,-0.31869493298186713
2024-08-01,2021-07-30,QQQ,0.08547939132589466,-0.351187250018387
2024-08-01,2021-07-30,selected,0.10021498533995121,-0.31869493298186724
2024-08-02,2021-08-02,QQQ,0.07869987319767935,-0.351187250018387
2024-08-02,2021-08-02,selected,0.09482006635495988,-0.31869493298186735
2024-08-05,2021-08-03,QQQ,0.06784131370943136,-0.3511872500183868
2024-08-05,2021-08-03,selected,0.08508171383737362,-0.3186949329818667
2024-08-06,2021-08-04,QQQ,0.06907603818962804,-0.3511872500183878
2024-08-06,2021-08-04,selected,0.08557310831874587,-0.3186949329818667
2024-08-07,2021-08-05,QQQ,0.06469013442710003,-0.351187250018387
2024-08-07,2021-08-05,selected,0.08166328878594475,-0.31869493298186724
2024-08-08,2021-08-06,QQQ,0.0731737066574023,-0.35118725001838713
2024-08-08,2021-08-06,selected,0.08897191126375148,-0.31869493298186735
2024-08-09,2021-08-09,QQQ,0.07661357223551413,-0.3511872500183869
2024-08-09,2021-08-09,selected,0.09235921367123123,-0.31869493298186713
2024-08-12,2021-08-10,QQQ,0.07672316785729905,-0.3511872500183877
2024-08-12,2021-08-10,selected,0.09274991318434056,-0.3186949329818668
2024-08-13,2021-08-11,QQQ,0.08741711044505851,-0.3511872500183876
2024-08-13,2021-08-11,selected,0.10233866470465958,-0.3186949329818669
2024-08-14,2021-08-12,QQQ,0.08815797861211183,-0.35118725001838724
2024-08-14,2021-08-12,selected,0.10294484185123354,-0.31869493298186724
2024-08-15,2021-08-13,QQQ,0.09593005899466633,-0.35118725001838746
2024-08-15,2021-08-13,selected,0.1094904648912578,-0.31869493298186735
2024-08-16,2021-08-16,QQQ,0.09511975573816489,-0.3511872500183867
2024-08-16,2021-08-16,selected,0.10906828429209381,-0.31869493298186735
2024-08-19,2021-08-17,QQQ,0.09973520916533052,-0.35118725001838735
2024-08-19,2021-08-17,selected,0.11308143093219258,-0.3186949329818677
2024-08-20,2021-08-18,QQQ,0.10221096993388334,-0.35118725001838735
2024-08-20,2021-08-18,selected,0.11579372617242312,-0.3186949329818677
2024-08-21,2021-08-19,QQQ,0.10748637554034746,-0.3511872500183878
2024-08-21,2021-08-19,selected,0.12087021845100265,-0.31869493298186713
2024-08-22,2021-08-20,QQQ,0.09983382676086205,-0.3511872500183876
2024-08-22,2021-08-20,selected,0.11369201086274217,-0.3186949329818668
2024-08-23,2021-08-23,QQQ,0.1000104613913495,-0.35118725001838713
2024-08-23,2021-08-23,selected,0.11361798461579165,-0.31869493298186735
2024-08-26,2021-08-24,QQQ,0.09102676069702986,-0.351187250018388
2024-08-26,2021-08-24,selected,0.1051735455228604,-0.3186949329818668
2024-08-27,2021-08-25,QQQ,0.0910024509490488,-0.3511872500183866
2024-08-27,2021-08-25,selected,0.1050059647050483,-0.3186949329818676
2024-08-28,2021-08-26,QQQ,0.08644417843049768,-0.35118725001838813
2024-08-28,2021-08-26,selected,0.1008835273126385,-0.31869493298186713
2024-08-29,2021-08-27,QQQ,0.08822211248597345,-0.3511872500183878
2024-08-29,2021-08-27,selected,0.10283683162365098,-0.3186949329818669
2024-08-30,2021-08-30,QQQ,0.08901169599146841,-0.35118725001838724
2024-08-30,2021-08-30,selected,0.10284800222035706,-0.31869493298186713
2024-09-03,2021-08-31,QQQ,0.07387489757901378,-0.35118725001838746
2024-09-03,2021-08-31,selected,0.08928236926209188,-0.31869493298186713
2024-09-04,2021-09-01,QQQ,0.07323562025435204,-0.3511872500183877
2024-09-04,2021-09-01,selected,0.0886717739256464,-0.3186949329818668
2024-09-05,2021-09-02,QQQ,0.07297690711332594,-0.3511872500183877
2024-09-05,2021-09-02,selected,0.08844650920124963,-0.318694932981867
2024-09-06,2021-09-03,QQQ,0.06347697262659957,-0.35118725001838735
2024-09-06,2021-09-03,selected,0.07913931443126998,-0.31869493298186735
2024-09-09,2021-09-07,QQQ,0.06692341573331917,-0.3511872500183877
2024-09-09,2021-09-07,selected,0.08250856068746182,-0.31869493298186724
2024-09-10,2021-09-08,QQQ,0.06969582037139066,-0.3511872500183878
2024-09-10,2021-09-08,selected,0.0852763347109542,-0.3186949329818677
2024-09-11,2021-09-09,QQQ,0.07863629426328234,-0.35118725001838724
2024-09-11,2021-09-09,selected,0.09402334367833465,-0.318694932981867
2024-09-12,2021-09-10,QQQ,0.08339793637106552,-0.35118725001838724
2024-09-12,2021-09-10,selected,0.0987734042866586,-0.3186949329818676
2024-09-13,2021-09-13,QQQ,0.08777226676294969,-0.3511872500183879
2024-09-13,2021-09-13,selected,0.10321144524775305,-0.31869493298186746
2024-09-16,2021-09-14,QQQ,0.08641811013223766,-0.351187250018387
2024-09-16,2021-09-14,selected,0.10192065124973682,-0.31869493298186713
2024-09-17,2021-09-15,QQQ,0.08764114340625673,-0.35118725001838713
2024-09-17,2021-09-15,selected,0.1030939450523034,-0.3186949329818669
2024-09-18,2021-09-16,QQQ,0.08339090707682528,-0.35118725001838724
2024-09-18,2021-09-16,selected,0.09880714022700832,-0.31869493298186713
2024-09-19,2021-09-17,QQQ,0.09219561281561717,-0.35118725001838735
2024-09-19,2021-09-17,selected,0.10748339647309435,-0.3186949329818667
2024-09-20,2021-09-20,QQQ,0.09584508568133154,-0.3511872500183869
2024-09-20,2021-09-20,selected,0.11127421550200789,-0.31869493298186813
2024-09-23,2021-09-21,QQQ,0.10447287550992823,-0.3511872500183876
2024-09-23,2021-09-21,selected,0.11990888033515823,-0.3186949329818666
2024-09-24,2021-09-22,QQQ,0.10579251247975496,-0.351187250018388
2024-09-24,2021-09-22,selected,0.12123772411736167,-0.31869493298186635
2024-09-25,2021-09-23,QQQ,0.10271146822172339,-0.3511872500183879
2024-09-25,2021-09-23,selected,0.1181219690936064,-0.31869493298186746
2024-09-26,2021-09-24,QQQ,0.10208689729980058,-0.35118725001838735
2024-09-26,2021-09-24,selected,0.11746443721160671,-0.31869493298186724
2024-09-27,2021-09-27,QQQ,0.09969786698048178,-0.35118725001838735
2024-09-27,2021-09-27,selected,0.11511901919969914,-0.3186949329818676
2024-09-30,2021-09-28,QQQ,0.10363534814241837,-0.35118725001838813
2024-09-30,2021-09-28,selected,0.11900408933395412,-0.31869493298186713
2024-10-01,2021-09-29,QQQ,0.10904724042479264,-0.35118725001838746
2024-10-01,2021-09-29,selected,0.12469613588459039,-0.31869493298186746
2024-10-02,2021-09-30,QQQ,0.11017638600235302,-0.35118725001838735
2024-10-02,2021-09-30,selected,0.1258140339508207,-0.31869493298186813
2024-10-03,2021-10-01,QQQ,0.11126240096683104,-0.3511872500183867
2024-10-03,2021-10-01,selected,0.12687922925344686,-0.31869493298186624
2024-10-04,2021-10-04,QQQ,0.1133555406439739,-0.351187250018387
2024-10-04,2021-10-04,selected,0.12896262819040727,-0.31869493298186746
2024-10-07,2021-10-05,QQQ,0.11723807794282859,-0.35118725001838713
2024-10-07,2021-10-05,selected,0.1328325470966254,-0.31869493298186735
2024-10-08,2021-10-06,QQQ,0.11776540934432789,-0.35118725001838724
2024-10-08,2021-10-06,selected,0.13336515087008927,-0.3186949329818676
2024-10-09,2021-10-07,QQQ,0.11830586948527766,-0.3511872500183879
2024-10-09,2021-10-07,selected,0.13388178972637998,-0.3186949329818669
2024-10-10,2021-10-08,QQQ,0.11448427008872541,-0.3511872500183879
2024-10-10,2021-10-08,selected,0.13006771098672498,-0.3186949329818679
2024-10-11,2021-10-11,QQQ,0.11692434403518148,-0.35118725001838735
2024-10-11,2021-10-11,selected,0.13253847237285377,-0.31869493298186724
2024-10-14,2021-10-12,QQQ,0.12291807123876186,-0.3511872500183877
2024-10-14,2021-10-12,selected,0.1385675579335739,-0.318694932981867
2024-10-15,2021-10-13,QQQ,0.11919496471766844,-0.35118725001838735
2024-10-15,2021-10-13,selected,0.13482594061815067,-0.3186949329818669
2024-10-16,2021-10-14,QQQ,0.11626890955680369,-0.3511872500183878
2024-10-16,2021-10-14,selected,0.13187208426665742,-0.3186949329818667
2024-10-17,2021-10-15,QQQ,0.10975515107471012,-0.3511872500183866
2024-10-17,2021-10-15,selected,0.12531883523407394,-0.31869493298186713
2024-10-18,2021-10-18,QQQ,0.10984854331346527,-0.3511872500183876
2024-10-18,2021-10-18,selected,0.12545402571345776,-0.31869493298186746
2024-10-21,2021-10-19,QQQ,0.10686107217474805,-0.3511872500183876
2024-10-21,2021-10-19,selected,0.12244853691515578,-0.31869493298186746
2024-10-22,2021-10-20,QQQ,0.10448412202501012,-0.351187250018388
2024-10-22,2021-10-20,selected,0.12007393825987211,-0.3186949329818669
2024-10-23,2021-10-21,QQQ,0.09929182709447781,-0.3511872500183878
2024-10-23,2021-10-21,selected,0.11483367721639248,-0.31869493298186724
2024-10-24,2021-10-22,QQQ,0.10002037481889658,-0.35118725001838735
2024-10-24,2021-10-22,selected,0.1155781319960465,-0.3186949329818677
2024-10-25,2021-10-25,QQQ,0.10535484255491934,-0.35118725001838724
2024-10-25,2021-10-25,selected,0.12091287785367144,-0.3186949329818669
2024-10-28,2021-10-26,QQQ,0.10166749261636343,-0.35118725001838713
2024-10-28,2021-10-26,selected,0.11720487303820826,-0.3186949329818668
2024-10-29,2021-10-27,QQQ,0.10402713285991183,-0.3511872500183879
2024-10-29,2021-10-27,selected,0.11958530898927311,-0.31869493298186713
2024-10-30,2021-10-28,QQQ,0.10038811699708372,-0.35118725001838724
2024-10-30,2021-10-28,selected,0.11592905662307706,-0.3186949329818669
2024-10-31,2021-10-29,QQQ,0.08704105517017613,-0.351187250018388
2024-10-31,2021-10-29,selected,0.10251300425000287,-0.31869493298186724
2024-11-01,2021-11-01,QQQ,0.08793444852872834,-0.3511872500183876
2024-11-01,2021-11-01,selected,0.10340080139016083,-0.31869493298186646
2024-11-04,2021-11-02,QQQ,0.08564121785028123,-0.35118725001838724
2024-11-04,2021-11-02,selected,0.10110092953493566,-0.31869493298186735
2024-11-05,2021-11-03,QQQ,0.0887228372046811,-0.3511872500183879
2024-11-05,2021-11-03,selected,0.10420664325749951,-0.31869493298186735
2024-11-06,2021-11-04,QQQ,0.09463289933012087,-0.35118725001838846
2024-11-06,2021-11-04,selected,0.11010265997538737,-0.3186949329818677
2024-11-07,2021-11-05,QQQ,0.09568580878187682,-0.35118725001838724
2024-11-07,2021-11-05,selected,0.11117149815385363,-0.31869493298186813
2024-11-08,2021-11-08,QQQ,0.09576400848150723,-0.35118725001838735
2024-11-08,2021-11-08,selected,0.11122655923848956,-0.31869493298186724
2024-11-11,2021-11-09,QQQ,0.09604604520887716,-0.3511872500183869
2024-11-11,2021-11-09,selected,0.11147856070252615,-0.3186949329818676
2024-11-12,2021-11-10,QQQ,0.09790922438597982,-0.3511872500183877
2024-11-12,2021-11-10,selected,0.11330992503876813,-0.318694932981867
2024-11-13,2021-11-11,QQQ,0.10286774965276124,-0.3511872500183868
2024-11-13,2021-11-11,selected,0.11826101423577695,-0.3186949329818668
2024-11-14,2021-11-12,QQQ,0.0992919369291414,-0.35118725001838735
2024-11-14,2021-11-12,selected,0.11466596148243968,-0.31869493298186746
2024-11-15,2021-11-15,QQQ,0.08669278211925646,-0.35118725001838724
2024-11-15,2021-11-15,selected,0.10202149983622211,-0.3186949329818666
2024-11-18,2021-11-16,QQQ,0.08928642722216185,-0.3511872500183877
2024-11-18,2021-11-16,selected,0.10465803543445751,-0.3186949329818667
2024-11-19,2021-11-17,QQQ,0.08919943784614581,-0.35118725001838713
2024-11-19,2021-11-17,selected,0.10459993946120871,-0.31869493298186746
2024-11-20,2021-11-18,QQQ,0.088798525665307,-0.35118725001838735
2024-11-20,2021-11-18,selected,0.10418711366129951,-0.3186949329818669
2024-11-21,2021-11-19,QQQ,0.08636331326102775,-0.35118725001838746
2024-11-21,2021-11-19,selected,0.10176255728215367,-0.31869493298186646
2024-11-22,2021-11-22,QQQ,0.0849312730542513,-0.3511872500183879
2024-11-22,2021-11-22,selected,0.10034128359123562,-0.318694932981867
2024-11-25,2021-11-23,QQQ,0.08973630049256265,-0.35118725001838724
2024-11-25,2021-11-23,selected,0.10517738940790222,-0.3186949329818667
2024-11-26,2021-11-24,QQQ,0.0933468817372598,-0.35118725001838746
2024-11-26,2021-11-24,selected,0.10882682822002976,-0.31869493298186746
2024-11-27,2021-11-26,QQQ,0.08930180654382691,-0.35118725001838735
2024-11-27,2021-11-26,selected,0.10476451081654026,-0.3186949329818668
2024-11-29,2021-11-29,QQQ,0.09947566404299124,-0.3511872500183866
2024-11-29,2021-11-29,selected,0.11499138147952759,-0.31869493298186713
2024-12-02,2021-11-30,QQQ,0.09558257231823664,-0.35118725001838713
2024-12-02,2021-11-30,selected,0.11106383717167634,-0.3186949329818678
2024-12-03,2021-12-01,QQQ,0.10212327905860197,-0.3511872500183879
2024-12-03,2021-12-01,selected,0.11763770639635229,-0.3186949329818676
2024-12-04,2021-12-02,QQQ,0.11299437685559366,-0.3511872500183878
2024-12-04,2021-12-02,selected,0.12855003526171838,-0.318694932981867
2024-12-05,2021-12-03,QQQ,0.10930671338383835,-0.3511872500183876
2024-12-05,2021-12-03,selected,0.12484308093770369,-0.31869493298186724
2024-12-06,2021-12-06,QQQ,0.11913088704328256,-0.3511872500183869
2024-12-06,2021-12-06,selected,0.13467927674122038,-0.3186949329818669
2024-12-09,2021-12-07,QQQ,0.11325269249760961,-0.3511872500183877
2024-12-09,2021-12-07,selected,0.12878794490888001,-0.318694932981867
2024-12-10,2021-12-08,QQQ,0.10104375444876834,-0.35118725001838713
2024-12-10,2021-12-08,selected,0.11653917346045595,-0.3186949329818676
2024-12-11,2021-12-09,QQQ,0.10592829063333076,-0.35118725001838735
2024-12-11,2021-12-09,selected,0.12145736812429542,-0.3186949329818676
2024-12-12,2021-12-10,QQQ,0.10901044183098851,-0.351187250018388
2024-12-12,2021-12-10,selected,0.12453134202845573,-0.31869493298186646
2024-12-13,2021-12-13,QQQ,0.10783310582377448,-0.3511872500183876
2024-12-13,2021-12-13,selected,0.12332263524702847,-0.31869493298186713
2024-12-16,2021-12-14,QQQ,0.11853815781946553,-0.35118725001838713
2024-12-16,2021-12-14,selected,0.1340524516734214,-0.3186949329818668
2024-12-17,2021-12-15,QQQ,0.12077388371329034,-0.35118725001838746
2024-12-17,2021-12-15,selected,0.1363077983517207,-0.31869493298186746
2024-12-18,2021-12-16,QQQ,0.09884299659365126,-0.351187250018388
2024-12-18,2021-12-16,selected,0.11424669133004994,-0.31869493298186735
2024-12-19,2021-12-17,QQQ,0.10677874091452466,-0.3511872500183876
2024-12-19,2021-12-17,selected,0.12218906164333587,-0.31869493298186746
2024-12-20,2021-12-20,QQQ,0.11184303370676996,-0.35118725001838724
2024-12-20,2021-12-20,selected,0.12729699632548397,-0.31869493298186746
2024-12-23,2021-12-21,QQQ,0.11907247254719433,-0.3511872500183877
2024-12-23,2021-12-21,selected,0.13455337668832956,-0.3186949329818669
2024-12-24,2021-12-22,QQQ,0.1158449943990465,-0.3511872500183876
2024-12-24,2021-12-22,selected,0.13132406676663977,-0.3186949329818677
2024-12-26,2021-12-23,QQQ,0.11109983145900859,-0.351187250018388
2024-12-26,2021-12-23,selected,0.1265523307895815,-0.31869493298186724
2024-12-27,2021-12-27,QQQ,0.10338858864041689,-0.3511872500183876
2024-12-27,2021-12-27,selected,0.1187994537979562,-0.31869493298186813
2024-12-30,2021-12-28,QQQ,0.09248942452544484,-0.35118725001838824
2024-12-30,2021-12-28,selected,0.10785099383764774,-0.3186949329818677
2024-12-31,2021-12-29,QQQ,0.09107535465705707,-0.348279724720968
2024-12-31,2021-12-29,selected,0.1064404285395657,-0.315634941839275
2025-01-02,2021-12-30,QQQ,0.09041774077620612,-0.34827972472096747
2025-01-02,2021-12-30,selected,0.10580709047934822,-0.3156349418392751
2025-01-03,2021-12-31,QQQ,0.0974281305028526,-0.34827972472096846
2025-01-03,2021-12-31,selected,0.11282236153807457,-0.3156349418392743
2025-01-06,2022-01-03,QQQ,0.10391898504247865,-0.34827972472096713
2025-01-06,2022-01-03,selected,0.11931915731004383,-0.31563494183927543
2025-01-07,2022-01-04,QQQ,0.09381464016257457,-0.34827972472096824
2025-01-07,2022-01-04,selected,0.10921491303930231,-0.3156349418392749
2025-01-08,2022-01-05,QQQ,0.09864899376827974,-0.3397156297304147
2025-01-08,2022-01-05,selected,0.1139686495351191,-0.30693354663399075
2025-01-10,2022-01-06,QQQ,0.10430228842757883,-0.32416941634121
2025-01-10,2022-01-06,selected,0.11944136482684775,-0.2911149440333274
2025-01-13,2022-01-07,QQQ,0.10337650886612448,-0.3241694163412091
2025-01-13,2022-01-07,selected,0.1185421564903808,-0.2911149440333275
2025-01-14,2022-01-10,QQQ,0.10703925726354124,-0.32416941634120944
2025-01-14,2022-01-10,selected,0.12213588072588255,-0.2911149440333275
2025-01-15,2022-01-11,QQQ,0.1152198636637829,-0.3241694163412099
2025-01-15,2022-01-11,selected,0.13036765656735771,-0.2911149440333276
2025-01-16,2022-01-12,QQQ,0.10709336648230061,-0.32416941634121044
2025-01-16,2022-01-12,selected,0.12229232520972388,-0.2911149440333265
2025-01-17,2022-01-13,QQQ,0.11181953709174675,-0.32416941634120966
2025-01-17,2022-01-13,selected,0.12705508955135536,-0.29111494403332727
2025-01-21,2022-01-14,QQQ,0.12343616057606988,-0.3111156459788528
2025-01-21,2022-01-14,selected,0.13854215222112853,-0.27777028668566295
2025-01-22,2022-01-18,QQQ,0.12587346647063424,-0.3111156459788529
2025-01-22,2022-01-18,selected,0.14107536349919703,-0.2777702866856626
2025-01-23,2022-01-19,QQQ,0.13617827601781074,-0.29561754770384574
2025-01-23,2022-01-19,selected,0.15126227258494218,-0.2598045224426002
2025-01-24,2022-01-20,QQQ,0.1382166486906622,-0.2956175477038461
2025-01-24,2022-01-20,selected,0.15315730660031757,-0.25891321570712345
2025-01-27,2022-01-21,QQQ,0.1319836148201372,-0.2956175477038462
2025-01-27,2022-01-21,selected,0.146790392248054,-0.2589132157071239
2025-01-28,2022-01-24,QQQ,0.1482459916976564,-0.2956175477038461
2025-01-28,2022-01-24,selected,0.1628838964524093,-0.25891321570712356
2025-01-29,2022-01-25,QQQ,0.1457810638222652,-0.29561754770384574
2025-01-29,2022-01-25,selected,0.1604469536897517,-0.25891321570712345
2025-01-30,2022-01-26,QQQ,0.1564122427948922,-0.2956175477038462
2025-01-30,2022-01-26,selected,0.17096292425272042,-0.25891321570712367
2025-01-31,2022-01-27,QQQ,0.1564553048638304,-0.2956175477038464
2025-01-31,2022-01-27,selected,0.17108679211790245,-0.2589132157071242
2025-02-03,2022-01-28,QQQ,0.1572597722201412,-0.2956175477038463
2025-02-03,2022-01-28,selected,0.17183751250304224,-0.258913215707124
2025-02-04,2022-01-31,QQQ,0.1500738619179116,-0.2956175477038463
2025-02-04,2022-01-31,selected,0.16487367745181913,-0.2589132157071238
2025-02-05,2022-02-01,QQQ,0.13978865237684146,-0.29561754770384596
2025-02-05,2022-02-01,selected,0.1547777486952684,-0.25891321570712433
2025-02-06,2022-02-02,QQQ,0.13919063725194536,-0.2956175477038465
2025-02-06,2022-02-02,selected,0.154240372904205,-0.25891321570712356
2025-02-07,2022-02-03,QQQ,0.13132481931173623,-0.2956175477038463
2025-02-07,2022-02-03,selected,0.1468389356695774,-0.258913215707124
2025-02-10,2022-02-04,QQQ,0.15165083573315163,-0.29561754770384574
2025-02-10,2022-02-04,selected,0.16375180248955212,-0.25891321570712345
2025-02-11,2022-02-07,QQQ,0.14593762277670663,-0.2956175477038454
2025-02-11,2022-02-07,selected,0.15936592515917347,-0.258913215707124
2025-02-12,2022-02-08,QQQ,0.14925192012454236,-0.2956175477038455
2025-02-12,2022-02-08,selected,0.16172425472810326,-0.25891321570712356
2025-02-13,2022-02-09,QQQ,0.15044408699682688,-0.29561754770384585
2025-02-13,2022-02-09,selected,0.1639290268953908,-0.25891321570712433
2025-02-14,2022-02-10,QQQ,0.14402740670997205,-0.29561754770384585
2025-02-14,2022-02-10,selected,0.15910542736525257,-0.2589132157071241
2025-02-18,2022-02-11,QQQ,0.15366121318331394,-0.29561754770384585
2025-02-18,2022-02-11,selected,0.16735179221085228,-0.25891321570712367
2025-02-19,2022-02-14,QQQ,0.1662325138959304,-0.2956175477038464
2025-02-19,2022-02-14,selected,0.17619709547275653,-0.2589132157071238
2025-02-20,2022-02-15,QQQ,0.16409946057323266,-0.2956175477038464
2025-02-20,2022-02-15,selected,0.17427877000390546,-0.2589132157071238
2025-02-21,2022-02-16,QQQ,0.14656465722205048,-0.2956175477038463
2025-02-21,2022-02-16,selected,0.1593803178757216,-0.25891321570712367
2025-02-24,2022-02-17,QQQ,0.14213158568830697,-0.2956175477038464
2025-02-24,2022-02-17,selected,0.15448524123905716,-0.25891321570712356
2025-02-25,2022-02-18,QQQ,0.14881949294607244,-0.29561754770384663
2025-02-25,2022-02-18,selected,0.15795556432178115,-0.25891321570712367
2025-02-26,2022-02-22,QQQ,0.1541485099942992,-0.2956175477038461
2025-02-26,2022-02-22,selected,0.16217750363601824,-0.2589132157071242
2025-02-27,2022-02-23,QQQ,0.14721764025624906,-0.29561754770384563
2025-02-27,2022-02-23,selected,0.15425134777615757,-0.258913215707124
2025-02-28,2022-02-24,QQQ,0.16324313255093026,-0.2956175477038463
2025-02-28,2022-02-24,selected,0.16812805717167323,-0.25891321570712367
2025-03-03,2022-02-25,QQQ,0.1420436049208138,-0.2956175477038462
2025-03-03,2022-02-25,selected,0.15000077624250685,-0.25891321570712333
2025-03-04,2022-02-28,QQQ,0.13505665379205123,-0.2956175477038462
2025-03-04,2022-02-28,selected,0.14416550784562032,-0.25891321570712456
2025-03-05,2022-03-01,QQQ,0.13883783039242426,-0.2956175477038461
2025-03-05,2022-03-01,selected,0.1475442909839333,-0.2589132157071232
2025-03-06,2022-03-02,QQQ,0.1341158768824835,-0.2956175477038463
2025-03-06,2022-03-02,selected,0.14080690141470398,-0.2589132157071242
2025-03-07,2022-03-03,QQQ,0.130600288421727,-0.2956175477038464
2025-03-07,2022-03-03,selected,0.1402680092859283,-0.25891321570712367
2025-03-10,2022-03-04,QQQ,0.12116577131925244,-0.29561754770384596
2025-03-10,2022-03-04,selected,0.12845392756200003,-0.25891321570712356
2025-03-11,2022-03-07,QQQ,0.12573621751305164,-0.2956175477038461
2025-03-11,2022-03-07,selected,0.1299727774747068,-0.25891321570712345
2025-03-12,2022-03-08,QQQ,0.14419644164377976,-0.2956175477038455
2025-03-12,2022-03-08,selected,0.14301711577626008,-0.2589132157071239
2025-03-13,2022-03-09,QQQ,0.139060835900519,-0.29561754770384596
2025-03-13,2022-03-09,selected,0.13660404873462473,-0.25891321570712333
2025-03-14,2022-03-10,QQQ,0.13470953365764515,-0.29561754770384596
2025-03-14,2022-03-10,selected,0.13801845696428106,-0.25891321570712433
2025-03-17,2022-03-11,QQQ,0.1413972849618368,-0.29561754770384674
2025-03-17,2022-03-11,selected,0.14334821789040864,-0.25891321570712367
2025-03-18,2022-03-14,QQQ,0.1428295573305014,-0.2956175477038462
2025-03-18,2022-03-14,selected,0.1425491505996248,-0.25891321570712444
2025-03-19,2022-03-15,QQQ,0.1553483139798737,-0.29561754770384563
2025-03-19,2022-03-15,selected,0.1536969776019368,-0.25891321570712433
2025-03-20,2022-03-16,QQQ,0.14222169796267803,-0.29561754770384596
2025-03-20,2022-03-16,selected,0.14506736372266182,-0.25891321570712345
2025-03-21,2022-03-17,QQQ,0.12967926060807589,-0.29561754770384585
2025-03-21,2022-03-17,selected,0.13652575274907353,-0.25891321570712333
2025-03-24,2022-03-18,QQQ,0.13332786846527078,-0.29561754770384596
2025-03-24,2022-03-18,selected,0.14144666240279458,-0.25891321570712333
2025-03-25,2022-03-21,QQQ,0.127836529921872,-0.2956175477038462
2025-03-25,2022-03-21,selected,0.13868908162288984,-0.25891321570712356
2025-03-26,2022-03-22,QQQ,0.12191680988198561,-0.2956175477038463
2025-03-26,2022-03-22,selected,0.1324504773503672,-0.2589132157071239
2025-03-27,2022-03-23,QQQ,0.1125408959259373,-0.2956175477038463
2025-03-27,2022-03-23,selected,0.12589288328491688,-0.258913215707124
2025-03-28,2022-03-24,QQQ,0.10802397081734827,-0.29561754770384574
2025-03-28,2022-03-24,selected,0.11869847276776979,-0.25891321570712444
2025-03-31,2022-03-25,QQQ,0.09991861953898429,-0.29561754770384563
2025-03-31,2022-03-25,selected,0.11287192228987264,-0.2589132157071239
2025-04-01,2022-03-28,QQQ,0.10317304499592295,-0.2956175477038463
2025-04-01,2022-03-28,selected,0.11627369116189445,-0.2589132157071232
2025-04-02,2022-03-29,QQQ,0.10020508539861495,-0.29561754770384585
2025-04-02,2022-03-29,selected,0.11512707099644937,-0.25891321570712333
2025-04-03,2022-03-30,QQQ,0.07408480740660628,-0.29561754770384596
2025-04-03,2022-03-30,selected,0.09438213440006393,-0.25891321570712367
2025-04-04,2022-03-31,QQQ,0.05527084913054425,-0.29201265697990386
2025-04-04,2022-03-31,selected,0.07721631927888395,-0.25891321570712433
2025-04-07,2022-04-01,QQQ,0.06051895154657383,-0.2920126569799034
2025-04-07,2022-04-01,selected,0.07985836035658145,-0.25891321570712433
2025-04-08,2022-04-04,QQQ,0.05478378707757692,-0.29201265697990475
2025-04-08,2022-04-04,selected,0.07507359053366369,-0.2589132157071239
2025-04-09,2022-04-05,QQQ,0.0879857336130716,-0.2920126569799041
2025-04-09,2022-04-05,selected,0.10341506619801533,-0.2589132157071239
2025-04-10,2022-04-06,QQQ,0.08039329378544147,-0.27593533109761326
2025-04-10,2022-04-06,selected,0.09814747275806157,-0.24438177261890193
2025-04-11,2022-04-07,QQQ,0.09497012117703596,-0.26162185770442503
2025-04-11,2022-04-07,selected,0.1107312913342351,-0.2322858167192301
2025-04-14,2022-04-08,QQQ,0.09657005914532624,-0.2616218577044239
2025-04-14,2022-04-08,selected,0.11207358480262997,-0.2322858167192301
2025-04-15,2022-04-11,QQQ,0.1021371579489081,-0.25115357859727017
2025-04-15,2022-04-11,selected,0.11683502619377406,-0.2234847530334908
2025-04-16,2022-04-12,QQQ,0.09968737353457824,-0.24509985823504865
2025-04-16,2022-04-12,selected,0.11612441793170847,-0.21871623384128702
2025-04-17,2022-04-13,QQQ,0.10117409276647571,-0.24509985823504843
2025-04-17,2022-04-13,selected,0.11705523781617488,-0.21871623384128647
2025-04-21,2022-04-14,QQQ,0.08471410775250754,-0.24509985823504898
2025-04-21,2022-04-14,selected,0.10383439738108935,-0.2187162338412877
2025-04-22,2022-04-18,QQQ,0.10259350670869649,-0.24490353981280877
2025-04-22,2022-04-18,selected,0.1187655120901503,-0.21719059326681855
2025-04-23,2022-04-19,QQQ,0.11058198080984916,-0.2449035398128091
2025-04-23,2022-04-19,selected,0.12476543358856262,-0.21719059326681855
2025-04-24,2022-04-20,QQQ,0.11267320639033862,-0.2449035398128092
2025-04-24,2022-04-20,selected,0.1271270765923822,-0.21719059326681933
2025-04-25,2022-04-21,QQQ,0.1222753102238503,-0.2337277992405543
2025-04-25,2022-04-21,selected,0.13442663088102647,-0.21047660886105002
2025-04-28,2022-04-22,QQQ,0.13000461857849088,-0.2276830844704545
2025-04-28,2022-04-22,selected,0.14164346666376448,-0.21047660886105002
2025-04-29,2022-04-25,QQQ,0.14254800215043018,-0.2276830844704546
2025-04-29,2022-04-25,selected,0.15234143161728975,-0.2104766088610499
2025-04-30,2022-04-26,QQQ,0.13764936526175497,-0.22768308447045416
2025-04-30,2022-04-26,selected,0.1482803892747604,-0.2104766088610498
2025-05-01,2022-04-27,QQQ,0.157329007523479,-0.2276830844704545
2025-05-01,2022-04-27,selected,0.1638262380957467,-0.21047660886104969
2025-05-02,2022-04-28,QQQ,0.1634922362069009,-0.2276830844704545
2025-05-02,2022-04-28,selected,0.1683712800366366,-0.21047660886104946
2025-05-05,2022-04-29,QQQ,0.14775674009088302,-0.2276830844704546
2025-05-05,2022-04-29,selected,0.15656757998759496,-0.2104766088610499
2025-05-06,2022-05-02,QQQ,0.16188286937807628,-0.22768308447045482
2025-05-06,2022-05-02,selected,0.17065446512483806,-0.2104766088610498
2025-05-07,2022-05-03,QQQ,0.15699784395434158,-0.2276830844704547
2025-05-07,2022-05-03,selected,0.16648245256186422,-0.21047660886105002
2025-05-08,2022-05-04,QQQ,0.16055328518986633,-0.2276830844704545
2025-05-08,2022-05-04,selected,0.16748494562478977,-0.21047660886105013
2025-05-09,2022-05-05,QQQ,0.14750951103461807,-0.22768308447045482
2025-05-09,2022-05-05,selected,0.15869962372978463,-0.21047660886105002
2025-05-12,2022-05-06,QQQ,0.18309067337476015,-0.2276830844704547
2025-05-12,2022-05-06,selected,0.1811844120695738,-0.21047660886105002
2025-05-13,2022-05-09,QQQ,0.19385780161953048,-0.22768308447045482
2025-05-13,2022-05-09,selected,0.18839906741041146,-0.21047660886104969
2025-05-14,2022-05-10,QQQ,0.21225954637600597,-0.2276830844704547
2025-05-14,2022-05-10,selected,0.19933960425033548,-0.2104766088610499
2025-05-15,2022-05-11,QQQ,0.20783188072183267,-0.22768308447045482
2025-05-15,2022-05-11,selected,0.19824835438130006,-0.2104766088610499
2025-05-16,2022-05-12,QQQ,0.22178168644742446,-0.2276830844704547
2025-05-16,2022-05-12,selected,0.205556521239193,-0.21047660886104957
2025-05-19,2022-05-13,QQQ,0.22313670340172775,-0.22768308447045482
2025-05-19,2022-05-13,selected,0.20800529161733938,-0.2104766088610498
2025-05-20,2022-05-16,QQQ,0.20704570670302225,-0.22768308447045482
2025-05-20,2022-05-16,selected,0.19932519138506932,-0.2104766088610499
2025-05-21,2022-05-17,QQQ,0.20610665468434863,-0.2276830844704545
2025-05-21,2022-05-17,selected,0.19769693276300138,-0.21047660886105024
2025-05-22,2022-05-18,QQQ,0.19661511673341514,-0.2276830844704547
2025-05-22,2022-05-18,selected,0.19180719588391715,-0.2104766088610498
2025-05-23,2022-05-19,QQQ,0.21309420437135684,-0.2276830844704546
2025-05-23,2022-05-19,selected,0.20247011264863657,-0.2104766088610499
2025-05-27,2022-05-20,QQQ,0.22472480092502356,-0.2276830844704546
2025-05-27,2022-05-20,selected,0.2089012895362301,-0.21047660886104946
2025-05-28,2022-05-23,QQQ,0.22418227136137614,-0.22768308447045482
2025-05-28,2022-05-23,selected,0.20778388168272932,-0.21047660886104969
2025-05-29,2022-05-24,QQQ,0.21826874341583213,-0.22768308447045482
2025-05-29,2022-05-24,selected,0.20465337785042736,-0.21047660886105002
2025-05-30,2022-05-25,QQQ,0.22638203923026845,-0.2276830844704546
2025-05-30,2022-05-25,selected,0.20830837838314764,-0.2104766088610498
2025-06-02,2022-05-26,QQQ,0.22391926518108551,-0.2276830844704546
2025-06-02,2022-05-26,selected,0.2082672037041835,-0.2104766088610499
2025-06-03,2022-05-27,QQQ,0.21597175589488948,-0.2276830844704547
2025-06-03,2022-05-27,selected,0.20452783114707063,-0.21047660886105013
2025-06-04,2022-05-31,QQQ,0.2041399045993637,-0.22768308447045482
2025-06-04,2022-05-31,selected,0.19731568514841036,-0.21047660886104969
2025-06-05,2022-06-01,QQQ,0.20217509132362133,-0.22768308447045482
2025-06-05,2022-06-01,selected,0.19622658425605133,-0.21047660886105002
2025-06-06,2022-06-02,QQQ,0.2090676419848334,-0.22768308447045493
2025-06-06,2022-06-02,selected,0.2015985623537735,-0.21047660886104969
2025-06-09,2022-06-03,QQQ,0.19881562150756182,-0.22768308447045482
2025-06-09,2022-06-03,selected,0.19570126427680257,-0.21047660886105002
2025-06-10,2022-06-06,QQQ,0.2120575389663364,-0.2276830844704547
2025-06-10,2022-06-06,selected,0.20455947245791695,-0.21047660886104969
2025-06-11,2022-06-07,QQQ,0.20935346132526012,-0.22768308447045482
2025-06-11,2022-06-07,selected,0.20332904582243638,-0.2104766088610499
2025-06-12,2022-06-08,QQQ,0.2068389847391532,-0.22768308447045482
2025-06-12,2022-06-08,selected,0.20165504174330073,-0.21047660886104957
2025-06-13,2022-06-09,QQQ,0.20466403931278743,-0.2276830844704547
2025-06-13,2022-06-09,selected,0.1987910067059231,-0.21047660886105002
2025-06-16,2022-06-10,QQQ,0.2212260929300356,-0.22768308447045504
2025-06-16,2022-06-10,selected,0.21036238347096514,-0.21047660886104969
2025-06-17,2022-06-13,QQQ,0.2319007107505915,-0.2276830844704545
2025-06-17,2022-06-13,selected,0.21318876530332842,-0.21047660886105024
2025-06-18,2022-06-14,QQQ,0.2515366397513348,-0.2276830844704545
2025-06-18,2022-06-14,selected,0.22666457658322714,-0.2104766088610499
2025-06-20,2022-06-15,QQQ,0.24907565030949308,-0.22768308447045482
2025-06-20,2022-06-15,selected,0.22609415067522876,-0.2104766088610498
2025-06-23,2022-06-16,QQQ,0.2430797045401254,-0.2276830844704547
2025-06-23,2022-06-16,selected,0.22346531908840794,-0.21047660886104957
2025-06-24,2022-06-17,QQQ,0.2666534476189182,-0.2276830844704547
2025-06-24,2022-06-17,selected,0.23746140428684193,-0.21047660886105002
2025-06-25,2022-06-21,QQQ,0.26263477264117396,-0.2276830844704545
2025-06-25,2022-06-21,selected,0.23665523293663715,-0.2104766088610499
2025-06-26,2022-06-22,QQQ,0.25608210858106073,-0.2276830844704547
2025-06-26,2022-06-22,selected,0.23556458099261213,-0.2104766088610498
2025-06-27,2022-06-23,QQQ,0.2581260007688766,-0.22768308447045493
2025-06-27,2022-06-23,selected,0.23585699948870453,-0.21047660886105002
2025-06-30,2022-06-24,QQQ,0.25463868148401003,-0.2276830844704545
2025-06-30,2022-06-24,selected,0.235163623934997,-0.2104766088610498
2025-07-01,2022-06-27,QQQ,0.2371321940015021,-0.2276830844704546
2025-07-01,2022-06-27,selected,0.22477162583998211,-0.2104766088610499
2025-07-02,2022-06-28,QQQ,0.2430431850844026,-0.2276830844704547
2025-07-02,2022-06-28,selected,0.22926994635432152,-0.21047660886105035
2025-07-03,2022-06-29,QQQ,0.26003581836647816,-0.22768308447045482
2025-07-03,2022-06-29,selected,0.2397479675938432,-0.21047660886105002
2025-07-07,2022-06-30,QQQ,0.25648005450892963,-0.2276830844704547
2025-07-07,2022-06-30,selected,0.2359865291254466,-0.21047660886105002
2025-07-08,2022-07-01,QQQ,0.26195416574568076,-0.2276830844704545
2025-07-08,2022-07-01,selected,0.23880232200960805,-0.2104766088610498
2025-07-09,2022-07-05,QQQ,0.26215408206975077,-0.2276830844704545
2025-07-09,2022-07-05,selected,0.23953792404206897,-0.2104766088610499
2025-07-10,2022-07-06,QQQ,0.2544308693002657,-0.22768308447045482
2025-07-10,2022-07-06,selected,0.23638044181810103,-0.2104766088610499
2025-07-11,2022-07-07,QQQ,0.25082126521877846,-0.22768308447045493
2025-07-11,2022-07-07,selected,0.2350552966031898,-0.21047660886105013
2025-07-14,2022-07-08,QQQ,0.2435242267556652,-0.2276830844704547
2025-07-14,2022-07-08,selected,0.23150557306741404,-0.21047660886104969
2025-07-15,2022-07-11,QQQ,0.2433844826385212,-0.22768308447045493
2025-07-15,2022-07-11,selected,0.23185823568455888,-0.2104766088610499
2025-07-16,2022-07-12,QQQ,0.25279474881977837,-0.2276830844704545
2025-07-16,2022-07-12,selected,0.23738957300755015,-0.2104766088610499
2025-07-17,2022-07-13,QQQ,0.26024783042796584,-0.22768308447045482
2025-07-17,2022-07-13,selected,0.2432190141038959,-0.2104766088610499
2025-07-18,2022-07-14,QQQ,0.26071067026042827,-0.2276830844704547
2025-07-18,2022-07-14,selected,0.24282516983457358,-0.21047660886105013
2025-07-21,2022-07-15,QQQ,0.26138610873447243,-0.2276830844704547
2025-07-21,2022-07-15,selected,0.24516184597146173,-0.21047660886104957
2025-07-22,2022-07-18,QQQ,0.2516832107146356,-0.2276830844704546
2025-07-22,2022-07-18,selected,0.23852791180878485,-0.21047660886104969
2025-07-23,2022-07-19,QQQ,0.25713971380094014,-0.2276830844704546
2025-07-23,2022-07-19,selected,0.24292015952893853,-0.2104766088610499
2025-07-24,2022-07-20,QQQ,0.24539308820923988,-0.2276830844704546
2025-07-24,2022-07-20,selected,0.23613524531997232,-0.21047660886105002
2025-07-25,2022-07-21,QQQ,0.23987237178421594,-0.22768308447045482
2025-07-25,2022-07-21,selected,0.23391524984426182,-0.21047660886104969
2025-07-28,2022-07-22,QQQ,0.23527996964856435,-0.22768308447045438
2025-07-28,2022-07-22,selected,0.23037252826394328,-0.2104766088610499
2025-07-29,2022-07-25,QQQ,0.24194395329311624,-0.22768308447045493
2025-07-29,2022-07-25,selected,0.23326092359071682,-0.21047660886105013
2025-07-30,2022-07-26,QQQ,0.24486626060566286,-0.2276830844704546
2025-07-30,2022-07-26,selected,0.23540354131657626,-0.21047660886104957
2025-07-31,2022-07-27,QQQ,0.2509109084199139,-0.22768308447045493
2025-07-31,2022-07-27,selected,0.23806142090008664,-0.2104766088610499
2025-08-01,2022-07-28,QQQ,0.2256154113190263,-0.2276830844704547
2025-08-01,2022-07-28,selected,0.2193704439423747,-0.21047660886104969
2025-08-04,2022-07-29,QQQ,0.2291146042164771,-0.22768308447045438
2025-08-04,2022-07-29,selected,0.22290901175298794,-0.21047660886104969
2025-08-05,2022-08-01,QQQ,0.21896104983654774,-0.22768308447045482
2025-08-05,2022-08-01,selected,0.21551772021454463,-0.2104766088610499
2025-08-06,2022-08-02,QQQ,0.2242983652688948,-0.2276830844704547
2025-08-06,2022-08-02,selected,0.21975750008797768,-0.2104766088610498
2025-08-07,2022-08-03,QQQ,0.22689863299978552,-0.2276830844704547
2025-08-07,2022-08-03,selected,0.22252052210354578,-0.2104766088610498
2025-08-08,2022-08-04,QQQ,0.2197286272548069,-0.2276830844704545
2025-08-08,2022-08-04,selected,0.21542610567660603,-0.21047660886105002
2025-08-11,2022-08-05,QQQ,0.21663088785128726,-0.22768308447045482
2025-08-11,2022-08-05,selected,0.21232671571103712,-0.21047660886105002
2025-08-12,2022-08-08,QQQ,0.22505179571436074,-0.2276830844704547
2025-08-12,2022-08-08,selected,0.22066250024468448,-0.21047660886105013
2025-08-13,2022-08-09,QQQ,0.22657885932643085,-0.2276830844704545
2025-08-13,2022-08-09,selected,0.2221562737308458,-0.2104766088610499
2025-08-14,2022-08-10,QQQ,0.23092364526771303,-0.2276830844704545
2025-08-14,2022-08-10,selected,0.22641944692188365,-0.2104766088610498
2025-08-15,2022-08-11,QQQ,0.2178895628019144,-0.2276830844704547
2025-08-15,2022-08-11,selected,0.21356124619799588,-0.21047660886105002
2025-08-18,2022-08-12,QQQ,0.22004052241369365,-0.2276830844704547
2025-08-18,2022-08-12,selected,0.21569619497067594,-0.2104766088610499
2025-08-19,2022-08-15,QQQ,0.20671627489158184,-0.22768308447045438
2025-08-19,2022-08-15,selected,0.20252568627751133,-0.21047660886105002
2025-08-20,2022-08-16,QQQ,0.201096488513961,-0.2276830844704546
2025-08-20,2022-08-16,selected,0.19701250742597431,-0.2104766088610499
2025-08-21,2022-08-17,QQQ,0.20017768037152828,-0.22768308447045482
2025-08-21,2022-08-17,selected,0.19609427842541427,-0.21047660886105024
2025-08-22,2022-08-18,QQQ,0.21093966782506812,-0.2276830844704547
2025-08-22,2022-08-18,selected,0.20675008546522866,-0.21047660886105002
2025-08-25,2022-08-19,QQQ,0.208805879189911,-0.2276830844704546
2025-08-25,2022-08-19,selected,0.20463640275776762,-0.21047660886105002
2025-08-26,2022-08-22,QQQ,0.21839207520002502,-0.2276830844704545
2025-08-26,2022-08-22,selected,0.21412481167514086,-0.2104766088610499
2025-08-27,2022-08-23,QQQ,0.2299053219998668,-0.2276830844704545
2025-08-27,2022-08-23,selected,0.22550089401713058,-0.21047660886104957
2025-08-28,2022-08-24,QQQ,0.23280629006480513,-0.2276830844704546
2025-08-28,2022-08-24,selected,0.22836969427821296,-0.2104766088610499
2025-08-29,2022-08-25,QQQ,0.22684742348036724,-0.2276830844704545
2025-08-29,2022-08-25,selected,0.22249901225341473,-0.21047660886104969
2025-09-02,2022-08-26,QQQ,0.21628388283828937,-0.2276830844704547
2025-09-02,2022-08-26,selected,0.2120901855514421,-0.21047660886104969
2025-09-03,2022-08-29,QQQ,0.23659674511621986,-0.22768308447045482
2025-09-03,2022-08-29,selected,0.2321627571290794,-0.21047660886105024
2025-09-04,2022-08-30,QQQ,0.24441824869978612,-0.2276830844704547
2025-09-04,2022-08-30,selected,0.23987983718676564,-0.21047660886104969
2025-09-05,2022-08-31,QQQ,0.2496726412823027,-0.2276830844704547
2025-09-05,2022-08-31,selected,0.24510636534533492,-0.21047660886105002
2025-09-08,2022-09-01,QQQ,0.2541363032028272,-0.2276830844704545
2025-09-08,2022-09-01,selected,0.2495496792295271,-0.21047660886105013
2025-09-09,2022-09-02,QQQ,0.25513793288144915,-0.22768308447045482
2025-09-09,2022-09-02,selected,0.25055300240480327,-0.21047660886105013
2025-09-10,2022-09-06,QQQ,0.26124274106270406,-0.22768308447045493
2025-09-10,2022-09-06,selected,0.2558069062692272,-0.2104766088610499
2025-09-11,2022-09-07,QQQ,0.2667250057810744,-0.2276830844704545
2025-09-11,2022-09-07,selected,0.2611651437507321,-0.21047660886104969
2025-09-12,2022-09-08,QQQ,0.26015821976892406,-0.2276830844704547
2025-09-12,2022-09-08,selected,0.2551571208404875,-0.2104766088610498
2025-09-15,2022-09-09,QQQ,0.2615661627697523,-0.22768308447045493
2025-09-15,2022-09-09,selected,0.2569943091598932,-0.21047660886105024
2025-09-16,2022-09-12,QQQ,0.2521512970547335,-0.2276830844704546
2025-09-16,2022-09-12,selected,0.24856153849694196,-0.2104766088610499
2025-09-17,2022-09-13,QQQ,0.24639906666473843,-0.2276830844704547
2025-09-17,2022-09-13,selected,0.24333763932860109,-0.21047660886104969
2025-09-18,2022-09-14,QQQ,0.2738578491730357,-0.22768308447045493
2025-09-18,2022-09-14,selected,0.26808868570517275,-0.21047660886105013
2025-09-19,2022-09-15,QQQ,0.2733675564409801,-0.22768308447045482
2025-09-19,2022-09-15,selected,0.2679915686781824,-0.2104766088610499
2025-09-22,2022-09-16,QQQ,0.28303765158859373,-0.22768308447045493
2025-09-22,2022-09-16,selected,0.2772265990207696,-0.2104766088610499
2025-09-23,2022-09-19,QQQ,0.2828104641100355,-0.2276830844704547
2025-09-23,2022-09-19,selected,0.27671166603014274,-0.2104766088610498
2025-09-24,2022-09-20,QQQ,0.27799884796378715,-0.2276830844704545
2025-09-24,2022-09-20,selected,0.27221920820899426,-0.2104766088610499
2025-09-25,2022-09-21,QQQ,0.2795685602938971,-0.22768308447045427
2025-09-25,2022-09-21,selected,0.27364128493310913,-0.21047660886104969
2025-09-26,2022-09-22,QQQ,0.28905985845781346,-0.2276830844704545
2025-09-26,2022-09-22,selected,0.2820028585670946,-0.2104766088610499
2025-09-29,2022-09-23,QQQ,0.2963872496629978,-0.22768308447045504
2025-09-29,2022-09-23,selected,0.2888706267713248,-0.2104766088610499
2025-09-30,2022-09-26,QQQ,0.3046895220075827,-0.22768308447045482
2025-09-30,2022-09-26,selected,0.2966100634199844,-0.2104766088610499
2025-10-01,2022-09-27,QQQ,0.30857972314736193,-0.2276830844704547
2025-10-01,2022-09-27,selected,0.3007419003056442,-0.21047660886104957
2025-10-02,2022-09-28,QQQ,0.310195492911409,-0.2276830844704547
2025-10-02,2022-09-28,selected,0.302601409963444,-0.21047660886105002
2025-10-03,2022-09-29,QQQ,0.2997921200506408,-0.2276830844704547
2025-10-03,2022-09-29,selected,0.2926252313720068,-0.21047660886104969
2025-10-06,2022-09-30,QQQ,0.3158053249379227,-0.2276830844704547
2025-10-06,2022-09-30,selected,0.3072357929940428,-0.2104766088610498
2025-10-07,2022-10-03,QQQ,0.3210008561862052,-0.2276830844704546
2025-10-07,2022-10-03,selected,0.31172364519806317,-0.21047660886105002
2025-10-08,2022-10-04,QQQ,0.3158193181515856,-0.2276830844704545
2025-10-08,2022-10-04,selected,0.30706956919221184,-0.2104766088610498
2025-10-09,2022-10-05,QQQ,0.30178571246663966,-0.22768308447045493
2025-10-09,2022-10-05,selected,0.29620881161218504,-0.2104766088610499
2025-10-10,2022-10-06,QQQ,0.2867725186425798,-0.2276830844704546
2025-10-10,2022-10-06,selected,0.28206111431764724,-0.21047660886104969
2025-10-13,2022-10-07,QQQ,0.2992297989416912,-0.2276830844704546
2025-10-13,2022-10-07,selected,0.29397357126720625,-0.2104766088610499
2025-10-14,2022-10-10,QQQ,0.31323502494104627,-0.22768308447045482
2025-10-14,2022-10-10,selected,0.3038969677757166,-0.21047660886104957
2025-10-15,2022-10-11,QQQ,0.3207325244277055,-0.2276830844704546
2025-10-15,2022-10-11,selected,0.3110224484133559,-0.21047660886105013
2025-10-16,2022-10-12,QQQ,0.3251968006679391,-0.2276830844704547
2025-10-16,2022-10-12,selected,0.3137735910572712,-0.2104766088610499
2025-10-17,2022-10-13,QQQ,0.328242953457474,-0.22768308447045482
2025-10-17,2022-10-13,selected,0.3167534311176452,-0.2104766088610498
2025-10-20,2022-10-14,QQQ,0.32353180046755914,-0.2276830844704546
2025-10-20,2022-10-14,selected,0.3152332475846882,-0.21047660886105002
2025-10-21,2022-10-17,QQQ,0.33694785576354946,-0.2276830844704546
2025-10-21,2022-10-17,selected,0.32539901396601745,-0.2104766088610499
2025-10-22,2022-10-18,QQQ,0.31828688531267013,-0.22768308447045482
2025-10-22,2022-10-18,selected,0.310739495418763,-0.2104766088610498
2025-10-23,2022-10-19,QQQ,0.31850422190491656,-0.22768308447045493
2025-10-23,2022-10-19,selected,0.31156600394199385,-0.2104766088610499
2025-10-24,2022-10-20,QQQ,0.3247930713842653,-0.22768308447045493
2025-10-24,2022-10-20,selected,0.3184360324104649,-0.2104766088610499
2025-10-27,2022-10-21,QQQ,0.33488531994212245,-0.2276830844704547
2025-10-27,2022-10-21,selected,0.32839795078848444,-0.2104766088610499
2025-10-28,2022-10-24,QQQ,0.3279988931231175,-0.2276830844704545
2025-10-28,2022-10-24,selected,0.3237867742464646,-0.21047660886105002
2025-10-29,2022-10-25,QQQ,0.32514748371646074,-0.22768308447045493
2025-10-29,2022-10-25,selected,0.3225418094079322,-0.21047660886105002
2025-10-30,2022-10-26,QQQ,0.309392569042918,-0.2276830844704546
2025-10-30,2022-10-26,selected,0.308615621155822,-0.2104766088610499
2025-10-31,2022-10-27,QQQ,0.32129916687691673,-0.22768308447045438
2025-10-31,2022-10-27,selected,0.31696932427131097,-0.21047660886105002
2025-11-03,2022-10-28,QQQ,0.3315333958286617,-0.22768308447045504
2025-11-03,2022-10-28,selected,0.32447323113756066,-0.21047660886105002
2025-11-04,2022-10-31,QQQ,0.3092418590296515,-0.22768308447045504
2025-11-04,2022-10-31,selected,0.3064442805863741,-0.21047660886105013
2025-11-05,2022-11-01,QQQ,0.31720113985832965,-0.2276830844704546
2025-11-05,2022-11-01,selected,0.3134649066694626,-0.21047660886105013
2025-11-06,2022-11-02,QQQ,0.3134602368757877,-0.2276830844704546
2025-11-06,2022-11-02,selected,0.30780693803265335,-0.21047660886105002
2025-11-07,2022-11-03,QQQ,0.32742074695158574,-0.2276830844704546
2025-11-07,2022-11-03,selected,0.3174924882223631,-0.21047660886105002
2025-11-10,2022-11-04,QQQ,0.34596072666861755,-0.22768308447045493
2025-11-10,2022-11-04,selected,0.3332879395982753,-0.2104766088610499
2025-11-11,2022-11-07,QQQ,0.3376307872720956,-0.2276830844704547
2025-11-11,2022-11-07,selected,0.32602573781725686,-0.2104766088610499
2025-11-12,2022-11-08,QQQ,0.3324139617306605,-0.22768308447045482
2025-11-12,2022-11-08,selected,0.3230514298953022,-0.21047660886105002
2025-11-13,2022-11-09,QQQ,0.32008518257063945,-0.22768308447045482
2025-11-13,2022-11-09,selected,0.31046902451935776,-0.2104766088610499
2025-11-14,2022-11-10,QQQ,0.3307336804448797,-0.2276830844704546
2025-11-14,2022-11-10,selected,0.31802749996378865,-0.2104766088610499
2025-11-17,2022-11-11,QQQ,0.29581573967130614,-0.2276830844704547
2025-11-17,2022-11-11,selected,0.29003227526454034,-0.2104766088610498
2025-11-18,2022-11-14,QQQ,0.2827043639364497,-0.22768308447045438
2025-11-18,2022-11-14,selected,0.2793493330172061,-0.2104766088610499
2025-11-19,2022-11-15,QQQ,0.28902317694361424,-0.22768308447045504
2025-11-19,2022-11-15,selected,0.2845476690069637,-0.21047660886104969
2025-11-20,2022-11-16,QQQ,0.27292576137791746,-0.2276830844704545
2025-11-20,2022-11-16,selected,0.2698004528826681,-0.2104766088610498
2025-11-21,2022-11-17,QQQ,0.28196505757837387,-0.22768308447045504
2025-11-21,2022-11-17,selected,0.27650792443308303,-0.2104766088610498
2025-11-24,2022-11-18,QQQ,0.2937537303861175,-0.2276830844704545
2025-11-24,2022-11-18,selected,0.288651428913109,-0.2104766088610498
2025-11-25,2022-11-21,QQQ,0.2963912652426519,-0.2276830844704546
2025-11-25,2022-11-21,selected,0.29141946361524007,-0.2104766088610499
2025-11-26,2022-11-22,QQQ,0.30468741750270634,-0.2276830844704546
2025-11-26,2022-11-22,selected,0.2983762742259788,-0.21047660886104969
2025-11-28,2022-11-23,QQQ,0.3019828192095373,-0.2276830844704545
2025-11-28,2022-11-23,selected,0.29714206721760617,-0.2104766088610499
2025-12-01,2022-11-25,QQQ,0.2962012686779394,-0.2276830844704545
2025-12-01,2022-11-25,selected,0.2919143106732862,-0.2104766088610499
2025-12-02,2022-11-28,QQQ,0.3024361930122539,-0.2276830844704547
2025-12-02,2022-11-28,selected,0.29712835114260194,-0.21047660886105035
2025-12-03,2022-11-29,QQQ,0.30993487594359204,-0.22768308447045482
2025-12-03,2022-11-29,selected,0.3030451539694572,-0.2104766088610498
2025-12-04,2022-11-30,QQQ,0.312849459310524,-0.22768308447045482
2025-12-04,2022-11-30,selected,0.3049787804798554,-0.21047660886105002
2025-12-05,2022-12-01,QQQ,0.2952416940095135,-0.22768308447045515
2025-12-05,2022-12-01,selected,0.2922835989975108,-0.21047660886105024
2025-12-08,2022-12-02,QQQ,0.2938837915074961,-0.22768308447045482
2025-12-08,2022-12-02,selected,0.28957720240747986,-0.21047660886105002
2025-12-09,2022-12-05,QQQ,0.29613880037052076,-0.2276830844704547
2025-12-09,2022-12-05,selected,0.29149486327221563,-0.21047660886104969
2025-12-10,2022-12-06,QQQ,0.30524920537831735,-0.22768308447045493
2025-12-10,2022-12-06,selected,0.299854543974867,-0.2104766088610498
2025-12-11,2022-12-07,QQQ,0.3129724714798865,-0.2276830844704547
2025-12-11,2022-12-07,selected,0.3053612626639701,-0.21047660886105024
2025-12-12,2022-12-08,QQQ,0.30633133384176503,-0.22768308447045493
2025-12-12,2022-12-08,selected,0.29794472815836404,-0.2104766088610498
2025-12-15,2022-12-09,QQQ,0.29903753104408937,-0.22768308447045482
2025-12-15,2022-12-09,selected,0.29168138448304615,-0.21047660886104969
2025-12-16,2022-12-12,QQQ,0.30266995526450025,-0.2276830844704547
2025-12-16,2022-12-12,selected,0.295017278767028,-0.21047660886104957
2025-12-17,2022-12-13,QQQ,0.2891992446975984,-0.2276830844704546
2025-12-17,2022-12-13,selected,0.2828108111116998,-0.21047660886105013
2025-12-18,2022-12-14,QQQ,0.2907872666402975,-0.2276830844704546
2025-12-18,2022-12-14,selected,0.28457459176379496,-0.21047660886105002
2025-12-19,2022-12-15,QQQ,0.2995913474322225,-0.2276830844704547
2025-12-19,2022-12-15,selected,0.29263480175562573,-0.21047660886104969
2025-12-22,2022-12-16,QQQ,0.3165677949140644,-0.22768308447045482
2025-12-22,2022-12-16,selected,0.3070317182930953,-0.2104766088610498
2025-12-23,2022-12-19,QQQ,0.32283747708566946,-0.2276830844704546
2025-12-23,2022-12-19,selected,0.3124433873745367,-0.21047660886104969
2025-12-24,2022-12-20,QQQ,0.3303880611731378,-0.2276830844704545
2025-12-24,2022-12-20,selected,0.3189914444966131,-0.2104766088610499
2025-12-26,2022-12-21,QQQ,0.3307050121738657,-0.2276830844704547
2025-12-26,2022-12-21,selected,0.3189484596491261,-0.21047660886104969
2025-12-29,2022-12-22,QQQ,0.32219166413235145,-0.22768308447045438
2025-12-29,2022-12-22,selected,0.311636044961215,-0.2104766088610498
2025-12-30,2022-12-23,QQQ,0.33212193215939556,-0.2276830844704547
2025-12-30,2022-12-23,selected,0.31970000142405985,-0.2104766088610499
2025-12-31,2022-12-27,QQQ,0.3274471196712294,-0.22768308447045482
2025-12-31,2022-12-27,selected,0.3152820299906447,-0.21047660886105002
2026-01-02,2022-12-28,QQQ,0.3329009410906052,-0.22768308447045482
2026-01-02,2022-12-28,selected,0.3193851064616453,-0.2104766088610499
2026-01-05,2022-12-29,QQQ,0.3423543279398431,-0.2276830844704546
2026-01-05,2022-12-29,selected,0.32784595392157656,-0.21047660886105002
2026-01-06,2022-12-30,QQQ,0.335510441371474,-0.2276830844704545
2026-01-06,2022-12-30,selected,0.32276885580847336,-0.21047660886105002
2026-01-07,2023-01-03,QQQ,0.3362062070545586,-0.2276830844704545
2026-01-07,2023-01-03,selected,0.3234813444395501,-0.21047660886105002
2026-01-08,2023-01-04,QQQ,0.33668630646500786,-0.22768308447045504
2026-01-08,2023-01-04,selected,0.3228506550997301,-0.2104766088610499
2026-01-09,2023-01-05,QQQ,0.338986630357504,-0.22768308447045482
2026-01-09,2023-01-05,selected,0.3251330161441792,-0.2104766088610499
2026-01-12,2023-01-06,QQQ,0.346419638179031,-0.2276830844704545
2026-01-12,2023-01-06,selected,0.3322566289767346,-0.2104766088610498
2026-01-13,2023-01-09,QQQ,0.3335953758051682,-0.22768308447045427
2026-01-13,2023-01-09,selected,0.31997382998037494,-0.21047660886105024
2026-01-14,2023-01-10,QQQ,0.32597442914953145,-0.22768308447045482
2026-01-14,2023-01-10,selected,0.3126046902012558,-0.21047660886105013
2026-01-15,2023-01-11,QQQ,0.3238386651774323,-0.22768308447045493
2026-01-15,2023-01-11,selected,0.3107097394281517,-0.2104766088610499
2026-01-16,2023-01-12,QQQ,0.31592427531395395,-0.2276830844704547
2026-01-16,2023-01-12,selected,0.30320646236863613,-0.2104766088610499
2026-01-20,2023-01-13,QQQ,0.3041923509516109,-0.2276830844704545
2026-01-20,2023-01-13,selected,0.2916977396587557,-0.2104766088610498
2026-01-21,2023-01-17,QQQ,0.3070520877857388,-0.22768308447045493
2026-01-21,2023-01-17,selected,0.2946074936030325,-0.21047660886104957
2026-01-22,2023-01-18,QQQ,0.30932668261247787,-0.2276830844704546
2026-01-22,2023-01-18,selected,0.2969899416726358,-0.2104766088610498
2026-01-23,2023-01-19,QQQ,0.31643280719718647,-0.2276830844704545
2026-01-23,2023-01-19,selected,0.30370492397566906,-0.21047660886105002
2026-01-26,2023-01-20,QQQ,0.32270673908213054,-0.22768308447045482
2026-01-26,2023-01-20,selected,0.30958691855927833,-0.21047660886104935
2026-01-27,2023-01-23,QQQ,0.31480521829922936,-0.2276830844704547
2026-01-27,2023-01-23,selected,0.30249242080262206,-0.2104766088610498
2026-01-28,2023-01-24,QQQ,0.30664970476466213,-0.22768308447045482
2026-01-28,2023-01-24,selected,0.29498608899289724,-0.21047660886105002
2026-01-29,2023-01-25,QQQ,0.3049263423394266,-0.22768308447045438
2026-01-29,2023-01-25,selected,0.29316303000665367,-0.21047660886104946
2026-01-30,2023-01-26,QQQ,0.3006436595467836,-0.2276830844704547
2026-01-30,2023-01-26,selected,0.2887365614906898,-0.2104766088610498
2026-02-02,2023-01-27,QQQ,0.29524990681441454,-0.2276830844704546
2026-02-02,2023-01-27,selected,0.2838414950571422,-0.21047660886104969
2026-02-03,2023-01-30,QQQ,0.28433476579527417,-0.22768308447045482
2026-02-03,2023-01-30,selected,0.2734443667943218,-0.21047660886105002
2026-02-04,2023-01-31,QQQ,0.285535168963289,-0.2276830844704547
2026-02-04,2023-01-31,selected,0.27426006671386083,-0.21047660886105046
2026-02-05,2023-02-01,QQQ,0.2730091376390986,-0.2276830844704546
2026-02-05,2023-02-01,selected,0.26214517483375976,-0.21047660886104969
2026-02-06,2023-02-02,QQQ,0.27290702358964136,-0.2276830844704545
2026-02-06,2023-02-02,selected,0.2623481424661893,-0.21047660886104957
2026-02-09,2023-02-03,QQQ,0.2612373807038313,-0.2276830844704547
2026-02-09,2023-02-03,selected,0.2509735013148571,-0.2104766088610498
2026-02-10,2023-02-06,QQQ,0.2668336332173611,-0.2276830844704546
2026-02-10,2023-02-06,selected,0.256522957050739,-0.21047660886105002
2026-02-11,2023-02-07,QQQ,0.27156097561164416,-0.22768308447045438
2026-02-11,2023-02-07,selected,0.26117925584490154,-0.21047660886104969
2026-02-12,2023-02-08,QQQ,0.2542778682914857,-0.22768308447045482
2026-02-12,2023-02-08,selected,0.24417518042834185,-0.2104766088610498
2026-02-13,2023-02-09,QQQ,0.26269695593915565,-0.2276830844704547
2026-02-13,2023-02-09,selected,0.2524933764906767,-0.21047660886104969
2026-02-17,2023-02-10,QQQ,0.26600402466383866,-0.22768308447045493
2026-02-17,2023-02-10,selected,0.25571877967754175,-0.21047660886105013
2026-02-18,2023-02-13,QQQ,0.2719360046236683,-0.22768308447045438
2026-02-18,2023-02-13,selected,0.2615627863853591,-0.21047660886104969
2026-02-19,2023-02-14,QQQ,0.2636000573094952,-0.22768308447045438
2026-02-19,2023-02-14,selected,0.25338507784988695,-0.2104766088610498
2026-02-20,2023-02-15,QQQ,0.264210112663269,-0.22768308447045438
2026-02-20,2023-02-15,selected,0.2540158318679864,-0.2104766088610499
2026-02-23,2023-02-16,QQQ,0.25586821347843114,-0.2276830844704547
2026-02-23,2023-02-16,selected,0.24588702207924418,-0.2104766088610498
2026-02-24,2023-02-17,QQQ,0.2683320613289577,-0.22768308447045482
2026-02-24,2023-02-17,selected,0.2581243572685583,-0.2104766088610499
2026-02-25,2023-02-21,QQQ,0.2774415641333121,-0.22768308447045482
2026-02-25,2023-02-21,selected,0.26705482772517075,-0.2104766088610498
2026-02-26,2023-02-22,QQQ,0.282485493916395,-0.2276830844704546
2026-02-26,2023-02-22,selected,0.27204741590195014,-0.21047660886105002
2026-02-27,2023-02-23,QQQ,0.28079625483781867,-0.22768308447045515
2026-02-27,2023-02-23,selected,0.27042028582445554,-0.2104766088610498
2026-03-02,2023-02-24,QQQ,0.2776495492436959,-0.22768308447045482
2026-03-02,2023-02-24,selected,0.26733709389821914,-0.2104766088610498
2026-03-03,2023-02-27,QQQ,0.2802597830567093,-0.2276830844704545
2026-03-03,2023-02-27,selected,0.26984860435769287,-0.2104766088610499
2026-03-04,2023-02-28,QQQ,0.28367512343597023,-0.2276830844704545
2026-03-04,2023-02-28,selected,0.27320950933754196,-0.2104766088610498
2026-03-05,2023-03-01,QQQ,0.2829377277790741,-0.2276830844704546
2026-03-05,2023-03-01,selected,0.272459354992616,-0.21047660886105002
2026-03-06,2023-03-02,QQQ,0.27991106911674457,-0.22768308447045493
2026-03-06,2023-03-02,selected,0.26951155766380963,-0.2104766088610499
2026-03-09,2023-03-03,QQQ,0.28205689845649107,-0.22768308447045438
2026-03-09,2023-03-03,selected,0.271851837102588,-0.21047660886104969
2026-03-10,2023-03-06,QQQ,0.27334879325784,-0.2276830844704545
2026-03-10,2023-03-06,selected,0.2635729460983651,-0.2104766088610498
2026-03-11,2023-03-07,QQQ,0.27281173479282805,-0.22768308447045482
2026-03-11,2023-03-07,selected,0.26313136390415126,-0.2104766088610499
2026-03-12,2023-03-08,QQQ,0.27070444428177787,-0.22768308447045493
2026-03-12,2023-03-08,selected,0.26092544461585754,-0.2104766088610498
2026-03-13,2023-03-09,QQQ,0.26608465413421856,-0.22768308447045438
2026-03-13,2023-03-09,selected,0.2564674668598008,-0.21047660886105002
2026-03-16,2023-03-10,QQQ,0.2782264734437905,-0.2276830844704547
2026-03-16,2023-03-10,selected,0.26784088442909737,-0.2104766088610498
2026-03-17,2023-03-13,QQQ,0.2863525976433461,-0.2276830844704545
2026-03-17,2023-03-13,selected,0.27507297722283885,-0.21047660886105013
2026-03-18,2023-03-14,QQQ,0.2771978353168649,-0.22768308447045438
2026-03-18,2023-03-14,selected,0.2659199476726277,-0.21047660886105002
2026-03-19,2023-03-15,QQQ,0.26622506042896665,-0.2276830844704546
2026-03-19,2023-03-15,selected,0.25578767035297467,-0.21047660886105013
2026-03-20,2023-03-16,QQQ,0.25618309006684115,-0.22768308447045482
2026-03-20,2023-03-16,selected,0.24577667326803265,-0.2104766088610498
2026-03-23,2023-03-17,QQQ,0.2500821759837899,-0.22768308447045482
2026-03-23,2023-03-17,selected,0.24042019416173033,-0.21047660886105024
2026-03-24,2023-03-20,QQQ,0.24919783171610832,-0.22768308447045482
2026-03-24,2023-03-20,selected,0.2390745699226957,-0.2104766088610499
2026-03-25,2023-03-21,QQQ,0.25045241053637746,-0.22768308447045493
2026-03-25,2023-03-21,selected,0.24046239725877072,-0.21047660886105002
2026-03-26,2023-03-22,QQQ,0.23457380408824036,-0.2276830844704546
2026-03-26,2023-03-22,selected,0.2254659948270321,-0.21047660886105002
2026-03-27,2023-03-23,QQQ,0.23209131175674957,-0.22768308447045482
2026-03-27,2023-03-23,selected,0.2225379535205616,-0.21047660886105002
2026-03-30,2023-03-24,QQQ,0.22412446780655504,-0.2276830844704547
2026-03-30,2023-03-24,selected,0.21491682000678347,-0.21047660886104957
2026-03-31,2023-03-27,QQQ,0.23627042016970123,-0.2276830844704545
2026-03-31,2023-03-27,selected,0.22700602144759907,-0.21047660886105002
2026-04-01,2023-03-28,QQQ,0.2441882602819574,-0.2276830844704545
2026-04-01,2023-03-28,selected,0.234833624549869,-0.2104766088610499
2026-04-02,2023-03-29,QQQ,0.24687512076526996,-0.22768308447045493
2026-04-02,2023-03-29,selected,0.23711019571827818,-0.21047660886104969
2026-04-06,2023-03-30,QQQ,0.24186845174869553,-0.2276830844704546
2026-04-06,2023-03-30,selected,0.23257220876671125,-0.21047660886104969
2026-04-07,2023-03-31,QQQ,0.23803795844160658,-0.2276830844704546
2026-04-07,2023-03-31,selected,0.2289819430167066,-0.21047660886105002
2026-04-08,2023-04-03,QQQ,0.24333346083905627,-0.22768308447045427
2026-04-08,2023-04-03,selected,0.23428427791236905,-0.21047660886105002
2026-04-09,2023-04-04,QQQ,0.2471419841246727,-0.2276830844704545
2026-04-09,2023-04-04,selected,0.2378473795027749,-0.21047660886105024
2026-04-10,2023-04-05,QQQ,0.24914729842824013,-0.22768308447045482
2026-04-10,2023-04-05,selected,0.23977255230062555,-0.21047660886105002
2026-04-13,2023-04-06,QQQ,0.257591248815525,-0.2276830844704546
2026-04-13,2023-04-06,selected,0.24788622529283133,-0.2104766088610498
2026-04-14,2023-04-10,QQQ,0.262326433050434,-0.2276830844704546
2026-04-14,2023-04-10,selected,0.2524618163126904,-0.2104766088610499
2026-04-15,2023-04-11,QQQ,0.2684290787195722,-0.2276830844704545
2026-04-15,2023-04-11,selected,0.25821424637724943,-0.21047660886105002
2026-04-16,2023-04-12,QQQ,0.2731916738297855,-0.2276830844704546
2026-04-16,2023-04-12,selected,0.262810536503004,-0.2104766088610499
2026-04-17,2023-04-13,QQQ,0.2825081420482576,-0.22768308447045482
2026-04-17,2023-04-13,selected,0.27188040993157037,-0.21047660886105013
2026-04-20,2023-04-14,QQQ,0.27289443597553786,-0.2276830844704545
2026-04-20,2023-04-14,selected,0.2624006064217064,-0.21047660886105013
2026-04-21,2023-04-17,QQQ,0.2720762861255184,-0.22768308447045482
2026-04-21,2023-04-17,selected,0.2614725372234259,-0.21047660886105013
2026-04-22,2023-04-18,QQQ,0.27877005892537676,-0.2276830844704547
2026-04-22,2023-04-18,selected,0.26792182829798117,-0.21047660886105002
2026-04-23,2023-04-19,QQQ,0.2763379339654628,-0.22768308447045493
2026-04-23,2023-04-19,selected,0.2655873708186285,-0.21047660886105013
2026-04-24,2023-04-20,QQQ,0.2846257688747822,-0.2276830844704547
2026-04-24,2023-04-20,selected,0.27352184587837525,-0.21047660886105024
2026-04-27,2023-04-21,QQQ,0.28813359591408405,-0.2276830844704547
2026-04-27,2023-04-21,selected,0.2768857875197426,-0.21047660886105002
2026-04-28,2023-04-24,QQQ,0.28335471540229884,-0.2276830844704547
2026-04-28,2023-04-24,selected,0.2722400519603616,-0.21047660886105024
2026-04-29,2023-04-25,QQQ,0.2868595650078338,-0.2276830844704545
2026-04-29,2023-04-25,selected,0.2754835012656587,-0.21047660886104946
2026-04-30,2023-04-26,QQQ,0.2990680278850968,-0.2276830844704547
2026-04-30,2023-04-26,selected,0.2874586211441339,-0.21047660886105002
2026-05-01,2023-04-27,QQQ,0.30058779258115864,-0.2276830844704546
2026-05-01,2023-04-27,selected,0.28884130757428816,-0.2104766088610499
2026-05-04,2023-04-28,QQQ,0.28819900406573007,-0.22768308447045427
2026-05-04,2023-04-28,selected,0.27663610401830363,-0.21047660886105024
2026-05-05,2023-05-01,QQQ,0.29078464913510493,-0.2276830844704546
2026-05-05,2023-05-01,selected,0.2791788824179855,-0.2104766088610498
2026-05-06,2023-05-02,QQQ,0.300159276695916,-0.22768308447045504
2026-05-06,2023-05-02,selected,0.28844573651516714,-0.2104766088610499
2026-05-07,2023-05-03,QQQ,0.3034424904475701,-0.22768308447045427
2026-05-07,2023-05-03,selected,0.29162080253894596,-0.21047660886105013
2026-05-08,2023-05-04,QQQ,0.31642632092907075,-0.22768308447045482
2026-05-08,2023-05-04,selected,0.3043498826822668,-0.21047660886104969
2026-05-11,2023-05-05,QQQ,0.31925011867041,-0.2276830844704546
2026-05-11,2023-05-05,selected,0.3071145913799511,-0.21047660886105013
2026-05-12,2023-05-08,QQQ,0.30631948047549673,-0.22768308447045493
2026-05-12,2023-05-08,selected,0.29444257460128553,-0.21047660886105002
2026-05-13,2023-05-09,QQQ,0.3098217646361596,-0.2276830844704547
2026-05-13,2023-05-09,selected,0.29787156390289105,-0.21047660886105002
2026-05-14,2023-05-10,QQQ,0.3157010318067417,-0.22768308447045482
2026-05-14,2023-05-10,selected,0.3036235450944804,-0.2104766088610499
2026-05-15,2023-05-11,QQQ,0.3043365366149722,-0.22768308447045493
2026-05-15,2023-05-11,selected,0.29241210214103575,-0.2104766088610499
2026-05-18,2023-05-12,QQQ,0.3010508448521514,-0.22768308447045427
2026-05-18,2023-05-12,selected,0.2892022388889297,-0.21047660886104969
2026-05-19,2023-05-15,QQQ,0.2999289571645243,-0.22768308447045482
2026-05-19,2023-05-15,selected,0.28808227466781844,-0.21047660886104969
2026-05-20,2023-05-16,QQQ,0.30471618635691344,-0.22768308447045482
2026-05-20,2023-05-16,selected,0.29281769762780563,-0.2104766088610499
2026-05-21,2023-05-17,QQQ,0.3050526475706703,-0.2276830844704547
2026-05-21,2023-05-17,selected,0.29318333510445016,-0.2104766088610499
2026-05-22,2023-05-18,QQQ,0.30166407541997353,-0.22768308447045515
2026-05-22,2023-05-18,selected,0.2898633259330412,-0.21047660886104957
2026-05-26,2023-05-19,QQQ,0.3013155350365959,-0.2276830844704546
2026-05-26,2023-05-19,selected,0.28954935388870395,-0.21047660886104957
2026-05-27,2023-05-22,QQQ,0.30180086225301284,-0.2276830844704546
2026-05-27,2023-05-22,selected,0.2899967702489925,-0.21047660886105013
2026-05-28,2023-05-23,QQQ,0.30399102342574214,-0.22768308447045504
2026-05-28,2023-05-23,selected,0.29216388058406406,-0.21047660886105013
2026-05-29,2023-05-24,QQQ,0.3111541548815908,-0.22768308447045427
2026-05-29,2023-05-24,selected,0.29920370092437176,-0.21047660886104969
2026-06-01,2023-05-25,QQQ,0.3160254105915685,-0.2276830844704547
2026-06-01,2023-05-25,selected,0.3039662604877553,-0.2104766088610498
2026-06-02,2023-05-26,QQQ,0.30752184597488275,-0.22768308447045482
2026-06-02,2023-05-26,selected,0.29565609723665154,-0.21047660886105024
2026-06-03,2023-05-30,QQQ,0.29544152339282026,-0.22768308447045482
2026-06-03,2023-05-30,selected,0.28377265935755713,-0.21047660886105013
2026-06-04,2023-05-31,QQQ,0.29140000393744314,-0.22768308447045482
2026-06-04,2023-05-31,selected,0.2798098480968074,-0.2104766088610498
2026-06-05,2023-06-01,QQQ,0.27281445098875823,-0.2276830844704545
2026-06-05,2023-06-01,selected,0.26151222771729943,-0.21047660886104957
2026-06-08,2023-06-02,QQQ,0.27451647933058876,-0.2276830844704546
2026-06-08,2023-06-02,selected,0.26316288974924373,-0.2104766088610498
2026-06-09,2023-06-05,QQQ,0.26645081435563234,-0.22768308447045504
2026-06-09,2023-06-05,selected,0.2552569574943908,-0.21047660886104946
2026-06-10,2023-06-06,QQQ,0.2576655415290292,-0.22768308447045482
2026-06-10,2023-06-06,selected,0.24656528399729383,-0.21047660886104969
2026-06-11,2023-06-07,QQQ,0.2717402616177198,-0.22768308447045427
2026-06-11,2023-06-07,selected,0.2604243295100297,-0.2104766088610499
2026-06-12,2023-06-08,QQQ,0.2815185675777283,-0.2276830844704547
2026-06-12,2023-06-08,selected,0.2700424297265025,-0.2104766088610498
2026-06-15,2023-06-09,QQQ,0.2894858112924019,-0.22768308447045482
2026-06-15,2023-06-09,selected,0.2778704130832459,-0.21047660886104957
2026-06-16,2023-06-12,QQQ,0.27963590006436223,-0.22768308447045482
2026-06-16,2023-06-12,selected,0.2682259763927157,-0.2104766088610499
2026-06-17,2023-06-13,QQQ,0.26822283910983713,-0.2276830844704545
2026-06-17,2023-06-13,selected,0.2569886098675618,-0.21047660886105024
2026-06-18,2023-06-14,QQQ,0.275473040098136,-0.2276830844704546
2026-06-18,2023-06-14,selected,0.2641215017661993,-0.21047660886104957
2026-06-22,2023-06-15,QQQ,0.2713325907319548,-0.2276830844704546
2026-06-22,2023-06-15,selected,0.26004012794004305,-0.21047660886105013
2026-06-23,2023-06-16,QQQ,0.252267601320737,-0.2276830844704545
2026-06-23,2023-06-16,selected,0.24128972949431304,-0.2104766088610499
2026-06-24,2023-06-20,QQQ,0.25312700116932674,-0.2276830844704546
2026-06-24,2023-06-20,selected,0.2421040169126929,-0.21047660886105013
2026-06-25,2023-06-21,QQQ,0.2571037368685194,-0.22768308447045493
2026-06-25,2023-06-21,selected,0.246038164541444,-0.21047660886104969
2026-06-26,2023-06-22,QQQ,0.25704601015561646,-0.22768308447045438
2026-06-26,2023-06-22,selected,0.2459990078602463,-0.21047660886104946
2026-06-29,2023-06-23,QQQ,0.2624295733105162,-0.2276830844704547
2026-06-29,2023-06-23,selected,0.2512872707228313,-0.21047660886105002
2026-06-30,2023-06-26,QQQ,0.27377241625003657,-0.2276830844704547
2026-06-30,2023-06-26,selected,0.26239966055772634,-0.2104766088610498
2026-07-01,2023-06-27,QQQ,0.27297817490355025,-0.22768308447045493
2026-07-01,2023-06-27,selected,0.2616122918672661,-0.2104766088610499
2026-07-02,2023-06-28,QQQ,0.2584085694523739,-0.22768308447045493
2026-07-02,2023-06-28,selected,0.2512217376299153,-0.21047660886105024
2026-07-06,2023-06-29,QQQ,0.26357458286319724,-0.2276830844704546
2026-07-06,2023-06-29,selected,0.25457803397337164,-0.2104766088610499
2026-07-07,2023-06-30,QQQ,0.256562852959626,-0.2276830844704546
2026-07-07,2023-06-30,selected,0.24973738673747148,-0.2104766088610498
2026-07-08,2023-07-03,QQQ,0.2513491722836916,-0.22768308447045493
2026-07-08,2023-07-03,selected,0.24357400908248272,-0.21047660886104969
2026-07-09,2023-07-05,QQQ,0.2572665720700129,-0.2276830844704546
2026-07-09,2023-07-05,selected,0.24746822604252783,-0.21047660886105035
2026-07-10,2023-07-06,QQQ,0.25856879324298343,-0.2276830844704547
2026-07-10,2023-07-06,selected,0.24824444361567055,-0.2104766088610499
2026-07-13,2023-07-07,QQQ,0.2537463279380072,-0.2276830844704545
2026-07-13,2023-07-07,selected,0.24493245581867606,-0.21047660886105002
2026-07-14,2023-07-10,QQQ,0.25979285498375093,-0.22768308447045493
2026-07-14,2023-07-10,selected,0.2499790937949362,-0.2104766088610498
2026-07-15,2023-07-11,QQQ,0.25851653118271334,-0.22768308447045493
2026-07-15,2023-07-11,selected,0.24902606595205024,-0.2104766088610499
2026-07-16,2023-07-12,QQQ,0.24952707246013217,-0.2276830844704546
2026-07-16,2023-07-12,selected,0.24166776996406858,-0.2104766088610498
2026-07-17,2023-07-13,QQQ,0.23804510729087114,-0.22768308447045427
2026-07-17,2023-07-13,selected,0.23304110153930302,-0.21047660886105013
2026-07-20,2023-07-14,QQQ,0.23154732016600543,-0.2276830844704547
2026-07-20,2023-07-14,selected,0.22613365456181267,-0.2104766088610499
2026-07-21,2023-07-17,QQQ,0.23920183160598696,-0.22768308447045438
2026-07-21,2023-07-17,selected,0.231971778436038,-0.21047660886105013
2026-07-22,2023-07-18,QQQ,0.233261971613262,-0.2276830844704545
2026-07-22,2023-07-18,selected,0.2277517854182911,-0.2104766088610499
2026-07-23,2023-07-19,QQQ,0.22208480617375193,-0.22768308447045493
2026-07-23,2023-07-19,selected,0.2184634712651019,-0.21047660886104946
2026-07-24,2023-07-20,QQQ,0.21761174633818303,-0.22768308447045482
2026-07-24,2023-07-20,selected,0.2157797264630259,-0.21047660886105035
2026-07-27,2023-07-21,QQQ,0.2258515750889769,-0.2276830844704547
2026-07-27,2023-07-21,selected,0.22469664306136616,-0.2104766088610498
2026-07-28,2023-07-24,QQQ,0.22309096437011688,-0.22768308447045427
2026-07-28,2023-07-24,selected,0.22272759070364145,-0.2104766088610498
2026-07-29,2023-07-25,QQQ,0.21408293554030156,-0.22768308447045482
2026-07-29,2023-07-25,selected,0.21646241685274226,-0.2104766088610498
2026-07-30,2023-07-26,QQQ,0.22452308612402883,-0.22768308447045504
2026-07-30,2023-07-26,selected,0.22292753408503496,-0.2104766088610489
2026-07-31,2023-07-27,QQQ,0.2285323649872122,-0.22768308447045482
2026-07-31,2023-07-27,selected,0.22495861400943773,-0.2104766088610499
2026-08-03,2023-07-28,QQQ,0.23666455561574873,-0.2276830844704546
2026-08-03,2023-07-28,selected,0.2306097832523073,-0.2104766088610499
2026-08-04,2023-07-31,QQQ,0.24300970548514433,-0.2276830844704546
2026-08-04,2023-07-31,selected,0.2361916119539793,-0.21047660886104969
2026-08-05,2023-08-01,QQQ,0.2390336559733064,-0.22768308447045504
2026-08-05,2023-08-01,selected,0.2327446368405599,-0.21047660886104946
2026-08-06,2023-08-02,QQQ,0.238464299216272,-0.2276830844704547
2026-08-06,2023-08-02,selected,0.23224978536276186,-0.21047660886105013
2026-08-07,2023-08-03,QQQ,0.2525159468183005,-0.2276830844704545
2026-08-07,2023-08-03,selected,0.24609148762852695,-0.2104766088610499
2026-08-10,2023-08-04,QQQ,0.2519365818205994,-0.2276830844704546
2026-08-10,2023-08-04,selected,0.2456261403850304,-0.2104766088610498
