date,QQQ,Ensemble_VolTarget22_fast_ultra_50_50_Buffer1_goldcash
2007-05-30,0.0,0.0
2007-05-31,0.004661720847226158,4.307920900361195e-05
2007-06-01,0.0006329913049292202,0.000256052989634401
2007-06-04,0.0029508399116175976,0.00021900701244104964
2007-06-05,0.0,-3.110518196669138e-05
2007-06-06,-0.010718663314094767,0.00042316628633800354
2007-06-07,-0.015508215095053512,-0.00033496542752018023
2007-06-08,0.01229982223672721,0.00016303544990726527
2007-06-11,-0.0019181706389819198,0.00047376934103453435
2007-06-12,-0.00598068466231183,-0.0009392394824907262
2007-06-13,0.01095808825382294,0.0009296903425111357
2007-06-14,0.006588529797187714,0.0004373656810247036
2007-06-15,0.009234817586500688,0.000905665294315605
2007-06-18,0.00020922510559473473,0.00020964088908972494
2007-06-19,-0.00020918133960678986,4.579457920544228e-05
2007-06-20,-0.009421926958219862,0.00013400416424417822
2007-06-21,0.009089019716206348,-9.4553350228771e-06
2007-06-22,-0.009426524159025562,0.0008752606941969935
2007-06-25,-0.004229100805660191,-0.0004392800288201885
2007-06-26,-0.00573360933159639,0.00016858833016395857
2007-06-27,0.015378238405256539,-0.00019697671153062513
2007-06-28,-0.00042085431841165644,0.0004665797721587265
2007-06-29,0.001683470961415301,0.00045571159517349065
2007-07-02,0.009033834252812678,0.0003420546930988324
2007-07-03,0.005829628589639979,0.004756058634457865
2007-07-05,0.007244755211308185,0.0071373017397956115
2007-07-06,0.004110214131601619,0.0040910049928538006
2007-07-09,0.0006139082935823215,0.0006354347430742565
2007-07-10,-0.008386145263820421,-0.008271354797252307
2007-07-11,0.006807024296729525,0.0067110758901393255
2007-07-12,0.015365433220139613,0.015250596224519361
2007-07-13,0.00686049398583255,0.006812339100580469
2007-07-16,-0.0010021528673365143,-0.0009966187205358117
2007-07-17,0.0076224856577225,0.007540514566804958
2007-07-18,-0.0011938865565133128,-0.001122366982681233
2007-07-19,0.0029897466296111563,0.002998455360595957
2007-07-20,-0.00536548476431975,-0.00527982637040261
2007-07-23,0.0003994819882899847,0.0003826455727194535
2007-07-24,-0.01477937211705549,-0.014651261886747135
2007-07-25,0.0014191354655450628,0.00137762572087758
2007-07-26,-0.008502116098014989,-0.008489760463807674
2007-07-27,-0.020211883712177303,-0.02004249367259749
2007-07-30,0.011668509037054076,0.01157232420003128
2007-07-31,-0.021009002983105596,-0.020777216254773252
2007-08-01,0.007784776651137637,0.007728187495644211
2007-08-02,0.009185957925287536,0.009106918953589994
2007-08-03,-0.019032374899120796,-0.01881938339515122
2007-08-06,0.011598422757971072,0.011494155291382481
2007-08-07,0.007087982125465908,0.007033335492509795
2007-08-08,0.010970416284677542,0.010865809323385543
2007-08-09,-0.023136573317300346,-0.022982702386274746
2007-08-10,-0.00901300615144185,-0.00887914050521831
2007-08-13,0.006768444150548003,0.0066901171030289384
2007-08-14,-0.01701653174473694,-0.016860077195000142
2007-08-15,-0.019021602504268764,-0.01885623881191295
2007-08-16,-0.009803829431350386,-0.00975841932266036
2007-08-17,0.01892225836196948,0.01876640364857249
2007-08-20,0.004750529956522032,0.004709583718268273
2007-08-21,0.010531159906012277,0.010436042043377664
2007-08-22,0.013610501158815902,0.013501310618517897
2007-08-23,-0.0027273134442635794,-0.002707251237034353
2007-08-24,0.014096487144921843,0.014018002817113892
2007-08-27,-0.006638973600585074,-0.006599676503516931
2007-08-28,-0.02380970956788564,-0.023607785513385982
2007-08-29,0.02866939809209601,0.02843086759762883
2007-08-30,0.0051993282395299545,0.005141086919129457
2007-08-31,0.011173188468232453,0.011101152798701304
2007-09-04,0.016574955662466362,0.016477226911750235
2007-09-05,-0.010064292886400872,-0.00994914654403654
2007-09-06,-0.000813640072779509,-0.0007382190681751835
2007-09-07,-0.018518823531867734,-0.018293825496289738
2007-09-10,-0.0006215587655914456,-0.0005894745214617211
2007-09-11,0.015144982645426408,0.015037376437411152
2007-09-12,0.00020422217405391407,0.00021107891470075488
2007-09-13,0.004904511324982153,0.004824342164419854
2007-09-14,0.0008128262512743234,0.0008107327447012638
2007-09-17,-0.008329739617820575,-0.008192385520290063
2007-09-18,0.025199394300023714,0.02498767958758927
2007-09-19,0.0025982192840803275,0.0025653058322713945
2007-09-20,-0.002790306090128758,-0.0027463775921527742
2007-09-21,0.007119327784370411,0.007046900824803629
2007-09-24,0.004566920960835885,0.0045288591322334105
2007-09-25,0.009488648484358375,0.009394459032647134
2007-09-26,0.004894727245156938,0.004834208799986645
2007-09-27,0.0050664485266569415,0.005046608194109479
2007-09-28,-0.003296264007100924,-0.003233924359732436
2007-10-01,0.011476430742523913,0.011407670200967618
2007-10-02,0.00019232179483807954,0.00012389122527353867
2007-10-03,-0.0069212278323222964,-0.006878032421288575
2007-10-04,0.0023228968610828904,0.002363278364396008
2007-10-05,0.020281784849534468,0.020087417078105473
2007-10-08,0.0062483448874095515,0.006145061111818703
2007-10-09,0.0043270211772703515,0.00431245744535334
2007-10-10,0.002435297296844441,0.0024264587490689647
2007-10-11,-0.01588496394500649,-0.015691112807437433
2007-10-12,0.01652076972017391,0.016358746398880422
2007-10-15,-0.00765907266488719,-0.007547804543481674
2007-10-16,-0.004706001268381055,-0.0046596452333738094
2007-10-17,0.012861583063030535,0.012731940438457736
2007-10-18,0.004294784769887761,0.004309441694123302
2007-10-19,-0.024916420865828237,-0.024669061443593515
2007-10-22,0.012014020524123037,0.011846731531194424
2007-10-23,0.020915880609344795,0.020730067479935315
2007-10-24,-0.007567347529217727,-0.007457936729379885
2007-10-25,-0.013390188690501903,-0.013216032889464312
2007-10-26,0.01658799439801295,0.016505472343385903
2007-10-29,0.004079248268593849,0.004076898165004879
2007-10-30,0.0020310505128884326,0.00197581417655856
2007-10-31,0.014191157280599498,0.0140983842870122
2007-11-01,-0.018716659172465788,-0.018549161047186003
2007-11-02,0.007777604193447418,0.007796961374948897
2007-11-05,-0.006431357431358475,-0.006360231490639337
2007-11-06,0.011281591191933726,0.011230396232164595
2007-11-07,-0.02432389394132628,-0.0240539715911646
2007-11-08,-0.03036508113959291,-0.030062858881740557
2007-11-09,-0.03344291886394457,-0.03308470220964175
2007-11-12,-0.02539963815970181,-0.0253236059661991
2007-11-13,0.041247413793894516,0.04086866092167913
2007-11-14,-0.012810554618949643,-0.01264436570480071
2007-11-15,-0.0053903376073675124,-0.0054080827507252665
2007-11-16,0.009233381492240067,0.009133077087900262
2007-11-19,-0.011535096885022744,-0.011420693102478306
2007-11-20,0.00402399101588613,0.004095609659971448
2007-11-21,-0.011823709234664359,-0.01171867049730582
2007-11-23,0.010748391532867663,0.010743793732206477
2007-11-26,-0.017255496011216565,-0.0170636321346754
2007-11-27,0.020008635450070145,0.019756399131751104
2007-11-28,0.03042388730392287,0.030102038756515605
2007-11-29,0.004273817530720647,0.00417620841563008
2007-11-30,-0.007543641053817551,-0.007507754116528931
2007-12-03,-0.008380525619566481,-0.008238008984152943
2007-12-04,-0.004127485921691765,-0.002748819603901174
2007-12-05,0.017959696887388965,0.014749311827431829
2007-12-06,0.014346228190292853,0.012215381828985551
2007-12-07,0.00019140038732512465,-0.00042343393388161844
2007-12-10,0.004012863247996545,0.004192630861748008
2007-12-11,-0.023220328114988975,-0.020176774276114823
2007-12-12,0.008963330216532839,0.008345379710393633
2007-12-13,-0.0054077175033330205,-0.005600775161914552
2007-12-14,-0.010290723401441326,-0.00930317599820878
2007-12-17,-0.024328152799756975,-0.020764597692548705
2007-12-18,0.0032172512457273594,0.0037994017178214776
2007-12-19,-0.0002004556300821969,0.00021470034375616358
2007-12-20,0.02044914806638931,0.016833902198566605
2007-12-21,0.019725781311722423,0.01729478067784681
2007-12-24,0.007521779385500027,0.0063524743594175525
2007-12-26,0.004976629763022489,0.004867448285165569
2007-12-27,-0.011999464813808203,-0.01002646353746077
2007-12-28,-0.0009641276544453126,0.0006406573484708545
2007-12-31,-0.011578812078153145,-0.010228718268410616
2008-01-02,-0.015814171457989135,-0.011390419001665769
2008-01-03,0.0041659477094824204,0.003998866820511723
2008-01-04,-0.04385592045925302,-0.04342298029037076
2008-01-07,-0.004752602045375642,-0.004688236889678089
2008-01-08,-0.02594962792684108,-0.02561348181457864
2008-01-09,0.021313063370036245,0.021109429250482065
2008-01-10,0.0014611142907348107,0.0014830727779958609
2008-01-11,-0.01958759710286373,-0.019365816256483682
2008-01-14,0.017428002237801943,0.017302454436830376
2008-01-15,-0.02757470282018537,-0.02734824902586464
2008-01-16,-0.010740947689736657,-0.010723731766059398
2008-01-17,-0.01389817333348764,-0.013779261003304158
2008-01-18,-0.0013209937573660513,-0.0012939037118795019
2008-01-22,-0.025799717417892887,-0.02553126329967653
2008-01-23,-0.0038477889230534856,-0.0037959902106404425
2008-01-24,0.02045038238996355,0.020281878848946736
2008-01-25,-0.02048584488911509,-0.020266292341387493
2008-01-28,0.007729420813073151,0.007726705025897624
2008-01-29,0.0018043016794571098,0.0017574033041171597
2008-01-30,-0.0009008259613860758,-0.0008824013125257808
2008-01-31,0.017128823782386338,0.016966131809286092
2008-02-01,0.010192354670658155,0.01004086742793719
2008-02-04,-0.0140377309982741,-0.012482653162319349
2008-02-05,-0.028475781715727844,-0.025730962191929867
2008-02-06,-0.019693401526524545,-0.016543638241297003
2008-02-07,0.007007665958868259,0.0060229380771204735
2008-02-08,0.01136628967329556,0.010581515340461404
2008-02-11,0.010779972025621865,0.009845159670418905
2008-02-12,-0.005672842092308339,-0.005833537089985511
2008-02-13,0.021907669984449152,0.018908726914350634
2008-02-14,-0.018087976486354962,-0.016115029703273036
2008-02-15,-0.0034117482039462965,-0.0029267175745374134
2008-02-19,-0.0018249974274726632,-0.0006610528524201451
2008-02-20,0.004571799698217083,0.004949852614742341
2008-02-21,-0.009558531300107753,-0.00837020967481859
2008-02-22,0.003676176138165843,0.0034012505617694276
2008-02-25,0.005036838040494818,0.0038582619223800144
2008-02-26,0.00387263326005427,0.004079576657089931
2008-02-27,0.004991959991481387,0.0045784086711755
2008-02-28,-0.0038390332864884913,-0.0026408665934842665
2008-02-29,-0.02651778830469853,-0.022972098583531553
2008-03-03,-0.006519305672460618,-0.005034372864313956
2008-03-04,0.00562442208949987,0.005357365919614631
2008-03-05,0.00489367613497782,0.004940548260790048
2008-03-06,-0.02203112260533957,-0.021872911264434185
2008-03-07,-0.0023713746166167393,-0.002359287661220252
2008-03-10,-0.01925356016144575,-0.019046773345373177
2008-03-11,0.038051236391412724,0.03767880733168398
2008-03-12,-0.002801446555083187,-0.002706881844441967
2008-03-13,0.007726426630795702,0.007680223318268355
2008-03-14,-0.01835509284125958,-0.018132721343734143
2008-03-17,-0.01822528236408405,-0.018023372122763087
2008-03-18,0.044600211024397485,0.04407394460937583
2008-03-19,-0.024694380337531685,-0.024554750546633804
2008-03-20,0.020437052471876438,0.020107246498709014
2008-03-24,0.03457919589443903,0.03420294363250527
2008-03-25,0.005607844213820545,0.005652313106177235
2008-03-26,-0.0028996232912028574,-0.0028335501018040567
2008-03-27,-0.022148229148775123,-0.02192855621917004
2008-03-28,-0.005032495527264591,-0.005041214618986593
2008-03-31,0.0052883015975839776,0.005202754432422636
2008-04-01,0.04277168716335167,0.04220303392562867
2008-04-02,-0.0021931329136940514,5.524837540396639e-05
2008-04-03,0.002197953317457424,0.002019100713350582
2008-04-04,0.005922704519171207,0.005639097240163393
2008-04-07,-0.0021805103434874296,-0.00114897080478455
2008-04-08,-0.007648609195937572,-0.00658811996478926
2008-04-09,-0.011231009549543591,-0.007499031714548207
2008-04-10,0.014254075985671744,0.01094836251660639
2008-04-11,-0.027668222166798095,-0.022296654270826527
2008-04-14,-0.004516129935849267,-0.003966613139328077
2008-04-15,0.0013605928302011794,0.001304697301606437
2008-04-16,0.02786621586872018,0.023673745529638447
2008-04-17,-0.0022048416930526837,-0.0022776504155499607
2008-04-18,0.031810097315196906,0.024102702384565543
2008-04-21,0.007064481630985053,0.005297680931658949
2008-04-22,-0.014881155331624929,-0.01190928107879653
2008-04-23,0.011005423868910569,0.007902144657480695
2008-04-24,0.008964831223316372,0.00539406202035427
2008-04-25,-0.0025385818058071274,-0.002138230188982667
2008-04-28,0.0019089466234294417,0.0021013644307394646
2008-04-29,0.007620674455244725,0.00463954442764683
2008-04-30,-0.008193121366061318,-0.006059780674765094
2008-05-01,0.031561094626544994,0.023494183640680327
2008-05-02,0.0014375006103373167,0.0012588652359649282
2008-05-05,-0.002870783363248197,-0.0027847751903588456
2008-05-06,0.006169011650588141,0.006115224112558777
2008-05-07,-0.01818927652328539,-0.018055790957333073
2008-05-08,0.007494045491145629,0.00749787342392776
2008-05-09,-0.003925630724868512,-0.0038734312464855985
2008-05-12,0.018253307257497298,0.01807303393916185
2008-05-13,0.002648176458809104,0.002531017350014427
2008-05-14,-0.002235102979190162,-0.0022157536396008844
2008-05-15,0.017511631479243395,0.017426333815318152
2008-05-16,0.0008006791823897963,0.0008755162103372746
2008-05-19,-0.007198661882075741,-0.007100870383991235
2008-05-20,-0.007653778148314028,-0.0075119391310168185
2008-05-21,-0.022122326726240038,-0.02186189368788356
2008-05-22,0.0035282507299825294,0.0034494526313206767
2008-05-23,-0.00310236814554421,-0.003070953994937517
2008-05-27,0.017635133299754635,0.017383611179489073
2008-05-28,0.0040772160082478415,0.004011895312753755
2008-05-29,0.008934064186708834,0.008746640220221829
2008-05-30,0.00643964958912191,0.006413253266951136
2008-06-02,-0.01219752809422181,-0.012053790170316972
2008-06-03,-0.00546573136082551,-0.005452820161804404
2008-06-04,0.012823191862523897,0.012683519075606832
2008-06-05,0.015876537043352235,0.01571969158610043
2008-06-06,-0.030070024835288978,-0.029682749684432717
2008-06-09,-0.005302113894061322,-0.005275076580722547
2008-06-10,-0.004716319445577821,-0.004774051383488432
2008-06-11,-0.02410355677947673,-0.02379923609936027
2008-06-12,0.001055079752482646,0.0009684758232985637
2008-06-13,0.020034181675440355,0.019849654348071722
2008-06-16,0.008889857491151787,0.008847105962211341
2008-06-17,-0.005328190187576354,-0.0052595336397820314
2008-06-18,-0.010712732525062885,-0.01055090138131012
2008-06-19,0.015618720217198678,0.015471071495802296
2008-06-20,-0.02700275734291513,-0.02672037577720503
2008-06-23,-0.007802522952369606,-0.007783192966073757
2008-06-24,-0.005101114850556865,-0.005028281939758394
2008-06-25,0.016235754006759917,0.01607870287906067
2008-06-26,-0.0403615312373381,-0.03985792131445037
2008-06-27,0.0,5.497018994228398e-05
2008-06-30,-0.010514532433563817,-0.010400255534839198
2008-07-01,0.014168317440137024,0.014079894392939904
2008-07-02,-0.02401189721420871,-0.018599443631258535
2008-07-03,-0.0017891991600401669,-0.0026112146226290292
2008-07-07,0.006049358273561012,0.004108335779445486
2008-07-08,0.0238309464408597,0.01897531009175102
2008-07-09,-0.026539471022740235,-0.020341520327749253
2008-07-10,0.011843858229083626,0.010973041645007075
2008-07-11,-0.015901165596118982,-0.011957561794430463
2008-07-14,-0.007404957572609505,-0.004960324372682819
2008-07-15,0.0002254378934929413,0.00018660909268022392
2008-07-16,0.02486403366335166,0.017549386386668205
2008-07-17,0.006616736218677088,0.00462534210572979
2008-07-18,-0.0230060583870898,-0.01841358891679309
2008-07-21,0.004261170707920536,0.004576674536457901
2008-07-22,0.0,-0.001816634011542334
2008-07-23,0.013175796960186892,0.008130129570316322
2008-07-24,-0.014987984283098443,-0.011013970043507368
2008-07-25,0.012978120391958337,0.009899749333178838
2008-07-28,-0.01877617473342008,-0.014483830115594724
2008-07-29,0.020711073812896386,0.015584164794477095
2008-07-30,0.005072902811069424,0.003609209819822703
2008-07-31,-0.002413417692451847,-0.0014368060177197247
2008-08-01,-0.012759075771820005,-0.011005231918699895
2008-08-04,-0.010026239934206371,-0.009826944813945821
2008-08-05,0.03376117438284654,0.029191071447337014
2008-08-06,0.015240395020475583,0.013746510783292481
2008-08-07,-0.007720021321184323,-0.006887161247508096
2008-08-08,0.02269250976313808,0.019557147973069802
2008-08-11,0.009087154533004016,0.006698257611135809
2008-08-12,0.0010470678185647841,0.000614744660345726
2008-08-13,-0.0020920379838373915,-0.0013621142881878228
2008-08-14,0.011530284331136453,0.009158702096721516
2008-08-15,-0.0018655958691153884,-0.002357369061702374
2008-08-18,-0.011627843819051464,-0.009579654490646726
2008-08-19,-0.012394750153430278,-0.010235960334667962
2008-08-20,0.0017022274278828409,0.001281279693301996
2008-08-21,-0.004672535110194831,-0.0029031070503666347
2008-08-22,0.013228099054090725,0.011308864738844512
2008-08-25,-0.02105713439219492,-0.018839493051409237
2008-08-26,-0.0012904023192038538,-0.0008466640906493125
2008-08-27,0.006461398430333665,0.005890499504827243
2008-08-28,0.008131584668796155,0.00770915035141454
2008-08-29,-0.021014389707773584,-0.019142039972369268
2008-09-02,-0.012359136225690737,-0.012306607341711876
2008-09-03,-0.009440170545398696,-0.00929433432961315
2008-09-04,-0.0323583646595873,-0.03159518695358977
2008-09-05,-0.004810223683311743,-0.004686777632677388
2008-09-08,-0.0018405750583745384,-0.001709202483600134
2008-09-09,-0.021212799627131962,-0.020993854549507664
2008-09-10,0.008244894098508482,0.007799353291757207
2008-09-11,0.018691378703642236,0.018047199967848274
2008-09-12,-0.003899213691244907,-0.0034712231134558127
2008-09-15,-0.03108408198723367,-0.029982348297375883
2008-09-16,0.007842528642451718,0.007485337556839514
2008-09-17,-0.05187518151043469,-0.04951146456418626
2008-09-18,0.0338225784124877,0.03270100397054836
2008-09-19,0.032689694273712266,0.032090642051300015
2008-09-22,-0.04708639249200597,-0.04561372206905712
2008-09-23,-0.007582736626389974,-0.007468103400004531
2008-09-24,0.00690187734062464,0.006568970310634695
2008-09-25,0.01591141762525905,0.015515113495390103
2008-09-26,-0.01012076202868295,-0.009779421878766455
2008-09-29,-0.07935708455563417,-0.07699708756777969
2008-09-30,0.028821248303807945,0.02756907890547949
2008-10-01,-0.010536750869196698,-0.010141283194360588
2008-10-02,-0.04545551317532226,-0.030667767666331384
2008-10-03,-0.01550986006521482,-0.0059490325211836465
2008-10-06,-0.036484013212431665,-0.013867672556747474
2008-10-07,-0.06339663600316892,-0.026519162553025628
2008-10-08,-0.007963400165959533,-2.206471955669515e-05
2008-10-09,-0.026859954068854885,-0.013782959357425713
2008-10-10,-0.0063455052601415485,-0.02146842857532873
2008-10-13,0.12164716032535106,0.0577523287898484
2008-10-14,-0.04326762667902395,-0.019766250932741373
2008-10-15,-0.0895561777794206,-0.04156433443359143
2008-10-16,0.054248204615227946,0.01673381684043977
2008-10-17,0.0012396325318908552,-0.0057850800865701804
2008-10-20,0.027863714874512002,0.022463785629482463
2008-10-21,-0.05180687912770421,-0.030823328116287827
2008-10-22,-0.027636536161019465,-0.02436137089893182
2008-10-23,-0.003920518527204431,-0.002026935940630173
2008-10-24,-0.03214157735232959,-0.014563058828720816
2008-10-27,-0.027787305329841305,-0.013810727788224711
2008-10-28,0.11049138373485468,0.05883520670463408
2008-10-29,-0.0025109488996057916,-0.0021694730190826
2008-10-30,0.033354101461471775,0.013708940620569212
2008-10-31,0.001522511515140934,-0.004644880282949378
2008-11-03,-0.0021280737362403546,-0.0011373169692754288
2008-11-04,0.028336167703953752,0.026772865846166435
2008-11-05,-0.052147788935294814,-0.022664378964737976
2008-11-06,-0.044701707004290436,-0.017355484841573548
2008-11-07,0.020615317813419187,0.008281128813662837
2008-11-10,-0.013465798512669047,-0.0007153722874651338
2008-11-11,-0.021774494243141262,-0.010642917873970585
2008-11-12,-0.046179384632921594,-0.02062538611634848
2008-11-13,0.06095439889782406,0.02651769471031793
2008-11-14,-0.04858861338603815,-0.008867864371589313
2008-11-17,-0.021048848085596372,-0.00641427579452935
2008-11-18,-0.001056893017889915,-0.001278673919440719
2008-11-19,-0.052223386931564475,-0.012571240146169777
2008-11-20,-0.04839896928259024,-0.006981095040151538
2008-11-21,0.04342692934238479,0.03597325085729092
2008-11-24,0.06111713135152774,0.02159060877075935
2008-11-25,-0.004593182015604769,0.002878527092742879
2008-11-26,0.04188838315496324,0.009728428963795586
2008-11-28,-0.007836341220953114,-0.0008090833981623687
2008-12-01,-0.07520629765106035,-0.03422463324284203
2008-12-02,0.03341998468638763,0.01725400500999445
2008-12-03,0.028386856428520568,0.008047057762423641
2008-12-04,-0.028302087604298642,-0.011971082396702281
2008-12-05,0.04063314979439503,0.009701977651359708
2008-12-08,0.03939187259807997,0.01902226989727316
2008-12-09,-0.0023272403334934078,0.0006511142871970558
2008-12-10,-0.0033320995763883587,0.010136148707345489
2008-12-11,-0.027415542261494008,-0.007081493079625898
2008-12-12,0.020281428775011046,0.007740831605581966
2008-12-15,-0.017519812661569656,-0.00077501797454274
2008-12-16,0.04801063889449786,0.02655680878204349
2008-12-17,-0.012107153430847784,-0.0012328893016453645
2008-12-18,-0.01755536977710337,-0.0076053778694327116
2008-12-19,0.008204516591373112,-0.0003132676130876242
2008-12-22,-0.021768230134708966,-0.005930082165248249
2008-12-23,-0.005135659331651499,-0.0050980509943553175
2008-12-24,0.002753081468924945,0.003526121561496481
2008-12-26,-0.00034312392849467077,0.006484358075112043
2008-12-29,-0.008238788092663762,-0.001645022766124757
2008-12-30,0.020768571687956205,0.00849119373289597
2008-12-31,0.0084773370681972,0.0031986813674002605
2009-01-02,0.04337622653056128,0.012831337274765665
2009-01-05,-0.0003223670776378862,-0.0028369295563664162
2009-01-06,0.009993464292143761,0.0078028217102004025
2009-01-07,-0.02840698115425211,-0.024277557227774058
2009-01-08,0.010511764894704179,0.009487605231414849
2009-01-09,-0.02243117828411323,-0.017975389788716222
2009-01-12,-0.018290791332698397,-0.016842906655739155
2009-01-13,0.0003386319744005384,7.616472605776518e-05
2009-01-14,-0.030477122924365108,-0.02456598725177629
2009-01-15,0.016416098880577268,0.013525974682693901
2009-01-16,0.010996575066909875,0.010736798729984428
2009-01-20,-0.049625986820235335,-0.03772165326807384
2009-01-21,0.0425606519663686,0.03229978193186591
2009-01-22,-0.013378983499481967,-0.010602688549976019
2009-01-23,0.004867511377598666,0.0070239788464125635
2009-01-26,0.007266818726483049,0.006364687795082679
2009-01-27,0.007213633133762443,0.00590700097174862
2009-01-28,0.035129999688995106,0.025872678727502697
2009-01-29,-0.02537069015032678,-0.01880844994052806
2009-01-30,-0.017580023206628437,-0.012683221749857714
2009-02-02,0.012044455486145411,0.008062283698865224
2009-02-03,0.015640975052056305,0.0073018340241329145
2009-02-04,0.001339396933247583,0.0020923456233137103
2009-02-05,0.022065754923880965,0.015058394693392641
2009-02-06,0.026169625266725616,0.014626473153524487
2009-02-09,0.004144082460288079,0.0006849713924603247
2009-02-10,-0.036825472668058024,-0.01885159540408211
2009-02-11,-0.004614248345625183,0.0010900308530984173
2009-02-12,0.012251439744864756,0.007729902726486808
2009-02-13,-0.004579460102768329,-0.005391183925470343
2009-02-17,-0.039763461649370835,-0.019239609980245955
2009-02-18,0.0006843688586990471,0.001324315634419194
2009-02-19,-0.015389508374045402,-0.01171143577961727
2009-02-20,0.002778668214120872,0.0044012829164009155
2009-02-23,-0.034984359858842184,-0.0215389290388137
2009-02-24,0.033022005724990144,0.01653268549580065
2009-02-25,-0.006601593315878507,-0.007243024313257714
2009-02-26,-0.027981992279296763,-0.018347458981553218
2009-02-27,-0.009355714643897506,-0.007056241121075105
2009-03-02,-0.032328349026224945,-0.022022402566975602
2009-03-03,-0.0007508137163704243,-0.0036129521423706227
2009-03-04,0.02667150411588981,0.015640806579638365
2009-03-05,-0.030003753990361814,-0.014203020057225938
2009-03-06,-0.007921705332675999,-0.0049273297224476644
2009-03-09,-0.021292553330117925,-0.017012455711887677
2009-03-10,0.06177160253567093,0.03519293944105565
2009-03-11,0.015367806047542176,0.011670142456910487
2009-03-12,0.033152909498907146,0.024458282243886253
2009-03-13,0.00244201374587516,0.0019958441462021286
2009-03-16,-0.016701398871372453,-0.011074268616699542
2009-03-17,0.037862821907744815,0.023357708297400116
2009-03-18,0.012614842885939836,0.015643484402521127
2009-03-19,-0.0006736061091673351,0.0016015030824255549
2009-03-20,-0.015220388756677306,-0.011085972320266434
2009-03-23,0.058944364201661825,0.0363347618039744
2009-03-24,-0.018446854933933943,-0.013418998407460858
2009-03-25,0.004616450718692322,0.0035031995540936826
2009-03-26,0.030849716954284956,0.02045913900421346
2009-03-27,-0.01878371052089145,-0.013316170617076354
2009-03-30,-0.024659647211160207,-0.01724241385858767
2009-03-31,0.00864970110160046,0.006573994297454284
2009-04-01,0.014841445831731859,0.011074188346416942
2009-04-02,0.032174308541522034,0.0314034613398628
2009-04-03,0.018577128856479108,0.01832532157046396
2009-04-06,-0.002473308679259101,-0.0025588125560263813
2009-04-07,-0.026340314821426625,-0.026019926037446378
2009-04-08,0.016868444590221854,0.016720038887797554
2009-04-09,0.030985949177004368,0.030643737175849475
2009-04-13,-0.0015184154455969434,-0.0014358680814225094
2009-04-14,-0.012161297522687353,-0.01206471134305921
2009-04-15,-0.0027700243565457194,-0.0027282769935308595
2009-04-16,0.025926056191164948,0.0255955153481418
2009-04-17,0.002105452824751497,0.002033912915075042
2009-04-20,-0.03212214425299864,-0.03171629299778456
2009-04-21,0.013958067029317789,0.01380270455493418
2009-04-22,0.0030586357514028606,0.003032353976008556
2009-04-23,0.0097589338542734,0.009722931031569388
2009-04-24,0.017517732002703346,0.01736176187746193
2009-04-27,0.0011871394600670993,0.001161394820853439
2009-04-28,-0.007411707828922198,-0.00740366564756468
2009-04-29,0.01373931922665772,0.013616677631436074
2009-04-30,0.010017467059589391,0.009868201533319888
2009-05-01,0.0026255760408904205,0.0026053912263654297
2009-05-04,0.01978485854701373,0.01966773151365742
2009-05-05,-0.0008559650025420362,-0.0008620735445767357
2009-05-06,0.000285671205088045,0.00032193401335539937
2009-05-07,-0.02340889227568066,-0.02321477256126579
2009-05-08,0.0005848058521449317,0.0006214774146870884
2009-05-11,0.0035057520610044524,0.003478581553715678
2009-05-12,-0.012227330731006458,-0.012052872099028505
2009-05-13,-0.026819625115924728,-0.02654903947687941
2009-05-14,0.01120542769147126,0.011095101189228806
2009-05-15,-0.0005991012945897323,-0.0005957491876014413
2009-05-18,0.026071168222911112,0.025744732262127697
2009-05-19,0.004673057239216849,0.0046588705573454205
2009-05-20,-0.0034886194086516387,-0.003410780046464863
2009-05-21,-0.018377679402113545,-0.018179905542467064
2009-05-22,-0.003268875511442171,-0.003235198812829298
2009-05-26,0.037268927672116536,0.03688866223555755
2009-05-27,-0.0068981964868959356,-0.006885407374575275
2009-05-28,0.011576661794940879,0.011531676824744732
2009-05-29,0.0123037913449906,0.012302507874388555
2009-06-01,0.02854696513221544,0.028228324414359993
2009-06-02,0.0013742174960926778,0.0013818114215780912
2009-06-03,-0.0030188386514179433,-0.003061131928193379
2009-06-04,0.011285564339472254,0.01121768821394613
2009-06-05,0.0010881674071956393,0.0009730536903613835
2009-06-08,-0.002990393490521992,-0.0029756959227571467
2009-06-09,0.007635748975127088,0.0075677177717749155
2009-06-10,-0.0035189702645396226,-0.0034912574924390698
2009-06-11,0.0,2.8247179628396232e-05
2009-06-12,-0.004616841281385842,-0.0045971441368642665
2009-06-15,-0.02046360379116907,-0.02030628153273303
2009-06-16,-0.009749345173923785,-0.0096014336954452
2009-06-17,0.009564291126187285,0.009475296441022251
2009-06-18,-0.0019504241400293276,-0.0019550785299105675
2009-06-19,0.010733283846449782,0.01064418972289449
2009-06-22,-0.02986708942896399,-0.029607793757264456
2009-06-23,-0.002280607319016137,-0.0022322883683432177
2009-06-24,0.016857318701240853,0.016700623959803228
2009-06-25,0.019668100685691803,0.019548618329871766
2009-06-26,0.002205113748789511,0.0021842880658867487
2009-06-29,0.0021993522215613126,0.0021834652336247392
2009-06-30,-0.0019202780538365438,-0.0019468897612738058
2009-07-01,0.0005496718155713065,0.0005994538131388229
2009-07-02,-0.021978611295640382,-0.021821740560048812
2009-07-06,-0.0053366077169293424,-0.005301823193263678
2009-07-07,-0.024851453329211792,-0.02461475141347344
2009-07-08,0.005212091842020206,0.005126305307642171
2009-07-09,0.0017288004313109617,0.0017048912172556684
2009-07-10,0.0043140663087262165,0.004285217118268548
2009-07-13,0.019186997107916604,0.019031203739770894
2009-07-14,0.0036520514168807416,0.0036215249255733763
2009-07-15,0.033594841921680274,0.03329239611617182
2009-07-16,0.011918365591031543,0.011806865382132433
2009-07-17,0.005352886309976768,0.005268169950540179
2009-07-20,0.009584551590291701,0.00955715612682513
2009-07-21,0.006856582849924742,0.006819994750769921
2009-07-22,0.008381625614825028,0.008290840434762208
2009-07-23,0.022077832493691885,0.021850279430313667
2009-07-24,-0.0076241151038421995,-0.0075211891355891755
2009-07-27,0.007682688807618465,0.007597878548903431
2009-07-28,-0.00686200628473288,-0.006855970226369838
2009-07-29,0.0066530628312591045,0.006554614768926482
2009-07-30,0.0058473499092353,0.005843514061133386
2009-07-31,-0.003033269192519339,-0.002919889035433128
2009-08-03,0.014955854259172563,0.014812973986851162
2009-08-04,0.0,5.142284553295622e-06
2009-08-05,-0.00774216905521341,-0.007694986018514986
2009-08-06,-0.008809559183584392,-0.008721616371010675
2009-08-07,0.012696394872949712,0.012534183557138735
2009-08-10,-0.007020700156954218,-0.006960295599469389
2009-08-11,-0.008585936679771033,-0.008484293266388656
2009-08-12,0.01553758192951693,0.015375391387177683
2009-08-13,0.005518009182824191,0.005508293554981433
2009-08-14,-0.011474260022297122,-0.011378106805005337
2009-08-17,-0.02901822761568751,-0.02876991953958947
2009-08-18,0.014293046489003869,0.01415974368399251
2009-08-19,0.006917701012546074,0.006885517754946055
2009-08-20,0.011704576630104047,0.011599956086620816
2009-08-21,0.013330080227476504,0.013234606559631112
2009-08-24,-0.0009928756680273043,-0.0010041221754040193
2009-08-25,0.0029814777484706845,0.0029711965281973766
2009-08-26,-0.001734198414433119,-0.0017071082304775547
2009-08-27,0.002481792670298688,0.00246349843496093
2009-08-28,0.0009890801523562143,0.0010097145265156998
2009-08-31,-0.010137599156949784,-0.010060078725032862
2009-09-01,-0.018736011055021318,-0.018544612744668842
2009-09-02,-0.0007641409025991308,-0.0006519674849607844
2009-09-03,0.006624247119931148,0.006593533743837458
2009-09-04,0.021514247422732113,0.021282366728769167
2009-09-08,0.0094147539288576,0.009311035895507636
2009-09-09,0.008591377676540057,0.008488242927012482
2009-09-10,0.009490773173153944,0.009443095355405192
2009-09-11,0.0009651364020932807,0.0009990505714040775
2009-09-14,0.003853210793744122,0.003788789585739362
2009-09-15,0.0031191268302681596,0.0031202321052491043
2009-09-16,0.014589622486612441,0.01449694932920253
2009-09-17,-0.00023575531444619546,-0.00023747372846279858
2009-09-18,0.001676056976936291,0.001627470533368845
2009-09-21,0.0030631123460753695,0.0030221415850586854
2009-09-22,0.001879132376111814,0.001901493641731525
2009-09-23,-0.0046893813167296905,-0.004667342770461596
2009-09-24,-0.008951813303646694,-0.00890911141680983
2009-09-25,-0.008794556678213272,-0.008705739468333827
2009-09-28,0.017026603705422527,0.016878938142275587
2009-09-29,-0.004480126300454912,-0.004422401115645829
2009-09-30,0.0007102421745475151,0.0007480993790237012
2009-10-01,-0.029585980898140574,-0.029321262478701197
2009-10-02,-0.0029265812511204414,-0.0029041679184281088
2009-10-05,0.008072313927600439,0.00805450220917014
2009-10-06,0.017714051292690103,0.017615598618294488
2009-10-07,0.0028613029387287714,0.00285545714829986
2009-10-08,0.0042798660406899725,0.004264022910121461
2009-10-09,0.005681438776008241,0.005570642023046995
2009-10-12,0.00211893135190655,0.0021341514653274714
2009-10-13,0.00023542212716520794,0.0002557233042318616
2009-10-14,0.01362063253289092,0.013460341569231146
2009-10-15,-0.0023168317752337853,-0.002334075143295023
2009-10-16,-0.006502684735214537,-0.006409119764089133
2009-10-19,0.010051724073876445,0.010009803788297082
2009-10-20,0.00023162920830666067,0.00020007780757464564
2009-10-21,-0.0018513808966034162,-0.001831053828799759
2009-10-22,0.003940715392328542,0.0039027257054935005
2009-10-23,-0.004156036254862161,-0.004156276746497256
2009-10-26,-0.0032457586173235686,-0.003300731177098071
2009-10-27,-0.015120232146009216,-0.014952325882267636
2009-10-28,-0.022437260950720184,-0.02225322898260366
2009-10-29,0.016912209648428878,0.016803681322123003
2009-10-30,-0.02684692570794167,-0.026576677026041086
2009-11-02,0.004150234350970727,0.004144063024698776
2009-11-03,0.003160244758701136,0.003198739137399497
2009-11-04,0.0016968600061455508,0.0016930550169041675
2009-11-05,0.024679447945026745,0.024443962492101425
2009-11-06,0.005903016080862411,0.005862602643991965
2009-11-09,0.021362296012031212,0.02119120470641084
2009-11-10,0.0025270097724103824,0.0025079403219285413
2009-11-11,0.006419609988167485,0.006398692557395341
2009-11-12,-0.00569479603730505,-0.005697867561443909
2009-11-13,0.008247328585469837,0.008230454286271399
2009-11-16,0.010224733030510968,0.010213599829801443
2009-11-17,0.003148962051896076,0.00313142759825086
2009-11-18,-0.005605219759740487,-0.005552671700938226
2009-11-19,-0.0155579840027813,-0.015412241897117587
2009-11-20,-0.005038778821956358,-0.004966177522252872
2009-11-23,0.01611379119669132,0.016006477697620723
2009-11-24,-0.0033980405118231305,-0.0033378688592652565
2009-11-25,0.00431921430172566,0.004353512323717293
2009-11-27,-0.015164660143482167,-0.015071164647128073
2009-11-30,0.001148944679087771,0.0011665233022284112
2009-12-01,0.010330051524830353,0.010281778713455345
2009-12-02,0.001363711649330357,0.0014167110494387215
2009-12-03,-0.004084463378017711,-0.0040685606217743114
2009-12-04,0.005240312621316745,0.00502150217828651
2009-12-07,-0.004759690993923482,-0.004724615367274952
2009-12-08,-0.006148769057174985,-0.006156660924170005
2009-12-09,0.010081970037925991,0.009977687368122445
2009-12-10,0.00499146908867365,0.004934262474111159
2009-12-11,-0.0038380232610606413,-0.0038314627445981434
2009-12-14,0.009517427477940155,0.009458295037841185
2009-12-15,-0.005611212730574855,-0.005568026764913283
2009-12-16,0.0013539878328034938,0.001377953766169061
2009-12-17,-0.012173089212159316,-0.01216306368076301
2009-12-18,0.01629840955180728,0.01618941673843754
2009-12-21,0.011245605485075583,0.011042601442797092
2009-12-22,0.00600573799014259,0.005903827690535312
2009-12-23,0.007295866090444303,0.007239982337622445
2009-12-24,0.009218505732734306,0.009176097111888892
2009-12-28,0.005219901385086656,0.0051713568513130255
2009-12-29,-0.00411092344486419,-0.004095964795014056
2009-12-30,0.0030417461549483438,0.003004822758562569
2009-12-31,-0.009096898903242834,-0.009015049529103083
2010-01-04,0.014644863105813144,0.014579415022352158
2010-01-05,0.0,-6.916408290913112e-06
2010-01-06,-0.006031811507606122,-0.005926405586525559
2010-01-07,0.0006501532680591726,0.000619067489039774
2010-01-08,0.008229892270416261,0.008162988367665516
2010-01-11,-0.004081120711492137,-0.003989762149407593
2010-01-12,-0.012510962810235116,-0.012439638518377672
2010-01-13,0.012450439378778988,0.012355117290801982
2010-01-14,0.0008637350865703386,0.0008864260176213081
2010-01-15,-0.011640639293375443,-0.011557589674597812
2010-01-19,0.016139478132188412,0.016007527288914383
2010-01-20,-0.014381106790406717,-0.014316026001178705
2010-01-21,-0.009363547081652102,-0.009327354460111792
2010-01-22,-0.029237379732672486,-0.028977400513573927
2010-01-25,0.0033970196901074168,0.0033748785748465853
2010-01-26,0.000902606476118617,0.0009003473480969948
2010-01-27,0.007891626960975895,0.007772959339096863
2010-01-28,-0.025727225364318596,-0.025481952434445027
2010-01-29,-0.017451336095932857,-0.01728565189656018
2010-02-01,0.010984065270093879,0.01094473946130899
2010-02-02,0.00901579862432178,0.008962307373724422
2010-02-03,0.005497826291831931,0.005405443446289922
2010-02-04,-0.02893565984847679,-0.028786243375289778
2010-02-05,0.008446298020569065,0.008369745347732244
2010-02-08,-0.007212434684451097,-0.0071678254560653566
2010-02-09,0.010311410769839657,0.010249518278743684
2010-02-10,-0.002087447227549055,-0.002096006070999105
2010-02-11,0.015108862168652815,0.015024115777303323
2010-02-12,0.002061485278188835,0.0020399814996798125
2010-02-16,0.012796620573618078,0.012772816040984729
2010-02-17,0.005641161977135489,0.005549768677415761
2010-02-18,0.006282079454669187,0.0062434933626720115
2010-02-19,-0.000445869614703831,-0.000436680564082952
2010-02-22,-0.002007259188878119,-0.0020094786147746894
2010-02-23,-0.01296416820137436,-0.012858417194231945
2010-02-24,0.010190261995500327,0.010077266887092401
2010-02-25,-0.00022447937550662544,-0.0001858618026015856
2010-02-26,0.0035881358294753696,0.0035883379705885466
2010-03-01,0.014521908339240275,0.014389337388977323
2010-03-02,0.003082596434545559,0.0031055099195805495
2010-03-03,0.001097688905002503,0.0010986419108899791
2010-03-04,0.0032895523958458295,0.0032437184939468713
2010-03-05,0.015082057646111036,0.014920095552205645
2010-03-08,0.0019376705249691817,0.0018808174933992385
2010-03-09,0.005588349710630602,0.005526053928412578
2010-03-10,0.008121026551318966,0.00799606107816906
2010-03-11,0.0038160199139931628,0.0037903678818013427
2010-03-12,0.00021102482543611245,0.0001929196499638461
2010-03-15,-0.0025338074795024923,-0.0024934904448136526
2010-03-16,0.006350516783676152,0.006374544021966015
2010-03-17,0.002734302839395353,0.0026913301622922946
2010-03-18,0.0033570563358549244,0.0033375835216695776
2010-03-19,-0.006048829237527031,-0.006052011481490295
2010-03-22,0.00905423620036161,0.00894177170176512
2010-03-23,0.00688630772982779,0.00683292096062685
2010-03-24,-0.004766615038891975,-0.004820877627891047
2010-03-25,-0.001457298865125356,-0.0014431687854282445
2010-03-26,0.001042551672276515,0.0010980314082366248
2010-03-29,0.00479162212362616,0.004754248309794976
2010-03-30,0.0033173630058251913,0.003260837709606122
2010-03-31,-0.0047531861841454415,-0.004663895148117414
2010-04-01,0.0,5.1888443946693116e-05
2010-04-05,0.009344336769697259,0.009248890785672889
2010-04-06,0.0028795824059297814,0.0028677624203192384
2010-04-07,-0.002461641655455038,-0.0023832744448610984
2010-04-08,0.0022619226317499574,0.0022399305623213594
2010-04-09,0.005950128716855074,0.0059331756155638635
2010-04-12,0.0008158313408508366,0.0007994701760360599
2010-04-13,0.005095035708966744,0.005031295851603262
2010-04-14,0.01196232902197325,0.011844658129755372
2010-04-15,0.00440844220038672,0.004384586972694064
2010-04-16,-0.01196928958682475,-0.011923214359889467
2010-04-19,-0.0006058963612164403,-0.0006057151839238213
2010-04-20,0.005050688014318405,0.0050277731123476565
2010-04-21,0.005628258756816162,0.005612607246142769
2010-04-22,0.005596495199664986,0.005524111350732653
2010-04-23,0.004173771319298414,0.004175594770316081
2010-04-26,-0.0021769545724955597,-0.0021682953334436284
2010-04-27,-0.02122581896912823,-0.020952364543372553
2010-04-28,0.0006077840916147714,0.0005894538822216627
2010-04-29,0.01741953443722255,0.017252307658796255
2010-04-30,-0.019709201189354042,-0.019458982841254517
2010-05-03,0.014012869274169226,0.013896595215102338
2010-05-04,-0.03004182209502737,-0.029758765923489475
2010-05-05,-0.00516227454903373,-0.005101171151760651
2010-05-06,-0.033416142915761005,-0.03296055575983821
2010-05-07,-0.024908581580747602,-0.02468873659813576
2010-05-10,0.05197070033944362,0.051428371455123634
2010-05-11,-0.0010470323629148126,-0.0009458401135314732
2010-05-12,0.01886025740590247,0.018690313960513197
2010-05-13,-0.01583725419126958,-0.015696935067270445
2010-05-14,-0.019226577573616344,-0.019020888355562645
2010-05-17,0.0031966642989722516,0.003129954909892812
2010-05-18,-0.013806889693816826,-0.013653727473554578
2010-05-19,-0.007968626069031592,-0.007974287140796081
2010-05-20,-0.03712541206732567,-0.03677887882512748
2010-05-21,0.011048111305761665,0.01092619948111758
2010-05-24,-0.004014049171545353,-0.003940560625289909
2010-05-25,0.0008957590206419841,0.0009044215755779988
2010-05-26,-0.011185983681125,-0.011043283890635263
2010-05-27,0.037783029411361246,0.03739418773382634
2010-05-28,-0.005886732922913973,-0.00581495257910386
2010-06-01,-0.009210047688845369,-0.009100083959903867
2010-06-02,0.023682704466233107,0.014480892519344542
2010-06-03,0.00951385036331076,0.0037509038547963234
2010-06-04,-0.03426837846046393,-0.01927815517781612
2010-06-07,-0.01818618328376531,-0.008107532511488725
2010-06-08,-0.0018068044635753955,-0.0013644372538690098
2010-06-09,-0.008373349459182666,-0.005952943540614994
2010-06-10,0.028525614409287137,0.015779146513827755
2010-06-11,0.009541084176370784,0.007887613798303262
2010-06-14,-0.00021975720443478952,-0.0007410071788021709
2010-06-15,0.02681907417156104,0.018633054132666825
2010-06-16,0.004067413662343533,0.002345366279101322
2010-06-17,0.003198616042985103,0.004440914414508802
2010-06-18,0.0008304532922576158,0.0015385388751771954
2010-06-21,-0.008510636709794683,-0.008378086452125465
2010-06-22,-0.007725527537466026,-0.0038570549721907215
2010-06-23,-0.004108859053097991,-0.0029987307602969324
2010-06-24,-0.015201009705060664,-0.009580023182749944
2010-06-25,0.00019907602867985652,0.0021771501717032546
2010-06-28,-0.0035341051011914537,-0.0033528731688870607
2010-06-29,-0.0385728809532514,-0.023682277847208638
2010-06-30,-0.015217576526190713,-0.00890704497940375
2010-07-01,-0.0028091958014383467,-0.006901837568379372
2010-07-02,-0.002817932005530932,-0.0021414608863220786
2010-07-06,0.0030611459100389204,0.002089007312194144
2010-07-07,0.03192400233249293,0.027794094627475723
2010-07-08,0.005460229829074459,0.004429781097176788
2010-07-09,0.009502223135443355,0.008463327291332234
2010-07-12,0.002913841887184354,0.0021163249547997615
2010-07-13,0.012960211923765286,0.011241758198629511
2010-07-14,0.0050745065508506215,0.004534207831620798
2010-07-15,0.0008772774489906876,0.00102855778854543
2010-07-16,-0.027631284969053205,-0.02423354163942151
2010-07-19,0.008570213763325896,0.006882840403007208
2010-07-20,0.012074861299433026,0.010861087420505995
2010-07-21,-0.013698532077265124,-0.011862611655660734
2010-07-22,0.025313944144581768,0.021882336024703946
2010-07-23,0.0063358395781820676,0.004794805836798205
2010-07-26,0.008250179461497975,0.006801719747002875
2010-07-27,-0.0004307512454700957,-0.0012419880365208491
2010-07-28,-0.00797077589626205,-0.006642747205084769
2010-07-29,-0.007382887819554651,-0.006322376728579098
2010-07-30,0.0021871939134519014,0.0027571023756296923
2010-08-02,0.018773308581278236,0.01592877885141928
2010-08-03,-0.004285159050830822,-0.004369402496092006
2010-08-04,0.01011333908021439,0.01002604324596221
2010-08-05,-0.0023428249233449217,-0.002308016100487955
2010-08-06,-0.001494559666603168,-0.0014313988886246387
2010-08-09,0.006843261712196291,0.00675800232727181
2010-08-10,-0.008708733785909417,-0.008599911425153511
2010-08-11,-0.027212045200359913,-0.026950953540491932
2010-08-12,-0.007929592058869783,-0.007814254901496552
2010-08-13,-0.007104886554950562,-0.007011533677882547
2010-08-16,0.001788882844048656,0.0018312099483214557
2010-08-17,0.01272332344431737,0.012601075315048544
2010-08-18,0.003967128514280827,0.003939737413411878
2010-08-19,-0.015148164094029193,-0.01498465450850361
2010-08-20,0.001337572837654788,0.0013172860254273325
2010-08-23,-0.009794855222716059,-0.00969676101573747
2010-08-24,-0.018660288587784013,-0.01843049801758385
2010-08-25,0.009621953488716528,0.009547224307885958
2010-08-26,-0.012026445364301086,-0.011909040194677199
2010-08-27,0.012172841376038246,0.012033403507664889
2010-08-30,-0.010438086283432346,-0.010324940641821866
2010-08-31,-0.003439829882559753,-0.003350403896449569
2010-09-01,0.029913249551936527,0.029596256000672
2010-09-02,0.011170131858931454,0.011057809092847603
2010-09-03,0.016571074853610313,0.016376921927279138
2010-09-07,-0.006737664070465721,-0.006616806553449711
2010-09-08,0.012034837991267366,0.011897799924431834
2010-09-09,0.0038920259574626304,0.0037992224325122097
2010-09-10,0.0036615619162905233,0.0036152716893188327
2010-09-13,0.013948202083924333,0.013819548208478557
2010-09-14,0.0042329295457546046,0.004270740717240902
2010-09-15,0.0063223542547681255,0.006228344422129204
2010-09-16,0.003979734564752313,0.00394419350388001
2010-09-17,0.003386680808938003,0.003353495437786548
2010-09-20,0.01750355109917634,0.01736173705904108
2010-09-21,-0.0002046685737528975,-0.00015613410431193422
2010-09-22,-0.002663204482745818,-0.0026104973515800114
2010-09-23,-0.0004102450930614232,-0.0004133361017760684
2010-09-24,0.020340999471287535,0.02014275871855819
2010-09-27,-0.005437120187196887,-0.005349230061658695
2010-09-28,-0.00040496123996769384,-0.0003577950251611308
2010-09-29,-0.0016205896724130753,-0.001615243653782918
2010-09-30,-0.0044629916508585055,-0.004422532913740185
2010-10-01,-0.0012230731405953321,-0.0011825956613494212
2010-10-04,-0.010813923423819705,-0.010713787322021748
2010-10-05,0.02434002149003467,0.024165840708786954
2010-10-06,-0.008658579812827805,-0.008536514566695533
2010-10-07,0.0036558737170300226,0.0035689315227326736
2010-10-08,0.006881112294438108,0.006843724036017619
2010-10-11,0.0004021186896274731,0.00041463401424869683
2010-10-12,0.006831426934460261,0.006736279710437922
2010-10-13,0.008181681963071785,0.008159611160410724
2010-10-14,-0.0019794306599386635,-0.001964506847267563
2010-10-15,0.021221932695918877,0.02096255061695246
2010-10-18,-0.0036900162388752156,-0.003624430623668563
2010-10-19,-0.009356954890894498,-0.009357492330112738
2010-10-20,0.007280934429301222,0.007246347120643382
2010-10-21,0.0019532663260046768,0.001866296069782656
2010-10-22,0.006823913846047747,0.006762828736468774
2010-10-25,0.004841502498501793,0.004829363216537138
2010-10-26,0.002697817882008069,0.0026433644291158523
2010-10-27,0.0030753086256709583,0.0029898659090664675
2010-10-28,0.0021075833341528405,0.0021408594199528396
2010-10-29,-0.0022943235144127216,-0.0022176162821130195
2010-11-01,0.0007665331784405538,0.0007241880486901133
2010-11-02,0.010723830317141747,0.010662237789972967
2010-11-03,0.00454716425895807,0.004443705187707762
2010-11-04,0.01225937734273308,0.012276108956421766
2010-11-05,0.0,-1.575545513720911e-05
2010-11-08,0.001304538057913529,0.0013310726370148924
2010-11-09,-0.005396428568190892,-0.005437320245900351
2010-11-10,0.005051507163969626,0.005042457004104131
2010-11-11,-0.0063290346708835266,-0.006260388010751367
2010-11-12,-0.016298303210147802,-0.016249025362604263
2010-11-15,-0.0038087456826204624,-0.0038324669730461307
2010-11-16,-0.016440715725369537,-0.016285156705691
2010-11-17,0.0029156456998247204,0.0028645612993328227
2010-11-18,0.016085045138307885,0.01597807829203096
2010-11-19,0.0007630449304543152,0.0007607943122117326
2010-11-22,0.008386012303069013,0.0083484470582447
2010-11-23,-0.015876256489918195,-0.015697401023854928
2010-11-24,0.0201654099149704,0.019938805248924423
2010-11-26,-0.006589236240777119,-0.006548327238192259
2010-11-29,-0.0007581285874626031,-0.0007212295973193499
2010-11-30,-0.012136692593719411,-0.01195641674745448
2010-12-01,0.02111670626809059,0.020885608016280952
2010-12-02,0.010152566059500323,0.010039705215761004
2010-12-03,0.0026058368164614265,0.002646149905763322
2010-12-06,-0.00037160761949539545,-0.00032006780605626616
2010-12-07,0.0005570914048995679,0.00044488500303390007
2010-12-08,0.0037119829405398708,0.003613291584919326
2010-12-09,0.0009244830010450844,0.0009432775353516524
2010-12-10,0.006651001175943749,0.006579238381494249
2010-12-13,-0.003487338756557712,-0.0034265222785264966
2010-12-14,0.0018418773588437798,0.0018067686704800886
2010-12-15,-0.00441167201436099,-0.00442995934463497
2010-12-16,0.007754878888335259,0.0076733986135863125
2010-12-17,0.0008810409809067998,0.0009134844104397808
2010-12-20,0.0007336211577795293,0.0007493985530231145
2010-12-21,0.006048676734615954,0.006004151886194283
2010-12-22,-0.00018258591019815196,-0.00019561027225776365
2010-12-23,-0.002550870861285248,-0.0025355491023884603
2010-12-27,0.000547905016147876,0.0005642430773078845
2010-12-28,-0.001825800966301916,-0.001775589103943829
2010-12-29,0.002195303639795032,0.002207100375355308
2010-12-30,-0.002372936618618815,-0.002368821952913503
2010-12-31,-0.0036591097448105403,-0.0035605556269624064
2011-01-03,0.015608168905207886,0.015426286922617022
2011-01-04,-0.0007235367041906748,-0.0007908142545767884
2011-01-05,0.008503531609438175,0.00836876400864048
2011-01-06,0.0032297045226223897,0.003191920242208676
2011-01-07,-0.0008941653559162432,-0.0008798195095695408
2011-01-10,0.003758543430127048,0.0037376387182371284
2011-01-11,0.0014267385604200822,0.0014212869843384524
2011-01-12,0.0071225202809024335,0.007059367260220439
2011-01-13,0.00035338777356241913,0.000328776983929854
2011-01-14,0.00742314450946191,0.007310207485005041
2011-01-18,0.0028071914877729753,0.0027904060578162033
2011-01-19,-0.0113717525964393,-0.011240987190603848
2011-01-20,-0.007078638924577385,-0.007088943141184299
2011-01-21,-0.007663630634511032,-0.007576910327821116
2011-01-24,0.013829508044636674,0.013676176463690064
2011-01-25,0.0014170779276747592,0.001411113327778614
2011-01-26,0.005306869494714261,0.005256014535083112
2011-01-27,0.0061589329966018624,0.006023491294195339
2011-01-28,-0.02535885907999247,-0.025051610308796504
2011-01-31,0.004844878165770172,0.004779166026135964
2011-02-01,0.01875018536993789,0.01858686772679481
2011-02-02,-0.0015774653215138157,-0.0015720120390335804
2011-02-03,0.0017556020424831509,0.0017725355273541235
2011-02-04,0.005607867057917604,0.005520615416326482
2011-02-07,0.004705711993211903,0.004674809306177444
2011-02-08,0.006591501363994778,0.0065486152759733
2011-02-09,-0.0017234563888756105,-0.0016922891340945007
2011-02-10,0.0015539541918963007,0.001516853247548165
2011-02-11,0.00723868143694828,0.007170257659655073
2011-02-14,0.002395478570737186,0.002381179316723609
2011-02-15,-0.0013657012685709402,-0.0013176729418230915
2011-02-16,0.0064958780311599185,0.00642910604224378
2011-02-17,-0.00033975972143651667,-0.00030607246156542066
2011-02-18,-0.00220863330286325,-0.002182767983187146
2011-02-22,-0.028945916307509645,-0.02861257319530836
2011-02-23,-0.008241179695009482,-0.008123901768722899
2011-02-24,0.005303976687026424,0.005231294919687848
2011-02-25,0.013893872316838696,0.013792490371587937
2011-02-28,0.0020812202961466575,0.00207759022380716
2011-03-01,-0.01609812755333151,-0.01588185037613107
2011-03-02,0.0052778494444476465,0.0052019629252008474
2011-03-03,0.019776371623467792,0.019529427998993765
2011-03-04,-0.005148698876069169,-0.005059401945969697
2011-03-07,-0.013455100322689595,-0.013317224019386594
2011-03-08,0.004021439854527298,0.003973286004842123
2011-03-09,-0.006791915084939926,-0.006696780033541734
2011-03-10,-0.015605597487259981,-0.015475720599913563
2011-03-11,0.006234162518491404,0.006176516722604138
2011-03-14,-0.0035402636314969538,-0.0035010503747782405
2011-03-15,-0.014212605618037721,-0.014131531953975525
2011-03-16,-0.02414800390994476,-0.02390769510458824
2011-03-17,0.009233284456275914,0.00914869335851565
2011-03-18,-0.0022538594792574917,-0.0021866041920683226
2011-03-21,0.01928386901107637,0.019116588645601493
2011-03-22,-0.001801835435722543,-0.001781466926821353
2011-03-23,0.005595599644697691,0.005568075819018833
2011-03-24,0.017770399926270386,0.017554830863602326
2011-03-25,0.0024694283111232895,0.002443192530171383
2011-03-28,-0.0054538390439718976,-0.005419887725983894
2011-03-29,0.00972937424812681,0.009627055650072226
2011-03-30,0.004730260595930069,0.004714757525698123
2011-03-31,0.001394771811655815,0.0014071186146926724
2011-04-01,0.000522415148709765,0.0005148519048659781
2011-04-04,-0.0033065734092067034,-0.0032599573740244884
2011-04-05,-0.0026191449871449946,-0.002545519202788816
2011-04-06,0.002451117310376505,0.0024211204314077282
2011-04-07,-0.0006990521540768402,-0.0006982084638249113
2011-04-08,-0.004718156040979582,-0.004653188120481004
2011-04-11,-0.0033363366258204463,-0.003336662121381675
2011-04-12,-0.00687133177542687,-0.006812583404807006
2011-04-13,0.008515126912949977,0.008449315051591487
2011-04-14,-0.001758971513020291,-0.001693108195639601
2011-04-15,-0.001762224362726772,-0.0016832173778083062
2011-04-18,-0.007060649522520501,-0.0069745591537900276
2011-04-19,0.006222338274344041,0.00616928280926223
2011-04-20,0.022614906378142674,0.022401560395686172
2011-04-21,0.007947383669776986,0.007873772892866922
2011-04-25,0.0025711078409178523,0.002557069258333309
2011-04-26,0.005642050323950931,0.00559631867427485
2011-04-27,0.00680031202070297,0.0067917572186648595
2011-04-28,-0.0015194323045951696,-0.001469883174324323
2011-04-29,-0.0008458307921722641,-0.0007699822435379519
2011-05-02,-0.001861828290474321,-0.001888637760780847
2011-05-03,-0.0047484419771862685,-0.00469775599838956
2011-05-04,-0.0015331537265224071,-0.001557219536118998
2011-05-05,-0.005460747455852899,-0.005500687265038635
2011-05-06,0.0032597503635294345,0.0032725403533753654
2011-05-09,0.003762654230804241,0.003775999909354722
2011-05-10,0.008519572817011989,0.008447496608791984
2011-05-11,-0.007265051710463988,-0.0072177626716799104
2011-05-12,0.005956619204455782,0.0058976423315399975
2011-05-13,-0.011842180459161744,-0.011739624415735403
2011-05-16,-0.017291641032243676,-0.0171139807904577
2011-05-17,0.002787493071122027,0.0027655417289188925
2011-05-18,0.008339158028255467,0.008253523886249885
2011-05-19,0.0029290386896436704,0.0029056107135056364
2011-05-20,-0.007559217735950252,-0.007439334013864974
2011-05-23,-0.014713118564940397,-0.014563370289569583
2011-05-24,-0.006149247507068023,-0.006064112657353498
2011-05-25,0.003889260014006801,0.003841269524446084
2011-05-26,0.006162557399298496,0.006104093720154162
2011-05-27,0.005075517571414334,0.005059470110226318
2011-05-31,0.016193656839312842,0.01603791147802393
2011-06-01,-0.021761334617772854,-0.02152764949100281
2011-06-02,0.00210172395743502,0.0020421582988508023
2011-06-03,-0.015032222939347473,-0.014866159253587257
2011-06-06,-0.008163401837851247,-0.008090677488680857
2011-06-07,-0.0017891845118792604,-0.0017646268597609374
2011-06-08,-0.007169487694964172,-0.007097595453384338
2011-06-09,0.0018050989802884665,0.0017973583948918636
2011-06-10,-0.015317891594940014,-0.015186805443678383
2011-06-13,0.0,-4.132234813960278e-05
2011-06-14,0.01281104630849339,0.01268872256734136
2011-06-15,-0.01897334176029153,-0.018756932356197225
2011-06-16,-0.00386833097220729,-0.0038219439034496254
2011-06-17,-0.003132247881292405,-0.0030753721760004653
2011-06-20,0.005205539515195312,0.0051634299347681194
2011-06-21,0.021453931174387764,0.021246437084193524
2011-06-22,-0.007242648664786855,-0.007165773529243585
2011-06-23,0.009301577993540588,0.009149139398072163
2011-06-24,-0.01734733665526944,-0.017227419760617375
2011-06-27,0.015998541208640304,0.015813364627198873
2011-06-28,0.014841604981883139,0.014697630741974249
2011-06-29,0.004102085328627769,0.0040824795918981156
2011-06-30,0.013321480223492665,0.01315951841474881
2011-07-01,0.015074606741316554,0.014903848359949786
2011-07-05,0.005007398741593283,0.005022278418875235
2011-07-06,0.0032646903793627224,0.0032734117519105047
2011-07-07,0.013701150130538853,0.013569993509833091
2011-07-08,-0.0027031638183053763,-0.0026330192061492755
2011-07-11,-0.018126300906088022,-0.017906214467617938
2011-07-12,-0.007591548136866466,-0.0074751987080570554
2011-07-13,0.004172280060506184,0.004162617365782474
2011-07-14,-0.011599674299893281,-0.011498241413990308
2011-07-15,0.013312585525770082,0.013197009504425613
2011-07-18,-0.005358718095335391,-0.005299986850989027
2011-07-19,0.02276658550636368,0.022536496091224732
2011-07-20,-0.004247962131368799,-0.004188742005946564
2011-07-21,0.006655287180950431,0.006569698470888851
2011-07-22,0.01034045367772407,0.01027012441512042
2011-07-25,-0.0020132262962344605,-0.0019791052348252774
2011-07-26,0.0025220293284571316,0.0025146334532384945
2011-07-27,-0.025826030609646056,-0.025586057904659665
2011-07-28,0.0017211611287606399,0.0017078116152513013
2011-07-29,-0.003265176944860282,-0.0031907959166924686
2011-08-01,-0.004655223775752448,-0.0046037495605709714
2011-08-02,-0.025289922530408293,-0.024924992553309752
2011-08-03,0.009596537701344277,0.009503527324940433
2011-08-04,-0.046470892844814315,-0.046002829666617
2011-08-05,-0.006276178977176361,-0.0062245800375114145
2011-08-08,-0.060189890898863396,-0.05948142677136919
2011-08-09,0.04823121503570982,0.04781968425325965
2011-08-10,-0.04092040545693054,-0.04036122710267503
2011-08-11,0.04404230124327935,0.043492361540095614
2011-08-12,0.008851595954587621,0.008770471106920603
2011-08-15,0.014747030557550556,0.014657451955765809
2011-08-16,-0.00846216980920833,-0.008311277263384048
2011-08-17,-0.0059366090692314355,-0.005833615364344028
2011-08-18,-0.04908554155196354,-0.04851141095076738
2011-08-19,-0.018056713648930023,-0.017825224576818646
2011-08-22,0.0035974449000359954,0.0036427231626029433
2011-08-23,0.041226862886371896,0.0406830604308605
2011-08-24,0.007842250733479439,0.007624858882008962
2011-08-25,-0.016321347676459652,-0.016145783002992044
2011-08-26,0.025081478728630646,0.02495102240654833
2011-08-29,0.027855825662277844,0.027505439681197195
2011-08-30,0.0065928306109315216,0.0066559671035067046
2011-08-31,0.0016369581334430006,0.001576659966579023
2011-09-01,-0.009080655336215937,-0.008962580017330156
2011-09-02,-0.023460447910582216,-0.01348333938801811
2011-09-06,0.00018758099654125893,0.00025064379750486645
2011-09-07,0.025333111855421198,0.014926821498120513
2011-09-08,-0.004575584344689521,-0.00042521346078436284
2011-09-09,-0.022246793589304037,-0.01688714348888279
2011-09-12,0.012787011480244859,0.0074452697509744025
2011-09-13,0.013368215470238587,0.010343239035750313
2011-09-14,0.014290462926522807,0.010263106459425565
2011-09-15,0.014812432580191492,0.00897255332108673
2011-09-16,0.009166120962617041,0.008101218556620568
2011-09-19,0.0003533306858711782,-0.0005471594369894953
2011-09-20,-0.004416222350775878,-0.001237508671898487
2011-09-21,-0.017388551813041775,-0.01301683992660934
2011-09-22,-0.03250263468572734,-0.024998563594907076
2011-09-23,0.010638465728158408,0.001989702947076272
2011-09-26,0.011634395827427202,0.006689536441803619
2011-09-27,0.010405735932697668,0.008959602015927671
2011-09-28,-0.01481516757824708,-0.013772092125908963
2011-09-29,-0.011919996642863695,-0.007004713217469043
2011-09-30,-0.025798358444075742,-0.017974333066005543
2011-10-03,-0.025719101490918828,-0.016484364339896126
2011-10-04,0.020532408034406258,0.01496421712046023
2011-10-05,0.025675199370950752,0.021507702370990672
2011-10-06,0.016812833051958354,0.013930622293772284
2011-10-07,-0.006614173202422968,-0.005989462986427102
2011-10-10,0.03458503181705619,0.02979914378120595
2011-10-11,0.0067929163753248645,0.004832328218785159
2011-10-12,0.004971807028372632,0.004034201347792
2011-10-13,0.009186735497248133,0.007476853251431177
2011-10-14,0.01855786160321493,0.01534457817291687
2011-10-17,-0.015469302757253445,-0.01258278183312702
2011-10-18,0.012395397818223186,0.009859420551869698
2011-10-19,-0.019313987522315168,-0.016633058916870426
2011-10-20,-0.004923267062141523,-0.004915429120163936
2011-10-21,0.012546073953463521,0.010936810697184728
2011-10-24,0.020768133265168354,0.01752665260964072
2011-10-25,-0.019661442437695964,-0.013673177410909221
2011-10-26,-0.0012205577222744735,-0.000745256676180153
2011-10-27,0.027588351598438976,0.022816514301583223
2011-10-28,0.0015293703186787244,0.0014630560895150134
2011-10-31,-0.01679672208269556,-0.013628686805515277
2011-11-01,-0.026057142480408246,-0.020706089281853628
2011-11-02,0.0085047026404379,0.007394166518330522
2011-11-03,0.020731136249119375,0.017184971815451127
2011-11-04,-0.005163856673104816,-0.004390941778641876
2011-11-07,0.0070935226477997215,0.007671814905990823
2011-11-08,0.011510068115776928,0.008166235741019571
2011-11-09,-0.03515612172107374,-0.027979081710260822
2011-11-10,-0.000528172478973743,-0.001133026778102272
2011-11-11,0.018844518178400493,0.01603602697419368
2011-11-14,-0.006222704518037192,-0.004932728965761883
2011-11-15,0.011132367186380998,0.008815906535191327
2011-11-16,-0.01651488949631119,-0.013742140394316128
2011-11-17,-0.023438979355103307,-0.02014013003716881
2011-11-18,-0.007701885425177579,-0.005564470738778616
2011-11-21,-0.019133550218335182,-0.016902897233260543
2011-11-22,0.003312523980472104,0.0034588333834427347
2011-11-23,-0.02256051585024965,-0.017838284950801187
2011-11-25,-0.007693611254758648,-0.007073052654537405
2011-11-28,0.034795476236116896,0.028969218531808744
2011-11-29,-0.006213714968108852,-0.004838437164709801
2011-11-30,0.036962668683076405,0.030561792474036766
2011-12-01,0.006915998850647309,0.004988395422450194
2011-12-02,-0.0028177976634692348,-0.0022853132890624057
2011-12-05,0.010949973463046714,0.008692406868286092
2011-12-06,-0.0027952289692058097,-0.002272722197014916
2011-12-07,0.0,0.00037439925703576033
2011-12-08,-0.016818612924978882,-0.015309769361224196
2011-12-09,0.016037370575465726,0.013535416627580616
2011-12-12,-0.011224280935914766,-0.010788342032426113
2011-12-13,-0.01099712568579625,-0.010240742884574064
2011-12-14,-0.015602096088883965,-0.014861303343541998
2011-12-15,-0.002732763327857768,-0.0023873204983720564
2011-12-16,0.00514841664408916,0.005587372660462401
2011-12-19,-0.00984350043220128,-0.008351837710840426
2011-12-20,0.029639612835024476,0.02580499075643315
2011-12-21,-0.014303853593749083,-0.01232268951247755
2011-12-22,0.008525462892222446,0.007046726917105486
2011-12-23,0.008633220154663057,0.007334422814912603
2011-12-27,0.003729770611775818,0.0029459491451470105
2011-12-28,-0.01155712249594365,-0.010772960565003748
2011-12-29,0.007195207649973723,0.006039825766983558
2011-12-30,-0.002857692292568381,-0.0019410160233391482
2012-01-03,0.019165214268714648,0.017161241947827404
2012-01-04,0.004217870720447436,0.004035518789952918
2012-01-05,0.00822525631758353,0.008162364203756236
2012-01-06,0.003471687035453863,0.003432346774990676
2012-01-09,-0.0032866512262820224,-0.0032674615770257103
2012-01-10,0.007289509528872751,0.007264553137954071
2012-01-11,0.002067474804892111,0.002080682323837686
2012-01-12,0.003954434741495927,0.003926635282559546
2012-01-13,-0.0035964683105612627,-0.0035701057174925585
2012-01-17,0.00910977179164485,0.009051062864877831
2012-01-18,0.013285446610610707,0.013158075785062924
2012-01-19,0.00621960563416879,0.006119816565657607
2012-01-20,-0.0015036056590630453,-0.0014867841690599565
2012-01-23,0.0003349910181693616,0.0003542146544610178
2012-01-24,-0.0018399555084213093,-0.0018546993503476444
2012-01-25,0.012566703917696431,0.012553104983005018
2012-01-26,-0.0034748447530348336,-0.0034021165216999404
2012-01-27,0.0029889470057122836,0.002989110200472136
2012-01-30,0.0008279556863932669,0.0008132871147216553
2012-01-31,0.001323533161811774,0.0013565898383114529
2012-02-01,0.008094953233854785,0.008006465538057726
2012-02-02,0.0031136126397783848,0.00310892887778887
2012-02-03,0.01372373937237148,0.013489512065299978
2012-02-06,-0.000806286811172896,-0.0007971346294053585
2012-02-07,0.0020968252474709015,0.002115767499274882
2012-02-08,0.005311695790113147,0.005237080411467383
2012-02-09,0.007204800157852631,0.00710745053342697
2012-02-10,-0.0069945389402723546,-0.006922864391446731
2012-02-13,0.009284490537147194,0.009199895121293121
2012-02-14,0.0025377037066065533,0.0025110160113441045
2012-02-15,-0.006960798127531587,-0.00687377946072024
2012-02-16,0.013700682039035517,0.01355906579642523
2012-02-17,-0.003143028285603422,-0.003123811746782071
2012-02-21,0.002837685105668175,0.0028640014642923413
2012-02-22,-0.004559319324077937,-0.004457001153645009
2012-02-23,0.006633452342302615,0.006568278241538887
2012-02-24,0.003451458620082226,0.003417754287644445
2012-02-27,0.00140695031789706,0.0013948724276870161
2012-02-28,0.010148499964069302,0.010073796839948699
2012-02-29,-0.004482441246543067,-0.004633133097286478
2012-03-01,0.007918248172830156,0.007877621648945373
2012-03-02,-0.0007703763029179855,-0.0007575292290443223
2012-03-05,-0.010328404693985549,-0.010245231928435562
2012-03-06,-0.009812980940999805,-0.009767996168977389
2012-03-07,0.007707843307737106,0.007645761469338685
2012-03-08,0.010771559857838175,0.010684827679066046
2012-03-09,0.004169619857156359,0.004158137097587565
2012-03-12,0.00046164782641100466,0.0004408670196375481
2012-03-13,0.018600802193885713,0.018332563434952754
2012-03-14,0.0034711530700710647,0.003324843006971717
2012-03-15,0.0028577868456090005,0.0028678410859689055
2012-03-16,-0.0007063223642714833,-0.0006927677822689312
2012-03-19,0.0070654289947633675,0.006975165679453212
2012-03-20,0.0017915036068831824,0.0017483546723659784
2012-03-21,0.00014898751033221025,0.00016461465511057591
2012-03-22,-0.0020854502055994706,-0.002070514937874215
2012-03-23,-0.0005973639893569471,-0.000535386596781639
2012-03-26,0.017477930212916215,0.017365056465983034
2012-03-27,0.001468380723278262,0.0014451428652930594
2012-03-28,-0.0039580437379592714,-0.00396644980510731
2012-03-29,-0.00382685860467058,-0.0037763357768494966
2012-03-30,-0.0019209072668683325,-0.0019046057608273158
2012-04-02,0.010362723404037766,0.010286728878052482
2012-04-03,-0.00029337682854901903,-0.00037824912570697005
2012-04-04,-0.013630291187324617,-0.013536722863201662
2012-04-05,0.006240962820644347,0.006207283360412146
2012-04-09,-0.007531063798785875,-0.007400724357065623
2012-04-10,-0.016069209525536587,-0.015865076364777946
2012-04-11,0.004838904853068149,0.004770551487639049
2012-04-12,0.011437396841583514,0.01135595975831439
2012-04-13,-0.015176293902987359,-0.015043225533619734
2012-04-16,-0.011180074216107116,-0.011068934316063766
2012-04-17,0.020320942206227377,0.020115504999475994
2012-04-18,-0.002546013575541406,-0.0025396813498645915
2012-04-19,-0.01125936648898962,-0.011140503597012961
2012-04-20,-0.0027331326318487115,-0.0026944252554627402
2012-04-23,-0.009134928998514313,-0.009044844679167234
2012-04-24,-0.0053781438889917155,-0.005325845617466083
2012-04-25,0.02657179461470016,0.026309215260700566
2012-04-26,0.0058690683979940594,0.005856536326866573
2012-04-27,0.005984799812034591,0.0059395781761736426
2012-04-30,-0.007138726298409281,-0.00705819828764377
2012-05-01,0.001647583498878502,0.0016197503760046381
2012-05-02,0.002841373618552634,0.0028025317407973436
2012-05-03,-0.010587992337087848,-0.010521194943155454
2012-05-04,-0.024867715378254496,-0.024597086040494813
2012-05-07,0.0009274892396275991,0.0009086225155878876
2012-05-08,-0.0037058534268612497,-0.00372708929056592
2012-05-09,-0.003100032342599479,-0.003103242032387984
2012-05-10,-0.002021119496255719,-0.001989271708815669
2012-05-11,-0.00015569775423929233,-0.00016598803293650327
2012-05-14,-0.009348761590537547,-0.009287663403234614
2012-05-15,-0.003302989080380514,-0.003307749574145728
2012-05-16,-0.006785786527892412,-0.006719200792105635
2012-05-17,-0.021131055993005132,-0.020819408021492153
2012-05-18,-0.01298456362285616,-0.012815231434403317
2012-05-21,0.027955626700957747,0.02767857132290543
2012-05-22,-0.001119658549776359,-0.0011807091650685728
2012-05-23,0.001921635206578065,0.0018983280543336918
2012-05-24,-0.006553379289615413,-0.00649476919209779
2012-05-25,-0.001287437708401229,-0.0012356324808534386
2012-05-29,0.012727387657338607,0.012559731288587839
2012-05-30,-0.00843124296762976,-0.008291915252876076
2012-05-31,-0.004331776953552247,-0.004274951076013326
2012-06-01,-0.026587209313584492,-0.026151843119898523
2012-06-04,0.007614528754701144,0.007523251382869015
2012-06-05,0.0041070144233343875,0.004047289237907243
2012-06-06,0.02290590006290749,0.022662115429518286
2012-06-07,-0.0039987616960311945,-0.004010918803165229
2012-06-08,0.009635586070800617,0.009550080756137037
2012-06-11,-0.016860417949061013,-0.01667679105393201
2012-06-12,0.012134086003985134,0.012027947403932348
2012-06-13,-0.0068735085046768285,-0.006774092218063919
2012-06-14,0.0037020734090120744,0.0036832471555517223
2012-06-15,0.01242434341004306,0.012314745162036482
2012-06-18,0.009366473360865157,0.00928775140015513
2012-06-19,0.010380621901455278,0.010237860183904997
2012-06-20,0.0007781749412902883,0.0007392420714449037
2012-06-21,-0.02488732062059318,-0.024728557874978307
2012-06-22,0.010528271055822769,0.010418451469659756
2012-06-25,-0.01925806516219064,-0.019021860434254485
2012-06-26,0.006277229159730169,0.006187227850533749
2012-06-27,0.006077893221631658,0.006034499447818997
2012-06-28,-0.011128729733530074,-0.011050418144169639
2012-06-29,0.031511205007089815,0.031272894933811135
2012-07-02,0.0029613018047702777,0.0029533828144235647
2012-07-03,0.008391875784386826,0.008347995529694289
2012-07-05,0.0006161845668801735,0.0005741040112010473
2012-07-06,-0.012474774019930801,-0.012385277607893376
2012-07-09,-0.0018719601528230934,-0.0018319274424973332
2012-07-10,-0.009843416355298062,-0.009785554133536304
2012-07-11,-0.005523027184846319,-0.005442424551037824
2012-07-12,-0.009362151070134939,-0.009267962349932646
2012-07-13,0.015217155831126705,0.015109725171847867
2012-07-16,-0.002840147658762282,-0.002806188719146585
2012-07-17,0.005221450331379884,0.0051437526304190665
2012-07-18,0.013537023935541903,0.013398858932651208
2012-07-19,0.01102599847622332,0.010919189999122442
2012-07-20,-0.013209966131222384,-0.013051460403824745
2012-07-23,-0.012142167426077322,-0.012030311985532657
2012-07-24,-0.007878957179615509,-0.007787190455476169
2012-07-25,-0.006670834443078699,-0.006552228919983081
2012-07-26,0.013271621178619242,0.013164593844854645
2012-07-27,0.023670436523817617,0.02343802338404426
2012-07-30,-0.0007707501923354121,-0.0007525847558410807
2012-07-31,-0.0003080600642902942,-0.00032954236050197517
2012-08-01,-0.0029321193358653463,-0.0029482405840975463
2012-08-02,-0.003560395665320959,-0.003546579617194756
2012-08-03,0.0189501639126739,0.01877988764079193
2012-08-06,0.007621666230282598,0.007560228515617749
2012-08-07,0.008321074702498654,0.008209599775437533
2012-08-08,-0.0004501769933894506,-0.00045096885120233295
2012-08-09,0.003001950483686233,0.0029842288512910427
2012-08-10,0.0005990309161345575,0.0006079770158509213
2012-08-13,0.002393080699500505,0.0023389615387007993
2012-08-14,0.000447563215739466,0.0004038212137273502
2012-08-15,0.0025353991278855847,0.0024931417677810388
2012-08-16,0.011900939012778666,0.01178690037147938
2012-08-17,0.0044104674165044155,0.004377670136247351
2012-08-20,0.0014635323007612389,0.001464986538403828
2012-08-21,-0.0039460265207693634,-0.0038739349869430844
2012-08-22,0.004108604873010346,0.004127977197991312
2012-08-23,-0.00818339803403545,-0.008075196317942335
2012-08-24,0.0061879829492412775,0.006131478641453884
2012-08-27,0.0016110716964705674,0.0015908524920521343
2012-08-28,0.0,1.0324691236896943e-05
2012-08-29,0.0,-2.975952920183289e-05
2012-08-30,-0.010087843175503708,-0.009986274838349924
2012-08-31,0.006646116891685816,0.00667792124904661
2012-09-04,-0.001027268594729125,-0.0010082792185873671
2012-09-05,-0.0010279459010003045,-0.0010303661757766328
2012-09-06,0.022199057536451905,0.02197610313211348
2012-09-07,-0.0014376922985125384,-0.001360464019862197
2012-09-10,-0.01281895197384697,-0.012710993924328359
2012-09-11,-0.0016048185983664753,-0.0015881399766374802
2012-09-12,0.002922862175181562,0.0028712571265840097
2012-09-13,0.013550734097769856,0.01349392185416188
2012-09-14,0.008913147506394381,0.008785489502713828
2012-09-17,0.00042753350025193093,0.0004065619332247231
2012-09-18,0.0008547628575239496,0.0008793418605843696
2012-09-19,0.0018494760809193433,0.0018378760953534719
2012-09-20,-0.0009945832274625976,-0.0009788134658690229
2012-09-21,0.0002856378821163297,0.00029525700078091607
2012-09-24,-0.005844732451519397,-0.005785392190743452
2012-09-25,-0.014051948472161513,-0.013904926654322464
2012-09-26,-0.008144357383768619,-0.008065003187541235
2012-09-27,0.01378318984694582,0.013684835158984538
2012-09-28,-0.008244334101930706,-0.008163294827529291
2012-10-01,-0.0014580533179473498,-0.001438524139615533
2012-10-02,0.002920740567141644,0.0028956030266869786
2012-10-03,0.006407453501548366,0.006351980215484123
2012-10-04,0.0034725314800092555,0.003451125136344898
2012-10-05,-0.005334764349723242,-0.005322548048384122
2012-10-08,-0.009133597328398801,-0.009040110066044762
2012-10-09,-0.015947000726499794,-0.015814414542493806
2012-10-10,-0.005054941229067134,-0.0049986495812629145
2012-10-11,-0.0031379963301537694,-0.0030828998453759663
2012-10-12,-0.00044990760777208205,-0.0004746795674073183
2012-10-15,0.007348624982743912,0.007241898628536969
2012-10-16,0.014143079011246673,0.01400662451725154
2012-10-17,-0.0005871244070126957,-0.0005820431037095136
2012-10-18,-0.011603905298995909,-0.011507755411877449
2012-10-19,-0.02392611193009664,-0.02371168116246888
2012-10-22,0.005176149884047909,0.005122516744344139
2012-10-23,-0.009542455284691886,-0.009475506251105801
2012-10-24,-0.0035172382245622913,-0.0035189637962307944
2012-10-25,0.0,2.1793994020606714e-05
2012-10-26,0.0029157915974493687,0.0029087252111759583
2012-10-31,-0.006120831331628884,-0.006022298200667498
2012-11-01,0.014164789575677572,0.013983585069734484
2012-11-02,-0.010626812495079019,-0.01060193595627673
2012-11-05,0.006598011210851684,0.006536209682659721
2012-11-06,0.001828839242823399,0.0018631596715516692
2012-11-07,-0.023584654438388197,-0.023339633569460998
2012-11-08,-0.015739646891790526,-0.015528197083124392
2012-11-09,0.0042750619466400686,0.00422173531087078
2012-11-12,-0.00015776931507804903,-0.00016621311550026326
2012-11-13,-0.006937737232023955,-0.006865828846947292
2012-11-14,-0.011749766133655193,-0.01163780034060171
2012-11-15,-0.0033740204759176162,-0.0033740901190965136
2012-11-16,0.004352732225750611,0.00431221174331134
2012-11-19,0.023756165407553986,0.02355309318011473
2012-11-20,0.00031326898672889847,0.00028624435065425114
2012-11-21,0.002037762168417112,0.0020142535067518117
2012-11-23,0.015172928999996227,0.015058710219267878
2012-11-26,0.0043141773869987965,0.0042866635035850465
2012-11-27,-0.0033751028031743235,-0.003345200574241079
2012-11-28,0.00862078130490862,0.008491036061443503
2012-11-29,0.005952212216677744,0.005911237992067706
2012-11-30,-0.0016688604236800852,-0.0016685917173378272
2012-12-03,-0.001975888810618942,-0.0019588753479685655
2012-12-04,-0.0006090287549214146,-0.0006350533051006936
2012-12-05,-0.011122855253243857,-0.011003522041146586
2012-12-06,0.0064713982681610105,0.006415718704517485
2012-12-07,-0.005970372526255319,-0.005908845854627734
2012-12-10,0.002925921597681569,0.00291623127455849
2012-12-11,0.013053143118259669,0.012911364074664363
2012-12-12,-0.002122426600875915,-0.0021182018673295967
2012-12-13,-0.007899042180712024,-0.007854427359988732
2012-12-14,-0.009493292194700187,-0.00939531244184507
2012-12-17,0.013294073741930035,0.013162513577050857
2012-12-18,0.015256209967457801,0.015045389797728185
2012-12-19,-0.004358165173718009,-0.004328727810212283
2012-12-20,0.0,-3.549054850210286e-05
2012-12-21,-0.01051720153151614,-0.010390601446518747
2012-12-24,-0.001993822715752769,-0.001972131057311166
2012-12-26,-0.008759731887786448,-0.00867093169823426
2012-12-27,-0.001550334176296575,-0.0015206830540169377
2012-12-28,-0.009627235411254986,-0.009546706519096082
2012-12-31,0.02116637935439969,0.02097412217854203
2013-01-02,0.03178251463600357,0.03148876329862075
2013-01-03,-0.005208535006647863,-0.00522159171777911
2013-01-04,-0.0032906841862095915,-0.003263285641558053
2013-01-07,0.00030006511574343087,0.00026660626074511
2013-01-08,-0.0019503181839475303,-0.0019021978921572738
2013-01-09,0.0037581383855902484,0.0037193601138742808
2013-01-10,0.005990891575777368,0.005961465057723404
2013-01-11,0.0013397232252154723,0.0013193303419904627
2013-01-14,-0.004460276597069046,-0.004410958473739336
2013-01-15,-0.004928298516031049,-0.004847704939078282
2013-01-16,0.004052447566269324,0.0040145384147284285
2013-01-17,0.004783130937153324,0.004740176642340959
2013-01-18,-0.0022313381477327976,-0.002194668634840915
2013-01-22,0.001639753496329277,0.0016474506916946264
2013-01-23,0.00610291133793317,0.0060243692284272935
2013-01-24,-0.013759174745396008,-0.013657800282537463
2013-01-25,0.005100346662294308,0.0050156444582953996
2013-01-28,0.002239111003542904,0.0021998597847124957
2013-01-29,0.0001489024575485054,0.0001634295399289923
2013-01-30,-0.0020850227138388133,-0.0020399406017285663
2013-01-31,-0.002237870340774717,-0.002224165271735771
2013-02-01,0.011813764121112902,0.011682329373817139
2013-02-04,-0.017439947454631843,-0.01724235957909
2013-02-05,0.014741370410152888,0.01458639512242057
2013-02-06,-0.0032614331645084427,-0.0032049213520289875
2013-02-07,0.0008928536307308832,0.0008690856517942138
2013-02-08,0.010252318942751026,0.01014697181620986
2013-02-11,0.00029406289734956736,0.0002557388886204562
2013-02-12,-0.0041170501696761175,-0.004073065394095843
2013-02-13,0.003543371903093284,0.0034774243105842252
2013-02-14,-0.0002941494880748241,-0.00030237577754585877
2013-02-15,-0.0029436159131710493,-0.002972265599736218
2013-02-19,0.007232489498778749,0.007150230263898614
2013-02-20,-0.015386593595509757,-0.015316716460090763
2013-02-21,-0.010715929803192026,-0.010577584119616078
2013-02-22,0.010080132538923703,0.009998129430699026
2013-02-25,-0.01236290310696364,-0.012187640898269741
2013-02-26,0.0037706206414809262,0.00377238729952453
2013-02-27,0.010216082445056562,0.010081670243736882
2013-02-28,-0.002082035194340248,-0.0020909984571398526
2013-03-01,0.004172885362826895,0.00412980837679683
2013-03-04,0.004452713045824952,0.004407214991072754
2013-03-05,0.014775467464024805,0.01463183845100225
2013-03-06,-0.002475322855518325,-0.002447299142379334
2013-03-07,0.0026269137424868028,0.0025718610953120585
2013-03-08,0.0011646376911822465,0.001138578145622789
2013-03-11,0.0029083933010320973,0.002890835439315323
2013-03-12,-0.003624825153185296,-0.003556188481816311
2013-03-13,-0.0013090090705842883,-0.0013011676630271143
2013-03-14,0.003350776515117282,0.0033170910178564484
2013-03-15,-0.0027800151128658523,-0.002731816384942422
2013-03-18,-0.002189734635625884,-0.002135681823443092
2013-03-19,-0.0019018724941994858,-0.001852108684743122
2013-03-20,0.007035784961664238,0.006942665294176697
2013-03-21,-0.011352853296890841,-0.011214133172662647
2013-03-22,0.009716349603773766,0.00960717064106305
2013-03-25,-0.0036451771151160273,-0.003617581176820196
2013-03-26,0.005414783636837894,0.00536153304512923
2013-03-27,0.00130976832098062,0.0013245147621953114
2013-03-28,0.002470557626498726,0.0024333377713794168
2013-04-01,-0.006814544679990653,-0.006731510913554182
2013-04-02,0.00788314042598981,0.0077506648788315535
2013-04-03,-0.009125052736930983,-0.009062838103801905
2013-04-04,0.0002919559636407332,0.00030486909173781384
2013-04-05,-0.008329417779310067,-0.008152713093521068
2013-04-08,0.005305264198454118,0.005232351154585701
2013-04-09,0.006742983757068499,0.0066963399538348505
2013-04-10,0.019510357895278663,0.01924360945527437
2013-04-11,-0.0004285634139090666,-0.00041077934797039914
2013-04-12,-0.0007141124157463707,-0.0008432193328737637
2013-04-15,-0.01973123029061452,-0.019844864949110738
2013-04-16,0.013273463389908091,0.013182942558249746
2013-04-17,-0.019577336018724356,-0.01937994086504108
2013-04-18,-0.013800931739059497,-0.01361752491392255
2013-04-19,0.013696020250238972,0.01360285021663486
2013-04-22,0.010280988176569306,0.010239768800120749
2013-04-23,0.009594503214156891,0.009473024875347756
2013-04-24,-0.0004322032275717591,-0.0003827419676641083
2013-04-25,0.005329991266228129,0.005350105566914524
2013-04-26,-0.003152159331354154,-0.003122648638929348
2013-04-29,0.009198986792869235,0.009141957729457688
2013-04-30,0.007264407886713231,0.0072099739221087806
2013-05-01,-0.004666751357543242,-0.004656033400633964
2013-05-02,0.012644215429195249,0.012535238447909571
2013-05-03,0.01178425155173346,0.011633127858666844
2013-05-06,0.0038827858701271367,0.0038262965076313014
2013-05-07,-0.0005529077964766538,-0.0005876689685630793
2013-05-08,0.004837531860106603,0.004835686026930065
2013-05-09,-0.0013759662007305495,-0.001420321823661756
2013-05-10,0.006060530042532708,0.005957990602112003
2013-05-13,0.0012316035770587597,0.0011709848160345291
2013-05-14,0.00519523321522164,0.0051178330547860685
2013-05-15,0.0020402849471958806,0.001961105827348768
2013-05-16,-0.0010860595933398498,-0.00108330756532058
2013-05-17,0.009648101920786356,0.009462542050608392
2013-05-20,-0.0014799825451133897,-0.001366509547394411
2013-05-21,0.0010778732748271125,0.0010250226653461525
2013-05-22,-0.008752259005808116,-0.008727523371112284
2013-05-23,-0.0023085201237116326,-0.002213893440525172
2013-05-24,-0.000544540302610419,-0.0005684316151541087
2013-05-28,0.006538391702255453,0.006414724068217479
2013-05-29,-0.0047365570899023934,-0.004655007858236243
2013-05-30,0.005303204179370358,0.00529740988121226
2013-05-31,-0.009197772427880557,-0.009184909875141468
2013-06-03,0.0017741521096752422,0.0018314892815866264
2013-06-04,-0.005178244135573329,-0.005176944805540453
2013-06-05,-0.013013228003526112,-0.01286084676782662
2013-06-06,0.004857634302444236,0.004847337690359909
2013-06-07,0.01367315237086486,0.013432447516652422
2013-06-10,0.00040963823586137593,0.0004155318748601246
2013-06-11,-0.00994322364644995,-0.009849846337212517
2013-06-12,-0.011555846681998494,-0.011448919809297482
2013-06-13,0.01266567464147883,0.012569351140437467
2013-06-14,-0.006597503062000354,-0.006519018524729333
2013-06-17,0.009685301307326588,0.009568154355548709
2013-06-18,0.008221170706913306,0.008104938796829214
2013-06-19,-0.011144334271996903,-0.0111134495479206
2013-06-20,-0.023777191872877523,-0.023778901233535658
2013-06-21,-0.005310257747203839,-0.0052264245357009605
2013-06-24,-0.009938598909485119,-0.009869974689290207
2013-06-25,0.007313672021858952,0.00722906983278789
2013-06-26,0.008969018303041087,0.008755111949870603
2013-06-27,0.004233391516490936,0.004137006555180752
2013-06-28,0.0014050625999704192,0.0015058114931026955
2013-07-01,0.006173696388844574,0.006155908204680404
2013-07-02,0.0004185043534310484,0.0003805917567826522
2013-07-03,0.004042193895291035,0.00401760671163787
2013-07-05,0.007635666753950998,0.007427364360323396
2013-07-08,0.0009649219191834035,0.0010266603251204102
2013-07-09,0.006056306742722395,0.006033612974547155
2013-07-10,0.005745649319212065,0.005693581209864676
2013-07-11,0.019861458154787792,0.019791513232492234
2013-07-12,0.00440223605447132,0.004354472792221941
2013-07-15,0.0022574452093464537,0.0022591125050243095
2013-07-16,-0.001325063510764668,-0.0012895808727121409
2013-07-17,0.0025212538014411923,0.0024536680621195916
2013-07-18,-0.0025149130673099984,-0.0024791459936800474
2013-07-19,-0.010349006098669178,-0.01019064410426125
2013-07-22,0.0029495095696550067,0.0030297895684992045
2013-07-23,-0.007352145577096292,-0.007258086307028494
2013-07-24,0.0032321537137707246,0.0031048003578193293
2013-07-25,0.006308406718074533,0.006285047542847378
2013-07-26,0.005335717890883496,0.005297846992648535
2013-07-29,-0.0018577304069602452,-0.0018555667053221502
2013-07-30,0.005316938818436867,0.0052575094410759644
2013-07-31,0.001851232317832352,0.0018235658404778007
2013-08-01,0.01016245982785624,0.01000408336830418
2013-08-02,0.005618143188977465,0.005569839266387379
2013-08-05,0.0006496202266563778,0.0006084654993356594
2013-08-06,-0.005972229552245745,-0.00596304194378377
2013-08-07,-0.0018295193407990018,-0.0017935036504112744
2013-08-08,0.0049731159075048215,0.005009867034382008
2013-08-09,-0.004036605093424517,-0.003999836288126565
2013-08-12,0.002353331118785107,0.0023801068203907
2013-08-13,0.005608948821433257,0.005485365459431107
2013-08-14,-0.0037618390416457315,-0.0036929546007486813
2013-08-15,-0.016924647912838098,-0.016715535989695836
2013-08-16,-0.00039778034015325314,-0.00038680096409126035
2013-08-19,-0.0017221525029710305,-0.0017405180985425237
2013-08-20,0.004379921725526481,0.004365871628635763
2013-08-21,-0.0034360978629585093,-0.003440115351549018
2013-08-22,0.009812266530998093,0.009757936109406905
2013-08-23,0.006696196553666489,0.00670708779405706
2013-08-26,0.0005212428030403338,0.0005306876557870518
2013-08-27,-0.020465985001449027,-0.020209562787169472
2013-08-28,0.0038594016088502325,0.0038121332455680985
2013-08-29,0.007026132303091348,0.0069424815658332166
2013-08-30,-0.006450660196226199,-0.006422889673979517
2013-09-03,0.005697458296599844,0.005654362630687075
2013-09-04,0.010671583936329387,0.01051560577186323
2013-09-05,0.001695092229732964,0.0015936592183500833
2013-09-06,0.0011715819926931825,0.001224406849320152
2013-09-09,0.011698580558837435,0.011576308204735163
2013-09-10,0.004882473842317214,0.004774655479952162
2013-09-11,-0.0019176368682498612,-0.0018950207351054425
2013-09-12,-0.0006408752069044787,-0.0007422965148352394
2013-09-13,0.0006412861913249746,0.0006491466637025497
2013-09-16,-0.0026908932565564703,-0.0027075749199178506
2013-09-17,0.006679990317050466,0.006631481714607016
2013-09-18,0.0119943229297379,0.012077697451867105
2013-09-19,0.0023958949153122244,0.0023478793117098487
2013-09-20,-0.0034318313207303275,-0.0035060246317965052
2013-09-23,-0.002025386298448839,-0.001993020727215524
2013-09-24,0.0,2.1113741536819886e-05
2013-09-25,-0.003425419747532077,-0.0033649413550233243
2013-09-26,0.007764697824399702,0.0076454853623855
2013-09-27,-0.001262881790098147,-0.001220249412922327
2013-09-30,-0.002403033720820069,-0.0024012282160269047
2013-10-01,0.010142127051597338,0.009939506301898339
2013-10-02,-0.0003767898314444018,-0.0002997987134797845
2013-10-03,-0.01167575363796658,-0.011570388221535118
2013-10-04,0.008638167151999276,0.008536107376211112
2013-10-07,-0.008312428849340803,-0.008195030137205933
2013-10-08,-0.019303980210760296,-0.01911166101190805
2013-10-09,-0.003107607213018726,-0.003123635639037852
2013-10-10,0.021173690460591033,0.020928757601583237
2013-10-11,0.007887173346287524,0.007764105959411059
2013-10-14,0.007068126666522456,0.006988370582434159
2013-10-15,-0.0038851587571927526,-0.0038329515200970963
2013-10-16,0.011323730480438332,0.011233637564920082
2013-10-17,0.005722288413672505,0.005801841011860733
2013-10-18,0.016205245514159472,0.01603624445981218
2013-10-21,0.0021910148524679762,0.0021650011846356637
2013-10-22,0.0014575174503026478,0.0015354877824341729
2013-10-23,-0.006064236273438106,-0.006010444393397962
2013-10-24,0.004393137382745715,0.004372890340569899
2013-10-25,0.007167875649892075,0.007126591620949366
2013-10-28,0.00024143638034135328,0.0002345229172006611
2013-10-29,0.0016879123957203035,0.0016547238885657606
2013-10-30,-0.0009629688324944707,-0.0009741037022046144
2013-10-31,-0.002289803417445113,-0.0023182889785164167
2013-11-01,0.00024175721374719572,0.00020853515824690046
2013-11-04,0.001449068979219481,0.0014325564920800002
2013-11-05,0.001085458678877771,0.0010440375712293594
2013-11-06,-0.00024098546286055456,-0.00020685140882113464
2013-11-07,-0.018795587425293636,-0.01863529572340484
2013-11-08,0.013507090199527116,0.013281682571287331
2013-11-11,-0.0015748489863919302,-0.0015753489014283595
2013-11-12,0.0015773330477433234,0.001520716912998503
2013-11-13,0.012115350361236343,0.012018840489778623
2013-11-14,0.0031125013758070974,0.0031381502411623008
2013-11-15,0.0019090307612723567,0.0018960309151361124
2013-11-18,-0.00976636236718964,-0.009697374102753249
2013-11-19,-0.0028867362749502856,-0.002876634293112766
2013-11-20,-0.0024126290615408275,-0.002507175214617702
2013-11-21,0.010157180208342886,0.010058395786832956
2013-11-22,0.00538644909028041,0.005344922765639913
2013-11-25,0.0023813192889259316,0.0023753696721465012
2013-11-26,0.005226295804233061,0.005149564376206589
2013-11-27,0.006972181445513259,0.006889941071243061
2013-11-29,0.005983757888721186,0.005954107802950992
2013-12-02,-0.0029157654705329605,-0.0029910555557626888
2013-12-03,-0.0008189284392083884,-0.000784526500934655
2013-12-04,0.0009365720994147786,0.0009733767377662834
2013-12-05,-0.0012870764238707144,-0.0013300811162336409
2013-12-06,0.0072618792595415815,0.007216026900552882
2013-12-09,0.004070180064625228,0.0040563318602541846
2013-12-10,-0.0006952721981871024,-0.0006243722687696706
2013-12-11,-0.012863593013940466,-0.012779541657814702
2013-12-12,-0.0025830249512120984,-0.002636372435137605
2013-12-13,-0.0012943094888709927,-0.0012433074547160766
2013-12-16,0.005539175014151576,0.005488546931516439
2013-12-17,-0.0019931084958360046,-0.0019974174594271704
2013-12-18,0.011626967792746079,0.011490900109218717
2013-12-19,-0.0027856113368217583,-0.0028552380127967692
2013-12-20,0.010183154576689057,0.010146798113009137
2013-12-23,0.010520269509549873,0.010393600118066355
2013-12-24,0.0004574731356863371,0.00045992940280419287
2013-12-26,0.0033163689884341263,0.0032909242750281584
2013-12-27,-0.0025072154401483138,-0.0024666271549752096
2013-12-30,-0.0014856412902257699,-0.001511571290483302
2013-12-31,0.006522558915297072,0.006472058289761219
2014-01-02,-0.00784460800382758,-0.007716939097815161
2014-01-03,-0.007219128588811241,-0.007110972926627911
2014-01-06,-0.0036933823957405743,-0.003649400192910998
2014-01-07,0.009267929320945223,0.009171280746614215
2014-01-08,0.002180763306013578,0.0021319883939511525
2014-01-09,-0.003321107519368205,-0.003265293535456935
2014-01-10,0.0032175354578027893,0.003268362689940652
2014-01-13,-0.014776685877218476,-0.014608492680657004
2014-01-14,0.01906758245251461,0.018836855097388135
2014-01-15,0.008214662610191992,0.008123278775719079
2014-01-16,0.00011298269540560568,0.00013461268649444714
2014-01-17,-0.005657847093789914,-0.005564171925560378
2014-01-21,0.007624431612862637,0.00752669355945328
2014-01-22,0.002597415213119625,0.0025542521767289972
2014-01-23,-0.0033789575882523515,-0.0032509016561140186
2014-01-24,-0.0196655237898975,-0.019454102386567237
2014-01-27,-0.009684252196473397,-0.009635312032248981
2014-01-28,-0.0005820408639192198,-0.000568888992265274
2014-01-29,-0.010716417560765135,-0.01055055169839188
2014-01-30,0.018485850377507607,0.01823548832283272
2014-01-31,-0.0026591674054144976,-0.0026122554690414523
2014-02-03,-0.02295110330079031,-0.022673546336647765
2014-02-04,0.0073555033214214305,0.0072523699420368746
2014-02-05,-0.002590780091781153,-0.002572519187007212
2014-02-06,0.01275256069341002,0.01262302271064982
2014-02-07,0.01783828701513035,0.017696163549434207
2014-02-10,0.005727357940363609,0.005697956087117197
2014-02-11,0.011389676317371089,0.01132184841324011
2014-02-12,0.0019145388810319908,0.0018925784079135645
2014-02-13,0.007418037627080487,0.007393942490190961
2014-02-14,0.002008110153580267,0.0020396747042067723
2014-02-18,0.004899324831738383,0.0048645140344396225
2014-02-19,-0.006869753406963608,-0.006844927048508694
2014-02-20,0.0046854335530384095,0.00467842438863767
2014-02-21,-0.0013322782736199246,-0.0013106771980109138
2014-02-24,0.0053375351973745655,0.005314206967474675
2014-02-25,-0.001105919519393539,-0.0010746083605237017
2014-02-26,-0.0008858458691350934,-0.0009045487505524926
2014-02-27,0.006487913000875478,0.00643331201368197
2014-02-28,-0.0011059037983666142,-0.0010997365402367228
2014-03-03,-0.007416271456328949,-0.007268443657810571
2014-03-04,0.012713409274683451,0.012527396741664806
2014-03-05,0.0027526621272073726,0.002722528648885807
2014-03-06,-0.0008785150052490476,-0.0008543865025936227
2014-03-07,-0.004945738197441374,-0.004930314311476403
2014-03-10,0.0008834722870822986,0.000876956529790087
2014-03-11,-0.0043037281330472466,-0.004243333328636525
2014-03-12,0.0037682163889507514,0.0038098210990893467
2014-03-13,-0.014134584943167994,-0.013952085239716668
2014-03-14,-0.006832065728906822,-0.006735135133524969
2014-03-17,0.008796912953962899,0.008665171150940124
2014-03-18,0.012073598791066287,0.011927781536502894
2014-03-19,-0.005412983870357824,-0.005454705286283269
2014-03-20,0.0027765761803741906,0.00274478643701085
2014-03-21,-0.01203326981331121,-0.01187190866820731
2014-03-24,-0.008763883971226072,-0.008725117388001495
2014-03-25,0.0032874482898719304,0.003255873673484563
2014-03-26,-0.012880081539063282,-0.0127721183671651
2014-03-27,-0.005608048800151089,-0.005555735515295561
2014-03-28,0.0019564649650063437,0.0019271192799761455
2014-03-31,0.007122480111665608,0.007033385477415679
2014-04-01,0.017565731842903887,0.017361820435664227
2014-04-02,0.002578306964075905,0.002567829372446717
2014-04-03,-0.00793845363516732,-0.007856861283907711
2014-04-04,-0.02659724147585607,-0.026271876270837748
2014-04-07,-0.009494154394136811,-0.009408538983280151
2014-04-08,0.009234439066371669,0.009190553345625248
2014-04-09,0.017141492447798168,0.01697156849082054
2014-04-10,-0.03097267245044133,-0.030636334918729895
2014-04-11,-0.011632740507214079,-0.011507957314670981
2014-04-14,0.007846203455206258,0.0077972185405397595
2014-04-15,0.003303029697423021,0.003230651483529377
2014-04-16,0.013286347199483073,0.013159896194209802
2014-04-17,0.00023226504654005886,0.0001825967053660088
2014-04-21,0.0074244375905736515,0.007332976880945843
2014-04-22,0.007945536828043442,0.007854886581567622
2014-04-23,-0.008796485349043537,-0.00869579487507022
2014-04-24,0.009566493747205307,0.00950299003240646
2014-04-25,-0.01598362188716662,-0.015787802568718937
2014-04-28,0.003248610679623898,0.0031998541553934544
2014-04-29,0.00797972767550581,0.007890960269250086
2014-04-30,0.002638755776400492,0.0026035073644517653
2014-05-01,0.0029751449653407924,0.002953576460494282
2014-05-02,-0.0018256187134932933,-0.0017840521066594358
2014-05-05,0.005257990007041968,0.005241469441735181
2014-05-06,-0.012961996365011275,-0.012843139254406822
2014-05-07,-0.0028801674300913405,-0.0028902525426444036
2014-05-08,-0.0009241105546092809,-0.0009293302078213667
2014-05-09,0.003700345725606846,0.003644691115082885
2014-05-12,0.016474766886272585,0.016313446566222713
2014-05-13,0.0006802253384865509,0.0006813319401674272
2014-05-14,-0.005210060795765581,-0.005103222812370474
2014-05-15,-0.007856546221820526,-0.007797705419697799
2014-05-16,0.006541580438187422,0.006469469827180257
2014-05-19,0.006954537773779856,0.006855678682756204
2014-05-20,-0.003622590675418702,-0.0035802432873303317
2014-05-21,0.009544992811554964,0.009431853474360754
2014-05-22,0.004389643481218064,0.004360190849187128
2014-05-23,0.0072844421760249745,0.0072153219131493316
2014-05-27,0.012461336819031166,0.012277116258680549
2014-05-28,-0.0030766224941386477,-0.0030404995954053746
2014-05-29,0.006393245507922085,0.0063175561264425095
2014-05-30,0.00010902339263818561,0.00010324245470220899
2014-06-02,-0.0009855080754223033,-0.0010138817662884883
2014-06-03,-0.00043812950099109127,-0.0004397400258082293
2014-06-04,0.003728765525569777,0.0036848079826523423
2014-06-05,0.008413256432193927,0.00836433470284962
2014-06-06,0.005742858444235166,0.005681959997119996
2014-06-09,-0.0007542772239235163,-0.0007547401247978636
2014-06-10,0.00172496357010532,0.001720038331453763
2014-06-11,-0.00021517024089512393,-0.00022384102781098356
2014-06-12,-0.009042973676568478,-0.008895100685605428
2014-06-13,0.002933302191813869,0.0029171793407066627
2014-06-16,0.000866635041257835,0.0008552694765344264
2014-06-17,0.0005411665614021288,0.0005159270074011517
2014-06-18,0.005624344978743867,0.005614589448286216
2014-06-19,-0.0006453645007156172,-0.0005280354252912905
2014-06-20,0.0011764924442367874,0.001156306153721349
2014-06-23,0.0002158181363265399,0.00021926015413988321
2014-06-24,-0.0009700715109146607,-0.0009394227771024053
2014-06-25,0.006364771501005784,0.0063077954456805035
2014-06-26,0.0005359107690710019,0.0005297629551753347
2014-06-27,0.004392508430114406,0.0043510975441034
2014-06-30,0.0017067140141688864,0.0017361375298097688
2014-07-01,0.010967784646053413,0.010831048086091722
2014-07-02,0.0016850578103682068,0.0016300560350671627
2014-07-03,0.00630906178303503,0.006209689788630112
2014-07-07,-0.003030322874907232,-0.0029834596196542736
2014-07-08,-0.012052860997702086,-0.011905986095141171
2014-07-09,0.00742625253427609,0.00737141207222582
2014-07-10,-0.0031591807904283176,-0.0030986673801902944
2014-07-11,0.006443698826919864,0.0063865903429449426
2014-07-14,0.005983361629521955,0.00582196150370944
2014-07-15,-0.0034431819178667444,-0.0034397799941181476
2014-07-16,0.003978357705793245,0.003958212086844984
2014-07-17,-0.013244082036036886,-0.013037829495289652
2014-07-18,0.015853104748073443,0.015674425034370783
2014-07-21,-0.0012489954654700819,-0.0012263499887415453
2014-07-22,0.006354454119950059,0.006274549291225572
2014-07-23,0.006417430985818484,0.006347587259208365
2014-07-24,-0.0011312622600797573,-0.0011585610458870986
2014-07-25,-0.0039124932714574845,-0.003824496148665248
2014-07-28,0.0003098374292553885,0.00031304141539181883
2014-07-29,-0.0017564680877536487,-0.0017565790739710188
2014-07-30,0.003933380534822728,0.0038479916191194747
2014-07-31,-0.02021023016536183,-0.02007097449281272
2014-08-01,-0.0036833400441937947,-0.003601964342738919
2014-08-04,0.006865727209993455,0.006776646824782376
2014-08-05,-0.00765865051914727,-0.007593020826546198
2014-08-06,-0.0007398581133327697,-0.0006881884661885001
2014-08-07,-0.00317371124973731,-0.003104607211291847
2014-08-08,0.007217263964012233,0.007160914636651625
2014-08-11,0.005900760087859336,0.005829742190807556
2014-08-12,-0.00041877278522117756,-0.00042505073637345224
2014-08-13,0.010584310178264777,0.010502028090921921
2014-08-14,0.00518555780376162,0.00515634584196804
2014-08-15,0.004848886737071512,0.004796692914800168
2014-08-18,0.007700139893768387,0.00759365115915529
2014-08-19,0.005603717080724824,0.005545460356764111
2014-08-20,0.0,-1.5146758302358952e-05
2014-08-21,0.002026313974673455,0.001981283047595157
2014-08-22,0.0015166200002789676,0.0015152482376883198
2014-08-25,0.003533477386162165,0.003496488904122745
2014-08-26,0.0010060222631156357,0.00099619081231384
2014-08-27,0.0002010526288407366,0.00022184501890379926
2014-08-28,-0.0011053152868001348,-0.0010557068739772842
2014-08-29,0.003721916250817525,0.0036838107015131996
2014-09-02,0.002906244939489877,0.00278524435421568
2014-09-03,-0.005895600040223714,-0.005813958594977204
2014-09-04,-0.0009047506169715946,-0.0009324011821781006
2014-09-05,0.00503044895884841,0.005007877345539297
2014-09-08,0.0019022084652793314,0.0018371314727482096
2014-09-09,-0.008293075435403696,-0.008217081876168392
2014-09-10,0.008261561964742814,0.008145789288272013
2014-09-11,-0.000799379335502115,-0.0008061339502523937
2014-09-12,-0.0051002977773697555,-0.005120689536843895
2014-09-15,-0.00965044925048264,-0.009539802974951075
2014-09-16,0.008729479518178707,0.008654709491873495
2014-09-17,0.0015091266939915027,0.0014502825851381554
2014-09-18,0.0075356905705206145,0.007467632812617795
2014-09-19,-0.0006196317603687218,-0.0006059914679394455
2014-09-22,-0.00930190674072584,-0.009223482636313845
2014-09-23,-0.0027257929856836505,-0.002671261995999072
2014-09-24,0.010730429232544747,0.010599412184040256
2014-09-25,-0.021033627601878102,-0.020799607759846916
2014-09-26,0.010640935549201425,0.01052193550261723
2014-09-29,-0.0013162810641516032,-0.001288467822201065
2014-09-30,0.001419167772470864,0.0013750401065449661
2014-10-01,-0.01599326272564361,-0.015777600342622086
2014-10-02,0.0,-2.043333114424667e-05
2014-10-03,0.009875428802135877,0.009722183421746414
2014-10-06,-0.0021394145216562244,-0.0020685594183897423
2014-10-07,-0.014189351050516996,-0.014018759542829516
2014-10-08,0.019467831449964113,0.019328978411627975
2014-10-09,-0.016150359713258067,-0.016008775289844897
2014-10-10,-0.02498456189067022,-0.024712189150726347
2014-10-13,-0.015671463930544083,-0.015482930917655319
2014-10-14,0.00010788131738914686,0.00012776601028777456
2014-10-15,-0.00645370938106038,-0.006378772720999648
2014-10-16,-0.006279211564304221,-0.006218313628192676
2014-10-17,0.013182062404480055,0.013044795185303597
2014-10-20,0.01494638596677711,0.014839681260459332
2014-10-21,0.026273722073888672,0.026004475100017074
2014-10-22,-0.005161369828307616,-0.005115578791988157
2014-10-23,0.015046199480400091,0.014857194603484466
2014-10-24,0.008178363768347463,0.008101973097949067
2014-10-27,0.0007097151679502645,0.0006972554823898493
2014-10-28,0.01509752845297685,0.01494415088747351
2014-10-29,-0.00369328162776994,-0.003707886717232637
2014-10-30,0.002104262120312006,0.00206684424739736
2014-10-31,0.01379700696127295,0.013580810217867108
2014-11-03,0.0029586698768060415,0.0029163044088607497
2014-11-04,-0.00334298887051121,-0.0033061617896725506
2014-11-05,9.852962979683966e-05,4.281921969863651e-05
2014-11-06,0.003156831629188117,0.003102641364192932
2014-11-07,-0.0008852826489164078,-0.0007547349428918816
2014-11-10,0.0035434477679909815,0.003426204280517118
2014-11-11,0.0031384009046009353,0.0031546852160161767
2014-11-12,0.0017600261337853418,0.001701971145572198
2014-11-13,0.004294293340769917,0.004252122758255018
2014-11-14,0.0031096503346010884,0.0031719626727235222
2014-11-17,-0.003003256205786342,-0.0029781636435325318
2014-11-18,0.007482234492987683,0.007447081313918824
2014-11-19,-0.004532577357908241,-0.004539943291903294
2014-11-20,0.004456209349209095,0.004450911025349368
2014-11-21,0.0019296594621389662,0.0019415306979516603
2014-11-24,0.007797994681649545,0.007704786747750364
2014-11-25,0.001528545918240365,0.0015347984479264513
2014-11-26,0.006486127078094928,0.00642286515935115
2014-11-28,0.004643462048804503,0.004526760552561461
2014-12-01,-0.011319716403861424,-0.011071583420922779
2014-12-02,0.004007595867467462,0.003917976471737823
2014-12-03,0.001805195289947381,0.0018233619992630633
2014-12-04,-0.000473991439475574,-0.0004725057100110398
2014-12-05,9.446348936914539e-05,3.887342025263913e-05
2014-12-08,-0.007117080471095716,-0.006983115140953101
2014-12-09,0.0031540835180792204,0.0032063936671179404
2014-12-10,-0.015720356221044063,-0.01557055862997953
2014-12-11,0.004743441879055732,0.004706303214045963
2014-12-12,-0.010886181899752656,-0.0107744481800158
2014-12-15,-0.010324519702942347,-0.010326323469507298
2014-12-16,-0.016041654086707324,-0.015842283774595997
2014-12-17,0.018203087739471657,0.018001189062272684
2014-12-18,0.024067043391243548,0.023844544886404466
2014-12-19,0.004400081564627012,0.004370978892162142
2014-12-22,0.002492103204516427,0.002405218259315512
2014-12-23,-0.0035381026833559703,-0.0035268359762187966
2014-12-24,0.000864493872147376,0.0008833614655694013
2014-12-26,0.00709448018048775,0.0071050163462076195
2014-12-29,-0.00019024024785241345,-0.00019886604383218017
2014-12-30,-0.00666560693950502,-0.006572894347156553
2014-12-31,-0.010257016553447684,-0.01021707150637738
2015-01-02,-0.003002258269769631,-0.002933420185863134
2015-01-05,-0.014668736540414007,-0.014455051455756875
2015-01-06,-0.013408463944087123,-0.013214627901480314
2015-01-07,0.01289128614853774,0.012751408952416818
2015-01-08,0.019139905882515462,0.01892367641040811
2015-01-09,-0.0065829060555947505,-0.006468018235042423
2015-01-12,-0.01042676989105884,-0.010280707245004536
2015-01-13,-0.0002957398814573686,-0.0002988263754727565
2015-01-14,-0.005515920560415055,-0.0054495486470880995
2015-01-15,-0.012975650880194478,-0.012725958952822587
2015-01-16,0.011741436688417206,0.011662671894502739
2015-01-20,0.00793487670797588,0.007926108627587455
2015-01-21,0.005117287239599699,0.005059296142573073
2015-01-22,0.0185035763134902,0.01833595375352923
2015-01-23,0.0022109194650585806,0.0021856885883092506
2015-01-26,-0.0011509369167905792,-0.001180943671297624
2015-01-27,-0.02592655774266095,-0.025623974249504286
2015-01-28,-0.005126368184303565,-0.005085139727029654
2015-01-29,0.009611884615726263,0.009440448367449858
2015-01-30,-0.007753488005661557,-0.0075936938131849025
2015-02-02,0.008704010809963414,0.008590312107333261
2015-02-03,0.009609787851754259,0.009446818149568811
2015-02-04,-0.0008743436873963617,-0.0008616819244015731
2015-02-05,0.00865178176897441,0.008566509899354025
2015-02-06,-0.006071536744994055,-0.006169764671201081
2015-02-09,-0.003200158876570769,-0.003168535208698875
2015-02-10,0.015564583974303936,0.01540096345563966
2015-02-11,0.0036396661317821266,0.0035424784695385785
2015-02-12,0.011643439290073943,0.011526382382665663
2015-02-13,0.008584982298488697,0.008487093754029503
2015-02-17,0.0009351849553382863,0.0008464340509494126
2015-02-18,0.0014021653232383358,0.001429737314642211
2015-02-19,0.004945504813215207,0.004862939323488248
2015-02-20,0.00668598196558734,0.006598914599572957
2015-02-23,0.0010145618704597847,0.0010352911368998747
2015-02-24,0.0007373240569197304,0.0007531502219878973
2015-02-25,-0.002486195492854004,-0.0024583354445801234
2015-02-26,0.005077015443333721,0.005007294115992724
2015-02-27,-0.004408553970414619,-0.004346099724965785
2015-03-02,0.00904072413440482,0.008884335976746139
2015-03-03,-0.004662514767812875,-0.004617374145579391
2015-03-04,-0.003858009798476836,-0.003836583818733964
2015-03-05,0.0017519109929049481,0.001740380357875411
2015-03-06,-0.011321713646936349,-0.011369016325977692
2015-03-09,0.0028861346603274995,0.002873836374210332
2015-03-10,-0.018566448779211653,-0.018381505303048367
2015-03-11,-0.005770111704072267,-0.0057266519143093384
2015-03-12,0.006564527389215202,0.0065128331310394996
2015-03-13,-0.004347941108126641,-0.004312156777711063
2015-03-16,0.012910692071517627,0.012813276424728433
2015-03-17,0.0015933636360034864,0.0015663401567615732
2015-03-18,0.00982498084787875,0.009852001610636579
2015-03-19,0.0014824615397484031,0.001447641345860519
2015-03-20,0.006472816201108955,0.00646522345855832
2015-03-23,-0.0019348079447492061,-0.001896073900345457
2015-03-24,-0.003600497334586783,-0.003548062532290844
2015-03-25,-0.022885114083886937,-0.022678454489094016
2015-03-26,-0.0034135469200087254,-0.0033839570130871667
2015-03-27,0.003996217446998296,0.003965850523393884
2015-03-30,0.011466933873590657,0.011314013587653472
2015-03-31,-0.010587566871739451,-0.01047955124716181
2015-04-01,-0.005208088117348297,-0.005076016914663012
2015-04-02,0.0006663006101368385,0.0006374064106028518
2015-04-06,0.008181046245097745,0.008146945185298498
2015-04-07,-0.0016985553679012,-0.001697489413125441
2015-04-08,0.007939791202425939,0.007839990483940264
2015-04-09,0.0062829936228261385,0.006171523040183855
2015-04-10,0.004100013582484019,0.004104990781807511
2015-04-13,-0.0025059798296248603,-0.002510540657173466
2015-04-14,-0.002883959098002875,-0.0028627538709522556
2015-04-15,0.006251612116757066,0.0062197878637122285
2015-04-16,-0.0013911003693688473,-0.0013993149573385173
2015-04-17,-0.015600119851106986,-0.015419343760273334
2015-04-20,0.014998303019149173,0.014825994381227352
2015-04-21,0.004275177448203493,0.004238766759760914
2015-04-22,0.005460133830148317,0.0053386439144252115
2015-04-23,0.0037735158349070375,0.0037722556774448662
2015-04-24,0.013570301247265437,0.013405576582339042
2015-04-27,-0.002532835101935582,-0.0024479762429080285
2015-04-28,-0.001995309856919758,-0.001958775319517357
2015-04-29,-0.006270419394739046,-0.006257181328610598
2015-04-30,-0.015729156129110522,-0.015641000576762924
2015-05-01,0.013193426313974577,0.013030780542716405
2015-05-04,0.00165035686506676,0.0016587256631675359
2015-05-05,-0.016295750318049307,-0.016145005911078585
2015-05-06,-0.0068868938558500625,-0.006849184684390625
2015-05-07,0.005997379519188106,0.005933038060722618
2015-05-08,0.012482802038595642,0.012388349654786872
2015-05-11,-0.0038643751316556063,-0.0038881693232201884
2015-05-12,-0.004526004069686951,-0.004446525730710488
2015-05-13,0.002041606487363623,0.00205998837300911
2015-05-14,0.014629412937180897,0.014518710251108785
2015-05-15,0.0,5.199451679908307e-05
2015-05-18,0.0043801710822881645,0.004315038219533807
2015-05-19,-0.001090116634547722,-0.0011375652839424083
2015-05-20,0.0006364383089079162,0.0006401686035241938
2015-05-21,0.005181594196466133,0.00513922026804135
2015-05-22,-0.000994767932795404,-0.0009887664289878668
2015-05-26,-0.011496266074045636,-0.011412994364729562
2015-05-27,0.016117274154271444,0.015963595050887926
2015-05-28,-0.0022532834589314987,-0.002229995312140683
2015-05-29,-0.005961300273560455,-0.005893857387817143
2015-06-01,0.003361980570036005,0.003310546391434282
2015-06-02,-0.0031697093513981534,-0.003159129441890768
2015-06-03,0.0029981313341180815,0.002904990084815184
2015-06-04,-0.007608665220938393,-0.007539744160504448
2015-06-05,-0.0023732147567842032,-0.0023986885876204405
2015-06-08,-0.010155530369449495,-0.010053084735998702
2015-06-09,-0.0016634760205122001,-0.0016549042390120033
2015-06-10,0.013702143421488566,0.01358860880399718
2015-06-11,0.00146133295145634,0.0014749279496193905
2015-06-12,-0.008207767067785365,-0.008141543502699534
2015-06-15,-0.004965415211527824,-0.0048987761682880195
2015-06-16,0.00545202733661343,0.005400055778769244
2015-06-17,0.0027575000139139494,0.0027438485035832898
2015-06-18,0.01457381639248534,0.014477980840296993
2015-06-19,-0.004943967692082496,-0.004890937778666624
2015-06-22,0.007371019755846309,0.007220915809744002
2015-06-23,0.000812768842891165,0.000762849394254601
2015-06-24,-0.005144574467342178,-0.005100313361354629
2015-06-25,-0.001996103802535787,-0.0019933878911231446
2015-06-26,-0.006636573531284773,-0.006575747599957144
2015-06-29,-0.023610851976398672,-0.023327094578410246
2015-06-30,0.003561335024851564,0.003497312575637375
2015-07-01,0.007938876457544097,0.007832924504767249
2015-07-02,0.0002780040432805997,0.0002833294823842974
2015-07-06,-0.0023160054279228737,-0.002251702072857811
2015-07-07,0.002507301095549641,0.0024830416967282034
2015-07-08,-0.017412493803672824,-0.01722131704938703
2015-07-09,-0.0005652872480665927,-0.000594048926493755
2015-07-10,0.015278561826925996,0.01511048649343167
2015-07-13,0.01755695175005534,0.0173647395389853
2015-07-14,0.006572591226103874,0.006501897132433067
2015-07-15,0.0010884915032718379,0.001075584880806828
2015-07-16,0.01413298142734365,0.014004232907535406
2015-07-17,0.014739789470343823,0.014556381422723213
2015-07-20,0.0034335075693257,0.0032910145709669145
2015-07-21,-0.0006141395420865559,-0.0006179035698117163
2015-07-22,-0.01132461750377145,-0.011218236855780196
2015-07-23,-0.003729555166006593,-0.0037017372467346007
2015-07-24,-0.009803733024429273,-0.009666888934532535
2015-07-27,-0.008280665900662898,-0.008191127565417629
2015-07-28,0.00862203446155596,0.00852953958778476
2015-07-29,0.0037794858521866814,0.0037473272958245133
2015-07-30,0.00475096280635201,0.004692695649930608
2015-07-31,-0.0011597743089417634,-0.0011036637631923665
2015-08-03,-0.0031264527389642804,-0.0031039421693052683
2015-08-04,-0.001881340013318633,-0.0018813470163618945
2015-08-05,0.007720492377830457,0.0076212485739130835
2015-08-06,-0.016035850448274935,-0.0158435431707808
2015-08-07,-0.0012673105290943454,-0.0012093370379602487
2015-08-10,0.011422516182117981,0.011319677132762633
2015-08-11,-0.012817309418427292,-0.01264151729740615
2015-08-12,0.003450081754536427,0.0034708947371324323
2015-08-13,-0.0016287090858603248,-0.001646042821449965
2015-08-14,0.0015407055182303786,0.0015387085966346182
2015-08-17,0.00832517521052889,0.008256774569267862
2015-08-18,-0.005115322530437005,-0.005074258525077637
2015-08-19,-0.0065848667308618936,-0.006453799346206809
2015-08-20,-0.027694668091066688,-0.027345348436433964
2015-08-21,-0.04370560248655131,-0.04325723429060966
2015-08-24,-0.03847666400288263,-0.0381486353108733
2015-08-25,-0.0037580070500563556,-0.0038129004009228857
2015-08-26,0.05036230015137755,0.049800800897450086
2015-08-27,0.025332515291628388,0.025084424447697755
2015-08-28,-0.00018946649297391094,-0.00015301589246155566
2015-08-31,-0.012402974928825361,-0.012296870059341616
2015-09-01,-0.03125280125620333,-0.03094379905870091
2015-09-02,0.028203546670301227,0.016326229094018114
2015-09-03,-0.004908368918273953,-0.0034739955793142954
2015-09-04,-0.011896852259237645,-0.008193304304918242
2015-09-08,0.028191034930564962,0.018037983718055206
2015-09-09,-0.011233563789418644,-0.008985586895342793
2015-09-10,0.010879844110418535,0.006705127228537838
2015-09-11,0.005524451625608995,0.004047546987904452
2015-09-14,-0.003031124826140319,-0.0016389405285172297
2015-09-15,0.011781181890395231,0.006025837224936626
2015-09-16,0.005634590100090042,0.005414826745886622
2015-09-17,0.0003732618527567677,0.002929270836420859
2015-09-18,-0.01422272277150416,-0.007610493086313257
2015-09-21,0.0031325576430294433,0.0004769212961452285
2015-09-22,-0.014950847991709537,-0.009914874405300866
2015-09-23,0.0007683993369786979,0.0008989805925991345
2015-09-24,-0.003647391292374458,0.0009058075435527642
2015-09-25,-0.008478092428458317,-0.006089309869521848
2015-09-28,-0.02846890878079711,-0.018950396446705445
2015-09-29,-0.0052001024083289105,-0.0036136022731915775
2015-09-30,0.02302174307029725,0.013689897335614987
2015-10-01,0.004520525407968101,0.0024793771846766755
2015-10-02,0.017511313790123717,0.017083509622489033
2015-10-05,0.014325497927445419,0.014161208032738529
2015-10-06,-0.004739333528448353,-0.0046539817236896045
2015-10-07,0.0059999365346574685,0.005925196758917469
2015-10-08,0.003976153385876868,0.00392043234502669
2015-10-09,0.004526400712013823,0.004534340849575341
2015-10-12,0.0024405848237598615,0.002452146916673742
2015-10-13,-0.0064615923788226,-0.006381100302568702
2015-10-14,-0.0016019628067528435,-0.001510987060232831
2015-10-15,0.01642596981640665,0.016253866468584167
2015-10-16,0.004179326679554007,0.004114862454080241
2015-10-19,0.0057341945228683855,0.005654904999467657
2015-10-20,-0.005149507973130962,-0.005076863471550921
2015-10-21,-0.006101370482892499,-0.006060416614348023
2015-10-22,0.020368456873633756,0.02017890112294751
2015-10-23,0.02798294915318489,0.02766648733401121
2015-10-26,0.000620776449776983,0.0006169768652429165
2015-10-27,0.0020381049912392424,0.0020272146582952337
2015-10-28,0.008312701154290059,0.00818497451501789
2015-10-29,-0.0015787877811506146,-0.0016301383054936134
2015-10-30,-0.004479641408020374,-0.004431585860069243
2015-11-02,0.011294033847041973,0.011153110482366975
2015-11-03,0.0034901811225649393,0.0033924854280304494
2015-11-04,8.683990400215613e-05,5.9600849587181875e-05
2015-11-05,-0.002695029898105994,-0.0026904810281349147
2015-11-06,0.0006972550600212735,0.0005840565968109802
2015-11-09,-0.010628065833835576,-0.010516751624360408
2015-11-10,-0.0025532660235637605,-0.002525173459152625
2015-11-11,-0.0012359270954309665,-0.0012238611924793629
2015-11-12,-0.009722664246387014,-0.009631067962783636
2015-11-13,-0.019635877060006357,-0.019442255754763466
2015-11-16,0.014384839777686897,0.014260762833421113
2015-11-17,0.0006282055639115214,0.0005620271506795943
2015-11-18,0.01919443697333545,0.019008590733812596
2015-11-19,0.0007038821803420081,0.0007625672178156786
2015-11-20,0.006771823204267946,0.006686054658783878
2015-11-23,-0.0028825139280600487,-0.0028877121208256027
2015-11-24,-0.0008760973886970946,-0.0008425738824812658
2015-11-25,0.0008768656083668613,0.0008453063843694398
2015-11-27,0.001401567972901585,0.0013515457344354207
2015-11-30,-0.002536881167080063,-0.0024833751610783767
2015-12-01,0.009998362406787198,0.0099359196108909
2015-12-02,-0.006165478548181502,-0.006179895778529098
2015-12-03,-0.01695055710399762,-0.016790601870238828
2015-12-04,0.02337569785987581,0.023251076683853383
2015-12-07,-0.004516019556464634,-0.004501831419930415
2015-12-08,8.684753451948524e-05,9.119998538764995e-05
2015-12-09,-0.015179083922956083,-0.015036284294492823
2015-12-10,0.004517776324658884,0.004459017578727377
2015-12-11,-0.023016089466263545,-0.022750751504649173
2015-12-14,0.007581706625896745,0.0074510988621243465
2015-12-15,0.006091670354939849,0.006018670139011901
2015-12-16,0.014869779828340812,0.01478845650666583
2015-12-17,-0.014564284533935212,-0.014474736565983283
2015-12-18,-0.019182126893875107,-0.018945260245619967
2015-12-21,0.011107900333190202,0.01103228970988015
2015-12-22,0.006573737760416476,0.006488811540245993
2015-12-23,0.0074254762039553945,0.0073452003035468574
2015-12-24,-0.00017764437864098426,-0.00014334743039751794
2015-12-28,-0.0005332469070618018,-0.0005460981292988619
2015-12-29,0.015729312670032858,0.015545827298292524
2015-12-30,-0.009011439892996465,-0.008946647613822701
2015-12-31,-0.012448018023138552,-0.012328408320383486
2016-01-04,-0.021097955755387643,-0.020826038079563996
2016-01-05,-0.0017352157870643703,-0.0017099934149485913
2016-01-06,-0.009605520100123721,-0.009435630140539521
2016-01-07,-0.03131365896219174,-0.030953963854221698
2016-01-08,-0.008200609351691424,-0.008131939098267177
2016-01-11,0.003076772271061845,0.003005373899818769
2016-01-12,0.011597963127758737,0.011484018392831783
2016-01-13,-0.03448932150492223,-0.03411434669894029
2016-01-14,0.021295495761071592,0.021023085305732395
2016-01-15,-0.03103731798846654,-0.030672044282439154
2016-01-19,0.00218208799403552,0.0021681336286778347
2016-01-20,-0.0030674886555450698,-0.002996822224045008
2016-01-21,0.0009924544572039729,0.0009755833388996312
2016-01-22,0.02895385638835446,0.02865502115937082
2016-01-25,-0.014840393488085524,-0.014651764774360318
2016-01-26,0.008999184458753362,0.008955155502321005
2016-01-27,-0.024915285351239103,-0.024653632494438537
2016-01-28,0.014118213521162826,0.013959693639390125
2016-01-29,0.02088221460105877,0.020716737217593012
2016-02-01,0.002689004313936705,0.002707446791695436
2016-02-02,-0.021645230960852024,-0.018406400698738702
2016-02-03,-0.004796949064577727,-0.0036160739150920226
2016-02-04,-9.842986125541131e-05,0.0005680984927336148
2016-02-05,-0.034726755829185274,-0.029282515745900833
2016-02-08,-0.01528760030608689,-0.012130249350970661
2016-02-09,-0.003105055953700475,-0.002769549784133994
2016-02-10,0.003841508454111464,0.003804806496513071
2016-02-11,-0.0014479146569790213,0.0006742314915620632
2016-02-12,0.015225106032559,0.01242064018125472
2016-02-16,0.022546629694959686,0.017900227881230232
2016-02-17,0.022647836809264632,0.019718733158738008
2016-02-18,-0.011414536329297786,-0.008125826944424534
2016-02-19,0.002960159039332,0.0021298742620831134
2016-02-22,0.016235614132577236,0.013347744231155957
2016-02-23,-0.01646010269280973,-0.013378861558549926
2016-02-24,0.009549308048109717,0.008372629514864019
2016-02-25,0.00984840181592439,0.00895451030017121
2016-02-26,-0.0012547625232972592,-0.0020910358104280977
2016-02-29,-0.008991758595467192,-0.006914768810337784
2016-03-01,0.03209734213818094,0.02689554714730605
2016-03-02,0.0003782711479103362,0.0006290087031368376
2016-03-03,-0.001889785949566014,-0.0010886926161773115
2016-03-04,0.0003786105289378394,0.000358586739170061
2016-03-07,-0.006151104134028529,-0.005403082177555749
2016-03-08,-0.008284253724709756,-0.007469594760879563
2016-03-09,0.006432870742106855,0.005595287652842737
2016-03-10,-0.0015260669172127983,-0.0009460884421172355
2016-03-11,0.01748503005263702,0.015256246066198045
2016-03-14,0.0016904514282285454,0.0011524660958103158
2016-03-15,-0.00037515038405688816,-0.00025990262541241967
2016-03-16,0.008909444868770766,0.008954313646714207
2016-03-17,-0.0005578509555959066,-0.0004884972723038736
2016-03-18,0.0015669686591655019,0.0013210545501961145
2016-03-21,0.003911941760319726,0.0032264577846859324
2016-03-22,0.003061398016216188,0.00285968739329953
2016-03-23,-0.008231668318918861,-0.008038625682980171
2016-03-24,0.000279734606719817,0.0002649748921253218
2016-03-28,-0.0013985111791248173,-0.0012092346151315356
2016-03-29,0.016058561647870784,0.015427974471285216
2016-03-30,0.004869823058349931,0.003881542652670549
2016-03-31,-0.0014630347037876135,-0.001053030318028292
2016-04-01,0.010622749202962023,0.009559796260366961
2016-04-04,-0.0038055085754538087,-0.003876666490796117
2016-04-05,-0.00964198050667453,-0.009499249415663862
2016-04-06,0.016440202997819897,0.016243052011403056
2016-04-07,-0.014366870574392343,-0.01415559108240159
2016-04-08,-0.0007336580155713479,-0.0007354225983045126
2016-04-11,-0.003669704761095516,-0.0035932897645856512
2016-04-12,0.0083796242764127,0.008295352556520651
2016-04-13,0.012784110048539077,0.012618778552000021
2016-04-14,9.017562511637323e-05,3.1265581120947844e-05
2016-04-15,-0.0025245420027303345,-0.002458101533132256
2016-04-18,0.005332827710185839,0.005266022411263328
2016-04-19,-0.006113637854790244,-0.0059995311026778755
2016-04-20,0.0008140753014989066,0.0007470004177211495
2016-04-21,9.032160609123707e-05,7.334139668264966e-05
2016-04-22,-0.015092496086302143,-0.014976257044482525
2016-04-25,0.0,7.092675293677843e-07
2016-04-26,-0.004863121144016769,-0.004801343165239712
2016-04-27,-0.008022101617232713,-0.007903628543369486
2016-04-28,-0.012084171305696834,-0.011897447890959936
2016-04-29,-0.005268978705284422,-0.005134007653892096
2016-05-02,0.009458855776256048,0.009347930575368322
2016-05-03,-0.009276431292217557,-0.009173149816131614
2016-05-04,-0.006431741753202824,-0.006365292367644517
2016-05-05,-0.0002854616222379702,-0.00028209374422833355
2016-05-06,0.005332350195621949,0.005295343087473051
2016-05-09,0.002841062396383043,0.0027471354180618234
2016-05-10,0.013695170366200715,0.013573731395140023
2016-05-11,-0.009037723708937628,-0.008905448508287747
2016-05-12,-0.0044187163225875015,-0.004403875772024237
2016-05-13,-0.0036832649196626432,-0.003622418548016756
2016-05-16,0.012512097659174604,0.012380965164151702
2016-05-17,-0.012544506065993999,-0.012422148708877164
2016-05-18,0.0036022976361236303,0.003461840213616636
2016-05-19,-0.005195483855262695,-0.00513363406735128
2016-05-20,0.011015138662977098,0.010900613266052645
2016-05-23,-0.0013150287248279158,-0.0013094665328483922
2016-05-24,0.020032042015629914,0.019772335954740657
2016-05-25,0.007191600792320285,0.0071031349431544075
2016-05-26,0.0029292836962326874,0.0029043520223738122
2016-05-27,0.005202747942154806,0.005127236440613173
2016-05-31,0.0019067280589410984,0.0019097812460598946
2016-06-01,9.049287598017486e-05,8.935957371880381e-05
2016-06-02,0.0020845651476730787,0.002065078779355237
2016-06-03,-0.004702606980352297,-0.0045214755421281415
2016-06-06,0.0036342867146959,0.003592119583635898
2016-06-07,-0.0025346846503359055,-0.0025094244917154406
2016-06-08,0.0017246142465896508,0.0017768683867755643
2016-06-09,-0.0016311025415547409,-0.0015781942183322826
2016-06-10,-0.011343895683703087,-0.011211465623490778
2016-06-13,-0.008353244136838356,-0.008238610564941047
2016-06-14,0.0,7.0609946753930064e-06
2016-06-15,-0.00286951340442132,-0.002815950284915977
2016-06-16,0.002970617266146558,0.0029189885658723494
2016-06-17,-0.0117214697493081,-0.011565552802839411
2016-06-20,0.006291639519715009,0.0061902341709292345
2016-06-21,0.003172921714908572,0.0030681795319176873
2016-06-22,-0.0024184449819658616,-0.002399414667508308
2016-06-23,0.014266959025767356,0.014086970043920238
2016-06-24,-0.04118803769007784,-0.040561905400981965
2016-06-27,-0.019848211442546893,-0.019577967755206666
2016-06-28,0.02191327010680899,0.021662706314848037
2016-06-29,0.01771021344227841,0.017535394963740354
2016-06-30,0.011570096406561259,0.01149807027212517
2016-07-01,0.005021283337826032,0.0050514417783987615
2016-07-05,-0.006106638318283064,-0.005973746843708959
2016-07-06,0.00819228740833422,0.008126928110859943
2016-07-07,0.002954635396467342,0.002885043586854953
2016-07-08,0.015466797660583342,0.015334185849559583
2016-07-11,0.005711762895850958,0.005597588235700329
2016-07-12,0.005048115972065448,0.0048763291510391755
2016-07-13,-0.002421728691680003,-0.002329067960683007
2016-07-14,0.006833366855554912,0.006692288750460624
2016-07-15,-0.0016073236832990778,-0.0016138623163369972
2016-07-18,0.006618670626913792,0.006550595132704546
2016-07-19,-0.003643126991782597,-0.00358939199358501
2016-07-20,0.011683118834429518,0.011476520364812136
2016-07-21,-0.0022922413068812153,-0.002195232769236855
2016-07-22,0.004152981480241902,0.004092208822112784
2016-07-25,8.798361752693218e-05,5.7551308169011744e-05
2016-07-26,0.0011436144685874616,0.0011390316980938381
2016-07-27,0.006942729968535399,0.0069385648857565735
2016-07-28,0.0034911365088658997,0.003435746967184007
2016-07-29,0.002174004866356549,0.002211826223707587
2016-08-01,0.005293836709548527,0.0052232506728794965
2016-08-02,-0.0075966067031556506,-0.007513725828962959
2016-08-03,0.0033055634151446522,0.0032505582081925576
2016-08-04,0.0028609168649569305,0.0028483404284865396
2016-08-05,0.00959612649024777,0.009408833729814426
2016-08-08,-0.0011129209381621763,-0.0011020756568625159
2016-08-09,0.0023143931359286274,0.0023193947686261634
2016-08-10,-0.0025656877967270564,-0.0025177906599410066
2016-08-11,0.004287286022403025,0.00420915226020146
2016-08-12,0.0006830150479593122,0.0006793435336545139
2016-08-15,0.004266418686500906,0.004207902770864411
2016-08-16,-0.005522427519817796,-0.005463996380369861
2016-08-17,0.001793916428112663,0.001799913395660776
2016-08-18,0.00025582482647812377,0.00028502556297625454
2016-08-19,-0.0002557593968747218,-0.00030363823651751527
2016-08-22,0.0007675442036922941,0.000769693408115631
2016-08-23,0.0017896093556608594,0.0017662456145923226
2016-08-24,-0.0064649822911527766,-0.0064386609345022045
2016-08-25,-0.001626745063552204,-0.0016219293206741637
2016-08-26,0.001457824987158185,0.0014083063940841952
2016-08-29,0.0013702874057066605,0.0013939038572686477
2016-08-30,-0.003249245055949035,-0.0032659398149752893
2016-08-31,-0.0010297249608519632,-0.0010242765878582653
2016-09-01,0.0025763340148103886,0.002561035244618606
2016-09-02,0.0032550218887981153,0.0032603492601825214
2016-09-06,0.0062328613587865345,0.006255330863760963
2016-09-07,0.000593936244808857,0.0005727988839022933
2016-09-08,-0.005851385946332499,-0.005829901116371114
2016-09-09,-0.02516415270144856,-0.024992909365409797
2016-09-12,0.017938429887199403,0.017767621837237825
2016-09-13,-0.008939915932672848,-0.008902374589770194
2016-09-14,0.004770475643137262,0.004739939444439052
2016-09-15,0.015538706204612174,0.015365184986294978
2016-09-16,-0.00047726201358311293,-0.00045889935901997935
2016-09-19,-0.0043483775216631715,-0.00429707570921699
2016-09-20,0.001884080643282715,0.0018742137529108589
2016-09-21,0.009829011748887062,0.00981291469839956
2016-09-22,0.007956082265956566,0.00790633016598101
2016-09-23,-0.006381725775980507,-0.006317402003862474
2016-09-26,-0.008366544957665645,-0.008281320116018821
2016-09-27,0.009886022574867148,0.009762564105129
2016-09-28,0.0016876325119403734,0.0016551789183487495
2016-09-29,-0.007245191349183999,-0.0071921504833701985
2016-09-30,0.0074676996036613374,0.007362599264307069
2016-10-03,-0.0014321147912739196,-0.001445975749383627
2016-10-04,-0.0015179609554031304,-0.0016564758610545403
2016-10-05,0.0035479825453827996,0.0034976806624910433
2016-10-06,-0.0005048959599366354,-0.0005456528858770287
2016-10-07,-0.0021899951658315153,-0.0021654624693546
2016-10-10,0.006331000090889161,0.006278687875398662
2016-10-11,-0.014259508037005042,-0.014146946857168623
2016-10-12,-0.0008508875891412027,-0.0008273490851232331
2016-10-13,-0.0035770352387446414,-0.0035153799861586065
2016-10-14,0.0011966486864496417,0.0011378443005703098
2016-10-17,-0.002731728916934517,-0.0026806850385197784
2016-10-18,0.008902438027885262,0.008847088837274789
2016-10-19,-8.483638829315243e-05,-6.111856244328008e-05
2016-10-20,-0.0011876717974702578,-0.0011900066256221786
2016-10-21,0.0037376953490146914,0.00370251428310909
2016-10-24,0.012018648015519107,0.011887085983435589
2016-10-25,-0.0031780196422049878,-0.0031101943338691686
2016-10-26,-0.006795820348800219,-0.006751774741670557
2016-10-27,-0.004561661171379017,-0.004533491738455105
2016-10-28,-0.006279857821807178,-0.0061992380508137475
2016-10-31,-0.0009393963302594122,-0.0008913658129086899
2016-11-01,-0.007521749020139357,-0.007445615919682297
2016-11-02,-0.00800954036491952,-0.007909186511841065
2016-11-03,-0.009811055105713784,-0.00970194790618579
2016-11-04,-0.0035069621156841313,-0.003457903981473743
2016-11-07,0.02375720489645161,0.02346221526241923
2016-11-08,0.006531801984285268,0.0064548824173238754
2016-11-09,0.004611060989004656,0.004459893795799087
2016-11-10,-0.016149695571932243,-0.01608572841284212
2016-11-11,0.00043205528894274536,0.000335339615611857
2016-11-14,-0.010103558338308782,-0.01003998027043714
2016-11-15,0.013870708718756175,0.013786218446499009
2016-11-16,0.005937155247393244,0.005872637339201915
2016-11-17,0.007270455633490824,0.00716192909068058
2016-11-18,-0.003736386083720067,-0.003740039494101253
2016-11-21,0.010398789416704801,0.010323284777998558
2016-11-22,0.0030370717738386066,0.0030070571320958087
2016-11-23,-0.004036939221304547,-0.004084378337298922
2016-11-25,0.0032086748130706333,0.0031757372260171036
2016-11-28,-0.002272458445080061,-0.0021802432361347243
2016-11-29,0.0034586298235355084,0.0034162280852531573
2016-11-30,-0.01210667998164261,-0.012087294766328492
2016-12-01,-0.01727635462414867,-0.017131705548809915
2016-12-02,0.001991552376853001,0.0020063350694775684
2016-12-05,0.007778733851041331,0.007682047479367187
2016-12-06,0.0024011579615434986,0.0023749718971150186
2016-12-07,0.012662668902819307,0.012571225770100334
2016-12-08,0.0017743138885071286,0.0017343683405490115
2016-12-09,0.007843503020596998,0.007722783500807147
2016-12-12,-0.004518771420425671,-0.004451817662929949
2016-12-13,0.012609432887766392,0.012490499779646447
2016-12-14,-0.0020753347955434487,-0.0021421482937057992
2016-12-15,0.0015803120512716262,0.0015346294421406627
2016-12-16,-0.0037069558747296893,-0.003645907456193463
2016-12-19,0.004097208727734669,0.004096213084979181
2016-12-20,0.0038301570310372846,0.0037592162814156275
2016-12-21,-0.0007462450477775384,-0.0007321821597421617
2016-12-22,-0.002822565891849149,-0.002807234330774524
2016-12-23,0.0006658537329182757,0.0006749373536796662
2016-12-27,0.005158015076149658,0.005125782531772083
2016-12-28,-0.00777993462652582,-0.007694334947729276
2016-12-29,-0.0014181449159060833,-0.001336512635943264
2016-12-30,-0.010275043623270141,-0.010196153097902273
2017-01-03,0.008946744983739707,0.008888250277858245
2017-01-04,0.0054377061644215186,0.005408492759783002
2017-01-05,0.005657542693467521,0.005677677862279785
2017-01-06,0.008769568098839109,0.008647452232971333
2017-01-09,0.0032807817378412985,0.003271684231656811
2017-01-10,0.00220708995473462,0.0021984993937420537
2017-01-11,0.00269184958177604,0.0026873850265757126
2017-01-12,-0.0015458162976959011,-0.0015175784161584366
2017-01-13,0.003422040637446777,0.0033914046757161564
2017-01-17,-0.0030043847621320507,-0.002899227531698866
2017-01-18,0.0020359780852958753,0.001961429228991438
2017-01-19,-0.0004874727245536281,-0.0005046826216675973
2017-01-20,0.002195292206009336,0.002182132822252511
2017-01-23,0.0008115100893459903,0.0008364836445869337
2017-01-24,0.006728687840848124,0.006635960368130475
2017-01-25,0.010066204592650285,0.009920552859524553
2017-01-26,0.0010362384596844798,0.0009958828480681277
2017-01-27,0.0019115983708810624,0.0019020549161203547
2017-01-30,-0.007790364151893492,-0.0076960716188825655
2017-01-31,-0.0020029314659202324,-0.0019122784294250232
2017-02-01,0.0069040559150082,0.006799721017566803
2017-02-02,-0.0008769518042683888,-0.0008402177633839417
2017-02-03,0.0028724015983634388,0.002855367787268011
2017-02-06,0.0011937295618162924,0.0012382718170315496
2017-02-07,0.0036553719184218014,0.003623479567610549
2017-02-08,0.0016630849607095488,0.0016973041836912334
2017-02-09,0.003636461811328484,0.0035508426383716128
2017-02-10,0.003307975264390306,0.003288334805850716
2017-02-13,0.005652537175311112,0.005572611661822527
2017-02-14,0.003356805559639575,0.0033089665001575686
2017-02-15,0.005912724022905103,0.005858184645109875
2017-02-16,-0.00030925094281075705,-0.0002702813311292037
2017-02-17,0.00433248827666155,0.004287812080306955
2017-02-21,0.004930512157871991,0.004891148684186476
2017-02-22,0.00038323526505390504,0.00038903539800114396
2017-02-23,-0.003754553459411336,-0.00366691842647937
2017-02-24,0.0019225359010217602,0.001952575684714291
2017-02-27,0.0012284789884811076,0.0011872464789344595
2017-02-28,-0.003066899229537734,-0.0030197528964563086
2017-03-01,0.01092111403681173,0.010776309697922723
2017-03-02,-0.005020938672953168,-0.005012521010142048
2017-03-03,0.0018350489182574758,0.0018154371892034362
2017-03-06,-0.0022136280472486725,-0.0022232899518545937
2017-03-07,-0.0016827979899513013,-0.0016995425064350444
2017-03-08,0.0017622713185749816,0.0016982308337083064
2017-03-09,0.0007650192875352513,0.0007251687354924336
2017-03-10,0.00420358170485069,0.004182043207830546
2017-03-13,0.0016744066072860164,0.0016502665988054823
2017-03-14,-0.0024314461683965227,-0.0024159992930243243
2017-03-15,0.006169643678013204,0.006203860374056062
2017-03-16,-0.0006814903378528081,-0.0006715121892994298
2017-03-17,-0.0003491393204231308,-0.00032724185932882346
2017-03-20,0.0009114190746599693,0.0009160466921624313
2017-03-21,-0.015173551235923233,-0.0149618946939671
2017-03-22,0.006778892433439099,0.006733627735334509
2017-03-23,-0.002524696525119552,-0.0025142600488540293
2017-03-24,0.002071070246359552,0.002066103064518597
2017-03-27,0.0016076619131788483,0.0016149557635819127
2017-03-28,0.006114256497778081,0.006030745112786815
2017-03-29,0.004633784555670317,0.004602410551470151
2017-03-30,0.0016637472089697791,0.0015982319840233343
2017-03-31,-0.0006795852383665313,-0.0006536932672327826
2017-04-03,-0.0006040983428752256,-0.000565285157109703
2017-04-04,0.00158712303228703,0.0015720341590304333
2017-04-05,-0.004075117624039115,-0.004021250269281212
2017-04-06,0.0005303434870775892,0.0005058408928166773
2017-04-07,-0.0005300623719508568,-0.0005263740743721514
2017-04-10,0.0003787113666380293,0.00038363397047745993
2017-04-11,-0.004317174952205516,-0.00421293662639111
2017-04-12,-0.004031985496245283,-0.0039483520199976915
2017-04-13,-0.003972070058019472,-0.003913105368649069
2017-04-17,0.008281989392704192,0.008184890188934526
2017-04-18,-0.0015204913616138072,-0.001465474996049281
2017-04-19,0.0015997630368278504,0.0015404636948888994
2017-04-20,0.008365330770285784,0.008277688084729078
2017-04-21,-0.0002262009628865025,-0.0002075327292513982
2017-04-24,0.01206953555969803,0.011923142143587149
2017-04-25,0.007230300850814997,0.007101570260587667
2017-04-26,-0.0014061586100412304,-0.0013687574511128092
2017-04-27,0.006002870640081204,0.0059334948471674925
2017-04-28,0.0017678424828260209,0.0017590410994197578
2017-05-01,0.008897486877739169,0.008755383751102956
2017-05-02,0.0016764110325655501,0.0016705177320136594
2017-05-03,-0.003201012382243129,-0.003223580966424975
2017-05-04,0.00036441870748271654,0.00032546935244948057
2017-05-05,0.0036487809683289907,0.003621187570559436
2017-05-08,0.0021808374685525767,0.00214543171166158
2017-05-09,0.003482547466236774,0.003419486616915431
2017-05-10,0.0005783320149910232,0.0005762249410367903
2017-05-11,-0.000794585654049218,-0.0007763339820560622
2017-05-12,0.0022417717110576607,0.002246559110751373
2017-05-15,0.0031744578276644564,0.003155617190271088
2017-05-16,0.004171281677834093,0.004139645125175468
2017-05-17,-0.025426057554423065,-0.02507884612341269
2017-05-18,0.008745729068860841,0.008634579777434826
2017-05-19,0.004225019878318914,0.004206743080767749
2017-05-22,0.008416019011912024,0.008348842750721227
2017-05-23,0.0010070420556358428,0.0009693305867207226
2017-05-24,0.004599622642989631,0.004581415839151728
2017-05-25,0.008513080496814318,0.008434537377521197
2017-05-26,0.0017738753341003388,0.0017885164524019785
2017-05-30,0.0008499708382303517,0.0008359586007405025
2017-05-31,-0.0003538920257991629,-0.00032426812910688773
2017-06-01,0.0038925822809723343,0.0038652287804054855
2017-06-02,0.011421245887842657,0.011347960079300489
2017-06-05,-0.00020940110225919906,-0.00021318433488380067
2017-06-06,-0.003973570331581744,-0.003888949753655898
2017-06-07,0.003919442677883467,0.003861293742216278
2017-06-08,0.0010466188403432941,0.0009975836584126807
2017-06-09,-0.02500566057301845,-0.02478640254927571
2017-06-12,-0.0053578695596517845,-0.005316118093028701
2017-06-13,0.00811576552506632,0.008043902811811925
2017-06-14,-0.004345849363979304,-0.004294808999397714
2017-06-15,-0.004436007073292059,-0.0044027190013700215
2017-06-16,-0.004339356834803354,-0.004286652499180549
2017-06-19,0.016721810874780196,0.016522155683373525
2017-06-20,-0.007831783170315187,-0.007748238871111079
2017-06-21,0.009902602266729676,0.009810371392242589
2017-06-22,-0.00028428412524539315,-0.000267325645550093
2017-06-23,0.0038375466203670605,0.0038087667716470183
2017-06-26,-0.0046728243697711225,-0.004649339113058665
2017-06-27,-0.018138911400375823,-0.01796718595323567
2017-06-28,0.014416946165032973,0.014262847215685184
2017-06-29,-0.017354218072383243,-0.017222496038184824
2017-06-30,0.0003631377648687373,0.0003495230783593838
2017-07-03,-0.01053528618859434,-0.010500501795239689
2017-07-05,0.009839916115179204,0.009754069323616794
2017-07-06,-0.009016619360779687,-0.008944311986611567
2017-07-07,0.010786309070004663,0.010634548581463838
2017-07-10,0.006532878398622044,0.006474982108022845
2017-07-11,0.002812765662599137,0.0027926157836304965
2017-07-12,0.011866219848290172,0.011777570359010135
2017-07-13,0.00220325330995097,0.002162344185064793
2017-07-14,0.007871828573440043,0.007831220621881834
2017-07-17,0.0004924387195766045,0.0005102172431565407
2017-07-18,0.006681075893433919,0.006656800073847448
2017-07-19,0.005868627149649974,0.005808889642253029
2017-07-20,0.0013195128840211012,0.0013237462781367957
2017-07-21,-0.0004165055185372246,-0.0003665887172299171
2017-07-24,0.004579763436344031,0.0045245389385448085
2017-07-25,-0.002555645294157083,-0.0025697870873160017
2017-07-26,0.003254890097263985,0.003261353095093685
2017-07-27,-0.006281413772539768,-0.006225550792408302
2017-07-28,-0.000833214438910157,-0.0007894718780044831
2017-07-31,-0.004241223585705667,-0.004190734306926734
2017-08-01,0.002304119865136789,0.0022954325269404405
2017-08-02,0.0027164219626616415,0.002683807305331797
2017-08-03,-0.003889878961259141,-0.003821812174881358
2017-08-04,0.0018129065943759404,0.001751776055091184
2017-08-07,0.006335099092790397,0.006273700472588718
2017-08-08,-0.0017291528977168014,-0.001707395640227764
2017-08-09,-0.0013172804203445132,-0.0012606626755356106
2017-08-10,-0.021439853231004724,-0.021180942782828963
2017-08-11,0.007587011518964681,0.007520967492013257
2017-08-14,0.012878104386691458,0.012721122942748278
2017-08-15,0.00069495852566126,0.0006625453429151494
2017-08-16,0.0017354031112872814,0.0017553496474613326
2017-08-17,-0.020446050364211432,-0.020219613428223746
2017-08-18,-0.0007079723853004039,-0.0007018661832840982
2017-08-21,-0.0012742675541181914,-0.0012419906038844916
2017-08-22,0.015243018732422842,0.0150737658707951
2017-08-23,-0.003561677650262718,-0.0035012477004227756
2017-08-24,-0.0029433970312532365,-0.00293151889223266
2017-08-25,-0.002108746760111857,-0.0020624743943221963
2017-08-28,0.003099235149847779,0.003120714114323996
2017-08-29,0.003932283663046432,0.0038900670839383507
2017-08-30,0.011750870540740976,0.011629987624233628
2017-08-31,0.010715218423214212,0.010652541650902018
2017-09-01,-0.0013678937963002014,-0.0013602640628686783
2017-09-05,-0.008972553544724149,-0.00881980507195259
2017-09-06,0.0030411970510217934,0.0029824906894469773
2017-09-07,0.0023425409332631375,0.002377430691021115
2017-09-08,-0.008661776165795332,-0.008577265888178228
2017-09-11,0.01151122221826184,0.011335341456535855
2017-09-12,0.0023994510723399642,0.002363637238970329
2017-09-13,0.0013674849624178975,0.0013183685781849972
2017-09-14,-0.0058732385509642215,-0.005787015805326244
2017-09-15,0.0034351032570811846,0.003386294069372716
2017-09-18,-0.001310806099616535,-0.0013523845281931267
2017-09-19,0.0017180794123659027,0.0017052854738840919
2017-09-20,-0.0030866628273332752,-0.0030898981221540063
2017-09-21,-0.006123550792703769,-0.0060885350916775475
2017-09-22,-0.0009685971716316688,-0.0009458962742900416
2017-09-25,-0.010532516449402118,-0.010372108607561732
2017-09-26,0.002591010516558967,0.002521633089372839
2017-09-27,0.009010131957082557,0.008847483876899254
2017-09-28,-0.000345672028707944,-0.0003354272746574923
2017-09-29,0.007201679572012898,0.0071198741583833325
2017-10-02,0.0008938287953743629,0.000855583434009409
2017-10-03,0.0021292955182059536,0.002109494703219102
2017-10-04,0.0009595455465221114,0.0009677881419906979
2017-10-05,0.009792514159298493,0.009671721753210093
2017-10-06,0.0013564195172830473,0.0013513513601533422
2017-10-09,-0.0011514768448785961,-0.0011024643883486235
2017-10-10,0.0007457969126016817,0.0007618147717651877
2017-10-11,0.002981183291041356,0.002969827515383378
2017-10-12,-0.0018240192349338047,-0.0017924770761384053
2017-10-13,0.003857330994699204,0.0038535672566438845
2017-10-16,0.003438378320670843,0.00337471084534974
2017-10-17,0.001276049651014688,0.00124669326481392
2017-10-18,-0.0012076735872196265,-0.001221481485429939
2017-10-19,-0.0036945574980022933,-0.003621720814579797
2017-10-20,0.0026969643116148134,0.0026302540479295794
2017-10-23,-0.006522767294704801,-0.006446668551039719
2017-10-24,0.0016919558201882179,0.001651364109489508
2017-10-25,-0.0037839373307917423,-0.0037519315207219153
2017-10-26,-0.00318793374419446,-0.0031922043397918792
2017-10-27,0.029123723377707522,0.028862992694975893
2017-10-30,0.0022480136065186063,0.0022477891386334433
2017-10-31,0.003760269276015027,0.0037108377662627957
2017-11-01,-0.00032841325582289027,-0.00031217124463119326
2017-11-02,-0.001906781753233333,-0.0018726099755720957
2017-11-03,0.009617228927510046,0.009511647196683501
2017-11-06,0.003392689059356524,0.0033901083351940337
2017-11-07,0.0005855540578634244,0.0005837867581901942
2017-11-08,0.004029100622604753,0.004000485306138821
2017-11-09,-0.005242735353980454,-0.005182824343586802
2017-11-10,-6.504549591501707e-05,-0.00011630962296146956
2017-11-13,0.0012360499069614672,0.0012444314373939876
2017-11-14,-0.0036391272939525487,-0.0035715906070484635
2017-11-15,-0.004696569125485106,-0.0046504562383023985
2017-11-16,0.01277964942459242,0.012639349031980732
2017-11-17,-0.0038182477689254757,-0.0037368911313862634
2017-11-20,-0.0007790181645120908,-0.0008162284325712424
2017-11-21,0.01085596497488317,0.010761425842477804
2017-11-22,0.0012217907478691004,0.0012485718217904857
2017-11-24,0.003661003123064166,0.003609729394335941
2017-11-27,-0.0004477266245278555,-0.000424121074255193
2017-11-28,0.002561001901001836,0.0025409757864388017
2017-11-29,-0.017434127101817465,-0.0172974426002318
2017-11-30,0.008384012413937603,0.00827018248497958
2017-12-01,-0.004253854762927833,-0.004179884242380956
2017-12-04,-0.011521803898192462,-0.011419646642040003
2017-12-05,0.0006546293132647651,0.0006148001308851784
2017-12-06,0.004515889635033021,0.004473521259019299
2017-12-07,0.003387078243444197,0.0032976043351602997
2017-12-08,0.004415191816203867,0.004374830143982371
2017-12-11,0.007757111633999614,0.007667512113660897
2017-12-12,-0.0013470065078896587,-0.0013449061457046299
2017-12-13,0.0019269201826388471,0.0019504666430665023
2017-12-14,-0.0007049508064913557,-0.0006981679437839056
2017-12-15,0.011354720425952758,0.011256721924537983
2017-12-18,0.008384369105925549,0.008290713755687892
2017-12-19,-0.005925659081964629,-0.005901082763204353
2017-12-20,-0.0010777574506671828,-0.0010827887183454067
2017-12-21,0.00012634804866529237,0.00013058278827098767
2017-12-22,-0.001142205739352975,-0.0011062171250104526
2017-12-26,-0.00540131674933475,-0.0053292039449530405
2017-12-27,0.00012798713000261586,0.00016838412534012133
2017-12-28,0.0012137145526185389,0.00122277798567581
2017-12-29,-0.006189237451996732,-0.006105586184312554
2018-01-02,0.01752718847786139,0.01737161834658153
2018-01-03,0.009716852047538804,0.009611585104598589
2018-01-04,0.0017492959762441807,0.0017430802269618607
2018-01-05,0.010043652010879978,0.009933034949113519
2018-01-08,0.003890421244915343,0.003860354064634627
2018-01-09,6.137176687071033e-05,1.4307321186587672e-05
2018-01-10,-0.0023375359011706953,-0.0023185787046864953
2018-01-11,0.006844105481475626,0.006785952864845908
2018-01-12,0.007348806773695538,0.00732031705686628
2018-01-16,-0.0028569208680431224,-0.0028251497492604214
2018-01-17,0.010791091218439908,0.010663702243289433
2018-01-18,0.0001811976698584683,0.00015362763619897632
2018-01-19,0.003135590222010487,0.0031020345948130097
2018-01-22,0.010701142906202499,0.010605646330543308
2018-01-23,0.0082679851368761,0.008220473023147545
2018-01-24,-0.006489393542001842,-0.00639212570507168
2018-01-25,-0.00035618325816322294,-0.0003542813603937875
2018-01-26,0.015325070804475205,0.015175833778148875
2018-01-29,-0.004855440861681992,-0.004855219746971101
2018-01-30,-0.00823067374905495,-0.00816852974387011
2018-01-31,0.004149251142296473,0.004152691590935694
2018-02-01,-0.008500533483182027,-0.00843956898862134
2018-02-02,-0.019945393074601414,-0.019812461621507124
2018-02-05,-0.03942641240764111,-0.03902117864878892
2018-02-06,0.026498920824276295,0.026166589175138557
2018-02-07,-0.01293771195407789,-0.012846215375819153
2018-02-08,-0.04219535896174842,-0.04177839291521524
2018-02-09,0.01726990120484606,0.017104093688267884
2018-02-12,0.017745051933933054,0.017595689315225708
2018-02-13,0.005161228278450336,0.005142905509291466
2018-02-14,0.01872381885288732,0.018569094977719535
2018-02-15,0.01856414456847366,0.018408958706337287
2018-02-16,-0.004465777207145694,-0.004414471794268568
2018-02-20,0.002000271601033665,0.0019120806779645814
2018-02-21,-0.002843482951002785,-0.002863471997493546
2018-02-22,-0.00012134639593019969,-8.804753360563566e-05
2018-02-23,0.020449202400284916,0.02027951698694102
2018-02-26,0.013260165252946488,0.013129703178730936
2018-02-27,-0.012382587068917816,-0.012314295820323387
2018-02-28,-0.006417306799873623,-0.00634727761401473
2018-03-01,-0.01632688270680216,-0.016163834580275913
2018-03-02,0.00918044352108316,0.006318846416723539
2018-03-05,0.011085177861577256,0.008201311677297839
2018-03-06,0.0042301043879586775,0.003779771118522827
2018-03-07,0.0023137881966863727,0.0006725907335152636
2018-03-08,0.005505660737026075,0.004207981770665349
2018-03-09,0.019428161222620144,0.013727459861101741
2018-03-12,0.005312527484674812,0.004165172321760376
2018-03-13,-0.013614319128455121,-0.009166695521594711
2018-03-14,-0.00017495053759120083,0.000473134868453422
2018-03-15,-0.0008732160179952819,-0.001286126324020191
2018-03-16,-0.0029735211179637844,-0.0022318960509449958
2018-03-19,-0.021336126998643956,-0.015257745265148072
2018-03-20,0.003291313661160311,0.001543595036252833
2018-03-21,-0.004354187133381315,-0.0013593163578213161
2018-03-22,-0.024682505194846827,-0.017389011516902992
2018-03-23,-0.02635142955037817,-0.017752100947699027
2018-03-26,0.03715846805933998,0.027031945423416744
2018-03-27,-0.03235996523201812,-0.022748072126684258
2018-03-28,-0.011503853531919295,-0.00947803146136695
2018-03-29,0.018314878137344337,0.013423394491599318
2018-04-02,-0.028851701612743752,-0.01940567868680117
2018-04-03,0.011253611911344663,0.007715231746326687
2018-04-04,0.01577003583717973,0.012191994480530646
2018-04-05,0.005696432227848325,0.0038422675425761185
2018-04-06,-0.02502327142867722,-0.01849075953778991
2018-04-09,0.007023161423988622,0.005680562090037151
2018-04-10,0.022063023978915686,0.01687910682334593
2018-04-11,-0.005768950728588074,-0.0037256403065576813
2018-04-12,0.0120416373154979,0.007692869531598366
2018-04-13,-0.005178496750045225,-0.0031169194286750045
2018-04-16,0.007622320571714969,0.006311683187445974
2018-04-17,0.021524919541917598,0.016864104415899302
2018-04-18,0.0020466791641686743,0.0011859774927360834
2018-04-19,-0.009192114763481585,-0.00737608374877735
2018-04-20,-0.015826842279904496,-0.013274471442075692
2018-04-23,-0.0025260496389749587,-0.0025510326718450093
2018-04-24,-0.021187375613934467,-0.015747688491252354
2018-04-25,0.0011988942996017382,5.289763908115424e-05
2018-04-26,0.02105314294656857,0.01634019586226381
2018-04-27,0.0006171261901410929,0.001383039013774847
2018-04-30,-0.007095403284841706,-0.006026618504008432
2018-05-01,0.011433092643600595,0.007967276959952732
2018-05-02,-0.005897263600518121,-0.006065457585474584
2018-05-03,-0.0001234952747672935,-0.000100143265283126
2018-05-04,0.01897398154325547,0.018800215487033867
2018-05-07,0.008309470184176382,0.00821873802441656
2018-05-08,-0.0010227680338931178,-0.0010384716418189001
2018-05-09,0.010899218201245509,0.010768701343177603
2018-05-10,0.010364308242694298,0.010306298394898845
2018-05-11,-0.0009432897321950406,-0.0009342074612830979
2018-05-14,0.0017115642912710616,0.001671684119275431
2018-05-15,-0.011075353045485126,-0.01104745618331158
2018-05-16,0.006612340684732265,0.006530240234670756
2018-05-17,-0.0038464852833128838,-0.0038265236305322576
2018-05-18,-0.005168300744525345,-0.0050974139275636625
2018-05-21,0.005612826792910974,0.005565392122981389
2018-05-22,-0.0013061333999826452,-0.0012945399544257742
2018-05-23,0.008443375719823232,0.008382194233312882
2018-05-24,-0.0002945755685416218,-0.00024237457057657298
2018-05-25,0.0010023265510892276,0.000998059411504437
2018-05-29,-0.004418922707956852,-0.004341879094151
2018-05-30,0.0071608308768527085,0.007089646462873802
2018-05-31,-0.0006459522000700213,-0.0006479244018714067
2018-06-01,0.015699348010230096,0.015505349085034108
2018-06-04,0.009030769278137063,0.008916443066373847
2018-06-05,0.003097936958370795,0.0030793786836552654
2018-06-06,0.005833934276273656,0.005739189447657089
2018-06-07,-0.008131554135386576,-0.00802824575725569
2018-06-08,5.737599821831196e-05,5.839091080070913e-05
2018-06-11,0.0026943957011875685,0.0026658834631576524
2018-06-12,0.005259965799476518,0.00520804060901933
2018-06-13,-5.682763432579563e-05,-4.883149763193585e-05
2018-06-14,0.010123855592264475,0.010057242782250932
2018-06-15,-0.0034910080696466395,-0.0035064102197635834
2018-06-18,-0.0005777665083720462,-0.0005791119833088335
2018-06-19,-0.002832828977427315,-0.0027936003686771594
2018-06-20,0.0071021461249689555,0.007004032104331191
2018-06-21,-0.008687898276263928,-0.008597937847989665
2018-06-22,-0.002219999126597094,-0.0021819021876686574
2018-06-25,-0.022529986300405813,-0.022295392586931202
2018-06-26,0.0040847382217104045,0.004026545230914026
2018-06-27,-0.013598878117636048,-0.013463337253154867
2018-06-28,0.008601917200188103,0.008507131800305965
2018-06-29,0.0026865985486745902,0.0026716096855490955
2018-07-02,0.0066999500321156535,0.006603388446997023
2018-07-03,-0.01157394029291059,-0.011414073426099784
2018-07-05,0.012412047877702115,0.01230922313731151
2018-07-06,0.015556464258572378,0.015408641739924397
2018-07-09,0.008997053249089726,0.008875313335748794
2018-07-10,0.0007336980533028115,0.0007303771634260612
2018-07-11,-0.005075347891545845,-0.005050475674741403
2018-07-12,0.01723155974922652,0.01707458980789047
2018-07-13,0.0008355357966538524,0.0008169626442399347
2018-07-16,-0.0023937572440676513,-0.002373624456807782
2018-07-17,0.006083162631736583,0.005977604428217356
2018-07-18,-0.001886226635790078,-0.0018781029746787977
2018-07-19,-0.005001816351759336,-0.004944550139671641
2018-07-20,-0.00022339853500163986,-0.00022228484691772662
2018-07-23,0.0031844319846838776,0.0031087830814324853
2018-07-24,0.00412125558362364,0.004089540586842548
2018-07-25,0.013976842400446943,0.01385798833842872
2018-07-26,-0.015151588337307342,-0.01501845662437247
2018-07-27,-0.01349651618662584,-0.013361381760629933
2018-07-30,-0.014131146637264447,-0.014004479789279418
2018-07-31,0.007652255429482002,0.007599749588624896
2018-08-01,0.0037972535406431973,0.0037169892326516032
2018-08-02,0.01360674271757567,0.013457209663183842
2018-08-03,0.0030634204227035777,0.0030665396986221884
2018-08-06,0.005885943965014517,0.005811114416651994
2018-08-07,0.0036436274103139876,0.003604376381387328
2018-08-08,0.0012102803886167024,0.0012030521043348982
2018-08-09,-0.0006040558539964769,-0.0005834304520558944
2018-08-10,-0.007641229558888019,-0.007560384134862596
2018-08-13,-0.001107773017370084,-0.0011462809145141842
2018-08-14,0.006266593285108479,0.006204821833206042
2018-08-15,-0.012234804757972895,-0.012151656115415308
2018-08-16,0.003291697326159859,0.0032663588565404887
2018-08-17,0.0002225063775207481,0.0002557199349023244
2018-08-20,-0.0008896489796667018,-0.0008556921131692263
2018-08-21,0.0036727347291962698,0.003636485337348509
2018-08-22,0.003881491396417802,0.0038473058137209
2018-08-23,-0.0014362086506176652,-0.0014494565167360756
2018-08-24,0.00929177067506659,0.009264589628634669
2018-08-27,0.010192999792479673,0.0100888872704769
2018-08-28,0.00146465577293875,0.0014148062705274444
2018-08-29,0.011537820624937689,0.011446502215579465
2018-08-30,-0.0017669655256835615,-0.001762104451740877
2018-08-31,0.001287410994601057,0.0012633128196544543
2018-09-04,-0.004286081718058887,-0.004262273301760743
2018-09-05,-0.012913853047343937,-0.012766014855164499
2018-09-06,-0.008939709321757583,-0.008829084538183915
2018-09-07,-0.0038501821852844342,-0.003850978737454319
2018-09-10,0.0033681671894445486,0.0033450163360632663
2018-09-11,0.00770426616338038,0.007619779021934071
2018-09-12,-0.002948827255755959,-0.0028923317165116076
2018-09-13,0.010680134159362309,0.010571059592379512
2018-09-14,-0.002926382338164113,-0.002927400736029957
2018-09-17,-0.014402764822629477,-0.014242333229863362
2018-09-18,0.008271480873716985,0.008168197123218103
2018-09-19,-0.0007656458848879222,-0.0007764543594192758
2018-09-20,0.01105645707608316,0.01096792458278503
2018-09-21,-0.00546742664719202,-0.00543333383645903
2018-09-24,0.002780991581868175,0.0027409162166215383
2018-09-25,0.0013594471291336063,0.0013397598991197377
2018-09-26,0.0007056951723043436,0.0006780794723308596
2018-09-27,0.008466110162757667,0.00836615237740751
2018-09-28,-0.00021552714862849154,-0.00018111334074083688
2018-10-01,0.002045490776596326,0.002001680815859934
2018-10-02,-0.002255846226459468,-0.0021702375567489674
2018-10-03,0.0010766330083156195,0.0010186689576255313
2018-10-04,-0.019198670196403533,-0.01901410145238495
2018-10-05,-0.012227268792527446,-0.012089932944370258
2018-10-08,-0.006105997425498666,-0.00608408649266998
2018-10-09,0.0032393197510098837,0.0032349555809194777
2018-10-10,-0.04397947212383857,-0.043542286762883145
2018-10-11,-0.012403012658017132,-0.012192974932019292
2018-10-12,0.02783023766723991,0.027533633902264258
2018-10-15,-0.012104172023811866,-0.01195764951952757
2018-10-16,0.029092388001129788,0.028815647458384445
2018-10-17,0.00039493170653592813,0.00037129107402666906
2018-10-18,-0.02318265951592202,-0.022940909152162094
2018-10-19,-0.000923601241284211,-0.0009015839691341677
2018-10-22,0.005143971834944638,0.005076076135464506
2018-10-23,-0.0036800020198111127,-0.00362307542983892
2018-10-24,-0.045766920796278976,-0.045267257121795794
2018-10-25,0.03459525824790677,0.0342249339745647
2018-10-26,-0.02572168016639509,-0.025467430639733852
2018-10-29,-0.020580996563135834,-0.020376368935067706
2018-10-30,0.01647981291139944,0.0162965871653254
2018-10-31,0.023505331297966503,0.023233411011524447
2018-11-01,0.013190498009243656,0.013101375800691886
2018-11-02,-0.01557586173131853,-0.010732075009416328
2018-11-05,-0.002479553969932824,-0.0009154005002582012
2018-11-06,0.007575533369235998,0.0042001290107303284
2018-11-07,0.031367552772517904,0.01943941535176944
2018-11-08,-0.006378659422746624,-0.004249595843881898
2018-11-09,-0.01685229757241058,-0.01103480954779768
2018-11-12,-0.030258580768131038,-0.01895000836804617
2018-11-13,0.0008412883630954937,0.0006542545346206359
2018-11-14,-0.0076287725423943575,-0.0037764152528783927
2018-11-15,0.017493850666691735,0.010351315505502438
2018-11-16,-0.0035102215475307785,-0.00018121984014559978
2018-11-19,-0.03247735866164836,-0.018875963551626018
2018-11-20,-0.01789481137799198,-0.011004340328135525
2018-11-21,0.007602543814447138,0.0043610849352330415
2018-11-23,-0.0072331763716506625,-0.004626616880202389
2018-11-26,0.023114036946380923,0.014035919743868487
2018-11-27,0.0033767931470110035,0.0014500511344849578
2018-11-28,0.0321825992230218,0.019794119474576516
2018-11-29,-0.0032598324852800564,-0.001368368297049449
2018-11-30,0.007255171903397084,0.004960211233922441
2018-12-03,0.017476662850020253,0.012294186721883255
2018-12-04,-0.038356857947026035,-0.033365327729391256
2018-12-06,0.007060013646257746,0.006247226339479339
2018-12-07,-0.03301544425067693,-0.028561004465096972
2018-12-10,0.010472155192296162,0.009161991932907943
2018-12-11,0.0033114421516937664,0.0029144678033017958
2018-12-12,0.008801465143847498,0.007691603839116295
2018-12-13,0.0003026724027188621,0.00026231253201570233
2018-12-14,-0.024348582423487253,-0.021523536708042634
2018-12-17,-0.022659641913875594,-0.01993564412194496
2018-12-18,0.006288422034724572,0.0056230211933174755
2018-12-19,-0.024555004034600536,-0.02153398612269644
2018-12-20,-0.014495842506874523,-0.01215416213388318
2018-12-21,-0.030993250861072408,-0.027483015708354392
2018-12-24,-0.024798210174066138,-0.021773263368866643
2018-12-26,0.062439499522145114,0.054782637220479886
2018-12-27,0.003869840121388135,0.0037661426427846798
2018-12-28,-0.0005228234300544976,-6.172945811548112e-05
2018-12-31,0.008432965866295827,0.007572978965379262
2019-01-02,0.004019037853135288,0.003447075884274836
2019-01-03,-0.03266994814854407,-0.0174869619902783
2019-01-04,0.04278445358025751,0.024055919575120766
2019-01-07,0.01190548526295232,0.00689677273760292
2019-01-08,0.009045597063376931,0.005323396454372913
2019-01-09,0.008149415875948973,0.005270846802799957
2019-01-10,0.0028602682966956117,0.001029667977082891
2019-01-11,-0.0036580103206799164,-0.0017970074798940969
2019-01-14,-0.008837076496421958,-0.006027065770320832
2019-01-15,0.019526586904369037,0.011578980997068965
2019-01-16,-0.0001849290042714724,0.0005854248816318942
2019-01-17,0.0078841183344327,0.004747736059037143
2019-01-18,0.009900311264254835,0.004272286569228598
2019-01-22,-0.020029809758726924,-0.010926237557555384
2019-01-23,0.0012964411280462773,0.001037709352563186
2019-01-24,0.00647538965584471,0.004133828460262692
2019-01-25,0.01194882903450778,0.008388752082632903
2019-01-28,-0.012352738304393984,-0.0071614433724741895
2019-01-29,-0.009440904865840594,-0.004090870457123151
2019-01-30,0.025437553053580864,0.015969049164605873
2019-01-31,0.014968631196242699,0.010323142622016656
2019-02-01,-0.004222069087615465,-0.0032274640021470137
2019-02-04,0.012421283151822893,0.011874516642593713
2019-02-05,0.008848184379284918,0.008776927120795287
2019-02-06,-0.0029819899502672165,-0.002973338333195919
2019-02-07,-0.013429333324611492,-0.013260776714393019
2019-02-08,0.0019614865425625627,0.001964634202679893
2019-02-11,-0.0009492424548790401,-0.0009631122075615106
2019-02-12,0.01478617101459756,0.01464608219685536
2019-02-13,0.000702225059526107,0.0006727260525925358
2019-02-14,0.001228148314811106,0.0012432549584915373
2019-02-15,0.004204855716577471,0.004190466143880845
2019-02-19,0.001977534038514861,0.0020181318671409288
2019-02-20,-0.00017393111219532464,-0.00017474991864773205
2019-02-21,-0.003657827728210661,-0.0036705848846112703
2019-02-22,0.007400713113422164,0.007359262901132867
2019-02-25,0.0036436391839802518,0.003593088846629365
2019-02-26,0.001037141949361553,0.0010361493325170784
2019-02-27,-0.0006331778571168067,-0.000664161069281036
2019-02-28,-0.002303973945505744,-0.0022987134910716573
2019-03-01,0.006928621705422966,0.006786805187940467
2019-03-04,0.00017191826892148931,0.00017477517393946437
2019-03-05,0.0007453703201754092,0.000743103522215896
2019-03-06,-0.005671948246798508,-0.005614956137534222
2019-03-07,-0.012272399931147593,-0.012138590865262438
2019-03-08,-0.001516928124055572,-0.0014517099336605018
2019-03-11,0.020798418773625205,0.020576249501383266
2019-03-12,0.0054941562276134,0.005479671810476603
2019-03-13,0.007513345379934977,0.0074621089257852925
2019-03-14,-0.0016951810575925874,-0.0017310347476724407
2019-03-15,0.009280995307093365,0.009216269231812391
2019-03-18,0.002381462283042257,0.002359058071315611
2019-03-19,0.003362527082298339,0.0033226028326863145
2019-03-20,0.003965470144723593,0.0039665054186222674
2019-03-21,0.015631773492849943,0.015476784938564301
2019-03-22,-0.021964298196766596,-0.021705747369087633
2019-03-25,-0.0019037965418239322,-0.0018536569753391735
2019-03-26,0.004657042047270243,0.004600427463214806
2019-03-27,-0.006422851742227786,-0.006370765837900323
2019-03-28,0.002304867508448716,0.0022259029328997814
2019-03-29,0.007570929940743598,0.007504818974103961
2019-04-01,0.013247110002815754,0.01307019406015908
2019-04-02,0.0037906248700583234,0.003770642674380884
2019-04-03,0.0057459594343840514,0.005668723699036428
2019-04-04,-0.000380794453271327,-0.00036638414970769967
2019-04-05,0.005171381968914757,0.0051281599572904
2019-04-08,0.0025449603178162583,0.0025241093572092917
2019-04-09,-0.0035109884048355466,-0.003454204197261238
2019-04-10,0.005366494263062238,0.005324564769636452
2019-04-11,-0.0023724918922949367,-0.0023931697795424502
2019-04-12,0.004323731077199744,0.004268811131011962
2019-04-15,0.0001614708559920519,0.0001582439508736899
2019-04-16,0.0034435546624536073,0.0033589701714527667
2019-04-17,0.0034851109340596764,0.0034421984171980765
2019-04-18,0.0012824001003952645,0.001281256696407322
2019-04-22,0.002828307902413618,0.002789086501205857
2019-04-23,0.012718145066799913,0.01258834801354484
2019-04-24,-0.0031525568440823326,-0.003089981010127057
2019-04-25,0.004058562161111112,0.004023683846954222
2019-04-26,0.0008924971031687434,0.0009098259730707443
2019-04-29,0.0019407911030768776,0.0018921687630104056
2019-04-30,-0.007747625852240758,-0.007634155369216351
2019-05-01,-0.00321855406094107,-0.0032130081412555895
2019-05-02,-0.00434018989851348,-0.004317195190932532
2019-05-03,0.01594806619499134,0.015816053524305353
2019-05-06,-0.0061219605865147075,-0.006055942982658045
2019-05-07,-0.019479613636373294,-0.019264564496253207
2019-05-08,-0.00252371183308131,-0.0025271679061196067
2019-05-09,-0.005383240064612438,-0.0053126291720275
2019-05-10,0.0012447860876629857,0.0012547744333295766
2019-05-13,-0.03470280709960938,-0.03429964483211029
2019-05-14,0.010975661827760996,0.010849643957740046
2019-05-15,0.014123997011296074,0.013985053411592693
2019-05-16,0.010049840573574498,0.009928916754736467
2019-05-17,-0.010219928986839877,-0.010137230530862197
2019-05-20,-0.016881604180828402,-0.01671408499841613
2019-05-21,0.010447441398929502,0.010333857418290819
2019-05-22,-0.004454742563156033,-0.004393256854930852
2019-05-23,-0.015302128540184201,-0.015096937940473254
2019-05-24,-0.0005050119048551904,-0.0004973211593298171
2019-05-28,-0.003760805870068551,-0.003742579758878936
2019-05-29,-0.008225609317188631,-0.008149201872051131
2019-05-30,0.004203962218475521,0.004197439108523289
2019-05-31,-0.01595321019789908,-0.015719147453273845
2019-06-03,-0.022017826321564238,-0.021730271892849977
2019-06-04,0.028156534695845892,0.02786511196347707
2019-06-05,0.007432271226027076,0.007379138223950416
2019-06-06,0.007945241889833587,0.007886342180813249
2019-06-07,0.019311879999686754,0.019143063497126758
2019-06-10,0.011654886364217631,0.011488256452045348
2019-06-11,0.0013650191035452508,0.0013375657353429334
2019-06-12,-0.005779593157213991,-0.005687921805962385
2019-06-13,0.0059230736188014,0.005891521244712064
2019-06-14,-0.004252707798622302,-0.004195500850101774
2019-06-17,0.006022959881682999,0.005959831880852396
2019-06-18,0.01453133169148102,0.014405792856787414
2019-06-19,0.00375507465670899,0.00375262569289908
2019-06-20,0.009299367401676362,0.009303532754978833
2019-06-21,-0.0014823698593267043,-0.0014538212725577
2019-06-24,3.172340038148924e-05,9.563412300813299e-05
2019-06-25,-0.017166467788110706,-0.016988497226042756
2019-06-26,0.004650565500773141,0.004537588695990183
2019-06-27,0.00382132078337305,0.0037950265238127054
2019-06-28,0.0012869326368765144,0.0012825513487173144
2019-07-01,0.013494615237820584,0.013288611712591731
2019-07-02,0.0039631107665618615,0.004023066874875382
2019-07-03,0.007525761191880198,0.007477235064269087
2019-07-05,-0.0020371870195328157,-0.002078936965842579
2019-07-08,-0.007013740966910653,-0.0069609779031516794
2019-07-09,0.005007684574545479,0.00496930459553687
2019-07-10,0.009965131306943098,0.009914975105393489
2019-07-11,-0.0007268303903105178,-0.0007667575455744289
2019-07-12,0.005768661272467446,0.005727386892902238
2019-07-15,0.0032035557812071236,0.0031841194404832063
2019-07-16,-0.0051507555401812954,-0.00513746403505324
2019-07-17,-0.004918251234458659,-0.004794342006199949
2019-07-18,0.0011445849931455143,0.0011920447219667925
2019-07-19,-0.007328103208074532,-0.0073184255819897445
2019-07-22,0.007958100558514758,0.007874085182049592
2019-07-23,0.006544392784007647,0.006446043154970505
2019-07-24,0.007017981339226376,0.006971512406646276
2019-07-25,-0.009479990751042222,-0.00941711837363868
2019-07-26,0.010294768888676975,0.010203784939003866
2019-07-29,-0.003430609601994594,-0.003366559344165091
2019-07-30,-0.004316130070221247,-0.004264117857639947
2019-07-31,-0.013830351813377884,-0.013727691100721499
2019-08-01,-0.004971011594292363,-0.00479992532097402
2019-08-02,-0.014725030501095193,-0.014574206512141084
2019-08-05,-0.0353353726272545,-0.03492259674887051
2019-08-06,0.01399902752260318,0.013913986911079425
2019-08-07,0.00540211430875126,0.005401647242639468
2019-08-08,0.021763871270465085,0.021582214407276985
2019-08-09,-0.009401751820023563,-0.009324607570514785
2019-08-12,-0.011475213809723384,-0.011298530769414408
2019-08-13,0.021914645523340104,0.021672089396191866
2019-08-14,-0.029884462741070705,-0.029536146685330722
2019-08-15,-0.0011490114477789026,-0.0010819856494710815
2019-08-16,0.016050343666008215,0.015860859546304246
2019-08-19,0.01590441202329762,0.015689204994307933
2019-08-20,-0.0077483495676388126,-0.0076320898901550615
2019-08-21,0.008878872886090239,0.008771733993362518
2019-08-22,-0.003234118920942275,-0.0032143340323086116
2019-08-23,-0.03164527761017433,-0.03124689196701004
2019-08-26,0.015103820846407379,0.01496109912995547
2019-08-27,-0.0021104145103453265,-0.002032892096282262
2019-08-28,0.0035789376300849884,0.003534800811191788
2019-08-29,0.015289686214272624,0.015112762626695187
2019-08-30,-0.002394500120378229,-0.0023837540563884665
2019-09-03,-0.009708224315672087,-0.00953539167215828
2019-09-04,0.014435669096754644,0.013042857044481083
2019-09-05,0.01831916396769473,0.015056633792626407
2019-09-06,-0.000990809572936513,-0.0011183845734973104
2019-09-09,-0.0020880142933425994,-0.0023862709466339078
2019-09-10,-0.0028764545655806106,-0.0031419458108351934
2019-09-11,0.009389159038857287,0.008690159225583536
2019-09-12,0.0041574693414221375,0.0036900430650358886
2019-09-13,-0.0035709731634444575,-0.0038886561524489015
2019-09-16,-0.004466507066707148,-0.003453403517007582
2019-09-17,0.004799688568237093,0.004521846826465731
2019-09-18,-0.0004154460304347518,-0.00048318025599430387
2019-09-19,0.0016620614041253923,0.0017671415164255124
2019-09-20,-0.01057850371960245,-0.008732429098022543
2019-09-23,0.0004408883437387878,0.0006088754074394167
2019-09-24,-0.013280609036578017,-0.011349151362552207
2019-09-25,0.011225300384389847,0.009080114534918365
2019-09-26,-0.003682848026823393,-0.0031164758685479172
2019-09-27,-0.012408800512866192,-0.011254721505606202
2019-09-30,0.009516982538964713,0.00796462383927839
2019-10-01,-0.00815627855732659,-0.007068964414101569
2019-10-02,-0.017194424821860843,-0.017087789891052974
2019-10-03,0.010975449244054802,0.010900130206444274
2019-10-04,0.014725398428752534,0.014603151791351745
2019-10-07,-0.003018746837398001,-0.0030359901228673705
2019-10-08,-0.014980873281418061,-0.014804460064521801
2019-10-09,0.009761621417236688,0.00966281096780852
2019-10-10,0.0077447303484372565,0.007613171548748892
2019-10-11,0.012878477714741488,0.012708228975829124
2019-10-14,-0.00010473077199302239,-8.7324225134346e-05
2019-10-15,0.012716811249045223,0.012549162292624502
2019-10-16,-0.0024804298208285225,-0.00243387259716845
2019-10-17,0.002641876285687239,0.0026196819692297624
2019-10-18,-0.00960970508872816,-0.009515212037345167
2019-10-21,0.008868299655161005,0.008755495454897172
2019-10-22,-0.007963033192599944,-0.0078580772861685
2019-10-23,0.001928472235578349,0.0019245749563002704
2019-10-24,0.00972842375489158,0.009656934131620115
2019-10-25,0.00798595697280624,0.007895894509352946
2019-10-28,0.009865034364902714,0.009706989910224341
2019-10-29,-0.007744066703789576,-0.007676084348978338
2019-10-30,0.004846123210496378,0.004853504086487068
2019-10-31,0.0004566562795489393,0.0005124572568735108
2019-11-01,0.009082771975643444,0.008984793363182548
2019-11-04,0.006184899837555102,0.006083689398848533
2019-11-05,0.000549743097009836,0.00045845365946499357
2019-11-06,-0.0022479081171744575,-0.0021948159756321885
2019-11-07,0.0033544099559623675,0.0032245888863158306
2019-11-08,0.003991260123152651,0.0039208868756265645
2019-11-11,-0.0013418136461789132,-0.0013460939786580047
2019-11-12,0.0028861907478590076,0.0028796886034383002
2019-11-13,0.00024811932139323645,0.0002827065267023065
2019-11-14,-0.0007936587983874421,-0.0007512645613088711
2019-11-15,0.007347411620529876,0.007267591061770798
2019-11-18,0.0007886523618176877,0.0007989061134339524
2019-11-19,0.0014771081098849947,0.0014718584935063915
2019-11-20,-0.005998759943841581,-0.0059167646086539525
2019-11-21,-0.002226020965714226,-0.0022365172424403637
2019-11-22,0.0006444566568128973,0.0006356993954618995
2019-11-25,0.011841377346961446,0.011706501443637057
2019-11-26,0.00190982466476175,0.0019208881602640132
2019-11-27,0.006989057354995332,0.006899904853433708
2019-11-29,-0.004562117586204728,-0.004503031980201572
2019-12-02,-0.010238889081768732,-0.010162696999312631
2019-12-03,-0.007832788457308615,-0.007685683430492235
2019-12-04,0.005064491545023531,0.004999512944789233
2019-12-05,0.001975913473540869,0.001956438190185516
2019-12-06,0.010698700951204065,0.010543207156389007
2019-12-09,-0.004536599453240142,-0.0044885159916492065
2019-12-10,-0.0008330534306613124,-0.0008172579824620317
2019-12-11,0.005296738169550785,0.005285761135671343
2019-12-12,0.007464041000390553,0.007346429516667833
2019-12-13,0.0032926117652409825,0.0033013936263484684
2019-12-16,0.010039390106245438,0.009938851960446141
2019-12-17,0.000573475102918275,0.0005635518798514012
2019-12-18,0.0007640182090495884,0.0007489729478337569
2019-12-19,0.006251509473018668,0.006199586441478724
2019-12-20,0.00403136559580064,0.003997646666013636
2019-12-23,0.0026410457937544596,0.002622981978107372
2019-12-24,0.0005195738578396281,0.0005525503400193338
2019-12-26,0.008823830573145619,0.008770674578691389
2019-12-27,-0.0008417242556607585,-0.0008315682517723264
2019-12-30,-0.006554032048943892,-0.006481550309279204
2019-12-31,0.0018850305406730161,0.0018577882544213251
2020-01-02,0.016697097794175386,0.01656239611077774
2020-01-03,-0.009159942284719946,-0.008995292583192831
2020-01-06,0.006443046813857434,0.006406048883001493
2020-01-07,-0.00013912320172715376,-0.00013247454188285585
2020-01-08,0.007516566385179946,0.0074062569067626805
2020-01-09,0.008473279701523229,0.008378602554036689
2020-01-10,-0.0025571347236816866,-0.0024919633216824717
2020-01-13,0.01153671576356885,0.011394703054938681
2020-01-14,-0.00393729849983937,-0.003892006260418182
2020-01-15,0.0004085094714101345,0.00045249376386249793
2020-01-16,0.009583741742037688,0.009483218950995015
2020-01-17,0.004948794216532049,0.00490241055025436
2020-01-21,-0.00044760397405296803,-0.0004154428032013805
2020-01-22,0.002642457779046703,0.0026244195127800092
2020-01-23,0.0032160059701089594,0.0032130594439384774
2020-01-24,-0.00841532365506048,-0.008297655492782326
2020-01-27,-0.020655428923089025,-0.020401960011279356
2020-01-28,0.015359702063356684,0.0151660776544069
2020-01-29,0.001625575511429167,0.001643398583074579
2020-01-30,0.0035618010683611256,0.0035380374653101094
2020-01-31,-0.015858177736047918,-0.01566715025191892
2020-02-03,0.015109580417855595,0.014935433088692301
2020-02-04,0.022888326844340945,0.02258279121385751
2020-02-05,0.0032972274456779527,0.0032575220173265778
2020-02-06,0.00863200395757735,0.008574342809521802
2020-02-07,-0.004300652341865829,-0.004235111841572086
2020-02-10,0.012085691333838078,0.01197934118700419
2020-02-11,0.00017219288510905706,0.00015533690466426752
2020-02-12,0.009741228402587288,0.009635040060584939
2020-02-13,-0.0012807973228236014,-0.001227281062856504
2020-02-14,0.0028635737352196156,0.0028621615003727122
2020-02-18,0.00038363339767988336,0.00044284034118560907
2020-02-19,0.00958546882127198,0.00949922481285443
2020-02-20,-0.009283434812996538,-0.009159391264485705
2020-02-21,-0.019209387180956772,-0.01895225014993654
2020-02-24,-0.038563692209088396,-0.03813656788263999
2020-02-25,-0.027191508144057908,-0.026996648103582942
2020-02-26,0.005153643716256484,0.005100641349281753
2020-02-27,-0.05007366282777226,-0.04960299867987832
2020-02-28,0.0007781175609122837,0.0006471115589575359
2020-03-02,0.051603189318994325,0.05115474572174969
2020-03-03,-0.0320671723460777,-0.016010300747251228
2020-03-04,0.041722237447991306,0.028110294141708604
2020-03-05,-0.030382122124922417,-0.01547978826933152
2020-03-06,-0.01687220648455512,-0.007907337034150355
2020-03-09,-0.06946434895829756,-0.04372880070362307
2020-03-10,0.05445027052566265,0.02871047496925797
2020-03-11,-0.04355472293107865,-0.031734526851385746
2020-03-12,-0.09169128864879805,-0.06621120272294484
2020-03-13,0.08470538723718879,0.05015104104894233
2020-03-16,-0.11978771659365517,-0.07713869012807328
2020-03-17,0.07584155551516081,0.050460066607035586
2020-03-18,-0.030416169974717966,-0.026865995199050717
2020-03-19,0.006001967596331204,0.0009877172782210256
2020-03-20,-0.0391759418666392,-0.021442149306784435
2020-03-23,0.0007221463638482639,0.006498535200034952
2020-03-24,0.07743789541170454,0.057453822843181714
2020-03-25,-0.007404913098009169,-0.005252453690227799
2020-03-26,0.052660192517151705,0.03837389534383763
2020-03-27,-0.03439286667463892,-0.020935695379387765
2020-03-30,0.036373289629976435,0.024089375274399912
2020-03-31,-0.00853977260027916,-0.010832450268990969
2020-04-01,-0.04248962367436149,-0.027277380406010916
2020-04-02,0.020294961245332477,0.01628734142668271
2020-04-03,-0.014192463809220013,-0.009067847903715523
2020-04-06,0.07149461338777297,0.05041322516186335
2020-04-07,-0.00040709584895193274,-0.0018759350807635612
2020-04-08,0.02123220767130274,0.013156801022684628
2020-04-09,0.0014460534226716781,0.006201361344800092
2020-04-13,0.010803321001909838,0.0073652217770959795
2020-04-14,0.04349112863960625,0.02922863477961982
2020-04-15,-0.011469920556138713,-0.007227878172939807
2020-04-16,0.018240027720011653,0.011225006947294988
2020-04-17,0.009566402640822869,0.0036871919412140284
2020-04-20,-0.011844582004050253,-0.00704694984338802
2020-04-21,-0.03689951413193171,-0.023626502249996375
2020-04-22,0.029674353084233163,0.021226666271680527
2020-04-23,-0.002133114533869662,-0.0002424022425667407
2020-04-24,0.01577064583471266,0.009501438551655923
2020-04-27,0.008043376718128492,0.003712396079212122
2020-04-28,-0.018834585530574155,-0.011529162031037248
2020-04-29,0.03546094517294551,0.021912848254310523
2020-04-30,-0.0004108789242247557,-0.00439568140495298
2020-05-01,-0.028185134664211464,-0.016899223913867042
2020-05-04,0.01165734211153957,0.006691450976830271
2020-05-05,0.011337447360540986,0.006410585133362647
2020-05-06,0.00615621692011481,-0.0010721413484901007
2020-05-07,0.012876854480098565,0.011048319299227121
2020-05-08,0.01370471940669371,0.006289820058694624
2020-05-11,0.008938890232529584,0.00307529955512745
2020-05-12,-0.020937014174623125,-0.010215054371602285
2020-05-13,-0.012515962366285605,-0.005419245812886205
2020-05-14,0.011352217351161098,0.00896812032624311
2020-05-15,0.006491620694069278,0.0036224928708487587
2020-05-18,0.01863218997184113,0.00919622231509237
2020-05-19,-0.002506241261731823,-0.0005720433707387349
2020-05-20,0.019968115159132438,0.011655922528658989
2020-05-21,-0.010890771963570245,-0.00853918585701392
2020-05-22,0.003451845211294602,0.003749002363982615
2020-05-26,-0.0026996072285564443,-0.0042107155887929175
2020-05-27,0.00545754305148094,0.003530998867952028
2020-05-28,-0.001302634851495954,0.0008129749213321854
2020-05-29,0.014652677938458147,0.009800078017891968
2020-06-01,0.0029997662980694173,0.002792181316353163
2020-06-02,0.00670749450203334,0.0061622670290340876
2020-06-03,0.004498725006688575,0.004382240515813118
2020-06-04,-0.007013401383067497,-0.006946182738603375
2020-06-05,0.019827381994062865,0.019559822244126578
2020-06-08,0.0077599195935602605,0.007750194792773046
2020-06-09,0.007245008828942634,0.007204067811079133
2020-06-10,0.012001487428032975,0.01194744928663446
2020-06-11,-0.04954901017371105,-0.049090377510028566
2020-06-12,0.00794786431338168,0.007860739917030611
2020-06-15,0.012167189471925965,0.012042580180746007
2020-06-16,0.017172707759862904,0.016986799774912856
2020-06-17,0.0031707447654749643,0.0031464374996645916
2020-06-18,0.0027093023732351895,0.002686891513419858
2020-06-19,-0.00016388009037071605,-0.0001487274407744117
2020-06-22,0.011992471289622442,0.01190769470313796
2020-06-23,0.008511108301175518,0.00843278572365446
2020-06-24,-0.020615520149344313,-0.020410680671452467
2020-06-25,0.009519289177805534,0.009412312537291502
2020-06-26,-0.02361489024520691,-0.023357085195942415
2020-06-29,0.010906641480961543,0.010811702193112673
2020-06-30,0.019601460974286722,0.019414300723675535
2020-07-01,0.011671896448666175,0.011561236823061191
2020-07-02,0.006786779408252563,0.006731780623306388
2020-07-06,0.024584522416281063,0.024340470986152555
2020-07-07,-0.0068886052703291956,-0.006780089991876512
2020-07-08,0.013171382975184054,0.013063014998738211
2020-07-09,0.008423702679587697,0.008343870852108928
2020-07-10,0.006827266572522417,0.0067585837625911485
2020-07-13,-0.02057039113333714,-0.020352577371428836
2020-07-14,0.0070779602239603445,0.007034945667688177
2020-07-15,0.0020357662973129464,0.0020125647194196763
2020-07-16,-0.006822392718308423,-0.006771107652766504
2020-07-17,0.0011576421197576625,0.0011945220099835116
2020-07-20,0.028371128759770325,0.02809417747483316
2020-07-21,-0.010420643181,-0.010266666049010068
2020-07-22,0.003522485931429342,0.00355845479630054
2020-07-23,-0.026119879329446705,-0.0258062338349205
2020-07-24,-0.009496015548401848,-0.009380980401729248
2020-07-27,0.017843470984368448,0.017714814671300205
2020-07-28,-0.012724989387932983,-0.012539666035956925
2020-07-29,0.011525799338125475,0.011436976034925127
2020-07-30,0.005235561042238768,0.005164740507704378
2020-07-31,0.01784585192577981,0.017706026662178898
2020-08-03,0.01350649720990571,0.0133507371687363
2020-08-04,0.0037121484765361146,0.003778714828107825
2020-08-05,0.0024780320939361555,0.002459571560349331
2020-08-06,0.01324509483789904,0.013173636782698178
2020-08-07,-0.011542681856388626,-0.01147914479347446
2020-08-10,-0.0042728754188348095,-0.004248024969852967
2020-08-11,-0.018941283935656528,-0.018978461749397893
2020-08-12,0.025151687601402406,0.024885675723428348
2020-08-13,0.002280894557789015,0.002321619676319562
2020-08-14,-0.001174358718048163,-0.001190772978456913
2020-08-17,0.01161061569824251,0.011568652824730533
2020-08-18,0.009625196895508559,0.009570760627821712
2020-08-19,-0.0067273789796982175,-0.006780482494547802
2020-08-20,0.013871969334732448,0.013758730152748038
2020-08-21,0.006930148900375244,0.0068414788657789345
2020-08-24,0.006243748521213011,0.006172473571837961
2020-08-25,0.007862502294850415,0.007766254842637046
2020-08-26,0.021339366169830676,0.0211490192318914
2020-08-27,-0.0031171156785584353,-0.0031514319294821094
2020-08-28,0.005085071078613668,0.005099198784335939
2020-08-31,0.008033720467683025,0.007973867151010824
2020-09-01,0.01709147071380568,0.016931829698714727
2020-09-02,0.009469046078658616,0.009376891001183866
2020-09-03,-0.050699960072351336,-0.05023243693139232
2020-09-04,-0.013326304318803328,-0.01321536832864738
2020-09-08,-0.04806383849678364,-0.04758902046643814
2020-09-09,0.02937560047654686,0.029126708657713517
2020-09-10,-0.019936505743305744,-0.019759906233844857
2020-09-11,-0.006939967328554841,-0.006861649588640031
2020-09-14,0.017415529410359953,0.017282319395423035
2020-09-15,0.01417356523337654,0.01402651184530824
2020-09-16,-0.015946421959396773,-0.015782508567618404
2020-09-17,-0.015621918477933816,-0.015489860913331687
2020-09-18,-0.012762876864832573,-0.012652764994282951
2020-09-21,0.0023982097975439043,0.002300430232793316
2020-09-22,0.018578932693219974,0.018384753126749136
2020-09-23,-0.030534543565154948,-0.030319664604463042
2020-09-24,0.004656565655906553,0.004641190006001973
2020-09-25,0.023248508482028862,0.0230222092246658
2020-09-28,0.020768997479351237,0.020593513864032464
2020-09-29,-0.004509225045847165,-0.004429575373407972
2020-09-30,0.006848833021608103,0.006751342339492659
2020-10-01,0.015872550413844166,0.01575558645466936
2020-10-02,-0.02813114726225785,-0.022478516527224775
2020-10-05,0.0213261101610569,0.01705118572825765
2020-10-06,-0.017846899654610948,-0.014788253904351647
2020-10-07,0.017298865058794854,0.01361010999238453
2020-10-08,0.005323248650494383,0.00513207843507368
2020-10-09,0.015279999982081627,0.013450643283966019
2020-10-12,0.03087045054605908,0.02459163789935249
2020-10-13,-3.388090672706845e-05,-0.0011668966858089606
2020-10-14,-0.008352569798242393,-0.006359943208601729
2020-10-15,-0.006711090827029587,-0.005126146299296955
2020-10-16,-0.005480649165278573,-0.00449105570985528
2020-10-19,-0.01632524842218319,-0.01319272888930478
2020-10-20,0.002149436881215161,0.0018864797394451123
2020-10-21,-0.000774011855193768,-0.0001862163242923994
2020-10-22,-3.4669166789846884e-05,-0.0008286034821877819
2020-10-23,0.001970210374845127,0.001772203222505831
2020-10-26,-0.014995837200686202,-0.011685863447943166
2020-10-27,0.0078079795710175315,0.006588111347699621
2020-10-28,-0.038986350202347975,-0.03279165948039893
2020-10-29,0.01748629000953761,0.01339229138535666
2020-10-30,-0.02536288804527098,-0.020383739254772586
2020-11-02,0.0022275704335184,0.00317212349424427
2020-11-03,0.017297410850833028,0.015020957237699575
2020-11-04,0.044638687107513286,0.03821717212640849
2020-11-05,0.026071026674576725,0.023490939336791014
2020-11-06,0.0007474505369180484,0.00040833105700826953
2020-11-09,-0.020434063604050645,-0.019840897372884223
2020-11-10,-0.017914497135570584,-0.014995262706290547
2020-11-11,0.022369315205782225,0.018910423918051963
2020-11-12,-0.004693355967104296,-0.003491154608608532
2020-11-13,0.008772241026480998,0.007903436064607366
2020-11-16,0.0078023086610172765,0.006728112902330744
2020-11-17,-0.0031714653849217456,-0.00301792601392093
2020-11-18,-0.007390315152674742,-0.006801578788766836
2020-11-19,0.00782446857001573,0.006526506738689832
2020-11-20,-0.006840590216349307,-0.0054332604007370855
2020-11-23,3.5017626963451676e-05,-0.001160047602280603
2020-11-24,0.014049950133994793,0.011093904634157508
2020-11-25,0.0061463459624124805,0.005156084198128052
2020-11-27,0.009214039686022302,0.007325621867572897
2020-11-30,0.002040417157671559,0.0012044982470919455
2020-12-01,0.012816226692069277,0.011713711916206118
2020-12-02,0.0012848647161074478,0.0011532386220381888
2020-12-03,0.001415414118588254,0.0014311237539313766
2020-12-04,0.004075330303257685,0.003995050557189964
2020-12-07,0.005662335761755566,0.005673921847924161
2020-12-08,0.0033851381989840057,0.0033671639547964405
2020-12-09,-0.02264137839758229,-0.022476642681609663
2020-12-10,0.004015831075332876,0.003973872910140302
2020-12-11,-0.0022147634754026146,-0.002177262593492259
2020-12-14,0.0072554656874685985,0.007153224498918795
2020-12-15,0.010689099712975603,0.010647062226971515
2020-12-16,0.005499826171477817,0.005447515270081116
2020-12-17,0.006537466741382225,0.006512253374183467
2020-12-18,-0.003022134906737306,-0.0030127947375901028
2020-12-21,-0.001870943975072259,-0.0018662038897644124
2020-12-22,0.00271922938721314,0.002672379694841984
2020-12-23,-0.005036200809760527,-0.004978901268019639
2020-12-24,0.004412846737250398,0.00439392149573236
2020-12-28,0.010078602858499153,0.009973131273408466
2020-12-29,0.0008954093886723857,0.0008922194232578957
2020-12-30,3.202943631763766e-05,6.692185505380987e-05
2020-12-31,0.0024606481121038914,0.0024690706457704244
2021-01-04,-0.014120301622237763,-0.013925024370357824
2021-01-05,0.008244217241725416,0.008157584950509831
2021-01-06,-0.013852467566647597,-0.0137740266073476
2021-01-07,0.024192165509958397,0.023912453567423775
2021-01-08,0.012857805071340156,0.012615313983622575
2021-01-11,-0.014449853585733696,-0.014326630163724494
2021-01-12,-0.001590225337334994,-0.0015613845197703705
2021-01-13,0.0067531059134655624,0.006710128342248054
2021-01-14,-0.005347454906787563,-0.005313417112432799
2021-01-15,-0.007921011296869729,-0.007867808903031362
2021-01-19,0.0145896203071465,0.01447492807100958
2021-01-20,0.023261040700675473,0.023091644144227513
2021-01-21,0.007999471148157244,0.007901124552544395
2021-01-22,-0.002880194068326958,-0.002871070516192151
2021-01-25,0.008266553812304345,0.008222051404147638
2021-01-26,0.0014622936521169194,0.0014265079811524469
2021-01-27,-0.027876258452596114,-0.02764045824295689
2021-01-28,0.005916738761584606,0.005861697695241033
2021-01-29,-0.021038337754007208,-0.02084241978870705
2021-02-01,0.024987461325510107,0.024776061539783338
2021-02-02,0.016314255161196778,0.015264479056348462
2021-02-03,-0.003967255353214849,-0.003883938309613142
2021-02-04,0.011826707991341667,0.010914129472630759
2021-02-05,0.0033912842781724795,0.0033707490811739163
2021-02-08,0.006699618563014154,0.006546220655000332
2021-02-09,-0.00020968544518928933,-0.00014831747481947575
2021-02-10,-0.0022791416386050978,-0.0020255313861673595
2021-02-11,0.0054998088798072775,0.0050133548610091835
2021-02-12,0.005589000137709688,0.005141456781863975
2021-02-16,-0.002704344799578595,-0.002990241549253835
2021-02-17,-0.004798444296318594,-0.004694312480129205
2021-02-18,-0.0043720646251842465,-0.0041726816070100535
2021-02-19,-0.004361303256171456,-0.004246484397791354
2021-02-22,-0.025920014139020675,-0.024565491704742204
2021-02-23,-0.0029771890267095147,-0.002843087119154638
2021-02-24,0.008243143362295147,0.007717159946197512
2021-02-25,-0.03486254181403914,-0.0336484882119825
2021-02-26,0.004187522577553171,0.003712446145652791
2021-03-01,0.03008187097418702,0.028611574225769217
2021-03-02,-0.016038625338156254,-0.015401075905104145
2021-03-03,-0.029020150289009283,-0.02818745278197112
2021-03-04,-0.016366640646593544,-0.015937625782290514
2021-03-05,0.01506049104951157,0.014585743104503347
2021-03-08,-0.02831406774164158,-0.027393369224987477
2021-03-09,0.039441343013233876,0.038389725871364744
2021-03-10,-0.0028546247418750337,-0.002658445978567045
2021-03-11,0.02303135053659533,0.02213717844326885
2021-03-12,-0.008112075025925591,-0.007875162256031762
2021-03-15,0.010682795612825924,0.010408816103767236
2021-03-16,0.005488606063417167,0.005284976489249258
2021-03-17,0.0041176566022338434,0.003952566015523959
2021-03-18,-0.03063068462126095,-0.029645567337805913
2021-03-19,0.00352544280936673,0.0035023650700181856
2021-03-22,0.018752917355782994,0.01808918307817183
2021-03-23,-0.00436248699893782,-0.004196850025084491
2021-03-24,-0.01686534558982733,-0.016169296178929073
2021-03-25,-0.0017314260593149777,-0.001718697980592867
2021-03-26,0.014999899384672721,0.014488454930577124
2021-03-29,-0.0002844342534698008,-0.00043732649343667626
2021-03-30,-0.0050331781571885115,-0.00507189654390753
2021-03-31,0.015302518762840167,0.014927613766954905
2021-04-01,0.017046549780315168,0.016667919887064873
2021-04-05,0.019964908737707843,0.019740337717002423
2021-04-06,-0.0006948776005802904,-0.0006388778724234174
2021-04-07,0.002418203512238426,0.0023697006787279156
2021-04-08,0.0104337300785875,0.01037951049193928
2021-04-09,0.006058328392756218,0.00596568948145099
2021-04-12,-0.0013050975288507738,-0.0013149546409778816
2021-04-13,0.011672953815530684,0.011602665859419548
2021-04-14,-0.012008187917597057,-0.011901097638134513
2021-04-15,0.01515555358878129,0.015097707951411805
2021-04-16,0.0011711416972328692,0.0011746085840303882
2021-04-19,-0.009151981772621554,-0.009078546077429856
2021-04-20,-0.007289046299172042,-0.007184083194377719
2021-04-21,0.008561570604137536,0.008505693002675101
2021-04-22,-0.01205473376330013,-0.01195481847724591
2021-04-23,0.012589525856153694,0.012440225902862817
2021-04-26,0.0065110354995732145,0.006450056119430468
2021-04-27,-0.004332177803516024,-0.004319518720517746
2021-04-28,-0.0033809751887323714,-0.0033376569005521364
2021-04-29,0.0035987962531733864,0.0035530845627411685
2021-04-30,-0.006554393498680922,-0.0064874415046220855
2021-05-03,-0.005325557600094344,-0.00522585561211373
2021-05-04,-0.0179959527250656,-0.0178366541783404
2021-05-05,-0.0033622861142220684,-0.003326074784650337
2021-05-06,0.007537586510207195,0.007529911719069403
2021-05-07,0.008114331688496401,0.008058737681886655
2021-05-10,-0.025254581026660672,-0.024993040084026953
2021-05-11,-0.0013811082826693521,-0.0013880785108446557
2021-05-12,-0.02588298915442977,-0.025699689286915905
2021-05-13,0.007731372411349691,0.007691799258118528
2021-05-14,0.02207665865764996,0.021902926632295018
2021-05-17,-0.006066361224933203,-0.005972777941967629
2021-05-18,-0.006750669870252968,-0.006683217389795351
2021-05-19,0.0011483096701780937,0.0011350122157407776
2021-05-20,0.019343410433524832,0.019186766707653038
2021-05-21,-0.0055345114720734,-0.005464843708173007
2021-05-24,0.016818878086115818,0.01665790211505468
2021-05-25,0.0013832741046915231,0.0014024379545930007
2021-05-26,0.0034837585335540933,0.0034406917309202077
2021-05-27,-0.0037409474894380956,-0.0037139417764378837
2021-05-28,0.0031541615243309007,0.003135319416280113
2021-06-01,-0.0033239367094932692,-0.0033033998455336343
2021-06-02,0.0019529417285382156,0.001958571832085603
2021-06-03,-0.010405866853553492,-0.01037169837506091
2021-06-04,0.01696986892102137,0.016858903553478452
2021-06-07,0.0029797239188074087,0.0029608447257678657
2021-06-08,0.000475410529075182,0.0004610422397835202
2021-06-09,0.0002376390532210504,0.00025161418867281554
2021-06-10,0.010420361370378162,0.010346296783450304
2021-06-11,0.002614853913062376,0.0025502800078468493
2021-06-14,0.009582720050057336,0.009456530292058557
2021-06-15,-0.006530984412275842,-0.006478244806258588
2021-06-16,-0.0036521769846104,-0.0036898586839224
2021-06-17,0.012697503566684976,0.01249049513625049
2021-06-18,-0.007847444411787086,-0.007786010405920676
2021-06-21,0.0062149987104913595,0.0061830105557620085
2021-06-22,0.00932153251181278,0.00921150277824781
2021-06-23,0.0004891854017452513,0.0004667075569888833
2021-06-24,0.006182768764994018,0.006119733390401169
2021-06-25,-0.0012287397112983323,-0.0012098836090391506
2021-06-28,0.01216159988825738,0.012061375608278921
2021-06-29,0.003618759407015615,0.003532772563418055
2021-06-30,-0.0015774598981788124,-0.0015381095577205605
2021-07-01,0.0003948106094779913,0.00041267850756455927
2021-07-02,0.01147886729972214,0.011398066273216389
2021-07-06,0.004321835065437485,0.004318486322084653
2021-07-07,0.002109931554614919,0.0021209269782755885
2021-07-08,-0.006039690665041952,-0.005976935341680494
2021-07-09,0.006243798338296136,0.006171701819046728
2021-07-12,0.0039058478227040894,0.003865044271331432
2021-07-13,0.0,-1.395243063024282e-05
2021-07-14,0.0017933560017844297,0.0018362931918318858
2021-07-15,-0.007023565241972118,-0.006924089354690692
2021-07-16,-0.008099159050014126,-0.008044117227494567
2021-07-19,-0.008193781976493675,-0.008093202485350545
2021-07-20,0.011616424286817306,0.011487050793308966
2021-07-21,0.007720415590906526,0.007600019029157177
2021-07-22,0.006610299020713972,0.006567491004183345
2021-07-23,0.011677408585382798,0.011550750485990786
2021-07-26,0.0007874200003987752,0.0007697185382153979
2021-07-27,-0.011017766500441173,-0.01086869176550748
2021-07-28,0.0038415819644963545,0.0038109481386932893
2021-07-29,0.0017769839955774636,0.0017936802847181733
2021-07-30,-0.005211923706071708,-0.00518873580499192
2021-08-02,8.245866202449825e-05,9.970497405410478e-05
2021-08-03,0.006061246899666584,0.006003093167658469
2021-08-04,0.0014450160919052824,0.0014341841451727692
2021-08-05,0.006342784463197582,0.0062664178241799645
2021-08-06,-0.004382235160342751,-0.0044481895740157654
2021-08-09,0.0018476027217164681,0.0017597567597376909
2021-08-10,-0.005125711870286431,-0.005078653710908885
2021-08-11,-0.0017174876779167958,-0.0016440721485700021
2021-08-12,0.0036046344784972373,0.0035682067690429886
2021-08-13,0.0035099787642181024,0.0035563627579044002
2021-08-16,0.00043363182269673395,0.0004547053027807118
2021-08-17,-0.008807961186134028,-0.008725049485986265
2021-08-18,-0.009624543165341781,-0.009524201215920219
2021-08-19,0.0048312999476891605,0.00478766255971229
2021-08-20,0.01035847644734278,0.010269372018102706
2021-08-23,0.014956412937348729,0.014834413432299342
2021-08-24,0.0030544058834807153,0.0030046592641813376
2021-08-25,0.0011487285071198894,0.001103220751127777
2021-08-26,-0.006350022439024272,-0.006280297685061677
2021-08-27,0.009719988310674443,0.009682950064693613
2021-08-30,0.01122227942042886,0.01109925601111666
2021-08-31,-0.0008151235731072015,-0.0008116765717703461
2021-09-01,0.001657812749779497,0.0016589047935321123
2021-09-02,-0.00047269978988029315,-0.00046160642666411076
2021-09-03,0.0030757790009485753,0.0030598180915742046
2021-09-07,0.0014150788678999326,0.0013056786453658296
2021-09-08,-0.0034807291325610334,-0.0034270039480227494
2021-09-09,-0.0034401996305324367,-0.0033786970300996575
2021-09-10,-0.007589544266779602,-0.00755474530747804
2021-09-13,-0.0006904679516898105,-0.0006659371240104632
2021-09-14,-0.0028431606595180625,-0.0027767689416313053
2021-09-15,0.007434864179228118,0.007332548389139713
2021-09-16,0.0006876350296882716,0.0005870478965521168
2021-09-17,-0.011842020282629706,-0.011751904496665704
2021-09-20,-0.02066332182797037,-0.020414288810778128
2021-09-21,0.00123040404424124,0.0012355226887894395
2021-09-22,0.009340608717162802,0.009241037387228717
2021-09-23,0.009226886505163234,0.009056297747517008
2021-09-24,0.0009381617503361195,0.0009105051196766494
2021-09-27,-0.007982129372749336,-0.007912274305996626
2021-09-28,-0.02829739806972964,-0.028086087450214917
2021-09-29,-0.001639534282599442,-0.00162083653959072
2021-09-30,-0.0036738529242738016,-0.003585577574506365
2021-10-01,0.006201679766800083,0.006160666707593102
2021-10-04,-0.020989500017536855,-0.020753799055373057
2021-10-05,0.013498812009452799,0.013331702956868759
2021-10-06,0.006407832627528531,0.006377098837545873
2021-10-07,0.00917519726547611,0.009042626651157286
2021-10-08,-0.004986757508435469,-0.0049526495987395865
2021-10-11,-0.007669695024601908,-0.007616674267798872
2021-10-12,-0.0034876177433484923,-0.003403574613198128
2021-10-13,0.008007651010914607,0.008015429576475788
2021-10-14,0.018416989440907194,0.01825948536280296
2021-10-15,0.006300651655151146,0.006171194334293946
2021-10-18,0.010055877622347387,0.009942964930443741
2021-10-19,0.007567233413897201,0.007494942736803052
2021-10-20,-0.0013050508730048094,-0.0012551599257272768
2021-10-21,0.006107075105113324,0.006041127240586708
2021-10-22,-0.008402476991164476,-0.008276232953714779
2021-10-25,0.010237917195524027,0.01015396913395095
2021-10-26,0.003148719547130474,0.003107677047293377
2021-10-27,0.0023211729149243965,0.002327797231950455
2021-10-28,0.011105098986626594,0.010996427412976037
2021-10-29,0.004919178788405976,0.004838967914692999
2021-11-01,0.0034187269344303495,0.003394862375493033
2021-11-02,0.0041814225819925,0.004139099398697435
2021-11-03,0.010615543779050718,0.010461370150260062
2021-11-04,0.01281866001153209,0.012737448264509992
2021-11-05,0.0009542640293049853,0.0010238298632846308
2021-11-08,-0.0013549325051974703,-0.0013444582175118256
2021-11-09,-0.006883122406817432,-0.006773356950092745
2021-11-10,-0.01469706151738559,-0.014530257873744984
2021-11-11,0.002772540774194532,0.0027557781105035854
2021-11-12,0.01052270541352307,0.010415226284796367
2021-11-15,-0.00022815953408916734,-0.00023644027150042878
2021-11-16,0.007121125357770763,0.007017227074539197
2021-11-17,0.0005283597595775458,0.0005676652501728881
2021-11-18,0.010361441842793084,0.010246882398206118
2021-11-19,0.005575512217867118,0.005515574568120856
2021-11-22,-0.011609119197065976,-0.011585183258678598
2021-11-23,-0.004558056596906335,-0.00456108886673975
2021-11-24,0.003220335139041186,0.0032091350590185874
2021-11-26,-0.0189589243787186,-0.018754699167810744
2021-11-29,0.021702715679992268,0.021486836902036476
2021-11-30,-0.014686396063645857,-0.014573203466223606
2021-12-01,-0.017012855731586396,-0.01681458402238734
2021-12-02,0.007207055308192656,0.0071289183570694276
2021-12-03,-0.01738864380157512,-0.01715708441323811
2021-12-06,0.008012757447674934,0.007916994266319545
2021-12-07,0.03011396599249827,0.029821608624162912
2021-12-08,0.004474468464126025,0.004404250070415174
2021-12-09,-0.01471448943220055,-0.014582336996632599
2021-12-10,0.010870460978458452,0.010779507053721231
2021-12-13,-0.014446837369953669,-0.014258618616729713
2021-12-14,-0.010350102405603523,-0.010287059094222391
2021-12-15,0.022797130733004822,0.022583573914813807
2021-12-16,-0.025714717882571403,-0.02541093953509951
2021-12-17,-0.00498882183986693,-0.004942687919730383
2021-12-20,-0.009700432337129361,-0.009629523242338475
2021-12-21,0.022380223255914267,0.022148833275100577
2021-12-22,0.012178551589099085,0.012100959353521054
2021-12-23,0.00753923284536917,0.007458837259115546
2021-12-27,0.016527135243348035,0.016377934391484557
2021-12-28,-0.004634769424259444,-0.00460002309053129
2021-12-29,-0.00014927254824737002,-0.0001598100478464594
2021-12-30,-0.002988396643174518,-0.002917368183408763
2021-12-31,-0.006244591822054946,-0.006151400972915807
2022-01-03,0.009626619293432448,0.009425319557207082
2022-01-04,-0.012970313059290528,-0.012554921916974316
2022-01-05,-0.03072096821085535,-0.029872925204312777
2022-01-06,-0.0007026949100823465,-0.0008240855952838337
2022-01-07,-0.010833015966907666,-0.01047716938078258
2022-01-10,0.000658366176593761,0.0006594979644367287
2022-01-11,0.015021951045453008,0.01470992188537017
2022-01-12,0.003965442997910129,0.003862953687212292
2022-01-13,-0.02501603155698995,-0.02425243024408306
2022-01-14,0.006222548800592476,0.005918953022292247
2022-01-18,-0.024894194904425015,-0.024271648216966743
2022-01-19,-0.010983669982624455,-0.010448267470317732
2022-01-20,-0.01298850709508681,-0.012600545027182556
2022-01-21,-0.02772850755352274,-0.026899769911734397
2022-01-24,0.004577553485908048,0.004429486206783985
2022-01-25,-0.023181091287405642,-0.022517592282794714
2022-01-26,-0.0015645790644568391,-0.001762443102213068
2022-01-27,-0.010070530953107837,-0.009790108756532785
2022-01-28,0.031368913174292024,0.030444414799121484
2022-01-31,0.03197828343804465,0.031127909178584635
2022-02-01,0.006803473490367029,0.006562579557565653
2022-02-02,0.008125545845637294,0.006750435493458504
2022-02-03,-0.04054400338356601,-0.03143655657794134
2022-02-04,0.012615082358133911,0.008991831525269766
2022-02-07,-0.008044686001556833,-0.005517783167449931
2022-02-08,0.011235599728211643,0.008550834355131138
2022-02-09,0.021190746947172157,0.016697797828314504
2022-02-10,-0.02263267541029612,-0.018796125346429483
2022-02-11,-0.03172163382336135,-0.02211182274666824
2022-02-14,0.001239062726851925,0.0006936210860326679
2022-02-15,0.024863976042489133,0.017716553971576343
2022-02-16,-0.00025272356120409345,0.0009570888724394641
2022-02-17,-0.029743804460692136,-0.02134905335697377
2022-02-18,-0.011405500241595368,-0.008475027320430054
2022-02-22,-0.010043739443110655,-0.007409009583341563
2022-02-23,-0.025615051389607624,-0.020120791645456233
2022-02-24,0.033604570582727256,0.025390724928960412
2022-02-25,0.015506868534256979,0.012340044468235372
2022-02-28,0.00297902056428323,0.003974674797562957
2022-03-01,-0.015311652356764127,-0.009942484559511506
2022-03-02,0.016779804963222844,0.008726855245556463
2022-03-03,-0.014285205754871022,-0.007852381626962878
2022-03-04,-0.014491863616421852,-0.0063624938916203005
2022-03-07,-0.0368811361371979,-0.023054512124058672
2022-03-08,-0.004648046604680767,-0.001012012465101976
2022-03-09,0.03599811785724549,0.02012948157648695
2022-03-10,-0.011104704644967267,-0.007557499461980697
2022-03-11,-0.02073842603689602,-0.014777922537609076
2022-03-14,-0.01920447513553858,-0.015815926215127455
2022-03-15,0.03136651719353689,0.01934943530874675
2022-03-16,0.03708679431991868,0.026010705511625744
2022-03-17,0.012106171712143121,0.008535741137640851
2022-03-18,0.02046825942083985,0.012975553079960482
2022-03-21,-0.002780510331109487,-0.0019085621870649093
2022-03-22,0.019652896414349863,0.011878656038333232
2022-03-23,-0.014371644112555981,-0.0070954435725845985
2022-03-24,0.022226948031500937,0.015823521499852496
2022-03-25,-0.0008341532572107013,-0.0011963202201430614
2022-03-28,0.015472401526987811,0.008933380657446793
2022-03-29,0.017209678441374443,0.012307086871003235
2022-03-30,-0.011045562512759455,-0.005924968846003032
2022-03-31,-0.012394842919102755,-0.008029240209911205
2022-04-01,-0.0019031292436847425,-0.0015376671401210653
2022-04-04,0.020588588268382058,0.016851442995559737
2022-04-05,-0.022204267895936436,-0.019231197133222182
2022-04-06,-0.021711268467832223,-0.017646835328877983
2022-04-07,0.0023778774555820448,0.0019249992596111292
2022-04-08,-0.013979206961482471,-0.011334051353301233
2022-04-11,-0.02365737988772465,-0.01990939166722769
2022-04-12,-0.004224281789600437,-0.0030015137670318047
2022-04-13,0.020327218138232794,0.017139360395904482
2022-04-14,-0.022867102078077406,-0.019657490795888837
2022-04-18,0.0007680455289593713,0.000613834063835514
2022-04-19,0.022350955929569594,0.017439108195314964
2022-04-20,-0.014584556977505603,-0.011024447448300924
2022-04-21,-0.020691232678916927,-0.017788869469745935
2022-04-22,-0.026185679162412545,-0.022706620786265588
2022-04-25,0.0128457067985428,0.009669842331008757
2022-04-26,-0.03774491084261811,-0.03102241086705094
2022-04-27,-0.0011981889247943966,-0.001862250114294463
2022-04-28,0.0355158823381545,0.029932431832291807
2022-04-29,-0.04499882222299112,-0.03805434664202445
2022-05-02,0.016695894801581623,0.012042577114118026
2022-05-03,0.0010677137929189229,0.0013451042061538156
2022-05-04,0.0338122847661555,0.023444060494476577
2022-05-05,-0.050364171865242446,-0.033689006025661994
2022-05-06,-0.01198080964288284,-0.007693340675478194
2022-05-09,-0.039127171971428565,-0.025995854609505865
2022-05-10,0.01214886271344362,0.0064397122310639885
2022-05-11,-0.029658140635953845,-0.015874587932156677
2022-05-12,-0.0023642811677012654,-0.003983860702877384
2022-05-13,0.037060030646675735,0.021526467056985
2022-05-16,-0.011591692898502481,-0.005892797367845087
2022-05-17,0.025901333611989097,0.01496735451827582
2022-05-18,-0.0490903384332777,-0.029536807610976507
2022-05-19,-0.005358411789526452,-0.0012170051155592097
2022-05-20,-0.003107874985742387,-0.0011304812276554598
2022-05-23,0.0166274782377156,0.010531730995328429
2022-05-24,-0.021262110455336214,-0.01034282591037402
2022-05-25,0.013994979081265901,0.00805287204623958
2022-05-26,0.027707454410693222,0.0168067508346956
2022-05-27,0.03263940709553559,0.021019021146477454
2022-05-31,-0.0026528245267412043,-0.004756626270138042
2022-06-01,-0.007395751041018639,-0.003861746177209455
2022-06-02,0.027385642296761548,0.016359792291663247
2022-06-03,-0.02601931421364434,-0.015483670200188931
2022-06-06,0.0033306797043450853,-0.0002506883195160869
2022-06-07,0.008626124771019983,0.006592626105919477
2022-06-08,-0.0071968284449016595,-0.005305784373833715
2022-06-09,-0.026784404836093123,-0.01509649643887664
2022-06-10,-0.035270816608862,-0.016547407615305227
2022-06-13,-0.04649599488360834,-0.032771551488576724
2022-06-14,0.0018151153432153233,-0.002652372132771347
2022-06-15,0.02497209298636416,0.01673585975467894
2022-06-16,-0.040346401785471886,-0.018955287140935466
2022-06-17,0.012159638023073294,0.0044912296042413265
2022-06-21,0.02522945171693758,0.011945390915942369
2022-06-22,-0.0014587879066593201,0.002607430149819178
2022-06-23,0.014893085057266386,0.008167835121678731
2022-06-24,0.03426374818327793,0.01715200492372206
2022-06-27,-0.007331750123276692,-0.0041139013042002254
2022-06-28,-0.030466737618416673,-0.015668904700902535
2022-06-29,0.0009168463483595346,0.0016226624548098573
2022-06-30,-0.012402836149313923,-0.006300313145470093
2022-07-01,0.0066004634318699296,0.005256422262579304
2022-07-05,0.017119525880552988,0.006265150200046002
2022-07-06,0.006412162097096941,0.0010009062370070793
2022-07-07,0.02139878152541308,0.012281417124554729
2022-07-08,0.0012543501259723033,1.3698386688788012e-05
2022-07-11,-0.021364366217514807,-0.012328879622348732
2022-07-12,-0.009687295889171277,-0.006106014396126222
2022-07-13,-0.0020611170476312335,2.876080053215889e-05
2022-07-14,0.0035708878383029496,-0.0004448763278482373
2022-07-15,0.018139331982780282,0.0110043386968369
2022-07-18,-0.008462686127387764,-0.006153620574473054
2022-07-19,0.030753138527526813,0.018673872444437196
2022-07-20,0.015856688479098713,0.007781934639569724
2022-07-21,0.01435502439777947,0.011742044179912346
2022-07-22,-0.017535431570439464,-0.008486270214031455
2022-07-25,-0.005695490641188017,-0.00393371878521316
2022-07-26,-0.01964926451811766,-0.011610294884437636
2022-07-27,0.042259934012146116,0.02638254318912061
2022-07-28,0.00977793451686959,0.009494565108260319
2022-07-29,0.01823710139577739,0.011505066717297768
2022-08-01,-0.0006021207858115663,0.0019132632591428013
2022-08-02,-0.0029817678795218683,-0.003400434540962287
2022-08-03,0.02723253805244341,0.02700009162894559
2022-08-04,0.004676487425711695,0.004687588810476623
2022-08-05,-0.00816894340071006,-0.008163741979925842
2022-08-08,-0.0032321503272811913,-0.003143559909671937
2022-08-09,-0.011318932235866552,-0.01119054368919898
2022-08-10,0.02791119740976078,0.027620952507676117
2022-08-11,-0.005675998159618834,-0.005665654075219925
2022-08-12,0.01947029361060193,0.019339975376301263
2022-08-15,0.008081416716931189,0.007963216571203385
2022-08-16,-0.0023419592950817414,-0.002316274273643826
2022-08-17,-0.011406007468356516,-0.011331083303675379
2022-08-18,0.002405004557249457,0.002379269070906018
2022-08-19,-0.01949740014099588,-0.0193543314600898
2022-08-22,-0.02632699195655952,-0.02610519830537957
2022-08-23,-0.0008269583856056473,-0.0008072485061236139
2022-08-24,0.002896998742020207,0.002871006949992033
2022-08-25,0.0176819163080304,0.01754415999829705
2022-08-26,-0.0409881537166461,-0.040624253972542705
2022-08-29,-0.009855648564406128,-0.009765401929203098
2022-08-30,-0.011136163360993656,-0.011064961142312682
2022-08-31,-0.005813367014630644,-0.005801998263205691
2022-09-01,0.0004341710936819343,0.0003852447925220873
2022-09-02,-0.014128094346058662,-0.012141059409206564
2022-09-06,-0.007182442015432056,-0.006992733496538583
2022-09-07,0.020201563174982562,0.01887273780788414
2022-09-08,0.005184006011301978,0.004097767326196346
2022-09-09,0.02186249470364121,0.019538657549187235
2022-09-12,0.01188550945631528,0.010628137662717065
2022-09-13,-0.0548365907897469,-0.0490328726517584
2022-09-14,0.007932840451692291,0.006975580532860532
2022-09-15,-0.016653518336573025,-0.015737255724528654
2022-09-16,-0.0061144950422059585,-0.005342380555230523
2022-09-19,0.007787148464963867,0.007088590713807452
2022-09-20,-0.007971083118452738,-0.007594889694466672
2022-09-21,-0.01790603736055074,-0.01541310340169327
2022-09-22,-0.012307730922036297,-0.011316401676169522
2022-09-23,-0.016281728143001883,-0.015110208356648917
2022-09-26,-0.004137774287492624,-0.0047759638529580335
2022-09-27,0.0004007062534676642,-0.00023201318259323387
2022-09-28,0.019892748814060557,0.019105582366532984
2022-09-29,-0.028827866439686933,-0.025904782496124955
2022-09-30,-0.01695651844441992,-0.015357467366009223
2022-10-03,0.02346002488080079,0.022257119431978827
2022-10-04,0.03144100059198607,0.024050126502279896
2022-10-05,-0.0005317504005027951,-0.0019866945719116246
2022-10-06,-0.00787289739741126,-0.006840193603255787
2022-10-07,-0.03810413370594656,-0.0290633901109926
2022-10-10,-0.009996455026538786,-0.009276721869640618
2022-10-11,-0.013737919591889414,-0.009830949818580488
2022-10-12,-0.00034274917393384285,-0.000386729078746775
2022-10-13,0.023452438210198823,0.01612244962043995
2022-10-14,-0.030057180440585363,-0.02330185830833094
2022-10-17,0.03302145149832225,0.024062721525686042
2022-10-18,0.007907827235475562,0.0064189279214838585
2022-10-19,-0.003646701698176935,-0.005140984519453423
2022-10-20,-0.0051016798834552235,-0.0051797237027447224
2022-10-21,0.023447571725752292,0.01814055701122931
2022-10-24,0.011001325041700705,0.007269849661038244
2022-10-25,0.020685669635680082,0.01670127312255636
2022-10-26,-0.022096267808830006,-0.014251971482968437
2022-10-27,-0.018206047604717224,-0.01223945168900405
2022-10-28,0.030600953368273176,0.020971498653840476
2022-10-31,-0.011627805010632097,-0.009586233814102696
2022-11-01,-0.010218134898291042,-0.005640352647274297
2022-11-02,-0.03427727887273724,-0.024915438728177683
2022-11-03,-0.019534506319925926,-0.013896356098105179
2022-11-04,0.0160851631180563,0.013861982306803553
2022-11-07,0.010994377797381105,0.0060352924789268715
2022-11-08,0.007287206920209233,0.008226996040043547
2022-11-09,-0.023076287897472958,-0.016438442203315834
2022-11-10,0.07378833697092446,0.057480414594007295
2022-11-11,0.018426497697926703,0.012925926351933882
2022-11-14,-0.008751371297386457,-0.0062597361786079575
2022-11-15,0.013838525564487503,0.010988278259343698
2022-11-16,-0.013649634745121153,-0.008360820691038346
2022-11-17,-0.0022071038077390304,-0.003322222499486573
2022-11-18,3.50726134621393e-05,-0.0003530254549925141
2022-11-21,-0.010286984746611272,-0.00733381638472273
2022-11-22,0.014402705000372329,0.010950982425603887
2022-11-23,0.010036735098934546,0.008798528295291494
2022-11-25,-0.006578516470030382,-0.004383472421864281
2022-11-28,-0.014673193985228039,-0.011175071245795263
2022-11-29,-0.007569462187758669,-0.005362963555573944
2022-11-30,0.04558560763676622,0.033896618244748426
2022-12-01,0.0012270920470953683,0.004371373437719983
2022-12-02,-0.003983374002047291,-0.0032120107770920517
2022-12-05,-0.016783080532721706,-0.015173361755338602
2022-12-06,-0.02072083511034295,-0.015720639216363658
2022-12-07,-0.004082380799727892,-0.002011211935334645
2022-12-08,0.01183466717562709,0.009590007474163192
2022-12-09,-0.0063767612937706275,-0.005756610939333105
2022-12-12,0.012551259304369511,0.009960818180713406
2022-12-13,0.010750397437947479,0.010184739117375437
2022-12-14,-0.007413801512354823,-0.005938203381508876
2022-12-15,-0.03357637528532409,-0.028013521711161275
2022-12-16,-0.00953438424412012,-0.007688817277800826
2022-12-19,-0.014053844005926353,-0.011965238047082286
2022-12-20,-0.0007785580676081816,7.135890259520226e-05
2022-12-21,0.014506396741108096,0.01179782897638129
2022-12-22,-0.02446503135959832,-0.020470493926676984
2022-12-23,0.002248967009987002,0.0018037061727187026
2022-12-27,-0.014138271627769039,-0.011172811229640317
2022-12-28,-0.013202506085664312,-0.011193077333879175
2022-12-29,0.024374930445945076,0.020399019338012116
2022-12-30,-0.0006002891347829387,-0.0007108423352329381
2023-01-03,-0.006759998928521194,-0.004194193549842212
2023-01-04,0.00476395800826146,0.004699869292322348
2023-01-05,-0.015654373556593493,-0.015084515546209154
2023-01-06,0.027601209693632223,0.02667141297293243
2023-01-09,0.00647349559033783,0.006234763447149019
2023-01-10,0.008464656545350335,0.007911389724981387
2023-01-11,0.01730016600689188,0.016499687655405566
2023-01-12,0.005404459284699126,0.00547255421370816
2023-01-13,0.006880406320433519,0.0066299301798877055
2023-01-17,0.0020289362262138066,0.0017209966872698665
2023-01-18,-0.013000222989950627,-0.01224715919772045
2023-01-19,-0.009824574851602708,-0.009050929946907189
2023-01-20,0.027367224453740624,0.025642034523473328
2023-01-23,0.02221567603146468,0.02095847364640965
2023-01-24,-0.002041807368973747,-0.0017029199102436218
2023-01-25,-0.0022190933822988645,-0.0020445345072371015
2023-01-26,0.019497401331441067,0.018198581095223296
2023-01-27,0.009954259621577144,0.00935052683022871
2023-01-30,-0.020218843801315,-0.01919106250559797
2023-01-31,0.014986105182397402,0.014332182227204813
2023-02-01,0.02138363104618035,0.020546968715734117
2023-02-02,0.03588995408725637,0.035413864438965596
2023-02-03,-0.01777220196567464,-0.017722851152783384
2023-02-06,-0.008459516493385055,-0.008369133221983974
2023-02-07,0.020718896524069663,0.020502629949489478
2023-02-08,-0.01778085513576111,-0.017602842104793813
2023-02-09,-0.00883824961666968,-0.008804960700387315
2023-02-10,-0.0065628923548545215,-0.006487778800340095
2023-02-13,0.01601582473835106,0.015858387959449553
2023-02-14,0.007389098076128864,0.007309487265151823
2023-02-15,0.007660879535988041,0.007541848417063441
2023-02-16,-0.018764192228159948,-0.01860323662888187
2023-02-17,-0.007055585296953604,-0.006953110946445001
2023-02-21,-0.023675290565343232,-0.02350041319107811
2023-02-22,0.0007484769124679325,0.0007340698872604735
2023-02-23,0.008734025138415147,0.00865438920065958
2023-02-24,-0.016744278275280022,-0.016620902122160462
2023-02-27,0.007161242010438551,0.00709970396764345
2023-02-28,-0.0012927282605754709,-0.0012728135541658987
2023-03-01,-0.008039143925369308,-0.007968867002288344
2023-03-02,0.008275828585571077,0.007647750052383475
2023-03-03,0.020673704020705452,0.019818950853483293
2023-03-06,0.0011345412315564296,0.0008801432681825102
2023-03-07,-0.01226548238464531,-0.011886885025107636
2023-03-08,0.00499431327572708,0.00470813921590778
2023-03-09,-0.01732620390187478,-0.015846574987814534
2023-03-10,-0.014043745542489994,-0.012177394102802325
2023-03-13,0.007416466541682709,0.0076179080419863515
2023-03-14,0.022980017971813815,0.02105386066496587
2023-03-15,0.005245836333999776,0.005381585229950618
2023-03-16,0.02636066168073503,0.024462934051356664
2023-03-17,-0.004726036163602232,-0.0035290776705790973
2023-03-20,0.003548967438974371,0.003258720119264984
2023-03-21,0.014282449342755132,0.012509900142419013
2023-03-22,-0.013598216213357994,-0.012156548038092366
2023-03-23,0.011858359493840398,0.011254290536758974
2023-03-24,0.0036804710679996244,0.0033939832201527994
2023-03-27,-0.00685148726749929,-0.006834631295898564
2023-03-28,-0.005311474623940549,-0.004659728470895418
2023-03-29,0.018233947914708892,0.016848200278836562
2023-03-30,0.009465118776363468,0.009086418372550756
2023-03-31,0.016630755235163885,0.015483968475659068
2023-04-03,-0.0024305330837419703,-0.002050221455253237
2023-04-04,-0.003373082373518188,-0.00332481637065657
2023-04-05,-0.009872647899624165,-0.009732891685856015
2023-04-06,0.006742106053122976,0.006661408876767804
2023-04-10,-0.000565843430341717,-0.0006116940528926216
2023-04-11,-0.006417566336846314,-0.006328616017749278
2023-04-12,-0.008833795287247703,-0.008728705155629785
2023-04-13,0.019582131322735785,0.01942358915702242
2023-04-14,-0.0018799801501678814,-0.00194849930179584
2023-04-17,0.0008476723512107487,0.0008139305458873118
2023-04-18,6.260733832452736e-05,7.458446968588981e-05
2023-04-19,-0.00047040325873415334,-0.00047651695421715957
2023-04-20,-0.007624431389452568,-0.007515930610762839
2023-04-21,0.0010433486644210177,0.00099099241327882
2023-04-24,-0.0020847188574519837,-0.0020327248686602558
2023-04-25,-0.01886366499250447,-0.018637700993637953
2023-04-26,0.006064540383047712,0.005945919254360221
2023-04-27,0.027191028711278875,0.026918484048580427
2023-04-28,0.006898799489799545,0.006854417252765731
2023-05-01,-0.0011472879875847886,-0.0011948301168044993
2023-05-02,-0.00872156761601095,-0.008541905826191347
2023-05-03,-0.0065438677755594865,-0.006443121486855208
2023-05-04,-0.0035298024791544647,-0.0034740542296807166
2023-05-05,0.02125432843364683,0.020988244715223058
2023-05-08,0.002477601057160772,0.0024337737666209236
2023-05-09,-0.006333011570856084,-0.006252152991683864
2023-05-10,0.010881495589662782,0.01079320945720854
2023-05-11,0.003260398173301704,0.003206955399253183
2023-05-12,-0.003587040785717588,-0.0035646467372276998
2023-05-15,0.005414949891852094,0.005340443026371555
2023-05-16,0.0011322472386876559,0.0010507557154090933
2023-05-17,0.01210400483849905,0.011963800328048554
2023-05-18,0.018573187233375643,0.01832895977950547
2023-05-19,-0.0022533165939293553,-0.0022089296638848734
2023-05-22,0.0033582255040578435,0.0033144335302047936
2023-05-23,-0.012676276184829027,-0.012545864872172343
2023-05-24,-0.005129566894205073,-0.005119344374186583
2023-05-25,0.02433281703807255,0.02404005661033473
2023-05-26,0.025550342671512905,0.025323061445100364
2023-05-30,0.004535174712028578,0.004522231979886493
2023-05-31,-0.005685996798962201,-0.005600364503409416
2023-06-01,0.011552286444268756,0.011464771424311772
2023-06-02,0.007499565637423711,0.007367621830149644
2023-06-05,0.0007047987423687285,0.0007205613131380025
2023-06-06,-0.000169001024335258,-0.00015459390508100004
2023-06-07,-0.016965523659207782,-0.016842117398728162
2023-06-08,0.012413504051048907,0.012360117021150037
2023-06-09,0.003822818242614101,0.0037667932415839387
2023-06-12,0.01689671413795124,0.01672796535335182
2023-06-13,0.007684203971276782,0.007566855571098854
2023-06-14,0.007267480178951624,0.007209929703365949
2023-06-15,0.011915964686859848,0.011847573054208381
2023-06-16,-0.0062930923865580635,-0.006234889347268257
2023-06-20,-0.0014313122649692867,-0.0014533611367596004
2023-06-21,-0.013627746850552791,-0.013484577488073014
2023-06-22,0.011798736550094668,0.011621367451566193
2023-06-23,-0.009913380663891802,-0.009804865511185687
2023-06-26,-0.013405542829363237,-0.013252873085201483
2023-06-27,0.017194155801288247,0.017003138937721544
2023-06-28,0.0019515444827464812,0.001916370137133241
2023-06-29,-0.002002682565768965,-0.002010354142259192
2023-06-30,0.015420328912244985,0.015319486145477429
2023-07-03,0.002355133051252123,0.0023334958415489712
2023-07-05,-2.7252670095623266e-05,-4.0956959741425654e-05
2023-07-06,-0.007615861385585676,-0.007582362620069994
2023-07-07,-0.003320097222519802,-0.003275687479502205
2023-07-10,0.00032776597466810387,0.0003249695349596423
2023-07-11,0.004940643877024975,0.004925257411642479
2023-07-12,0.012630004770991299,0.012583625800493702
2023-07-13,0.016978546616190027,0.016831602784661618
2023-07-14,-0.0002110430812352071,-0.0002325141291777226
2023-07-17,0.009338723153416995,0.009236887917153972
2023-07-18,0.008180594891619375,0.00813756629055766
2023-07-19,-0.00023335725671935759,-0.00020112003563647738
2023-07-20,-0.023051883666347806,-0.022836872179076508
2023-07-21,-0.002999141407217243,-0.0029649959241700953
2023-07-24,0.0015972007244735575,0.0015594575524681131
2023-07-25,0.00677773232172707,0.006728245898546356
2023-07-26,-0.003326376126275843,-0.0032723876239409387
2023-07-27,-0.0023839714868895134,-0.0024590696847538803
2023-07-28,0.01821449188573987,0.01806485637650406
2023-07-31,0.0005216908157277267,0.0005285063648145937
2023-08-01,-0.0023196378959788877,-0.002366068362440838
2023-08-02,-0.02194426073877742,-0.021756579716036423
2023-08-03,-0.0016026568740501457,-0.0016441892085790116
2023-08-04,-0.004681697875084434,-0.004607562942474296
2023-08-07,0.008466761449494875,0.008359560309420838
2023-08-08,-0.008502436680410175,-0.008416369725077155
2023-08-09,-0.010994444725136776,-0.010891408829307746
2023-08-10,0.0018483750149160816,0.001800420488381516
2023-08-11,-0.006375873611843219,-0.006309682231767391
2023-08-14,0.011222296632075413,0.011089651639267673
2023-08-15,-0.010611477737458297,-0.01054095547412506
2023-08-16,-0.010589026965142079,-0.010508984135232788
2023-08-17,-0.010922980972242202,-0.010826472158197457
2023-08-18,-0.0012548159656382563,-0.0012303316677230109
2023-08-21,0.0161113199656302,0.0159331512596426
2023-08-22,-0.0014288833591926675,-0.001392964994098255
2023-08-23,0.01576849147140469,0.01568883114550209
2023-08-24,-0.021375516595844135,-0.02117713360996127
2023-08-25,0.0077512616331967266,0.007683264815725311
2023-08-28,0.007527185769268918,0.007464821434748604
2023-08-29,0.02183986284823347,0.021672135650096236
2023-08-30,0.005576767044348507,0.0055262631708487215
2023-08-31,0.0029984278689056953,0.0029624622013152274
2023-09-01,-0.0010584536687634483,-0.0010747120774740931
2023-09-05,0.0012714902158923458,0.0011966322573289515
2023-09-06,-0.008808067939650943,-0.008732257421203142
2023-09-07,-0.0071514454398140526,-0.007055659960024432
2023-09-08,0.0013976285298598068,0.0013995766467531977
2023-09-11,0.011782798284514895,0.011664054493363503
2023-09-12,-0.011088522936946732,-0.010983721262994984
2023-09-13,0.0038090280237845775,0.0037752903147351977
2023-09-14,0.008177199512554578,0.00810247105023904
2023-09-15,-0.01712288573968823,-0.016940026793525142
2023-09-18,0.0010424392257863957,0.0010594785773790786
2023-09-19,-0.002131307764092205,-0.0021298890661832566
2023-09-20,-0.01441041120019082,-0.014257375660042912
2023-09-21,-0.01832460977904693,-0.018213962067156673
2023-09-22,0.00013975287390022295,0.00016053100157691937
2023-09-25,0.004749807574230713,0.004646169157685268
2023-09-26,-0.01501632488508764,-0.0149288286066584
2023-09-27,0.0023432957101579,0.0022513580819487314
2023-09-28,0.008365229798160678,0.008247134231357247
2023-09-29,0.0007261852799358426,0.0006855861028922223
2023-10-02,0.008345719719387912,0.008156258526709958
2023-10-03,-0.017549646138706243,-0.017405090607613485
2023-10-04,0.013608828388864014,0.013492272441502343
2023-10-05,-0.002946712424758635,-0.0029329817931620906
2023-10-06,0.01675565633827447,0.01660135705346629
2023-10-09,0.005100060276649554,0.005160333660712434
2023-10-10,0.005537877718328366,0.005487145596998539
2023-10-11,0.007135256357960973,0.007138153198902777
2023-10-12,-0.003474990964882463,-0.0035054834701510663
2023-10-13,-0.01257001876102215,-0.012293532622119383
2023-10-16,0.011306485957145007,0.01116466029208306
2023-10-17,-0.003275554947866244,-0.0032567494856785483
2023-10-18,-0.01311799432953642,-0.012957301205246631
2023-10-19,-0.009356704388162496,-0.009259403237896327
2023-10-20,-0.014917929638058713,-0.014760396697699138
2023-10-23,0.003017664247984664,0.002986291672417606
2023-10-24,0.009727863901005884,0.009675569515617525
2023-10-25,-0.02447568205227435,-0.024242354810853867
2023-10-26,-0.019067167725931866,-0.01883755254132837
2023-10-27,0.004801232354799234,0.004770268045515232
2023-10-30,0.011265204560418685,0.011133635534891533
2023-10-31,0.004782420382914987,0.004717367753097001
2023-11-01,0.017356817916716505,0.01721628640419345
2023-11-02,0.018153137001947428,0.01803891224983597
2023-11-03,0.011748994541703084,0.011660064234905995
2023-11-06,0.004079265479165262,0.003993943883650364
2023-11-07,0.009452743253896667,0.009358962137051272
2023-11-08,0.0006436542859820094,0.0006211108493442582
2023-11-09,-0.007695604441843584,-0.0076508431136221265
2023-11-10,0.022482403693116604,0.022233952604430517
2023-11-13,-0.003118500563228821,-0.0030812099339717993
2023-11-14,0.021526425864326182,0.021415918886166115
2023-11-15,0.0007525886377619528,0.0007124062034967678
2023-11-16,0.0008561464165406374,0.0009129548456789049
2023-11-17,0.00023281272881470194,0.00024112348903432968
2023-11-20,0.012174926154433274,0.01205275661423098
2023-11-21,-0.005809435563837062,-0.005711198578531844
2023-11-22,0.004092969576081851,0.004049102836763681
2023-11-24,-0.00141013833839021,-0.0013921220634598671
2023-11-27,-0.000872750244094056,-0.0008119817084133581
2023-11-28,0.0026209361624685013,0.002647623718974934
2023-11-29,-0.0009738949895503612,-0.0009464604190791812
2023-11-30,-0.0025141058533014737,-0.002515598472660455
2023-12-01,0.002854795064393123,0.0029284429220121718
2023-12-04,-0.00928345791525731,-0.009275507454980366
2023-12-05,0.0025108945212151124,0.0024980963626927495
2023-12-06,-0.005783849924392848,-0.005679407424537168
2023-12-07,0.013972188165234156,0.013828884219750507
2023-12-08,0.004456706298752611,0.004351480925139495
2023-12-11,0.00854212227501816,0.008423926831149573
2023-12-12,0.007964379983412151,0.007882314561406499
2023-12-13,0.012717043526173866,0.01274266011396838
2023-12-14,-0.0008668716195093795,-0.000809466824414029
2023-12-15,0.004834035446676488,0.004737718968976357
2023-12-18,0.006298716299157903,0.006238506389394223
2023-12-19,0.0051094281289139065,0.005095832166806525
2023-12-20,-0.014859596386517238,-0.014739278993687262
2023-12-21,0.011635457938418137,0.0115386106843939
2023-12-22,0.0014958510092326627,0.0014941591235402443
2023-12-26,0.006121767805240319,0.006096978722515236
2023-12-27,0.0020357294581823115,0.0020592015579520076
2023-12-28,-0.00048597109828063534,-0.0005035840700309702
2023-12-29,-0.004327892362531061,-0.004305670362302896
2024-01-02,-0.016922210635515467,-0.01675474048081363
2024-01-03,-0.010581365120457265,-0.010491211607467216
2024-01-04,-0.005146479470920284,-0.0051168786249663175
2024-01-05,0.0011861205633132421,0.001163176695869362
2024-01-08,0.02066781838238252,0.020457405021797426
2024-01-09,0.001975479039716399,0.0019393552272911438
2024-01-10,0.006777673276048057,0.006696335251435006
2024-01-11,0.002080734276913576,0.0020536608111568514
2024-01-12,0.0005131536806257664,0.0005463296859265315
2024-01-16,-9.794154380160514e-05,-0.00016635791430057344
2024-01-17,-0.005640686530847483,-0.005640423036769499
2024-01-18,0.014194166666785302,0.014058848501509312
2024-01-19,0.019831062953945988,0.019647649700933467
2024-01-22,0.0013059624361775324,0.001283507226200539
2024-01-23,0.0041495020496153945,0.00411210024876147
2024-01-24,0.005549097521266422,0.0054433390109616606
2024-01-25,0.0012213970873327096,0.0012529675405816435
2024-01-26,-0.005957647019158463,-0.005902136863478642
2024-01-29,0.010240417906601573,0.010187763575225071
2024-01-30,-0.006656613941082967,-0.006571786391512664
2024-01-31,-0.019586048759762664,-0.019378952536626824
2024-02-01,0.011775316834794047,0.011744415974314984
2024-02-02,0.016900592349030408,0.01664708305140273
2024-02-05,-0.001305412067752476,-0.0013625508847797685
2024-02-06,-0.0020072366485800464,-0.0019478692949146004
2024-02-07,0.010290355542152518,0.010178567095718584
2024-02-08,0.0018518973265546634,0.00181565671317403
2024-02-09,0.00984306942604296,0.009734041451514254
2024-02-12,-0.00391248028763258,-0.0038673280460584953
2024-02-13,-0.01559722697028365,-0.01553296027387619
2024-02-14,0.01089732861737569,0.010799579855334125
2024-02-15,0.002977596387412129,0.002999607090496373
2024-02-16,-0.009067487698333765,-0.008972844999044702
2024-02-20,-0.007548310132944658,-0.00744968491196451
2024-02-21,-0.004001711824471177,-0.003959596609792134
2024-02-22,0.02927570783102884,0.028984711898588415
2024-02-23,-0.002944771849257677,-0.002867550761023252
2024-02-26,-0.0005265984993739758,-0.0005527662514092382
2024-02-27,0.0024054079846054233,0.002386938502687847
2024-02-28,-0.005324600702747095,-0.0052510326160016794
2024-02-29,0.00856934304808954,0.0085117637158628
2024-03-01,0.015056963985112137,0.014978633326236621
2024-03-04,-0.0035681712544878286,-0.00346349451166843
2024-03-05,-0.017949669877889263,-0.01773070443828561
2024-03-06,0.006283800892251001,0.0062680253547678
2024-03-07,0.015178140849615662,0.015052152696190415
2024-03-08,-0.01443486028558505,-0.014260215328196374
2024-03-11,-0.003712819236833753,-0.003665067733912876
2024-03-12,0.014335009682705513,0.014133419020450849
2024-03-13,-0.007686140513801343,-0.0075849036561858795
2024-03-14,-0.002521055275994777,-0.002540446552295088
2024-03-15,-0.011887083796182418,-0.01177666649144176
2024-03-18,0.00953739921777741,0.009446839747573437
2024-03-19,0.0024915186698672986,0.0024779715370272203
2024-03-20,0.011856746601428547,0.011780541209399552
2024-03-21,0.004732351037274762,0.004684610473284999
2024-03-22,0.001143762201044618,0.0011205209935363774
2024-03-25,-0.0036292042375101197,-0.003584584256136716
2024-03-26,-0.003237763645078995,-0.003199366159483161
2024-03-27,0.0034060164294533735,0.0034419897053299736
2024-03-28,-0.001843283351021352,-0.0017753499839277972
2024-04-01,0.002117078459422661,0.002100438706824198
2024-04-02,-0.008630141598206742,-0.00849761409064181
2024-04-03,0.0022442894974668004,0.0022475956637632534
2024-04-04,-0.015290668364191462,-0.01514657716755034
2024-04-05,0.01178394790057613,0.011708144802806126
2024-04-08,0.0002950733894528934,0.0003212919211974928
2024-04-09,0.003699597064525495,0.0037014710742870726
2024-04-10,-0.008728759543447984,-0.00872426375874603
2024-04-11,0.01596837565914111,0.015868731572720583
2024-04-12,-0.01594167399130142,-0.015827379331592995
2024-04-15,-0.016451097283622373,-0.016252584773109674
2024-04-16,9.27903277456732e-05,7.301522171663499e-05
2024-04-17,-0.012201404966058815,-0.012066227091427718
2024-04-18,-0.005706383969504736,-0.0056381572628848966
2024-04-19,-0.02068903889298168,-0.020450054760423372
2024-04-22,0.010056611971585694,0.009878272732519002
2024-04-23,0.014922962604156487,0.014769038092692725
2024-04-24,0.0033876698468497946,0.0033452226650808113
2024-04-25,-0.004829934120849533,-0.004767326513500287
2024-04-26,0.015431749296505926,0.01528628585746767
2024-04-29,0.004060195550337431,0.004038733533373289
2024-04-30,-0.018856161458738363,-0.018753354246613136
2024-05-01,-0.007230379845413415,-0.007103170375367076
2024-05-02,0.012763233820486164,0.012638343658572563
2024-05-03,0.020098529039050295,0.01991870536831563
2024-05-06,0.01095330896178126,0.010889317541431352
2024-05-07,0.0001589758756042059,0.0001631834473728258
2024-05-08,-0.0005904180282195748,-0.0005910313877842188
2024-05-09,0.0021814224783078817,0.0022388630200311467
2024-05-10,0.002358203820692406,0.002352833235233095
2024-05-13,0.0023074500207878046,0.0022514771996225763
2024-05-14,0.0064321141866647835,0.006408660508113125
2024-05-15,0.015630402548107103,0.015553956314811804
2024-05-16,-0.0020312619985990432,-0.0020265232127658858
2024-05-17,-0.0004866910631640131,-0.00043462937093002976
2024-05-20,0.006972601785361743,0.006912979500449322
2024-05-21,0.0019563597477796346,0.0019486317691539746
2024-05-22,-0.00019746308063373075,-0.0002680180545875644
2024-05-23,-0.004498425032668729,-0.004548987713461672
2024-05-24,0.009456488822478626,0.009380806640495476
2024-05-28,0.0037776189061247134,0.0037526213360383914
2024-05-29,-0.0070484001340873625,-0.00704027297113198
2024-05-30,-0.010713355271420921,-0.010571037665123116
2024-05-31,-0.0018603122154204899,-0.0018328003766374403
2024-06-03,0.005369441829849553,0.005361078160950536
2024-06-04,0.0027364663484907847,0.002694753369150372
2024-06-05,0.020159689851557916,0.020004420063478863
2024-06-06,-0.00034509508558810964,-0.000326280834461035
2024-06-07,-0.0008848655594055899,-0.0010375630464318321
2024-06-10,0.00403916097444279,0.004034079718405987
2024-06-11,0.006862864377062294,0.006815346567212616
2024-06-12,0.013097685383005597,0.012981116248433025
2024-06-13,0.005420258626953611,0.005362912675217646
2024-06-14,0.005181183329217021,0.0051859752814876195
2024-06-17,0.012249915788241639,0.01208368735810368
2024-06-18,0.00030921024359664706,0.0003355551824287973
2024-06-20,-0.0077080058087583,-0.007587652626444051
2024-06-21,-0.002679382534170993,-0.002711325516495471
2024-06-24,-0.011384601292873997,-0.011235517921883958
2024-06-25,0.011435609470400232,0.011296071581661706
2024-06-26,0.002065255114161335,0.0019882831104154576
2024-06-27,0.002581367879139762,0.002604394962835457
2024-06-28,-0.005191126863279494,-0.005179378111139905
2024-07-01,0.005865206264223932,0.0057855271396278244
2024-07-02,0.010499650523476234,0.01041194068419242
2024-07-03,0.00833713911852052,0.008319733107833495
2024-07-05,0.010426789343950915,0.010385142674175148
2024-07-08,0.002378144268083915,0.0023168646232415192
2024-07-09,0.0008647234797087844,0.0008570694670665887
2024-07-10,0.010426446623132524,0.010350534889741777
2024-07-11,-0.02193017818279619,-0.021615128365069573
2024-07-12,0.005874777030172806,0.00583000820855064
2024-07-15,0.002687900477943428,0.0026318836337404818
2024-07-16,0.00038299195025714994,0.00047692628628581284
2024-07-17,-0.029354829831030438,-0.029075583557695298
2024-07-18,-0.004732698666851665,-0.004719114262191817
2024-07-19,-0.008863543123978301,-0.008844229861686485
2024-07-22,0.014897823593128523,0.014754545506297399
2024-07-23,-0.0035247292404043673,-0.003485454699676606
2024-07-24,-0.035870252519992984,-0.03552906233462552
2024-07-25,-0.011027755126895356,-0.0109667866327649
2024-07-26,0.010256016170418825,0.010213215377463239
2024-07-29,0.002008705299911817,0.0019965213769643853
2024-07-30,-0.013731286531992404,-0.013546048670484276
2024-07-31,0.029593618439022862,0.029389162072434406
2024-08-01,-0.02422141817730117,-0.023959402145026534
2024-08-02,-0.023735029083062464,-0.019751305303821628
2024-08-05,-0.029816052430387763,-0.02635107901943164
2024-08-06,0.009555151835616948,0.007370460066844271
2024-08-07,-0.010829826948029475,-0.009347241708772915
2024-08-08,0.030590935921294582,0.026802085395742078
2024-08-09,0.005222306599670379,0.004870881175849148
2024-08-12,0.002153587964450976,0.0028350268176856853
2024-08-13,0.024812750810261575,0.02134279320018296
2024-08-14,0.0003243224143079093,3.824502594257304e-06
2024-08-15,0.025263089147461226,0.021542018765582906
2024-08-16,0.0012857136542523406,0.00241118618741537
2024-08-19,0.013136195300250453,0.011354441051112319
2024-08-20,-0.002098665403248212,-0.0014609255444504434
2024-08-21,0.004664041579563127,0.004056410608708131
2024-08-22,-0.01585475930714697,-0.014393369963785495
2024-08-23,0.010845348977312597,0.010067929936086493
2024-08-26,-0.009708263822848173,-0.008077092964279406
2024-08-27,0.002987358610058166,0.0025484625268511166
2024-08-28,-0.0113474909402842,-0.010059455602870145
2024-08-29,-0.001463797795773436,-0.0009814183010170817
2024-08-30,0.011919457096395858,0.00971363150810071
2024-09-03,-0.030361013296331008,-0.025754897134544586
2024-09-04,-0.002598504654620082,-0.0024910146973467985
2024-09-05,0.0009336113612741226,0.001037252600496506
2024-09-06,-0.02678721148165364,-0.025883830762324807
2024-09-09,0.01285951427233556,0.012484323309326514
2024-09-10,0.009241924681650415,0.009005792749004751
2024-09-11,0.021715291537409254,0.020863984799755424
2024-09-12,0.009816094238234596,0.009659221116889084
2024-09-13,0.00447993387533252,0.004519610064844633
2024-09-16,-0.004417914653904287,-0.0041695965679691424
2024-09-17,0.0005282745478112361,0.0004120689257843856
2024-09-18,-0.004329472914793353,-0.00436585246508218
2024-09-19,0.025284183785989178,0.024476805037901794
2024-09-20,-0.0019033634424208135,-0.0015690679427791288
2024-09-23,0.0026507677703615506,0.00259790729657291
2024-09-24,0.004823538756944634,0.004803844058213774
2024-09-25,0.0009271868387041859,0.0008507978627473042
2024-09-26,0.007512992614812086,0.007277162896543529
2024-09-27,-0.005557038570494721,-0.00537863395751508
2024-09-30,0.0027118643638295303,0.0024931830310576425
2024-10-01,-0.013932383531101156,-0.013178990384296745
2024-10-02,0.0014129301473260192,0.001359157277955113
2024-10-03,-0.0007470641534486067,-0.0007546113391250332
2024-10-04,0.011898147600420739,0.01175162613071284
2024-10-07,-0.01071160979118746,-0.010649102031633776
2024-10-08,0.0149345902659479,0.014761635579573284
2024-10-09,0.007868388716973707,0.007753982249010119
2024-10-10,-0.0011354852309913843,-0.001105618995776185
2024-10-11,0.0015630670320920803,0.0015882958909616874
2024-10-14,0.0083915492040334,0.008316749921639914
2024-10-15,-0.013366791370821085,-0.013196516104174985
2024-10-16,0.00012221125585809567,0.00016456241668748564
2024-10-17,0.0006925294638666646,0.000675303682355123
2024-10-18,0.006554730890178551,0.006533867837671983
2024-10-21,0.00192126069585985,0.0018734919437112794
2024-10-22,0.001090003956361274,0.0011142355929494913
2024-10-23,-0.015323847038881677,-0.015207549814722186
2024-10-24,0.008108771736925702,0.008057891844079528
2024-10-25,0.006093631419864964,0.006019317394836006
2024-10-28,0.0001614571003019094,0.0001622593258099911
2024-10-29,0.009608410078356666,0.009533333670152813
2024-10-30,-0.007557533617206902,-0.007460134837169707
2024-10-31,-0.025242769642860652,-0.02503051018845463
2024-11-01,0.007398918184818415,0.007268358883102331
2024-11-04,-0.0029131535792055185,-0.0028663428022815416
2024-11-05,0.012756899440144354,0.012659770451464138
2024-11-06,0.02716323271565768,0.02673431728520949
2024-11-07,0.015744113179529284,0.01566554231959405
2024-11-08,0.0011685952968405466,0.0011726462858183439
2024-11-11,-0.0005836156379306345,-0.0006648855444724095
2024-11-12,-0.0018098814252480722,-0.0018556951122132106
2024-11-13,-0.0012868054083566838,-0.0013240182639903386
2024-11-14,-0.006949694981217114,-0.006884322508640594
2024-11-15,-0.02382586580307766,-0.023581798418329684
2024-11-18,0.006947503807621658,0.006956405447887141
2024-11-19,0.0068798614259690805,0.006858352833145626
2024-11-20,-0.000576056103914091,-0.000553751953227739
2024-11-21,0.0035972543899243092,0.003606632548005522
2024-11-22,0.0016041138492572937,0.0016292469931965918
2024-11-25,0.001581514063537126,0.0015047145769001315
2024-11-26,0.005369240769196759,0.005332714400884927
2024-11-27,-0.007873416832061442,-0.00777664248673652
2024-11-29,0.00878678167117708,0.008748675227651992
2024-12-02,0.010887974427424174,0.010730288975416662
2024-12-03,0.003066347733048369,0.0030220181563313667
2024-12-04,0.012362900883012617,0.012266227600149148
2024-12-05,-0.002771291421790445,-0.0027628839197162474
2024-12-06,0.008949667004755968,0.008852460048380422
2024-12-09,-0.007787612068768213,-0.007701154201283684
2024-12-10,-0.0034071982088259567,-0.0033405092291143106
2024-12-11,0.017902245987979404,0.017735569860091838
2024-12-12,-0.006453727405579479,-0.006456859625754917
2024-12-13,0.007654428549425996,0.007523688522139843
2024-12-16,0.014400491474281685,0.014259031711760635
2024-12-17,-0.004403918093188297,-0.0043704335106449586
2024-12-18,-0.03607681278061592,-0.03582712332981067
2024-12-19,-0.004453307055590772,-0.004421369263473745
2024-12-20,0.008732403611328765,0.008707038860607136
2024-12-23,0.009742858269246701,0.009618811928944425
2024-12-24,0.013559876548134842,0.013445543257661705
2024-12-26,-0.0006795687655342109,-0.0006517188747767134
2024-12-27,-0.013293053955196088,-0.013198192131200083
2024-12-30,-0.013299753493579813,-0.013169540848519155
2024-12-31,-0.00849483866282208,-0.008397347004972185
2025-01-02,-0.0019560757965965125,-0.001875784341307426
2025-01-03,0.01636511802125251,0.016179834396818513
2025-01-06,0.011492919950209401,0.011357055215360085
2025-01-07,-0.01784421035270578,-0.017665304890386584
2025-01-08,0.0001747961081492999,0.00019517615244798544
2025-01-10,-0.01568104718525709,-0.015504418811060364
2025-01-13,-0.003213837943047526,-0.0032299618449442547
2025-01-14,-0.0009494173750803636,-0.000908885599863743
2025-01-15,0.023006171659902153,0.022843386260387344
2025-01-16,-0.007005846565497964,-0.00688230838231386
2025-01-17,0.01687816631529304,0.016697795790232114
2025-01-21,0.005865162085047837,0.005887443904513535
2025-01-22,0.012785796663048021,0.012648293062449387
2025-01-23,0.0021262375913682074,0.0020946803753652847
2025-01-24,-0.005651048695471506,-0.005553667885088365
2025-01-27,-0.029114913096905726,-0.028865561925076277
2025-01-28,0.014780105873057003,0.014645905825248249
2025-01-29,-0.0018781172822607273,-0.0018719457917904924
2025-01-30,0.0042623450158438825,0.0042977846662096515
2025-01-31,-0.0014530367587521908,-0.001445620170347473
2025-02-03,-0.008003213576477264,-0.007884577776604406
2025-02-04,0.012275361548180097,0.012182619018506155
2025-02-05,0.00453794257443163,0.004549328431301939
2025-02-06,0.005219580206700103,0.00515802177178797
2025-02-07,-0.012613139167467535,-0.012492664628477725
2025-02-10,0.012105064680323796,0.012049806877092869
2025-02-11,-0.002380694290124774,-0.0023731111167694923
2025-02-12,0.0005870733005115536,0.0005633618928209547
2025-02-13,0.014385855749352805,0.014303957518310274
2025-02-14,0.004198592314988314,0.004109795353191669
2025-02-18,0.0022669378765329817,0.002295313390885041
2025-02-19,0.00027816620987586305,0.00028611433645940436
2025-02-20,-0.004244730045290801,-0.004194658850604783
2025-02-21,-0.02075442975962949,-0.020530355631654527
2025-02-24,-0.011804198419748446,-0.011668026050173157
2025-02-25,-0.012599401415144595,-0.012497175520869973
2025-02-26,0.0024157636152604134,0.002409949087385024
2025-02-27,-0.027771450955414778,-0.02757949884214042
2025-02-28,0.015791582284539363,0.015646877530316333
2025-03-03,-0.021882592681511714,-0.021609067217338285
2025-03-04,-0.0030177572512322115,-0.0029921683232708614
2025-03-05,0.013036021115299778,0.01289534211945576
2025-03-06,-0.027509351554198425,-0.02727859181875343
2025-03-07,0.007353492677747653,0.00729802915812716
2025-03-10,-0.03875633537825229,-0.03837228639279356
2025-03-11,-0.0023903569900540766,-0.0023449126340290907
2025-03-12,0.011280776718890717,0.011170962759980183
2025-03-13,-0.017990579046430866,-0.0177327571282457
2025-03-14,0.024170631482989036,0.023942619026068847
2025-03-17,0.0064836051698808905,0.006451831836281699
2025-03-18,-0.017047344805501075,-0.016842145798527643
2025-03-19,0.013381304528327975,0.013274054108952058
2025-03-20,-0.003389539883771109,-0.003353990425854946
2025-03-21,0.0032966308983353176,0.0032210238987074114
2025-03-24,0.02194449929037834,0.021692766226744938
2025-03-25,0.005706524221506859,0.005651639338154468
2025-03-26,-0.018400672235147186,-0.018223758306293893
2025-03-27,-0.0056979284165653565,-0.0055979757818587555
2025-03-28,-0.026327947251850614,-0.026007938294870234
2025-03-31,-4.255202988012741e-05,3.3814351484504396e-05
2025-04-01,0.008061072224518018,0.007990978941304535
2025-04-02,0.007298398781470317,0.005827487911096902
2025-04-03,-0.05353346987080876,-0.04314488155928749
2025-04-04,-0.06210896093098639,-0.05197245951788378
2025-04-07,0.0024133143890576747,-0.0007124347779704963
2025-04-08,-0.018008497525821898,-0.01475127606356401
2025-04-09,0.12003081852840225,0.09940993627639051
2025-04-10,-0.042532205946827384,-0.03321052555762845
2025-04-11,0.018423043965867913,0.01651237475072593
2025-04-14,0.006778235627942442,0.005561801340940935
2025-04-15,0.0011147409458394097,0.0014195809710461653
2025-04-16,-0.030153440014876298,-0.02177900738887088
2025-04-17,-0.00018011071765233755,-0.0005050174091520929
2025-04-21,-0.024746804152487534,-0.018549766581049162
2025-04-22,0.026252105324236386,0.020665123162033484
2025-04-23,0.022678219309249625,0.016799153994243966
2025-04-24,0.028137097318820192,0.023861451657506118
2025-04-25,0.011147935452326063,0.00831481172641765
2025-04-28,-0.0003175399642066923,0.0010761136210598397
2025-04-29,0.006604498828499894,0.005025313427536615
2025-04-30,-0.00012614522453857635,-0.0009673143266846986
2025-05-01,0.013060647932327862,0.008867939792164155
2025-05-02,0.014843967788152002,0.009877434103753342
2025-05-05,-0.005932556033104275,-0.0009685549204376674
2025-05-06,-0.009301746127425958,-0.002475269508674234
2025-05-07,0.0039259336725314675,0.0012608521385993735
2025-05-08,0.01032491201751884,0.003929038021263912
2025-05-09,-0.0006552983540840662,0.0005132402219651013
2025-05-12,0.040740132827965736,0.023664031786223335
2025-05-13,0.01524087151419562,0.010600926007550254
2025-05-14,0.005992969103733037,0.001152931774673047
2025-05-15,0.0010989800579142006,0.0036950062086020534
2025-05-16,0.004352428847785861,0.0022421249673652078
2025-05-19,0.0009586850651774892,0.0020979090323404045
2025-05-20,-0.0033330710442122102,-0.00033616416864551787
2025-05-21,-0.01389677109172327,-0.009936238775845955
2025-05-22,0.0018712361880501849,6.740254835746606e-05
2025-05-23,-0.009260704288715393,-0.003255309879889009
2025-05-27,0.023525266357111274,0.014894244532522824
2025-05-28,-0.004432100398576333,-0.003897737663953738
2025-05-29,0.0019657867441305044,0.002694366080986921
2025-05-30,-0.0015773142601736012,-0.0013074050449431655
2025-06-02,0.00789843917696409,0.007949823421161444
2025-06-03,0.007816945496870398,0.007395428090047091
2025-06-04,0.002787885929449452,0.0027884694163037797
2025-06-05,-0.007527021932005606,-0.007470032945695924
2025-06-06,0.009775313907236072,0.00961889389514184
2025-06-09,0.0014721523826941585,0.0014686092273626238
2025-06-10,0.006613790587045143,0.006559843343726329
2025-06-11,-0.0033695856679657465,-0.0033112148529826327
2025-06-12,0.0023478182150635796,0.0023975213970287993
2025-06-13,-0.012554801563816054,-0.01240113478543919
2025-06-16,0.013910091125348467,0.013700142148943231
2025-06-17,-0.009751236371736582,-0.009641768976388451
2025-06-18,-0.0001701244715784922,-0.00018098077102119138
2025-06-20,-0.004083101722882176,-0.004043090723090894
2025-06-23,0.010282294601613229,0.01021001332821461
2025-06-24,0.01529207665690202,0.015099933639384883
2025-06-25,0.0025564210649993147,0.0025293148184833843
2025-06-26,0.009350322256740373,0.009270335439823653
2025-06-27,0.003423615876003483,0.003319453673494965
2025-06-30,0.006477103547998464,0.006471894224250845
2025-07-01,-0.008429472747934708,-0.008305898658063634
2025-07-02,0.006965186066507645,0.006899470424147212
2025-07-03,0.009840385050691847,0.009716906154647268
2025-07-07,-0.007532889615451621,-0.007466578629361537
2025-07-08,0.0005614863679803683,0.0005066343417774621
2025-07-09,0.007078930283515028,0.0070482525772641086
2025-07-10,-0.001437940391273207,-0.001405073528524534
2025-07-11,-0.0022506659305776555,-0.0022142457982117767
2025-07-14,0.0036269609520005464,0.0035781597850108194
2025-07-15,0.0009168327403443755,0.000873057347977327
2025-07-16,0.0010239512047232058,0.0010355875697760717
2025-07-17,0.008092660227681625,0.008007207604712543
2025-07-18,-0.0009612012033375361,-0.0009213473483180454
2025-07-21,0.005184771900183405,0.005203618859785236
2025-07-22,-0.005175747905508787,-0.005068913220550332
2025-07-23,0.004561246885077086,0.004457488779283479
2025-07-24,0.002128424016533348,0.0020824108784879077
2025-07-25,0.002406880722116922,0.002362003939355844
2025-07-28,0.003125416895430444,0.0030525352345875997
2025-07-29,-0.0015491498026330985,-0.0014868972391651495
2025-07-30,0.0013398648999181084,0.0012668820712128748
2025-07-31,-0.005299059052360722,-0.0052172177455141275
2025-08-01,-0.019698778454215193,-0.01940499513729607
2025-08-04,0.018451549581937954,0.018308641196528357
2025-08-05,-0.00678958220420578,-0.00672498808222364
2025-08-06,0.01258326751846961,0.012434029053039412
2025-08-07,0.0033843872369123673,0.0033874773830848324
2025-08-08,0.00932811418913948,0.009224275009035384
2025-08-11,-0.002958805683897947,-0.0029788206992169535
2025-08-12,0.012568801878337421,0.01243642612329692
2025-08-13,0.0005000006343736096,0.0005205996102265289
2025-08-14,-0.0007753587051052557,-0.0008067956204657887
2025-08-15,-0.004397496451798988,-0.004363147155068237
2025-08-18,-0.00039835135645394093,-0.00040859011995768833
2025-08-19,-0.01356762185101923,-0.013432125576162768
2025-08-20,-0.005937271677668776,-0.005836845556349138
2025-08-21,-0.004629757069970819,-0.004610484806643792
2025-08-22,0.015427327600024077,0.015328685753242999
2025-08-25,-0.00288465693406581,-0.0028786618562023996
2025-08-26,0.004015125381061413,0.004001054125496643
2025-08-27,0.0015369498817463523,0.0015276456246192344
2025-08-28,0.00625995612885788,0.0062262833879484815
2025-08-29,-0.01157556659656056,-0.011439286576353286
2025-09-02,-0.008380068468362367,-0.008226455091601024
2025-09-03,0.007867435783369237,0.007832047826977703
2025-09-04,0.009051496036939,0.008956994708800644
2025-09-05,0.0014428435948679041,0.0014939542189542322
2025-09-08,0.004878031642496561,0.004879780824800623
2025-09-09,0.0028331090980939777,0.002796951647905971
2025-09-10,0.00032739991849251027,0.0003620927509809842
2025-09-11,0.005820403825840481,0.005772374353902805
2025-09-12,0.00441729672657698,0.004380673459264967
2025-09-15,0.00855697196055516,0.008513353494737653
2025-09-16,-0.0008451824548885156,-0.0008432642247460981
2025-09-17,-0.001995960979915279,-0.0020040668107932634
2025-09-18,0.009016938997374213,0.008897728276114014
2025-09-19,0.006769464257162738,0.006744239492674657
2025-09-22,0.005919971004913149,0.005925488625587954
2025-09-23,-0.006642363484293479,-0.00654492885073847
2025-09-24,-0.003510513157936712,-0.0035051913031320333
2025-09-25,-0.004311189093612278,-0.004263260285456119
2025-09-26,0.004110741597260548,0.004106197579014813
2025-09-29,0.004631181431281162,0.004658186999754831
2025-09-30,0.002739236604982098,0.002738802946204981
2025-10-01,0.0047969198820267955,0.004768666180551128
2025-10-02,0.0041110202945560115,0.004061852926543051
2025-10-03,-0.004209680647454195,-0.004130491483119092
2025-10-06,0.00751015458732307,0.007500606764527046
2025-10-07,-0.005265670505613107,-0.005181526400613258
2025-10-08,0.011463840686665838,0.011414587542584675
2025-10-09,-0.0012101540329940708,-0.0012655904410777037
2025-10-10,-0.034714390535999895,-0.03431028312033288
2025-10-13,0.02122138573815402,0.021102101001587135
2025-10-14,-0.006660944590281437,-0.006553499298314626
2025-10-15,0.007056871176160273,0.007054386600976798
2025-10-16,-0.003702929874781269,-0.0035843365640147707
2025-10-17,0.006566670692867094,0.006430538946319757
2025-10-20,0.012600750316071885,0.012607190208950606
2025-10-21,-0.00026154446872139747,-0.00047892775818776895
2025-10-22,-0.00963398743237176,-0.009542636439581692
2025-10-23,0.008406409230742984,0.008323971102882993
2025-10-24,0.010678280603571011,0.010574364980041124
2025-10-27,0.017809322409608974,0.01754126023228924
2025-10-28,0.007689812405393459,0.007574714417659613
2025-10-29,0.0045029912346759016,0.004430638864007519
2025-10-30,-0.015288557761278021,-0.015078909258858377
2025-10-31,0.004823934700517896,0.004746712945532957
2025-11-03,0.004784805942990689,0.004741299800184852
2025-11-04,-0.020297996503178095,-0.0201564487321961
2025-11-05,0.006507850334943166,0.006466707356889431
2025-11-06,-0.0186272654944466,-0.01843518705344556
2025-11-07,-0.0031553923840655917,-0.003090321442735839
2025-11-10,0.02212420765032408,0.02199782714071187
2025-11-11,-0.0026634982786843953,-0.0026149658543522247
2025-11-12,-0.0007883320159266516,-0.0007192190608236576
2025-11-13,-0.020416045739871547,-0.020265452662666623
2025-11-14,0.000756060262534719,0.0006787586722520747
2025-11-17,-0.00854047742194275,-0.00848190208354273
2025-11-18,-0.012175815178940508,-0.012030812117521038
2025-11-19,0.0059700735105956415,0.005903042367585221
2025-11-20,-0.02367178721760632,-0.023433376799554876
2025-11-21,0.007512738352233983,0.0074367515233870135
2025-11-24,0.025573261083573717,0.025393614123028582
2025-11-25,0.006163769755923587,0.006102573102484325
2025-11-26,0.008835636476900888,0.008795083889639259
2025-11-28,0.008107246699400772,0.008070760879891975
2025-12-01,-0.0033590309023316944,-0.0033493947156737454
2025-12-02,0.007826073319477489,0.007719878689630067
2025-12-03,0.002443824006479467,0.002418210505077159
2025-12-04,-0.0009302875756246332,-0.0009284773278887718
2025-12-05,0.004077547048382701,0.004015141904708469
2025-12-08,-0.0019186002268223312,-0.0019257083846340184
2025-12-09,0.0012333456873865334,0.0012414144544899107
2025-12-10,0.004095732190340096,0.004074662110294359
2025-12-11,-0.003234348809646903,-0.0031581321596027686
2025-12-12,-0.019118403650837057,-0.018925253594004297
2025-12-15,-0.005019386618366428,-0.00495516686330779
2025-12-16,0.0019818029710569895,0.0019664946177543503
2025-12-17,-0.018536947222623112,-0.01832965776465227
2025-12-18,0.01449009500367393,0.014357283938439795
2025-12-19,0.013035461532132642,0.012891515998033905
2025-12-22,0.004793430010577637,0.004826479374683129
2025-12-23,0.004683320360602261,0.004688062403335054
2025-12-24,0.0029256619298831943,0.002897209834911316
2025-12-26,-6.422583026810536e-05,-2.6412422818633208e-05
2025-12-29,-0.004840585173027323,-0.004937643490781258
2025-12-30,-0.00231938702278367,-0.002292710648321046
2025-12-31,-0.008265617813233428,-0.00822389083987242
2026-01-02,-0.001937030089757208,-0.0018898513450949948
2026-01-05,0.007942867948058874,0.007951997722779958
2026-01-06,0.008786595304165923,0.008739046472856195
2026-01-07,0.0009625073552128605,0.0009047817272278241
2026-01-08,-0.005688999652906479,-0.005617133593235463
2026-01-09,0.009960231054889634,0.009909179478133839
2026-01-12,0.0008297496946660932,0.0008850694131233045
2026-01-13,-0.0014828295248142664,-0.001463918078079472
2026-01-14,-0.010682829260163396,-0.01052412513255187
2026-01-15,0.003599460638880725,0.003552453999563507
2026-01-16,-0.0008363469702091786,-0.000857702700879703
2026-01-20,-0.021247109479735737,-0.020931124630074408
2026-01-21,0.013518379690013349,0.013448046554741442
2026-01-22,0.007269381990819612,0.007261539806726569
2026-01-23,0.0031574207370614893,0.0031742607797525845
2026-01-26,0.004400109641740091,0.004422428365204162
2026-01-27,0.009065284268955143,0.00906337006229808
2026-01-28,0.003311530790518269,0.0034084938772361195
2026-01-29,-0.005985273573879568,-0.005913143279060748
2026-01-30,-0.012010841842735376,-0.012257434674388027
2026-02-02,0.006866398739927115,0.00664018593505455
2026-02-03,-0.01536399586025139,-0.014973944046851534
2026-02-04,-0.017469018639952316,-0.017305094728874076
2026-02-05,-0.014395283656087554,-0.014324596992749261
2026-02-06,0.021137860808826403,0.021039395382985698
2026-02-09,0.00766012883518119,0.007675898190862636
2026-02-10,-0.00463933536951211,-0.004592306812826403
2026-02-11,0.0026821150839286823,0.0026958325944497373
2026-02-12,-0.020338908296598457,-0.02022067121064655
2026-02-13,0.0021310481555174565,0.0022332585473325574
2026-02-17,-0.0010301235152248012,-0.0011276899597143695
2026-02-18,0.007467168663116697,0.00744803664224172
2026-02-19,-0.0038296760151973475,-0.0037688395379138584
2026-02-20,0.008848879268714471,0.008831009212059692
2026-02-23,-0.012154960293362826,-0.011924749352652484
2026-02-24,0.010741494985465172,0.010600122450458353
2026-02-25,0.014493229135948082,0.014344008064866937
2026-02-26,-0.01206462296595967,-0.011911738138716543
2026-02-27,-0.0032007554722631726,-0.0031012648176236015
2026-03-02,0.0013173960348471514,0.0013284660435399012
2026-03-03,-0.010705593463400165,-0.010762955106395298
2026-03-04,0.0152431555194954,0.01511735131819922
2026-03-05,-0.0030128350762165246,-0.0030370751387378573
2026-03-06,-0.015043184991970993,-0.014847367569311577
2026-03-09,0.013355596911946321,0.013230670066535864
2026-03-10,1.6508821155447606e-05,3.331794225007972e-05
2026-03-11,-0.00013166574179301893,-0.0001688260370050035
2026-03-12,-0.017163298798049675,-0.017054740379462592
2026-03-13,-0.005927196401395829,-0.0059106089022012325
2026-03-16,0.011217471974299231,0.01112144482730566
2026-03-17,0.004880238904629186,0.004823604265852367
2026-03-18,-0.013939679228290314,-0.013926058699313279
2026-03-19,-0.0031602604803938616,-0.0032676222627745933
2026-03-20,-0.018481707498305466,-0.01847160956936624
2026-03-23,0.01147897110863072,0.011304989664471628
2026-03-24,-0.00683679896234235,-0.006768515466260155
2026-03-25,0.006575620525252512,0.006633601655666702
2026-03-26,-0.0238679346974755,-0.023769750179474157
2026-03-27,-0.019536656388654428,-0.01922049173522301
2026-03-30,-0.0076433718723378785,-0.00754011988361779
2026-03-31,0.0338539047342723,0.033646266501319244
2026-04-01,0.01235319923403444,0.01229438036149683
2026-04-02,0.0011466275762694877,0.000855532228876278
2026-04-06,0.006017365534708441,0.005699142250461639
2026-04-07,0.00015293726776133276,0.000294205328945052
2026-04-08,0.02973204359699433,0.028684406934416668
2026-04-09,0.006764706060207848,0.006617322570684245
2026-04-10,0.0014421643720707866,0.0013326827297224075
2026-04-13,0.010342492251345536,0.009836991153377538
2026-04-14,0.018156978860605744,0.017775355984547124
2026-04-15,0.013999468879013932,0.013221915529123133
2026-04-16,0.004816377928167803,0.00460093690174963
2026-04-17,0.013084122492168948,0.01278386552144521
2026-04-20,-0.0031748489135596802,-0.0032013807266647004
2026-04-21,-0.0038033611282500823,-0.004148070657266144
2026-04-22,0.016730592006778178,0.01624255533920086
2026-04-23,-0.005632679633719162,-0.005439168184424553
2026-04-24,0.019127488040991292,0.01844083069506185
2026-04-27,0.0005271940263615882,0.00036964706741460186
2026-04-28,-0.01005675940252826,-0.009895119398667338
2026-04-29,0.006113568281895798,0.005619404889790003
2026-04-30,0.009326271161375077,0.009263745891130123
2026-05-01,0.009599622702324284,0.009190455594054603
2026-05-04,-0.0018838683316140248,-0.0019805673627563574
2026-05-05,0.012974053527443186,0.012882706156824684
2026-05-06,0.0207743644039613,0.020669968151826465
2026-05-07,-0.00119294120250657,-0.0011941956015250376
2026-05-08,0.023440839756124765,0.02322219417547598
2026-05-11,0.002896391752559735,0.002876115726379696
2026-05-12,-0.00848179079934519,-0.008419176203214055
2026-05-13,0.010562260792873923,0.010421261946234911
2026-05-14,0.007107661780334951,0.007018934271959696
2026-05-15,-0.01508765677820989,-0.015062264693068953
2026-05-18,-0.004302314727503864,-0.004249256367950951
2026-05-19,-0.006162420032067573,-0.006159280962043614
2026-05-20,0.0165637873433373,0.016469162988312726
2026-05-21,0.0019069652512595514,0.001900353926616593
2026-05-22,0.004240666390562975,0.004189703093859599
2026-05-26,0.01775519084555066,0.017585511232124127
2026-05-27,-0.0011365676760621835,-0.0011700017090277952
2026-05-28,0.008430926296248753,0.008379441081219081
2026-05-29,0.0036840758744194346,0.003681428642842288
2026-06-01,0.006000235699257228,0.0058617710386259245
2026-06-02,0.004604508800609031,0.004585976191874536
2026-06-03,-0.0026133209518550693,-0.0026310058822627295
2026-06-04,-0.004837372714928012,-0.004751505185389267
2026-06-05,-0.048000987390768635,-0.04764469221322512
2026-06-08,0.015615708159686381,0.015440409621513758
2026-06-09,-0.01150725833791677,-0.01142909326366502
2026-06-10,-0.019976509699815015,-0.01992345644863963
2026-06-11,0.033775829540639624,0.03356573869073406
2026-06-12,0.005884685554227609,0.005837037061864789
2026-06-15,0.031413766899858864,0.03119495965876835
2026-06-16,-0.0190054215909482,-0.01878921624974585
2026-06-17,-0.010070407460104125,-0.010060022356322538
2026-06-18,0.02506543768158842,0.024816952453016534
2026-06-22,-0.002510106841029036,-0.0025143150584170087
2026-06-23,-0.03292904314782186,-0.032654864475715445
2026-06-24,-0.004245819650027571,-0.004277873109581054
2026-06-25,0.008105611726630269,0.008064889163424028
2026-06-26,-0.013763624451261891,-0.013577578145124204
2026-06-29,0.02485421088315598,0.024556667681803184
2026-06-30,0.017014704222630295,0.016811186954490222
2026-07-01,-0.015249920059189237,-0.015098047806881294
2026-07-02,-0.0173338770502538,-0.00791838640484197
2026-07-06,0.014341891788442807,0.01000068432511954
2026-07-07,-0.018524687353312697,-0.013517729821717825
2026-07-08,0.0028332742995806903,0.00037157849321001635
2026-07-09,0.016642340625870666,0.01177935089172212
2026-07-10,0.0030831495110790197,0.0018268313374860958
2026-07-13,-0.01897977883950741,-0.015461015829540521
2026-07-14,0.011169826504172864,0.008894912774275789
2026-07-15,-0.0027095168758561883,-0.0019613348026522523
2026-07-16,-0.016440476988256347,-0.01273104377737346
2026-07-17,-0.015029585113333743,-0.008375300678341973
2026-07-20,0.0010498331020645235,-0.00016159549622447235
2026-07-21,0.018547213156597353,0.014116496878868868
2026-07-22,-0.0051059921672140796,-0.0010987399223057774
2026-07-23,-0.018983418269884478,-0.01457036975541274
2026-07-24,-0.011171225588817335,-0.006792945354002966
2026-07-27,-0.003083737064772274,-0.0011783163962163306
2026-07-28,-0.009719704641792282,-0.007766330352072575
2026-07-29,-0.020370412536868443,-0.013757559979636824
2026-07-30,0.03297418579817357,0.022865042020328713
2026-07-31,0.006495505114023192,0.0017020630205358226
2026-08-03,0.01755841983352746,0.011410752429526059
2026-08-04,0.03396798607698037,0.031981074766511595
2026-08-05,-0.009048819525894536,-0.007817746437015225
2026-08-06,-0.0036943586003025386,-0.0035670043777681175
2026-08-07,0.011726026161784864,0.011580548336349406
2026-08-10,-0.002987475059369915,-0.002762265982294357
