date,QQQ,Ensemble_VolTarget22_fast_ultra_50_50_Buffer1_goldcash
2007-05-30,1.0,1.0
2007-05-31,1.0046617208472262,1.0000430792090036
2007-06-01,1.0052976629809176,1.0002991432291983
2007-06-04,1.0082641354478976,1.0005182157561043
2007-06-05,1.0082641354478976,1.0004870944549422
2007-06-06,0.9974568916483547,1.0009104668632318
2007-06-07,0.9819881156246285,1.0005751964607896
2007-06-08,0.9940663948853902,1.0007383256881108
2007-06-11,0.9921596059135224,1.0012124448252202
2007-06-12,0.98622581217587,1.0002720665666793
2007-06-13,0.9970329616638914,1.00120200984685
2007-06-14,1.0036019430405922,1.0016399012457298
2007-06-15,1.0128700239140298,1.0025470517416897
2007-06-18,1.013081941751737,1.002757226596971
2007-06-19,1.0128700239140298,1.0028031474422083
2007-06-20,1.0033268365305414,1.0029375272398826
2007-06-21,1.0124460939295665,1.0029280441295556
2007-06-22,1.0029022463654285,1.0038058676256902
2007-06-25,0.998660871667326,1.0033649157552298
2007-06-26,0.992934940374434,1.003534071370922
2007-06-27,1.0082045306084213,1.0033363985296344
2007-06-28,1.0077802233778725,1.003804534997859
2007-06-29,1.0094767921194179,1.0042619803637454
2007-07-02,1.0185962381414857,1.0046054928872294
2007-07-03,1.024534275892655,1.0093834555158996
2007-07-05,1.0319567759270922,1.016587729809074
2007-07-06,1.0361983392507097,1.0207465952873969
2007-07-09,1.0368344700049719,1.0213952131379171
2007-07-10,1.0281394255249738,1.0129468909418384
2007-07-11,1.0351379955749478,1.01974485439963
2007-07-12,1.0510433393195837,1.03529657142611
2007-07-13,1.058254015827835,1.042349362740333
2007-07-16,1.0571934835315029,1.0413105378520875
2007-07-17,1.0652519256971595,1.0491625551313288
2007-07-18,1.0639801357437697,1.047985009719984
2007-07-19,1.067161166768583,1.051127345990203
2007-07-20,1.0614353297872126,1.0455775761101926
2007-07-23,1.061859354083197,1.0459776617406258
2007-07-24,1.0461657395532253,1.0306527690907765
2007-07-25,1.0476503904570635,1.0320726228547696
2007-07-26,1.0387431452072668,1.0233105735054788
2007-07-27,1.0177481895495162,1.0028008778108932
2007-07-30,1.02962379349672,1.0144056146769966
2007-07-31,1.007992424147671,0.9933290898507965
2007-08-01,1.0158394200356995,1.001005723302041
2007-08-02,1.025170878206996,1.0101218012962325
2007-08-03,1.0056594417172995,0.991111931841838
2007-08-06,1.017323505072882,1.0025039262975701
2007-08-07,1.0245342758926548,1.0095548727437793
2007-08-08,1.035773843397118,1.020524503492508
2007-08-09,1.0118095859292187,0.9970700925508388
2007-08-10,1.0026901399071508,0.9882169671055289
2007-08-13,1.0094767921194177,0.994828254338665
2007-08-14,0.9922989982407424,0.9780553731747478
2007-08-15,0.9734238811308229,0.9596129274868902
2007-08-16,0.9638805994358132,0.9502486221530275
2007-08-17,0.9821193971684277,0.968081371362851
2007-08-20,0.9867849847855577,0.9726406316273802
2007-08-21,0.9971769752531863,0.9827911501521409
2007-08-22,1.0107490536304142,0.9960601187434756
2007-08-23,1.0079924241476712,0.9933635337548468
2007-08-24,1.0222015763968475,1.0072885065694406
2007-08-27,1.0154152071166724,1.0006407282803715
2007-08-28,0.99123846594441,0.9770178165911703
2007-08-29,1.0196566761287689,1.0047952807751983
2007-08-30,1.0249582058795905,1.0099610206495948
2007-08-31,1.0364102570859446,1.0211727522605583
2007-09-04,1.0535887111452695,1.0379988474156518
2007-09-05,1.042985085774498,1.0276716447701726
2007-09-06,1.0421364713134005,1.0269129979661804
2007-09-07,1.0228373299050242,1.0081268307815154
2007-09-10,1.0222015763968475,1.0075325657003678
2007-09-11,1.0376828015315052,1.022683212163755
2007-09-12,1.0378947193692123,1.0228990790262613
2007-09-13,1.0429850857744978,1.027833894183154
2007-09-14,1.0438328514319029,1.0286671927772821
2007-09-17,1.035137995574948,1.020239954561976
2007-09-18,1.0612228460803774,1.0457333836490272
2007-09-19,1.0639801357437702,1.0484160095971031
2007-09-20,1.0610113054912282,1.0455366633610914
2007-09-21,1.068564992757943,1.0529044565364931
2007-09-24,1.0734450446213848,1.0576729124998476
2007-09-25,1.0836305873170735,1.067609177346268
2007-09-26,1.0889346634764998,1.0727702230263418
2007-09-27,1.094451694897896,1.0781840740242632
2007-09-28,1.0908440931684935,1.0746973082830005
2007-10-01,1.103363089854633,1.0869571007417604
2007-10-02,1.1035752906244318,1.087091765188791
2007-10-03,1.0959371946078988,1.0796147127829068
2007-10-04,1.0984829436771975,1.0821661428755103
2007-10-05,1.1207621384017417,1.1039040655352554
2007-10-08,1.1277650467792264,1.1106876234795549
2007-10-09,1.1326449100196254,1.115477416590891
2007-10-10,1.1354032371072809,1.1181840765277669
2007-10-11,1.117367397622788,1.1006385240434895
2007-10-12,1.1358271670917441,1.1186435905351548
2007-10-15,1.1271277842842355,1.110200287359977
2007-10-16,1.1218235195017665,1.10502714788289
2007-10-17,1.1362519458798996,1.1190962877126138
2007-10-18,1.14113190343182,1.1239189679146213
2007-10-19,1.112698980662489,1.0961929418375154
2007-10-22,1.126066969053339,1.1091792453258547
2007-10-23,1.1496196513361854,1.1321726059288033
2007-10-24,1.1409200799081063,1.1237289342670491
2007-10-25,1.1256429447573542,1.1088776957129332
2007-10-26,1.144315103619152,1.1271802458517206
2007-10-29,1.148983049024316,1.131775644927663
2007-10-30,1.151316691635337,1.1340118232915948
2007-10-31,1.1676552078861135,1.149999557762375
2007-11-01,1.1458006033291546,1.128668030761248
2007-11-02,1.154712186906462,1.137468211802233
2007-11-05,1.147285820102121,1.1302336506619273
2007-11-06,1.1602290297048155,1.1429266223937864
2007-11-07,1.1320077418386276,1.1154346978879406
2007-11-08,1.0976342349070503,1.0819015419735385
2007-11-09,1.060926142246766,1.0461071516371918
2007-11-12,1.0339790021195299,1.0196159463307086
2007-11-13,1.0766279618741523,1.0612862847116353
2007-11-14,1.062835760564275,1.0478669928102522
2007-11-15,1.0571067169936503,1.0422000414013808
2007-11-16,1.066867386589662,1.0517185347205125
2007-11-19,1.0545609679218793,1.0397071801052813
2007-11-20,1.0588045117825011,1.043965414875662
2007-11-21,1.0462855150988342,1.031731528168151
2007-11-23,1.0575314014702846,1.0428162388938038
2007-11-26,1.0392831725904779,1.025022006209254
2007-11-27,1.060077810720233,1.0452727500827523
2007-11-28,1.0923294985669747,1.076737590916873
2007-11-29,1.0969979155272735,1.0812342715054852
2007-11-30,1.0887225570157497,1.0731166304526578
2007-12-03,1.0795984897340793,1.0642762860099448
2007-12-04,1.0751424621666223,1.0613507824909936
2007-12-05,1.094451694897896,1.077004976140242
2007-12-06,1.1101529486561539,1.0901610031555127
2007-12-07,1.1103654323605168,1.0896993919933822
2007-12-10,1.114821176995882,1.0942680992942815
2007-12-11,1.0889346634764994,1.0721892988572674
2007-12-12,1.0986951444494684,1.081137125677652
2007-12-13,1.092753711486002,1.075081919717533
2007-12-14,1.081508485295201,1.0650802434059086
2007-12-17,1.0551973816107056,1.042964280641303
2007-12-18,1.058592216701181,1.046926920920798
2007-12-19,1.058380015931382,1.0471516964906074
2007-12-20,1.0800229855876704,1.0647793457363934
2007-12-21,1.1013272828130063,1.0831944709912056
2007-12-24,1.109611223665558,1.0900754360944402
2007-12-26,1.1151333479066359,1.0953813219065593
2007-12-27,1.101752344535726,1.0843985210228477
2007-12-28,1.1006901146320092,1.0850932489040122
2007-12-31,1.0879454306384042,1.0739941357660185
2008-01-02,1.0707404750613527,1.0617608925543116
2008-01-03,1.0752011238908847,1.066006732958864
2008-01-04,1.0280471889238267,1.0197175436041888
2008-01-07,1.0231612897510047,1.0149368661992118
2008-01-08,0.9966106349728193,0.9889407992338728
2008-01-09,1.017851460591247,1.0098167750682154
2008-01-10,1.019338657906162,1.0113144068380826
2008-01-11,0.9993722629637223,0.9917294778577215
2008-01-14,1.0167893249990512,1.0088888319620162
2008-01-15,0.9887516615314654,0.9812974889461052
2008-01-16,0.9781315316568158,0.9707743178919396
2008-01-17,0.9645372900868996,0.957397765190402
2008-01-18,0.9632631423479481,0.956158984668277
2008-01-22,0.9384112254762995,0.9317470378743599
2008-01-23,0.9348004171576427,0.9282101352397956
2008-01-24,0.9539174431468139,0.9470359807490936
2008-01-25,0.934375638369487,0.9278430727054199
2008-01-28,0.9415978208759286,0.9350122424385371
2008-01-29,0.9432967474055082,0.9366554360427887
2008-01-30,0.9424470012061542,0.93582893005664
2008-01-31,0.9585900098140528,0.9517063270349243
2008-02-01,0.9683602991778274,0.9612622840950109
2008-02-04,0.9547667177885608,0.949263180404634
2008-02-05,0.9275789891433718,0.9248377253994513
2008-02-06,0.9093118036626036,0.9095375446385388
2008-02-07,0.9156839570351271,0.9150156329487128
2008-02-08,0.9260918861399778,0.9246978849055215
2008-02-11,0.9360751307657222,0.9338016832293151
2008-02-12,0.9307649243623514,0.928354316475506
2008-02-13,0.9511558151583825,0.9459083147255001
2008-02-14,0.9339513311389379,0.9306649741371257
2008-02-15,0.9307649243623514,0.9279411806013121
2008-02-19,0.9290662807698082,0.9273277624369975
2008-02-20,0.9333137857118553,0.9319178981866194
2008-02-21,0.9243926766783065,0.9241175499790811
2008-02-22,0.9277909069786066,0.9272607053150884
2008-02-25,0.9324640395125016,0.9308383199865248
2008-02-26,0.9360751307657222,0.9346357462682667
2008-02-27,0.9407479803675254,0.938914890673372
2008-02-28,0.9371364175566976,0.9364353417044677
2008-02-29,0.9122856324233055,0.9149234567177297
2008-03-03,0.9063381635249439,0.9103173908943056
2008-03-04,0.9114357919124303,0.9151942942603153
2008-03-05,0.9158960634958767,0.9197158558391081
2008-03-06,0.8957178450272512,0.8995989925358462
2008-03-07,0.8935937624659029,0.8974765797327101
2008-03-10,0.876388901200373,0.8803825467357604
2008-03-11,0.909736582450759,0.9135543110923945
2008-03-12,0.9071880040358191,0.9110814275137867
2008-03-13,0.9141973255893399,0.9180787363382195
2008-03-14,0.8974171488029163,0.901431470440591
2008-03-17,0.881061467867612,0.8851846356056707
2008-03-18,0.9203569952599728,0.9241982142044256
2008-03-19,0.8976293495727152,0.9015047575989915
2008-03-20,0.9159742476902292,0.9196315359797934
2008-03-24,0.9476479006353711,0.9510856415675846
2008-03-25,0.9529621624316883,0.956461475404514
2008-03-26,0.9501989311498663,0.9537512938935099
2008-03-27,0.9291537074858379,0.9328369050262599
2008-03-28,0.9244777456087742,0.9281342739835113
2008-03-31,0.9293666627478079,0.9329631286913624
2008-04-01,0.9691172429069053,0.9723370032628847
2008-04-02,0.9669918399842578,0.9723907233026602
2008-04-03,0.9691172429069054,0.974354078105736
2008-04-04,0.9748570379810768,0.9798485554985241
2008-04-07,0.9727313521263375,0.978722738115146
2008-04-08,0.9652913101612872,0.9722747953041764
2008-04-09,0.9544501142387743,0.9649836757789344
2008-04-10,0.9680549186916669,0.9755486668839696
2008-04-11,0.9412705601316442,0.953797195534092
2008-04-14,0.9370196599773001,0.9500138510460322
2008-04-15,0.9382945622084228,0.9512533315539807
2008-04-16,0.964441281027369,0.9737730608594105
2008-04-17,0.9623148406804588,0.9715551462426927
2008-04-18,0.9929261694103624,0.9949722507827733
2008-04-21,0.9999406780950862,1.000243296303275
2008-04-22,0.9850604055419429,0.9883311177404174
2008-04-23,0.9959014128414129,0.9961410532022917
2008-04-24,1.0048295009225985,1.0015142998242859
2008-04-25,1.0022786590336181,0.9993728317137037
2008-04-28,1.0041919554955157,1.0014728782353144
2008-04-29,1.0118445754789225,1.0061192561469705
2008-04-30,1.0035544100684328,1.000022394122062
2008-05-01,1.0352276857674891,1.0235171038943587
2008-05-02,1.036715826197618,1.0248055739948667
2008-05-05,1.0337396396513536,1.0219517208574644
2008-05-06,1.0401167915320375,1.028201184662723
2008-05-07,1.021197819594349,1.0096361990103706
2008-05-08,1.0288507225098478,1.017206323434766
2008-05-09,1.0248118345022599,1.013266244677451
2008-05-12,1.043518039798549,1.0315790399069138
2008-05-13,1.0462814597058863,1.0341899843548295
2008-05-14,1.0439429128982263,1.0318984741329564
2008-05-15,1.062224056474268,1.0498806814067148
2008-05-16,1.0630745571633207,1.0507998689622062
2008-05-19,1.0554218428708646,1.0433382752931906
2008-05-20,1.0473438782326463,1.0355007816761281
2008-05-21,1.0241741947636562,1.0128627736734042
2008-05-22,1.0277877381139604,1.0163565958332186
2008-05-23,1.0245991621748547,1.0132354114849635
2008-05-27,1.0426681049786253,1.0308491019115078
2008-05-28,1.0469192880675335,1.034984760591623
2008-05-29,1.0562725321854325,1.0440373999259303
2008-05-30,1.063074557163321,1.0507330761918245
2008-06-02,1.0501076753860692,1.0380677601663966
2008-06-03,1.044368068932468,1.0324073633544422
2008-06-04,1.0577602010554825,1.0455019218413453
2008-06-05,1.0745537700705237,1.0619368896053665
2008-06-06,1.0422419115176496,1.0304156827305453
2008-06-09,1.0367158261976188,1.0249801610941642
2008-06-10,1.0318263431869847,1.0200868531380445
2008-06-11,1.0069556583374175,0.9958095652783587
2008-06-12,1.008018076864177,0.9967739827669403
2008-06-13,1.028212894148202,1.016559601788015
2008-06-16,1.0373535602477444,1.0255532123019369
2008-06-17,1.031826343186985,1.0201592806824482
2008-06-18,1.020772663560109,1.0093956807187394
2008-06-19,1.036715826197619,1.0250121134626933
2008-06-20,1.008721640309245,0.997623404614783
2008-06-23,1.0008510665581802,0.9898587091491947
2008-06-24,0.9957456103193646,0.9848814204790673
2008-06-25,1.0119122911018208,1.0007170362100577
2008-06-26,0.9710699615550683,0.9608305353227673
2008-06-27,0.9710699615550683,0.9608833523597964
2008-06-30,0.9608596149490379,0.9508899199560815
2008-07-01,0.9744733789890437,0.9642783496083742
2008-07-02,0.9510744243747762,0.9463433087999903
2008-07-03,0.9493727628135491,0.9438722033140247
2008-07-07,0.9551158587909687,0.9477499472581238
2008-07-08,0.977877173666632,0.9657337963967875
2008-07-09,0.9519248307523073,0.9460893027461877
2008-07-10,0.963199293492482,0.9564707800651174
2008-07-11,0.9478833020245933,0.9450337216079218
2008-07-14,0.9408642663893162,0.9403460478056229
2008-07-15,0.9410763728475938,0.9405215249284095
2008-07-16,0.9644753274618613,0.9570271005743566
2008-07-17,0.9708570062930986,0.9614536783189677
2008-07-18,0.9485214133208043,0.9437498655238635
2008-07-21,0.9525632249830823,0.9480691015021921
2008-07-22,0.9525632249830823,0.9463468069271109
2008-07-23,0.9651140046272002,0.9540407290858833
2008-07-24,0.9506488910944495,0.9435329530754455
2008-07-25,0.9629865268535549,0.9528736927984864
2008-07-28,0.9449053235594232,0.9390724321103737
2008-07-29,0.9644753274618612,0.953707091646332
2008-07-30,0.9693680170617496,0.9571492206467365
2008-07-31,0.9670285271388758,0.9557739828866555
2008-08-01,0.9546901368875994,0.9452554685431284
2008-08-04,0.945118184512344,0.9359664952186745
2008-08-05,0.9770264843520645,0.9632883600529163
2008-08-06,0.9919167539190565,0.9765302138818039
2008-08-07,0.9842591354299615,0.9698046928357363
2008-08-08,1.0065944454701636,0.9887713067185023
2008-08-11,1.0157415247482144,0.9953943516494023
2008-08-12,1.0168050750107582,0.9960062650120171
2008-08-13,1.0146778801716771,0.9946495906473196
2008-08-14,1.0263774046345715,1.0037592899386842
2008-08-15,1.0244625991883318,1.0013930588431865
2008-08-18,1.0125503080865104,0.9918000593301369
2008-08-19,0.9999999999999992,0.9816480332629123
2008-08-20,1.001702227427882,0.9829057989539018
2008-08-21,0.9970217386002648,0.9800523181991125
2008-08-22,1.0102104409175507,0.9911355973026172
2008-08-25,0.9889383038987514,0.9724631051042303
2008-08-26,0.9876621756178509,0.9716397555136572
2008-08-27,0.9940438544490879,0.9773631990123809
2008-08-28,1.0021270062160372,0.984897838861507
2008-08-29,0.981067918770729,0.9660448850613198
2008-09-02,0.9689427667159867,0.954156149986401
2008-09-03,0.9597957817494573,0.9452879037257709
2008-09-04,0.9287383598448747,0.9154213556825882
2008-09-05,0.9242709205907488,0.9111309793482998
2008-09-08,0.9225697305871285,0.9095736720155126
2008-09-09,0.9029994437501266,0.8904782146431574
2008-09-10,0.9104445785348585,0.8974233688377726
2008-09-11,0.9274620429409315,0.913619347831008
2008-09-12,0.9238456702449862,0.9104479712339165
2008-09-15,0.8951287756875402,0.8831506030537419
2008-09-16,0.9021488487495525,0.8897612834311256
2008-09-17,0.8553497134712398,0.8457078991759405
2008-09-18,0.8842798462252197,0.8733633965448171
2008-09-19,0.9131866840507274,0.9013901886840444
2008-09-22,0.8701880174270414,0.8602744271416355
2008-09-23,0.8635896108754517,0.8538498087673622
2008-09-24,0.8695500004423519,0.8594587228108961
2008-09-25,0.8833857736454344,0.8727933224399101
2008-09-26,0.8744452364508449,0.8642579083268
2008-09-29,0.8050518118825437,0.7977125664782153
2008-09-30,0.828254410050241,0.8197047671673457
2008-10-01,0.8195272996752282,0.8113919089877343
2008-10-02,0.7822752657073045,0.7865083304365573
2008-10-03,0.7701422858037055,0.7818293668006084
2008-10-06,0.7420444044729908,0.7709872131465684
2008-10-07,0.6950012854644284,0.7505412779148303
2008-10-08,0.689466712112419,0.7505247174320173
2008-10-09,0.670947667893075,0.7401802657549085
2008-10-10,0.6666901659371798,0.7242897585866814
2008-10-13,0.7477911314402748,0.7661191788636994
2008-10-14,0.715435983931232,0.7509758749298937
2008-10-15,0.6513642717644919,0.7197620625127487
2008-10-16,0.686699614058221,0.7318064290355342
2008-10-17,0.6875508692394444,0.7275728702356966
2008-10-20,0.7067085906216551,0.7439169112224986
2008-10-21,0.6700962240888089,0.7209869161766321
2008-10-22,0.6515770855604159,0.7034226864983761
2008-10-23,0.6490225655245745,0.7019968937736579
2008-10-24,0.628161956531359,0.691773671712053
2008-10-27,0.6107070284486316,0.6822197738409771
2008-10-28,0.6781848930785221,0.7223583152528996
2008-10-29,0.6764820054675174,0.7207911783778486
2008-10-30,0.6990454549147408,0.7306724618420606
2008-10-31,0.7001097596694554,0.7272785757307563
2008-11-03,0.6986198744774174,0.7264514294651873
2008-11-04,0.7184160844019246,0.7459006161300145
2008-11-05,0.6809522740648121,0.7289952418960123
2008-11-06,0.6505125450256616,0.7163431760257067
2008-11-07,0.6639230678829817,0.722275306141164
2008-11-10,0.6549828136229564,0.7217586104032302
2008-11-11,0.6407208941183669,0.7140769927878775
2008-11-12,0.6111327975065254,0.6993488790948266
2008-11-13,0.6483840298252813,0.7178939991666662
2008-11-14,0.6168799488744193,0.7115278125488784
2008-11-17,0.6038953365435112,0.7069638769237118
2008-11-18,0.6032570837787822,0.7060599006523027
2008-11-19,0.5717529556733957,0.6971838520836219
2008-11-20,0.5440807019345288,0.6923167453517671
2008-11-21,0.5677084561339948,0.7172216293050094
2008-11-24,0.6024051684169092,0.7327068809052605
2008-11-25,0.5996382118312292,0.7348159975129854
2008-11-26,0.6247560870027727,0.7419646027462511
2008-11-28,0.6198602851251516,0.741364291504145
2008-12-01,0.5732428880199583,0.7159913705280763
2008-12-02,0.5924006565591659,0.7283450892222806
2008-12-03,0.6092170489450722,0.7342061242262299
2008-12-04,0.5919749346557965,0.7254168822169542
2008-12-05,0.6160287408501928,0.7324548605961421
2008-12-08,0.6402952665265191,0.7463878146419713
2008-12-09,0.6388051455569137,0.7468737984118745
2008-12-10,0.6366765832020088,0.7544442222981972
2008-12-11,0.6192217494283305,0.7491016307590288
2008-12-12,0.6317804512352989,0.7549003003382013
2008-12-15,0.6207117760864145,0.7543152390364515
2008-12-16,0.6505125450256617,0.774347444600924
2008-12-17,0.6426366898343447,0.7733927599207191
2008-12-18,0.6313549651119691,0.7675108157400385
2008-12-19,0.636534927398276,0.7672703794587727
2008-12-22,0.6226786886098901,0.762720403065621
2008-12-23,0.6194808229921102,0.7588320155563573
2008-12-24,0.6211863041662441,0.7615077494879644
2008-12-26,0.6209731602812315,0.766445638412617
2008-12-29,0.6158570940024427,0.7651848178884313
2008-12-30,0.6286475662087688,0.7716821504185927
2008-12-31,0.6339768235246224,0.7741505157346921
2009-01-02,0.661476345836952,0.7840839021035177
2009-01-05,0.661263107640418,0.7818595113069692
2009-01-06,0.6678714168943345,0.7879602216761219
2009-01-07,0.6488992061411535,0.7688304723011703
2009-01-08,0.6557202820364695,0.7761248323122459
2009-01-09,0.6410117034856004,0.7621736859267313
2009-01-12,0.6292870921753277,0.7493364656792066
2009-01-13,0.6295001889058158,0.7493935386858402
2009-01-14,0.6103148342676222,0.7309839465679204
2009-01-15,0.6203338229352426,0.7408712169226538
2009-01-16,0.6271553703856932,0.748825802063591
2009-01-20,0.596032166240693,0.7205788547999609
2009-01-21,0.6213996838288239,0.7438533946747133
2009-01-22,0.6130859877122948,0.7359665488041349
2009-01-23,0.6160701907329308,0.7411359622746024
2009-01-26,0.6205470611317768,0.7458530612881885
2009-01-27,0.6250234599730159,0.7502588160459995
2009-01-28,0.6469805339274826,0.7696700213560342
2009-01-29,0.6305661912679155,0.755193721288634
2009-01-30,0.6194808229921102,0.7456154318574301
2009-02-02,0.6269421321891594,0.7516267949993166
2009-02-03,0.636748118437813,0.7571150491044926
2009-02-04,0.6376009769148998,0.7586991954638314
2009-02-05,0.6516701238107311,0.7701239874026852
2009-02-06,0.6687240867483786,0.7813881852293157
2009-02-09,0.6714953345070447,0.7819234137826043
2009-02-10,0.646767201419427,0.767182909948996
2009-02-11,0.6437828569302728,0.7680191629908101
2009-02-12,0.651670123810731,0.7739558764128068
2009-02-13,0.6486858264785736,0.7697833379328668
2009-02-17,0.6228918324949024,0.7549730067417465
2009-02-18,0.6233181202674,0.755972829298139
2009-02-19,0.6137255608358506,0.7471193020566783
2009-02-20,0.6154309005439387,0.7504075854773337
2009-02-23,0.5939004444510582,0.7342446097435499
2009-02-24,0.6135122283277952,0.7463836449534268
2009-02-25,0.6094620701020567,0.7409775700660112
2009-02-26,0.5924081071619367,0.7273825144929741
2009-02-27,0.5868657059585982,0.7222499280834578
2009-03-02,0.5678933065848467,0.7063442494132347
2009-03-03,0.5674669245008278,0.7037922614440659
2009-03-04,0.582602120913283,0.7148001400775588
2009-03-05,0.5651218702031379,0.7046478193511293
2009-03-06,0.5606451412703378,0.7011757872069825
2009-03-09,0.5487075747005676,0.6892470651808758
2009-03-10,0.5826021209132831,0.7135036954057117
2009-03-11,0.5915554373103652,0.7218303851746285
2009-03-12,0.6111672211871022,0.7394851164674427
2009-03-13,0.6126596999422694,0.7409610135083479
2009-03-16,0.6024274259211182,0.7327554122102544
2009-03-17,0.6252370282611106,0.7498708993820027
2009-03-18,0.6331242951390964,0.7616014931003895
2009-03-19,0.6326978187460285,0.7628212002391696
2009-03-20,0.6230679119792122,0.7543645855280057
2009-03-23,0.6597942539052838,0.7817742430565197
2009-03-24,0.6476231250172498,0.7712836157339503
2009-03-25,0.6506128452581775,0.7739855761526693
2009-03-26,0.6706840673812143,0.789820654642433
2009-03-27,0.6580861320085516,0.7793032680483234
2009-03-30,0.6418579601586637,0.7658661985792843
2009-03-31,0.6474098396637191,0.7709009986013575
2009-04-01,0.6570183377300184,0.7794381014563099
2009-04-02,0.6781574484455819,0.8039151557422092
2009-04-03,0.6907556667503366,0.8186471594865548
2009-04-06,0.6890472147645156,0.8165523948559053
2009-04-07,0.670897494200791,0.7953057619360548
2009-04-08,0.6822144914074357,0.8086033052033151
2009-04-09,0.7033535549660024,0.8333819323674887
2009-04-13,0.7022855720644264,0.832185305851168
2009-04-14,0.6937448682766603,0.8221452303521383
2009-04-15,0.6918231780943053,0.8199021904348274
2009-04-16,0.7097594246839285,0.840888009534077
2009-04-17,0.7112537896695232,0.8425983025168001
2009-04-20,0.6884067928372669,0.8158742078747414
2009-04-21,0.6980156209951272,0.8271354785200274
2009-04-22,0.7001505965285405,0.8296436460770155
2009-04-23,0.7069833198880926,0.837710214028602
2009-04-24,0.7193680642162736,0.8522543392868843
2009-04-27,0.7202220544316169,0.853244143062582
2009-04-28,0.7148839789922237,0.8469270087116038
2009-04-29,0.7247059981896211,0.8584593407665861
2009-04-30,0.7319657166543725,0.8669307905494317
2009-05-01,0.7338875483027734,0.8691894844249952
2009-05-04,0.7484074096353585,0.8862844698391604
2009-05-05,0.7477667990850675,0.8855204274447429
2009-05-06,0.7479804145276869,0.8858055065898583
2009-05-07,0.7304710215796894,0.865241733220858
2009-05-08,0.7308982053079315,0.8657794614162995
2009-05-11,0.7334605531975742,0.8687911458803681
2009-05-12,0.7244922884354805,0.8583197173183036
2009-05-13,0.7050616768602626,0.835532153259436
2009-05-14,0.7129621944983477,0.8448024670467037
2009-05-15,0.7125350579246302,0.8442991766632769
2009-05-18,0.7311116792845049,0.8660354329156077
2009-05-19,0.7345282060100614,0.8700701798956361
2009-05-20,0.7319657166543726,0.867102561887024
2009-05-21,0.7185138853803602,0.8513387192162867
2009-05-22,0.7161651529358092,0.8485844692025626
2009-05-26,0.7428558602218641,0.8798876150653158
2009-05-27,0.7377314945366116,0.8738292303917475
2009-05-28,0.7462719625443383,0.8839059466766405
2009-05-29,0.7554539370581004,0.8947802065458488
2009-06-01,0.7770198542582929,0.920038352495773
2009-06-02,0.778087648536826,0.9213096719995415
2009-06-03,0.7757387274692321,0.9184894215468303
2009-06-04,0.7844933767887065,0.9287927495055504
2009-06-05,0.7853470369124887,0.9296965147180376
2009-06-08,0.7829985402455049,0.9269300205897896
2009-06-09,0.7889773205467104,0.9339447653797986
2009-06-10,0.7862009328163104,0.9306841237201422
2009-06-11,0.7862009328163104,0.9307104129217623
2009-06-12,0.78257116789422,0.9264318030038804
2009-06-15,0.7665569415760403,0.9076194179912062
2009-06-16,0.7590835133571481,0.898904970328665
2009-06-17,0.7663436090679849,0.9074223613948375
2009-06-18,0.7648489139933016,0.9056482794185137
2009-06-19,0.7730582544868405,0.9152881715268572
2009-06-22,0.7499692544662833,0.8881885081158263
2009-06-23,0.7482588690955104,0.8862058152402632
2009-06-24,0.7608725073228835,0.9010060053115818
2009-06-25,0.7758374244058848,0.9186194278223404
2009-06-26,0.7775482341772676,0.9206259572756244
2009-06-29,0.7792583366134764,0.9226361120465082
2009-06-30,0.7777619439314084,0.9208398412465834
2009-07-01,0.7781894577512114,0.9213918422007088
2009-07-02,0.7610859341449323,0.9012854684660595
2009-07-06,0.7570243170755281,0.8965070122655946
2009-07-07,0.7382111625906471,0.8744397150182411
2009-07-08,0.7420587869688741,0.8789223599705523
2009-07-09,0.7433416585198439,0.8804208269827158
2009-07-10,0.746548483724737,0.8841936213817824
2009-07-13,0.7608725073228831,0.9010208903357049
2009-07-14,0.7636512528413173,0.9042839599485178
2009-07-15,0.7893059959638145,0.9343897397446242
2009-07-16,0.7987132333869045,0.9454219536162347
2009-07-17,0.8029886545194985,0.9504025971428567
2009-07-20,0.8106849407051596,0.959485743147091
2009-07-21,0.8162434691662909,0.9660294308787927
2009-07-22,0.8230849163353887,0.9740386267454928
2009-07-23,0.8412568472463259,0.9953216429158008
2009-07-24,0.8348430082110245,0.9878356405886857
2009-07-27,0.8412568472463259,0.9953410958121568
2009-07-28,0.8354841374734471,0.9885170668941863
2009-07-29,0.8410426659345782,0.9949964154601867
2009-07-30,0.8459605366908938,1.0008106910047057
2009-07-31,0.8433945106568621,0.9978884348414967
2009-08-03,0.8560081960412323,1.0126701302685834
2009-08-04,0.8560081960412323,1.0126753377065518
2009-08-05,0.8493808358748328,1.004882815141605
2009-08-06,0.841898165131791,0.9961186127301186
2009-08-07,0.8525872366791161,1.00860414626676
2009-08-10,0.8466014773327458,1.001583963265893
2009-08-11,0.8393326106553662,0.9930862311906332
2009-08-12,0.8523738098595394,1.0083553206764064
2009-08-13,0.8570772163695431,1.0139096377904195
2009-08-14,0.8472428895297324,1.002373265641016
2009-08-17,0.8226574025155858,0.9735350674398884
2009-08-18,0.8344156830142643,0.9873200744622155
2009-08-19,0.8401879212295363,0.9941182843647397
2009-08-20,0.8500219651372553,1.0056500128082775
2009-08-21,0.8613528261276521,1.018959395064483
2009-08-24,0.8604976098650033,1.0179362353400625
2009-08-25,0.863063164341428,1.020960723948431
2009-08-26,0.8615664415702715,1.0192178334935844
2009-08-27,0.863704670849936,1.0217286750312802
2009-08-28,0.864558943997371,1.022760329316617
2009-08-31,0.8557943919755698,1.0124712798868511
2009-09-01,0.8397602187866903,0.9936953920862502
2009-09-02,0.8391185236551397,0.9930475350006547
2009-09-03,0.8446770521187431,0.9995952274319161
2009-09-04,0.8628496432103298,1.0208689796424495
2009-09-08,0.8709731602787576,1.0303743273565107
2009-09-09,0.8784560196448421,1.03912039495287
2009-09-10,0.886793246469883,1.0489329079281562
2009-09-11,0.8876491229131815,1.0499808449491865
2009-09-14,0.8910694220946481,1.0539590014397557
2009-09-15,0.8938487806367351,1.0572475981536642
2009-09-16,0.9068896969063439,1.072574463012519
2009-09-17,0.9066758928406817,1.0723197547557333
2009-09-18,0.9081955332966973,1.0740649235589474
2009-09-21,0.910977438247389,1.0773108998294878
2009-09-22,0.9126892854455071,1.0793593996556816
2009-09-23,0.9084093373623595,1.074321659364969
2009-09-24,0.9002774265710023,1.0647504080041943
2009-09-25,0.8923598857169076,1.0554809683533075
2009-09-28,0.9075537438536255,1.0732963663284922
2009-09-29,0.9034877884567106,1.0685498192806224
2009-09-30,0.9041294835882613,1.069349200736882
2009-10-01,0.8773799259573732,1.0379945321406867
2009-10-02,0.8748122023159569,1.03498002172094
2009-10-05,0.8818739610407468,1.043316270592338
2009-10-06,0.8974955216203103,1.0616949112470284
2009-10-07,0.9000635281938184,1.0647265355706623
2009-10-08,0.9039156795225988,1.0692665539113497
2009-10-09,0.9090512211144803,1.075223055110407
2009-10-12,0.9109774382473887,1.0775177439690247
2009-10-13,0.9111919024937004,1.077793290366881
2009-10-14,0.9236029125645129,1.0923007561962448
2009-10-15,0.9214630799889849,1.0897512441522048
2009-10-16,0.9154710960846768,1.0827668979153682
2009-10-19,0.9246731589401292,1.0936051821119641
2009-10-20,0.924887340251877,1.0938239882391534
2009-10-21,0.9231750214986244,1.0918211376374551
2009-10-22,0.9268129915156572,1.096082216057114
2009-10-23,0.9229611231214409,1.0915265950302666
2009-10-26,0.9199654141026148,1.0879237591674185
2009-10-27,0.9060553234750838,1.0716567685852856
2009-10-28,0.8857259237464842,1.0478089451232002
2009-10-29,0.9007055062599331,1.0654159927235205
2009-10-30,0.8765243324486387,1.0371007759865285
2009-11-02,0.8801621138426288,1.0413985869651807
2009-11-03,0.8829436415497073,1.0447297493829388
2009-11-04,0.8844418733027335,1.0464985343264406
2009-11-05,0.9062694104753103,1.0720791052475551
2009-11-06,0.9116191333789397,1.078364279044548
2009-11-09,0.931093411156412,1.1012161172298622
2009-11-10,0.9334462933054312,1.1039779015334206
2009-11-11,0.9394386544533526,1.1110419167154915
2009-11-12,0.9340887429266804,1.104711347018834
2009-11-13,0.9417924797175852,1.1138036232599977
2009-11-16,0.9514220563928404,1.1251795677569583
2009-11-17,0.9544180483437583,1.1287029861084203
2009-11-18,0.949068325440129,1.1224356689786916
2009-11-19,0.934302735615385,1.105136418934439
2009-11-20,0.9295949907778703,1.0996481152917037
2009-11-23,0.9445742903567551,1.117249608324351
2009-11-24,0.9413645886516963,1.1135203756486989
2009-11-25,0.9454305440461388,1.1183681003267958
2009-11-27,0.9310934111564116,1.1015129905506749
2009-11-30,0.9321631859768935,1.1027979311218596
2009-12-01,0.9417924797175848,1.114136655415311
2009-12-02,0.9430768130934274,1.1157150651256225
2009-12-03,0.9392248503876897,1.111175710746532
2009-12-04,0.9441466822254306,1.1167554819985048
2009-12-07,0.9396528357650995,1.111479241886766
2009-12-08,0.9338751274840603,1.1046362410702157
2009-12-09,0.943290428538519,1.1156579561391124
2009-12-10,0.9479988335542107,1.1211629053260332
2009-12-11,0.9443603919795712,1.116867211423651
2009-12-14,0.9533482735232759,1.127430871027387
2009-12-15,0.9479988335542106,1.121153305761917
2009-12-16,0.9492824124403548,1.1226982031820445
2009-12-17,0.9377267129461846,1.109042753442463
2009-12-18,0.9530101669614516,1.1269975087586872
2009-12-21,0.9637273433223661,1.1394424930749347
2009-12-22,0.9695152372402964,1.146169565217323
2009-12-23,0.976588690583847,1.1544678126254166
2009-12-24,0.9855913790265177,1.1650613213866174
2009-12-28,0.9907360688310277,1.1710862692331698
2009-12-29,0.9866632286979977,1.1662895411024663
2009-12-30,0.9896644077801188,1.1697940344586446
2009-12-31,0.9806615307144053,1.1592482832991506
2010-01-04,0.995023184584855,1.1761494451353183
2010-01-05,0.995023184584855,1.1761413104055447
2010-01-06,0.9890213922897412,1.1691710199730139
2010-01-07,0.9896644077801188,1.1698948157406066
2010-01-08,0.9978092392400144,1.1794446535128893
2010-01-11,0.9937370592876338,1.1747389498769825
2010-01-12,0.9813044518957338,1.1601256219870542
2010-01-13,0.9935221234861875,1.174459110118769
2010-01-14,0.9943802634035264,1.1755001812306105
2010-01-15,0.9828050414367943,1.1619142324735316
2010-01-19,0.9986670019112679,1.1805136062572297
2010-01-20,0.9843050651087266,1.163613342775306
2010-01-21,0.9750884782888725,1.1527599086727252
2010-01-22,0.946579446176187,1.1193559231031247
2010-01-25,0.9497949951930984,1.1231336134256331
2010-01-26,0.9506522863067447,1.1241448237960396
2010-01-27,0.9581544795198764,1.1328827558026626
2010-01-28,0.9335038232914372,1.1040146913054962
2010-01-29,0.91721293432434,1.084931077662901
2010-02-01,0.9272876610615329,1.0968053656413987
2010-02-02,0.935647899880482,1.106635272457427
2010-02-03,0.9407919295043423,1.1126171268383656
2010-02-04,0.9135694942440125,1.0805890594416807
2010-02-05,0.9212857744548979,1.0896333146947532
2010-02-08,0.914641060980928,1.0818230132839073
2010-02-09,0.9240723006676643,1.0929111780329261
2010-02-10,0.9221433485055808,1.0906204295687063
2010-02-11,0.9360758852578915,1.1070060371716388
2010-02-12,0.9380055919146183,1.109264309007503
2010-02-16,0.9500088935702817,1.123432737967286
2010-02-17,0.9553680476186309,1.1296675297876402
2010-02-18,0.9613697456022233,1.1367206015118954
2010-02-19,0.9609411000441638,1.1362242177184223
2010-02-22,0.9590122421911295,1.1339409994513279
2010-02-23,0.9465794461761865,1.1193603130067382
2010-02-24,0.9562253387322774,1.1306404056237263
2010-02-25,0.9560106858653952,1.1304302627598428
2010-02-26,0.9594409820607102,1.1344866285948063
2010-03-01,0.9733738960591065,1.1508111394569405
2010-03-02,0.9763744149605781,1.1543849948660878
2010-03-03,0.9774461703230086,1.1556532506027504
2010-03-04,0.980661530714405,1.1594018644243202
2010-03-05,0.9954519244519632,1.1767002510249367
2010-03-08,0.9973807823049976,1.1789134094415517
2010-03-09,1.0029544949111802,1.1854281485190543
2010-03-10,1.0110995149941187,1.1949069043983935
2010-03-11,1.014957890878365,1.199436041150568
2010-03-12,1.0151720721901125,1.199667435931781
2010-03-15,1.0125998216006151,1.196676076643331
2010-03-16,1.0190303537628373,1.2043043409739276
2010-03-17,1.021816691352561,1.2075455215713704
2010-03-18,1.0252469875503485,1.211575805605833
2010-03-19,1.0190454435963674,1.2042433349196107
2010-03-22,1.028272121741591,1.215011403893834
2010-03-23,1.0353531200019066,1.2233134807829007
2010-03-24,1.0304179902495418,1.217416036191497
2010-03-25,1.0289163632817464,1.2156590993691856
2010-03-26,1.0299890617569185,1.2169939312420017
2010-03-29,1.034924380132326,1.2227798225826396
2010-03-30,1.0383575999848036,1.2267671091386627
2010-03-31,1.0334220929863533,1.221045595970481
2010-04-01,1.0334220929863533,1.2211089541264437
2010-04-05,1.0430787370484633,1.2324028574805665
2010-04-06,1.0460823682276674,1.2359370960819434
2010-04-07,1.0435072882950012,1.2329915187853955
2010-04-08,1.0458676210467917,1.2357533341714058
2010-04-09,1.052090668012811,1.2430852757205633
2010-04-12,1.0529489965531926,1.2440790853247714
2010-04-13,1.058313809290352,1.2503384152658323
2010-04-14,1.070973707285581,1.265148246341156
2010-04-15,1.0756950329722834,1.2706953988605905
2010-04-16,1.0628197276155291,1.2555446252338502
2010-04-19,1.0621757690099378,1.254784122790252
2010-04-20,1.0675404874355758,1.2610928926646177
2010-04-21,1.073548881532241,1.2681709117720463
2010-04-22,1.0795569926943418,1.2751764291004353
2010-04-23,1.0840628167079975,1.2805010491290174
2010-04-26,1.0817028612022928,1.2777245446797212
2010-04-27,1.058742832092025,1.250953194233577
2010-04-28,1.0593863191424817,1.2516905734503956
2010-04-29,1.0778403356111066,1.273285124317177
2010-04-30,1.0565969635865464,1.2485082909310645
2010-05-03,1.071402918712769,1.265858305272833
2010-05-04,1.0392160228367069,1.2281879242739135
2010-05-05,1.0338513044110689,1.2219227274656665
2010-05-06,0.9993039814692226,1.1816474752728208
2010-05-07,0.9744127367228306,1.152474092003958
2010-05-10,1.02505364906999,1.2117439576999438
2010-05-11,1.0239803847256899,1.210597841657422
2010-05-12,1.0432929183602113,1.233224295397919
2010-05-13,1.0267700232161892,1.2138664537096775
2010-05-14,1.0070287497145591,1.190777635415103
2010-05-17,1.0102478825668104,1.194504715721661
2010-05-18,0.9962995014887984,1.1781952738673218
2010-05-19,0.9883603633086716,1.168800006445575
2010-05-20,0.9516670775498255,1.125812852637705
2010-05-21,0.9621812013486248,1.1381137084440305
2010-05-24,0.9583189586944749,1.1336289023774333
2010-05-25,0.9591773815463778,1.1346541808154422
2010-05-26,0.9484480390090958,1.122123872579001
2010-05-27,0.9842832791621243,1.1640847833308285
2010-05-28,0.9784890663772069,1.1573156855177034
2010-06-01,0.9694771354128591,1.1467840156113784
2010-06-02,0.992436975897612,1.163390471684349
2010-06-03,1.0018788727813186,1.1677542374892231
2010-06-04,0.9675461083973054,1.1452420900893534
2010-06-07,0.9499501375344981,1.1359570026104286
2010-06-08,0.9482337633858267,1.1344070605572736
2010-06-09,0.9402938707160012,1.1276539993737011
2010-06-10,0.967116331103462,1.1454474170467226
2010-06-11,0.976343669426863,1.1544822638986512
2010-06-14,0.9761291108715021,1.1536267842533023
2010-06-15,1.0023079898969849,1.1751223745731887
2010-06-16,1.006384791108968,1.17787846696433
2010-06-17,1.0096038296472254,1.1831093244268114
2010-06-18,1.0104422584714319,1.1849295841160266
2010-06-21,1.001842751493357,1.1750021416206213
2010-06-22,0.9941029877284844,1.1704700937679489
2010-06-23,0.9900183586676444,1.1669601690937594
2010-06-24,0.9749690799893493,1.1557806636204955
2010-06-25,0.9751631729618793,1.158296971690748
2010-06-28,0.9717168438178206,1.154413348852763
2010-06-29,0.9342349256809667,1.1270742111747052
2010-06-30,0.9200181342059764,1.117035310480646
2010-07-01,0.9174336231261179,1.1093257142095645
2010-07-02,0.9148483575565606,1.1069501365823935
2010-07-06,0.9176488418646007,1.1092625635119484
2010-07-07,0.9469438656326956,1.1400935121689157
2010-07-08,0.9521143967742823,1.1451438768581355
2010-07-09,0.9611616002228996,1.1548356042836507
2010-07-12,0.9639622731539823,1.1572796116916875
2010-07-13,0.9764554285005724,1.1702894692545291
2010-07-14,0.9814104579691122,1.1755958049312865
2010-07-15,0.9822714272320922,1.1768049731526298
2010-07-16,0.9551300055092836,1.1482868208342571
2010-07-19,0.9633156738282648,1.1561902957589358
2010-07-20,0.9749475769773109,1.1687477796359143
2010-07-21,0.9615922263204353,1.1548833786026778
2010-07-22,0.9859339182273749,1.180154924762607
2010-07-23,0.992180637367952,1.1858135384841848
2010-07-26,1.0003663056844612,1.1938791098451562
2010-07-27,0.9999353966523613,1.1923963262736763
2010-07-28,0.9919651356949054,1.1844755389099686
2010-07-29,0.9846415683771607,1.176986838327193
2010-07-30,0.9867951704224469,1.1802319115352298
2010-08-02,1.0053205806633025,1.1990315646474623
2010-08-03,1.0010126220780866,1.1937925131359985
2010-08-04,1.011136202148737,1.205761528499406
2010-08-05,1.0087672870534465,1.2029786114782806
2010-08-06,1.0072596241532277,1.2012566692307713
2010-08-09,1.0141525653734367,1.2093747645970836
2010-08-10,1.0053205806633023,1.1989742487417328
2010-08-11,0.9779637515814404,1.1666607494676482
2010-08-12,0.9702088979830378,1.157544164987737
2010-08-13,0.9633156738282647,1.149428005091289
2010-08-16,0.9650389327105792,1.1515328490890917
2010-08-17,0.9773174351878147,1.1660434012482157
2010-08-18,0.981194579052452,1.1706373060617752
2010-08-19,0.9663312825607936,1.153095710475674
2010-08-20,0.967623821036523,1.154614667341064
2010-08-23,0.958146085799419,1.1434186448465924
2010-08-24,0.9402668033291461,1.122344869779479
2010-08-25,0.9493140067777633,1.1330601480020688
2010-08-26,0.9378971337416848,1.1195664891565253
2010-08-27,0.9493140067777632,1.1330386844742055
2010-08-30,0.9394049852649461,1.1213401273121215
2010-08-31,0.9361735919248061,1.1175831849803297
2010-09-01,0.9641775862039856,1.150659463025054
2010-09-02,0.9749475769773104,1.1633832356980636
2010-09-03,0.9911035062537474,1.182435872120596
2010-09-07,0.9844257837695489,1.1746119226929144
2010-09-08,0.9962731885916418,1.1885872203379668
2010-09-09,1.0001507097023645,1.1931029275684724
2010-09-10,1.0038128234515618,1.197416318804954
2010-09-13,1.0178142075674987,1.2139640713482982
2010-09-14,1.0221225433988,1.2191485971370728
2010-09-15,1.0285847642099517,1.2267418745017982
2010-09-16,1.0326782585488556,1.2315803818341458
2010-09-17,1.0361756101888906,1.2357104810258939
2010-09-20,1.054312362929552,1.2571645614785667
2010-09-21,1.0540965783219414,1.2569682752157876
2010-09-22,1.0512893035893074,1.2536869628623166
2010-09-23,1.050858017311122,1.2531687687802395
2010-09-24,1.0722335196856458,1.2784110449234123
2010-09-27,1.0664036571703739,1.2715725301307514
2010-09-28,1.06597180502306,1.2711175678053392
2010-09-29,1.064244302124756,1.2690644032207297
2010-09-30,1.0594945886898997,1.26345192412783
2010-10-01,1.0581987493158669,1.2619577713640329
2010-10-04,1.0467554690735834,1.248437424192266
2010-10-05,1.0722335196856458,1.2786069641201847
2010-10-06,1.0629495001774585,1.2676921171458944
2010-10-07,1.0668355093176876,1.2722164235038962
2010-10-08,1.0741765242569967,1.280923121620446
2010-10-11,1.0746084707133596,1.2814542359163075
2010-10-12,1.08194957996419,1.2900864700855654
2010-10-13,1.0908017473275362,1.3006130740447706
2010-10-14,1.0886425809049614,1.2980580107551638
2010-10-15,1.111745680486838,1.3252686175093595
2010-10-18,1.1076433208723422,1.3204652733474718
2010-10-19,1.097279152283739,1.3081090296799427
2010-10-20,1.1052683698421562,1.3175880417806516
2010-10-21,1.107427253330167,1.3200470511646194
2010-10-22,1.1149842414976574,1.3289743032957262
2010-10-25,1.1203824404886584,1.3353924029117854
2010-10-26,1.1234050282712966,1.3389223316885541
2010-10-27,1.1268598454448615,1.3429255299229574
2010-10-28,1.129234796475047,1.345800544693988
2010-10-29,1.1266439665282013,1.342816075493598
2010-11-01,1.1275075765088352,1.3437885268470595
2010-11-02,1.1395987764406077,1.3581163196597403
2010-11-03,1.1447807192663908,1.364151388194923
2010-11-04,1.1588150180785628,1.380897859269458
2010-11-05,1.1588150180785628,1.3808761025951872
2010-11-08,1.160326736371728,1.3827141489904593
2010-11-09,1.1540651160231359,1.3751958893538605
2010-11-10,1.1598948842244141,1.382130255498148
2010-11-11,1.1525538692875774,1.3734775838173308
2010-11-12,1.1337691968598995,1.3511599117229145
2010-11-15,1.1294509583262713,1.3459816359859325
2010-11-16,1.1108819761946829,1.3240621141209192
2010-11-17,1.1141209144515878,1.3278549712109426
2010-11-18,1.1320415996500743,1.3490715419014134
2010-11-19,1.1329053982537507,1.3500979078572586
2010-11-22,1.14240595686172,1.3613691287644518
2010-11-23,1.124268826874973,1.3399991716087403
2010-11-24,1.1469401686235297,1.366717154125167
2010-11-26,1.1393827088984325,1.3577674429579047
2010-11-29,1.138518910294756,1.3567881808917668
2010-11-30,1.1247010562683721,1.340565855963004
2010-12-01,1.1484510381130026,1.3685643889506574
2010-12-02,1.1601107631435466,1.38230437198451
2010-12-03,1.1631338224813192,1.385962156568173
2010-12-06,1.1627015930903923,1.3855185547014433
2010-12-07,1.163349324154366,1.3861349511278551
2010-12-08,1.1676676569995155,1.391143460882328
2010-12-09,1.1687471458992817,1.3924556952574298
2010-12-10,1.1765204845410389,1.4016169932121978
2010-12-13,1.1724175590574148,1.396814321358995
2010-12-14,1.1745770084145535,1.3993380417133043
2010-12-15,1.1693951598978192,1.3931390310791132
2010-12-16,1.1784636777354323,1.4038291421887288
2010-12-17,1.1795019525300272,1.405111518225039
2010-12-20,1.1803672601180455,1.406164506763633
2010-12-21,1.1875069201026238,1.4146073320392172
2010-12-22,1.1872900980707504,1.414330620313859
2010-12-23,1.1842614743556892,1.4107445155790417
2010-12-27,1.1849103371579193,1.4115405184058072
2010-12-28,1.182746926719355,1.4090342024415505
2010-12-29,1.1853434153525384,1.4121440823586475
2010-12-30,1.1825306705566097,1.4087989644556793
2010-12-31,1.1782036610564386,1.4037828573755278
2011-01-03,1.1965932628029419,1.4254380145104537
2011-01-04,1.1957274836573166,1.424310757809563
2011-01-05,1.2058953901108707,1.4362304784166393
2011-01-06,1.2097900759061213,1.4408148115531743
2011-01-07,1.2087083235323148,1.439547154572293
2011-01-10,1.2132513062606671,1.4449276617539506
2011-01-11,1.2149822986827892,1.4469813186329121
2011-01-12,1.2236360347460948,1.4571960911798199
2011-01-13,1.2240684527600645,1.457675183715672
2011-01-14,1.2331548897743758,1.4683310917543766
2011-01-18,1.2366165916840561,1.4724283317276878
2011-01-19,1.2225540937467732,1.4558767837116546
2011-01-20,1.2139000747513757,1.4455561559713526
2011-01-21,1.2045971929512758,1.4346033066037278
2011-01-24,1.2212561795217423,1.4542231945802337
2011-01-25,1.2229867946977788,1.4562752683116706
2011-01-26,1.2294770260109988,1.4639294722889988
2011-01-27,1.2370492926350618,1.4727474387206478
2011-01-28,1.205679133948125,1.43585274380254
2011-01-31,1.211520502459115,1.4427149224542553
2011-02-01,1.2342367364597036,1.4695304738853856
2011-02-02,1.2322897708094,1.467220354288711
2011-02-03,1.2344531812479642,1.469821054493145
2011-02-04,1.2413758305776263,1.4779353712658212
2011-02-07,1.2472173877116588,1.4848444372933436
2011-02-08,1.2554384228239581,1.4945681122578467
2011-02-09,1.2532747294533022,1.4920388708813086
2011-02-10,1.255222260972734,1.494302074888073
2011-02-11,1.2643084150524815,1.5050166057863779
2011-02-14,1.2673370387675424,1.508600320199402
2011-02-15,1.2656062349659907,1.5066124783774497
2011-02-16,1.2738274587038052,1.516298649765506
2011-02-17,1.2733946634412778,1.5158345525053039
2011-02-18,1.270582201579913,1.5125258373762864
2011-02-22,1.2338040355111695,1.4692485811445624
2011-02-23,1.223636034746094,1.4573125499975084
2011-02-24,1.2301261717477927,1.4649361817367075
2011-02-25,1.2472173877116581,1.485141299918302
2011-02-28,1.2498131218526707,1.4882268149639848
2011-03-01,1.2296934707992588,1.4645910193629805
2011-03-02,1.2361836078009576,1.472209767546289
2011-03-03,1.2606308342236685,1.5009611822009996
2011-03-04,1.254140225664363,1.493367216274947
2011-03-07,1.2372656431093285,1.4734797105126056
2011-03-08,1.2422412324771657,1.479334266824804
2011-03-09,1.2338040355111697,1.4694274906437976
2011-03-10,1.2145497863548254,1.446687041356762
2011-03-11,1.2221214871097603,1.455622528060077
2011-03-14,1.2177948548556747,1.4505263202626766
2011-03-15,1.2004868168599356,1.430028161217802
2011-03-16,1.1714974565125649,1.3958394839484318
2011-03-17,1.1823142257683492,1.4086095913647847
2011-03-18,1.1796494556431403,1.4055295197273188
2011-03-21,1.2023976612247502,1.4323984493851958
2011-03-22,1.2002311385109257,1.4298466789215858
2011-03-23,1.2069471514431325,1.4378081736393935
2011-03-24,1.2283950850141498,1.4630486529419382
2011-03-25,1.2314285186143286,1.4666231624820831
2011-03-28,1.2247125056796493,1.4586742296051027
2011-03-29,1.2366281919937678,1.4727169675888372
2011-03-30,1.2424777656021722,1.4796604709949999
2011-03-31,1.244210738566243,1.481742528787162
2011-04-01,1.2448607331042574,1.482505406750629
2011-04-04,1.2407445097060092,1.477672502317861
2011-04-05,1.237494819943085,1.473911058587778
2011-04-06,1.2405280649177488,1.4774795747658027
2011-04-07,1.2396608711017754,1.4764479860215727
2011-04-08,1.2338119576740205,1.469577795792509
2011-04-11,1.2296955456502574,1.4646743112268643
2011-04-12,1.22124589957333,1.454696095320753
2011-04-13,1.2316449634001165,1.466987280934438
2011-04-14,1.2294785349953408,1.4645035127461887
2011-04-15,1.2273119179675223,1.462038434983673
2011-04-18,1.2186462986599411,1.4518413614337649
2011-04-19,1.2262291281669806,1.4607981813866342
2011-04-20,1.2539601850986284,1.4935223400728754
2011-04-21,1.2639258877962318,1.5052819957890322
2011-04-25,1.2671755775566838,1.5091311061055868
2011-04-26,1.27432504593454,1.5175766846966146
2011-04-27,1.2829908538626915,1.5278836970997802
2011-04-28,1.2810414361128324,1.525637886561089
2011-04-29,1.2799578918201195,1.5244631724783682
2011-05-02,1.277574830006513,1.5215840137659058
2011-05-03,1.2715083400547136,1.5144359833381835
2011-05-04,1.2695589223048545,1.5120776740387278
2011-05-05,1.2626261816498228,1.5037602076333938
2011-05-06,1.2667420278044577,1.508681323594674
2011-05-09,1.2715083400547136,1.5143781041358129
2011-05-10,1.2823410479452477,1.5271708080349289
2011-05-11,1.2730247739214748,1.5161480515834151
2011-05-12,1.2806076977375636,1.5250897505133154
2011-05-13,1.2654425102835636,1.5071857696420015
2011-05-16,1.2435609326487989,1.481391821332697
2011-05-17,1.2470273501320754,1.485488672231472
2011-05-18,1.2574265082703835,1.4977491884704879
2011-05-19,1.261109559162491,1.502101064558652
2011-05-20,1.2515765574158935,1.4909264330168182
2011-05-23,1.2331619631335335,1.4692135192982871
2011-05-24,1.2255789450059236,1.4603040429995555
2011-05-25,1.2303455401907437,1.4659134644163552
2011-05-26,1.23792761520314,1.4748615375887886
2011-05-27,1.2442107385662426,1.4823235554549414
2011-05-31,1.2643590603023724,1.5060969294191175
2011-06-01,1.2368449197141196,1.473674202623107
2011-06-02,1.2394444263135145,1.4766836786257962
2011-06-03,1.2208128213762381,1.454731063892172
2011-06-06,1.210846835746543,1.4429613040214548
2011-06-07,1.2086804073417672,1.4404150157467828
2011-06-08,1.200014788034186,1.4301915326800319
2011-06-09,1.2021809335043976,1.4327620994375976
2011-06-10,1.1837660562874734,1.4110030201863626
2011-06-13,1.1837660562874734,1.4109447142283364
2011-06-14,1.198931338052995,1.4288478002650364
2011-06-15,1.176183604028992,1.4020469987281639
2011-06-16,1.1716337365645242,1.396688453749025
2011-06-17,1.1679638892755193,1.392393116939824
2011-06-20,1.1740437714534642,1.3995826412407961
2011-06-21,1.1992316257219455,1.4293187857720482
2011-06-22,1.1905460123891403,1.4190766110521122
2011-06-23,1.2016199689782765,1.432059940783172
2011-06-24,1.180775062844716,1.4073892430609354
2011-06-27,1.199665741345772,1.4296448023338555
2011-06-28,1.2174707063891241,1.450657193730741
2011-06-29,1.222464875111837,1.456579472118987
2011-06-30,1.2387499167695537,1.475747356504882
2011-07-01,1.2574235846156934,1.4977416713238274
2011-07-05,1.2637200058909477,1.5052637469967671
2011-07-06,1.2678456604363881,1.510191095035911
2011-07-07,1.2852166041723794,1.530684378394156
2011-07-08,1.2817424531492954,1.5266540570272915
2011-07-11,1.258509203759404,1.4993174620643017
2011-07-12,1.2489551705583748,1.4881097661089113
2011-07-13,1.2541661613129615,1.4943041976635068
2011-07-14,1.2396182423237838,1.4771223272528327
2011-07-15,1.256120766194024,1.4966159246447874
2011-07-18,1.2493895691142933,1.4886838799231894
2011-07-19,1.2778339035702928,1.5222335983641475
2011-07-20,1.2724057135377471,1.5158573545478164
2011-07-21,1.280873938972023,1.525816080292075
2011-07-22,1.2941187566049672,1.5414864012712661
2011-07-25,1.2915134026937198,1.5384356374650983
2011-07-26,1.294770637373409,1.5423042391847221
2011-07-27,1.2613318512601324,1.5028427536143398
2011-07-28,1.263502806612989,1.5054093259248587
2011-07-29,1.25937724637907,1.5006058719947468
2011-08-01,1.2535145634790845,1.4936974583709608
2011-08-02,1.22181327727796,1.456467060344167
2011-08-03,1.2335384544573609,1.4703086348500234
2011-08-04,1.176214821120315,1.4026702771636617
2011-08-05,1.1688326863873564,1.3939392437572182
2011-08-08,1.098480774514676,1.3110257487059356
2011-08-09,1.1514618369628864,1.3737185860569467
2011-08-10,1.104343551726183,1.3182736182299368
2011-08-11,1.1529813831073807,1.3756084510427633
2011-08-12,1.1631871084538088,1.3876731852170696
2011-08-15,1.180340664286326,1.4080129382596933
2011-08-16,1.1703524211524212,1.3963105523393848
2011-08-17,1.1634044963548107,1.388165013647862
2011-08-18,1.1062981566072454,1.320823170203313
2011-08-19,1.0863220475830493,1.2972792005681735
2011-08-22,1.0902300312929236,1.302004829560446
2011-08-23,1.135176795307642,1.354974370722726
2011-08-24,1.144079136363272,1.3653058590882257
2011-08-25,1.1254062230093034,1.3432619269546735
2011-08-26,1.1536330752527797,1.3767776853919829
2011-08-29,1.1857684770752586,1.4146465609719503
2011-08-30,1.193586047788398,1.4240624019448684
2011-08-31,1.1955398981772893,1.4263076641239252
2011-09-01,1.1846836124212468,1.4135242675548831
2011-09-02,1.1568904042415178,1.3944652401222408
2011-09-06,1.1571074148964344,1.3948147541855138
2011-09-07,1.186420546466743,1.4156349050441857
2011-09-08,1.1809919791881118,1.4150329580270047
2011-09-09,1.1547186943964902,1.3911370934233045
2011-09-12,1.1694840955981916,1.4014944843444275
2011-09-13,1.1851180109771653,1.4159904768032874
2011-09-14,1.202053895976589,1.4305229378122524
2011-09-15,1.2198592382684987,1.4433583811488104
2011-09-16,1.2310406156038336,1.455051342850027
2011-09-19,1.2314755800288801,1.4542551977764824
2011-09-20,1.226037110047922,1.4524555443580804
2011-09-21,1.2047181002351417,1.4335491630366552
2011-09-22,1.1655615879239154,1.3977124931180576
2011-09-23,1.1779613749311018,1.40049352578478
2011-09-26,1.1916662438364707,1.4098621782620273
2011-09-27,1.2040664080897427,1.422493982276564
2011-09-28,1.1862279624785552,1.4029032641041002
2011-09-29,1.1720881291481398,1.3930763290671997
2011-09-30,1.1418501794643299,1.3680367111421774
2011-10-03,1.112482818811263,1.3454854955653566
2011-10-04,1.1353247699783622,1.3656196326534267
2011-10-05,1.1644744597983354,1.394990973264518
2011-10-06,1.1840525744841943,1.4144240656162879
2011-10-07,1.1762210456757811,1.4059524250281674
2011-10-10,1.2169006879643691,1.4478486034911169
2011-10-11,1.2251669925747863,1.4548450831542958
2011-10-12,1.2312582864393997,1.4607142211495856
2011-10-13,1.2425695306457134,1.4716357670233995
2011-10-14,1.2656289640278082,1.4942173970925505
2011-10-17,1.246050566404913,1.4754159855736722
2011-10-18,1.2614958588771243,1.4899627322643942
2011-10-19,1.2371313435993192,1.4651800943546993
2011-10-20,1.2310406156038338,1.4579781054526237
2011-10-21,1.2464853422069169,1.4739237359925992
2011-10-24,1.272372515906949,1.4997566852864452
2011-10-25,1.2473558369261382,1.4792502460553265
2011-10-26,1.245833367126954,1.4781478249337126
2011-10-27,1.2802038560923195,1.5118740059211668
2011-10-28,1.2821617618716852,1.5140859623921092
2011-10-31,1.2606256470924673,1.49345095901404
2011-11-01,1.227777344991722,1.4625274301186253
2011-11-02,1.2382192262195428,1.4733416014745484
2011-11-03,1.2638889177045793,1.49866093537042
2011-11-04,1.2573623764828272,1.4920804024572836
2011-11-07,1.2662815049768994,1.5035273671297922
2011-11-08,1.2808564913529321,1.5158055260528485
2011-11-09,1.235826544635701,1.4733946793825508
2011-11-10,1.2351738150660392,1.471725283756097
2011-11-11,1.2584500704775354,1.4953259101050127
2011-11-14,1.2506191075382507,1.4879498726749834
2011-11-15,1.2645414586536705,1.5010674996815359
2011-11-16,1.243657696200501,1.4804396193595672
2011-11-17,1.214507629134442,1.4506233729134888
2011-11-18,1.2051536305268447,1.4425514216019233
2011-11-21,1.1820947630163503,1.418168123168892
2011-11-22,1.1860104802660325,1.423073330416643
2011-11-23,1.1592534720274286,1.3976881428427852
2011-11-25,1.1503346264679204,1.3878022210138357
2011-11-28,1.1903610676267673,1.4280057668333148
2011-11-29,1.1829645032434009,1.4210964506596486
2011-11-30,1.2266900282406268,1.464527705470299
2011-12-01,1.2351738150660394,1.4718333487723183
2011-12-02,1.231693345175968,1.4684697484610836
2011-12-05,1.245180354620256,1.481234284988477
2011-12-06,1.2416997904211355,1.477867850950004
2011-12-07,1.2416997904211355,1.4784211635753968
2011-12-08,1.220816122277015,1.4557868765423048
2011-12-09,1.2403948028344747,1.475491558437269
2011-12-12,1.2264722630960119,1.4595734508388905
2011-12-13,1.212984593468602,1.4446263344076988
2011-12-14,1.194059491286969,1.423157304233997
2011-12-15,1.1907964092978995,1.4197597716291912
2011-12-16,1.1969271253512503,1.4276924985616166
2011-12-19,1.185145172675542,1.4157686425126457
2011-12-20,1.2202724167469432,1.4523025392459323
2011-12-21,1.2028178187533045,1.4344062659766221
2011-12-22,1.2130723974331898,1.4445141352211444
2011-12-23,1.2235451185037756,1.4551088126509741
2011-12-27,1.2281086611289527,1.4593954892136993
2011-12-28,1.213915258893956,1.4436734791596557
2011-12-29,1.2226496312511694,1.452393015438195
2011-12-30,1.2191556748234313,1.4495738973230436
2012-01-03,1.2425210545583418,1.4744503856962594
2012-01-04,1.247761847733903,1.48040055793259
2012-01-05,1.258025008754816,1.49248412645388
2012-01-06,1.2623924778679867,1.4976068495320385
2012-01-09,1.2582434340825526,1.492713476693702
2012-01-10,1.267415411584939,1.5035573730648835
2012-01-11,1.270035761015723,1.5066857983138955
2012-01-12,1.2750580345520257,1.5126020039292862
2012-01-13,1.2704723287366328,1.5072018548667676
2012-01-17,1.2820460417190231,1.5208436336052273
2012-01-18,1.299078595958626,1.5408550093934354
2012-01-19,1.3071583525132784,1.5502847594051978
2012-01-20,1.305192901817148,1.5479798205673792
2012-01-23,1.3056301297162352,1.548528137704634
2012-01-24,1.303227828367103,1.5456560835736382
2012-01-25,1.3196051066234948,1.5650588666583585
2012-01-26,1.3150196837426662,1.559734354030667
2012-01-27,1.3189502078888415,1.564396571898327
2012-01-30,1.3200422402135328,1.5656688754725667
2012-01-31,1.3217893598934476,1.5677928459591932
2012-02-01,1.332489182946792,1.5803453253511788
2012-02-02,1.3366380381091831,1.5852585065700415
2012-02-03,1.3549817101793915,1.6066428703210376
2012-02-06,1.3538892062970933,1.6053621596520176
2012-02-07,1.3567280753671354,1.608758732733975
2012-02-08,1.3639346021733914,1.6171839315799532
2012-02-09,1.3737614784104308,1.6286779863771108
2012-02-10,1.364152650255043,1.6174028695400875
2012-02-13,1.3768181126275603,1.6322828063087347
2012-02-14,1.3803120690552984,1.6363814945704178
2012-02-15,1.370703995389609,1.625133369063137
2012-02-16,1.3894835750000776,1.6471686593422306
2012-02-17,1.385116388821471,1.642023214535246
2012-02-21,1.3890469129676466,1.6467259714260771
2012-02-22,1.3827138045353025,1.639386511871694
2012-02-23,1.3918859706607314,1.650154458627093
2012-02-24,1.3966900074923398,1.6557942811033413
2012-02-27,1.3986550809423848,1.6581039028919744
2012-02-28,1.412849331981074,1.6748073047492342
2012-02-29,1.406516317860251,1.6670476995940233
2012-03-01,1.417653463124204,1.6801800706421697
2012-03-02,1.4165613364904635,1.6789072851286004
2012-03-05,1.401930517733337,1.6617064906061179
2012-03-06,1.3881734002822137,1.6454749479719124
2012-03-07,1.3988732233355576,1.658055856927878
2012-03-08,1.4139412699942435,1.6757718980414187
2012-03-09,1.4198368675904645,1.6827399873377595
2012-03-12,1.4204923321942458,1.6834818519008021
2012-03-13,1.4469146290833224,1.7143443897423651
2012-03-14,1.4519370912401957,1.720044315698141
2012-03-15,1.4560864179601938,1.7249771294563874
2012-03-16,1.4550579515588766,1.7237821208759494
2012-03-19,1.4653385601988818,1.7358057867643384
2012-03-20,1.467963719514783,1.7388405909219478
2012-03-21,1.4681824277746116,1.7391268295661149
2012-03-22,1.4651206064287514,1.7355259414866404
2012-03-23,1.464245396138406,1.7345967641592015
2012-03-26,1.489837374986697,1.7647181349145376
2012-03-27,1.4920250234689472,1.7672684047364626
2012-03-28,1.4861195231679274,1.7602586233169235
2012-03-29,1.4804323538831232,1.7536112957011838
2012-03-30,1.4775885806164422,1.7502713575251394
2012-04-02,1.492900422382335,1.7682759244430213
2012-04-03,1.492462439991077,1.7676070756205922
2012-04-04,1.4721197423478538,1.743679468506882
2012-04-05,1.4813071869273833,1.754502981057637
2012-04-09,1.470151367997033,1.7415183881111793
2012-04-10,1.4465271976304346,1.7138890658931305
2012-04-11,1.4535268051071435,1.7220652619260752
2012-04-12,1.4701513679970328,1.7416209657416988
2012-04-13,1.4478399187544309,1.7154213687599658
2012-04-16,1.4316529610097137,1.6964334823047895
2012-04-17,1.4607454980897665,1.7305580984993698
2012-04-18,1.4570264202212189,1.7261630323717538
2012-04-19,1.4406212257718076,1.7069327069005855
2012-04-20,1.4366838168895169,1.7023335043057373
2012-04-23,1.4235598122289166,1.6869361621671495
2012-04-24,1.4159037027241634,1.6779518006009266
2012-04-25,1.4535268051071433,1.7220973957200165
2012-04-26,1.4620576533446348,1.732182921676453
2012-04-27,1.4708077757135556,1.7424713575551833
2012-04-30,1.4603080815651643,1.7301726492030192
2012-05-01,1.46271406106363,1.7329750970021187
2012-05-02,1.466870178208222,1.7378318147174785
2012-05-03,1.4513389680018507,1.7195477474164185
2012-05-04,1.415247483628211,1.6772518835224777
2012-05-07,1.4165601104406862,1.6787758723481583
2012-05-08,1.4113105463010547,1.6725189247730692
2012-05-09,1.4069354379620698,1.667328693745749
2012-05-10,1.4040918533184314,1.6640119239459839
2012-05-11,1.403873239370124,1.663735717879945
2012-05-14,1.390748763151917,1.6482835005403371
2012-05-15,1.3861551351736736,1.6428313914933534
2012-05-16,1.3767489823318433,1.6317928775063353
2012-05-17,1.3476568224978762,1.597819915782966
2012-05-18,1.3301580867443763,1.5773434837717084
2012-05-21,1.3673434896706622,1.621002097888004
2012-05-22,1.3658125318419714,1.619088165854432
2012-05-23,1.3684371252887444,1.622161726342113
2012-05-24,1.3594692377727362,1.6116261603372661
2012-05-25,1.357719005812616,1.6096347827065602
2012-05-29,1.3749992219293297,1.6298513630501192
2012-05-30,1.3634062694089417,1.616336773672923
2012-05-31,1.3575002975527874,1.60942701304311
2012-06-01,1.3214081529984982,1.5673375302850798
2012-06-04,1.3314700533762018,1.5791290045272195
2012-06-05,1.3369384200896557,1.5855201963525098
2012-06-06,1.3675621979304908,1.6214514380580831
2012-06-07,1.3620936425964663,1.6149479279967567
2012-06-08,1.3752182131261947,1.630370811126082
2012-06-11,1.3520314592817262,1.6031814577685026
2012-06-12,1.3684371252887442,1.6224644400215018
2012-06-13,1.3590311610699566,1.6114737162842667
2012-06-14,1.3640623941933725,1.617409172266017
2012-06-15,1.3810099738115564,1.6373271540452135
2012-06-18,1.3939451669423515,1.6525342416127087
2012-06-19,1.408415184671741,1.6694526561274552
2012-06-20,1.4095111780753853,1.6706867857671501
2012-06-21,1.3744322214683131,1.6293731108943457
2012-06-22,1.388902616443788,1.6463486555761668
2012-06-25,1.3621550393523765,1.6150320412236745
2012-06-26,1.3707055986854726,1.6250246124486378
2012-06-27,1.3790366009525756,1.6348308225751513
2012-06-28,1.3636896753279284,1.616765258390719
2012-06-29,1.4066611802532385,1.6673261884490078
2012-07-02,1.4108267285450227,1.6722504409600114
2012-07-03,1.4226662112042654,1.686210380165675
2012-07-05,1.4235428361674314,1.687178440308657
2012-07-06,1.4057844609785513,1.6662822669513815
2012-07-09,1.4031528884841415,1.6632297587396065
2012-07-10,1.389341070392653,1.6469541338989515
2012-07-11,1.3816677018918508,1.6379907102861866
2012-07-12,1.3687323201380133,1.6228098740537147
2012-07-13,1.389560533144653,1.6473300852568276
2012-07-16,1.3856139760497337,1.642707366154869
2012-07-17,1.3928488906041432,1.6511570464905367
2012-07-18,1.4117039193748444,1.6732806668321165
2012-07-19,1.42726936463875,1.6915515363551146
2012-07-20,1.4084151846717408,1.6694743184573468
2012-07-23,1.3913139716940268,1.6493900215544706
2012-07-24,1.3803518684876488,1.636545907321264
2012-07-25,1.3711437696997733,1.6258228838984337
2012-07-26,1.3893410703926525,1.6472261818286267
2012-07-27,1.4222273800093146,1.685833907597136
2012-07-30,1.4211311979826278,1.6845651746973984
2012-07-31,1.4206934042144124,1.6840100391133093
2012-08-01,1.416527761613579,1.6790451723719677
2012-08-02,1.4114843623113231,1.673090304987284
2012-08-03,1.4382322223372987,1.7045107529278434
2012-08-06,1.4491939482975913,1.7173972437273055
2012-08-07,1.4612527993997846,1.7314963877537461
2012-08-08,1.460594977007969,1.7307155368168998
2012-08-09,1.4649796108056676,1.7358803880552467
2012-08-10,1.465857178884047,1.7369357634334506
2012-08-13,1.4693650934070588,1.7409983893793153
2012-08-14,1.4700227271733595,1.7417014414620118
2012-08-15,1.4737498215138067,1.7460437500727253
2012-08-16,1.491288828259736,1.7666241937990768
2012-08-17,1.4978661090453727,1.7743578917742433
2012-08-20,1.500058284478176,1.7769573022000031
2012-08-21,1.4941390147049254,1.7700734851367066
2012-08-22,1.5002778415416969,1.77738030812212
2012-08-23,1.4880004708027177,1.7630276132023892
2012-08-24,1.497208192344508,1.7738375793570331
2012-08-27,1.499620302086918,1.7766594932906488
2012-08-28,1.499620302086918,1.77667783675135
2012-08-29,1.499620302086918,1.776624963655385
2012-08-30,1.4844923676566637,1.758883098483649
2012-08-31,1.4943584774569254,1.770628781301602
2012-09-04,1.4928233699237667,1.768843493097583
2012-09-05,1.491288828259736,1.7670209365920526
2012-09-06,1.524394034761742,1.8058531709312033
2012-09-07,1.5222024251980666,1.8033963726669973
2012-09-10,1.5026893854149792,1.7804734123308712
2012-09-11,1.5002778415416973,1.7776457713274085
2012-09-12,1.5046629468970025,1.7827498494168745
2012-09-13,1.5250522343971706,1.8068061365704247
2012-09-14,1.5386452499173089,1.822679812916703
2012-09-17,1.539303072306652,1.8234208451450922
2012-09-18,1.5406188113993322,1.8250242554236904
2012-09-19,1.5434681490408297,1.8283784238761738
2012-09-20,1.541933041507671,1.8265887824541793
2012-09-21,1.5423734759960126,1.8271280955797466
2012-09-24,1.533358715688496,1.8165574429640916
2012-09-25,1.5118120380263016,1.7912983449563125
2012-09-26,1.4994993004915318,1.7768515180944024
2012-09-27,1.520167184025569,1.8011674382215157
2012-09-28,1.507634417869671,1.7864639773895679
2012-10-01,1.5054362065044444,1.7838941058335394
2012-10-02,1.5098331951040258,1.7890595550056798
2012-10-03,1.519507381096749,1.8004236259033988
2012-10-04,1.5247839183117138,1.8066371131348233
2012-10-05,1.516649555423273,1.7970212002941692
2012-10-08,1.5027970890957418,1.780775930852494
2012-10-09,1.4788319828241503,1.7526140020746974
2012-10-10,1.4713565740633094,1.7438532988271112
2012-10-11,1.4667394625335513,1.7384771737617986
2012-10-12,1.466079565290738,1.7376519541690099
2012-10-15,1.4768532342109237,1.750235853472781
2012-10-16,1.497740486190384,1.7747507498890054
2012-10-17,1.4968611261955707,1.7737177684542293
2012-10-18,1.4794916914414489,1.753306258205157
2012-10-19,1.4440932076323727,1.711732419230435
2012-10-22,1.4515680505216133,1.7205007972097794
2012-10-23,1.4377165273068235,1.7041981811507856
2012-10-24,1.432659735780895,1.6982011694497134
2012-10-25,1.432659735780895,1.6982381800358461
2012-10-26,1.436837073000489,1.703177888244698
2012-10-31,1.4280424356256216,1.6929208431129052
2012-11-01,1.4482703562313965,1.7165939457389012
2012-11-02,1.4328798587135443,1.698394726663245
2012-11-05,1.44233401608514,1.7094957907206396
2012-11-06,1.4449718131350155,1.7126808543365977
2012-11-07,1.410892652249015,1.67270751077495
2012-11-08,1.3886857001003938,1.6467333788852143
2012-11-09,1.3946224174927362,1.6536854513384438
2012-11-12,1.394402388869136,1.6534105871275193
2012-11-13,1.3847283914994555,1.642058553022571
2012-11-14,1.3684581567407044,1.6229486034349172
2012-11-15,1.3638409508994247,1.617472628588266
2012-11-16,1.369777385357203,1.624447513051749
2012-11-19,1.4023180434952756,1.6627082766928625
2012-11-20,1.4027573462478329,1.6631842175438518
2012-11-21,1.4056158320994858,1.6665342921864137
2012-11-23,1.426943141321202,1.6916301491629215
2012-11-26,1.4330992271540228,1.6988815983849022
2012-11-27,1.4282623699352284,1.6931984986864175
2012-11-28,1.4405751074724704,1.7075755081979458
2012-11-29,1.44914971622621,1.7176693934163296
2012-11-30,1.4467312876168128,1.7148033044933506
2012-12-03,1.4438727074536384,1.7114442185735634
2012-12-04,1.4429933474563528,1.7103573602660629
2012-12-05,1.426943141321202,1.6915374053541379
2012-12-06,1.4361774586947123,1.7023898335250593
2012-12-07,1.4276029442524942,1.6923306744142745
2012-12-10,1.4317799985399964,1.6972659020538963
2012-12-11,1.4504692277748006,1.7191799200468276
2012-12-12,1.4473907133020194,1.7155383499299088
2012-12-13,1.435957713005676,1.7020637785771093
2012-12-14,1.4223257468568797,1.6860723575814298
2012-12-17,1.4412342502206408,1.7082653078799854
2012-12-18,1.4632220225542985,1.733966825314976
2012-12-19,1.456845059294185,1.7264609548962495
2012-12-20,1.456845059294185,1.726399681849993
2012-12-21,1.4415231262053945,1.708461350818493
2012-12-24,1.4386489846510833,1.705092041128328
2012-12-26,1.4260468052649036,1.6903073045005013
2012-12-27,1.4238359561657028,1.6877368828264663
2012-12-28,1.4101283522286863,1.671624554124668
2012-12-31,1.4399756638703531,1.7066854117595296
2013-01-02,1.4857417114828015,1.7604268247156345
2013-01-03,1.4780031737677064,1.751234594587943
2013-01-04,1.4731395320966214,1.7455198158804244
2013-01-07,1.4735815698808261,1.7459851823915926
2013-01-08,1.4707076169495577,1.7426639730579094
2013-01-09,1.4762347396987958,1.7491455679311867
2013-01-10,1.4850787019647271,1.75957303811528
2013-01-11,1.4870682963930222,1.761894496213414
2013-01-14,1.4804355604723771,1.7541228527555068
2013-01-15,1.4731395320966214,1.7456193827384539
2013-01-16,1.4791093528082415,1.7526272388079518
2013-01-17,1.4861841265130915,1.7609350015080798
2013-01-18,1.4828679471770478,1.7570703326922763
2013-01-22,1.4852994850780261,1.7599650194272263
2013-01-23,1.4943641361457352,1.770567698533372
2013-01-24,1.4738029188632533,1.746385638520091
2013-01-25,1.481319824661357,1.7551448879699811
2013-01-28,1.4846366641805224,1.7590059606253703
2013-01-29,1.4848577302283856,1.7592934341602477
2013-01-30,1.4817617681340403,1.7557045800535498
2013-01-31,1.478445777421039,1.7517996028991674
2013-02-01,1.4959117871013468,1.7722647028571574
2013-02-04,1.4698231641375348,1.7417066775811652
2013-02-05,1.4914903718375092,1.7671118993677224
2013-02-06,1.4866259756742533,1.7614484447100143
2013-02-07,1.4879533150741728,1.7629792942796867
2013-02-08,1.503208287032237,1.7808681954913044
2013-02-11,1.5036503248164415,1.7813236327443986
2013-02-12,1.4974597209915224,1.7740681851001825
2013-02-13,1.5027657776928975,1.7802373729356837
2013-02-14,1.5023237399086928,1.7796990722758261
2013-02-15,1.497901475841163,1.7744093339454183
2013-02-19,1.5087350325353894,1.787096769265539
2013-02-20,1.4855207397464592,1.7597243147639545
2013-02-21,1.4696020037781503,1.7411106827972052
2013-02-22,1.484415786755702,1.7585185327569843
2013-02-25,1.466064098213594,1.73708634036679
2013-02-26,1.4715920697640523,1.7436393028153672
2013-02-27,1.4866259756742533,1.7612180992903712
2013-02-28,1.483530768072079,1.7575353949620682
2013-03-01,1.4897213718994704,1.7647936793586996
2013-03-04,1.4963546736867714,1.7725715045185197
2013-03-05,1.5184640134824718,1.7985074844154847
2013-03-06,1.5147053248046165,1.794105998591312
2013-03-07,1.5186843250381636,1.798720190009955
2013-03-08,1.5204530420441107,1.8007681735083907
2013-03-11,1.5248751174861257,1.8059738979623599
2013-03-12,1.5193477118047956,1.7995515143879652
2013-03-13,1.5173588718686717,1.797209996149492
2013-03-14,1.5224432023415342,1.8031715052849213
2013-03-15,1.5182107872305448,1.7982455718219226
2013-03-18,1.5148863084855653,1.7944050914400955
2013-03-19,1.5120051878836172,1.791081658186292
2013-03-20,1.522643331246487,1.8035165386536183
2013-03-21,1.5053569848833566,1.7832916640100571
2013-03-22,1.519983559626966,1.8004240513289869
2013-03-25,1.5144429503400612,1.7939108711706047
2013-03-26,1.522643331246487,1.8035289835864026
2013-03-27,1.5246376412459062,1.80591778434921
2013-03-28,1.5284043463981334,1.810312192305873
2013-04-01,1.5179889666905113,1.7981260560264258
2013-04-02,1.5299554868800358,1.8120627284965816
2013-04-03,1.5159945623770985,1.7956402973542835
2013-04-04,1.5164371660304314,1.7961877325808258
2013-04-05,1.503806127338491,1.7815439293349922
2013-04-08,1.5117842161472759,1.7908655927705934
2013-04-09,1.5219781525609495,1.8028578375914113
2013-04-10,1.5516724910262087,1.8375513297214008
2013-04-11,1.5510075009661857,1.8367965015843157
2013-04-12,1.54989990725283,1.835247679263625
2013-04-15,1.5193184752554223,1.7988274369204693
2013-04-16,1.539485093414336,1.8225412756935955
2013-04-17,1.5093460764447464,1.7872205335465572
2013-04-18,1.4885156942731153,1.762883013404313
2013-04-19,1.5089024353646783,1.7868632469851016
2013-04-22,1.5244154434622592,1.805160313511662
2013-04-23,1.5390414523342684,1.8222606420655487
2013-04-24,1.5383762736512028,1.8215631864418078
2013-04-25,1.5465758057539363,1.8313087417860767
2013-04-26,1.5417007523961825,1.825590208036079
2013-04-29,1.5558828372560316,1.8422796765492566
2013-04-30,1.5671854048097962,1.8555624649744078
2013-05-01,1.559871740194378,1.8469229041605244
2013-05-02,1.5795950945193094,1.8700745231590823
2013-05-03,1.5982094404630092,1.8918293391922272
2013-05-06,1.6044149454959427,1.8990680391858126
2013-05-07,1.6035278519637943,1.8979520158299932
2013-05-08,1.6112849690362374,1.907129915872726
2013-05-09,1.6090678953790984,1.9044211776326536
2013-05-10,1.6188196996995183,1.9157677011114522
2013-05-13,1.6208134438322814,1.9180110360005034
2013-05-14,1.6292339476713567,1.9278270962799913
2013-05-15,1.632558049170251,1.9316077692326268
2013-05-16,1.6307849938392653,1.929515243922985
2013-05-17,1.6465189736707155,1.9477733630558964
2013-05-20,1.6440821543294848,1.9451117121591202
2013-05-21,1.6458542665452567,1.9471054957507135
2013-05-22,1.6314493237186383,1.930112087030528
2013-05-23,1.627683090124018,1.9258390245415729
2013-05-24,1.626796751081568,1.924744316754326
2013-05-28,1.6374333854600958,1.9370910204481748
2013-05-29,1.6296775887489519,1.9280738465258698
2013-05-30,1.6383201017486315,1.9382876439721628
2013-05-31,1.6232512062887254,1.9204846466501784
2013-06-03,1.6261311008408954,1.92400199369597
2013-06-04,1.6177105970042926,1.9140415415688563
2013-06-05,1.5966589601617553,1.8894253465954847
2013-06-06,1.604414945495942,1.8985840292911584
2013-06-07,1.626352355511801,1.9240866596205666
2013-06-10,1.6270185716216017,1.9248861789576321
2013-06-11,1.6108407620870406,1.9059263458782754
2013-06-12,1.5922261332112493,1.8841055479818876
2013-06-13,1.6123927513701628,1.9077875322001183
2013-06-14,1.601754985255851,1.895350629936458
2013-06-17,1.6172684649085665,1.9134856373215767
2013-06-18,1.6305643050374874,1.92899432130068
2013-06-19,1.6123927513701632,1.9075565402326795
2013-06-20,1.574054579546398,1.8621969416651016
2013-06-21,1.56569594402084,1.8524643098788758
2013-06-24,1.5501351200190092,1.8341805340275579
2013-06-25,1.5614722998763932,1.8474399531939834
2013-06-26,1.5754771735136763,1.8636144968048602
2013-06-27,1.5821467852144542,1.8713242821944718
2013-06-28,1.5843698004900224,1.8741421438059225
2013-07-01,1.5941512186059021,1.8856791908057149
2013-07-02,1.5948183778309162,1.8863968647616722
2013-07-03,1.6012649429418822,1.8939756654663515
2013-07-05,1.6134916684309708,1.908042912823356
2013-07-08,1.6150485619082597,1.9100018247805788
2013-07-09,1.6248297914035688,1.9215260365719835
2013-07-10,1.6341654935883823,1.9324664011080754
2013-07-11,1.666622403157286,1.9707128354569525
2013-07-12,1.6739592683896547,1.9792942508802325
2013-07-15,1.677738139720722,1.9837656992735189
2013-07-16,1.6755150301311599,1.9812074729717932
2013-07-17,1.6797394287702498,1.986068698472657
2013-07-18,1.6755150301311597,1.9811449442156652
2013-07-19,1.6581751148659205,1.9609558011702068
2013-07-22,1.6630659182353813,1.9668970846008804
2013-07-23,1.6508388155002074,1.9526211758038046
2013-07-24,1.6561745803085632,1.9586836747291259
2013-07-25,1.666622403157286,1.9709940947461972
2013-07-26,1.6755150301311597,1.9814361198835764
2013-07-29,1.672402374912366,1.9777594329907977
2013-07-30,1.6812944360195836,1.988157521881924
2013-07-31,1.6844069026153348,1.9917830580243168
2013-08-01,1.701524620096927,2.0117090217883677
2013-08-02,1.711084029052202,2.0229139176904702
2013-08-05,1.7121955838469831,2.0241447910175108
2013-08-06,1.7019699587819075,2.012074730728382
2013-08-07,1.6988561718248572,2.00846606735392
2013-08-08,1.707304780477522,2.0185282152944315
2013-08-09,1.7004130653046186,2.0104544328902896
2013-08-12,1.7044147002859886,2.0152395291980967
2013-08-13,1.7139746751103913,2.0262938545040403
2013-08-14,1.7075269782611688,2.018810843291581
2013-08-15,1.6786276853524262,1.985065337984152
2013-08-16,1.677959960260756,1.9842975127976357
2013-08-19,1.6750702573153078,1.9808438070637187
2013-08-20,1.6824069339271064,1.9894919168417369
2013-08-21,1.676626019056813,1.982647835156827
2013-08-22,1.6930775204286046,2.0019943860597413
2013-08-23,1.7044147002859888,2.0154219381702534
2013-08-26,1.705303114181909,2.0164914977140427
2013-08-27,1.6704024062241378,1.9757390861811974
2013-08-28,1.6768491599581465,1.9832708668361971
2013-08-29,1.6886309240083401,1.9970396882692616
2013-08-30,1.677738139720723,1.9842129226769496
2013-09-03,1.6872969828043967,1.9954323820782605
2013-09-04,1.705303114181909,2.016415562352605
2013-09-05,1.7081937602400983,2.019629041601573
2013-09-06,1.7101950492896265,2.0221018892331957
2013-09-09,1.7302019038450662,2.045510363924336
2013-09-10,1.7386495693825172,2.0552769711927463
2013-09-11,1.7353154708673026,2.0513821787159516
2013-09-12,1.734203350205866,2.0498594448740954
2013-09-13,1.7353154708673026,2.051190104293795
2013-09-16,1.7306459221687478,2.0456363534114255
2013-09-17,1.742206620171078,2.0592019534838086
2013-09-18,1.763103208983737,2.08407237167028
2013-09-19,1.7673274189973118,2.0889655220758305
2013-09-20,1.7612622494068113,2.081641557500459
2013-09-23,1.7576950129788875,2.0774928027297275
2013-09-24,1.7576950129788875,2.077536666375809
2013-09-25,1.751674169771291,2.070545877330544
2013-09-26,1.7652753903863714,2.0863762055278223
2013-09-27,1.7630460562413441,2.083830306187892
2013-09-30,1.7588093971168373,2.0788265540592614
2013-10-01,1.7766474654819395,2.099489063693887
2013-10-02,1.7759780427828844,2.098859639573627
2013-10-03,1.7552421606889135,2.074575018721249
2013-10-04,1.7704042358651806,2.0922838138410587
2013-10-07,1.7556878766199797,2.075137484931043
2013-10-08,1.7217961125934358,2.0354781607659373
2013-10-09,1.7164454465745929,2.0291200686404856
2013-10-10,1.7527889311528542,2.0715870307015702
2013-10-11,1.7666134812923107,2.087671051912079
2013-10-14,1.7791001291488708,2.1022604708770602
2013-10-15,1.7721880427021854,2.094202608409572
2013-10-16,1.7922558224584004,2.1177281214999555
2013-10-17,1.8025116271855912,2.130014843367245
2013-10-18,1.8317217706462607,2.1641722820985105
2013-10-21,1.8357351002513356,2.1688577176530095
2013-10-22,1.838410716194085,2.1721879721803035
2013-10-23,1.8272621592434635,2.159132157161506
2013-10-24,1.8352895729433125,2.168573805315572
2013-10-25,1.8484447003837137,2.184028345225944
2013-10-28,1.8488909821814354,2.1845405499247152
2013-10-29,1.852011748188595,2.1881553613582163
2013-10-30,1.8502283185976758,2.186023871119718
2013-10-31,1.845991659470697,2.1809560360725277
2013-11-01,1.8464379412708913,2.1814108420846394
2013-11-04,1.8491135572136408,2.1845358363483616
2013-11-05,1.8511206935725488,2.186816573837206
2013-11-06,1.8506746003953976,2.1863642277480744
2013-11-07,1.8158900841478955,2.1456206838049154
2013-11-08,1.840417475306908,2.174118136645601
2013-11-11,1.837519095711383,2.170693142027461
2013-11-12,1.840417475306908,2.173994151801472
2013-11-13,1.8627147778311932,2.2001230407376853
2013-11-14,1.868512480139929,2.207027357388563
2013-11-15,1.8720795279423375,2.211211949488723
2013-11-18,1.8537961208922553,2.1897689999940524
2013-11-19,1.8484447003837134,2.183469835394674
2013-11-20,1.8439850889809166,2.177995493941507
2013-11-21,1.862714777831193,2.1999026346415094
2013-11-22,1.8727481961516936,2.211660944315596
2013-11-25,1.877207807554491,2.2169144566477943
2013-11-26,1.8870186508427864,2.228330600358845
2013-11-27,1.90017528726753,2.243683666882565
2013-11-29,1.91154547613267,2.2570428013109045
2013-12-02,1.905971857838009,2.2502918609004494
2013-12-03,1.9044110032792945,2.2485264473007356
2013-12-04,1.9061946214907843,2.25071511063879
2013-12-05,1.9037412033341543,2.247721476972108
2013-12-06,1.9175659420941813,2.263941095614889
2013-12-09,1.9253707807642972,2.27312439201077
2013-12-10,1.92403212398923,2.2717051161769346
2013-12-11,1.899282157800485,2.2426737660104807
2013-12-12,1.8943762645974944,2.2367612427127646
2013-12-13,1.8919243554227338,2.2339802607852794
2013-12-16,1.9024040555409563,2.246241566290681
2013-12-17,1.8986123578553447,2.2417548841680808
2013-12-18,1.9206874625910384,2.2675146656114094
2013-12-19,1.9153371738207534,2.2610403715435816
2013-12-20,1.934841348328249,2.2839826917189976
2013-12-23,1.955196400770883,2.3077214944933098
2013-12-24,1.9560908505992263,2.3087828834621105
2013-12-26,1.9625779696347132,2.3163809130990654
2013-12-27,1.95765736384675,2.310667265037549
2013-12-30,1.9547489872349049,2.3071745267378585
2013-12-31,1.9674989526687618,2.322106694759558
2014-01-02,1.952064694637134,2.3041871388174697
2014-01-03,1.93797248859287,2.2878021264554547
2014-01-06,1.9308148151200715,2.279453020933826
2014-01-07,1.9487094703584382,2.3003585245375278
2014-01-08,1.952959144465477,2.3052628622137687
2014-01-09,1.9464731571657738,2.2977355022922534
2014-01-10,1.9527360035666161,2.3052453352792974
2014-01-13,1.9238810370407773,2.2715691756717513
2014-01-14,1.9605647973433815,2.3143583950775732
2014-01-15,1.9766701756789768,2.3331585735077143
2014-01-16,1.976893505203353,2.333472646251312
2014-01-17,1.965708544030206,2.320488803263977
2014-01-21,1.980695954394984,2.337954411394288
2014-01-22,1.985840644199494,2.343926136538685
2014-01-23,1.9791305728857163,2.3363062631796025
2014-01-24,1.9402099335213188,2.2908555219293283
2014-01-27,1.9214204512109954,2.268782414154739
2014-01-28,1.9203021059916205,2.2674917288134813
2014-01-29,1.8997233467809977,2.2435684401029587
2014-01-30,1.9348413483282492,2.284481006193932
2014-01-31,1.9296962812801264,2.2785133581915806
2014-02-03,1.8854076225893153,2.226851379985953
2014-02-04,1.8992757446195043,2.2430013299995464
2014-02-05,1.8943551388315414,2.23723116604164
2014-02-06,1.9185130177143639,2.265471785859557
2014-02-07,1.9527360035666166,2.3055619450987566
2014-02-10,1.9639200216220778,2.3186989358180576
2014-02-11,1.9862884349815577,2.3449508936853305
2014-02-12,1.990091261419274,2.349388897114337
2014-02-13,2.004853833277806,2.3667601435066934
2014-02-14,2.008879800616856,2.3715875643023288
2014-02-18,2.0187219553079956,2.38312418529278
2014-02-19,2.004853833277806,2.366811874096914
2014-02-20,2.0142474426971835,2.3778848244920066
2014-02-21,2.0115639045915836,2.374768185073049
2014-02-24,2.0223006977341096,2.3873881947083015
2014-02-25,2.0200641959184025,2.3848226873944522
2014-02-26,2.0182747303950603,2.3826654990122806
2014-02-27,2.031369121257729,2.397993929591662
2014-02-28,2.0291226224306453,2.395356768044024
2014-03-03,2.0140740982445218,2.377946252335141
2014-03-04,2.0396798465650434,2.407735728468498
2014-03-05,2.0452943960303114,2.4142908579682
2014-03-06,2.043497574213247,2.4122281204458167
2014-03-07,2.0333909702040818,2.400335077621037
2014-03-10,2.0351874147750606,2.402440067141041
2014-03-11,2.0264285214420696,2.3922457131340895
2014-03-12,2.034064542607605,2.401359741326194
2014-03-13,2.0053138845502314,2.367855765523987
2014-03-14,1.9916134482838947,2.351907936966487
2014-03-17,2.00913349842639,2.372287621771556
2014-03-18,2.0333909702040818,2.400583750265797
2014-03-19,2.022384257680236,2.3874892733930566
2014-03-20,2.0279995616376745,2.394042421569175
2014-03-21,2.0035960957312113,2.3656205685924916
2014-03-24,1.9860368120230214,2.344980251436051
2014-03-25,1.9925658053443291,2.3526152109015426
2014-03-26,1.9669013952995449,2.3225673309555153
2014-03-27,1.9558709162896197,2.3096637611482604
2014-03-28,1.9596975092134152,2.3141147587126314
2014-03-31,1.9736554157476685,2.330390819849634
2014-04-01,2.008324117530987,2.3708506468087838
2014-04-02,2.0135021935893387,2.3769385867373436
2014-04-03,1.997518099781222,2.3582633099809804
2014-04-04,1.9443896285289477,2.296307308087104
2014-04-07,1.9259292931933356,2.274702411261375
2014-04-08,1.9437141698974698,2.2956081851174956
2014-04-09,1.9770323316614455,2.3345682566593053
2014-04-10,1.9157983568289634,2.2630456416576554
2014-04-11,1.893512371679825,2.2370026090123067
2014-04-14,1.908369254992975,2.254445007230533
2014-04-15,1.9146726553158657,2.261728333337678
2014-04-16,1.9401116609877485,2.2914924434239055
2014-04-17,1.9405622811129808,2.2919108623944457
2014-04-21,1.9549698646597253,2.3087173917615726
2014-04-22,1.9705031497170944,2.326852105022752
2014-04-23,1.953169647630364,2.306618276412849
2014-04-24,1.971854632851651,2.3285380469021666
2014-04-25,1.9403372539836925,2.291775547943925
2014-04-28,1.946640654309056,2.2991088954542422
2014-04-29,1.9621743166125107,2.317251072402951
2014-04-30,1.9673520154247768,2.3232840526352354
2014-05-01,1.973205172868521,2.3301460497241404
2014-05-02,1.9696028525793703,2.325988947755306
2014-05-05,1.979959004696074,2.338180547746779
2014-05-06,1.954294783274332,2.308150969370122
2014-05-07,1.948666087090748,2.301479830162093
2014-05-08,1.9468653041922581,2.299340995433232
2014-05-09,1.9540693788989583,2.307721383129833
2014-05-12,1.986262216395922,2.345368272603251
2014-05-13,1.987613322284393,2.3469662469188313
2014-05-14,1.9772577360368178,2.3349891552276913
2014-05-15,1.9617233192411923,2.316781597637037
2014-05-16,1.9745560901314765,2.3317699462791164
2014-05-19,1.988288215046743,2.347755811792914
2014-05-20,1.9810854606988697,2.339350274807452
2014-05-21,1.9999949071803165,2.3614146838246413
2014-05-22,2.0087741717870897,2.3717109025201895
2014-05-23,2.0234069710861653,2.3888235601667986
2014-05-27,2.0486213268748457,2.4181514247364415
2014-05-28,2.04231849241861,2.4107990363079015
2014-05-29,2.0553755359460117,2.4260293945293503
2014-05-30,2.055599619960086,2.4262798637592216
2014-06-02,2.0535738099347802,2.4238199028454432
2014-06-03,2.0526740786661852,2.4227540522188113
2014-06-04,2.0603280190059463,2.4316814356904306
2014-06-05,2.0776620869642777,2.4520208331092515
2014-06-06,2.0895938062246677,2.4659531173950833
2014-06-09,2.088017673209381,2.464091963631515
2014-06-10,2.091619427629403,2.468330296261188
2014-06-11,2.0911693733732992,2.4677777826706957
2014-06-12,2.072258983776638,2.4458266508241397
2014-06-13,2.078337545595756,2.4529615658008734
2014-06-16,2.080138705740331,2.455059508955215
2014-06-17,2.081264407250956,2.456326140460662
2014-06-18,2.0929701562693164,2.470117403290442
2014-06-19,2.091619427629403,2.468813093796876
2014-06-20,2.094080202082228,2.4716677975696215
2014-06-23,2.0945321425687595,2.4722097358318993
2014-06-24,2.0925002966085584,2.469887285696285
2014-06-25,2.1058185828622586,2.485466829468344
2014-06-26,2.1069471137185243,2.486783537720913
2014-06-27,2.116201896677338,2.4976037754646074
2014-06-30,2.119813648111208,2.501939959113786
2014-07-01,2.1430633076934567,2.5290385911194617
2014-07-02,2.146674493258199,2.533161065737834
2014-07-03,2.1602179952642304,2.5488912101407015
2014-07-07,2.153671837258395,2.541286696140355
2014-07-08,2.127713929969254,2.5110301720723407
2014-07-09,2.143514870933903,2.5295400101964782
2014-07-10,2.136743119929651,2.5217018070799964
2014-07-11,2.150511649064971,2.5378068834888805
2014-07-14,2.163378937949826,2.5525818974684014
2014-07-15,2.1559300307091833,2.5438015773241416
2014-07-16,2.164507091560006,2.553870483474041
2014-07-17,2.135840182071802,2.5205735555574535
2014-07-18,2.1696998802033307,2.560082096797656
2014-07-21,2.1669899348915256,2.556942540147071
2014-07-22,2.1807599730111873,2.572986202150055
2014-07-23,2.194754849634622,2.5893184565849414
2014-07-24,2.1922720063031034,2.586318573085746
2014-07-25,2.183694756829238,2.576427207663758
2014-07-28,2.1843713471989723,2.577233736083499
2014-07-29,2.1805345686358137,2.5727066212339627
2014-07-30,2.189111440863594,2.582606374750924
2014-07-31,2.144868994786114,2.5307709480783225
2014-08-01,2.1369687129280686,2.521655201363705
2014-08-04,2.1516405571673234,2.538743568077222
2014-08-05,2.1351618940971555,2.5194668352915515
2014-08-06,2.1335821772465287,2.5177329672745596
2014-08-07,2.1268108034883624,2.509916395348252
2014-08-08,2.142160558458651,2.527889692400473
2014-08-11,2.15480093398379,2.5426266375939677
2014-08-12,2.1538985619950686,2.5415458922693355
2014-08-13,2.176696092467743,2.568237278624315
2014-08-14,2.1879834758764565,2.5814799982371373
2014-08-15,2.1985927599335655,2.59386256505438
2014-08-18,2.2155222317544805,2.6135594525281944
2014-08-19,2.2279373915272886,2.628052842862236
2014-08-20,2.2279373915272886,2.6280130363810192
2014-08-21,2.232451892198438,2.63321987405886
2014-08-22,2.235837673387807,2.6372098558324737
2014-08-25,2.243737955245852,2.646430830831235
2014-08-26,2.2459952055814267,2.6490671809103334
2014-08-27,2.2464467688218726,2.6496548632691597
2014-08-28,2.243963736867311,2.646857604416339
2014-08-29,2.252315581965803,2.656608126784869
2014-09-02,2.2588613627280254,2.6640074295713605
2014-09-03,2.2455440195870664,2.648519000679121
2014-09-04,2.2435123622499082,2.646049518431867
2014-09-05,2.2547982366767516,2.659300609870397
2014-09-08,2.259087332970055,2.664186094716288
2014-09-09,2.2403525513025695,2.642294259442655
2014-09-10,2.2588613627280254,2.6638178317176853
2014-09-11,2.2570556756328966,2.66167043772625
2014-09-12,2.2455440195870664,2.6480408497652586
2014-09-15,2.2238735109863166,2.622779061788876
2014-09-16,2.2432867692514917,2.6454784526300275
2014-09-17,2.246672173197247,2.649315143959235
2014-09-18,2.2636023995078607,2.66909925665923
2014-09-19,2.2621997995682785,2.667481805282611
2014-09-22,2.241157028003806,2.642878333168903
2014-09-23,2.2350480978970575,2.6358185127174596
2014-09-24,2.2590311233428757,2.663756639576076
2014-09-25,2.211515503953429,2.608351546305206
2014-09-26,2.235048097897057,2.635796453043581
2014-09-29,2.232106146408327,2.6324003141279624
2014-09-30,2.235273879516044,2.6360199701363696
2014-10-01,2.1995245570971753,2.594429900552387
2014-10-02,2.1995245570971753,2.594376887707099
2014-10-03,2.221245805259338,2.619599895674527
2014-10-06,2.216493639727398,2.6141810976379167
2014-10-07,2.1850430333720676,2.5775335214287205
2014-10-08,2.2275810828566733,2.6273546112196637
2014-10-09,2.1916048470780893,2.58529388164191
2014-10-10,2.136848560136374,2.52140561022856
2014-10-13,2.1033610150011617,2.4823668613500027
2014-10-14,2.103587928358405,2.482684023459948
2014-10-15,2.090011983211273,2.4668475463362403
2014-10-16,2.076888355796758,2.451507914620184
2014-10-17,2.104266027710009,2.483487333261555
2014-10-20,2.1357171999369395,2.5203414937015447
2014-10-21,2.1918304400765063,2.5858816513180463
2014-10-22,2.180517592574329,2.572653369983972
2014-10-23,2.2133260952427243,2.6108757817491344
2014-10-24,2.231427481187595,2.6320290270949527
2014-10-27,2.233011159117175,2.633864223763904
2014-10-28,2.2667241086277614,2.6732250881409496
2014-10-29,2.2583524581221432,2.663313072344459
2014-10-30,2.2631046236540833,2.6688177256470524
2014-10-31,2.2943286939007277,2.705062432685145
2014-11-03,2.3011168550948633,2.7129512181838282
2014-11-04,2.2934242470585353,2.7039817625290232
2014-11-05,2.293650217300565,2.704097544918174
2014-11-06,2.3008908848528336,2.71248738981385
2014-11-07,2.2988539460754236,2.710440180798604
2014-11-10,2.306999814959582,2.7197267025481415
2014-11-11,2.3142401052657653,2.728306584168275
2014-11-12,2.3183132283308874,2.732950083250804
2014-11-13,2.3282687453891273,2.7445709224969694
2014-11-14,2.335508847072268,2.753276599015772
2014-11-17,2.3284947156336293,2.7450768907479945
2014-11-18,2.3459170591116827,2.7655197015663546
2014-11-19,2.3352840085660223,2.752964398948602
2014-11-20,2.3456905229980527,2.765217598544277
2014-11-21,2.3502169069110055,2.770586353398367
2014-11-24,2.36854388585182,2.7919331304175286
2014-11-25,2.3721643139407123,2.7962181850528074
2014-11-26,2.3875504731310535,2.814177917411527
2014-11-28,2.3986369731426427,2.826917026995955
2014-12-01,2.3714850828508514,2.7956185793075425
2014-12-02,2.380989036668645,2.8065717471252225
2014-12-03,2.3852871868630556,2.8116891433971363
2014-12-04,2.384156581155792,2.810360604222105
2014-12-05,2.38438179690565,2.810469852550934
2014-12-08,2.367411959783257,2.7908440179703935
2014-12-09,2.374878974826113,2.7997925625555276
2014-12-10,2.3375450313599786,2.756198228308476
2014-12-11,2.34863304035591,2.769169732888912
2014-12-12,2.3230653938628265,2.739333457100232
2014-12-15,2.2990808594326664,2.7110462137313713
2014-12-16,2.2621997995682777,2.668097050287395
2014-12-17,2.303378821004034,2.7161259697261104
2014-12-18,2.3588143390356096,2.780890757328373
2014-12-19,2.369193314523178,2.7930459721300647
2014-12-22,2.37509758877442,2.7997638573013397
2014-12-23,2.366694249622345,2.789889549404492
2014-12-24,2.3687402422983896,2.792354030325631
2014-12-26,2.3855452230000993,2.812193751355493
2014-12-29,2.385091396285613,2.8116345015096713
2014-12-30,2.369193314523178,2.793153924988428
2014-12-31,2.344892459477796,2.7646160716085024
2015-01-02,2.3378524866996084,2.7565062910178844
2015-01-05,2.30355914450186,2.716660850743103
2015-01-06,2.2726719547697347,2.6807611884660143
2015-01-07,2.301969619260428,2.714944670683911
2015-01-08,2.3460291011174825,2.7663214051040956
2015-01-09,2.3305854119411347,2.748428787811894
2015-01-12,2.306284934139366,2.7201729960606573
2015-01-13,2.305602873706337,2.7193601366235858
2015-01-14,2.2928853514111083,2.7045408512701035
2015-01-15,2.2631336715828856,2.6701229754106084
2015-01-16,2.2897061123052014,2.7012637435907956
2015-01-20,2.307874648003842,2.72267425345426
2015-01-21,2.3196847054906677,2.736449068802244
2015-01-22,2.3626071684619503,2.78662447237669
2015-01-23,2.3678307026389898,2.7927151656858666
2015-01-26,2.3651054788706123,2.789417126385213
2015-01-27,2.3037864351051898,2.7179411737675925
2015-01-28,2.2919763776208364,2.7041200631291376
2015-01-29,2.314006590104498,2.7296481689644936
2015-01-30,2.296064967763101,2.7089200565516567
2015-02-02,2.3160499420628895,2.73219052531125
2015-02-03,2.3383066906601817,2.7580010323538406
2015-02-04,2.336262206966006,2.75562451271678
2015-02-05,2.3564750377357786,2.779230597383871
2015-02-06,2.3421676129555045,2.762083398631011
2015-02-09,2.3346723044784885,2.753331640133086
2015-02-10,2.3710105076140255,2.795735600104032
2015-02-11,2.379640194256688,2.805639433273923
2015-02-12,2.4073473903907354,2.837978306209724
2015-02-13,2.428014425123553,2.862064494166428
2015-02-17,2.430285067685273,2.8644870430103033
2015-02-18,2.433692729132765,2.868582507023004
2015-02-19,2.445728568238578,2.882532249699077
2015-02-20,2.4620806653385428,2.9015538338453557
2015-02-23,2.4645785985035915,2.9045577868127737
2015-02-24,2.466395791594438,2.9067453551546887
2015-02-25,2.460263849493782,2.8995996000197435
2015-02-26,2.4727546470523376,2.914118748035657
2015-02-27,2.461853374735214,2.9014536973463017
2015-03-02,2.4841103119555488,2.9272311868144985
2015-03-03,2.47252811094118,2.9137150652143675
2015-03-04,2.4629890732621593,2.902536353142765
2015-03-05,2.467304010895012,2.907587870399794
2015-03-06,2.439369901403721,2.874531456432004
2015-03-09,2.446410251425522,2.8827923894903096
2015-03-10,2.4009891007994915,2.829802325895306
2015-03-11,2.3871351254876183,2.8135970329886004
2015-03-12,2.4028055394006396,2.8319215209624433
2015-03-13,2.392358282421045,2.8197098313818794
2015-03-16,2.423245283530128,2.8558395528888996
2015-03-17,2.427106394446022,2.8603127690618577
2015-03-18,2.450952668287218,2.8884925750695793
2015-03-19,2.4545861113536978,2.8926740763484613
2015-03-20,2.470474196102285,2.911375860644833
2015-03-23,2.4656943030003684,2.9058556768613686
2015-03-24,2.45681657723451,2.895545519210052
2015-03-25,2.4005920495813133,2.829879021931547
2015-03-26,2.3923975159842676,2.8203028329690936
2015-03-27,2.4019580566777994,2.8314877324353533
2015-03-30,2.429501150880862,2.863523223113401
2015-03-31,2.4037786449809433,2.833514784749346
2015-04-01,2.3912595539832826,2.8191318157740106
2015-04-02,2.3928528516830974,2.8209287484657195
2015-04-06,2.4124288915204306,2.843910700351102
2015-04-07,2.408331247477059,2.8390831920453823
2015-04-08,2.4274528947283045,2.8613415772541333
2015-04-09,2.4427045657855935,2.8790004127239928
2015-04-10,2.45271968768331,2.890818682879045
2015-04-13,2.4465732216182516,2.8835611650431607
2015-04-14,2.4395174045168355,2.875306239155806
2015-04-15,2.4547683210819526,2.8931900340065635
2015-04-16,2.4513534919637805,2.8891415499175555
2015-04-17,2.4131120836917157,2.8445928831872878
2015-04-20,2.4493046699420944,2.8867668012903023
2015-04-21,2.45977588203081,2.899003132450793
2015-04-22,2.4732065875388693,2.914479877881751
2015-04-23,2.4825392717599435,2.925474041147889
2015-04-24,2.5162280775358927,2.964691707446142
2015-04-27,2.509854886736634,2.957434212578767
2015-04-28,2.50484694854169,2.9516412634340714
2015-04-29,2.4891405076547013,2.933172308831755
2015-04-30,2.449988427982507,2.887294559057573
2015-05-01,2.4823121697771846,2.924918260818831
2015-05-04,2.486408870707815,2.9297698978007185
2015-05-05,2.445890972562178,2.8824687454826257
2015-05-06,2.42904638105116,2.862726184697831
2015-05-07,2.443614294068034,2.8797108481090703
2015-05-08,2.474117447559568,2.9153857130001284
2015-05-11,2.4645565296224237,2.9040501997054866
2015-05-12,2.453401936739379,2.8911372657692214
2015-05-13,2.4584108180495363,2.897092974921479
2015-05-14,2.4943759250760156,2.939155028394887
2015-05-15,2.4943759250760156,2.9393078483403863
2015-05-18,2.5053017183713893,2.9519910740449506
2015-05-19,2.5025706472936315,2.9486329914806095
2015-05-20,2.504163379124318,2.9505206137450712
2015-05-21,2.5171389375565916,2.965683989084504
2015-05-22,2.5146349684591196,2.9627516203171105
2015-05-26,2.485726055782614,2.928937752770338
2015-05-27,2.5257891840960784,2.975694128984821
2015-05-28,2.5200978651068064,2.9690583450268204
2015-05-29,2.505074805014146,2.951559138565124
2015-06-01,2.5134968178350903,2.9613304120204056
2015-06-02,2.505529763466889,2.9519751859286254
2015-06-03,2.5130416707593044,2.9605506445743686
2015-06-04,2.4939207780002293,2.9382288501400615
2015-06-05,2.4880021684076286,2.931180954129413
2015-06-08,2.462735186827109,2.9017135436210046
2015-06-09,2.45863848589895,2.8969114855772675
2015-06-10,2.492327103054329,2.9362764824945833
2015-06-11,2.49596922277583,2.9406072787464246
2015-06-12,2.4754828887869245,2.9166661966621557
2015-06-15,2.463191088395065,2.9023781018070958
2015-06-16,2.4766204735442976,2.9180511054479323
2015-06-17,2.4834497545345555,2.9260577956069955
2015-06-18,2.5196430952771047,2.9684212043093954
2015-06-19,2.507186061218476,2.9539028408982433
2015-06-22,2.5256665792072996,2.975232724622533
2015-06-23,2.527719362310411,2.977502379104278
2015-06-24,2.5147153218184624,2.962316183936667
2015-06-25,2.5096956890022857,2.9564111387259295
2015-06-26,2.4930399090210735,2.936970525275966
2015-06-29,2.4341771127579226,2.8684595360588503
2015-06-30,2.4428460329662793,2.878491435667016
2015-07-01,2.4622394858268004,2.901038441770215
2015-07-02,2.4629239983593854,2.9018603914902985
2015-07-06,2.4572198530106237,2.8953262664316357
2015-07-07,2.4633808430400834,2.902515482276818
2015-07-08,2.4204872393745616,2.8525303429157747
2015-07-09,2.4191189688040353,2.8508358003277747
2015-07-10,2.456079627535597,2.8939133161836192
2015-07-13,2.4992008990505337,2.944165367167549
2015-07-14,2.515627124951904,2.963308027525745
2015-07-15,2.5183653637028147,2.966495316837325
2015-07-16,2.553957374615292,3.0080388081734277
2015-07-17,2.5916021686333535,3.0518249683995538
2015-07-20,2.600500454296037,3.061868568838597
2015-07-21,2.5989033841378397,3.0599766293196176
2015-07-22,2.5694717973832213,3.0256490867187584
2015-07-23,2.5598888105673825,3.014448928798903
2015-07-24,2.5347923440963562,2.9853085858053836
2015-07-27,2.513802575567336,2.9608555423569154
2015-07-28,2.535476668003426,2.9861102769191605
2015-07-29,2.5450594661986945,2.997300209468202
2015-07-30,2.557150949062559,3.01136562712271
2015-07-31,2.55418523108775,3.0080420920023316
2015-08-03,2.5461996916761938,2.99870530330592
2015-08-04,2.541409424314344,2.993063698030597
2015-08-05,2.5610303564037094,3.015874580470844
2015-08-06,2.519962056614927,2.9680924413574936
2015-08-07,2.516768482167661,2.96450301723607
2015-08-10,2.5455163108818653,2.998060234250283
2015-08-11,2.5128896406956387,2.9601602039403425
2015-08-12,2.5215593153961664,2.9704346084132682
2015-08-13,2.517452428828645,2.965545145849503
2015-08-14,2.5213310816776238,2.970108255659129
2015-08-17,2.542321604696342,2.994631769972428
2015-08-18,2.5293168097122223,2.979436234184177
2015-08-19,2.5126615956001386,2.9602075505639345
2015-08-20,2.443074266684823,2.879259643649601
2015-08-21,2.336298233939973,2.7547108346607527
2015-08-24,2.2464052717821366,2.6496223756423682
2015-08-25,2.2379632649334957,2.639519629423987
2015-08-26,2.3506722426098334,2.7709698209538423
2015-08-27,2.4102206831413535,2.8404780040744093
2015-08-28,2.4097640270812257,2.8400433657975985
2015-08-31,2.379875784268952,2.80511972156549
2015-09-01,2.3054979993687437,2.7183186605657683
2015-09-02,2.3705212197922263,2.7626985537687094
2015-09-03,2.358885827116889,2.753100951205939
2015-09-04,2.33082251093527,2.7305439573305486
2015-09-08,2.3965308097579934,2.779797464774311
2015-09-09,2.3696092280332697,2.7548193531031275
2015-09-10,2.395390207036881,2.7732907673573224
2015-09-11,2.4086234243601137,2.784515792049323
2015-09-14,2.4013225861017125,2.779952136265437
2015-09-15,2.429613004266091,2.7967036753316874
2015-09-16,2.4433028776469787,2.811847341193193
2015-09-17,2.4442148694059354,2.8200840036062176
2015-09-18,2.4094514789243866,2.79862177379395
2015-09-21,2.4169992245702,2.799956496117728
2015-09-22,2.380863036567571,2.7721952791184146
2015-09-23,2.3826924901463067,2.774687428873237
2015-09-24,2.374001878305341,2.7772007616773116
2015-09-25,2.353874870955735,2.7602895256695863
2015-09-28,2.2868626219730857,2.707980944850459
2015-09-29,2.2749707021450463,2.698195378752388
2015-09-30,2.327344493142283,2.735133396478939
2015-10-01,2.3378653130566276,2.741914823819216
2015-10-02,2.378804406152608,2.788756352095977
2015-10-05,2.412881963742745,2.828248510950629
2015-10-06,2.401446511351791,2.8150858940706125
2015-10-07,2.4158550380112764,2.8317658318862344
2015-10-08,2.4254608482004527,2.8428675782471022
2015-10-09,2.4364394559107088,2.8557581088370814
2015-10-12,2.442385793070814,2.8627608472784325
2015-10-13,2.426604091644163,2.8444932831696823
2015-10-14,2.422716762142635,2.840195290625894
2015-10-15,2.4625122345512924,2.8863594456244286
2015-10-16,2.472803877631881,2.8982364177362085
2015-10-19,2.4869834160831252,2.9146256693445043
2015-10-20,2.4741766751529606,2.8998285127505645
2015-10-21,2.459080806617721,2.882254343853131
2015-10-22,2.509168487976095,2.940415069268929
2015-10-23,2.579382422191904,3.021766025539593
2015-10-26,2.5809836420545693,3.023630385269528
2015-10-27,2.5862439576977474,3.029759933107813
2015-10-28,2.607742630830177,3.054558440946923
2015-10-29,2.6036255586282366,3.0495790882259666
2015-10-30,2.5919622497648254,3.036064616659422
2015-11-02,2.6212359591439243,3.0699261807606297
2015-11-03,2.630384547406317,3.0803408605939895
2015-11-04,2.6306129697479026,3.080524451526299
2015-11-05,2.623523389144087,3.0722363589327615
2015-11-06,2.625352654102252,3.0740307188451585
2015-11-09,2.597450233257418,3.04170190128941
2015-11-10,2.590818251828944,3.03402107637762
2015-11-11,2.5876161893521714,3.0303078557250767
2015-11-12,2.562457665944585,3.0011227548184314
2015-11-13,2.512141562244626,2.9427741586678113
2015-11-16,2.548278316116383,2.984740363016893
2015-11-17,2.5498791587329626,2.9864178681386377
2015-11-18,2.598822653534884,3.0431854631542303
2015-11-19,2.6006519184905765,3.0455060966261653
2015-11-20,2.618263073498435,3.0658685168518676
2015-11-23,2.6107158937217507,3.0570151711748967
2015-11-24,2.608428652344631,3.054439410033316
2015-11-25,2.6107158937217507,3.0570213471672867
2015-11-27,2.614374989504736,3.061153051329129
2015-11-30,2.6077426308301765,3.053551059877199
2015-12-01,2.6338157867168452,3.083890897735889
2015-12-02,2.617577051983981,3.0648327733955267
2015-12-03,2.5732076626902125,3.0133723864985824
2015-12-04,2.633358187543976,3.0834365389340674
2015-12-07,2.6214658904698513,3.0695554274417325
2015-12-08,2.6216935583192655,3.0698353708518615
2015-12-09,2.581898651777264,3.0236764534784433
2015-12-10,2.593563092378932,3.0371590799368877
2015-12-11,2.5338694122083396,2.9680614284291544
2015-12-14,2.553080466720037,2.990176747561238
2015-12-15,2.5686329913129313,3.008173635062153
2015-12-16,2.606827998353567,3.0526598800287683
2015-12-17,2.568861413654517,3.0084734324398057
2015-12-18,2.5195851880450166,2.9514771203202
2015-12-21,2.547572489194803,2.9840386709836557
2015-12-22,2.564319562664421,3.0034015355484747
2015-12-23,2.583360856556323,3.025462121419058
2015-12-24,2.5829019370221546,3.0250284291981875
2015-12-28,2.5815246125529936,3.0233764668319267
2015-12-29,2.622130220349225,3.0703773552430174
2015-12-30,2.5985010514769384,3.0429077710041974
2015-12-31,2.566154863555009,3.0053935615219896
2016-01-04,2.5120142417822526,2.942803120765656
2016-01-05,2.5076553550125817,2.9377709468076567
2016-01-06,2.4835680210958255,2.9100512267159573
2016-01-07,2.4057984190738253,2.819973606230258
2016-01-08,2.386069406060084,2.797041752605673
2016-01-11,2.393410798245479,2.8054479088856574
2016-01-12,2.4211694884331094,2.8376657242714316
2016-01-13,2.3376649955286317,2.7408606119379364
2016-01-14,2.387446730531717,2.79848195839383
2016-01-15,2.3133467871756794,2.712646795842367
2016-01-19,2.318394713426016,2.718528176583158
2016-01-20,2.311283063943506,2.710381230926881
2016-01-21,2.313576907122177,2.7130254336978394
2016-01-22,2.3805638806344054,2.790767234906362
2016-01-25,2.345235375922267,2.749877569840522
2016-01-26,2.366340581669385,2.7745031510907885
2016-01-27,2.3073825308388756,2.7061015700491344
2016-01-28,2.33995865008426,2.743877918924093
2016-01-29,2.3888221687729234,2.8007221167275995
2016-02-01,2.3952457218899816,2.8083049228369643
2016-02-02,2.3434000750316804,2.7566141371429866
2016-02-03,2.3321589042338258,2.74664601666769
2016-02-04,2.3319293501564564,2.748206382129832
2016-02-05,2.2509490090026625,2.66773198547213
2016-02-08,2.2165374002436473,2.635371731286793
2016-02-09,2.209654927592421,2.628072938077295
2016-02-10,2.2181433356774365,2.6380722470654017
2016-02-11,2.214931653430429,2.6398509184513888
2016-02-12,2.2486542227087782,2.6726395568416286
2016-02-16,2.2993537967802005,2.7204804139534837
2016-02-17,2.3514291863364414,2.774124841299806
2016-02-18,2.3245887124632327,2.7515827829171746
2016-02-19,2.33146986475316,2.757443308266501
2016-02-22,2.3693227098390244,2.794248956277155
2016-02-23,2.3303234147226677,2.756865086331
2016-02-24,2.3525763908615773,2.779947296321313
2016-02-25,2.3757455084614394,2.8048403630201553
2016-02-26,2.3727645120325302,2.798975341378546
2016-02-29,2.3514291863364423,2.779621073987077
2016-03-01,2.4269038134439875,2.854380503634142
2016-03-02,2.427821841135367,2.8561759338129917
2016-03-03,2.42323377753194,2.8530664361633464
2016-03-04,2.4241512393541913,2.8540895079533257
2016-03-07,2.4092400326442895,2.8386686277997546
2016-03-08,2.389281276930136,2.817464923489668
2016-03-09,2.404651214551164,2.8332294501883872
2016-03-10,2.4009815558852017,2.830548964551698
2016-03-11,2.4429627905456814,2.873732516057321
2016-03-14,2.4470925004840685,2.877044395350504
2016-03-15,2.446174472792689,2.8762966439587245
2016-03-16,2.46796852939743,2.9020519062497225
2016-03-17,2.466591770794925,2.9006342618094356
2016-03-18,2.4704568427947162,2.9044661578994537
2016-03-21,2.4801211260851126,2.913837295344965
2016-03-22,2.4877137639804854,2.922169959124589
2016-03-23,2.4672357294029887,2.8986797286411368
2016-03-24,2.4679259006194383,2.8994478059895394
2016-03-28,2.4644744786581705,2.8959416933377695
2016-03-29,2.5040503940033068,2.9406202078529153
2016-03-30,2.5162446763512945,2.9520343506150013
2016-03-31,2.512563323066572,2.9489257689439428
2016-04-01,2.539253653104069,2.9771168984819933
2016-04-04,2.529590501551929,2.965575609162465
2016-04-05,2.505200239246096,2.937404866790022
2016-04-06,2.5463862397294887,2.9851172868198406
2016-04-07,2.5098026381908816,2.9428611871746106
2016-04-08,2.5079613013678705,2.9406969405538894
2016-04-11,2.4987578238395978,2.930130164336649
2016-04-12,2.5196964755611204,2.954436627086317
2016-04-13,2.55190855259361,2.991718008629437
2016-04-14,2.55213867254258,2.991811546431527
2016-04-15,2.5456956912669537,2.9844573698824006
2016-04-18,2.5592714477910428,3.000173589277661
2016-04-19,2.5436249889871436,2.982173954515357
2016-04-20,2.5456956912669533,2.9844016397050974
2016-04-21,2.545925622590408,2.9846205198896154
2016-04-22,2.507501250095446,2.939922075803511
2016-04-25,2.507501250095446,2.9399241609947784
2016-04-26,2.4953069677474584,2.925808576218063
2016-04-27,2.4752893616859994,2.902684072042631
2016-04-28,2.445377541008217,2.868149539551584
2016-04-29,2.432492898818264,2.853424437863019
2016-05-02,2.4555014983249532,2.880098051410222
2016-05-03,2.4327232073878045,2.8536784804994877
2016-05-04,2.417076559960863,2.835513982647853
2016-05-05,2.416386577364983,2.834714101891676
2016-05-06,2.4292715968034937,2.849724885616091
2016-05-09,2.4361733089877733,2.8575534657810993
2016-05-10,2.469537117495952,2.8963411289728636
2016-05-11,2.447218123339057,2.8705479121863595
2016-05-12,2.4364045606725266,2.8579063757834473
2016-05-13,2.4274306372240955,2.8475538427193143
2016-05-16,2.457802886417916,2.882809307649069
2016-05-17,2.4269709632002288,2.846998621730117
2016-05-18,2.4357136349639057,2.856854476046933
2016-05-19,2.4230589240974076,2.8421884305832337
2016-05-20,2.449749254134905,2.873170027494271
2016-05-23,2.446527763497092,2.869407707500084
2016-05-24,2.4955367104478707,2.9261426006838978
2016-05-25,2.513483614231992,2.9469273864394685
2016-05-26,2.52084632080391,2.9554863009540626
2016-05-27,2.5339616488119607,2.9706397780160474
2016-05-31,2.5387932245880314,2.9763130501529025
2016-06-01,2.5390229672884432,2.976579012218318
2016-06-02,2.5443157260751943,2.982725882371524
2016-06-03,2.532350809181533,2.9692395602455086
2016-06-06,2.541554098084291,2.979905423818373
2016-06-07,2.5351120599238786,2.9724275761648475
2016-06-08,2.5394841502991246,2.977709188756915
2016-06-09,2.535341991247334,2.9730097853313437
2016-06-10,2.506581336176112,2.9396779883248
2016-06-13,2.4856432503261905,2.915459126192663
2016-06-14,2.4856432503261905,2.915479712234029
2016-06-15,2.47851066370077,2.907269866307697
2016-06-16,2.485873370272688,2.9157561538053542
2016-06-17,2.456735280762426,2.8820338220483146
2016-06-20,2.472192173544349,2.899874286295332
2016-06-21,2.4800362457752145,2.9087716212256773
2016-06-22,2.474038414561526,2.9017922719332767
2016-06-23,2.5093354192502497,2.94266973274168
2016-06-24,2.405980817425123,2.8233094414158795
2016-06-27,2.3582264014341576,2.7680347802088687
2016-06-28,2.4099028535417926,2.8279979047218182
2016-06-29,2.4525827474531736,2.877587964937746
2016-06-30,2.480959366286276,2.9106746735728217
2016-07-01,2.4934169662140326,2.9253777772222342
2016-07-05,2.478190570624693,2.9079023109588964
2016-07-06,2.498492620031874,2.931534623993463
2016-07-07,2.505874754764833,2.939992229160059
2016-07-08,2.5446326125595444,2.98507461639826
2016-07-11,2.5591669506995345,3.0017838349536983
2016-07-12,2.572085922258543,3.0164215209732013
2016-07-13,2.565857027983143,3.0093960702527878
2016-07-14,2.5833904703542556,3.0295358177194207
2016-07-15,2.579238125668046,3.02464656402721
2016-07-18,2.596309253290221,3.044459799087678
2016-07-19,2.5868505689705446,3.0335320394600416
2016-07-20,2.617073051574739,3.068346431688215
2016-07-21,2.611074088622794,3.061610697054002
2016-07-22,2.621917830956384,3.074139447358361
2016-07-25,2.6221485167720098,3.074316368105051
2016-07-26,2.6251472437545753,3.0778181118982917
2016-07-27,2.643372932195608,3.0991737525742544
2016-07-28,2.6526013079457442,3.1098217293954376
2016-07-29,2.658368076097722,3.1167001146475704
2016-08-01,2.67244104260646,3.132979420618567
2016-08-02,2.6521395590684076,3.109439072224256
2016-08-03,2.660906374566722,3.119546484923349
2016-08-04,2.6685190064897912,3.1284320152948992
2016-08-05,2.6941264524176978,3.157866911961837
2016-08-08,2.6911281026787455,3.154386703710552
2016-08-09,2.69735643108749,3.1617029717293623
2016-08-10,2.6904358566088256,3.1537424655176345
2016-08-11,2.7019705246510366,3.1670170477444612
2016-08-12,2.7038160111785157,3.16916854029682
2016-08-15,2.715351622333468,3.182504093378871
2016-08-16,2.7003562898083118,3.1651149025321366
2016-08-17,2.7052005033183564,3.1708118352440096
2016-08-18,2.7058925607677065,3.1717155976724416
2016-08-19,2.705200503318357,3.1707525435416293
2016-08-22,2.707276864284504,3.173193050873159
2016-08-23,2.712121832289192,3.1787976891835186
2016-08-24,2.6945880126719937,3.158330488683487
2016-08-25,2.6902046049240727,3.153207899859512
2016-08-26,2.694126452417699,3.1576485827067606
2016-08-29,2.697818179964828,3.1620500412460943
2016-08-30,2.689052307581728,3.1517229761194447
2016-08-31,2.686283323299574,3.1484947400635903
2016-09-01,2.6932040863988087,3.1565581460603895
2016-09-02,2.7019705246510375,3.166849628076621
2016-09-06,2.7188115323267152,3.1866593202960187
2016-09-07,2.7204263330385685,3.1884846351980616
2016-09-08,2.704508068625394,3.169896085063788
2016-09-09,2.636451414604205,3.0906711595120218
2016-09-12,2.68374521345609,3.1455850358974886
2016-09-13,2.6597527568630794,3.1175818596039537
2016-09-14,2.672441042606462,3.132359008831558
2016-09-15,2.713967318816671,3.1804882844457425
2016-09-16,2.712672045309294,3.1790287604106395
2016-09-19,2.700876323163827,3.1653682331453767
2016-09-20,2.7059649919642004,3.171300809820965
2016-09-21,2.7325619536622936,3.202420514150704
2016-09-22,2.7543024413624537,3.2277399080658897
2016-09-23,2.736725238477565,3.2073489775027277
2016-09-26,2.7138283037330644,3.180787893896242
2016-09-27,2.740657271608083,3.2118405396152228
2016-09-28,2.7452824939237344,3.217156710365492
2016-09-29,2.725392396947692,3.194018435175959
2016-09-30,2.7457448086702,3.217534712956969
2016-10-03,2.7418125869166396,3.212882235789233
2016-10-04,2.7376506224626675,3.2075601739212374
2016-10-05,2.7473637590865216,3.218779195115338
2016-10-06,2.7459766262240826,3.2170228589585226
2016-10-07,2.7399629506871657,3.2100565166943924
2016-10-10,2.757309656376999,3.2302114596251057
2016-10-11,2.7179917771713797,3.184513829768372
2016-10-12,2.7156790717007966,3.181879125164751
2016-10-13,2.7059649919642017,3.1706936109697708
2016-10-14,2.709203081417414,3.1743013666238675
2016-10-17,2.701802273018058,3.165792064442606
2016-10-18,2.725854900317201,3.193800108077069
2016-10-19,2.7256236486324465,3.193604907605732
2016-10-20,2.722386502294448,3.1898044966060617
2016-10-21,2.7325619536622945,3.201614793315071
2016-10-24,2.765403653963961,3.239672663649047
2016-10-25,2.7566151468330378,3.229596652086975
2016-10-26,2.737881685524379,3.2077911429856303
2016-10-27,2.7253923969476928,3.1932486483402154
2016-10-28,2.708277320186227,3.173452939813715
2016-10-31,2.7057331744103195,3.1706242323542906
2016-11-01,2.68538132855694,3.147016982094543
2016-11-02,2.663872658410662,3.122126637827226
2016-11-03,2.6377372569643907,3.091835927830511
2016-11-04,2.628486812333088,3.0811446560656024
2016-11-07,2.6909323121013062,3.1534351352408665
2016-11-08,2.708508949117067,3.173790188249504
2016-11-09,2.7209980490707104,3.187944955419246
2016-11-10,2.677054758926397,3.1366645386712815
2016-11-11,2.6782113945937804,3.1377163865519826
2016-11-14,2.6511519295261787,3.1062137759367734
2016-11-15,2.6879252857098046,3.1490367175933622
2016-11-16,2.7038839154244574,3.167529868203619
2016-11-17,2.72354238346966,3.190215492512306
2016-11-18,2.7133661776096423,3.178283960575616
2016-11-21,2.7415819011010143,3.2110942910059834
2016-11-22,2.749908282108515,3.2207502349955845
2016-11-23,2.738807069509481,3.2075954725059184
2016-11-25,2.747595010771276,3.2177819528539593
2016-11-28,2.741351215285389,3.210766405515893
2016-11-29,2.7508325343553603,3.2217351158856036
2016-11-30,2.717529085178829,3.1827930538808626
2016-12-01,2.6705800890018416,3.128266380458978
2016-12-02,2.6758986891256695,3.134542731004761
2016-12-05,2.6967137928407285,3.158622437090445
2016-12-06,2.7031890286344122,3.166124076612132
2016-12-07,2.7374186162857437,3.2059261371953736
2016-12-08,2.7422756561552775,3.211486393989864
2016-12-09,2.763784703547641,3.2362880081264356
2016-12-12,2.7512957922170402,3.2218806440095302
2016-12-13,2.785988071863395,3.2621235434835785
2016-12-14,2.780206213877888,3.2551355911010473
2016-12-15,2.7845998072626994,3.2601310180173106
2016-12-16,2.7742774186483956,3.248244882030554
2016-12-19,2.785644212301239,3.261550385219544
2016-12-20,2.796313667066953,3.273811258530319
2016-12-21,2.7942269318408717,3.2714142323324604
2016-12-22,2.7863400422089715,3.2622306059892723
2016-12-23,2.788195337127256,3.2644324072815714
2016-12-27,2.8025768907114084,3.281165177890966
2016-12-28,2.780773025715862,3.2559187939934473
2016-12-29,2.776829486587154,3.25156721738367
2016-12-30,2.748297442478088,3.218413740227106
2017-01-03,2.7728857588354034,3.247019807047942
2017-01-04,2.7879638968194596,3.264581290165233
2017-01-05,2.8037369215935617,3.2831165310860166
2017-01-06,2.828324483458706,3.3115071244638616
2017-01-09,2.8376035987727266,3.3223413301059894
2017-01-10,2.8438664451710967,3.3296454955060315
2017-01-11,2.8515217058721576,3.3385935349544593
2017-01-12,2.847113777145987,3.3335269574654864
2017-01-13,2.856856716190815,3.3448322963756607
2017-01-17,2.848273619405097,3.335134866493093
2017-01-18,2.854072642075132,3.3416764975028608
2017-01-19,2.852681359508226,3.339990011447336
2017-01-20,2.8589438286629822,3.3472783132773105
2017-01-23,2.8612638904248158,3.350078256840247
2017-01-24,2.880516441973775,3.372309243382775
2017-01-25,2.909512309811176,3.4057644154904168
2017-01-26,2.912527258365528,3.4091561578563643
2017-01-27,2.918094840727766,3.415640560086237
2017-01-30,2.895361819288735,3.3893535457114536
2017-01-31,2.8895626079956576,3.3828721580362946
2017-02-01,2.9095123098111766,3.4058747449490356
2017-02-02,2.9069608077415467,3.4030130684884687
2017-02-03,2.9153107666120834,3.4127299223838827
2017-02-06,2.9187908592560694,3.4169558096659114
2017-02-07,2.9294601253987405,3.4293370792256637
2017-02-08,2.9343320664762893,3.435157707397521
2017-02-09,2.945002652977787,3.447355411854479
2017-02-10,2.9547446489074014,3.458691470643418
2017-02-13,2.971446452878902,3.4779654150673713
2017-02-14,2.9814210208520975,3.489473886114536
2017-02-15,2.999049340544484,3.5099158684536835
2017-02-16,2.998121881708385,3.5089672037206063
2017-02-17,3.011111209612889,3.5240129956861206
2017-02-21,3.02595753004059,3.541249467213027
2017-02-22,3.027117183676657,3.5426271386089256
2017-02-23,3.0157517103826406,3.5296366138762147
2017-02-24,3.021549601314419,3.5365284965043466
2017-02-27,3.025261511512287,3.5407272275094726
2017-02-28,3.01598333931348,3.530035106208639
2017-03-01,3.0489212372952466,3.568075857757683
2017-03-02,3.033612790744123,3.550190802554892
2017-03-03,3.03917961861419,3.556635950966618
2017-03-06,3.032452005369799,3.548728517994429
2017-03-07,3.027349001230539,3.542697303034299
2017-03-08,3.032684011546724,3.5487136208288073
2017-03-09,3.0350040733085573,3.551287036997848
2017-03-10,3.0477619609052646,3.5661386728299815
2017-03-13,3.0528651536700395,3.572023752368461
2017-03-14,3.045442276389517,3.563393745508073
2017-03-15,3.0642315700767977,3.5855005427629894
2017-03-16,3.062143325868847,3.5830928354437845
2017-03-17,3.061074211229015,3.581920297482166
2017-03-20,3.0638641326540785,3.585201503722264
2017-03-21,3.0173744332573444,3.5315600963669187
2017-03-22,3.0378288899718053,3.5553403073808156
2017-03-23,3.0301592939293855,3.5464012572858876
2017-03-24,3.0364349666847725,3.5537284877915787
2017-03-27,3.041316527532556,3.559467602095143
2017-03-28,3.0599119168728217,3.580933843940601
2017-03-29,3.0740908894549386,3.5974147716480696
2017-03-30,3.0792053995923885,3.6031642749959154
2017-03-31,3.077112817056927,3.600808910768617
2017-04-03,3.075253938303303,3.5987734269377714
2017-04-04,3.0801347446589156,3.6044308216955283
2017-04-05,3.067582833276541,3.5899365032831794
2017-04-06,3.06920970585324,3.5917524399691554
2017-04-07,3.067582833276541,3.5898618346031927
2017-04-10,3.0687445617636064,3.591239027552267
2017-04-11,3.055496254606844,3.576109365118967
2017-04-12,3.0431765380244373,3.561989626483467
2017-04-13,3.031088827616483,3.548051185753002
2017-04-17,3.0561922731351467,3.5770915950931093
2017-04-18,3.0515453591844137,3.5718494568019223
2017-04-19,3.0564271086552406,3.577351761213734
2017-04-20,3.0819951323944097,3.6069639632624173
2017-04-21,3.0812979821278508,3.6062154001868096
2017-04-24,3.1184878176931687,3.64921281900363
2017-04-25,3.1410354228146917,3.6751279602336218
2017-04-26,3.1366186288104565,3.670097601454259
2017-04-27,3.1554473446864746,3.6918741066610896
2017-04-28,3.161025678554732,3.69836826494859
2017-05-01,3.189150863049869,3.730748898361116
2017-05-02,3.1944971907412016,3.736981180549519
2017-05-03,3.184271565678598,3.724934719144011
2017-05-04,3.1854319738068364,3.726147071234968
2017-05-05,3.1970549173687695,3.7396401486954
2017-05-08,3.2040271745215874,3.747663291260614
2017-05-09,3.2151853512399713,3.760478375729785
2017-05-10,3.2170447958627237,3.76264525716011
2017-05-11,3.2144885782194974,3.759724187784555
2017-05-12,3.221694727779668,3.7681706304125346
2017-05-15,3.2319218618266135,3.780061534429739
2017-05-16,3.245403118273042,3.795709647733604
2017-05-17,3.162885311800528,3.70051762954894
2017-05-18,3.1905470498134147,3.732470044239084
2017-05-19,3.2040271745215883,3.7481715867718597
2017-05-22,3.2309923281370447,3.779464481952539
2017-05-23,3.2342460732929155,3.78312803247632
2017-05-24,3.2491223847646338,3.800460115165846
2017-05-25,3.2767824251701363,3.8325152380589906
2017-05-26,3.282595028689359,3.839369754616341
2017-05-30,3.285385138737465,3.8425793087841353
2017-05-31,3.2842224671351867,3.841333282780731
2017-06-01,3.297006573317528,3.8561809147404644
2017-06-02,3.334662496085221,3.8999407018195
2017-06-05,3.3339642140828785,3.8991092955548963
2017-06-06,3.3207164727952434,3.8839458554204707
2017-06-07,3.333731830659868,3.8989429112471123
2017-06-08,3.3372209772024886,3.902832432980456
2017-06-09,3.253771562189406,3.8060952572142335
2017-06-12,3.236338278582291,3.785861605353566
2017-06-13,3.2626036412110615,3.8163147081660007
2017-06-14,3.248424857251988,3.7999243654128354
2017-06-15,3.2340148216081603,3.7831943662054632
2017-06-16,3.2199812772881597,3.7669771266206826
2017-06-19,3.2738251952273054,3.8292157091624164
2017-06-20,3.2481853061607704,3.799546031158815
2017-06-21,3.280350793336316,3.836820988846404
2017-06-22,3.2794182416805344,3.835795308198701
2017-06-23,3.2920031620706656,3.8504049579114077
2017-06-26,3.276620209469578,3.832503119539475
2017-06-27,3.2171858857973286,3.7636438233243537
2017-06-28,3.2635678815157725,3.817324100150686
2017-06-29,3.206931212805922,3.7515802509593734
2017-06-30,3.208095770638628,3.752891514837401
2017-07-03,3.174297563574531,3.7134842707485114
2017-07-05,3.205532385324722,3.749705853757553
2017-07-06,3.176629319957597,3.716167314743522
2017-07-07,3.210893425603498,3.75568707658901
2017-07-10,3.2318698019039007,3.780005083213256
2017-07-11,3.240960294308687,3.7905611850708407
2017-07-12,3.279418241680533,3.8352047861281453
2017-07-13,3.2866436307762292,3.8434978188959628
2017-07-14,3.312515526019688,3.8735970982754586
2017-07-17,3.314146736923899,3.87557347430804
2017-07-18,3.3362888027952637,3.901372392098015
2017-07-19,3.3558682378424214,3.9240350337770447
2017-07-20,3.3602963492193316,3.9292294605482856
2017-07-21,3.358896767245961,3.927789049360641
2017-07-24,3.374279719847048,3.9455604838568634
2017-07-25,3.365656257759851,3.9354212334732237
2017-07-26,3.376611098984028,3.9482560316935094
2017-07-27,3.3554012075223594,3.9236759632267693
2017-07-28,3.352605438787915,3.9205783313953995
2017-07-31,3.3383862895273624,3.904148229279027
2017-08-01,3.346078331694563,3.913109938114511
2017-08-02,3.355167692363564,3.923611971152989
2017-08-03,3.3421164961455427,3.9086166631521264
2017-08-04,3.3481754411805777,3.9154636842311663
2017-08-07,3.369386464380504,3.9400281305973315
2017-08-08,3.3635602800120923,3.933300943744775
2017-08-09,3.3591295279125837,3.9283423780533466
2017-08-10,3.2871102838502035,3.845136382912436
2017-08-11,3.312049627437882,3.8740555286506786
2017-08-14,3.35470254827393,3.923337865317677
2017-08-15,3.3570339274109102,3.925937254549026
2017-08-16,3.3628597345332363,3.9328286471247544
2017-08-17,3.294102535033191,3.8533083722004475
2017-08-18,3.2917704014040394,3.8506038653602346
2017-08-21,3.2875758051859236,3.845821451540176
2017-08-22,3.337688384768633,3.9037924636815737
2017-08-23,3.325800614645061,3.8901243192951807
2017-08-24,3.316011462989375,3.878720346360033
2017-08-25,3.309018834560302,3.870720584962929
2017-08-28,3.31927426204388,3.882799997325027
2017-08-29,3.3323265899976855,3.8979043497881367
2017-08-30,3.371484328356217,3.943236929136619
2017-08-31,3.4076105193449977,3.9852424247636216
2017-09-01,3.4029492700553785,3.979821442711396
2017-09-05,3.372416125519827,3.9447201933655043
2017-09-06,3.382672307495576,3.95648528461469
2017-09-07,3.3905963558397,3.9658915541589064
2017-09-08,3.361227769136855,3.9318750478152054
2017-09-11,3.399919608913582,3.976444194046624
2017-09-12,3.4080775496650593,3.98584306562236
2017-09-13,3.41273804446498,3.991097875877653
2017-09-14,3.392694219817886,3.968001329389345
2017-09-15,3.404348474782663,3.9814381487583193
2017-09-18,3.399886034036698,3.976053713405981
2017-09-19,3.4057273082361665,3.9828340200468353
2017-09-20,3.3952149763538,3.9705274686874414
2017-09-21,3.3744242049939492,3.9463527728618684
2017-09-22,3.371155747253107,3.942619932476984
2017-09-25,3.335648993891667,3.901726650338995
2017-09-26,3.3442916955143898,3.911565373366178
2017-09-27,3.3744242049939497,3.9461728849404727
2017-09-28,3.373257760933288,3.94484923092435
2017-09-29,3.3975508824413354,3.9729360610223265
2017-10-02,3.400587711253811,3.9763352393005156
2017-10-03,3.40782856742665,3.984723297426044
2017-10-04,3.411098534151835,3.988579665382407
2017-10-05,3.4445017648462795,4.027156098096498
2017-10-06,3.4491739542674327,4.03259820096721
2017-10-09,3.4452023103251355,4.028152405058125
2017-10-10,3.447771731571464,4.03122111106322
2017-10-11,3.4580501710489497,4.04319314243945
2017-10-12,3.4517426210215905,4.0359458114172275
2017-10-13,3.4650571348193813,4.0514986000456945
2017-10-16,3.47697131215163,4.065171236311188
2017-10-17,3.4814081001810893,4.070239257911812
2017-10-18,3.477203695572168,4.065267536017003
2017-10-19,3.4643569665866107,4.0505442719649745
2017-10-20,3.473700213688189,4.061198232432628
2017-10-23,3.4510420755427345,4.035017033508066
2017-10-24,3.4568810862681634,4.041680315818381
2017-10-25,3.443800464877725,4.0265162080447805
2017-10-26,3.432821857167469,4.013662745531218
2017-10-27,3.5327984113405626,4.129509064035583
2017-10-30,3.5407401902383433,4.13879132965761
2017-10-31,3.554054326790048,4.154149712830384
2017-11-01,3.5528871282372156,4.152852906744146
2017-11-02,3.5461125478897952,4.145076232963893
2017-11-03,3.5802163240655673,4.184502735695203
2017-11-06,3.592362884818354,4.198688653298125
2017-11-07,3.5944664074828774,4.201139792135684
2017-11-08,3.6089488743231986,4.217946390143157
2017-11-09,3.5900281104690763,4.1960855149123795
2017-11-10,3.589794595310282,4.1955974697882255
2017-11-13,3.594231760585826,4.200818603178281
2017-11-14,3.581151893685087,4.185814998913255
2017-11-15,3.5643327662675333,4.166349049439179
2017-11-16,3.60988368945302,4.219008989264102
2017-11-17,3.5961002591096856,4.203243011988882
2017-11-20,3.5932988316864325,4.19981220553349
2017-11-21,3.632307557947509,4.2450081731356715
2017-11-22,3.636745477715224,4.250308370723919
2017-11-24,3.650059614266929,4.265650833784713
2017-11-27,3.648425385396508,4.263841681370691
2017-11-28,3.6577690097441717,4.274675999840262
2017-11-29,3.593998999919203,4.200735037098437
2017-11-30,3.6241311321502048,4.235475882426289
2017-12-01,3.6087146046722327,4.21777208352635
2017-12-04,3.567135702672656,4.169606616715819
2017-12-05,3.569470854268019,4.172170091409516
2017-12-06,3.5855901907013603,4.190834383009681
2017-12-07,3.597734865226192,4.204654096639032
2017-12-08,3.61361955476001,4.223048744126027
2017-12-11,3.6416508050490872,4.255429021528194
2017-12-12,3.6367454777152246,4.249705868884531
2017-12-13,3.6437531959753544,4.257994778424634
2017-12-14,3.641184529221196,4.255021982965539
2017-12-15,3.6825291615698075,4.3029195822105795
2017-12-18,3.713404845303743,4.338593856780431
2017-12-19,3.6914004741571578,4.31299145535564
2017-12-20,3.6874220397927386,4.30832139686546
2017-12-21,3.687887938372072,4.30888398948623
2017-12-22,3.683675611602773,4.304117428227377
2017-12-26,3.663778912822707,4.281179908649326
2017-12-27,3.6642478293707232,4.281900791383668
2017-12-28,3.6686951802856314,4.28713660540822
2017-12-29,3.6459887546758476,4.260961123379979
2018-01-02,3.709892686767214,4.334980913804958
2018-01-03,3.7459411651167773,4.376646951784805
2018-01-04,3.7524939249241633,4.384275798546853
2018-01-05,3.790182668079043,4.427824963280372
2018-01-08,3.8049280752530477,4.444917935374862
2018-01-09,3.805161590411842,4.444981530243412
2018-01-10,3.7962668885844986,4.434675490724665
2018-01-11,3.8222489396058044,4.46476898957561
2018-01-12,3.85033790850393,4.497452514164968
2018-01-16,3.8393377977841077,4.484746537322264
2018-01-17,3.8807684421784003,4.532570539032892
2018-01-18,3.8814716283773834,4.533266867130709
2018-01-19,3.8936423328623344,4.547329217780067
2018-01-22,3.935308755891934,4.595556583212389
2018-01-23,3.967845830194667,4.633334232131034
2018-01-24,3.9420969170885427,4.603717377285641
2018-01-25,3.940692808164619,4.602086366030347
2018-01-26,4.0010842044684285,4.671926863753909
2018-01-29,3.981657176731022,4.649243632188607
2018-01-30,3.9488854555287656,4.611266147292575
2018-01-31,3.9652703730159162,4.6304153134460035
2018-02-01,3.9315634594402247,4.591336603962207
2018-02-02,3.8531468808439495,4.500370923704786
2018-02-05,3.70123112285258,4.324761145905086
2018-02-06,3.799309753329398,4.437925394090586
2018-02-07,3.7501553781165033,4.380914848656281
2018-02-08,3.591916225774546,4.197887266781018
2018-02-09,3.653948264129756,4.269688323884828
2018-02-12,3.718787765840643,4.344816433104753
2018-02-13,3.737981278419255,4.3671614134754275
2018-02-14,3.8079705627518616,4.448255648545285
2018-02-15,3.8786622787912792,4.530143403094586
2018-02-16,3.8613410371924375,4.510145212817633
2018-02-20,3.8690647680110395,4.518768974333876
2018-02-21,3.8580631483068744,4.505829605912728
2018-02-22,3.8575949862485563,4.5054328787290805
2018-02-23,3.9364797269006773,4.596800881326789
2018-02-26,3.988678098594254,4.6571555124703385
2018-02-27,3.939287944748525,4.599805921808529
2018-02-28,3.91400832543403,4.5706096766522215
2018-03-01,3.8501047705912215,4.496731097907807
2018-03-02,3.885450439987887,4.525145251092791
2018-03-05,3.9285213491874966,4.562257377682047
2018-03-06,3.945139404584884,4.579501666353477
2018-03-07,3.9542676215734947,4.582581796738384
2018-03-08,3.976038477561285,4.601865217401642
2018-03-09,4.053285594130687,4.665037137459723
2018-03-12,4.074818785252742,4.684467821024654
2018-03-13,4.019342901919687,4.6415267308286134
2018-03-14,4.018639715718233,4.643722798967827
2018-03-15,4.015130575147916,4.637750384834622
2018-03-16,4.003191499591332,4.6273994080654415
2018-03-19,3.9177788973561594,4.556795726657082
2018-03-20,3.9306735365624332,4.563829573921968
2018-03-21,3.9135586484240106,4.557625885727827
2018-03-22,3.8169622167539474,4.478373276711171
2018-03-23,3.7163798058027004,4.398872742221516
2018-03-26,3.854474786112996,4.517782830113804
2018-03-27,3.7297441160466893,4.41501198044168
2018-03-28,3.6868376860241505,4.373166357988741
2018-03-29,3.7543616689558514,4.431869095189415
2018-04-02,3.6460419463368146,4.345865667546205
2018-04-03,3.687073087413373,4.3793950283097285
2018-04-04,3.7452183621361828,4.432788588322944
2018-04-05,3.7665527447145846,4.449820548038959
2018-04-06,3.6723012730331623,4.367539986298854
2018-04-09,3.698092437671193,4.392350068371744
2018-04-10,3.7796835397997794,4.466489014381322
2018-04-11,3.757878731689019,4.4498484828805465
2018-04-12,3.8031297444516414,4.484080586694727
2018-04-13,3.7834352494299983,4.470104068794314
2018-04-16,3.81227380576348,4.498317949491457
2018-04-17,3.894332692704299,4.574178053087595
2018-04-18,3.902303142284798,4.5796029253063235
2018-04-19,3.8664327239590213,4.545823390593118
2018-04-20,3.8052393030510605,4.48547998781397
2018-04-23,3.795627079683375,4.474037381816149
2018-04-24,3.7152077030557025,4.403581634829091
2018-04-25,3.7196618443927325,4.403814573901075
2018-04-26,3.7979724169156297,4.47577376657971
2018-04-27,3.800316245163542,4.4819639363157195
2018-04-30,3.7733514687941714,4.454952849522821
2018-05-01,3.8164925457137615,4.4904466927185
2018-05-02,3.793985683142275,4.463210078763981
2018-05-03,3.793517143837872,4.462763118333049
2018-05-04,3.865495268109075,4.546664026625297
2018-05-07,3.897615485786502,4.584031867145169
2018-05-08,3.893629129259233,4.579271480045945
2018-05-09,3.936066642733755,4.628584286983891
2018-05-10,3.9768612506828345,4.676287857791487
2018-05-11,3.973109918298701,4.671919234783631
2018-05-14,3.9799101513601562,4.6797292079749555
2018-05-15,3.935831241344532,4.6280301046000885
2018-05-16,3.961856298389915,4.658252252996415
2018-05-17,3.946617076443558,4.640427340673344
2018-05-18,3.926219772469018,4.616773161717148
2018-05-21,3.9482569640027894,4.6424673147049615
2018-05-22,3.9431000137103913,4.63645745527896
2018-05-23,3.9763930886269883,4.6753211422236
2018-05-24,3.975221740372161,4.674187963269446
2018-05-25,3.979206210669003,4.678853080557328
2018-05-29,3.961622405985035,4.658538066182253
2018-05-30,3.9899909140322443,4.691565454105325
2018-05-31,3.987413570623066,4.688525674364633
2018-06-01,4.050013363928992,4.761222901639801
2018-06-04,4.086588100192007,4.803676074568588
2018-06-05,4.09924809250123,4.8184684122757995
2018-06-06,4.123162836455022,4.846122515341402
2018-06-07,4.089635114641374,4.807216652818471
2018-06-08,4.089869761538425,4.807497350577245
2018-06-11,4.1008894890423315,4.820313578263323
2018-06-12,4.122460027502127,4.845417967127126
2018-06-13,4.122225757851162,4.845181358111139
2018-06-14,4.16395857614236,4.893910523353699
2018-06-15,4.149422163151372,4.876750465480003
2018-06-18,4.147024765996407,4.873926280845837
2018-06-19,4.135276954069184,4.860310478590761
2018-06-20,4.1646462952642,4.894352249219828
2018-06-21,4.128464271894325,4.852270912774868
2018-06-22,4.119299084816532,4.841683732255124
2018-06-25,4.026491332868342,4.733736492662738
2018-06-26,4.042938495915095,4.752797096761673
2018-06-27,3.987959068072047,4.688808586552155
2018-06-28,4.022263161773342,4.728696899184361
2018-06-29,4.033069368146149,4.741330131620248
2018-07-02,4.060090731388785,4.772638976234787
2018-07-03,4.013099483679891,4.7181637245237775
2018-07-05,4.0629102666093075,4.776240654607309
2018-07-06,4.126114784957602,4.849836035717815
2018-07-09,4.163237659389722,4.892879850161817
2018-07-10,4.166292218755853,4.896453497867763
2018-07-11,4.145146836327826,4.87172407858428
2018-07-12,4.216574181707326,4.95490676888333
2018-07-13,4.220097280375389,4.958954742619199
2018-07-16,4.20999539193982,4.947184046361915
2018-07-17,4.235605478587852,4.976756355624654
2018-07-18,4.227616166715441,4.967409494708904
2018-07-19,4.206470407043802,4.942847889398035
2018-07-20,4.20553068771734,4.941749169211602
2018-07-23,4.218922914151877,4.9571119954215295
2018-07-24,4.236310173768703,4.977384306120331
2018-07-25,4.295520413426878,5.046360839790424
2018-07-26,4.230436456428134,4.970572288407099
2018-07-27,4.17334030231746,4.904158574492883
2018-07-30,4.114366218538206,4.835478384852976
2018-07-31,4.145850399772892,4.872226809719067
2018-08-01,4.161593244882407,4.89033682430983
2018-08-02,4.218218973460722,4.956147112278155
2018-08-03,4.231141151611458,4.971345334150168
2018-08-06,4.25604541133791,5.000234390691603
2018-08-07,4.271552855058202,5.018257117430813
2018-08-08,4.276722631707618,5.024294342216032
2018-08-09,4.274139252366016,5.021363015896691
2018-08-10,4.241479573172033,4.98339958261592
2018-08-13,4.236780976547147,4.97768720678497
2018-08-14,4.263331159765253,5.0085728690444995
2018-08-15,4.211170135406943,4.947710413910872
2018-08-16,4.225032032881666,4.963871411640947
2018-08-17,4.225972129454211,4.965140772515195
2018-08-20,4.222212497661142,4.960892140715378
2018-08-21,4.237719564135349,4.978932352245257
2018-08-22,4.254168236163972,4.998087827630174
2018-08-23,4.24805836294201,4.990843316657196
2018-08-24,4.287530347064766,5.03708143188684
2018-08-27,4.331233143002647,5.087899978625359
2018-08-28,4.337576908629489,5.095098371418935
2018-08-29,4.387623092948128,5.153419426215977
2018-08-30,4.379870314203195,5.144338562903354
2018-08-31,4.3855090074006275,5.150837471758512
2018-09-04,4.366712357419625,5.1288831947209275
2018-09-05,4.3103212757358875,5.063407795666716
2018-09-06,4.271788256447421,5.018702540187475
2018-09-07,4.25534109340314,4.999375623415605
2018-09-10,4.269673793653835,5.016098616546047
2018-09-11,4.302568496990954,5.054320179556357
2018-09-12,4.28988096573727,5.039701408995621
2018-09-13,4.3356974699790385,5.0929763929179135
2018-09-14,4.323009561479269,5.078067210076703
2018-09-17,4.260746271439305,5.005743684707148
2018-09-18,4.2959889527312765,5.04663158587214
2018-09-19,4.292699746468093,5.042713106776906
2018-09-20,4.340161796955431,5.098021203824657
2018-09-21,4.316432280693632,5.07032195271893
2018-09-24,4.3284362425299445,5.08421928038263
2018-09-25,4.334320522753489,5.091030913492818
2018-09-26,4.337379231821616,5.09448303704826
2018-09-27,4.374099962215875,5.137104258420323
2018-09-28,4.373157224923203,5.1361738603063465
2018-10-01,4.382102477691388,5.146454840989443
2018-10-02,4.37221712835313,5.135285811409415
2018-10-03,4.376924401633038,5.140516967654032
2018-10-04,4.292893273571494,5.042774656513353
2018-10-05,4.240402913617902,4.981807849062537
2018-10-08,4.214511024344274,4.951498099218978
2018-10-09,4.228163173146282,4.967515975628959
2018-10-10,4.0422107887378536,4.751218970518919
2018-10-11,3.9920751971587647,4.693287476714847
2018-10-12,4.103175598681187,4.822510735896795
2018-10-15,4.053510055390842,4.764844842712782
2018-10-16,4.171436342688754,4.902146931894295
2018-10-17,4.173083775162278,4.903967055293674
2018-10-18,4.076340594871272,4.791465592592987
2018-10-19,4.072575681637952,4.787145684026047
2018-10-22,4.093524896239978,4.811445599989724
2018-10-23,4.078460716353668,4.794013369654394
2018-10-24,3.891802127777574,4.577001533804922
2018-10-25,4.0264400274377925,4.7336491091008766
2018-10-26,3.9228732248428666,4.6130952287420115
2018-10-29,3.842136584484758,4.519097098428564
2018-10-30,3.90545427657711,4.592742958201674
2018-10-31,3.997253273217115,4.699448043019858
2018-11-01,4.049979034559928,4.761017277887287
2018-11-02,3.9868971211028836,4.709921683339874
2018-11-05,3.9770113945185392,4.705610218674768
2018-11-06,4.0071393770475465,4.725374388667413
2018-11-07,4.13283353292392,4.817232904101332
2018-11-08,4.106471595366491,4.796761611173053
2018-11-09,4.037268114068723,4.743830260347571
2018-11-12,3.9151061107565748,4.653934637217394
2018-11-13,3.9183998439678382,4.656979495057621
2018-11-14,3.888507262828054,4.639392806660144
2018-11-15,3.9565322282003144,4.687416625355842
2018-11-16,3.9426439235193858,4.686567172464299
2018-11-19,3.814597262740078,4.598103701334616
2018-11-20,3.74633576424034,4.54750460334107
2018-11-21,3.7748174460316077,4.567336657159604
2018-11-23,3.747513525673677,4.546205340284023
2018-11-26,3.8341336917631605,4.610015513579396
2018-11-27,3.8470807681382304,4.616700271804855
2018-11-28,3.970889826677818,4.70808378856327
2018-11-29,3.9579453910253455,4.7016413959671475
2018-11-30,3.9866609652214926,4.724962530437298
2018-12-03,4.056334494808005,4.783052102040396
2018-12-04,3.900746248805033,4.623464001109064
2018-12-06,3.9282855705521853,4.652347827196427
2018-12-07,3.798591477296881,4.5194721001306855
2018-12-10,3.8383709167592674,4.560879467053086
2018-12-11,3.8510814600068595,4.574172003414552
2018-12-12,3.8849766192432273,4.6093547223567946
2018-12-13,3.88615249445108,4.610563813864975
2018-12-14,3.7915301901296976,4.51132817437248
2018-12-17,3.70561547371571,4.421391941370887
2018-12-18,3.7289179477128402,4.446253521961179
2018-12-19,3.637354352462057,4.350507960321277
2018-12-20,3.5846278366270727,4.297631181206783
2018-12-21,3.473528566842907,4.1795193159449635
2018-12-24,3.3873912753967135,4.088517541123628
2018-12-26,3.5988982913181653,4.312497314348572
2018-12-27,3.6128254523187033,4.328738794381034
2018-12-28,3.610936582523534,4.328471583680934
2018-12-31,3.6413874874693137,4.361251007936392
2019-01-02,3.656022361619386,4.376284571111119
2019-01-03,3.536580300635363,4.299756649157458
2019-01-04,3.68789095634075,4.40319124930218
2019-01-07,3.73179708777284,4.43355905866882
2019-01-08,3.7655534205511163,4.45716065124199
2019-01-09,3.7962404813782897,4.4806536622101545
2019-01-10,3.8070987476738085,4.485267247802532
2019-01-11,3.79317234116297,4.477207189008906
2019-01-14,3.759651787020001,4.450222766813396
2019-01-15,3.8330649543694135,4.501751811663052
2019-01-16,3.832356109484094,4.504387249184531
2019-01-17,3.862570858550953,4.525772890951352
2019-01-18,3.900811512330847,4.545108289688742
2019-01-22,3.8226789998342086,4.495447356790788
2019-01-23,3.8276348781089125,4.500112324556885
2019-01-24,3.8524203054049693,4.5187150169585175
2019-01-25,3.8984522170033196,4.556621396967853
2019-01-28,3.850295656974493,4.523989410863663
2019-01-29,3.813945381971638,4.505482356234423
2019-01-30,3.910962819969001,4.577430625491394
2019-01-31,3.9695045800433344,4.624684094680729
2019-02-01,3.9527450574627854,4.609758093243846
2019-02-04,4.001843223048499,4.664496742440401
2019-02-05,4.037252269743024,4.705436690403988
2019-02-06,4.025213224047957,4.6914458351179835
2019-02-07,3.9711572939595827,4.629233619430814
2019-02-08,3.9789466655500836,4.6383283701317435
2019-02-11,3.975169680449444,4.6338611394557905
2019-02-12,4.033947219156612,4.701729050593073
2019-02-13,4.03677995798271,4.704892026217638
2019-02-14,4.04173772248537,4.7107414065584
2019-02-15,4.058732646452669,4.73048160893516
2019-02-19,4.066758928414261,4.740028344617076
2019-02-20,4.066051592510812,4.739200025049466
2019-02-21,4.051178676251391,4.72180438907237
2019-02-22,4.081160287405541,4.756553388939277
2019-02-25,4.0960305629448355,4.773644107869472
2019-02-26,4.100278728067533,4.7785903160255145
2019-02-27,4.097682522368913,4.775416562371567
2019-02-28,4.088241568600421,4.764439247894156
2019-03-01,4.116567447869638,4.796774568899392
2019-03-04,4.117275161019174,4.797612926009019
2019-03-05,4.1203440557241935,4.801178049072564
2019-03-06,4.096973677481122,4.774219644918529
2019-03-07,4.046693978003689,4.716267345947964
2019-03-08,4.040555434099009,4.709420693792053
2019-03-11,4.124592598095447,4.806322908994495
2019-03-12,4.147253754204641,4.83265998115096
2019-03-13,4.178413504038213,4.868721816331592
2019-03-14,4.171330336615378,4.860293889690771
2019-03-15,4.210044433893842,4.905087666723894
2019-03-18,4.220070495923092,4.916659053374589
2019-03-19,4.234260597254841,4.932995158672684
2019-03-20,4.251051431238235,4.952561910699596
2019-03-21,4.317502904317807,5.029211646286418
2019-03-22,4.222671983061964,4.920048848826452
2019-03-25,4.214632874743354,4.910928765958816
2019-03-26,4.234260597254841,4.933521137523624
2019-03-27,4.207064569200717,4.902090829600129
2019-03-28,4.216761295632213,4.913002407955077
2019-03-29,4.248686099978284,4.949873601646117
2019-04-01,4.30496891211213,5.01456941019289
2019-04-02,4.32128743433521,5.033477559604608
2019-04-03,4.346117376637214,5.0620109531353075
2019-04-04,4.3444623992469245,5.060156312556432
2019-04-05,4.366929273763018,5.086105603536114
2019-04-08,4.378042935475455,5.098943490281754
2019-04-09,4.362671677493129,5.081330698276025
2019-04-10,4.38608393002202,5.108386572694938
2019-04-11,4.375677981459117,5.0961613363269445
2019-04-12,4.394597236331371,5.117915886564889
2019-04-15,4.395306835708861,5.118725765795018
2019-04-16,4.410442315055881,5.13591941295817
2019-04-17,4.425813195792122,5.153598266632312
2019-04-18,4.431488859078736,5.160201348922028
2019-04-22,4.444022474038326,5.174593596847811
2019-04-23,4.500542196543265,5.239733181873592
2019-04-24,4.48635398143947,5.22354250584347
2019-04-25,4.504562127949891,5.244560389448112
2019-04-26,4.50858243660013,5.249332026707769
2019-04-29,4.517332653280572,5.2592646487953765
2019-04-30,4.482334050032844,5.219114605338646
2019-05-01,4.467907415573617,5.202345547621547
2019-05-02,4.44851584894105,5.179886006441786
2019-05-03,4.51946107416943,5.261811360769469
2019-05-06,4.491793111601078,5.229946131183147
2019-05-07,4.404294717252566,5.129193496627039
2019-05-08,4.393179546558258,5.116231163438085
2019-05-09,4.36953000641219,5.089050524508368
2019-05-10,4.374969136573798,5.095436134996443
2019-05-13,4.223145426560532,4.920664485301364
2019-05-14,4.269497242611917,4.97405194300238
2019-05-15,4.329799608906304,5.0436143250973045
2019-05-16,4.373313404691338,5.0936919518741925
2019-05-17,4.328618452258198,5.0420560223048465
2019-05-20,4.255544428897345,4.957782669381268
2019-05-21,4.300003979938791,5.009015688597526
2019-05-22,4.280848569187617,4.987009796087139
2019-05-23,4.2153424741208445,4.911721218687079
2019-05-24,4.213213675988372,4.909278515796297
2019-05-28,4.1973685972638615,4.8909051493923785
2019-05-29,4.162842683022533,4.851048175992926
2019-05-30,4.180343116383417,4.871410155324169
2019-05-31,4.113653223948412,4.794835740787252
2019-06-03,4.023079521716373,4.69064265645839
2019-06-04,4.136355499853727,4.821347939261265
2019-06-05,4.167098015815909,4.856925332130832
2019-06-06,4.2002066175302115,4.895228707246676
2019-06-07,4.281320503701846,4.988938381222457
2019-06-10,4.331218807661285,5.046252584769393
2019-06-11,4.337131004075378,5.053002279318666
2019-06-12,4.312064151402283,5.024261197468552
2019-06-13,4.337604824820033,5.0538617390524205
2019-06-14,4.31915825895418,5.0326582578299295
2019-06-17,4.345172375870501,5.06265205496038
2019-06-18,4.408313516920936,5.135583571770129
2019-06-19,4.424867063287153,5.154855494629583
2019-06-20,4.466015527812237,5.202813861571052
2019-06-21,4.4593952410025235,5.195249900101942
2019-06-24,4.459536708183213,5.195746743269946
2019-06-25,4.382982214932289,5.107478814134684
2019-06-26,4.403365560811555,5.13065445226671
2019-06-27,4.420192233145873,5.15012542199758
2019-06-28,4.425880722791977,5.156730722303626
2019-07-01,4.485606280234542,5.225256514578711
2019-07-02,4.503383234778297,5.246278070975239
2019-07-03,4.537274621558755,5.285505725324441
2019-07-05,4.52803134459566,5.274517492088892
2019-07-08,4.496272905654614,5.237801692376674
2019-07-09,4.518788822127207,5.263829924397112
2019-07-10,4.5638191460880515,5.316020667056535
2019-07-11,4.5605020236367935,5.3119445680976405
2019-07-12,4.5868100150435565,5.342368129792786
2019-07-15,4.601504116784548,5.359378868013077
2019-07-16,4.577802893961852,5.331845251828436
2019-07-17,4.555288109227516,5.306282562167037
2019-07-18,4.560502023636792,5.312607888288533
2019-07-19,4.527082194126948,5.273727962811802
2019-07-22,4.5631091694644725,5.315253746017939
2019-07-23,4.592971948185755,5.349516101044389
2019-07-24,4.625205339609713,5.386810318912374
2019-07-25,4.581358435768542,5.336082088482838
2019-07-26,4.62852246206097,5.390530322530587
2019-07-29,4.612643808459576,5.372382782303267
2019-07-30,4.592735037814664,5.34947430894317
2019-07-31,4.529215896456059,5.276038378078753
2019-08-01,4.506701111721723,5.250713787873382
2019-08-02,4.440339800392301,5.174188800792769
2019-08-05,4.2834387389538096,4.993492691800161
2019-08-06,4.343402715751808,5.062972083754439
2019-08-07,4.36686627371124,5.090320472950212
2019-08-08,4.461906189147627,5.200180860799175
2019-08-09,4.419956454513034,5.151691214976521
2019-08-12,4.3692365091678305,5.093484673269586
2019-08-13,4.46498677847388,5.203871128446818
2019-08-14,4.331553047453204,5.050168827465455
2019-08-15,4.3265760434150184,5.044704617266731
2019-08-16,4.3960190758089475,5.124717968653792
2019-08-19,4.465935174452889,5.205120719402015
2019-08-20,4.431331547574813,5.165394770182431
2019-08-21,4.470676777101851,5.210704239077177
2019-08-22,4.456218076747609,5.193955295109217
2019-08-23,4.315199818617454,5.03166033512146
2019-08-26,4.380375823594301,5.106939504183478
2019-08-27,4.371131414895422,5.096557647229232
2019-08-28,4.386775421602238,5.114572963334943
2019-08-29,4.45384784129102,5.191868290466737
2019-08-30,4.443183102098902,5.179492153369103
2019-09-03,4.400047683868122,5.130103667023858
2019-09-04,4.463565316242384,5.197014875776218
2019-09-05,4.545334101151144,5.275264425575612
2019-09-06,4.540830540611529,5.269364651220929
2019-09-09,4.531349221539085,5.2567905194465006
2019-09-10,4.5183150013825495,5.2402739684954875
2019-09-11,4.560738179518185,5.285812783667393
2019-09-12,4.579699308673785,5.305317660472843
2019-09-13,4.563345325345866,5.284687104311749
2019-09-16,4.542963111202384,5.266436947279434
2019-09-17,4.5647679193131445,5.290250968476272
2019-09-18,4.56287150460121,5.2876948236590495
2019-09-19,4.570455277220991,5.297038928708126
2019-09-20,4.5221066990706325,5.250782911833717
2019-09-23,4.5241004432033955,5.253979984418535
2019-09-24,4.4640176339750015,5.19435177031955
2019-09-25,4.514127572837584,5.241517079328707
2019-09-26,4.49750272701313,5.2251820178363975
2019-09-27,4.441694112867552,5.166374049409547
2019-09-30,4.483965638183134,5.207522275326103
2019-10-01,4.447393165396632,5.170710485676182
2019-10-02,4.370922797960962,5.082354471309483
2019-10-03,4.418895639279665,5.13775279680206
2019-10-04,4.483965638183135,5.212780180760203
2019-10-07,4.470429681093869,5.196954231618736
2019-10-08,4.4034587405279115,5.120016130239589
2019-10-09,4.446443637679367,5.169489878258224
2019-10-10,4.480880144662717,5.2088460915209245
2019-10-11,4.538587059748184,5.275041300351825
2019-10-14,4.538111730021659,5.27458066145772
2019-10-15,4.5958220403194225,5.340772230203892
2019-10-16,4.584422426279393,5.327773471025081
2019-10-17,4.596533903170953,5.341730543123266
2019-10-18,4.55236256793114,5.290902844359085
2019-10-21,4.592734283322492,5.337227320165173
2019-10-22,4.556162187779603,5.295286975389465
2019-10-23,4.5649486200595275,5.305478152088722
2019-10-24,4.609358374654774,5.356712805140193
2019-10-25,4.646168512307011,5.39900884436648
2019-10-28,4.692003124346049,5.451416968743958
2019-10-29,4.655667939176724,5.409571432270427
2019-10-30,4.678229879637132,5.435826809323095
2019-10-31,4.680366222688842,5.438612438218641
2019-11-01,4.722876921852028,5.48747724715847
2019-11-04,4.752087442558783,5.52086135431343
2019-11-05,4.754699869826717,5.523392413404713
2019-11-06,4.744011741394605,5.511269583496087
2019-11-07,4.759925101611141,5.5290411621445195
2019-11-08,4.778923200858395,5.550719907071971
2019-11-11,4.772510776493442,5.543248116427844
2019-11-12,4.786285152940614,5.559210944854753
2019-11-13,4.787472722764757,5.5607825700721785
2019-11-14,4.783673102916294,5.556604951194139
2019-11-15,4.8188207182614775,5.596988083671229
2019-11-18,4.822621092602111,5.60145955166809
2019-11-19,4.829744625328896,5.6097041074852445
2019-11-20,4.8007721467314886,5.576512808757055
2019-11-21,4.7900855272812475,5.56404084170758
2019-11-22,4.793172529786007,5.567577899106979
2019-11-25,4.849930294400293,5.632754757820437
2019-11-26,4.859192810898914,5.643574649744404
2019-11-27,4.8931539881532675,5.682514777860891
2019-11-29,4.8708308442919055,5.656926232088216
2019-12-02,4.8209589475411425,5.59943660484404
2019-12-03,4.7831973959436835,5.556401107710098
2019-12-04,4.807421858713619,5.584180406974536
2019-12-05,4.816920908337246,5.595105510783626
2019-12-06,4.868455704641148,5.654095867245672
2019-12-09,4.846369471153349,5.628717367527222
2019-12-10,4.842332186439153,5.624117253327587
2019-12-11,4.867980752160709,5.653844993727685
2019-12-12,4.9043155600839485,5.695380567472271
2019-12-13,4.920463567197535,5.714183260577353
2019-12-16,4.969862020452199,5.770975682079091
2019-12-17,4.972712112585867,5.774227926273304
2019-12-18,4.9765113551882445,5.77855266678471
2019-12-19,5.007622063067789,5.814377303549079
2019-12-20,5.027809618369613,5.837621129591557
2019-12-23,5.041088293814006,5.8529331046094955
2019-12-24,5.0437075115065335,5.856167144786559
2019-12-26,5.0882123320485695,5.907529681091906
2019-12-27,5.083929460310732,5.902617166962707
2019-12-30,5.050609223693286,5.864359056838623
2019-12-31,5.060129776328952,5.875253794214127
2020-01-02,5.144619258055536,5.972562074805251
2020-01-03,5.097494842574888,5.918837131471096
2020-01-06,5.130338240478995,5.9567534914658244
2020-01-07,5.129624491397037,5.9559643732759335
2020-01-08,5.168181654417667,6.000075775551942
2020-01-09,5.211973103123829,6.050348025769394
2020-01-10,5.198645385722936,6.035270780405763
2020-01-13,5.25862067989361,6.104040898804634
2020-01-14,5.237915920579441,6.0802839334126375
2020-01-15,5.240055658843448,6.0830352239750205
2020-01-16,5.290274998991707,6.140721978890591
2020-01-17,5.316455481310581,6.170826319106084
2020-01-21,5.314075814709271,6.1682626937220055
2020-01-22,5.328118035684293,6.184450802695363
2020-01-23,5.345253295096499,6.204321810752536
2020-01-24,5.300271258599984,6.1528404858005565
2020-01-27,5.19079188234488,6.0273104802534725
2020-01-28,5.270520899130587,6.118721139044217
2020-01-29,5.27908852883669,6.128776636694351
2020-01-30,5.297891591998673,6.150460478051492
2020-01-31,5.2138766855064445,6.054100289623371
2020-02-03,5.292656174574886,6.144520899411273
2020-02-04,5.413796218973276,6.283281331991861
2020-02-05,5.431646736451782,6.303749259271881
2020-02-06,5.478532732576996,6.357799766406147
2020-02-07,5.45497146795065,6.330873773329096
2020-02-10,5.520898569347195,6.406713470271662
2020-02-11,5.521849228800245,6.407708669311205
2020-02-12,5.575638823342639,6.469447199036575
2020-02-13,5.568497560064671,6.461507369002048
2020-02-14,5.584443363422307,6.48000124662798
2020-02-18,5.586585742403967,6.48287085259092
2020-02-19,5.640135785855143,6.544453100252382
2020-02-20,5.587775952950707,6.484509893695094
2020-02-21,5.480438201190037,6.361613840090047
2020-02-24,5.269092269228414,6.119003722034311
2020-02-25,5.125817703877897,5.953811131806036
2020-02-26,5.152234342078163,5.98417938705074
2020-02-27,4.894243096823272,5.687346144814708
2020-02-28,4.898051393324284,5.691026492244809
2020-03-02,5.150806466668161,5.982149505351333
2020-03-03,4.9856346679802215,5.886373492655638
2020-03-04,5.193646501426629,6.051841182962145
2020-03-05,5.03585249914661,5.95815996281027
2020-03-06,4.950886555955245,5.911046783880948
2020-03-09,4.606976444579426,5.652563797118827
2020-03-10,4.857827558292131,5.81485158852814
2020-03-11,4.646246224943759,5.630320024655171
2020-03-12,4.220225921199053,5.257529764107671
2020-03-13,4.577701792082641,5.521200355123471
2020-03-16,4.029349347162378,5.095302191794594
2020-03-17,4.33494146936517,5.352411479775523
2020-03-18,4.203089152802506,5.20861361865653
2020-03-19,4.228315957702118,5.213758256323255
2020-03-20,4.062667697549397,5.1019640733416916
2020-03-23,4.065601538254707,5.135119366461616
2020-03-24,4.380433164959739,5.430151604820893
2020-03-25,4.347996438041575,5.4016299849856555
2020-03-26,4.576962767532734,5.608911568715631
2020-03-27,4.419547897294194,5.491485104703076
2020-03-30,4.580301392996029,5.6237715502040455
2020-03-31,4.541186660659101,5.562852324562294
2020-04-01,4.348233348412665,5.411112285562746
2020-04-02,4.436480575704363,5.4992449188558234
2020-04-03,4.373515985693371,5.449378602346359
2020-04-06,4.686198820235763,5.724099352818686
2020-04-07,4.684291088148681,5.713361314036957
2020-04-08,4.783748929325086,5.7885308720164454
2020-04-09,4.790666485837539,5.82442764360935
2020-04-13,4.842421593697133,5.867325844929182
2020-04-14,5.053023974155822,6.038819769183641
2020-04-15,4.995066190603991,5.995171915583642
2020-04-16,5.0861763363839,6.062467761986296
2020-04-17,5.134832747119974,6.084821244262161
2020-04-20,5.074012799569629,6.041941814147864
2020-04-21,4.886784192566307,5.899191862281552
2020-04-22,5.031796352142969,6.024412039214815
2020-04-23,5.0210629542127405,6.022951708226364
2020-04-24,5.100248359777425,6.080178413781667
2020-04-27,5.141271578691132,6.102750444285899
2020-04-28,5.044437859406364,6.0323908455787425
2020-04-29,5.223318393767104,6.164577710788602
2020-04-30,5.22117224232459,6.137480191175901
2020-05-01,5.074012799569628,6.033761539158296
2020-05-04,5.133162302652542,6.074136158703458
2020-05-05,5.1913592600519785,6.113074925660463
2020-05-06,5.223318393767105,6.106520845266244
2020-05-07,5.290578304626866,6.173987637372132
2020-05-08,5.363084195790918,6.212820908655809
2020-05-11,5.411024216724908,6.231927194032285
2020-05-12,5.297733526000109,6.168267718905378
2020-05-13,5.231427292562082,6.1348403598969385
2020-05-14,5.290815592244043,6.189858346426787
2020-05-15,5.325161560231159,6.212281064158282
2020-05-18,5.424380982052131,6.26941058190812
2020-05-19,5.410786174615559,6.2658242071463
2020-05-20,5.518829376051724,6.338858168682994
2020-05-21,5.4587250638112925,6.284729480659359
2020-05-22,5.477567737782583,6.3082909463393415
2020-05-26,5.462780456322758,6.281728527312949
2020-05-27,5.492593815843928,6.303909303631673
2020-05-28,5.485438971714299,6.309034223801878
2020-05-29,5.5658153423178955,6.370863251412687
2020-06-01,5.582511487603059,6.388651856752323
2020-06-02,5.619956152713694,6.428020435449165
2020-06-03,5.6452387899944005,6.456189567037865
2020-06-04,5.605646464456908,6.411343694510156
2020-06-05,5.716791758231363,6.536748437520776
2020-06-08,5.761153602608366,6.5874095112229165
2020-06-09,5.802893211324158,6.634865656041114
2020-06-10,5.872536561246083,6.714135376990298
2020-06-11,5.581558187427411,6.384535936680407
2020-06-12,5.625919654558328,6.434723113169586
2020-06-15,5.694371284949171,6.51221378220083
2020-06-16,5.792159058901758,6.622835453810504
2020-06-17,5.810524516918569,6.643673791636481
2020-06-18,5.826266984781998,6.66152462236516
2020-06-19,5.825312175622008,6.66053387085642
2020-06-22,5.895172064641243,6.739845474750489
2020-06-23,5.945346512537469,6.7966811474496005
2020-06-24,5.822780101713419,6.657956258923326
2020-06-25,5.878208829320401,6.720623024091929
2020-06-26,5.739395572977593,6.563648859548402
2020-06-29,5.801993102809478,6.6346130763180025
2020-06-30,5.915720644187278,6.763419449766871
2020-07-01,5.9847683229654685,6.841612943759323
2020-07-02,6.025385625382933,6.8876691812062845
2020-07-06,6.173516853356897,7.055318293073653
2020-07-07,6.130989932624397,7.0074826001252815
2020-07-08,6.211743549043991,7.099021450434115
2020-07-09,6.264069429822984,7.158254768592888
2020-07-10,6.306835901649174,7.206634433040391
2020-07-13,6.1771018203384775,7.059960848154334
2020-07-14,6.220823101322186,7.109627289137105
2020-07-15,6.233487243333404,7.1239358741874454
2020-07-16,6.190959945354818,7.075698937471917
2020-07-17,6.1981268613492935,7.084151015588745
2020-07-20,6.373974716602025,7.283174411479214
2020-07-21,6.3075538004356,7.208400492019861
2020-07-22,6.329772069959368,7.234051259324345
2020-07-23,6.164439187309127,7.0473676409524195
2020-07-24,6.105901576939262,6.981256423228864
2020-07-27,6.2148520545607875,7.1049280869391875
2020-07-28,6.135768128118928,7.01583466151948
2020-07-29,6.206487760348892,7.096074594408275
2020-07-30,6.238982205876106,7.132723978311708
2020-07-31,6.350322158489747,7.259016179245657
2020-08-03,6.436092767005391,7.35592939635837
2020-08-04,6.459984498965276,7.383725355842904
2020-08-05,6.4759925478800415,7.4018861567375644
2020-08-06,6.56176768334624,7.499395916473307
2020-08-07,6.486027286561842,7.413309264884519
2020-08-10,6.4583133000032,7.381817342018047
2020-08-11,6.335984554042412,7.241721803951515
2020-08-12,6.495345258192997,7.421936944443933
2020-08-13,6.51016045584337,7.439167859290558
2020-08-14,6.502515192156158,7.43030949922151
2020-08-17,6.578013397124267,7.516268170198301
2020-08-18,6.6413280712528815,7.588204573669784
2020-08-19,6.596649340389055,7.536752885392969
2020-08-20,6.688157857750915,7.640449034571035
2020-08-21,6.734507787574343,7.6927210051661135
2020-08-24,6.776556360614108,7.740204122266024
2020-08-25,6.829837050550619,7.800316520013573
2020-08-26,6.975581444252596,7.965285564110181
2020-08-27,6.953837749965655,7.940183508856002
2020-08-28,6.989198509193377,7.980672082951764
2020-08-31,7.0453477763093835,8.044308901917002
2020-09-01,7.165763131496751,8.180513770288115
2020-09-02,7.2336160727776475,8.25722155624579
2020-09-03,6.866872026709102,7.84244119519314
2020-09-04,6.775362000362899,7.738800446202905
2020-09-08,6.449712095420212,7.370518513382875
2020-09-09,6.639176261124028,7.585197458778462
2020-09-10,6.50681428546331,7.435314668227802
2020-09-11,6.461657206909221,7.384296144393148
2020-09-14,6.574190388035813,7.511913908870941
2020-09-15,6.667370104357276,7.617279858294655
2020-09-16,6.561049407313727,7.497060073669172
2020-09-17,6.458553228342976,7.380931655869144
2020-09-18,6.3761235087646675,7.2875424621885685
2020-09-21,6.391414790633737,7.304306945191352
2020-09-22,6.510160455843372,7.438594825140695
2020-09-23,6.3113756777882735,7.213059124913935
2020-09-24,6.340765013010986,7.246536302837186
2020-09-25,6.488178342198524,7.413367577755239
2020-09-28,6.622931301833226,7.566034865746911
2020-09-29,6.5930670141300745,7.532520544031253
2020-09-30,6.638221829210123,7.583375168903269
2020-10-01,6.743587339852542,7.7028556919951185
2020-10-02,6.553882491319253,7.5297069230157785
2020-10-05,6.693651311311749,7.658097354239468
2020-10-06,6.574190388035813,7.54484746614073
2020-10-07,6.6879164204292705,7.647533670030668
2020-10-08,6.72351786248894,7.686781412660133
2020-10-09,6.826253215307297,7.790173567443644
2020-10-12,7.036982727605317,7.981746694987326
2020-10-13,7.036744308249883,7.972432821221979
2020-10-14,6.977969410262841,7.921728601244614
2020-10-15,6.931139623762333,7.881120661491309
2020-10-16,6.893152479168931,7.84572610954446
2020-10-19,6.78062005253451,7.7422195720415
2020-10-20,6.795194567352935,7.756825112402492
2020-10-21,6.789935006199455,7.755380664941882
2020-10-22,6.789699604810233,7.748954529517219
2020-10-23,6.803076741413712,7.76268725170548
2020-10-26,6.701058910135697,7.671973548492961
2020-10-27,6.753380641210222,7.722517364487038
2020-10-28,6.490090978482243,7.469283204739311
2020-10-29,6.603578591520267,7.56931402185693
2020-10-30,6.43609276700539,7.415023098497905
2020-11-02,6.4504296169605535,7.438544467479014
2020-11-03,6.562005348209501,7.550278525835743
2020-11-04,6.854924651746054,7.838828819859933
2020-11-05,7.033639575193939,8.022970272138751
2020-11-06,7.038896872870906,8.02624630007032
2020-11-09,6.895063606468308,7.866998370941133
2020-11-10,6.771542009240655,7.74903066365891
2020-11-11,6.923016766874555,7.895568118462684
2020-11-12,6.890524584821381,7.868003469438331
2020-11-13,6.950969927278327,7.9301877318151455
2020-11-16,7.005203540144401,7.983542930211475
2020-11-17,6.982986779602502,7.959449188319136
2020-11-18,6.931380306594278,7.905312367549596
2020-11-19,6.98561467395005,7.956906441987858
2020-11-20,6.937828946556242,7.9136744973042354
2020-11-23,6.9380718928622285,7.904494258178408
2020-11-24,7.035551456983014,7.992185963659885
2020-11-25,7.078794390273987,8.033394347415612
2020-11-27,7.1440186827151635,8.092243956717876
2020-11-30,7.158595461010101,8.101991050378784
2020-12-01,7.250341643235225,8.1968954394906
2020-12-02,7.259657351392343,8.206348415892228
2020-12-03,7.2699327729036165,8.218092716043246
2020-12-04,7.299560150235677,8.250924411927514
2020-12-07,7.340892710719442,8.297739512213921
2020-12-08,7.365742647049141,8.325679361605738
2020-12-09,7.198972080598092,8.138546041513274
2020-12-10,7.227881936389812,8.170887589155575
2020-12-11,7.211873887472573,8.153097421252076
2020-12-14,7.264199391005482,8.211418357467847
2020-12-15,7.3418471426308765,8.298845839691504
2020-12-16,7.3822260256929075,8.344053929127272
2020-12-17,7.430487082813241,8.3983925224816
2020-12-18,7.40803114842621,8.373089889685652
2020-12-21,7.394171137181915,8.357463996764173
2020-12-22,7.414277584632223,8.379798313849498
2020-12-23,7.376937793856709,8.338076125398924
2020-12-24,7.409491089731229,8.374712977319366
2020-12-28,7.484168407808218,8.458235089219288
2020-12-29,7.490869802466975,8.46578169085237
2020-12-30,7.4911097308042764,8.466348236667603
2020-12-31,7.509542715820943,8.48725224857563
2021-01-04,7.403505707628472,8.36906705417684
2021-01-05,7.464541817032515,8.4373384296278
2021-01-06,7.361139493612187,8.32112230560291
2021-01-07,7.539221398583544,8.520100756364494
2021-01-08,7.636159237716208,8.62758450257813
2021-01-11,7.525817854773861,8.503980290203414
2021-01-12,7.5138501085370315,8.490702307021857
2021-01-13,7.564591934137887,8.547676009217797
2021-01-14,7.524140619881836,8.502258641238887
2021-01-15,7.464541817032515,8.435364495005473
2021-01-19,7.573446647909837,8.557465789323425
2021-01-20,7.749612898631262,8.755071744106882
2021-01-21,7.81160570342325,8.824246656423533
2021-01-22,7.789106763012141,8.798911622020668
2021-01-25,7.853495833218364,8.871256725677474
2021-01-26,7.864979950322206,8.883911644199506
2021-01-27,7.645733736502537,8.63835625536389
2021-01-28,7.690971545662057,8.688991688316628
2021-01-29,7.52916628862796,8.507892076008147
2021-02-01,7.717301040078385,8.718684133657161
2021-02-02,7.843203058401993,8.85177030501429
2021-02-03,7.812087069082197,8.817390575218749
2021-02-04,7.904478341651168,8.91362471756744
2021-02-05,7.9312846747783645,8.94367030989411
2021-02-08,7.984421256814059,9.002217549208252
2021-02-09,7.982747039888245,9.000882363033577
2021-02-10,7.9645532287191845,8.982650793304053
2021-02-11,8.008356749290192,9.027684009323412
2021-02-12,8.053115456264804,9.074099456497672
2021-02-16,8.031337055360249,9.04696570728079
2021-02-17,7.992799131875143,9.004496423253801
2021-02-18,7.957854097534468,8.966923526648102
2021-02-19,7.923147482546753,8.928845625796002
2021-02-22,7.717779387773595,8.709504142642587
2021-02-23,7.69480209966975,8.684742263600416
2021-02-24,7.758231456521817,8.751763808740122
2021-02-25,7.487759787965832,8.457280187387676
2021-02-26,7.519114951133234,8.488677384622049
2021-03-01,7.745303996933304,8.731551807690773
2021-03-02,7.6210799679963666,8.597076515531176
2021-03-03,7.399915081960554,8.354746827186649
2021-03-04,7.278803330998798,8.221591998749169
2021-03-05,7.38842568341646,8.341510027552964
2021-03-08,7.179229298112122,8.11300796347427
2021-03-09,7.462387743429621,8.424464115184248
2021-03-10,7.441085426743761,8.402068132435655
2021-03-11,7.612463673579848,8.588066213975887
2021-03-12,7.550710797127635,8.520433799075283
2021-03-15,7.631373497304907,8.60912142761418
2021-03-16,7.673259100154416,8.654620431952214
2021-03-17,7.704854946148818,8.688828390548808
2021-03-18,7.468849964240771,8.431243143410153
2021-03-19,7.495180967641443,8.460772434892462
2021-03-22,7.635737476894261,8.613820896449981
2021-03-23,7.602426671424007,8.577669982004641
2021-03-24,7.474209118289121,8.4389750955405
2021-03-25,7.4612680778489455,8.42447104608552
2021-03-26,7.5731863482987505,8.546528615150681
2021-03-29,7.571032274693384,8.542790991760361
2021-03-30,7.532925920421028,8.499462839653928
2021-03-31,7.648198660657355,8.626339538150868
2021-04-01,7.778574059855991,8.770122674491388
2021-04-05,7.933872581070518,8.943247857905389
2021-04-06,7.9283595107280735,8.937534214741374
2021-04-07,7.947531897543205,8.958713495636202
2021-04-08,8.030454300153135,9.051700556358435
2021-04-09,8.079105429446484,9.105700191156748
2021-04-12,8.068561408915189,9.093726608431034
2021-04-13,8.16274535359923,9.199238079685571
2021-04-14,8.064725573469717,9.089757049102788
2021-04-15,8.186950954077252,9.226991546379429
2021-04-16,8.196539033712773,9.23782964985458
2021-04-19,8.121524457877653,9.153963587722927
2021-04-20,8.062326290084325,9.088200751750422
2021-04-21,8.131352465850476,9.165502197291492
2021-04-22,8.033331176739095,9.055930282270074
2021-04-23,8.134467007299698,9.16858810074209
2021-04-26,8.187430810754334,9.227726008527819
2021-04-27,8.15196140472816,9.187866673286175
2021-04-28,8.124399825479271,9.157200726682728
2021-04-29,8.153637885130488,9.189737035222626
2021-04-30,8.10019573398559,9.13011915376376
2021-05-03,8.057057675032212,9.082406469344797
2021-05-04,7.912063246009205,8.920406726043971
2021-05-05,7.885460625622302,8.890736786163652
2021-05-06,7.944897967260762,8.957683249280947
2021-05-07,8.009365504598376,9.029870868824332
2021-05-10,7.807092334490355,8.804186944246219
2021-05-11,7.796309894603627,8.791966041543452
2021-05-12,7.5945180901570275,8.566015246054668
2021-05-13,7.653234137796764,8.631903315769303
2021-05-14,7.822191975483976,8.820967260791662
2021-05-17,7.774739733389917,8.768281582109587
2021-05-18,7.722255032122663,8.70968125016141
2021-05-19,7.731122572251631,8.719566844775551
2021-05-20,7.880668849278583,8.886867139618046
2021-05-21,7.837053197124638,8.838301799644734
2021-05-24,7.968863639401482,8.985529365886526
2021-05-25,7.979886762117684,8.998131013311355
2021-05-26,8.007686760722008,9.029090808282591
2021-05-27,7.977730425038278,8.99555729072646
2021-05-28,8.002893475396418,9.023761236160334
2021-06-01,7.976292363991384,8.99395214468667
2021-06-02,7.991869598188043,9.011567446016379
2021-06-03,7.908707267238337,8.918102186579778
2021-06-04,8.042916992898101,9.068451611223393
2021-06-07,8.066882665038822,9.095301888347365
2021-06-08,8.070717745994596,9.099495206701475
2021-06-09,8.072635663718568,9.10178476880524
2021-06-10,8.156755444545919,9.195954535282386
2021-06-11,8.178084168437982,9.219406794286785
2021-06-14,8.256452459569928,9.306590393911769
2021-06-15,8.20252969725578,9.246300023028434
2021-06-16,8.17257260707988,9.212182482594311
2021-06-17,8.27634387690727,9.327247203087408
2021-06-18,8.211395728400404,9.254625159305576
2021-06-21,8.262429542263748,9.311846604355184
2021-06-22,8.339448047868522,9.397622705221819
2021-06-23,8.343527584112152,9.402008646756077
2021-06-24,8.395113685849067,9.45954643300847
2021-06-25,8.3847982762824,9.448101482830227
2021-06-28,8.486770838062297,9.56205858359978
2021-06-29,8.51748241986772,9.595839161813718
2021-06-30,8.504046432916937,9.581079709884582
2021-07-01,8.507403920672147,9.585033615560116
2021-07-02,8.605059281342678,9.694284463941278
2021-07-06,8.642248928284953,9.736149098801206
2021-07-07,8.66048348200158,9.756798760089367
2021-07-08,8.608176840760585,9.698483004758524
2021-07-09,8.661924561014684,9.758339149960987
2021-07-12,8.69575672020175,9.796055562790254
2021-07-13,8.69575672020175,9.795918884004564
2021-07-14,8.71135130770598,9.813907063158998
2021-07-15,8.650166563450568,9.745954693735056
2021-07-16,8.580107488644067,9.6675570916848
2021-07-19,8.509803958547238,9.589315594603109
2021-07-20,8.60865745192736,9.699468549911384
2021-07-21,8.675119865135994,9.773184695463422
2021-07-22,8.732465001485078,9.8373699980331
2021-07-23,8.834437563264975,9.950999004318753
2021-07-26,8.841393976094565,9.95865847272614
2021-07-27,8.743981561727548,9.85042088338812
2021-07-28,8.777572283592969,9.887960326519012
2021-07-29,8.793169889060938,9.905696166012765
2021-07-30,8.747340558464625,9.854298125642803
2021-08-02,8.74806185246335,9.855280648181742
2021-08-03,8.801086015244685,9.914442816106199
2021-08-04,8.813803726162956,9.928661952801281
2021-08-05,8.869707783498935,9.990879097032574
2021-08-06,8.830838638188121,9.946437772797902
2021-08-09,8.847154519691076,9.963941083903892
2021-08-10,8.801806554751236,9.913337677542845
2021-08-11,8.786689560450043,9.897039435167828
2021-08-12,8.818362364591493,9.93235411827388
2021-08-13,8.84931462922639,9.967677172558428
2021-08-16,8.853151973658678,9.972209528225198
2021-08-17,8.775173754699747,9.885201506606808
2021-08-18,8.690716716114265,9.791052858397967
2021-08-19,8.732704175330209,9.837929115588283
2021-08-20,8.823161685851979,9.938958469563982
2021-08-23,8.955124535438575,10.086397088587947
2021-08-24,8.982477120506921,10.116703275042385
2021-08-25,8.9927955480398,10.127864232028413
2021-08-26,8.93569109452019,10.064258229737387
2021-08-27,9.022545907506723,10.161709939614115
2021-08-30,9.12379943876441,10.2744973597446
2021-08-31,9.11636241476557,10.26615779095098
2021-09-01,9.131475636608378,10.283188369321543
2021-09-02,9.127159189993657,10.278441583483666
2021-09-03,9.155232314568554,10.309891744993998
2021-09-07,9.168187690347615,10.32335315048147
2021-09-08,9.136275712361035,10.287974978477937
2021-09-09,9.104845100030929,10.253215027972415
2021-09-10,9.035743475102072,10.175754599853278
2021-09-13,9.029504583812823,10.168978187100416
2021-09-14,9.00383225160519,10.14074128430235
2021-09-15,9.070774521488428,10.215098760471244
2021-09-16,9.077011903795807,10.221095512711651
2021-09-17,8.969521744725386,10.100978174394966
2021-09-20,8.784181630271148,9.8947738886715
2021-09-21,8.794989722874382,9.906999106311394
2021-09-22,8.87714028054722,9.998550055448058
2021-09-23,8.959048646406242,10.089099901793649
2021-09-24,8.9674536831657,10.098286078907162
2021-09-27,8.895874307722535,10.01838566943042
2021-09-28,8.644144211258629,9.737008413408818
2021-09-29,8.629971840480538,9.721226314386062
2021-09-30,8.598266593197987,9.686370103316497
2021-10-01,8.651590289158577,9.746044601129423
2021-10-04,8.46999773463256,9.54377714989288
2021-10-05,8.584332641772857,9.671011951941804
2021-10-06,8.639339608560368,9.732684951018424
2021-10-07,8.718607253712351,9.82069398734382
2021-10-08,8.6751296735268,9.772055531208057
2021-10-11,8.608594074631975,9.697624967300003
2021-10-12,8.578570589192005,9.664618377152983
2021-10-13,8.647264788642751,9.742084445138568
2021-10-14,8.806521372947913,9.919969893467766
2021-10-15,8.8620081964125,9.9811879554707
2021-10-18,8.951123466323864,10.080430557276111
2021-10-19,9.01885870691015,10.155982807065215
2021-10-20,9.00708863748119,10.143235424439412
2021-10-21,9.0620956042687,10.204512000269677
2021-10-22,8.9859515544621,10.120057081776467
2021-10-25,9.077948982399672,10.222815829018648
2021-10-26,9.106532897808407,10.254585039129196
2021-10-27,9.127670735319668,10.278455633798082
2021-10-28,9.229034422352727,10.391481925092638
2021-10-29,9.274433692720633,10.441765972714274
2021-11-01,9.306140448987525,10.477214331148746
2021-11-02,9.345053354812116,10.520580562686828
2021-11-03,9.444256177817689,10.630640250148726
2021-11-04,9.565318886822945,10.766047480353613
2021-11-05,9.574446726565473,10.77707008127354
2021-11-08,9.561473997476368,10.76258076084207
2021-11-09,9.495661201562136,10.689681959644686
2021-11-10,9.356102884734526,10.534358124182729
2021-11-11,9.38204306147001,10.563388477709559
2021-11-12,9.480767536782848,10.673408559039114
2021-11-15,9.478604409278848,10.67088493542158
2021-11-16,9.54610273949404,10.745764958099713
2021-11-17,9.551146516042381,10.751864955452952
2021-11-18,9.650110165200351,10.86203805121287
2021-11-19,9.703914472330188,10.9219484320461
2021-11-22,9.591260572542774,10.795415657919008
2021-11-23,9.547543064017448,10.746176807749846
2021-11-24,9.578289352438013,10.780662740494009
2021-11-26,9.396695288927654,10.578474653966419
2021-11-29,9.600629095114774,10.805772613528521
2021-11-30,9.459630453763756,10.648297890621823
2021-12-01,9.298695125579751,10.469251191044552
2021-12-02,9.365711335643827,10.543885628045162
2021-12-03,9.202854317279941,10.362983292281262
2021-12-06,9.276594556750593,10.445026971588218
2021-12-07,9.555949609758775,10.756514478003748
2021-12-08,9.598707404932417,10.803888857650916
2021-12-09,9.457467326259755,10.646342909454487
2021-12-10,9.560274355784907,10.761105237943289
2021-12-13,9.422158626954744,10.607666742460962
2021-12-14,9.324638320283922,10.498545047829449
2021-12-15,9.537213319109421,10.73563971591511
2021-12-16,9.29196656922262,10.462837024223377
2021-12-17,9.245610603466769,10.411122486057641
2021-12-20,9.155924183392393,10.310868340099317
2021-12-21,9.36083581073094,10.53924204388569
2021-12-22,9.474837232569012,10.666776983475671
2021-12-23,9.546270236637323,10.746338737074696
2021-12-27,9.704042735907777,10.922341567859174
2021-12-28,9.659066735343684,10.872098544444352
2021-12-29,9.657624901838409,10.870361073855772
2021-12-30,9.628764088000716,10.83864822831674
2021-12-31,9.568636386520291,10.771975357059981
2022-01-03,9.660750006170607,10.873504667062631
2022-01-04,9.535447054203031,10.736988665003805
2022-01-05,9.242508888374566,10.416243405694592
2022-01-06,9.236014224422314,10.40765952954699
2022-01-07,9.135960334858561,10.29861671779841
2022-01-10,9.141975142133735,10.305408634560312
2022-01-11,9.279305445177616,10.457000390571512
2022-01-12,9.316102001980665,10.49739529878745
2022-01-13,9.08305010031098,10.242807951559042
2022-01-14,9.139569822818391,10.303434650640682
2022-01-18,8.912047590306548,10.053353309373826
2022-01-19,8.814160600705177,9.948313185023885
2022-01-20,8.699677813205684,9.822959016791478
2022-01-21,8.458448731248996,9.55872367938739
2022-01-24,8.4971677327241,9.601063914079695
2022-01-25,8.300194111827425,9.384871071381395
2022-01-26,8.287207801889132,9.368330770096481
2022-01-27,8.20375121920537,9.276613792990064
2022-01-28,8.461093978904117,9.559034871235104
2022-01-31,8.731665240357446,9.856587640541832
2022-02-01,8.791070893346976,9.921272281099007
2022-02-02,8.862503142923115,9.988245189645603
2022-02-03,8.503181785509577,9.67424915462696
2022-02-04,8.610450124039964,9.761238373158848
2022-02-07,8.541181756459997,9.707377976369967
2022-02-08,8.637147055881485,9.790384157468553
2022-02-09,8.820174653488182,9.953862012791497
2022-02-10,8.620550503493662,9.766767974718006
2022-02-11,8.347092557066043,9.550806932453206
2022-02-14,8.357435128331087,9.557431573530183
2022-02-15,8.565234195138569,9.726756325832277
2022-02-16,8.563069558650227,9.736065696076661
2022-02-17,8.30837129211443,9.528209910044119
2022-02-18,8.213610161334955,9.447458070741703
2022-02-22,8.131114800987222,9.37746176335736
2022-02-23,7.922835877505134,9.188779809053614
2022-02-24,8.18907937496612,9.42208958961808
2022-02-25,8.316066352250315,9.538358594137664
2022-02-28,8.340840084927613,9.5762704676519
2022-03-01,8.21312804118384,9.481058546389566
2022-03-02,8.350942727852882,9.563798371898553
2022-03-03,8.23164779273836,9.488699777279079
2022-03-04,8.112355875587575,9.428327982906723
2022-03-07,7.813162974146632,9.210962481115198
2022-03-08,7.776847028512832,9.201640872268722
2022-03-09,8.056798884403007,9.386865132680505
2022-03-10,7.967330512407809,9.315923904490587
2022-03-11,7.802100617864735,9.178253902663764
2022-03-14,7.652265370543981,9.033091316155527
2022-03-15,7.892290283858656,9.20787653221548
2022-03-16,8.184990030329214,9.447379897082346
2022-03-17,8.284078925098559,9.528020286312792
2022-03-18,8.453639601600187,9.651651619284783
2022-03-21,8.430134169352462,9.633230841961492
2022-03-22,8.595810722941817,9.747660677671016
2022-03-23,8.472274790372804,9.6784967013679
2022-03-24,8.660587601847016,9.831644602008247
2022-03-25,8.653363344489577,9.819882806773604
2022-03-28,8.787251656714439,9.907607557898029
2022-03-29,8.938477432109929,10.029541344796886
2022-03-30,8.83974692086467,9.970116624789265
2022-03-31,8.73017964633593,9.890064163488002
2022-04-01,8.713564986148366,9.874856536810118
2022-04-04,8.892964987997965,10.041262118829504
2022-04-05,8.695503211015275,9.848156627555937
2022-04-06,8.506712806338026,9.67436782925646
2022-04-07,8.526940726941328,9.692990980164984
2022-04-08,8.407740857771122,9.583130122628708
2022-04-11,8.208835738301287,9.392335831619285
2022-04-12,8.17415930297816,9.364144606316094
2022-04-13,8.340317222226462,9.52464005552311
2022-04-14,8.149598336942262,9.33740953129751
2022-04-18,8.155857599507765,9.343141151335804
2022-04-19,8.338148813282208,9.506077200758048
2022-04-20,8.216540606827973,9.4012779522188
2022-04-21,8.046530253316327,9.23403984587798
2022-04-22,7.835826393732339,9.024366004772363
2022-04-25,7.936483122110507,9.111630201175826
2022-04-26,7.636921274262503,8.82896546540632
2022-04-27,7.627770799772154,8.812523723459266
2022-04-28,7.898677809999273,9.076303989082165
2022-04-29,7.543246611430431,8.730911170853243
2022-05-02,7.66918786331726,8.836053841904757
2022-05-03,7.677376360979411,8.847939255093305
2022-05-04,7.936965996753797,9.055370878241167
2022-05-05,7.537227277204703,8.750304434159496
2022-05-06,7.44692519196137,8.682985361133358
2022-05-09,7.155548069317134,8.457263736108867
2022-05-10,7.242479840450714,8.511726080831622
2022-05-11,7.027681354789566,8.376605936707028
2022-05-12,7.011065940109832,8.343234705492291
2022-05-13,7.270896258716167,8.522835072528766
2022-05-16,7.186614262188259,8.47261173244679
2022-05-17,7.3727571557338765,8.599424315942024
2022-05-18,7.01082601177253,8.345424774356891
2022-05-19,6.9732591190167295,8.335268349714983
2022-05-20,6.951587101431637,8.32584548531816
2022-05-23,7.067174464678276,8.4135310502782
2022-05-24,6.916911420603155,8.326511363333646
2022-05-25,7.013713451241465,8.393563693934132
2022-05-26,7.208045596941403,8.53463222755323
2022-05-27,7.443311931543157,8.714021842821579
2022-05-31,7.423566131090974,8.672572497605456
2022-06-01,7.368663284148887,8.639081223916257
2022-06-02,7.570458861053869,8.780414798330334
2022-06-03,7.37348071320664,8.644461751372129
2022-06-06,7.398039415768498,8.642294685782556
2022-06-07,7.461855826829841,8.699270103343094
2022-06-08,7.408154130563557,8.653113651965018
2022-06-09,7.209731131242367,8.522481952532933
2022-06-10,6.955438026713114,8.381456969770289
2022-06-13,6.6320380158098065,8.106783621136172
2022-06-14,6.64407592976909,8.085281414173062
2022-06-15,6.809992411695748,8.220595549997775
2022-06-16,6.535233721697456,8.064771800878072
2022-06-17,6.61469979814948,8.100992542741627
2022-06-21,6.781585047328929,8.19776206547181
2022-06-22,6.771692153073904,8.219137157442365
2022-06-23,6.8725435402912565,8.286269714586817
2022-06-24,7.10802264153441,8.4283958535307
2022-06-27,7.055908395656086,8.393722264836544
2022-06-28,6.840937885906049,8.262201830582976
2022-06-29,6.847209974826097,8.275608595287524
2022-06-30,6.76228515142838,8.22346966966787
2022-07-01,6.806919367286261,8.266695698715157
2022-07-05,6.923450599561355,8.318487788925681
2022-07-06,6.967844887076986,8.326813815236084
2022-07-07,7.116948277518513,8.429078889019504
2022-07-08,7.125875422486956,8.429194353801556
2022-07-11,6.973635610340557,8.325271831300155
2022-07-12,6.906079938759926,8.274437601646571
2022-07-13,6.8918456996658435,8.274675581095948
2022-07-14,6.9164557076582405,8.270994373809295
2022-07-15,7.041915593883648,8.362011197258324
2022-07-18,6.982322072477054,8.3105545531109
2022-07-19,7.197050390415749,8.465744788778231
2022-07-20,7.311171776424946,8.531624661399782
2022-07-21,7.4161238256518835,8.631803375100368
2022-07-22,7.286078893789259,8.558551559224878
2022-07-25,7.244581099638725,8.524884624182139
2022-07-26,7.102230409288968,8.425908199839576
2022-07-27,7.402370197724577,8.64820508682941
2022-07-28,7.474750088787554,8.7303160330959
2022-07-29,7.611067864064869,8.830758901519763
2022-08-01,7.606485081901693,8.847654468076389
2022-08-02,7.583804309008416,8.817568598216642
2022-08-03,7.790330548435772,9.055643758313005
2022-08-04,7.8267619312876695,9.098092892666136
2022-08-05,7.7628255560601485,9.023818409781013
2022-08-08,7.737734936898502,8.995451495995866
2022-08-09,7.65015203948865,8.894787503025853
2022-08-10,7.863676943277501,9.1404700062128
2022-08-11,7.819042727419621,9.088683265072675
2022-08-12,7.9712817850763225,9.264458175622181
2022-08-15,8.035701034949607,9.338233062489516
2022-08-16,8.016881750218309,9.316603153485582
2022-08-17,7.925441137102387,9.211035947046152
2022-08-18,7.944501859155331,9.232951479985962
2022-08-19,7.789604727486494,9.054253876687387
2022-08-22,7.584527866481179,8.81789078372921
2022-08-23,7.578255777561132,8.810772554566883
2022-08-24,7.600209975015434,8.836068343805843
2022-08-25,7.7345962517171145,8.99108974058546
2022-08-26,7.417569431615538,8.625833427473994
2022-08-29,7.344464474095454,8.541598697080355
2022-08-30,7.262675317912913,8.447086239403932
2022-08-31,7.2204547207817855,8.398076259713761
2022-09-01,7.223589633504789,8.401311574860019
2022-09-02,7.121534077645422,8.299310751914389
2022-09-06,7.0703840720718105,8.241275883621293
2022-09-07,7.21321688257516,8.396811322575317
2022-09-08,7.250610242255254,8.431219501657202
2022-09-09,7.409126670274726,8.59595421222211
2022-09-12,7.497187915377314,8.68731319693202
2022-09-13,7.086067689587932,8.261349275260914
2022-09-14,7.1422803339993255,8.318976982440587
2022-09-15,7.023336237492122,8.188059114301451
2022-09-16,6.9803920828882315,8.144315386504129
2022-09-19,7.03474943238134,8.20204710492322
2022-09-20,6.97867485993834,8.139753461892509
2022-09-21,6.853714447169148,8.014294600120069
2022-09-22,6.769360773936917,7.923601623273954
2022-09-23,6.659143882113775,7.803874351811203
2022-09-26,6.631589847781651,7.766603329993925
2022-09-27,6.63424716730409,7.764801375637394
2022-09-28,6.7662205797736625,7.913152427879403
2022-09-29,6.571164876598487,7.708163935376504
2022-09-30,6.45974079816712,7.5897860592871105
2022-10-03,6.611286478015645,7.758712834071831
2022-10-04,6.819151940084724,7.9453108592261215
2022-10-05,6.815525853309494,7.9295259532699465
2022-10-06,6.761867917556985,7.875286460567538
2022-10-07,6.504212798324443,7.646403937928246
2022-10-10,6.439193727602954,7.575470375293161
2022-10-11,6.350732601936547,7.500996306181511
2022-10-12,6.348555893583359,7.498095452790338
2022-10-13,6.497445008401616,7.6189831189772
2022-10-14,6.302150131381308,7.441446653885228
2022-10-17,6.510256276279861,7.620508112465917
2022-10-18,6.561738258171353,7.669423604764919
2022-10-19,6.537809556122287,7.629995216739692
2022-10-20,6.504455744627957,7.590473949663716
2022-10-21,6.656969437237103,7.728169375089842
2022-10-24,6.730204921808816,7.784352004601785
2022-10-25,6.869423717401781,7.914360593512759
2022-10-26,6.7176350912497425,7.801565352028087
2022-10-27,6.5953335069873305,7.706078469803331
2022-10-28,6.797157000082859,7.867686484059201
2022-10-31,6.718120983859243,7.792265001846953
2022-11-01,6.649474317383129,7.748313879315523
2022-11-02,6.421548431849083,7.555261239608749
2022-11-03,6.296106653423417,7.450270639008934
2022-11-04,6.397380555952412,7.553546158787775
2022-11-07,6.467715774698173,7.599134019109133
2022-11-08,6.5148473578495,7.661652064592105
2022-11-09,6.364508864611674,7.535706439946392
2022-11-10,6.834135389368075,7.968861970373242
2022-11-11,6.960064569387586,8.071866893311013
2022-11-14,6.899154460087091,8.021339136090045
2022-11-15,6.994628585456354,8.109479842529966
2022-11-16,6.899154460087091,8.041677935668982
2022-11-17,6.883927310008054,8.014961692297478
2022-11-18,6.884168747329699,8.012132206799308
2022-11-21,6.813351408432821,7.953372700344518
2022-11-22,6.91148209883235,8.040469945010269
2022-11-23,6.980850813799358,8.111214247328883
2022-11-25,6.9349271717459535,8.075658963367884
2022-11-28,6.833169640081496,7.985412899095502
2022-11-29,6.781446220868359,7.942587420741443
2022-11-30,7.090582567502695,8.211814274417858
2022-12-01,7.0992833649805505,8.247711181212537
2022-12-02,7.07100426419132,8.221219444012139
2022-12-05,6.952331030178178,8.09647590731812
2022-12-06,6.8082729252693355,7.9691941306551906
2022-12-07,6.780478962599909,7.9531663923046185
2022-12-08,6.86072367441362,8.029437317450084
2022-12-09,6.816974477239364,7.983214970751761
2022-12-12,6.902536091574464,8.062734323572968
2022-12-13,6.976741097888666,8.144851169231268
2022-12-14,6.92501692418583,8.096485386476253
2022-12-15,6.692499957082147,7.869674317318101
2022-12-16,6.628691090937568,7.8091658294564406
2022-12-19,6.5355325003820575,7.715727301357854
2022-12-20,6.530444208827769,7.7162778871908015
2022-12-21,6.625177423416697,7.807313214038112
2022-12-22,6.463092249989905,7.64749365630648
2022-12-23,6.477627531242635,7.6612874878201875
2022-12-27,6.3860450737024115,7.575689368942768
2022-12-28,6.301733274753529,7.490894091978745
2022-12-29,6.455337585014544,7.64370098542002
2022-12-30,6.451462516000904,7.638267519161722
2023-01-03,6.4078506363053425,7.606231146800885
2023-01-04,6.438377367659912,7.641979438998041
2023-01-05,6.337588603248247,7.526703881346664
2023-01-06,6.512513715238476,7.727451708891033
2023-01-09,6.554672444056087,7.775630542345237
2023-01-10,6.610155495062294,7.837146585923199
2023-01-11,6.724512282458241,7.966457056700559
2023-01-12,6.760854635298245,8.010053924834532
2023-01-13,6.807372062262483,8.063160023093321
2023-01-17,6.821183786044923,8.07703669478199
2023-01-18,6.732506875770904,7.978115940535165
2023-01-19,6.666362858030962,7.905906572049078
2023-01-20,6.848802706656775,8.108630101308915
2023-01-23,7.00095348879128,8.278574611595682
2023-01-24,6.986658890368024,8.264476862061159
2023-01-25,6.971154841860029,8.247579853932413
2023-01-26,7.107074245555393,8.397674104743531
2023-01-27,7.177819907745476,8.476196781771453
2023-01-30,7.032692688196801,8.313529559522728
2023-01-31,7.138085360537596,8.432680580121062
2023-02-01,7.290723544263472,8.605946604190587
2023-02-02,7.552387277529967,8.910716430600369
2023-02-03,7.418164725510713,8.752793129636178
2023-02-06,7.355410638664607,8.679539837869786
2023-02-07,7.50780663057914,8.857493231297482
2023-02-08,7.374311408493506,8.701576176502673
2023-02-09,7.309135403514186,8.624959140237141
2023-02-10,7.261166334653867,8.56900231317331
2023-02-13,7.377459902065698,8.704892876281034
2023-02-14,7.43197267683477,8.768521179904722
2023-02-15,7.4889081242267554,8.834652037485375
2023-02-16,7.348384812604736,8.6702989150982
2023-02-17,7.296537656764564,8.61001336480268
2023-02-21,7.123790007619695,8.407674493149113
2023-02-22,7.1291219999696676,8.413846313816421
2023-02-23,7.1913879307322315,8.486663014490723
2023-02-24,7.070973330034561,8.345607019183113
2023-02-27,7.121610281300295,8.404858358449601
2023-02-28,7.112403974428853,8.394160540810123
2023-03-01,7.05522633522305,8.32726859186455
2023-03-02,7.113614179005763,8.390953460674194
2023-03-03,7.260678933060022,8.557253354925162
2023-03-06,7.268916472678671,8.564784963859632
2023-03-07,7.179759705727573,8.462976349729463
2023-03-08,7.215617674942418,8.502821220564924
2023-03-09,7.0905984118283945,8.368080626485261
2023-03-10,6.991019851988693,8.266179210812526
2023-03-13,7.042868516813206,8.329150203899074
2023-03-14,7.2047137619026955,8.504510971749538
2023-03-15,7.242508511130953,8.550278722383057
2023-03-16,7.433425827712719,8.759443626889432
2023-03-17,7.3982951884314945,8.72853086997908
2023-03-20,7.424551497159158,8.756974709136708
2023-03-21,7.530592277810011,8.866523588297696
2023-03-22,7.428189655801706,8.758737268365675
2023-03-23,7.516275799128629,8.857310642319
2023-03-24,7.543939234746428,8.887372206014712
2023-03-27,7.492252031132774,8.826630293797185
2023-03-28,7.452457124593246,8.78550059331511
2023-03-29,7.588344839639681,8.93352046686112
2023-03-30,7.660169424862875,9.014694171362764
2023-03-31,7.787563827627656,9.154277411729854
2023-04-03,7.768635896102855,9.135509115772985
2023-04-04,7.7424316472954295,9.10513522551058
2023-04-05,7.665993345754774,9.016515930575613
2023-04-06,7.717678285894388,9.076578629833067
2023-04-10,7.713311288338824,9.071026540664587
2023-04-11,7.663810601469164,9.013619496801908
2023-04-12,7.596110067495546,8.934942269829289
2023-04-13,7.744858092379199,9.108490917620166
2023-04-14,7.730297912899659,9.09074302942677
2023-04-17,7.736850672707046,9.098142262863234
2023-04-18,7.737335056334679,9.098820842979038
2023-04-19,7.733695388710261,9.094485100583974
2023-04-20,7.6747303588321145,9.026131581627368
2023-04-21,7.682737778501793,9.035076409546017
2023-04-24,7.666721430178092,9.016710585038087
2023-04-25,7.522098965528357,8.848659829207977
2023-04-26,7.567717038470086,8.901273246061749
2023-04-27,7.77349104974196,9.140882027947917
2023-04-28,7.827118805829881,9.20353744742578
2023-05-01,7.818138846446553,9.192540783702459
2023-05-02,7.749952419865908,9.11401896602465
2023-05-03,7.699237755963428,9.055296234593051
2023-05-04,7.672060967444828,9.023837644408252
2023-05-05,7.835125471009863,9.213232157159533
2023-05-08,7.854537786159824,9.235655079889415
2023-05-09,7.804794907476348,9.177912351351525
2023-05-10,7.889722748840274,9.276971481739563
2023-05-11,7.9154463864784494,9.306722315521645
2023-05-12,7.887053357452991,9.273547138185338
2023-05-15,7.929761356177963,9.323071988329186
2023-05-16,7.9387398065769474,9.332868259506094
2023-05-17,8.03483035160734,9.444524831850806
2023-05-18,8.184062760116152,9.617633147630341
2023-05-19,8.165621475693023,9.596388472474178
2023-05-22,8.193043473989178,9.628195064196218
2023-05-23,8.08918619211858,9.507401029957895
2023-05-24,8.047692170426428,9.458729369982045
2023-05-25,8.243515191588143,9.686117759498249
2023-05-26,8.454139829551043,9.9313999146865
2023-05-30,8.492480830717977,9.976312008985738
2023-05-31,8.444192611899267,9.920441025335679
2023-06-01,8.541742343742504,10.034176614119517
2023-06-02,8.605801701107362,10.108104632789281
2023-06-05,8.611867059323377,10.11538814193682
2023-06-06,8.610411644968911,10.113824364582548
2023-06-07,8.464331502490673,9.943486147284132
2023-06-08,8.569403515886261,10.066388799662748
2023-06-09,8.602162787975113,10.104306804960475
2023-06-12,8.74751107357165,10.27333129911349
2023-06-13,8.814728732901976,10.351068113287932
2023-06-14,8.878789599251176,10.42569858673949
2023-06-15,8.984588942577911,10.549217812387043
2023-06-16,8.928048094307021,10.483444606626579
2023-06-20,8.915269269567403,10.468208375655935
2023-06-21,8.793774236857226,10.327049008653109
2023-06-22,8.897529662358915,10.447063439872998
2023-06-23,8.809325063847682,10.34463138785822
2023-06-26,8.69123127940649,10.207535300961743
2023-06-27,8.840669664129635,10.381095441895694
2023-06-28,8.857922624236451,10.400989463191271
2023-06-29,8.840183017027963,10.380079790940352
2023-06-30,8.976501546794976,10.539097279486613
2023-07-03,8.997642402272449,10.563690219161977
2023-07-05,8.997397192492421,10.56325756252695
2023-07-06,8.928874262643342,10.483163113238675
2023-07-07,8.899229532003712,10.448823547083059
2023-07-10,8.902146396645065,10.45221909641203
2023-07-11,8.94612873173203,10.503698965984745
2023-07-12,9.059118380295708,10.635873583293728
2023-07-13,9.212929044017143,10.814892382715604
2023-07-14,9.210984719084491,10.812377767431085
2023-07-17,9.297003555346375,10.912250488986775
2023-07-18,9.373058575138609,11.001049650720075
2023-07-19,9.370871303902446,10.998837119222284
2023-07-20,9.15485506875257,10.747658081812123
2023-07-21,9.1273983638388,10.715791319405175
2023-07-24,9.141976651118082,10.732502141108895
2023-07-25,9.203938521750839,10.80471305462095
2023-07-26,9.173322760384377,10.769355845340776
2023-07-27,9.151453820483585,10.742873248857173
2023-07-28,9.318142901839506,10.936941711168764
2023-07-31,9.323004091411034,10.942721954474722
2023-08-01,9.301378097816231,10.916830726259253
2023-08-02,9.097266231607799,10.679317828316918
2023-08-03,9.082686435346648,10.661759009188614
2023-08-04,9.040164041562228,10.612634283476284
2023-08-07,9.116704953966437,10.701351239810831
2023-08-08,9.039190747361355,10.611284711218671
2023-08-09,8.939809864329522,10.495712871224606
2023-08-10,8.95633398552085,10.514609567718129
2023-08-11,8.899229532003712,10.448265722554726
2023-08-14,8.999099325608784,10.564133349652359
2023-08-15,8.90360558345791,10.452777290390953
2023-08-16,8.809325063847686,10.342929219677114
2023-08-17,8.713100973796982,10.230951784446074
2023-08-18,8.702167635584843,10.218364320474722
2023-08-21,8.842371042756302,10.38117506481898
2023-08-22,8.8297363259175,10.366714451356081
2023-08-23,8.968967947867482,10.529356083917044
2023-08-24,8.777251624650246,10.306374503301074
2023-08-25,8.845286398413311,10.385561107899974
2023-08-28,8.911866512316555,10.463087467070117
2023-08-29,9.106500454667314,10.689844917975282
2023-08-30,9.157285286292247,10.748919814247575
2023-08-31,9.184742745698186,10.78076308290225
2023-09-01,9.175021121042352,10.769176866612668
2023-09-05,9.186687070628363,10.782063611036136
2023-09-06,9.105770106769954,10.687911856052782
2023-09-07,9.040650688663899,10.61250158431376
2023-09-08,9.053286159994872,10.627354593694797
2023-09-11,9.159959204630082,10.75131263679595
2023-09-12,9.058388786888045,10.633223215582067
2023-09-13,9.092892443627639,10.67336672020227
2023-09-14,9.167246839285381,10.759847365061296
2023-09-15,9.01027711910878,10.577575262402917
2023-09-18,9.019669785412944,10.588781976794046
2023-09-19,9.000446093169746,10.566229045837474
2023-09-20,8.870745963982019,10.415582349020912
2023-09-21,8.708193005742993,10.225873327208499
2023-09-22,8.709410000742023,10.227514896895714
2023-09-25,8.750778022330628,10.275033661169438
2023-09-26,8.619373496550027,10.121639444714193
2023-09-27,8.639571237488742,10.144426879480621
2023-09-28,8.711843236247914,10.228089329655885
2023-09-29,8.718169648567185,10.235101565559438
2023-10-02,8.790929048920201,10.318581699975274
2023-10-03,8.63665135488118,10.138985850545142
2023-10-04,8.754186061024207,10.275783809921235
2023-10-05,8.728389992189538,10.245645123096267
2023-10-06,8.8746398952851,10.415736736027894
2023-10-09,8.919901093684613,10.469485412907938
2023-10-10,8.969298415201022,10.526933003694216
2023-10-11,9.033296658744534,10.602075864189171
2023-10-12,9.001906034472293,10.564910462497968
2023-10-13,8.888751906734019,10.435030391077479
2023-10-16,8.989252455344053,10.55153396053142
2023-10-17,8.959807664986332,10.51717025773234
2023-10-18,8.842272958843305,10.380896114876041
2023-10-19,8.759538424647966,10.284775211777692
2023-10-20,8.628864246767195,10.13296784970519
2023-10-23,8.654903261905378,10.163227847211642
2023-10-24,8.739096982913566,10.261562864750397
2023-10-25,8.525201623735784,10.012798416869236
2023-10-26,8.362650174478627,9.824181800605732
2023-10-27,8.402801201068202,9.871045781122495
2023-10-30,8.497460475478768,9.980946407197742
2023-10-31,8.538098903659712,10.028030201924444
2023-11-01,8.686293131685451,10.200675641950676
2023-11-02,8.843976600944012,10.384684734744862
2023-11-03,8.947884433755453,10.505770825811236
2023-11-06,8.984385229837631,10.547730284944016
2023-11-07,9.069312316709388,10.646446093312637
2023-11-08,9.075149818452948,10.653058716488154
2023-11-09,9.005311055199666,10.571553835568098
2023-11-10,9.207772093724751,10.806601262503305
2023-11-13,9.179057651264388,10.773303855340808
2023-11-14,9.376649955298708,11.004024056842807
2023-11-15,9.383706715515338,11.011863391844328
2023-11-16,9.391740542393695,11.021916725887866
2023-11-17,9.39392705913769,11.024574368904657
2023-11-20,9.508297427382823,11.157450880548554
2023-11-21,9.453059586156645,11.093728462939525
2023-11-22,9.491750671443672,11.1386481103291
2023-11-24,9.478365989923429,11.123141752537595
2023-11-27,9.47009374369211,11.114109964894446
2023-11-28,9.49491425484692,11.143535946052797
2023-11-29,9.485667205427914,11.132989030351272
2023-11-30,9.461819233984277,11.104982900150375
2023-12-01,9.488830788833635,11.137503208723388
2023-12-04,9.4007416275405,11.034197214681006
2023-12-05,9.42434589818845,11.061761702608235
2023-12-06,9.36983689587776,10.99893745106598
2023-12-07,9.500754020064518,11.15104048361705
2023-12-08,9.543096090348639,11.199564023576968
2023-12-11,9.624614384034645,11.293908331452357
2023-12-12,9.701268470182912,11.382930469548553
2023-12-13,9.824639923577326,11.527979283622946
2023-12-14,9.816123222055678,11.51864776684032
2023-12-15,9.863574709660039,11.573219882862237
2023-12-18,9.925702568451737,11.645419489047336
2023-12-19,9.976417232354217,11.704762592275578
2023-12-20,9.828171698897938,11.532242830873155
2023-12-21,9.942526977312017,11.665308891216494
2023-12-22,9.957399516325353,11.68273871892522
2023-12-26,10.018356404108308,11.753968128315211
2023-12-27,10.038751067362721,11.778171917797156
2023-12-28,10.033872524481149,11.772240618045268
2023-12-29,9.990447004215836,11.721553230518252
2024-01-02,9.82138655566754,11.525161648108876
2024-01-03,9.717462878532872,11.404248738448299
2024-01-04,9.667452155319074,11.345894581844734
2024-01-05,9.678918919115345,11.359091862016125
2024-01-08,9.878961057473427,11.591469404917191
2024-01-09,9.89847673797664,11.613949381699602
2024-01-10,9.965565379237209,11.691720280352659
2024-01-11,9.98630107271061,11.715731108107425
2024-01-12,9.99142557986191,11.722131759804117
2024-01-16,9.990447004215838,11.720181690413401
2024-01-17,9.934094024362013,11.654074907611669
2024-01-18,10.075100210627323,11.817917781163024
2024-01-19,10.274900157171588,12.050112089921747
2024-01-22,10.28831879081233,12.065578495865688
2024-01-23,10.331010190721901,12.115193364199987
2024-01-24,10.388337973763415,12.18114046886468
2024-01-25,10.401026259506796,12.196403042479433
2024-01-26,10.339060616415656,12.124418202480573
2024-01-29,10.444936917889438,12.2479389086146
2024-01-30,10.375409005188082,12.167448070370888
2024-01-31,10.172195738509988,11.931655671723298
2024-02-01,10.291976566236485,12.071785999194312
2024-02-02,10.465917066648222,12.272746023301659
2024-02-05,10.452254732209322,12.256023782348931
2024-02-06,10.431274583450538,12.23215064994555
2024-02-07,10.538616107672063,12.356656416060959
2024-02-08,10.558132542667446,12.379091862235164
2024-02-09,10.662056974294284,12.499590455554266
2024-02-12,10.620341886556742,12.451250438821257
2024-02-13,10.454694003650106,12.257845660394963
2024-02-14,10.568622239801988,12.39022524345876
2024-02-15,10.600091331203146,12.427391050951885
2024-02-16,10.503975133456247,12.315881997309178
2024-02-20,10.424687871520181,12.224132557016288
2024-02-21,10.382971274798297,12.175729923185877
2024-02-22,10.686940108257257,12.528639947164441
2024-02-23,10.655469507871759,12.492713436149362
2024-02-26,10.64985835361879,12.485807885773333
2024-02-27,10.6754756079375,12.515610741353049
2024-02-28,10.618632963013317,12.449890861141023
2024-02-29,10.709627671575129,12.555861390439334
2024-03-01,10.870882149719996,12.743931034301777
2024-03-04,10.832092980522441,12.699792499107392
2024-03-05,10.637660487435461,12.474616231878162
2024-03-06,10.704505427897871,12.552807442710572
2024-03-07,10.86697991900798,12.741754217104127
2024-03-08,10.71011658215084,12.560054058309268
2024-03-11,10.670351855275898,12.514020609443957
2024-03-12,10.823311452439153,12.690886506347788
2024-03-13,10.74012195979107,12.59462735488555
2024-03-14,10.713045518659511,12.562631377244388
2024-03-15,10.585698648866888,12.41468545725966
2024-03-18,10.686658682880218,12.531965001290924
2024-03-19,10.713284692507113,12.563018853867144
2024-03-20,10.840309394375133,12.711018015189591
2024-03-21,10.891609543781984,12.770564183309661
2024-03-22,10.904066955086698,12.784873868576362
2024-03-25,10.864493869087203,12.73904541099037
2024-03-26,10.82931720581569,12.698288540198329
2024-03-27,10.866202038138459,12.741995918629
2024-03-28,10.846172548832724,12.719374416379653
2024-04-01,10.86913474710304,12.746090682730406
2024-04-02,10.775332575185551,12.637779322944239
2024-04-03,10.799515540915753,12.666183940950086
2024-04-04,10.634383730285679,12.4743346084701
2024-04-05,10.7596987541181,12.620385924384722
2024-04-08,10.76287365489897,12.62444075242462
2024-04-09,10.802691950678494,12.671169754698772
2024-04-10,10.70839785021908,12.560623127626934
2024-04-11,10.879393569798918,12.759944284425353
2024-04-12,10.705957824286122,12.557987805985762
2024-04-15,10.529833070604433,12.3538880445893
2024-04-16,10.530810137266162,12.354790066463938
2024-04-17,10.402319458160699,12.20571436385507
2024-04-18,10.342959829158984,12.136896626765802
2024-04-19,10.128973930984966,11.888696426126844
2024-04-22,10.230837091479188,12.00613621185825
2024-04-23,10.38351149080455,12.183455294917243
2024-04-24,10.418687399586366,12.224211665708799
2024-04-25,10.36836582582064,12.165934857328224
2024-04-26,10.528367847859164,12.351906815280673
2024-04-29,10.571115080147358,12.40179287553665
2024-04-30,10.371784427397195,12.169217660448588
2024-05-01,10.29679248631237,12.082777634071496
2024-05-02,10.4282128564162,12.235483930161006
2024-05-03,10.637804595336279,12.479198929604644
2024-05-06,10.754323755744053,12.6150888894118
2024-05-07,10.756033433779654,12.617147463105688
2024-05-08,10.749682877728219,12.60969033293069
2024-05-09,10.773132477592377,12.637921702311132
2024-05-10,10.79853771976186,12.667656624516605
2024-05-13,10.823454805847803,12.69617756457935
2024-05-14,10.893072503053222,12.777543056341461
2024-05-15,11.06333561126166,12.976284402850421
2024-05-16,11.040863078056757,12.949987661292592
2024-05-17,11.03548958866705,12.944359216301812
2024-05-20,11.11243566307533,13.033843306210558
2024-05-21,11.13417558490636,13.059241467351214
2024-05-22,11.131976996295048,13.055741354858746
2024-05-23,11.081900632311822,12.996350947845361
2024-05-24,11.186696501773097,13.118267203119117
2024-05-28,11.228955577975274,13.167495092517395
2024-05-29,11.149809405973812,13.074792332720031
2024-05-30,11.030357536598984,12.936578210507186
2024-05-31,11.009837627733194,12.912868045090569
2024-06-03,11.068954310431396,12.98209493996234
2024-06-04,11.099244131414874,13.017078484040434
2024-06-05,11.323001450690922,13.27747759003445
2024-06-06,11.319093938536183,13.273145403566836
2024-06-07,11.309078062146295,13.259373678386178
2024-06-10,11.354757248911843,13.31286304882092
2024-06-11,11.432683407945591,13.403594824300475
2024-06-12,11.58242509830637,13.577588446861615
2024-06-13,11.645204837866508,13.65040386804218
2024-06-14,11.70554077903778,13.721194525084169
2024-06-17,11.84893266783682,13.886997149905008
2024-06-18,11.852596479193402,13.891657003767035
2024-06-20,11.761236596682911,13.786251936016743
2024-06-21,11.729723744765506,13.748872919365786
2024-06-24,11.596185516655794,13.594397211274547
2024-06-25,11.72879496557058,13.747960495282646
2024-06-26,11.753017919356175,13.775295332938075
2024-06-27,11.783356782296154,13.811171642714749
2024-06-28,11.72218788236397,13.739638362619276
2024-07-01,11.790940932162021,13.819129413254883
2024-07-02,11.914741691292674,13.963013369012872
2024-07-03,12.014076550334218,14.07918191362417
2024-07-05,12.139344795686654,14.225396226532824
2024-07-08,12.16821390893081,14.258354543801671
2024-07-09,12.17873604920398,14.270574944131775
2024-07-10,12.305716990558226,14.418283027987686
2024-07-11,12.035850424288222,14.106629989533827
2024-07-12,12.106558361899426,14.188871758167798
2024-07-15,12.139099585906624,14.226215217529361
2024-07-16,12.143748763331397,14.23300007352096
2024-07-17,11.787271084873018,13.819167290606618
2024-07-18,11.73148548272382,13.7539530611539
2024-07-19,11.627502955239372,13.632309938774208
2024-07-22,11.80072744309511,13.833448476121802
2024-07-23,11.75913307401839,13.785232618117968
2024-07-24,11.337330001237149,13.295456229131542
2024-07-25,11.212304702190702,13.149647797481393
2024-07-26,11.327298280524033,13.283947982574855
2024-07-29,11.350051484613804,13.310469668692548
2024-07-30,11.194200675525705,13.130165398733434
2024-07-31,11.525477579047065,13.516049957674682
2024-08-01,11.246314166911857,13.192213481326485
2024-08-02,10.979382573082946,12.931650045223614
2024-08-05,10.652020726630619,12.59088711303029
2024-08-06,10.753802402029713,12.683687743703024
2024-08-07,10.637340582982427,12.565130248604031
2024-08-08,10.96274678712943,12.901901942535739
2024-08-09,11.019997612026371,12.964745573840288
2024-08-12,11.04373014625191,13.001500975226598
2024-08-13,11.317755470386633,13.278989321832839
2024-08-14,11.321426072165336,13.279040107361949
2024-08-15,11.60744026830284,13.565097438543667
2024-08-16,11.622364112746716,13.597805414118428
2024-08-19,11.775037757582378,13.752200894117532
2024-08-20,11.7503258932186,13.732109952538902
2024-08-21,11.805129901757988,13.787813029030328
2024-08-22,11.617962408576012,13.589359935111993
2024-08-23,11.743963265302318,13.72617665881496
2024-08-26,11.629949771596925,13.61530905389759
2024-08-27,11.664692602181649,13.650007158812944
2024-08-28,11.532327608557193,13.512695517820005
2024-08-29,11.51544661282365,13.499433911142745
2024-08-30,11.65270448467104,13.630562437723546
2024-09-03,11.298916568873725,13.279508704253988
2024-09-04,11.269556281577342,13.246429252898146
2024-09-05,11.280077667358341,13.260169146088007
2024-09-06,10.977915841353335,12.916945172030864
2024-09-09,11.119086506795716,13.078204491727343
2024-09-10,11.221848266820277,13.195984090908944
2024-09-11,11.46553397352285,13.471304902399481
2024-09-12,11.57808073549863,13.60142721518479
2024-09-13,11.629949771596927,13.662900362522791
2024-09-16,11.578569646076819,13.605931580062713
2024-09-17,11.584686309720901,13.611538161673206
2024-09-18,11.534530724116587,13.552112194236505
2024-09-19,11.82617191883029,13.883824602266603
2024-09-20,11.803662415536206,13.862039938160018
2024-09-23,11.834951183439538,13.89805223286075
2024-09-24,11.892037529159406,13.964816308500323
2024-09-25,11.903063669841819,13.976697544369253
2024-09-26,11.992491299286979,14.078408249155348
2024-09-27,11.92584856258052,14.002685644478682
2024-09-30,11.958189846305809,14.037596902716732
2024-10-01,11.791583759029356,13.852595548117195
2024-10-02,11.808244443207208,13.871423404174989
2024-10-03,11.799422927068528,13.860955870784395
2024-10-04,11.939814202654578,14.023844641992163
2024-10-07,11.811919571936464,13.874503289523807
2024-10-08,11.988325750997666,14.079313650931347
2024-10-09,12.082654558072221,14.188484399058913
2024-10-10,12.068934882270359,14.172797341186039
2024-10-11,12.087799436497301,14.195307936966477
2024-10-14,12.189234800237156,14.313366763138898
2024-10-15,12.026303841692433,14.124480188144174
2024-10-16,12.027773591388257,14.12680454673839
2024-10-17,12.03610317898501,14.136344429868712
2024-10-18,12.11499659628968,14.228709436081287
2024-10-21,12.138272663080608,14.255366808579195
2024-10-22,12.151503428306757,14.271250645667864
2024-10-23,11.965295648478937,14.054219890555485
2024-10-24,12.062319499657283,14.16746727438649
2024-10-25,12.135822828756844,14.252745756591974
2024-10-28,12.137782243520553,14.255058397509378
2024-10-29,12.254407032758094,14.39095662570035
2024-10-30,12.161793939649087,14.283598148836765
2024-10-31,11.854796576786587,13.926072399844514
2024-11-01,11.942509246755897,14.027292091878651
2024-11-04,11.907718883199015,13.987085064155593
2024-11-05,12.059624455553493,14.164158350352906
2024-11-06,12.387202841103129,14.54282745376919
2024-11-07,12.582228364611243,14.770648732692765
2024-11-08,12.596931897501902,14.787969479068284
2024-11-11,12.589580131056572,14.778137171929552
2024-11-12,12.5667944838257,14.750713455011986
2024-11-13,12.550623464718205,14.731183240990664
2024-11-14,12.463400459814308,14.629769024625803
2024-11-15,12.166449153008756,14.284772760580355
2024-11-18,12.25097560482452,14.384143431633886
2024-11-19,12.33526061931864,14.482794962490605
2024-11-20,12.328154817145512,14.47477508649193
2024-11-21,12.372502326181156,14.526980281443931
2024-11-22,12.39234922851255,14.550648320387701
2024-11-25,12.411947903097706,14.572542893018735
2024-11-26,12.478590639804166,14.65025410236185
2024-11-27,12.380341494220326,14.536324313867938
2024-11-29,12.489124851944654,14.66349789429379
2024-12-02,12.625106123953534,14.820841464089977
2024-12-03,12.663819089496215,14.865630316086566
2024-12-04,12.82038062970006,15.04797552096336
2024-12-05,12.784851618836884,15.006399711372207
2024-12-06,12.89927178353069,15.139243265287156
2024-12-09,12.798817258910946,15.022653618410434
2024-12-10,12.755209151671293,14.972470305352346
2024-12-11,12.983556043532639,15.238015598431073
2024-12-12,12.899763712072616,15.139625870736939
2024-12-13,12.998504031711153,15.253531700130095
2024-12-16,13.185688878198226,15.471032292358595
2024-12-17,13.127620184376378,15.4034171743838
2024-12-18,12.654017488729597,14.851557047576629
2024-12-19,12.597665263365469,14.785892829731747
2024-12-20,12.707673161005593,14.914634173188995
2024-12-23,12.83148221954518,15.058095234289908
2024-12-24,13.005475534371799,15.260559505140542
2024-12-26,12.99663741941772,15.250613910471388
2024-12-27,12.82387241696528,15.049333377962235
2024-12-30,12.653318074986524,14.851140567298177
2024-12-31,12.545830179390142,14.726430386534956
2025-01-02,12.521289584628027,14.69880677901254
2025-01-03,12.726201966458746,14.936631038527795
2025-01-06,12.872463186929453,15.106267181963817
2025-01-07,12.642764246064422,14.839410366438786
2025-01-08,12.644974152050883,14.842306665458704
2025-01-10,12.446687715716218,14.61218532679524
2025-01-13,12.406686078470186,14.564988525718437
2025-01-14,12.394906955140119,14.551750617385231
2025-01-15,12.680066312258587,14.884161877502994
2025-01-16,12.591231713234563,14.781724485449738
2025-01-17,12.80374861620493,15.028546702335252
2025-01-21,12.878844677135179,15.117026428011613
2025-01-22,13.043510966432008,15.308231008505897
2025-01-23,13.07124456977226,15.340296859580972
2025-01-24,12.997378330198059,15.255101945564196
2025-01-27,12.618960789626737,14.81475485568116
2025-01-28,12.805470366105375,15.031730360121605
2025-01-29,12.781420190903315,15.003591775730646
2025-01-30,12.835899013549419,15.06807398240245
2025-01-31,12.8172479804511,15.0462912707252
2025-02-03,12.714668807400878,14.927657616951723
2025-02-04,12.870745963977091,15.109515582537748
2025-02-05,12.929152670051717,15.178253731360584
2025-02-06,12.996637419417723,15.256543494564664
2025-02-07,12.832709022937491,15.065948613297284
2025-02-10,12.988049795683924,15.24749038450772
2025-02-11,12.957129219695483,15.21130639557341
2025-02-12,12.964736004311645,15.219875865936698
2025-02-13,13.151244826298113,15.437580323757015
2025-02-14,13.206461541758339,15.501025619636115
2025-02-18,13.236399769642327,15.536605331313316
2025-02-19,13.24008168879865,15.541050576838517
2025-02-20,13.183881116252103,15.475861171488685
2025-02-21,12.910257181665543,15.158136237931908
2025-02-24,12.75786194424318,14.981270709435645
2025-02-25,12.597120520408662,14.79404713985416
2025-02-26,12.627552185818915,14.829700040257581
2025-02-27,12.276866739603506,14.420704345168009
2025-02-28,12.47073789091828,14.646343339957753
2025-03-03,12.19784581321342,14.32984952223639
2025-03-04,12.161035675561182,14.286972200418717
2025-03-05,12.31956719341171,14.47120759479427
2025-03-06,11.980663888492579,14.076453429691432
2025-03-07,12.068763612671164,14.179183797264336
2025-03-10,11.601022562497633,13.635096095779652
2025-03-11,11.573291977123592,13.603122986678457
2025-03-12,11.703847699820052,13.755082966982071
2025-03-13,11.493288702629052,13.511167421449708
2025-03-14,11.7710887483879,13.83466015561891
2025-03-17,11.847407840252075,13.923919056455068
2025-03-18,11.6454409937479,13.689410381619355
2025-03-19,11.801272186051916,13.87112435574462
2025-03-20,11.761271303298054,13.824600737459608
2025-03-21,11.800043873680211,13.869130106825054
2025-03-24,12.05898992809262,14.16998990400072
2025-03-25,12.127804846204187,14.250073576363423
2025-03-26,11.904645084297353,13.990383679660871
2025-03-27,11.83681326878241,13.912065850643218
2025-03-28,11.525174273411903,13.550241700445518
2025-03-31,11.524683853851847,13.550699893081076
2025-04-01,11.617585162762484,13.658983250566626
2025-04-02,11.702374932158017,13.738580810337178
2025-04-03,11.075906196310429,13.14583136848248
2025-04-04,10.387993171088514,12.462610179855098
2025-04-07,10.413062664481735,12.453731382938681
2025-04-08,10.225539051252188,12.270022953287482
2025-04-09,11.45291887346813,13.48978515318364
2025-04-10,10.965800969249477,13.041782298586917
2025-04-11,11.167824402626916,13.257133095318567
2025-04-14,11.243522547879406,13.33086663594514
2025-04-15,11.256056162838997,13.349790880549083
2025-04-16,10.916647348528752,13.059045686321724
2025-04-17,10.91468114334045,13.052450640903219
2025-04-21,10.644577666699355,12.8103307282038
2025-04-22,10.924020240737562,13.075057790448513
2025-04-23,11.17175756749569,13.294707699753898
2025-04-24,11.486098397394583,13.611938724832251
2025-04-25,11.614144680927804,13.725119432560763
2025-04-28,11.610456725841532,13.739889220532813
2025-04-29,11.6871379736857,13.808936470325623
2025-04-30,11.685663697041797,13.795578888241598
2025-05-01,11.838286036444444,13.917917251220574
2025-05-02,12.014013173036355,14.055390561730997
2025-05-05,11.942739366704863,14.04177714404376
2025-05-06,11.83165103704976,14.007019961231508
2025-05-07,11.878101314257755,14.02468074230503
2025-05-08,12.000741665262641,14.079784246177635
2025-05-09,11.992877599001606,14.087010557769364
2025-05-12,12.481469025374466,14.420366023381282
2025-05-13,12.67169749109861,14.57323525659694
2025-05-14,12.747638582654616,14.590037202584055
2025-05-15,12.761647983242451,14.643947480631338
2025-05-16,12.817192148070003,14.676781040898446
2025-05-19,12.829479798759868,14.707571592409828
2025-05-20,12.786718231130315,14.70262743383267
2025-05-21,12.609024134857933,14.556538617017807
2025-05-22,12.632618597115076,14.55751976481586
2025-05-23,12.515631651895067,14.510130526898775
2025-05-27,12.81006522013339,14.72624795916523
2025-05-28,12.753289724965448,14.668848907846069
2025-05-29,12.778359972850842,14.70837215679049
2025-05-30,12.758204483444032,14.6891423568298
2025-06-02,12.858974385563785,14.8059184447749
2025-06-03,12.95949228748139,14.915414549940333
2025-06-04,12.995621873682468,14.957005727244335
2025-06-05,12.897803542819208,14.845276401692857
2025-06-06,13.023883621164128,14.988071540244793
2025-06-09,13.043056762468956,15.010083160409167
2025-06-10,13.129320808510869,15.108546954517756
2025-06-11,13.085080437284386,15.058519309434972
2025-06-12,13.115801827480615,15.094622431686915
2025-06-13,12.95113553818626,14.907431984376252
2025-06-16,13.13128701369917,15.111665921637911
2025-06-17,13.003240730163474,14.965962729973116
2025-06-18,13.001028560705448,14.96325417849917
2025-06-20,12.947944038589991,14.902756384342828
2025-06-23,13.081078613679976,15.054913725654103
2025-06-24,13.281115470595331,15.282241923858145
2025-06-25,13.31506759395105,15.320895524815805
2025-06-26,13.439567766824773,15.46292536556934
2025-06-27,13.4855796843979,15.51425382997706
2025-06-30,13.57292718041853,15.614660439732848
2025-07-01,13.45851456064149,15.484966652540352
2025-07-02,13.55225561873516,15.59180472197846
2025-07-03,13.685615032328915,15.743308825243513
2025-07-07,13.582522804970816,15.625760172013512
2025-07-08,13.59014920636859,15.633676718733033
2025-07-09,13.68635292514304,15.743866820957958
2025-07-10,13.666672765462756,15.721745530451216
2025-07-11,13.635913650685175,15.68693372146986
2025-07-14,13.685370577041061,15.743064076862154
2025-07-15,13.697917772849838,15.756808674634138
2025-07-16,13.711943772255546,15.77312622983693
2025-07-17,13.822909874265486,15.899424926134571
2025-07-18,13.809623276660716,15.884776033139095
2025-07-21,13.881223023377665,15.967434353288603
2025-07-22,13.809377312388516,15.886496814196947
2025-07-23,13.872365291639502,15.957310695488353
2025-07-24,13.90189156709235,15.990540372872047
2025-07-25,13.935351761906146,16.0283100922252
2025-07-28,13.978905545746574,16.077237073532615
2025-07-29,13.957250126979353,16.053331874114576
2025-07-30,13.97595095652387,16.07366955244912
2025-07-31,13.901891567092354,15.989809718424555
2025-08-01,13.62804128501768,15.679527538592236
2025-08-04,13.87949976449288,15.966598382427406
2025-08-05,13.7852637598886,15.85922319859193
2025-08-06,13.958727421591943,16.05641724060186
2025-08-07,14.005969160521119,16.110807990857772
2025-08-08,14.136618440180026,16.25941851438321
2025-08-11,14.094790933188126,16.210984621955333
2025-08-12,14.271945567943954,16.412591334592186
2025-08-13,14.27908154978167,16.42113572324378
2025-08-14,14.26801013960114,16.40788722285919
2025-08-15,14.205266615638012,16.336297196402093
2025-08-18,14.199607928412883,16.32962234677095
2025-08-19,14.006953017607442,16.110280808797807
2025-08-20,13.923789932165564,16.016247587847438
2025-08-21,13.859326167286332,15.942404921684222
2025-08-22,14.073138532384643,16.186781036879676
2025-08-25,14.032542355733131,16.14018476773411
2025-08-26,14.088884772706455,16.20476252058533
2025-08-27,14.110538682491805,16.229517655147895
2025-08-28,14.198870035598755,16.330567231318557
2025-08-29,14.034510069905775,16.1437571928051
2025-09-02,13.916899914600043,16.010951299248777
2025-09-03,14.026390230981736,16.136349835579907
2025-09-04,14.153350046570027,16.280883035676553
2025-09-05,14.173771117030645,16.305205929576
2025-09-08,14.242911221033024,16.38477176081557
2025-09-09,14.283262942396677,16.430599175192548
2025-09-10,14.287939281519824,16.43654857604816
2025-09-11,14.371100857977359,16.53142648751522
2025-09-12,14.434582274754609,16.60384526877287
2025-09-15,14.558098590542011,16.74519967291786
2025-09-16,14.545794341036748,16.731079045097456
2025-09-17,14.516761503110166,16.69754884487442
2025-09-18,14.64765825602314,16.846119097373254
2025-09-19,14.746815055038423,16.95973335908806
2025-09-22,14.834115772579068,17.060228066200338
2025-09-23,14.735582183649507,16.948570087329685
2025-09-24,14.683852728503947,16.889162106859054
2025-09-25,14.620547862768612,16.81715921279425
2025-09-26,14.680649157042835,16.886213791239737
2025-09-29,14.748637906818084,16.96487293279717
2025-09-30,14.789037915646066,17.01133637676751
2025-10-01,14.859979745659677,17.09245776123338
2025-10-02,14.921069423970776,17.16188481081266
2025-10-03,14.858256486777366,17.090997791767325
2025-10-06,14.96984428989116,17.219190645416774
2025-10-07,14.89101802234026,17.12996895449035
2025-10-08,15.061726280610639,17.32550048472314
2025-10-09,15.043499271808304,17.303573496922787
2025-10-10,14.521273363058722,16.709882991249877
2025-10-13,14.829434906505371,17.062496629855932
2025-10-14,14.730656862287953,16.950677570164675
2025-10-15,14.83460921010534,17.070254202893125
2025-10-16,14.779677692480535,17.00906866659667
2025-10-17,14.876730968833769,17.118446145097845
2025-10-20,15.064188941291418,17.33426165173077
2025-10-21,15.060248985998049,17.325959792658065
2025-10-22,14.915158736538555,17.16062445738992
2025-10-23,15.04054166461939,17.30346899948066
2025-10-24,15.201148788943897,17.486442196101997
2025-10-27,15.471870948722636,17.793176429200706
2025-10-28,15.59084673387877,17.927954659234935
2025-10-29,15.661052180062601,18.00738695190031
2025-10-30,15.421617279205325,17.735855198063454
2025-10-31,15.49601015393659,17.8200422115322
2025-11-03,15.57015555541379,17.904532374109024
2025-11-04,15.254112592396062,17.54364058523635
2025-11-05,15.353384074139747,17.65709017487552
2025-11-06,15.067392512752537,17.331578414682134
2025-11-07,15.01984897717007,17.278018266270784
2025-11-10,15.352151234817489,17.658097125426274
2025-11-11,15.31126080642945,17.611921804390448
2025-11-12,15.299190449331538,17.599254974530997
2025-11-13,14.98684147733498,17.24259810594644
2025-11-14,14.9981724326369,17.254301668943008
2025-11-17,14.870080879605561,17.107952371667125
2025-11-18,14.689025523119588,16.9021298109681
2025-11-19,14.776720085291627,17.001903799344667
2025-11-20,14.426928711658475,16.60349178130484
2025-11-21,14.535314452295497,16.726967824103003
2025-11-24,14.907029843715891,17.151725990476592
2025-11-25,14.998913343417238,17.256395652167257
2025-11-26,15.13143828926821,17.408167099560874
2025-11-28,15.254112592396067,17.548664253578632
2025-12-01,15.202873556810562,17.489886850260564
2025-12-02,15.321852359932908,17.62490665503993
2025-12-03,15.359296270553846,17.66752738946415
2025-12-04,15.345007708063012,17.65112349084318
2025-12-05,15.407577698950433,17.72199525643645
2025-12-08,15.378016716882444,17.687867861578688
2025-12-09,15.39698312748077,17.70982583641116
2025-12-10,15.460045046910116,17.781987392726695
2025-12-11,15.410041868615554,17.725829526480073
2025-12-12,15.115426467895063,17.39036370752735
2025-12-15,15.039556298551208,17.30419155354294
2025-12-16,15.069361735907055,17.338220153097573
2025-12-17,14.79002177272993,17.0204165114431
2025-12-18,15.004330593323191,17.264783464048396
2025-12-19,15.199918967587857,17.487352696277767
2025-12-22,15.27277871532544,17.57175504338416
2025-12-23,15.344306030845896,17.65413252756366
2025-12-24,15.38919828284082,17.705280253949347
2025-12-26,15.388209898803943,17.704812614601156
2025-12-29,15.31372195812836,17.617392561839168
2025-12-30,15.27820351014816,17.57700097831699
2025-12-31,15.151919719060473,17.43244964097898
2026-01-02,15.122569994647067,17.399504902576677
2026-01-05,15.242686571149827,17.537865725939465
2026-01-06,15.376617889398766,17.691129949553165
2026-01-07,15.39141799721561,17.707136560665536
2026-01-08,15.303856225571712,17.607673209050613
2026-01-09,15.456286169609218,17.782150803071424
2026-01-12,15.469111018339122,17.797889240846768
2026-01-13,15.4461729637985,17.771834589035436
2026-01-14,15.281164135303289,17.584801577985413
2026-01-15,15.336168084124589,17.647270776682657
2026-01-16,15.323341726412812,17.63213466487434
2026-01-20,14.997765007156316,17.2630742567096
2026-01-21,15.200510489024651,17.495228882991793
2026-01-22,15.311008806224832,17.62227118395343
2026-01-23,15.359352102934936,17.678208868222818
2026-01-26,15.426934936213941,17.75638948056765
2026-01-27,15.566784486809397,17.917322209400332
2026-01-28,15.618334372946828,17.97839329244754
2026-01-29,15.524854368956415,17.872084476981993
2026-01-30,15.33838779849938,17.653018569010243
2026-02-02,15.44370728515151,17.77023789462344
2026-02-03,15.206430230355508,17.504147346690107
2026-02-04,14.940788817214294,17.201236418707467
2026-02-05,14.725711924144793,16.95483563923248
2026-02-06,15.03698197310824,17.31155512989983
2026-02-09,15.152167192314547,17.444436864602448
2026-02-10,15.081871207134482,17.364326658343213
2026-02-11,15.122322521393007,17.411137976129446
2026-02-12,14.81475099039881,17.05907307971093
2026-02-13,14.84632193817135,17.097170400475765
2026-02-17,14.831028392828243,17.077890093075624
2026-02-18,14.941774183284963,17.20508684426103
2026-02-19,14.884552029070742,17.140243632709137
2026-02-20,15.016263632944888,17.291609282126537
2026-02-23,14.833741544731774,17.085411175533178
2026-02-24,14.993078105150197,17.26651862611026
2026-02-25,15.210376221581305,17.51418970853536
2026-02-26,15.026868767297527,17.30556526701548
2026-02-27,14.978771434859619,17.251896126303798
2026-03-02,14.998504408954785,17.27481468449427
2026-03-03,14.8379365181935,17.08888662957376
2026-03-04,15.064113492128723,17.347225332389904
2026-03-05,15.01872780260753,17.294540505606818
2026-03-06,14.792798301928848,17.037762105777727
2026-03-09,14.990364953249133,17.2631831148714
2026-03-10,14.990612426503201,17.263758288609473
2026-03-11,14.988638676398134,17.260843716713797
2026-03-12,14.731384192219108,16.966464508394765
2026-03-13,14.644068384847408,16.866182372232565
2026-03-16,14.808337811544154,17.053758688932625
2026-03-17,14.880606037844943,17.136019272093375
2026-03-18,14.673175162954825,16.89738206183764
2026-03-19,14.626804107365443,16.84216780002977
2026-03-20,14.356475792218102,16.53106585212587
2026-03-23,14.52127336305873,16.717949380726854
2026-03-24,14.421994336398281,16.60479368177925
2026-03-25,14.516827898371778,16.714943268638706
2026-03-26,14.17034119807895,16.31763324287908
2026-03-27,13.893500111182087,16.004000307995923
2026-03-30,13.787306923223955,15.883328227056177
2026-03-31,14.254061098344952,16.417742921511636
2026-04-01,14.430144354986906,16.61958889766597
2026-04-02,14.446690356433884,16.6338074915986
2026-04-06,14.533621373075293,16.728605926660013
2026-04-07,14.53584410541877,16.733527571669455
2026-04-08,14.968024456080194,17.213518885983504
2026-04-09,15.06927874182758,17.327426293028623
2026-04-10,15.091011118741847,17.35051825479988
2026-04-13,15.247089784302403,17.521195149378862
2026-04-14,15.52393087120174,17.83264063043379
2026-04-15,15.741257658313092,18.068422298510594
2026-04-16,15.817073504260193,18.15155396942021
2026-04-17,16.024026031457574,18.383600994370532
2026-04-20,15.973152169820748,18.32474808846046
2026-04-21,15.912400503762429,18.248735738612922
2026-04-22,16.17862438443933,18.545141838717797
2026-04-23,16.087495376367507,18.444271693253
2026-04-24,16.395208751788477,18.784399384842
2026-04-27,16.40385220790337,18.791342982987754
2026-04-28,16.238882612973853,18.60540040050978
2026-04-29,16.33816013064996,18.709951678496903
2026-04-30,16.49053424230637,18.883275916481825
2026-05-01,16.64883714919227,19.05682182526253
2026-05-04,16.61747293212871,19.019078505917555
2026-05-05,16.833068915440986,19.26409570568287
2026-05-06,17.18276522312735,19.66228395039307
2026-05-07,17.162267194519686,19.638803337383575
2026-05-08,17.56456514967822,20.094859441858283
2026-05-11,17.615439011315047,20.1526545831184
2026-05-12,17.46602854278245,19.982985833220617
2026-05-13,17.6505092912671,20.191233763056513
2026-05-14,17.775963141560084,20.33295470570918
2026-05-15,17.507765510778114,20.026694359939608
2026-05-18,17.432441593375408,19.94159580140163
2026-05-19,17.325015566092542,19.818769910029285
2026-05-20,17.611983439649308,20.145168461905424
2026-05-21,17.645568880074478,20.18345141189436
2026-05-22,17.720397850966574,20.26801408071954
2026-05-26,18.03502689666957,20.624437469988884
2026-05-27,18.014528868061905,20.600306842901258
2026-05-28,18.166408033210182,20.772925900346383
2026-05-29,18.23333445877019,20.84939994475156
2026-06-01,18.3427387631062,20.971614353520433
2026-06-02,18.427198065168195,21.06778967765085
2026-06-03,18.37904188238051,21.01236019908268
2026-06-04,18.29013560665216,20.91251986063947
2026-06-05,17.412191038021803,19.916149288476348
2026-06-08,17.68409473169226,20.22366279157364
2026-06-09,17.480599285142482,19.992524663395834
2026-06-10,17.131397923964254,19.59420446896631
2026-06-11,17.710025100036937,20.251898416024446
2026-06-12,17.814243028908134,20.3701094976519
2026-06-15,18.37385550691569,21.005554241675846
2026-06-16,18.02465263675559,20.610876340583232
2026-06-17,17.84313704037662,20.403530463813567
2026-06-18,18.290383079906224,20.909883909207704
2026-06-22,18.24447226421231,20.85730987322503
2026-06-23,17.643699249814823,20.176217245986866
2026-06-24,17.56878728484078,20.089905948777194
2026-06-25,17.71119305307946,20.251928813557697
2026-06-26,17.467422843313074,19.976956667502126
2026-06-29,17.901561854246033,20.467524153679758
2026-06-30,18.206151634319152,20.811607528722813
2026-07-01,17.928509277310308,20.497392883316106
2026-07-02,17.617738701803077,20.33508660617415
2026-07-06,17.8704104038214,20.538451388046465
2026-07-07,17.53936663821522,20.260818151226367
2026-07-08,17.589060474942197,20.268346635506205
2026-07-09,17.881783610655223,20.507094602520887
2026-07-10,17.936915823051635,20.544557605581563
2026-07-13,17.596477127667253,20.22691787523076
2026-07-14,17.793026724267943,20.40683454542338
2026-07-15,17.74481621808598,20.366809910617473
2026-07-16,17.4530829753917,20.10751916203996
2026-07-17,17.190770379322974,19.93911264316235
2026-07-20,17.208817819117176,19.935890572360503
2026-07-21,17.527993431381393,20.217315509402702
2026-07-22,17.43849563421378,20.19510193773067
2026-07-23,17.107453377591945,19.900851835249682
2026-07-24,16.91634215666069,19.76566643623472
2026-07-27,16.864176605351826,19.74237622739076
2026-07-28,16.700261789720784,19.58905041167394
2026-07-29,16.36007056759047,19.31955287569121
2026-07-30,16.899530574157428,19.76129526400785
2026-07-31,17.009301561426458,19.794930233914606
2026-08-03,17.30795801931706,20.020805282173548
2026-08-04,17.89587449633818,20.661092152788513
2026-08-05,17.73393795776276,20.499568973226207
2026-08-06,17.668422431551267,20.426446920956348
2026-08-07,17.875602815221104,20.662996376864356
2026-08-10,17.82219989763943,20.605919684880273
