date,QQQ,TLT,IAU,XLU,BIL
2007-05-30,0.0,0.0015,0.0034999999999999996,0.001,0.994
2007-05-31,0.0,0.0015,0.0034999999999999996,0.001,0.994
2007-06-01,0.0,0.0015,0.0034999999999999996,0.001,0.994
2007-06-04,0.0,0.0015,0.0034999999999999996,0.001,0.994
2007-06-05,0.0,0.0015,0.0034999999999999996,0.001,0.994
2007-06-06,0.0,0.0015,0.0034999999999999996,0.001,0.994
2007-06-07,0.0,0.0015,0.0034999999999999996,0.001,0.994
2007-06-08,0.0,0.0015,0.0034999999999999996,0.001,0.994
2007-06-11,0.0,0.0015,0.0034999999999999996,0.001,0.994
2007-06-12,0.0,0.0015,0.0034999999999999996,0.001,0.994
2007-06-13,0.0,0.0015,0.0034999999999999996,0.001,0.994
2007-06-14,0.0,0.0015,0.0034999999999999996,0.001,0.994
2007-06-15,0.0,0.0015,0.0034999999999999996,0.001,0.994
2007-06-18,0.0,0.0015,0.0034999999999999996,0.001,0.994
2007-06-19,0.0,0.0015,0.0034999999999999996,0.001,0.994
2007-06-20,0.0,0.0015,0.0034999999999999996,0.001,0.994
2007-06-21,0.0,0.0015,0.0034999999999999996,0.001,0.994
2007-06-22,0.0,0.0015,0.0034999999999999996,0.001,0.994
2007-06-25,0.0,0.0015,0.0034999999999999996,0.001,0.994
2007-06-26,0.0,0.0015,0.0034999999999999996,0.001,0.994
2007-06-27,0.0,0.0015,0.0034999999999999996,0.001,0.994
2007-06-28,0.0,0.0015,0.0034999999999999996,0.001,0.994
2007-06-29,0.0,0.0015,0.0034999999999999996,0.001,0.994
2007-07-02,0.0,0.0015,0.0034999999999999996,0.001,0.994
2007-07-03,0.99,0.0015,0.0034999999999999996,0.001,0.004
2007-07-05,0.99,0.0015,0.0034999999999999996,0.001,0.004
2007-07-06,0.99,0.0015,0.0034999999999999996,0.001,0.004
2007-07-09,0.99,0.0015,0.0034999999999999996,0.001,0.004
2007-07-10,0.99,0.0015,0.0034999999999999996,0.001,0.004
2007-07-11,0.99,0.0015,0.0034999999999999996,0.001,0.004
2007-07-12,0.99,0.0015,0.0034999999999999996,0.001,0.004
2007-07-13,0.99,0.0015,0.0034999999999999996,0.001,0.004
2007-07-16,0.99,0.0015,0.0034999999999999996,0.001,0.004
2007-07-17,0.99,0.0015,0.0034999999999999996,0.001,0.004
2007-07-18,0.99,0.0015,0.0034999999999999996,0.001,0.004
2007-07-19,0.99,0.0015,0.0034999999999999996,0.001,0.004
2007-07-20,0.99,0.0015,0.0034999999999999996,0.001,0.004
2007-07-23,0.99,0.0015,0.0034999999999999996,0.001,0.004
2007-07-24,0.99,0.0015,0.0034999999999999996,0.001,0.004
2007-07-25,0.99,0.0015,0.0034999999999999996,0.001,0.004
2007-07-26,0.99,0.0015,0.0034999999999999996,0.001,0.004
2007-07-27,0.99,0.0015,0.0034999999999999996,0.001,0.004
2007-07-30,0.99,0.0015,0.0034999999999999996,0.001,0.004
2007-07-31,0.99,0.0015,0.0034999999999999996,0.001,0.004
2007-08-01,0.99,0.0015,0.0034999999999999996,0.001,0.004
2007-08-02,0.99,0.0015,0.0034999999999999996,0.001,0.004
2007-08-03,0.99,0.0015,0.0034999999999999996,0.001,0.004
2007-08-06,0.99,0.0015,0.0034999999999999996,0.001,0.004
2007-08-07,0.99,0.0015,0.0034999999999999996,0.001,0.004
2007-08-08,0.99,0.0015,0.0034999999999999996,0.001,0.004
2007-08-09,0.99,0.0015,0.0034999999999999996,0.001,0.004
2007-08-10,0.99,0.0015,0.0034999999999999996,0.001,0.004
2007-08-13,0.99,0.0015,0.0034999999999999996,0.001,0.004
2007-08-14,0.99,0.0015,0.0034999999999999996,0.001,0.004
2007-08-15,0.99,0.0015,0.0034999999999999996,0.001,0.004
2007-08-16,0.99,0.0015,0.0034999999999999996,0.001,0.004
2007-08-17,0.99,0.0015,0.0034999999999999996,0.001,0.004
2007-08-20,0.99,0.0015,0.0034999999999999996,0.001,0.004
2007-08-21,0.99,0.0015,0.0034999999999999996,0.001,0.004
2007-08-22,0.99,0.0015,0.0034999999999999996,0.001,0.004
2007-08-23,0.99,0.0015,0.0034999999999999996,0.001,0.004
2007-08-24,0.99,0.0015,0.0034999999999999996,0.001,0.004
2007-08-27,0.99,0.0015,0.0034999999999999996,0.001,0.004
2007-08-28,0.99,0.0015,0.0034999999999999996,0.001,0.004
2007-08-29,0.99,0.0015,0.0034999999999999996,0.001,0.004
2007-08-30,0.99,0.0015,0.0034999999999999996,0.001,0.004
2007-08-31,0.99,0.0015,0.0034999999999999996,0.001,0.004
2007-09-04,0.99,0.0015,0.0034999999999999996,0.001,0.004
2007-09-05,0.99,0.0015,0.0034999999999999996,0.001,0.004
2007-09-06,0.99,0.0015,0.0034999999999999996,0.001,0.004
2007-09-07,0.99,0.0015,0.0034999999999999996,0.001,0.004
2007-09-10,0.99,0.0015,0.0034999999999999996,0.001,0.004
2007-09-11,0.99,0.0015,0.0034999999999999996,0.001,0.004
2007-09-12,0.99,0.0015,0.0034999999999999996,0.001,0.004
2007-09-13,0.99,0.0015,0.0034999999999999996,0.001,0.004
2007-09-14,0.99,0.0015,0.0034999999999999996,0.001,0.004
2007-09-17,0.99,0.0015,0.0034999999999999996,0.001,0.004
2007-09-18,0.99,0.0015,0.0034999999999999996,0.001,0.004
2007-09-19,0.99,0.0015,0.0034999999999999996,0.001,0.004
2007-09-20,0.99,0.0015,0.0034999999999999996,0.001,0.004
2007-09-21,0.99,0.0015,0.0034999999999999996,0.001,0.004
2007-09-24,0.99,0.0015,0.0034999999999999996,0.001,0.004
2007-09-25,0.99,0.0015,0.0034999999999999996,0.001,0.004
2007-09-26,0.99,0.0015,0.0034999999999999996,0.001,0.004
2007-09-27,0.99,0.0015,0.0034999999999999996,0.001,0.004
2007-09-28,0.99,0.0015,0.0034999999999999996,0.001,0.004
2007-10-01,0.99,0.0015,0.0034999999999999996,0.001,0.004
2007-10-02,0.99,0.0015,0.0034999999999999996,0.001,0.004
2007-10-03,0.99,0.0015,0.0034999999999999996,0.001,0.004
2007-10-04,0.99,0.0015,0.0034999999999999996,0.001,0.004
2007-10-05,0.99,0.0015,0.0034999999999999996,0.001,0.004
2007-10-08,0.99,0.0015,0.0034999999999999996,0.001,0.004
2007-10-09,0.99,0.0015,0.0034999999999999996,0.001,0.004
2007-10-10,0.99,0.0015,0.0034999999999999996,0.001,0.004
2007-10-11,0.99,0.0015,0.0034999999999999996,0.001,0.004
2007-10-12,0.99,0.0015,0.0034999999999999996,0.001,0.004
2007-10-15,0.99,0.0015,0.0034999999999999996,0.001,0.004
2007-10-16,0.99,0.0015,0.0034999999999999996,0.001,0.004
2007-10-17,0.99,0.0015,0.0034999999999999996,0.001,0.004
2007-10-18,0.99,0.0015,0.0034999999999999996,0.001,0.004
2007-10-19,0.99,0.0015,0.0034999999999999996,0.001,0.004
2007-10-22,0.99,0.0015,0.0034999999999999996,0.001,0.004
2007-10-23,0.99,0.0015,0.0034999999999999996,0.001,0.004
2007-10-24,0.99,0.0015,0.0034999999999999996,0.001,0.004
2007-10-25,0.99,0.0015,0.0034999999999999996,0.001,0.004
2007-10-26,0.99,0.0015,0.0034999999999999996,0.001,0.004
2007-10-29,0.99,0.0015,0.0034999999999999996,0.001,0.004
2007-10-30,0.99,0.0015,0.0034999999999999996,0.001,0.004
2007-10-31,0.99,0.0015,0.0034999999999999996,0.001,0.004
2007-11-01,0.99,0.0015,0.0034999999999999996,0.001,0.004
2007-11-02,0.99,0.0015,0.0034999999999999996,0.001,0.004
2007-11-05,0.99,0.0015,0.0034999999999999996,0.001,0.004
2007-11-06,0.99,0.0015,0.0034999999999999996,0.001,0.004
2007-11-07,0.99,0.0015,0.0034999999999999996,0.001,0.004
2007-11-08,0.99,0.0015,0.0034999999999999996,0.001,0.004
2007-11-09,0.99,0.0015,0.0034999999999999996,0.001,0.004
2007-11-12,0.99,0.0015,0.0034999999999999996,0.001,0.004
2007-11-13,0.99,0.0015,0.0034999999999999996,0.001,0.004
2007-11-14,0.99,0.0015,0.0034999999999999996,0.001,0.004
2007-11-15,0.99,0.0015,0.0034999999999999996,0.001,0.004
2007-11-16,0.99,0.0015,0.0034999999999999996,0.001,0.004
2007-11-19,0.99,0.0015,0.0034999999999999996,0.001,0.004
2007-11-20,0.99,0.0015,0.0034999999999999996,0.001,0.004
2007-11-21,0.99,0.0015,0.0034999999999999996,0.001,0.004
2007-11-23,0.99,0.0015,0.0034999999999999996,0.001,0.004
2007-11-26,0.99,0.0015,0.0034999999999999996,0.001,0.004
2007-11-27,0.99,0.0015,0.0034999999999999996,0.001,0.004
2007-11-28,0.99,0.0015,0.0034999999999999996,0.001,0.004
2007-11-29,0.99,0.0015,0.0034999999999999996,0.001,0.004
2007-11-30,0.99,0.0015,0.0034999999999999996,0.001,0.004
2007-12-03,0.99,0.0015,0.0034999999999999996,0.001,0.004
2007-12-04,0.842654093480271,0.023601885977959352,0.05507106728190514,0.0157345906519729,0.0629383626078916
2007-12-05,0.842654093480271,0.023601885977959352,0.05507106728190514,0.0157345906519729,0.0629383626078916
2007-12-06,0.842654093480271,0.023601885977959352,0.05507106728190514,0.0157345906519729,0.0629383626078916
2007-12-07,0.842654093480271,0.023601885977959352,0.05507106728190514,0.0157345906519729,0.0629383626078916
2007-12-10,0.842654093480271,0.023601885977959352,0.05507106728190514,0.0157345906519729,0.0629383626078916
2007-12-11,0.842654093480271,0.023601885977959352,0.05507106728190514,0.0157345906519729,0.0629383626078916
2007-12-12,0.842654093480271,0.023601885977959352,0.05507106728190514,0.0157345906519729,0.0629383626078916
2007-12-13,0.842654093480271,0.023601885977959352,0.05507106728190514,0.0157345906519729,0.0629383626078916
2007-12-14,0.842654093480271,0.023601885977959352,0.05507106728190514,0.0157345906519729,0.0629383626078916
2007-12-17,0.842654093480271,0.023601885977959352,0.05507106728190514,0.0157345906519729,0.0629383626078916
2007-12-18,0.842654093480271,0.023601885977959352,0.05507106728190514,0.0157345906519729,0.0629383626078916
2007-12-19,0.842654093480271,0.023601885977959352,0.05507106728190514,0.0157345906519729,0.0629383626078916
2007-12-20,0.842654093480271,0.023601885977959352,0.05507106728190514,0.0157345906519729,0.0629383626078916
2007-12-21,0.842654093480271,0.023601885977959352,0.05507106728190514,0.0157345906519729,0.0629383626078916
2007-12-24,0.842654093480271,0.023601885977959352,0.05507106728190514,0.0157345906519729,0.0629383626078916
2007-12-26,0.842654093480271,0.023601885977959352,0.05507106728190514,0.0157345906519729,0.0629383626078916
2007-12-27,0.842654093480271,0.023601885977959352,0.05507106728190514,0.0157345906519729,0.0629383626078916
2007-12-28,0.842654093480271,0.023601885977959352,0.05507106728190514,0.0157345906519729,0.0629383626078916
2007-12-31,0.842654093480271,0.023601885977959352,0.05507106728190514,0.0157345906519729,0.0629383626078916
2008-01-02,0.842654093480271,0.023601885977959352,0.05507106728190514,0.0157345906519729,0.0629383626078916
2008-01-03,0.99,0.0015,0.0034999999999999996,0.001,0.004
2008-01-04,0.99,0.0015,0.0034999999999999996,0.001,0.004
2008-01-07,0.99,0.0015,0.0034999999999999996,0.001,0.004
2008-01-08,0.99,0.0015,0.0034999999999999996,0.001,0.004
2008-01-09,0.99,0.0015,0.0034999999999999996,0.001,0.004
2008-01-10,0.99,0.0015,0.0034999999999999996,0.001,0.004
2008-01-11,0.99,0.0015,0.0034999999999999996,0.001,0.004
2008-01-14,0.99,0.0015,0.0034999999999999996,0.001,0.004
2008-01-15,0.99,0.0015,0.0034999999999999996,0.001,0.004
2008-01-16,0.99,0.0015,0.0034999999999999996,0.001,0.004
2008-01-17,0.99,0.0015,0.0034999999999999996,0.001,0.004
2008-01-18,0.99,0.0015,0.0034999999999999996,0.001,0.004
2008-01-22,0.99,0.0015,0.0034999999999999996,0.001,0.004
2008-01-23,0.99,0.0015,0.0034999999999999996,0.001,0.004
2008-01-24,0.99,0.0015,0.0034999999999999996,0.001,0.004
2008-01-25,0.99,0.0015,0.0034999999999999996,0.001,0.004
2008-01-28,0.99,0.0015,0.0034999999999999996,0.001,0.004
2008-01-29,0.99,0.0015,0.0034999999999999996,0.001,0.004
2008-01-30,0.99,0.0015,0.0034999999999999996,0.001,0.004
2008-01-31,0.99,0.0015,0.0034999999999999996,0.001,0.004
2008-02-01,0.99,0.0015,0.0034999999999999996,0.001,0.004
2008-02-04,0.871703386927288,0.01924449196090679,0.044903814575449175,0.012829661307271194,0.051318645229084775
2008-02-05,0.871703386927288,0.01924449196090679,0.044903814575449175,0.012829661307271194,0.051318645229084775
2008-02-06,0.871703386927288,0.01924449196090679,0.044903814575449175,0.012829661307271194,0.051318645229084775
2008-02-07,0.871703386927288,0.01924449196090679,0.044903814575449175,0.012829661307271194,0.051318645229084775
2008-02-08,0.871703386927288,0.01924449196090679,0.044903814575449175,0.012829661307271194,0.051318645229084775
2008-02-11,0.871703386927288,0.01924449196090679,0.044903814575449175,0.012829661307271194,0.051318645229084775
2008-02-12,0.871703386927288,0.01924449196090679,0.044903814575449175,0.012829661307271194,0.051318645229084775
2008-02-13,0.871703386927288,0.01924449196090679,0.044903814575449175,0.012829661307271194,0.051318645229084775
2008-02-14,0.871703386927288,0.01924449196090679,0.044903814575449175,0.012829661307271194,0.051318645229084775
2008-02-15,0.871703386927288,0.01924449196090679,0.044903814575449175,0.012829661307271194,0.051318645229084775
2008-02-19,0.871703386927288,0.01924449196090679,0.044903814575449175,0.012829661307271194,0.051318645229084775
2008-02-20,0.871703386927288,0.01924449196090679,0.044903814575449175,0.012829661307271194,0.051318645229084775
2008-02-21,0.871703386927288,0.01924449196090679,0.044903814575449175,0.012829661307271194,0.051318645229084775
2008-02-22,0.871703386927288,0.01924449196090679,0.044903814575449175,0.012829661307271194,0.051318645229084775
2008-02-25,0.871703386927288,0.01924449196090679,0.044903814575449175,0.012829661307271194,0.051318645229084775
2008-02-26,0.871703386927288,0.01924449196090679,0.044903814575449175,0.012829661307271194,0.051318645229084775
2008-02-27,0.871703386927288,0.01924449196090679,0.044903814575449175,0.012829661307271194,0.051318645229084775
2008-02-28,0.871703386927288,0.01924449196090679,0.044903814575449175,0.012829661307271194,0.051318645229084775
2008-02-29,0.871703386927288,0.01924449196090679,0.044903814575449175,0.012829661307271194,0.051318645229084775
2008-03-03,0.871703386927288,0.01924449196090679,0.044903814575449175,0.012829661307271194,0.051318645229084775
2008-03-04,0.99,0.0015,0.0034999999999999996,0.001,0.004
2008-03-05,0.99,0.0015,0.0034999999999999996,0.001,0.004
2008-03-06,0.99,0.0015,0.0034999999999999996,0.001,0.004
2008-03-07,0.99,0.0015,0.0034999999999999996,0.001,0.004
2008-03-10,0.99,0.0015,0.0034999999999999996,0.001,0.004
2008-03-11,0.99,0.0015,0.0034999999999999996,0.001,0.004
2008-03-12,0.99,0.0015,0.0034999999999999996,0.001,0.004
2008-03-13,0.99,0.0015,0.0034999999999999996,0.001,0.004
2008-03-14,0.99,0.0015,0.0034999999999999996,0.001,0.004
2008-03-17,0.99,0.0015,0.0034999999999999996,0.001,0.004
2008-03-18,0.99,0.0015,0.0034999999999999996,0.001,0.004
2008-03-19,0.99,0.0015,0.0034999999999999996,0.001,0.004
2008-03-20,0.99,0.0015,0.0034999999999999996,0.001,0.004
2008-03-24,0.99,0.0015,0.0034999999999999996,0.001,0.004
2008-03-25,0.99,0.0015,0.0034999999999999996,0.001,0.004
2008-03-26,0.99,0.0015,0.0034999999999999996,0.001,0.004
2008-03-27,0.99,0.0015,0.0034999999999999996,0.001,0.004
2008-03-28,0.99,0.0015,0.0034999999999999996,0.001,0.004
2008-03-31,0.99,0.0015,0.0034999999999999996,0.001,0.004
2008-04-01,0.99,0.0015,0.0034999999999999996,0.001,0.004
2008-04-02,0.8022805387158364,0.029657919192624532,0.06920181144945724,0.019771946128416356,0.07908778451366542
2008-04-03,0.8022805387158364,0.029657919192624532,0.06920181144945724,0.019771946128416356,0.07908778451366542
2008-04-04,0.8022805387158364,0.029657919192624532,0.06920181144945724,0.019771946128416356,0.07908778451366542
2008-04-07,0.8022805387158364,0.029657919192624532,0.06920181144945724,0.019771946128416356,0.07908778451366542
2008-04-08,0.8022805387158364,0.029657919192624532,0.06920181144945724,0.019771946128416356,0.07908778451366542
2008-04-09,0.8022805387158364,0.029657919192624532,0.06920181144945724,0.019771946128416356,0.07908778451366542
2008-04-10,0.8022805387158364,0.029657919192624532,0.06920181144945724,0.019771946128416356,0.07908778451366542
2008-04-11,0.8022805387158364,0.029657919192624532,0.06920181144945724,0.019771946128416356,0.07908778451366542
2008-04-14,0.8022805387158364,0.029657919192624532,0.06920181144945724,0.019771946128416356,0.07908778451366542
2008-04-15,0.8022805387158364,0.029657919192624532,0.06920181144945724,0.019771946128416356,0.07908778451366542
2008-04-16,0.8022805387158364,0.029657919192624532,0.06920181144945724,0.019771946128416356,0.07908778451366542
2008-04-17,0.8022805387158364,0.029657919192624532,0.06920181144945724,0.019771946128416356,0.07908778451366542
2008-04-18,0.8022805387158364,0.029657919192624532,0.06920181144945724,0.019771946128416356,0.07908778451366542
2008-04-21,0.8022805387158364,0.029657919192624532,0.06920181144945724,0.019771946128416356,0.07908778451366542
2008-04-22,0.8022805387158364,0.029657919192624532,0.06920181144945724,0.019771946128416356,0.07908778451366542
2008-04-23,0.8022805387158364,0.029657919192624532,0.06920181144945724,0.019771946128416356,0.07908778451366542
2008-04-24,0.8022805387158364,0.029657919192624532,0.06920181144945724,0.019771946128416356,0.07908778451366542
2008-04-25,0.8022805387158364,0.029657919192624532,0.06920181144945724,0.019771946128416356,0.07908778451366542
2008-04-28,0.8022805387158364,0.029657919192624532,0.06920181144945724,0.019771946128416356,0.07908778451366542
2008-04-29,0.8022805387158364,0.029657919192624532,0.06920181144945724,0.019771946128416356,0.07908778451366542
2008-04-30,0.8022805387158364,0.029657919192624532,0.06920181144945724,0.019771946128416356,0.07908778451366542
2008-05-01,0.8022805387158364,0.029657919192624532,0.06920181144945724,0.019771946128416356,0.07908778451366542
2008-05-02,0.99,0.0015,0.0034999999999999996,0.001,0.004
2008-05-05,0.99,0.0015,0.0034999999999999996,0.001,0.004
2008-05-06,0.99,0.0015,0.0034999999999999996,0.001,0.004
2008-05-07,0.99,0.0015,0.0034999999999999996,0.001,0.004
2008-05-08,0.99,0.0015,0.0034999999999999996,0.001,0.004
2008-05-09,0.99,0.0015,0.0034999999999999996,0.001,0.004
2008-05-12,0.99,0.0015,0.0034999999999999996,0.001,0.004
2008-05-13,0.99,0.0015,0.0034999999999999996,0.001,0.004
2008-05-14,0.99,0.0015,0.0034999999999999996,0.001,0.004
2008-05-15,0.99,0.0015,0.0034999999999999996,0.001,0.004
2008-05-16,0.99,0.0015,0.0034999999999999996,0.001,0.004
2008-05-19,0.99,0.0015,0.0034999999999999996,0.001,0.004
2008-05-20,0.99,0.0015,0.0034999999999999996,0.001,0.004
2008-05-21,0.99,0.0015,0.0034999999999999996,0.001,0.004
2008-05-22,0.99,0.0015,0.0034999999999999996,0.001,0.004
2008-05-23,0.99,0.0015,0.0034999999999999996,0.001,0.004
2008-05-27,0.99,0.0015,0.0034999999999999996,0.001,0.004
2008-05-28,0.99,0.0015,0.0034999999999999996,0.001,0.004
2008-05-29,0.99,0.0015,0.0034999999999999996,0.001,0.004
2008-05-30,0.99,0.0015,0.0034999999999999996,0.001,0.004
2008-06-02,0.99,0.0015,0.0034999999999999996,0.001,0.004
2008-06-03,0.99,0.0015,0.0034999999999999996,0.001,0.004
2008-06-04,0.99,0.0015,0.0034999999999999996,0.001,0.004
2008-06-05,0.99,0.0015,0.0034999999999999996,0.001,0.004
2008-06-06,0.99,0.0015,0.0034999999999999996,0.001,0.004
2008-06-09,0.99,0.0015,0.0034999999999999996,0.001,0.004
2008-06-10,0.99,0.0015,0.0034999999999999996,0.001,0.004
2008-06-11,0.99,0.0015,0.0034999999999999996,0.001,0.004
2008-06-12,0.99,0.0015,0.0034999999999999996,0.001,0.004
2008-06-13,0.99,0.0015,0.0034999999999999996,0.001,0.004
2008-06-16,0.99,0.0015,0.0034999999999999996,0.001,0.004
2008-06-17,0.99,0.0015,0.0034999999999999996,0.001,0.004
2008-06-18,0.99,0.0015,0.0034999999999999996,0.001,0.004
2008-06-19,0.99,0.0015,0.0034999999999999996,0.001,0.004
2008-06-20,0.99,0.0015,0.0034999999999999996,0.001,0.004
2008-06-23,0.99,0.0015,0.0034999999999999996,0.001,0.004
2008-06-24,0.99,0.0015,0.0034999999999999996,0.001,0.004
2008-06-25,0.99,0.0015,0.0034999999999999996,0.001,0.004
2008-06-26,0.99,0.0015,0.0034999999999999996,0.001,0.004
2008-06-27,0.99,0.0015,0.0034999999999999996,0.001,0.004
2008-06-30,0.99,0.0015,0.0034999999999999996,0.001,0.004
2008-07-01,0.99,0.0015,0.0034999999999999996,0.001,0.004
2008-07-02,0.7976940397709067,0.03034589403436399,0.07080708608018264,0.020230596022909327,0.08092238409163731
2008-07-03,0.7976940397709067,0.03034589403436399,0.07080708608018264,0.020230596022909327,0.08092238409163731
2008-07-07,0.7976940397709067,0.03034589403436399,0.07080708608018264,0.020230596022909327,0.08092238409163731
2008-07-08,0.7976940397709067,0.03034589403436399,0.07080708608018264,0.020230596022909327,0.08092238409163731
2008-07-09,0.7976940397709067,0.03034589403436399,0.07080708608018264,0.020230596022909327,0.08092238409163731
2008-07-10,0.7976940397709067,0.03034589403436399,0.07080708608018264,0.020230596022909327,0.08092238409163731
2008-07-11,0.7976940397709067,0.03034589403436399,0.07080708608018264,0.020230596022909327,0.08092238409163731
2008-07-14,0.7976940397709067,0.03034589403436399,0.07080708608018264,0.020230596022909327,0.08092238409163731
2008-07-15,0.7976940397709067,0.03034589403436399,0.07080708608018264,0.020230596022909327,0.08092238409163731
2008-07-16,0.7976940397709067,0.03034589403436399,0.07080708608018264,0.020230596022909327,0.08092238409163731
2008-07-17,0.7976940397709067,0.03034589403436399,0.07080708608018264,0.020230596022909327,0.08092238409163731
2008-07-18,0.7976940397709067,0.03034589403436399,0.07080708608018264,0.020230596022909327,0.08092238409163731
2008-07-21,0.7976940397709067,0.03034589403436399,0.07080708608018264,0.020230596022909327,0.08092238409163731
2008-07-22,0.7976940397709067,0.03034589403436399,0.07080708608018264,0.020230596022909327,0.08092238409163731
2008-07-23,0.7976940397709067,0.03034589403436399,0.07080708608018264,0.020230596022909327,0.08092238409163731
2008-07-24,0.7976940397709067,0.03034589403436399,0.07080708608018264,0.020230596022909327,0.08092238409163731
2008-07-25,0.7976940397709067,0.03034589403436399,0.07080708608018264,0.020230596022909327,0.08092238409163731
2008-07-28,0.7976940397709067,0.03034589403436399,0.07080708608018264,0.020230596022909327,0.08092238409163731
2008-07-29,0.7976940397709067,0.03034589403436399,0.07080708608018264,0.020230596022909327,0.08092238409163731
2008-07-30,0.7976940397709067,0.03034589403436399,0.07080708608018264,0.020230596022909327,0.08092238409163731
2008-07-31,0.7976940397709067,0.03034589403436399,0.07080708608018264,0.020230596022909327,0.08092238409163731
2008-08-01,0.7976940397709067,0.03034589403436399,0.07080708608018264,0.020230596022909327,0.08092238409163731
2008-08-04,0.8909456007052586,0.016358159894211206,0.03816903975315948,0.01090543992947414,0.04362175971789656
2008-08-05,0.8909456007052586,0.016358159894211206,0.03816903975315948,0.01090543992947414,0.04362175971789656
2008-08-06,0.8909456007052586,0.016358159894211206,0.03816903975315948,0.01090543992947414,0.04362175971789656
2008-08-07,0.8909456007052586,0.016358159894211206,0.03816903975315948,0.01090543992947414,0.04362175971789656
2008-08-08,0.8909456007052586,0.016358159894211206,0.03816903975315948,0.01090543992947414,0.04362175971789656
2008-08-11,0.8909456007052586,0.016358159894211206,0.03816903975315948,0.01090543992947414,0.04362175971789656
2008-08-12,0.8909456007052586,0.016358159894211206,0.03816903975315948,0.01090543992947414,0.04362175971789656
2008-08-13,0.8909456007052586,0.016358159894211206,0.03816903975315948,0.01090543992947414,0.04362175971789656
2008-08-14,0.8909456007052586,0.016358159894211206,0.03816903975315948,0.01090543992947414,0.04362175971789656
2008-08-15,0.8909456007052586,0.016358159894211206,0.03816903975315948,0.01090543992947414,0.04362175971789656
2008-08-18,0.8909456007052586,0.016358159894211206,0.03816903975315948,0.01090543992947414,0.04362175971789656
2008-08-19,0.8909456007052586,0.016358159894211206,0.03816903975315948,0.01090543992947414,0.04362175971789656
2008-08-20,0.8909456007052586,0.016358159894211206,0.03816903975315948,0.01090543992947414,0.04362175971789656
2008-08-21,0.8909456007052586,0.016358159894211206,0.03816903975315948,0.01090543992947414,0.04362175971789656
2008-08-22,0.8909456007052586,0.016358159894211206,0.03816903975315948,0.01090543992947414,0.04362175971789656
2008-08-25,0.8909456007052586,0.016358159894211206,0.03816903975315948,0.01090543992947414,0.04362175971789656
2008-08-26,0.8909456007052586,0.016358159894211206,0.03816903975315948,0.01090543992947414,0.04362175971789656
2008-08-27,0.8909456007052586,0.016358159894211206,0.03816903975315948,0.01090543992947414,0.04362175971789656
2008-08-28,0.8909456007052586,0.016358159894211206,0.03816903975315948,0.01090543992947414,0.04362175971789656
2008-08-29,0.8909456007052586,0.016358159894211206,0.03816903975315948,0.01090543992947414,0.04362175971789656
2008-09-02,0.8909456007052586,0.016358159894211206,0.03816903975315948,0.01090543992947414,0.04362175971789656
2008-09-03,0.9738718545577084,0.003919221816343738,0.009144850904802052,0.0026128145442291585,0.010451258176916634
2008-09-04,0.9738718545577084,0.003919221816343738,0.009144850904802052,0.0026128145442291585,0.010451258176916634
2008-09-05,0.9738718545577084,0.003919221816343738,0.009144850904802052,0.0026128145442291585,0.010451258176916634
2008-09-08,0.9738718545577084,0.003919221816343738,0.009144850904802052,0.0026128145442291585,0.010451258176916634
2008-09-09,0.9738718545577084,0.003919221816343738,0.009144850904802052,0.0026128145442291585,0.010451258176916634
2008-09-10,0.9738718545577084,0.003919221816343738,0.009144850904802052,0.0026128145442291585,0.010451258176916634
2008-09-11,0.9738718545577084,0.003919221816343738,0.009144850904802052,0.0026128145442291585,0.010451258176916634
2008-09-12,0.9738718545577084,0.003919221816343738,0.009144850904802052,0.0026128145442291585,0.010451258176916634
2008-09-15,0.9738718545577084,0.003919221816343738,0.009144850904802052,0.0026128145442291585,0.010451258176916634
2008-09-16,0.9738718545577084,0.003919221816343738,0.009144850904802052,0.0026128145442291585,0.010451258176916634
2008-09-17,0.9738718545577084,0.003919221816343738,0.009144850904802052,0.0026128145442291585,0.010451258176916634
2008-09-18,0.9738718545577084,0.003919221816343738,0.009144850904802052,0.0026128145442291585,0.010451258176916634
2008-09-19,0.9738718545577084,0.003919221816343738,0.009144850904802052,0.0026128145442291585,0.010451258176916634
2008-09-22,0.9738718545577084,0.003919221816343738,0.009144850904802052,0.0026128145442291585,0.010451258176916634
2008-09-23,0.9738718545577084,0.003919221816343738,0.009144850904802052,0.0026128145442291585,0.010451258176916634
2008-09-24,0.9738718545577084,0.003919221816343738,0.009144850904802052,0.0026128145442291585,0.010451258176916634
2008-09-25,0.9738718545577084,0.003919221816343738,0.009144850904802052,0.0026128145442291585,0.010451258176916634
2008-09-26,0.9738718545577084,0.003919221816343738,0.009144850904802052,0.0026128145442291585,0.010451258176916634
2008-09-29,0.9738718545577084,0.003919221816343738,0.009144850904802052,0.0026128145442291585,0.010451258176916634
2008-09-30,0.9738718545577084,0.003919221816343738,0.009144850904802052,0.0026128145442291585,0.010451258176916634
2008-10-01,0.9738718545577084,0.003919221816343738,0.009144850904802052,0.0026128145442291585,0.010451258176916634
2008-10-02,0.46282438749021904,0.08057634187646714,0.18801146437842334,0.053717561250978096,0.21487024500391239
2008-10-03,0.46282438749021904,0.08057634187646714,0.18801146437842334,0.053717561250978096,0.21487024500391239
2008-10-06,0.46282438749021904,0.08057634187646714,0.18801146437842334,0.053717561250978096,0.21487024500391239
2008-10-07,0.46282438749021904,0.08057634187646714,0.18801146437842334,0.053717561250978096,0.21487024500391239
2008-10-08,0.46282438749021904,0.08057634187646714,0.18801146437842334,0.053717561250978096,0.21487024500391239
2008-10-09,0.46282438749021904,0.08057634187646714,0.18801146437842334,0.053717561250978096,0.21487024500391239
2008-10-10,0.46282438749021904,0.08057634187646714,0.18801146437842334,0.053717561250978096,0.21487024500391239
2008-10-13,0.46282438749021904,0.08057634187646714,0.18801146437842334,0.053717561250978096,0.21487024500391239
2008-10-14,0.46282438749021904,0.08057634187646714,0.18801146437842334,0.053717561250978096,0.21487024500391239
2008-10-15,0.46282438749021904,0.08057634187646714,0.18801146437842334,0.053717561250978096,0.21487024500391239
2008-10-16,0.46282438749021904,0.08057634187646714,0.18801146437842334,0.053717561250978096,0.21487024500391239
2008-10-17,0.46282438749021904,0.08057634187646714,0.18801146437842334,0.053717561250978096,0.21487024500391239
2008-10-20,0.46282438749021904,0.08057634187646714,0.18801146437842334,0.053717561250978096,0.21487024500391239
2008-10-21,0.46282438749021904,0.08057634187646714,0.18801146437842334,0.053717561250978096,0.21487024500391239
2008-10-22,0.46282438749021904,0.08057634187646714,0.18801146437842334,0.053717561250978096,0.21487024500391239
2008-10-23,0.46282438749021904,0.08057634187646714,0.18801146437842334,0.053717561250978096,0.21487024500391239
2008-10-24,0.46282438749021904,0.08057634187646714,0.18801146437842334,0.053717561250978096,0.21487024500391239
2008-10-27,0.46282438749021904,0.08057634187646714,0.18801146437842334,0.053717561250978096,0.21487024500391239
2008-10-28,0.46282438749021904,0.08057634187646714,0.18801146437842334,0.053717561250978096,0.21487024500391239
2008-10-29,0.46282438749021904,0.08057634187646714,0.18801146437842334,0.053717561250978096,0.21487024500391239
2008-10-30,0.46282438749021904,0.08057634187646714,0.18801146437842334,0.053717561250978096,0.21487024500391239
2008-10-31,0.46282438749021904,0.08057634187646714,0.18801146437842334,0.053717561250978096,0.21487024500391239
2008-11-03,0.46282438749021904,0.08057634187646714,0.18801146437842334,0.053717561250978096,0.21487024500391239
2008-11-04,0.26277455893027146,0.11058381616045929,0.25802890437440495,0.07372254410697285,0.2948901764278914
2008-11-05,0.26277455893027146,0.11058381616045929,0.25802890437440495,0.07372254410697285,0.2948901764278914
2008-11-06,0.26277455893027146,0.11058381616045929,0.25802890437440495,0.07372254410697285,0.2948901764278914
2008-11-07,0.26277455893027146,0.11058381616045929,0.25802890437440495,0.07372254410697285,0.2948901764278914
2008-11-10,0.26277455893027146,0.11058381616045929,0.25802890437440495,0.07372254410697285,0.2948901764278914
2008-11-11,0.26277455893027146,0.11058381616045929,0.25802890437440495,0.07372254410697285,0.2948901764278914
2008-11-12,0.26277455893027146,0.11058381616045929,0.25802890437440495,0.07372254410697285,0.2948901764278914
2008-11-13,0.26277455893027146,0.11058381616045929,0.25802890437440495,0.07372254410697285,0.2948901764278914
2008-11-14,0.26277455893027146,0.11058381616045929,0.25802890437440495,0.07372254410697285,0.2948901764278914
2008-11-17,0.26277455893027146,0.11058381616045929,0.25802890437440495,0.07372254410697285,0.2948901764278914
2008-11-18,0.26277455893027146,0.11058381616045929,0.25802890437440495,0.07372254410697285,0.2948901764278914
2008-11-19,0.26277455893027146,0.11058381616045929,0.25802890437440495,0.07372254410697285,0.2948901764278914
2008-11-20,0.26277455893027146,0.11058381616045929,0.25802890437440495,0.07372254410697285,0.2948901764278914
2008-11-21,0.26277455893027146,0.11058381616045929,0.25802890437440495,0.07372254410697285,0.2948901764278914
2008-11-24,0.26277455893027146,0.11058381616045929,0.25802890437440495,0.07372254410697285,0.2948901764278914
2008-11-25,0.26277455893027146,0.11058381616045929,0.25802890437440495,0.07372254410697285,0.2948901764278914
2008-11-26,0.26277455893027146,0.11058381616045929,0.25802890437440495,0.07372254410697285,0.2948901764278914
2008-11-28,0.26277455893027146,0.11058381616045929,0.25802890437440495,0.07372254410697285,0.2948901764278914
2008-12-01,0.26277455893027146,0.11058381616045929,0.25802890437440495,0.07372254410697285,0.2948901764278914
2008-12-02,0.33553646704884826,0.09966952994267275,0.2325622365329031,0.06644635329511518,0.26578541318046073
2008-12-03,0.33553646704884826,0.09966952994267275,0.2325622365329031,0.06644635329511518,0.26578541318046073
2008-12-04,0.33553646704884826,0.09966952994267275,0.2325622365329031,0.06644635329511518,0.26578541318046073
2008-12-05,0.33553646704884826,0.09966952994267275,0.2325622365329031,0.06644635329511518,0.26578541318046073
2008-12-08,0.33553646704884826,0.09966952994267275,0.2325622365329031,0.06644635329511518,0.26578541318046073
2008-12-09,0.33553646704884826,0.09966952994267275,0.2325622365329031,0.06644635329511518,0.26578541318046073
2008-12-10,0.33553646704884826,0.09966952994267275,0.2325622365329031,0.06644635329511518,0.26578541318046073
2008-12-11,0.33553646704884826,0.09966952994267275,0.2325622365329031,0.06644635329511518,0.26578541318046073
2008-12-12,0.33553646704884826,0.09966952994267275,0.2325622365329031,0.06644635329511518,0.26578541318046073
2008-12-15,0.33553646704884826,0.09966952994267275,0.2325622365329031,0.06644635329511518,0.26578541318046073
2008-12-16,0.33553646704884826,0.09966952994267275,0.2325622365329031,0.06644635329511518,0.26578541318046073
2008-12-17,0.33553646704884826,0.09966952994267275,0.2325622365329031,0.06644635329511518,0.26578541318046073
2008-12-18,0.33553646704884826,0.09966952994267275,0.2325622365329031,0.06644635329511518,0.26578541318046073
2008-12-19,0.33553646704884826,0.09966952994267275,0.2325622365329031,0.06644635329511518,0.26578541318046073
2008-12-22,0.33553646704884826,0.09966952994267275,0.2325622365329031,0.06644635329511518,0.26578541318046073
2008-12-23,0.33553646704884826,0.09966952994267275,0.2325622365329031,0.06644635329511518,0.26578541318046073
2008-12-24,0.33553646704884826,0.09966952994267275,0.2325622365329031,0.06644635329511518,0.26578541318046073
2008-12-26,0.33553646704884826,0.09966952994267275,0.2325622365329031,0.06644635329511518,0.26578541318046073
2008-12-29,0.33553646704884826,0.09966952994267275,0.2325622365329031,0.06644635329511518,0.26578541318046073
2008-12-30,0.33553646704884826,0.09966952994267275,0.2325622365329031,0.06644635329511518,0.26578541318046073
2008-12-31,0.33553646704884826,0.09966952994267275,0.2325622365329031,0.06644635329511518,0.26578541318046073
2009-01-02,0.33553646704884826,0.09966952994267275,0.2325622365329031,0.06644635329511518,0.26578541318046073
2009-01-05,0.781518357391308,0.03277224639130379,0.0764685749130422,0.021848164260869198,0.08739265704347679
2009-01-06,0.781518357391308,0.03277224639130379,0.0764685749130422,0.021848164260869198,0.08739265704347679
2009-01-07,0.781518357391308,0.03277224639130379,0.0764685749130422,0.021848164260869198,0.08739265704347679
2009-01-08,0.781518357391308,0.03277224639130379,0.0764685749130422,0.021848164260869198,0.08739265704347679
2009-01-09,0.781518357391308,0.03277224639130379,0.0764685749130422,0.021848164260869198,0.08739265704347679
2009-01-12,0.781518357391308,0.03277224639130379,0.0764685749130422,0.021848164260869198,0.08739265704347679
2009-01-13,0.781518357391308,0.03277224639130379,0.0764685749130422,0.021848164260869198,0.08739265704347679
2009-01-14,0.781518357391308,0.03277224639130379,0.0764685749130422,0.021848164260869198,0.08739265704347679
2009-01-15,0.781518357391308,0.03277224639130379,0.0764685749130422,0.021848164260869198,0.08739265704347679
2009-01-16,0.781518357391308,0.03277224639130379,0.0764685749130422,0.021848164260869198,0.08739265704347679
2009-01-20,0.781518357391308,0.03277224639130379,0.0764685749130422,0.021848164260869198,0.08739265704347679
2009-01-21,0.781518357391308,0.03277224639130379,0.0764685749130422,0.021848164260869198,0.08739265704347679
2009-01-22,0.781518357391308,0.03277224639130379,0.0764685749130422,0.021848164260869198,0.08739265704347679
2009-01-23,0.781518357391308,0.03277224639130379,0.0764685749130422,0.021848164260869198,0.08739265704347679
2009-01-26,0.781518357391308,0.03277224639130379,0.0764685749130422,0.021848164260869198,0.08739265704347679
2009-01-27,0.781518357391308,0.03277224639130379,0.0764685749130422,0.021848164260869198,0.08739265704347679
2009-01-28,0.781518357391308,0.03277224639130379,0.0764685749130422,0.021848164260869198,0.08739265704347679
2009-01-29,0.781518357391308,0.03277224639130379,0.0764685749130422,0.021848164260869198,0.08739265704347679
2009-01-30,0.781518357391308,0.03277224639130379,0.0764685749130422,0.021848164260869198,0.08739265704347679
2009-02-02,0.781518357391308,0.03277224639130379,0.0764685749130422,0.021848164260869198,0.08739265704347679
2009-02-03,0.5989361999079297,0.060159570013810545,0.1403723300322246,0.04010638000920704,0.16042552003682817
2009-02-04,0.5989361999079297,0.060159570013810545,0.1403723300322246,0.04010638000920704,0.16042552003682817
2009-02-05,0.5989361999079297,0.060159570013810545,0.1403723300322246,0.04010638000920704,0.16042552003682817
2009-02-06,0.5989361999079297,0.060159570013810545,0.1403723300322246,0.04010638000920704,0.16042552003682817
2009-02-09,0.5989361999079297,0.060159570013810545,0.1403723300322246,0.04010638000920704,0.16042552003682817
2009-02-10,0.5989361999079297,0.060159570013810545,0.1403723300322246,0.04010638000920704,0.16042552003682817
2009-02-11,0.5989361999079297,0.060159570013810545,0.1403723300322246,0.04010638000920704,0.16042552003682817
2009-02-12,0.5989361999079297,0.060159570013810545,0.1403723300322246,0.04010638000920704,0.16042552003682817
2009-02-13,0.5989361999079297,0.060159570013810545,0.1403723300322246,0.04010638000920704,0.16042552003682817
2009-02-17,0.5989361999079297,0.060159570013810545,0.1403723300322246,0.04010638000920704,0.16042552003682817
2009-02-18,0.5989361999079297,0.060159570013810545,0.1403723300322246,0.04010638000920704,0.16042552003682817
2009-02-19,0.5989361999079297,0.060159570013810545,0.1403723300322246,0.04010638000920704,0.16042552003682817
2009-02-20,0.5989361999079297,0.060159570013810545,0.1403723300322246,0.04010638000920704,0.16042552003682817
2009-02-23,0.5989361999079297,0.060159570013810545,0.1403723300322246,0.04010638000920704,0.16042552003682817
2009-02-24,0.5989361999079297,0.060159570013810545,0.1403723300322246,0.04010638000920704,0.16042552003682817
2009-02-25,0.5989361999079297,0.060159570013810545,0.1403723300322246,0.04010638000920704,0.16042552003682817
2009-02-26,0.5989361999079297,0.060159570013810545,0.1403723300322246,0.04010638000920704,0.16042552003682817
2009-02-27,0.5989361999079297,0.060159570013810545,0.1403723300322246,0.04010638000920704,0.16042552003682817
2009-03-02,0.5989361999079297,0.060159570013810545,0.1403723300322246,0.04010638000920704,0.16042552003682817
2009-03-03,0.6342796175144643,0.054858057372830366,0.1280021338699375,0.03657203824855358,0.14628815299421433
2009-03-04,0.6342796175144643,0.054858057372830366,0.1280021338699375,0.03657203824855358,0.14628815299421433
2009-03-05,0.6342796175144643,0.054858057372830366,0.1280021338699375,0.03657203824855358,0.14628815299421433
2009-03-06,0.6342796175144643,0.054858057372830366,0.1280021338699375,0.03657203824855358,0.14628815299421433
2009-03-09,0.6342796175144643,0.054858057372830366,0.1280021338699375,0.03657203824855358,0.14628815299421433
2009-03-10,0.6342796175144643,0.054858057372830366,0.1280021338699375,0.03657203824855358,0.14628815299421433
2009-03-11,0.6342796175144643,0.054858057372830366,0.1280021338699375,0.03657203824855358,0.14628815299421433
2009-03-12,0.6342796175144643,0.054858057372830366,0.1280021338699375,0.03657203824855358,0.14628815299421433
2009-03-13,0.6342796175144643,0.054858057372830366,0.1280021338699375,0.03657203824855358,0.14628815299421433
2009-03-16,0.6342796175144643,0.054858057372830366,0.1280021338699375,0.03657203824855358,0.14628815299421433
2009-03-17,0.6342796175144643,0.054858057372830366,0.1280021338699375,0.03657203824855358,0.14628815299421433
2009-03-18,0.6342796175144643,0.054858057372830366,0.1280021338699375,0.03657203824855358,0.14628815299421433
2009-03-19,0.6342796175144643,0.054858057372830366,0.1280021338699375,0.03657203824855358,0.14628815299421433
2009-03-20,0.6342796175144643,0.054858057372830366,0.1280021338699375,0.03657203824855358,0.14628815299421433
2009-03-23,0.6342796175144643,0.054858057372830366,0.1280021338699375,0.03657203824855358,0.14628815299421433
2009-03-24,0.6342796175144643,0.054858057372830366,0.1280021338699375,0.03657203824855358,0.14628815299421433
2009-03-25,0.6342796175144643,0.054858057372830366,0.1280021338699375,0.03657203824855358,0.14628815299421433
2009-03-26,0.6342796175144643,0.054858057372830366,0.1280021338699375,0.03657203824855358,0.14628815299421433
2009-03-27,0.6342796175144643,0.054858057372830366,0.1280021338699375,0.03657203824855358,0.14628815299421433
2009-03-30,0.6342796175144643,0.054858057372830366,0.1280021338699375,0.03657203824855358,0.14628815299421433
2009-03-31,0.6342796175144643,0.054858057372830366,0.1280021338699375,0.03657203824855358,0.14628815299421433
2009-04-01,0.6342796175144643,0.054858057372830366,0.1280021338699375,0.03657203824855358,0.14628815299421433
2009-04-02,0.99,0.0015,0.0034999999999999996,0.001,0.004
2009-04-03,0.99,0.0015,0.0034999999999999996,0.001,0.004
2009-04-06,0.99,0.0015,0.0034999999999999996,0.001,0.004
2009-04-07,0.99,0.0015,0.0034999999999999996,0.001,0.004
2009-04-08,0.99,0.0015,0.0034999999999999996,0.001,0.004
2009-04-09,0.99,0.0015,0.0034999999999999996,0.001,0.004
2009-04-13,0.99,0.0015,0.0034999999999999996,0.001,0.004
2009-04-14,0.99,0.0015,0.0034999999999999996,0.001,0.004
2009-04-15,0.99,0.0015,0.0034999999999999996,0.001,0.004
2009-04-16,0.99,0.0015,0.0034999999999999996,0.001,0.004
2009-04-17,0.99,0.0015,0.0034999999999999996,0.001,0.004
2009-04-20,0.99,0.0015,0.0034999999999999996,0.001,0.004
2009-04-21,0.99,0.0015,0.0034999999999999996,0.001,0.004
2009-04-22,0.99,0.0015,0.0034999999999999996,0.001,0.004
2009-04-23,0.99,0.0015,0.0034999999999999996,0.001,0.004
2009-04-24,0.99,0.0015,0.0034999999999999996,0.001,0.004
2009-04-27,0.99,0.0015,0.0034999999999999996,0.001,0.004
2009-04-28,0.99,0.0015,0.0034999999999999996,0.001,0.004
2009-04-29,0.99,0.0015,0.0034999999999999996,0.001,0.004
2009-04-30,0.99,0.0015,0.0034999999999999996,0.001,0.004
2009-05-01,0.99,0.0015,0.0034999999999999996,0.001,0.004
2009-05-04,0.99,0.0015,0.0034999999999999996,0.001,0.004
2009-05-05,0.99,0.0015,0.0034999999999999996,0.001,0.004
2009-05-06,0.99,0.0015,0.0034999999999999996,0.001,0.004
2009-05-07,0.99,0.0015,0.0034999999999999996,0.001,0.004
2009-05-08,0.99,0.0015,0.0034999999999999996,0.001,0.004
2009-05-11,0.99,0.0015,0.0034999999999999996,0.001,0.004
2009-05-12,0.99,0.0015,0.0034999999999999996,0.001,0.004
2009-05-13,0.99,0.0015,0.0034999999999999996,0.001,0.004
2009-05-14,0.99,0.0015,0.0034999999999999996,0.001,0.004
2009-05-15,0.99,0.0015,0.0034999999999999996,0.001,0.004
2009-05-18,0.99,0.0015,0.0034999999999999996,0.001,0.004
2009-05-19,0.99,0.0015,0.0034999999999999996,0.001,0.004
2009-05-20,0.99,0.0015,0.0034999999999999996,0.001,0.004
2009-05-21,0.99,0.0015,0.0034999999999999996,0.001,0.004
2009-05-22,0.99,0.0015,0.0034999999999999996,0.001,0.004
2009-05-26,0.99,0.0015,0.0034999999999999996,0.001,0.004
2009-05-27,0.99,0.0015,0.0034999999999999996,0.001,0.004
2009-05-28,0.99,0.0015,0.0034999999999999996,0.001,0.004
2009-05-29,0.99,0.0015,0.0034999999999999996,0.001,0.004
2009-06-01,0.99,0.0015,0.0034999999999999996,0.001,0.004
2009-06-02,0.99,0.0015,0.0034999999999999996,0.001,0.004
2009-06-03,0.99,0.0015,0.0034999999999999996,0.001,0.004
2009-06-04,0.99,0.0015,0.0034999999999999996,0.001,0.004
2009-06-05,0.99,0.0015,0.0034999999999999996,0.001,0.004
2009-06-08,0.99,0.0015,0.0034999999999999996,0.001,0.004
2009-06-09,0.99,0.0015,0.0034999999999999996,0.001,0.004
2009-06-10,0.99,0.0015,0.0034999999999999996,0.001,0.004
2009-06-11,0.99,0.0015,0.0034999999999999996,0.001,0.004
2009-06-12,0.99,0.0015,0.0034999999999999996,0.001,0.004
2009-06-15,0.99,0.0015,0.0034999999999999996,0.001,0.004
2009-06-16,0.99,0.0015,0.0034999999999999996,0.001,0.004
2009-06-17,0.99,0.0015,0.0034999999999999996,0.001,0.004
2009-06-18,0.99,0.0015,0.0034999999999999996,0.001,0.004
2009-06-19,0.99,0.0015,0.0034999999999999996,0.001,0.004
2009-06-22,0.99,0.0015,0.0034999999999999996,0.001,0.004
2009-06-23,0.99,0.0015,0.0034999999999999996,0.001,0.004
2009-06-24,0.99,0.0015,0.0034999999999999996,0.001,0.004
2009-06-25,0.99,0.0015,0.0034999999999999996,0.001,0.004
2009-06-26,0.99,0.0015,0.0034999999999999996,0.001,0.004
2009-06-29,0.99,0.0015,0.0034999999999999996,0.001,0.004
2009-06-30,0.99,0.0015,0.0034999999999999996,0.001,0.004
2009-07-01,0.99,0.0015,0.0034999999999999996,0.001,0.004
2009-07-02,0.99,0.0015,0.0034999999999999996,0.001,0.004
2009-07-06,0.99,0.0015,0.0034999999999999996,0.001,0.004
2009-07-07,0.99,0.0015,0.0034999999999999996,0.001,0.004
2009-07-08,0.99,0.0015,0.0034999999999999996,0.001,0.004
2009-07-09,0.99,0.0015,0.0034999999999999996,0.001,0.004
2009-07-10,0.99,0.0015,0.0034999999999999996,0.001,0.004
2009-07-13,0.99,0.0015,0.0034999999999999996,0.001,0.004
2009-07-14,0.99,0.0015,0.0034999999999999996,0.001,0.004
2009-07-15,0.99,0.0015,0.0034999999999999996,0.001,0.004
2009-07-16,0.99,0.0015,0.0034999999999999996,0.001,0.004
2009-07-17,0.99,0.0015,0.0034999999999999996,0.001,0.004
2009-07-20,0.99,0.0015,0.0034999999999999996,0.001,0.004
2009-07-21,0.99,0.0015,0.0034999999999999996,0.001,0.004
2009-07-22,0.99,0.0015,0.0034999999999999996,0.001,0.004
2009-07-23,0.99,0.0015,0.0034999999999999996,0.001,0.004
2009-07-24,0.99,0.0015,0.0034999999999999996,0.001,0.004
2009-07-27,0.99,0.0015,0.0034999999999999996,0.001,0.004
2009-07-28,0.99,0.0015,0.0034999999999999996,0.001,0.004
2009-07-29,0.99,0.0015,0.0034999999999999996,0.001,0.004
2009-07-30,0.99,0.0015,0.0034999999999999996,0.001,0.004
2009-07-31,0.99,0.0015,0.0034999999999999996,0.001,0.004
2009-08-03,0.99,0.0015,0.0034999999999999996,0.001,0.004
2009-08-04,0.99,0.0015,0.0034999999999999996,0.001,0.004
2009-08-05,0.99,0.0015,0.0034999999999999996,0.001,0.004
2009-08-06,0.99,0.0015,0.0034999999999999996,0.001,0.004
2009-08-07,0.99,0.0015,0.0034999999999999996,0.001,0.004
2009-08-10,0.99,0.0015,0.0034999999999999996,0.001,0.004
2009-08-11,0.99,0.0015,0.0034999999999999996,0.001,0.004
2009-08-12,0.99,0.0015,0.0034999999999999996,0.001,0.004
2009-08-13,0.99,0.0015,0.0034999999999999996,0.001,0.004
2009-08-14,0.99,0.0015,0.0034999999999999996,0.001,0.004
2009-08-17,0.99,0.0015,0.0034999999999999996,0.001,0.004
2009-08-18,0.99,0.0015,0.0034999999999999996,0.001,0.004
2009-08-19,0.99,0.0015,0.0034999999999999996,0.001,0.004
2009-08-20,0.99,0.0015,0.0034999999999999996,0.001,0.004
2009-08-21,0.99,0.0015,0.0034999999999999996,0.001,0.004
2009-08-24,0.99,0.0015,0.0034999999999999996,0.001,0.004
2009-08-25,0.99,0.0015,0.0034999999999999996,0.001,0.004
2009-08-26,0.99,0.0015,0.0034999999999999996,0.001,0.004
2009-08-27,0.99,0.0015,0.0034999999999999996,0.001,0.004
2009-08-28,0.99,0.0015,0.0034999999999999996,0.001,0.004
2009-08-31,0.99,0.0015,0.0034999999999999996,0.001,0.004
2009-09-01,0.99,0.0015,0.0034999999999999996,0.001,0.004
2009-09-02,0.99,0.0015,0.0034999999999999996,0.001,0.004
2009-09-03,0.99,0.0015,0.0034999999999999996,0.001,0.004
2009-09-04,0.99,0.0015,0.0034999999999999996,0.001,0.004
2009-09-08,0.99,0.0015,0.0034999999999999996,0.001,0.004
2009-09-09,0.99,0.0015,0.0034999999999999996,0.001,0.004
2009-09-10,0.99,0.0015,0.0034999999999999996,0.001,0.004
2009-09-11,0.99,0.0015,0.0034999999999999996,0.001,0.004
2009-09-14,0.99,0.0015,0.0034999999999999996,0.001,0.004
2009-09-15,0.99,0.0015,0.0034999999999999996,0.001,0.004
2009-09-16,0.99,0.0015,0.0034999999999999996,0.001,0.004
2009-09-17,0.99,0.0015,0.0034999999999999996,0.001,0.004
2009-09-18,0.99,0.0015,0.0034999999999999996,0.001,0.004
2009-09-21,0.99,0.0015,0.0034999999999999996,0.001,0.004
2009-09-22,0.99,0.0015,0.0034999999999999996,0.001,0.004
2009-09-23,0.99,0.0015,0.0034999999999999996,0.001,0.004
2009-09-24,0.99,0.0015,0.0034999999999999996,0.001,0.004
2009-09-25,0.99,0.0015,0.0034999999999999996,0.001,0.004
2009-09-28,0.99,0.0015,0.0034999999999999996,0.001,0.004
2009-09-29,0.99,0.0015,0.0034999999999999996,0.001,0.004
2009-09-30,0.99,0.0015,0.0034999999999999996,0.001,0.004
2009-10-01,0.99,0.0015,0.0034999999999999996,0.001,0.004
2009-10-02,0.99,0.0015,0.0034999999999999996,0.001,0.004
2009-10-05,0.99,0.0015,0.0034999999999999996,0.001,0.004
2009-10-06,0.99,0.0015,0.0034999999999999996,0.001,0.004
2009-10-07,0.99,0.0015,0.0034999999999999996,0.001,0.004
2009-10-08,0.99,0.0015,0.0034999999999999996,0.001,0.004
2009-10-09,0.99,0.0015,0.0034999999999999996,0.001,0.004
2009-10-12,0.99,0.0015,0.0034999999999999996,0.001,0.004
2009-10-13,0.99,0.0015,0.0034999999999999996,0.001,0.004
2009-10-14,0.99,0.0015,0.0034999999999999996,0.001,0.004
2009-10-15,0.99,0.0015,0.0034999999999999996,0.001,0.004
2009-10-16,0.99,0.0015,0.0034999999999999996,0.001,0.004
2009-10-19,0.99,0.0015,0.0034999999999999996,0.001,0.004
2009-10-20,0.99,0.0015,0.0034999999999999996,0.001,0.004
2009-10-21,0.99,0.0015,0.0034999999999999996,0.001,0.004
2009-10-22,0.99,0.0015,0.0034999999999999996,0.001,0.004
2009-10-23,0.99,0.0015,0.0034999999999999996,0.001,0.004
2009-10-26,0.99,0.0015,0.0034999999999999996,0.001,0.004
2009-10-27,0.99,0.0015,0.0034999999999999996,0.001,0.004
2009-10-28,0.99,0.0015,0.0034999999999999996,0.001,0.004
2009-10-29,0.99,0.0015,0.0034999999999999996,0.001,0.004
2009-10-30,0.99,0.0015,0.0034999999999999996,0.001,0.004
2009-11-02,0.99,0.0015,0.0034999999999999996,0.001,0.004
2009-11-03,0.99,0.0015,0.0034999999999999996,0.001,0.004
2009-11-04,0.99,0.0015,0.0034999999999999996,0.001,0.004
2009-11-05,0.99,0.0015,0.0034999999999999996,0.001,0.004
2009-11-06,0.99,0.0015,0.0034999999999999996,0.001,0.004
2009-11-09,0.99,0.0015,0.0034999999999999996,0.001,0.004
2009-11-10,0.99,0.0015,0.0034999999999999996,0.001,0.004
2009-11-11,0.99,0.0015,0.0034999999999999996,0.001,0.004
2009-11-12,0.99,0.0015,0.0034999999999999996,0.001,0.004
2009-11-13,0.99,0.0015,0.0034999999999999996,0.001,0.004
2009-11-16,0.99,0.0015,0.0034999999999999996,0.001,0.004
2009-11-17,0.99,0.0015,0.0034999999999999996,0.001,0.004
2009-11-18,0.99,0.0015,0.0034999999999999996,0.001,0.004
2009-11-19,0.99,0.0015,0.0034999999999999996,0.001,0.004
2009-11-20,0.99,0.0015,0.0034999999999999996,0.001,0.004
2009-11-23,0.99,0.0015,0.0034999999999999996,0.001,0.004
2009-11-24,0.99,0.0015,0.0034999999999999996,0.001,0.004
2009-11-25,0.99,0.0015,0.0034999999999999996,0.001,0.004
2009-11-27,0.99,0.0015,0.0034999999999999996,0.001,0.004
2009-11-30,0.99,0.0015,0.0034999999999999996,0.001,0.004
2009-12-01,0.99,0.0015,0.0034999999999999996,0.001,0.004
2009-12-02,0.99,0.0015,0.0034999999999999996,0.001,0.004
2009-12-03,0.99,0.0015,0.0034999999999999996,0.001,0.004
2009-12-04,0.99,0.0015,0.0034999999999999996,0.001,0.004
2009-12-07,0.99,0.0015,0.0034999999999999996,0.001,0.004
2009-12-08,0.99,0.0015,0.0034999999999999996,0.001,0.004
2009-12-09,0.99,0.0015,0.0034999999999999996,0.001,0.004
2009-12-10,0.99,0.0015,0.0034999999999999996,0.001,0.004
2009-12-11,0.99,0.0015,0.0034999999999999996,0.001,0.004
2009-12-14,0.99,0.0015,0.0034999999999999996,0.001,0.004
2009-12-15,0.99,0.0015,0.0034999999999999996,0.001,0.004
2009-12-16,0.99,0.0015,0.0034999999999999996,0.001,0.004
2009-12-17,0.99,0.0015,0.0034999999999999996,0.001,0.004
2009-12-18,0.99,0.0015,0.0034999999999999996,0.001,0.004
2009-12-21,0.99,0.0015,0.0034999999999999996,0.001,0.004
2009-12-22,0.99,0.0015,0.0034999999999999996,0.001,0.004
2009-12-23,0.99,0.0015,0.0034999999999999996,0.001,0.004
2009-12-24,0.99,0.0015,0.0034999999999999996,0.001,0.004
2009-12-28,0.99,0.0015,0.0034999999999999996,0.001,0.004
2009-12-29,0.99,0.0015,0.0034999999999999996,0.001,0.004
2009-12-30,0.99,0.0015,0.0034999999999999996,0.001,0.004
2009-12-31,0.99,0.0015,0.0034999999999999996,0.001,0.004
2010-01-04,0.99,0.0015,0.0034999999999999996,0.001,0.004
2010-01-05,0.99,0.0015,0.0034999999999999996,0.001,0.004
2010-01-06,0.99,0.0015,0.0034999999999999996,0.001,0.004
2010-01-07,0.99,0.0015,0.0034999999999999996,0.001,0.004
2010-01-08,0.99,0.0015,0.0034999999999999996,0.001,0.004
2010-01-11,0.99,0.0015,0.0034999999999999996,0.001,0.004
2010-01-12,0.99,0.0015,0.0034999999999999996,0.001,0.004
2010-01-13,0.99,0.0015,0.0034999999999999996,0.001,0.004
2010-01-14,0.99,0.0015,0.0034999999999999996,0.001,0.004
2010-01-15,0.99,0.0015,0.0034999999999999996,0.001,0.004
2010-01-19,0.99,0.0015,0.0034999999999999996,0.001,0.004
2010-01-20,0.99,0.0015,0.0034999999999999996,0.001,0.004
2010-01-21,0.99,0.0015,0.0034999999999999996,0.001,0.004
2010-01-22,0.99,0.0015,0.0034999999999999996,0.001,0.004
2010-01-25,0.99,0.0015,0.0034999999999999996,0.001,0.004
2010-01-26,0.99,0.0015,0.0034999999999999996,0.001,0.004
2010-01-27,0.99,0.0015,0.0034999999999999996,0.001,0.004
2010-01-28,0.99,0.0015,0.0034999999999999996,0.001,0.004
2010-01-29,0.99,0.0015,0.0034999999999999996,0.001,0.004
2010-02-01,0.99,0.0015,0.0034999999999999996,0.001,0.004
2010-02-02,0.99,0.0015,0.0034999999999999996,0.001,0.004
2010-02-03,0.99,0.0015,0.0034999999999999996,0.001,0.004
2010-02-04,0.99,0.0015,0.0034999999999999996,0.001,0.004
2010-02-05,0.99,0.0015,0.0034999999999999996,0.001,0.004
2010-02-08,0.99,0.0015,0.0034999999999999996,0.001,0.004
2010-02-09,0.99,0.0015,0.0034999999999999996,0.001,0.004
2010-02-10,0.99,0.0015,0.0034999999999999996,0.001,0.004
2010-02-11,0.99,0.0015,0.0034999999999999996,0.001,0.004
2010-02-12,0.99,0.0015,0.0034999999999999996,0.001,0.004
2010-02-16,0.99,0.0015,0.0034999999999999996,0.001,0.004
2010-02-17,0.99,0.0015,0.0034999999999999996,0.001,0.004
2010-02-18,0.99,0.0015,0.0034999999999999996,0.001,0.004
2010-02-19,0.99,0.0015,0.0034999999999999996,0.001,0.004
2010-02-22,0.99,0.0015,0.0034999999999999996,0.001,0.004
2010-02-23,0.99,0.0015,0.0034999999999999996,0.001,0.004
2010-02-24,0.99,0.0015,0.0034999999999999996,0.001,0.004
2010-02-25,0.99,0.0015,0.0034999999999999996,0.001,0.004
2010-02-26,0.99,0.0015,0.0034999999999999996,0.001,0.004
2010-03-01,0.99,0.0015,0.0034999999999999996,0.001,0.004
2010-03-02,0.99,0.0015,0.0034999999999999996,0.001,0.004
2010-03-03,0.99,0.0015,0.0034999999999999996,0.001,0.004
2010-03-04,0.99,0.0015,0.0034999999999999996,0.001,0.004
2010-03-05,0.99,0.0015,0.0034999999999999996,0.001,0.004
2010-03-08,0.99,0.0015,0.0034999999999999996,0.001,0.004
2010-03-09,0.99,0.0015,0.0034999999999999996,0.001,0.004
2010-03-10,0.99,0.0015,0.0034999999999999996,0.001,0.004
2010-03-11,0.99,0.0015,0.0034999999999999996,0.001,0.004
2010-03-12,0.99,0.0015,0.0034999999999999996,0.001,0.004
2010-03-15,0.99,0.0015,0.0034999999999999996,0.001,0.004
2010-03-16,0.99,0.0015,0.0034999999999999996,0.001,0.004
2010-03-17,0.99,0.0015,0.0034999999999999996,0.001,0.004
2010-03-18,0.99,0.0015,0.0034999999999999996,0.001,0.004
2010-03-19,0.99,0.0015,0.0034999999999999996,0.001,0.004
2010-03-22,0.99,0.0015,0.0034999999999999996,0.001,0.004
2010-03-23,0.99,0.0015,0.0034999999999999996,0.001,0.004
2010-03-24,0.99,0.0015,0.0034999999999999996,0.001,0.004
2010-03-25,0.99,0.0015,0.0034999999999999996,0.001,0.004
2010-03-26,0.99,0.0015,0.0034999999999999996,0.001,0.004
2010-03-29,0.99,0.0015,0.0034999999999999996,0.001,0.004
2010-03-30,0.99,0.0015,0.0034999999999999996,0.001,0.004
2010-03-31,0.99,0.0015,0.0034999999999999996,0.001,0.004
2010-04-01,0.99,0.0015,0.0034999999999999996,0.001,0.004
2010-04-05,0.99,0.0015,0.0034999999999999996,0.001,0.004
2010-04-06,0.99,0.0015,0.0034999999999999996,0.001,0.004
2010-04-07,0.99,0.0015,0.0034999999999999996,0.001,0.004
2010-04-08,0.99,0.0015,0.0034999999999999996,0.001,0.004
2010-04-09,0.99,0.0015,0.0034999999999999996,0.001,0.004
2010-04-12,0.99,0.0015,0.0034999999999999996,0.001,0.004
2010-04-13,0.99,0.0015,0.0034999999999999996,0.001,0.004
2010-04-14,0.99,0.0015,0.0034999999999999996,0.001,0.004
2010-04-15,0.99,0.0015,0.0034999999999999996,0.001,0.004
2010-04-16,0.99,0.0015,0.0034999999999999996,0.001,0.004
2010-04-19,0.99,0.0015,0.0034999999999999996,0.001,0.004
2010-04-20,0.99,0.0015,0.0034999999999999996,0.001,0.004
2010-04-21,0.99,0.0015,0.0034999999999999996,0.001,0.004
2010-04-22,0.99,0.0015,0.0034999999999999996,0.001,0.004
2010-04-23,0.99,0.0015,0.0034999999999999996,0.001,0.004
2010-04-26,0.99,0.0015,0.0034999999999999996,0.001,0.004
2010-04-27,0.99,0.0015,0.0034999999999999996,0.001,0.004
2010-04-28,0.99,0.0015,0.0034999999999999996,0.001,0.004
2010-04-29,0.99,0.0015,0.0034999999999999996,0.001,0.004
2010-04-30,0.99,0.0015,0.0034999999999999996,0.001,0.004
2010-05-03,0.99,0.0015,0.0034999999999999996,0.001,0.004
2010-05-04,0.99,0.0015,0.0034999999999999996,0.001,0.004
2010-05-05,0.99,0.0015,0.0034999999999999996,0.001,0.004
2010-05-06,0.99,0.0015,0.0034999999999999996,0.001,0.004
2010-05-07,0.99,0.0015,0.0034999999999999996,0.001,0.004
2010-05-10,0.99,0.0015,0.0034999999999999996,0.001,0.004
2010-05-11,0.99,0.0015,0.0034999999999999996,0.001,0.004
2010-05-12,0.99,0.0015,0.0034999999999999996,0.001,0.004
2010-05-13,0.99,0.0015,0.0034999999999999996,0.001,0.004
2010-05-14,0.99,0.0015,0.0034999999999999996,0.001,0.004
2010-05-17,0.99,0.0015,0.0034999999999999996,0.001,0.004
2010-05-18,0.99,0.0015,0.0034999999999999996,0.001,0.004
2010-05-19,0.99,0.0015,0.0034999999999999996,0.001,0.004
2010-05-20,0.99,0.0015,0.0034999999999999996,0.001,0.004
2010-05-21,0.99,0.0015,0.0034999999999999996,0.001,0.004
2010-05-24,0.99,0.0015,0.0034999999999999996,0.001,0.004
2010-05-25,0.99,0.0015,0.0034999999999999996,0.001,0.004
2010-05-26,0.99,0.0015,0.0034999999999999996,0.001,0.004
2010-05-27,0.99,0.0015,0.0034999999999999996,0.001,0.004
2010-05-28,0.99,0.0015,0.0034999999999999996,0.001,0.004
2010-06-01,0.99,0.0015,0.0034999999999999996,0.001,0.004
2010-06-02,0.6186092636646758,0.05720861045029862,0.13348675771736343,0.038139073633532417,0.15255629453412967
2010-06-03,0.6186092636646758,0.05720861045029862,0.13348675771736343,0.038139073633532417,0.15255629453412967
2010-06-04,0.6186092636646758,0.05720861045029862,0.13348675771736343,0.038139073633532417,0.15255629453412967
2010-06-07,0.6186092636646758,0.05720861045029862,0.13348675771736343,0.038139073633532417,0.15255629453412967
2010-06-08,0.6186092636646758,0.05720861045029862,0.13348675771736343,0.038139073633532417,0.15255629453412967
2010-06-09,0.6186092636646758,0.05720861045029862,0.13348675771736343,0.038139073633532417,0.15255629453412967
2010-06-10,0.6186092636646758,0.05720861045029862,0.13348675771736343,0.038139073633532417,0.15255629453412967
2010-06-11,0.6186092636646758,0.05720861045029862,0.13348675771736343,0.038139073633532417,0.15255629453412967
2010-06-14,0.6186092636646758,0.05720861045029862,0.13348675771736343,0.038139073633532417,0.15255629453412967
2010-06-15,0.6186092636646758,0.05720861045029862,0.13348675771736343,0.038139073633532417,0.15255629453412967
2010-06-16,0.6186092636646758,0.05720861045029862,0.13348675771736343,0.038139073633532417,0.15255629453412967
2010-06-17,0.6186092636646758,0.05720861045029862,0.13348675771736343,0.038139073633532417,0.15255629453412967
2010-06-18,0.6186092636646758,0.05720861045029862,0.13348675771736343,0.038139073633532417,0.15255629453412967
2010-06-21,0.6186092636646758,0.05720861045029862,0.13348675771736343,0.038139073633532417,0.15255629453412967
2010-06-22,0.6186092636646758,0.05720861045029862,0.13348675771736343,0.038139073633532417,0.15255629453412967
2010-06-23,0.6186092636646758,0.05720861045029862,0.13348675771736343,0.038139073633532417,0.15255629453412967
2010-06-24,0.6186092636646758,0.05720861045029862,0.13348675771736343,0.038139073633532417,0.15255629453412967
2010-06-25,0.6186092636646758,0.05720861045029862,0.13348675771736343,0.038139073633532417,0.15255629453412967
2010-06-28,0.6186092636646758,0.05720861045029862,0.13348675771736343,0.038139073633532417,0.15255629453412967
2010-06-29,0.6186092636646758,0.05720861045029862,0.13348675771736343,0.038139073633532417,0.15255629453412967
2010-06-30,0.6186092636646758,0.05720861045029862,0.13348675771736343,0.038139073633532417,0.15255629453412967
2010-07-01,0.6186092636646758,0.05720861045029862,0.13348675771736343,0.038139073633532417,0.15255629453412967
2010-07-02,0.8469823887417464,0.022952641688738052,0.053556163940388785,0.015301761125825368,0.06120704450330147
2010-07-06,0.8469823887417464,0.022952641688738052,0.053556163940388785,0.015301761125825368,0.06120704450330147
2010-07-07,0.8469823887417464,0.022952641688738052,0.053556163940388785,0.015301761125825368,0.06120704450330147
2010-07-08,0.8469823887417464,0.022952641688738052,0.053556163940388785,0.015301761125825368,0.06120704450330147
2010-07-09,0.8469823887417464,0.022952641688738052,0.053556163940388785,0.015301761125825368,0.06120704450330147
2010-07-12,0.8469823887417464,0.022952641688738052,0.053556163940388785,0.015301761125825368,0.06120704450330147
2010-07-13,0.8469823887417464,0.022952641688738052,0.053556163940388785,0.015301761125825368,0.06120704450330147
2010-07-14,0.8469823887417464,0.022952641688738052,0.053556163940388785,0.015301761125825368,0.06120704450330147
2010-07-15,0.8469823887417464,0.022952641688738052,0.053556163940388785,0.015301761125825368,0.06120704450330147
2010-07-16,0.8469823887417464,0.022952641688738052,0.053556163940388785,0.015301761125825368,0.06120704450330147
2010-07-19,0.8469823887417464,0.022952641688738052,0.053556163940388785,0.015301761125825368,0.06120704450330147
2010-07-20,0.8469823887417464,0.022952641688738052,0.053556163940388785,0.015301761125825368,0.06120704450330147
2010-07-21,0.8469823887417464,0.022952641688738052,0.053556163940388785,0.015301761125825368,0.06120704450330147
2010-07-22,0.8469823887417464,0.022952641688738052,0.053556163940388785,0.015301761125825368,0.06120704450330147
2010-07-23,0.8469823887417464,0.022952641688738052,0.053556163940388785,0.015301761125825368,0.06120704450330147
2010-07-26,0.8469823887417464,0.022952641688738052,0.053556163940388785,0.015301761125825368,0.06120704450330147
2010-07-27,0.8469823887417464,0.022952641688738052,0.053556163940388785,0.015301761125825368,0.06120704450330147
2010-07-28,0.8469823887417464,0.022952641688738052,0.053556163940388785,0.015301761125825368,0.06120704450330147
2010-07-29,0.8469823887417464,0.022952641688738052,0.053556163940388785,0.015301761125825368,0.06120704450330147
2010-07-30,0.8469823887417464,0.022952641688738052,0.053556163940388785,0.015301761125825368,0.06120704450330147
2010-08-02,0.8469823887417464,0.022952641688738052,0.053556163940388785,0.015301761125825368,0.06120704450330147
2010-08-03,0.99,0.0015,0.0034999999999999996,0.001,0.004
2010-08-04,0.99,0.0015,0.0034999999999999996,0.001,0.004
2010-08-05,0.99,0.0015,0.0034999999999999996,0.001,0.004
2010-08-06,0.99,0.0015,0.0034999999999999996,0.001,0.004
2010-08-09,0.99,0.0015,0.0034999999999999996,0.001,0.004
2010-08-10,0.99,0.0015,0.0034999999999999996,0.001,0.004
2010-08-11,0.99,0.0015,0.0034999999999999996,0.001,0.004
2010-08-12,0.99,0.0015,0.0034999999999999996,0.001,0.004
2010-08-13,0.99,0.0015,0.0034999999999999996,0.001,0.004
2010-08-16,0.99,0.0015,0.0034999999999999996,0.001,0.004
2010-08-17,0.99,0.0015,0.0034999999999999996,0.001,0.004
2010-08-18,0.99,0.0015,0.0034999999999999996,0.001,0.004
2010-08-19,0.99,0.0015,0.0034999999999999996,0.001,0.004
2010-08-20,0.99,0.0015,0.0034999999999999996,0.001,0.004
2010-08-23,0.99,0.0015,0.0034999999999999996,0.001,0.004
2010-08-24,0.99,0.0015,0.0034999999999999996,0.001,0.004
2010-08-25,0.99,0.0015,0.0034999999999999996,0.001,0.004
2010-08-26,0.99,0.0015,0.0034999999999999996,0.001,0.004
2010-08-27,0.99,0.0015,0.0034999999999999996,0.001,0.004
2010-08-30,0.99,0.0015,0.0034999999999999996,0.001,0.004
2010-08-31,0.99,0.0015,0.0034999999999999996,0.001,0.004
2010-09-01,0.99,0.0015,0.0034999999999999996,0.001,0.004
2010-09-02,0.99,0.0015,0.0034999999999999996,0.001,0.004
2010-09-03,0.99,0.0015,0.0034999999999999996,0.001,0.004
2010-09-07,0.99,0.0015,0.0034999999999999996,0.001,0.004
2010-09-08,0.99,0.0015,0.0034999999999999996,0.001,0.004
2010-09-09,0.99,0.0015,0.0034999999999999996,0.001,0.004
2010-09-10,0.99,0.0015,0.0034999999999999996,0.001,0.004
2010-09-13,0.99,0.0015,0.0034999999999999996,0.001,0.004
2010-09-14,0.99,0.0015,0.0034999999999999996,0.001,0.004
2010-09-15,0.99,0.0015,0.0034999999999999996,0.001,0.004
2010-09-16,0.99,0.0015,0.0034999999999999996,0.001,0.004
2010-09-17,0.99,0.0015,0.0034999999999999996,0.001,0.004
2010-09-20,0.99,0.0015,0.0034999999999999996,0.001,0.004
2010-09-21,0.99,0.0015,0.0034999999999999996,0.001,0.004
2010-09-22,0.99,0.0015,0.0034999999999999996,0.001,0.004
2010-09-23,0.99,0.0015,0.0034999999999999996,0.001,0.004
2010-09-24,0.99,0.0015,0.0034999999999999996,0.001,0.004
2010-09-27,0.99,0.0015,0.0034999999999999996,0.001,0.004
2010-09-28,0.99,0.0015,0.0034999999999999996,0.001,0.004
2010-09-29,0.99,0.0015,0.0034999999999999996,0.001,0.004
2010-09-30,0.99,0.0015,0.0034999999999999996,0.001,0.004
2010-10-01,0.99,0.0015,0.0034999999999999996,0.001,0.004
2010-10-04,0.99,0.0015,0.0034999999999999996,0.001,0.004
2010-10-05,0.99,0.0015,0.0034999999999999996,0.001,0.004
2010-10-06,0.99,0.0015,0.0034999999999999996,0.001,0.004
2010-10-07,0.99,0.0015,0.0034999999999999996,0.001,0.004
2010-10-08,0.99,0.0015,0.0034999999999999996,0.001,0.004
2010-10-11,0.99,0.0015,0.0034999999999999996,0.001,0.004
2010-10-12,0.99,0.0015,0.0034999999999999996,0.001,0.004
2010-10-13,0.99,0.0015,0.0034999999999999996,0.001,0.004
2010-10-14,0.99,0.0015,0.0034999999999999996,0.001,0.004
2010-10-15,0.99,0.0015,0.0034999999999999996,0.001,0.004
2010-10-18,0.99,0.0015,0.0034999999999999996,0.001,0.004
2010-10-19,0.99,0.0015,0.0034999999999999996,0.001,0.004
2010-10-20,0.99,0.0015,0.0034999999999999996,0.001,0.004
2010-10-21,0.99,0.0015,0.0034999999999999996,0.001,0.004
2010-10-22,0.99,0.0015,0.0034999999999999996,0.001,0.004
2010-10-25,0.99,0.0015,0.0034999999999999996,0.001,0.004
2010-10-26,0.99,0.0015,0.0034999999999999996,0.001,0.004
2010-10-27,0.99,0.0015,0.0034999999999999996,0.001,0.004
2010-10-28,0.99,0.0015,0.0034999999999999996,0.001,0.004
2010-10-29,0.99,0.0015,0.0034999999999999996,0.001,0.004
2010-11-01,0.99,0.0015,0.0034999999999999996,0.001,0.004
2010-11-02,0.99,0.0015,0.0034999999999999996,0.001,0.004
2010-11-03,0.99,0.0015,0.0034999999999999996,0.001,0.004
2010-11-04,0.99,0.0015,0.0034999999999999996,0.001,0.004
2010-11-05,0.99,0.0015,0.0034999999999999996,0.001,0.004
2010-11-08,0.99,0.0015,0.0034999999999999996,0.001,0.004
2010-11-09,0.99,0.0015,0.0034999999999999996,0.001,0.004
2010-11-10,0.99,0.0015,0.0034999999999999996,0.001,0.004
2010-11-11,0.99,0.0015,0.0034999999999999996,0.001,0.004
2010-11-12,0.99,0.0015,0.0034999999999999996,0.001,0.004
2010-11-15,0.99,0.0015,0.0034999999999999996,0.001,0.004
2010-11-16,0.99,0.0015,0.0034999999999999996,0.001,0.004
2010-11-17,0.99,0.0015,0.0034999999999999996,0.001,0.004
2010-11-18,0.99,0.0015,0.0034999999999999996,0.001,0.004
2010-11-19,0.99,0.0015,0.0034999999999999996,0.001,0.004
2010-11-22,0.99,0.0015,0.0034999999999999996,0.001,0.004
2010-11-23,0.99,0.0015,0.0034999999999999996,0.001,0.004
2010-11-24,0.99,0.0015,0.0034999999999999996,0.001,0.004
2010-11-26,0.99,0.0015,0.0034999999999999996,0.001,0.004
2010-11-29,0.99,0.0015,0.0034999999999999996,0.001,0.004
2010-11-30,0.99,0.0015,0.0034999999999999996,0.001,0.004
2010-12-01,0.99,0.0015,0.0034999999999999996,0.001,0.004
2010-12-02,0.99,0.0015,0.0034999999999999996,0.001,0.004
2010-12-03,0.99,0.0015,0.0034999999999999996,0.001,0.004
2010-12-06,0.99,0.0015,0.0034999999999999996,0.001,0.004
2010-12-07,0.99,0.0015,0.0034999999999999996,0.001,0.004
2010-12-08,0.99,0.0015,0.0034999999999999996,0.001,0.004
2010-12-09,0.99,0.0015,0.0034999999999999996,0.001,0.004
2010-12-10,0.99,0.0015,0.0034999999999999996,0.001,0.004
2010-12-13,0.99,0.0015,0.0034999999999999996,0.001,0.004
2010-12-14,0.99,0.0015,0.0034999999999999996,0.001,0.004
2010-12-15,0.99,0.0015,0.0034999999999999996,0.001,0.004
2010-12-16,0.99,0.0015,0.0034999999999999996,0.001,0.004
2010-12-17,0.99,0.0015,0.0034999999999999996,0.001,0.004
2010-12-20,0.99,0.0015,0.0034999999999999996,0.001,0.004
2010-12-21,0.99,0.0015,0.0034999999999999996,0.001,0.004
2010-12-22,0.99,0.0015,0.0034999999999999996,0.001,0.004
2010-12-23,0.99,0.0015,0.0034999999999999996,0.001,0.004
2010-12-27,0.99,0.0015,0.0034999999999999996,0.001,0.004
2010-12-28,0.99,0.0015,0.0034999999999999996,0.001,0.004
2010-12-29,0.99,0.0015,0.0034999999999999996,0.001,0.004
2010-12-30,0.99,0.0015,0.0034999999999999996,0.001,0.004
2010-12-31,0.99,0.0015,0.0034999999999999996,0.001,0.004
2011-01-03,0.99,0.0015,0.0034999999999999996,0.001,0.004
2011-01-04,0.99,0.0015,0.0034999999999999996,0.001,0.004
2011-01-05,0.99,0.0015,0.0034999999999999996,0.001,0.004
2011-01-06,0.99,0.0015,0.0034999999999999996,0.001,0.004
2011-01-07,0.99,0.0015,0.0034999999999999996,0.001,0.004
2011-01-10,0.99,0.0015,0.0034999999999999996,0.001,0.004
2011-01-11,0.99,0.0015,0.0034999999999999996,0.001,0.004
2011-01-12,0.99,0.0015,0.0034999999999999996,0.001,0.004
2011-01-13,0.99,0.0015,0.0034999999999999996,0.001,0.004
2011-01-14,0.99,0.0015,0.0034999999999999996,0.001,0.004
2011-01-18,0.99,0.0015,0.0034999999999999996,0.001,0.004
2011-01-19,0.99,0.0015,0.0034999999999999996,0.001,0.004
2011-01-20,0.99,0.0015,0.0034999999999999996,0.001,0.004
2011-01-21,0.99,0.0015,0.0034999999999999996,0.001,0.004
2011-01-24,0.99,0.0015,0.0034999999999999996,0.001,0.004
2011-01-25,0.99,0.0015,0.0034999999999999996,0.001,0.004
2011-01-26,0.99,0.0015,0.0034999999999999996,0.001,0.004
2011-01-27,0.99,0.0015,0.0034999999999999996,0.001,0.004
2011-01-28,0.99,0.0015,0.0034999999999999996,0.001,0.004
2011-01-31,0.99,0.0015,0.0034999999999999996,0.001,0.004
2011-02-01,0.99,0.0015,0.0034999999999999996,0.001,0.004
2011-02-02,0.99,0.0015,0.0034999999999999996,0.001,0.004
2011-02-03,0.99,0.0015,0.0034999999999999996,0.001,0.004
2011-02-04,0.99,0.0015,0.0034999999999999996,0.001,0.004
2011-02-07,0.99,0.0015,0.0034999999999999996,0.001,0.004
2011-02-08,0.99,0.0015,0.0034999999999999996,0.001,0.004
2011-02-09,0.99,0.0015,0.0034999999999999996,0.001,0.004
2011-02-10,0.99,0.0015,0.0034999999999999996,0.001,0.004
2011-02-11,0.99,0.0015,0.0034999999999999996,0.001,0.004
2011-02-14,0.99,0.0015,0.0034999999999999996,0.001,0.004
2011-02-15,0.99,0.0015,0.0034999999999999996,0.001,0.004
2011-02-16,0.99,0.0015,0.0034999999999999996,0.001,0.004
2011-02-17,0.99,0.0015,0.0034999999999999996,0.001,0.004
2011-02-18,0.99,0.0015,0.0034999999999999996,0.001,0.004
2011-02-22,0.99,0.0015,0.0034999999999999996,0.001,0.004
2011-02-23,0.99,0.0015,0.0034999999999999996,0.001,0.004
2011-02-24,0.99,0.0015,0.0034999999999999996,0.001,0.004
2011-02-25,0.99,0.0015,0.0034999999999999996,0.001,0.004
2011-02-28,0.99,0.0015,0.0034999999999999996,0.001,0.004
2011-03-01,0.99,0.0015,0.0034999999999999996,0.001,0.004
2011-03-02,0.99,0.0015,0.0034999999999999996,0.001,0.004
2011-03-03,0.99,0.0015,0.0034999999999999996,0.001,0.004
2011-03-04,0.99,0.0015,0.0034999999999999996,0.001,0.004
2011-03-07,0.99,0.0015,0.0034999999999999996,0.001,0.004
2011-03-08,0.99,0.0015,0.0034999999999999996,0.001,0.004
2011-03-09,0.99,0.0015,0.0034999999999999996,0.001,0.004
2011-03-10,0.99,0.0015,0.0034999999999999996,0.001,0.004
2011-03-11,0.99,0.0015,0.0034999999999999996,0.001,0.004
2011-03-14,0.99,0.0015,0.0034999999999999996,0.001,0.004
2011-03-15,0.99,0.0015,0.0034999999999999996,0.001,0.004
2011-03-16,0.99,0.0015,0.0034999999999999996,0.001,0.004
2011-03-17,0.99,0.0015,0.0034999999999999996,0.001,0.004
2011-03-18,0.99,0.0015,0.0034999999999999996,0.001,0.004
2011-03-21,0.99,0.0015,0.0034999999999999996,0.001,0.004
2011-03-22,0.99,0.0015,0.0034999999999999996,0.001,0.004
2011-03-23,0.99,0.0015,0.0034999999999999996,0.001,0.004
2011-03-24,0.99,0.0015,0.0034999999999999996,0.001,0.004
2011-03-25,0.99,0.0015,0.0034999999999999996,0.001,0.004
2011-03-28,0.99,0.0015,0.0034999999999999996,0.001,0.004
2011-03-29,0.99,0.0015,0.0034999999999999996,0.001,0.004
2011-03-30,0.99,0.0015,0.0034999999999999996,0.001,0.004
2011-03-31,0.99,0.0015,0.0034999999999999996,0.001,0.004
2011-04-01,0.99,0.0015,0.0034999999999999996,0.001,0.004
2011-04-04,0.99,0.0015,0.0034999999999999996,0.001,0.004
2011-04-05,0.99,0.0015,0.0034999999999999996,0.001,0.004
2011-04-06,0.99,0.0015,0.0034999999999999996,0.001,0.004
2011-04-07,0.99,0.0015,0.0034999999999999996,0.001,0.004
2011-04-08,0.99,0.0015,0.0034999999999999996,0.001,0.004
2011-04-11,0.99,0.0015,0.0034999999999999996,0.001,0.004
2011-04-12,0.99,0.0015,0.0034999999999999996,0.001,0.004
2011-04-13,0.99,0.0015,0.0034999999999999996,0.001,0.004
2011-04-14,0.99,0.0015,0.0034999999999999996,0.001,0.004
2011-04-15,0.99,0.0015,0.0034999999999999996,0.001,0.004
2011-04-18,0.99,0.0015,0.0034999999999999996,0.001,0.004
2011-04-19,0.99,0.0015,0.0034999999999999996,0.001,0.004
2011-04-20,0.99,0.0015,0.0034999999999999996,0.001,0.004
2011-04-21,0.99,0.0015,0.0034999999999999996,0.001,0.004
2011-04-25,0.99,0.0015,0.0034999999999999996,0.001,0.004
2011-04-26,0.99,0.0015,0.0034999999999999996,0.001,0.004
2011-04-27,0.99,0.0015,0.0034999999999999996,0.001,0.004
2011-04-28,0.99,0.0015,0.0034999999999999996,0.001,0.004
2011-04-29,0.99,0.0015,0.0034999999999999996,0.001,0.004
2011-05-02,0.99,0.0015,0.0034999999999999996,0.001,0.004
2011-05-03,0.99,0.0015,0.0034999999999999996,0.001,0.004
2011-05-04,0.99,0.0015,0.0034999999999999996,0.001,0.004
2011-05-05,0.99,0.0015,0.0034999999999999996,0.001,0.004
2011-05-06,0.99,0.0015,0.0034999999999999996,0.001,0.004
2011-05-09,0.99,0.0015,0.0034999999999999996,0.001,0.004
2011-05-10,0.99,0.0015,0.0034999999999999996,0.001,0.004
2011-05-11,0.99,0.0015,0.0034999999999999996,0.001,0.004
2011-05-12,0.99,0.0015,0.0034999999999999996,0.001,0.004
2011-05-13,0.99,0.0015,0.0034999999999999996,0.001,0.004
2011-05-16,0.99,0.0015,0.0034999999999999996,0.001,0.004
2011-05-17,0.99,0.0015,0.0034999999999999996,0.001,0.004
2011-05-18,0.99,0.0015,0.0034999999999999996,0.001,0.004
2011-05-19,0.99,0.0015,0.0034999999999999996,0.001,0.004
2011-05-20,0.99,0.0015,0.0034999999999999996,0.001,0.004
2011-05-23,0.99,0.0015,0.0034999999999999996,0.001,0.004
2011-05-24,0.99,0.0015,0.0034999999999999996,0.001,0.004
2011-05-25,0.99,0.0015,0.0034999999999999996,0.001,0.004
2011-05-26,0.99,0.0015,0.0034999999999999996,0.001,0.004
2011-05-27,0.99,0.0015,0.0034999999999999996,0.001,0.004
2011-05-31,0.99,0.0015,0.0034999999999999996,0.001,0.004
2011-06-01,0.99,0.0015,0.0034999999999999996,0.001,0.004
2011-06-02,0.99,0.0015,0.0034999999999999996,0.001,0.004
2011-06-03,0.99,0.0015,0.0034999999999999996,0.001,0.004
2011-06-06,0.99,0.0015,0.0034999999999999996,0.001,0.004
2011-06-07,0.99,0.0015,0.0034999999999999996,0.001,0.004
2011-06-08,0.99,0.0015,0.0034999999999999996,0.001,0.004
2011-06-09,0.99,0.0015,0.0034999999999999996,0.001,0.004
2011-06-10,0.99,0.0015,0.0034999999999999996,0.001,0.004
2011-06-13,0.99,0.0015,0.0034999999999999996,0.001,0.004
2011-06-14,0.99,0.0015,0.0034999999999999996,0.001,0.004
2011-06-15,0.99,0.0015,0.0034999999999999996,0.001,0.004
2011-06-16,0.99,0.0015,0.0034999999999999996,0.001,0.004
2011-06-17,0.99,0.0015,0.0034999999999999996,0.001,0.004
2011-06-20,0.99,0.0015,0.0034999999999999996,0.001,0.004
2011-06-21,0.99,0.0015,0.0034999999999999996,0.001,0.004
2011-06-22,0.99,0.0015,0.0034999999999999996,0.001,0.004
2011-06-23,0.99,0.0015,0.0034999999999999996,0.001,0.004
2011-06-24,0.99,0.0015,0.0034999999999999996,0.001,0.004
2011-06-27,0.99,0.0015,0.0034999999999999996,0.001,0.004
2011-06-28,0.99,0.0015,0.0034999999999999996,0.001,0.004
2011-06-29,0.99,0.0015,0.0034999999999999996,0.001,0.004
2011-06-30,0.99,0.0015,0.0034999999999999996,0.001,0.004
2011-07-01,0.99,0.0015,0.0034999999999999996,0.001,0.004
2011-07-05,0.99,0.0015,0.0034999999999999996,0.001,0.004
2011-07-06,0.99,0.0015,0.0034999999999999996,0.001,0.004
2011-07-07,0.99,0.0015,0.0034999999999999996,0.001,0.004
2011-07-08,0.99,0.0015,0.0034999999999999996,0.001,0.004
2011-07-11,0.99,0.0015,0.0034999999999999996,0.001,0.004
2011-07-12,0.99,0.0015,0.0034999999999999996,0.001,0.004
2011-07-13,0.99,0.0015,0.0034999999999999996,0.001,0.004
2011-07-14,0.99,0.0015,0.0034999999999999996,0.001,0.004
2011-07-15,0.99,0.0015,0.0034999999999999996,0.001,0.004
2011-07-18,0.99,0.0015,0.0034999999999999996,0.001,0.004
2011-07-19,0.99,0.0015,0.0034999999999999996,0.001,0.004
2011-07-20,0.99,0.0015,0.0034999999999999996,0.001,0.004
2011-07-21,0.99,0.0015,0.0034999999999999996,0.001,0.004
2011-07-22,0.99,0.0015,0.0034999999999999996,0.001,0.004
2011-07-25,0.99,0.0015,0.0034999999999999996,0.001,0.004
2011-07-26,0.99,0.0015,0.0034999999999999996,0.001,0.004
2011-07-27,0.99,0.0015,0.0034999999999999996,0.001,0.004
2011-07-28,0.99,0.0015,0.0034999999999999996,0.001,0.004
2011-07-29,0.99,0.0015,0.0034999999999999996,0.001,0.004
2011-08-01,0.99,0.0015,0.0034999999999999996,0.001,0.004
2011-08-02,0.99,0.0015,0.0034999999999999996,0.001,0.004
2011-08-03,0.99,0.0015,0.0034999999999999996,0.001,0.004
2011-08-04,0.99,0.0015,0.0034999999999999996,0.001,0.004
2011-08-05,0.99,0.0015,0.0034999999999999996,0.001,0.004
2011-08-08,0.99,0.0015,0.0034999999999999996,0.001,0.004
2011-08-09,0.99,0.0015,0.0034999999999999996,0.001,0.004
2011-08-10,0.99,0.0015,0.0034999999999999996,0.001,0.004
2011-08-11,0.99,0.0015,0.0034999999999999996,0.001,0.004
2011-08-12,0.99,0.0015,0.0034999999999999996,0.001,0.004
2011-08-15,0.99,0.0015,0.0034999999999999996,0.001,0.004
2011-08-16,0.99,0.0015,0.0034999999999999996,0.001,0.004
2011-08-17,0.99,0.0015,0.0034999999999999996,0.001,0.004
2011-08-18,0.99,0.0015,0.0034999999999999996,0.001,0.004
2011-08-19,0.99,0.0015,0.0034999999999999996,0.001,0.004
2011-08-22,0.99,0.0015,0.0034999999999999996,0.001,0.004
2011-08-23,0.99,0.0015,0.0034999999999999996,0.001,0.004
2011-08-24,0.99,0.0015,0.0034999999999999996,0.001,0.004
2011-08-25,0.99,0.0015,0.0034999999999999996,0.001,0.004
2011-08-26,0.99,0.0015,0.0034999999999999996,0.001,0.004
2011-08-29,0.99,0.0015,0.0034999999999999996,0.001,0.004
2011-08-30,0.99,0.0015,0.0034999999999999996,0.001,0.004
2011-08-31,0.99,0.0015,0.0034999999999999996,0.001,0.004
2011-09-01,0.99,0.0015,0.0034999999999999996,0.001,0.004
2011-09-02,0.7291907186733595,0.040621392198996076,0.09478324846432416,0.02708092813266405,0.1083237125306562
2011-09-06,0.7291907186733595,0.040621392198996076,0.09478324846432416,0.02708092813266405,0.1083237125306562
2011-09-07,0.7291907186733595,0.040621392198996076,0.09478324846432416,0.02708092813266405,0.1083237125306562
2011-09-08,0.7291907186733595,0.040621392198996076,0.09478324846432416,0.02708092813266405,0.1083237125306562
2011-09-09,0.7291907186733595,0.040621392198996076,0.09478324846432416,0.02708092813266405,0.1083237125306562
2011-09-12,0.7291907186733595,0.040621392198996076,0.09478324846432416,0.02708092813266405,0.1083237125306562
2011-09-13,0.7291907186733595,0.040621392198996076,0.09478324846432416,0.02708092813266405,0.1083237125306562
2011-09-14,0.7291907186733595,0.040621392198996076,0.09478324846432416,0.02708092813266405,0.1083237125306562
2011-09-15,0.7291907186733595,0.040621392198996076,0.09478324846432416,0.02708092813266405,0.1083237125306562
2011-09-16,0.7291907186733595,0.040621392198996076,0.09478324846432416,0.02708092813266405,0.1083237125306562
2011-09-19,0.7291907186733595,0.040621392198996076,0.09478324846432416,0.02708092813266405,0.1083237125306562
2011-09-20,0.7291907186733595,0.040621392198996076,0.09478324846432416,0.02708092813266405,0.1083237125306562
2011-09-21,0.7291907186733595,0.040621392198996076,0.09478324846432416,0.02708092813266405,0.1083237125306562
2011-09-22,0.7291907186733595,0.040621392198996076,0.09478324846432416,0.02708092813266405,0.1083237125306562
2011-09-23,0.7291907186733595,0.040621392198996076,0.09478324846432416,0.02708092813266405,0.1083237125306562
2011-09-26,0.7291907186733595,0.040621392198996076,0.09478324846432416,0.02708092813266405,0.1083237125306562
2011-09-27,0.7291907186733595,0.040621392198996076,0.09478324846432416,0.02708092813266405,0.1083237125306562
2011-09-28,0.7291907186733595,0.040621392198996076,0.09478324846432416,0.02708092813266405,0.1083237125306562
2011-09-29,0.7291907186733595,0.040621392198996076,0.09478324846432416,0.02708092813266405,0.1083237125306562
2011-09-30,0.7291907186733595,0.040621392198996076,0.09478324846432416,0.02708092813266405,0.1083237125306562
2011-10-03,0.7291907186733595,0.040621392198996076,0.09478324846432416,0.02708092813266405,0.1083237125306562
2011-10-04,0.8164815101828301,0.027527773472575505,0.0642314714360095,0.018351848981717003,0.07340739592686801
2011-10-05,0.8164815101828301,0.027527773472575505,0.0642314714360095,0.018351848981717003,0.07340739592686801
2011-10-06,0.8164815101828301,0.027527773472575505,0.0642314714360095,0.018351848981717003,0.07340739592686801
2011-10-07,0.8164815101828301,0.027527773472575505,0.0642314714360095,0.018351848981717003,0.07340739592686801
2011-10-10,0.8164815101828301,0.027527773472575505,0.0642314714360095,0.018351848981717003,0.07340739592686801
2011-10-11,0.8164815101828301,0.027527773472575505,0.0642314714360095,0.018351848981717003,0.07340739592686801
2011-10-12,0.8164815101828301,0.027527773472575505,0.0642314714360095,0.018351848981717003,0.07340739592686801
2011-10-13,0.8164815101828301,0.027527773472575505,0.0642314714360095,0.018351848981717003,0.07340739592686801
2011-10-14,0.8164815101828301,0.027527773472575505,0.0642314714360095,0.018351848981717003,0.07340739592686801
2011-10-17,0.8164815101828301,0.027527773472575505,0.0642314714360095,0.018351848981717003,0.07340739592686801
2011-10-18,0.8164815101828301,0.027527773472575505,0.0642314714360095,0.018351848981717003,0.07340739592686801
2011-10-19,0.8164815101828301,0.027527773472575505,0.0642314714360095,0.018351848981717003,0.07340739592686801
2011-10-20,0.8164815101828301,0.027527773472575505,0.0642314714360095,0.018351848981717003,0.07340739592686801
2011-10-21,0.8164815101828301,0.027527773472575505,0.0642314714360095,0.018351848981717003,0.07340739592686801
2011-10-24,0.8164815101828301,0.027527773472575505,0.0642314714360095,0.018351848981717003,0.07340739592686801
2011-10-25,0.8164815101828301,0.027527773472575505,0.0642314714360095,0.018351848981717003,0.07340739592686801
2011-10-26,0.8164815101828301,0.027527773472575505,0.0642314714360095,0.018351848981717003,0.07340739592686801
2011-10-27,0.8164815101828301,0.027527773472575505,0.0642314714360095,0.018351848981717003,0.07340739592686801
2011-10-28,0.8164815101828301,0.027527773472575505,0.0642314714360095,0.018351848981717003,0.07340739592686801
2011-10-31,0.8164815101828301,0.027527773472575505,0.0642314714360095,0.018351848981717003,0.07340739592686801
2011-11-01,0.8164815101828301,0.027527773472575505,0.0642314714360095,0.018351848981717003,0.07340739592686801
2011-11-02,0.7824412194134702,0.03263381708797946,0.07614557320528541,0.021755878058652974,0.0870235122346119
2011-11-03,0.7824412194134702,0.03263381708797946,0.07614557320528541,0.021755878058652974,0.0870235122346119
2011-11-04,0.7824412194134702,0.03263381708797946,0.07614557320528541,0.021755878058652974,0.0870235122346119
2011-11-07,0.7824412194134702,0.03263381708797946,0.07614557320528541,0.021755878058652974,0.0870235122346119
2011-11-08,0.7824412194134702,0.03263381708797946,0.07614557320528541,0.021755878058652974,0.0870235122346119
2011-11-09,0.7824412194134702,0.03263381708797946,0.07614557320528541,0.021755878058652974,0.0870235122346119
2011-11-10,0.7824412194134702,0.03263381708797946,0.07614557320528541,0.021755878058652974,0.0870235122346119
2011-11-11,0.7824412194134702,0.03263381708797946,0.07614557320528541,0.021755878058652974,0.0870235122346119
2011-11-14,0.7824412194134702,0.03263381708797946,0.07614557320528541,0.021755878058652974,0.0870235122346119
2011-11-15,0.7824412194134702,0.03263381708797946,0.07614557320528541,0.021755878058652974,0.0870235122346119
2011-11-16,0.7824412194134702,0.03263381708797946,0.07614557320528541,0.021755878058652974,0.0870235122346119
2011-11-17,0.7824412194134702,0.03263381708797946,0.07614557320528541,0.021755878058652974,0.0870235122346119
2011-11-18,0.7824412194134702,0.03263381708797946,0.07614557320528541,0.021755878058652974,0.0870235122346119
2011-11-21,0.7824412194134702,0.03263381708797946,0.07614557320528541,0.021755878058652974,0.0870235122346119
2011-11-22,0.7824412194134702,0.03263381708797946,0.07614557320528541,0.021755878058652974,0.0870235122346119
2011-11-23,0.7824412194134702,0.03263381708797946,0.07614557320528541,0.021755878058652974,0.0870235122346119
2011-11-25,0.7824412194134702,0.03263381708797946,0.07614557320528541,0.021755878058652974,0.0870235122346119
2011-11-28,0.7824412194134702,0.03263381708797946,0.07614557320528541,0.021755878058652974,0.0870235122346119
2011-11-29,0.7824412194134702,0.03263381708797946,0.07614557320528541,0.021755878058652974,0.0870235122346119
2011-11-30,0.7824412194134702,0.03263381708797946,0.07614557320528541,0.021755878058652974,0.0870235122346119
2011-12-01,0.7824412194134702,0.03263381708797946,0.07614557320528541,0.021755878058652974,0.0870235122346119
2011-12-02,0.8554180968006336,0.021687285479904946,0.05060366611977821,0.014458190319936632,0.05783276127974653
2011-12-05,0.8554180968006336,0.021687285479904946,0.05060366611977821,0.014458190319936632,0.05783276127974653
2011-12-06,0.8554180968006336,0.021687285479904946,0.05060366611977821,0.014458190319936632,0.05783276127974653
2011-12-07,0.8554180968006336,0.021687285479904946,0.05060366611977821,0.014458190319936632,0.05783276127974653
2011-12-08,0.8554180968006336,0.021687285479904946,0.05060366611977821,0.014458190319936632,0.05783276127974653
2011-12-09,0.8554180968006336,0.021687285479904946,0.05060366611977821,0.014458190319936632,0.05783276127974653
2011-12-12,0.8554180968006336,0.021687285479904946,0.05060366611977821,0.014458190319936632,0.05783276127974653
2011-12-13,0.8554180968006336,0.021687285479904946,0.05060366611977821,0.014458190319936632,0.05783276127974653
2011-12-14,0.8554180968006336,0.021687285479904946,0.05060366611977821,0.014458190319936632,0.05783276127974653
2011-12-15,0.8554180968006336,0.021687285479904946,0.05060366611977821,0.014458190319936632,0.05783276127974653
2011-12-16,0.8554180968006336,0.021687285479904946,0.05060366611977821,0.014458190319936632,0.05783276127974653
2011-12-19,0.8554180968006336,0.021687285479904946,0.05060366611977821,0.014458190319936632,0.05783276127974653
2011-12-20,0.8554180968006336,0.021687285479904946,0.05060366611977821,0.014458190319936632,0.05783276127974653
2011-12-21,0.8554180968006336,0.021687285479904946,0.05060366611977821,0.014458190319936632,0.05783276127974653
2011-12-22,0.8554180968006336,0.021687285479904946,0.05060366611977821,0.014458190319936632,0.05783276127974653
2011-12-23,0.8554180968006336,0.021687285479904946,0.05060366611977821,0.014458190319936632,0.05783276127974653
2011-12-27,0.8554180968006336,0.021687285479904946,0.05060366611977821,0.014458190319936632,0.05783276127974653
2011-12-28,0.8554180968006336,0.021687285479904946,0.05060366611977821,0.014458190319936632,0.05783276127974653
2011-12-29,0.8554180968006336,0.021687285479904946,0.05060366611977821,0.014458190319936632,0.05783276127974653
2011-12-30,0.8554180968006336,0.021687285479904946,0.05060366611977821,0.014458190319936632,0.05783276127974653
2012-01-03,0.8554180968006336,0.021687285479904946,0.05060366611977821,0.014458190319936632,0.05783276127974653
2012-01-04,0.99,0.0015,0.0034999999999999996,0.001,0.004
2012-01-05,0.99,0.0015,0.0034999999999999996,0.001,0.004
2012-01-06,0.99,0.0015,0.0034999999999999996,0.001,0.004
2012-01-09,0.99,0.0015,0.0034999999999999996,0.001,0.004
2012-01-10,0.99,0.0015,0.0034999999999999996,0.001,0.004
2012-01-11,0.99,0.0015,0.0034999999999999996,0.001,0.004
2012-01-12,0.99,0.0015,0.0034999999999999996,0.001,0.004
2012-01-13,0.99,0.0015,0.0034999999999999996,0.001,0.004
2012-01-17,0.99,0.0015,0.0034999999999999996,0.001,0.004
2012-01-18,0.99,0.0015,0.0034999999999999996,0.001,0.004
2012-01-19,0.99,0.0015,0.0034999999999999996,0.001,0.004
2012-01-20,0.99,0.0015,0.0034999999999999996,0.001,0.004
2012-01-23,0.99,0.0015,0.0034999999999999996,0.001,0.004
2012-01-24,0.99,0.0015,0.0034999999999999996,0.001,0.004
2012-01-25,0.99,0.0015,0.0034999999999999996,0.001,0.004
2012-01-26,0.99,0.0015,0.0034999999999999996,0.001,0.004
2012-01-27,0.99,0.0015,0.0034999999999999996,0.001,0.004
2012-01-30,0.99,0.0015,0.0034999999999999996,0.001,0.004
2012-01-31,0.99,0.0015,0.0034999999999999996,0.001,0.004
2012-02-01,0.99,0.0015,0.0034999999999999996,0.001,0.004
2012-02-02,0.99,0.0015,0.0034999999999999996,0.001,0.004
2012-02-03,0.99,0.0015,0.0034999999999999996,0.001,0.004
2012-02-06,0.99,0.0015,0.0034999999999999996,0.001,0.004
2012-02-07,0.99,0.0015,0.0034999999999999996,0.001,0.004
2012-02-08,0.99,0.0015,0.0034999999999999996,0.001,0.004
2012-02-09,0.99,0.0015,0.0034999999999999996,0.001,0.004
2012-02-10,0.99,0.0015,0.0034999999999999996,0.001,0.004
2012-02-13,0.99,0.0015,0.0034999999999999996,0.001,0.004
2012-02-14,0.99,0.0015,0.0034999999999999996,0.001,0.004
2012-02-15,0.99,0.0015,0.0034999999999999996,0.001,0.004
2012-02-16,0.99,0.0015,0.0034999999999999996,0.001,0.004
2012-02-17,0.99,0.0015,0.0034999999999999996,0.001,0.004
2012-02-21,0.99,0.0015,0.0034999999999999996,0.001,0.004
2012-02-22,0.99,0.0015,0.0034999999999999996,0.001,0.004
2012-02-23,0.99,0.0015,0.0034999999999999996,0.001,0.004
2012-02-24,0.99,0.0015,0.0034999999999999996,0.001,0.004
2012-02-27,0.99,0.0015,0.0034999999999999996,0.001,0.004
2012-02-28,0.99,0.0015,0.0034999999999999996,0.001,0.004
2012-02-29,0.99,0.0015,0.0034999999999999996,0.001,0.004
2012-03-01,0.99,0.0015,0.0034999999999999996,0.001,0.004
2012-03-02,0.99,0.0015,0.0034999999999999996,0.001,0.004
2012-03-05,0.99,0.0015,0.0034999999999999996,0.001,0.004
2012-03-06,0.99,0.0015,0.0034999999999999996,0.001,0.004
2012-03-07,0.99,0.0015,0.0034999999999999996,0.001,0.004
2012-03-08,0.99,0.0015,0.0034999999999999996,0.001,0.004
2012-03-09,0.99,0.0015,0.0034999999999999996,0.001,0.004
2012-03-12,0.99,0.0015,0.0034999999999999996,0.001,0.004
2012-03-13,0.99,0.0015,0.0034999999999999996,0.001,0.004
2012-03-14,0.99,0.0015,0.0034999999999999996,0.001,0.004
2012-03-15,0.99,0.0015,0.0034999999999999996,0.001,0.004
2012-03-16,0.99,0.0015,0.0034999999999999996,0.001,0.004
2012-03-19,0.99,0.0015,0.0034999999999999996,0.001,0.004
2012-03-20,0.99,0.0015,0.0034999999999999996,0.001,0.004
2012-03-21,0.99,0.0015,0.0034999999999999996,0.001,0.004
2012-03-22,0.99,0.0015,0.0034999999999999996,0.001,0.004
2012-03-23,0.99,0.0015,0.0034999999999999996,0.001,0.004
2012-03-26,0.99,0.0015,0.0034999999999999996,0.001,0.004
2012-03-27,0.99,0.0015,0.0034999999999999996,0.001,0.004
2012-03-28,0.99,0.0015,0.0034999999999999996,0.001,0.004
2012-03-29,0.99,0.0015,0.0034999999999999996,0.001,0.004
2012-03-30,0.99,0.0015,0.0034999999999999996,0.001,0.004
2012-04-02,0.99,0.0015,0.0034999999999999996,0.001,0.004
2012-04-03,0.99,0.0015,0.0034999999999999996,0.001,0.004
2012-04-04,0.99,0.0015,0.0034999999999999996,0.001,0.004
2012-04-05,0.99,0.0015,0.0034999999999999996,0.001,0.004
2012-04-09,0.99,0.0015,0.0034999999999999996,0.001,0.004
2012-04-10,0.99,0.0015,0.0034999999999999996,0.001,0.004
2012-04-11,0.99,0.0015,0.0034999999999999996,0.001,0.004
2012-04-12,0.99,0.0015,0.0034999999999999996,0.001,0.004
2012-04-13,0.99,0.0015,0.0034999999999999996,0.001,0.004
2012-04-16,0.99,0.0015,0.0034999999999999996,0.001,0.004
2012-04-17,0.99,0.0015,0.0034999999999999996,0.001,0.004
2012-04-18,0.99,0.0015,0.0034999999999999996,0.001,0.004
2012-04-19,0.99,0.0015,0.0034999999999999996,0.001,0.004
2012-04-20,0.99,0.0015,0.0034999999999999996,0.001,0.004
2012-04-23,0.99,0.0015,0.0034999999999999996,0.001,0.004
2012-04-24,0.99,0.0015,0.0034999999999999996,0.001,0.004
2012-04-25,0.99,0.0015,0.0034999999999999996,0.001,0.004
2012-04-26,0.99,0.0015,0.0034999999999999996,0.001,0.004
2012-04-27,0.99,0.0015,0.0034999999999999996,0.001,0.004
2012-04-30,0.99,0.0015,0.0034999999999999996,0.001,0.004
2012-05-01,0.99,0.0015,0.0034999999999999996,0.001,0.004
2012-05-02,0.99,0.0015,0.0034999999999999996,0.001,0.004
2012-05-03,0.99,0.0015,0.0034999999999999996,0.001,0.004
2012-05-04,0.99,0.0015,0.0034999999999999996,0.001,0.004
2012-05-07,0.99,0.0015,0.0034999999999999996,0.001,0.004
2012-05-08,0.99,0.0015,0.0034999999999999996,0.001,0.004
2012-05-09,0.99,0.0015,0.0034999999999999996,0.001,0.004
2012-05-10,0.99,0.0015,0.0034999999999999996,0.001,0.004
2012-05-11,0.99,0.0015,0.0034999999999999996,0.001,0.004
2012-05-14,0.99,0.0015,0.0034999999999999996,0.001,0.004
2012-05-15,0.99,0.0015,0.0034999999999999996,0.001,0.004
2012-05-16,0.99,0.0015,0.0034999999999999996,0.001,0.004
2012-05-17,0.99,0.0015,0.0034999999999999996,0.001,0.004
2012-05-18,0.99,0.0015,0.0034999999999999996,0.001,0.004
2012-05-21,0.99,0.0015,0.0034999999999999996,0.001,0.004
2012-05-22,0.99,0.0015,0.0034999999999999996,0.001,0.004
2012-05-23,0.99,0.0015,0.0034999999999999996,0.001,0.004
2012-05-24,0.99,0.0015,0.0034999999999999996,0.001,0.004
2012-05-25,0.99,0.0015,0.0034999999999999996,0.001,0.004
2012-05-29,0.99,0.0015,0.0034999999999999996,0.001,0.004
2012-05-30,0.99,0.0015,0.0034999999999999996,0.001,0.004
2012-05-31,0.99,0.0015,0.0034999999999999996,0.001,0.004
2012-06-01,0.99,0.0015,0.0034999999999999996,0.001,0.004
2012-06-04,0.99,0.0015,0.0034999999999999996,0.001,0.004
2012-06-05,0.99,0.0015,0.0034999999999999996,0.001,0.004
2012-06-06,0.99,0.0015,0.0034999999999999996,0.001,0.004
2012-06-07,0.99,0.0015,0.0034999999999999996,0.001,0.004
2012-06-08,0.99,0.0015,0.0034999999999999996,0.001,0.004
2012-06-11,0.99,0.0015,0.0034999999999999996,0.001,0.004
2012-06-12,0.99,0.0015,0.0034999999999999996,0.001,0.004
2012-06-13,0.99,0.0015,0.0034999999999999996,0.001,0.004
2012-06-14,0.99,0.0015,0.0034999999999999996,0.001,0.004
2012-06-15,0.99,0.0015,0.0034999999999999996,0.001,0.004
2012-06-18,0.99,0.0015,0.0034999999999999996,0.001,0.004
2012-06-19,0.99,0.0015,0.0034999999999999996,0.001,0.004
2012-06-20,0.99,0.0015,0.0034999999999999996,0.001,0.004
2012-06-21,0.99,0.0015,0.0034999999999999996,0.001,0.004
2012-06-22,0.99,0.0015,0.0034999999999999996,0.001,0.004
2012-06-25,0.99,0.0015,0.0034999999999999996,0.001,0.004
2012-06-26,0.99,0.0015,0.0034999999999999996,0.001,0.004
2012-06-27,0.99,0.0015,0.0034999999999999996,0.001,0.004
2012-06-28,0.99,0.0015,0.0034999999999999996,0.001,0.004
2012-06-29,0.99,0.0015,0.0034999999999999996,0.001,0.004
2012-07-02,0.99,0.0015,0.0034999999999999996,0.001,0.004
2012-07-03,0.99,0.0015,0.0034999999999999996,0.001,0.004
2012-07-05,0.99,0.0015,0.0034999999999999996,0.001,0.004
2012-07-06,0.99,0.0015,0.0034999999999999996,0.001,0.004
2012-07-09,0.99,0.0015,0.0034999999999999996,0.001,0.004
2012-07-10,0.99,0.0015,0.0034999999999999996,0.001,0.004
2012-07-11,0.99,0.0015,0.0034999999999999996,0.001,0.004
2012-07-12,0.99,0.0015,0.0034999999999999996,0.001,0.004
2012-07-13,0.99,0.0015,0.0034999999999999996,0.001,0.004
2012-07-16,0.99,0.0015,0.0034999999999999996,0.001,0.004
2012-07-17,0.99,0.0015,0.0034999999999999996,0.001,0.004
2012-07-18,0.99,0.0015,0.0034999999999999996,0.001,0.004
2012-07-19,0.99,0.0015,0.0034999999999999996,0.001,0.004
2012-07-20,0.99,0.0015,0.0034999999999999996,0.001,0.004
2012-07-23,0.99,0.0015,0.0034999999999999996,0.001,0.004
2012-07-24,0.99,0.0015,0.0034999999999999996,0.001,0.004
2012-07-25,0.99,0.0015,0.0034999999999999996,0.001,0.004
2012-07-26,0.99,0.0015,0.0034999999999999996,0.001,0.004
2012-07-27,0.99,0.0015,0.0034999999999999996,0.001,0.004
2012-07-30,0.99,0.0015,0.0034999999999999996,0.001,0.004
2012-07-31,0.99,0.0015,0.0034999999999999996,0.001,0.004
2012-08-01,0.99,0.0015,0.0034999999999999996,0.001,0.004
2012-08-02,0.99,0.0015,0.0034999999999999996,0.001,0.004
2012-08-03,0.99,0.0015,0.0034999999999999996,0.001,0.004
2012-08-06,0.99,0.0015,0.0034999999999999996,0.001,0.004
2012-08-07,0.99,0.0015,0.0034999999999999996,0.001,0.004
2012-08-08,0.99,0.0015,0.0034999999999999996,0.001,0.004
2012-08-09,0.99,0.0015,0.0034999999999999996,0.001,0.004
2012-08-10,0.99,0.0015,0.0034999999999999996,0.001,0.004
2012-08-13,0.99,0.0015,0.0034999999999999996,0.001,0.004
2012-08-14,0.99,0.0015,0.0034999999999999996,0.001,0.004
2012-08-15,0.99,0.0015,0.0034999999999999996,0.001,0.004
2012-08-16,0.99,0.0015,0.0034999999999999996,0.001,0.004
2012-08-17,0.99,0.0015,0.0034999999999999996,0.001,0.004
2012-08-20,0.99,0.0015,0.0034999999999999996,0.001,0.004
2012-08-21,0.99,0.0015,0.0034999999999999996,0.001,0.004
2012-08-22,0.99,0.0015,0.0034999999999999996,0.001,0.004
2012-08-23,0.99,0.0015,0.0034999999999999996,0.001,0.004
2012-08-24,0.99,0.0015,0.0034999999999999996,0.001,0.004
2012-08-27,0.99,0.0015,0.0034999999999999996,0.001,0.004
2012-08-28,0.99,0.0015,0.0034999999999999996,0.001,0.004
2012-08-29,0.99,0.0015,0.0034999999999999996,0.001,0.004
2012-08-30,0.99,0.0015,0.0034999999999999996,0.001,0.004
2012-08-31,0.99,0.0015,0.0034999999999999996,0.001,0.004
2012-09-04,0.99,0.0015,0.0034999999999999996,0.001,0.004
2012-09-05,0.99,0.0015,0.0034999999999999996,0.001,0.004
2012-09-06,0.99,0.0015,0.0034999999999999996,0.001,0.004
2012-09-07,0.99,0.0015,0.0034999999999999996,0.001,0.004
2012-09-10,0.99,0.0015,0.0034999999999999996,0.001,0.004
2012-09-11,0.99,0.0015,0.0034999999999999996,0.001,0.004
2012-09-12,0.99,0.0015,0.0034999999999999996,0.001,0.004
2012-09-13,0.99,0.0015,0.0034999999999999996,0.001,0.004
2012-09-14,0.99,0.0015,0.0034999999999999996,0.001,0.004
2012-09-17,0.99,0.0015,0.0034999999999999996,0.001,0.004
2012-09-18,0.99,0.0015,0.0034999999999999996,0.001,0.004
2012-09-19,0.99,0.0015,0.0034999999999999996,0.001,0.004
2012-09-20,0.99,0.0015,0.0034999999999999996,0.001,0.004
2012-09-21,0.99,0.0015,0.0034999999999999996,0.001,0.004
2012-09-24,0.99,0.0015,0.0034999999999999996,0.001,0.004
2012-09-25,0.99,0.0015,0.0034999999999999996,0.001,0.004
2012-09-26,0.99,0.0015,0.0034999999999999996,0.001,0.004
2012-09-27,0.99,0.0015,0.0034999999999999996,0.001,0.004
2012-09-28,0.99,0.0015,0.0034999999999999996,0.001,0.004
2012-10-01,0.99,0.0015,0.0034999999999999996,0.001,0.004
2012-10-02,0.99,0.0015,0.0034999999999999996,0.001,0.004
2012-10-03,0.99,0.0015,0.0034999999999999996,0.001,0.004
2012-10-04,0.99,0.0015,0.0034999999999999996,0.001,0.004
2012-10-05,0.99,0.0015,0.0034999999999999996,0.001,0.004
2012-10-08,0.99,0.0015,0.0034999999999999996,0.001,0.004
2012-10-09,0.99,0.0015,0.0034999999999999996,0.001,0.004
2012-10-10,0.99,0.0015,0.0034999999999999996,0.001,0.004
2012-10-11,0.99,0.0015,0.0034999999999999996,0.001,0.004
2012-10-12,0.99,0.0015,0.0034999999999999996,0.001,0.004
2012-10-15,0.99,0.0015,0.0034999999999999996,0.001,0.004
2012-10-16,0.99,0.0015,0.0034999999999999996,0.001,0.004
2012-10-17,0.99,0.0015,0.0034999999999999996,0.001,0.004
2012-10-18,0.99,0.0015,0.0034999999999999996,0.001,0.004
2012-10-19,0.99,0.0015,0.0034999999999999996,0.001,0.004
2012-10-22,0.99,0.0015,0.0034999999999999996,0.001,0.004
2012-10-23,0.99,0.0015,0.0034999999999999996,0.001,0.004
2012-10-24,0.99,0.0015,0.0034999999999999996,0.001,0.004
2012-10-25,0.99,0.0015,0.0034999999999999996,0.001,0.004
2012-10-26,0.99,0.0015,0.0034999999999999996,0.001,0.004
2012-10-31,0.99,0.0015,0.0034999999999999996,0.001,0.004
2012-11-01,0.99,0.0015,0.0034999999999999996,0.001,0.004
2012-11-02,0.99,0.0015,0.0034999999999999996,0.001,0.004
2012-11-05,0.99,0.0015,0.0034999999999999996,0.001,0.004
2012-11-06,0.99,0.0015,0.0034999999999999996,0.001,0.004
2012-11-07,0.99,0.0015,0.0034999999999999996,0.001,0.004
2012-11-08,0.99,0.0015,0.0034999999999999996,0.001,0.004
2012-11-09,0.99,0.0015,0.0034999999999999996,0.001,0.004
2012-11-12,0.99,0.0015,0.0034999999999999996,0.001,0.004
2012-11-13,0.99,0.0015,0.0034999999999999996,0.001,0.004
2012-11-14,0.99,0.0015,0.0034999999999999996,0.001,0.004
2012-11-15,0.99,0.0015,0.0034999999999999996,0.001,0.004
2012-11-16,0.99,0.0015,0.0034999999999999996,0.001,0.004
2012-11-19,0.99,0.0015,0.0034999999999999996,0.001,0.004
2012-11-20,0.99,0.0015,0.0034999999999999996,0.001,0.004
2012-11-21,0.99,0.0015,0.0034999999999999996,0.001,0.004
2012-11-23,0.99,0.0015,0.0034999999999999996,0.001,0.004
2012-11-26,0.99,0.0015,0.0034999999999999996,0.001,0.004
2012-11-27,0.99,0.0015,0.0034999999999999996,0.001,0.004
2012-11-28,0.99,0.0015,0.0034999999999999996,0.001,0.004
2012-11-29,0.99,0.0015,0.0034999999999999996,0.001,0.004
2012-11-30,0.99,0.0015,0.0034999999999999996,0.001,0.004
2012-12-03,0.99,0.0015,0.0034999999999999996,0.001,0.004
2012-12-04,0.99,0.0015,0.0034999999999999996,0.001,0.004
2012-12-05,0.99,0.0015,0.0034999999999999996,0.001,0.004
2012-12-06,0.99,0.0015,0.0034999999999999996,0.001,0.004
2012-12-07,0.99,0.0015,0.0034999999999999996,0.001,0.004
2012-12-10,0.99,0.0015,0.0034999999999999996,0.001,0.004
2012-12-11,0.99,0.0015,0.0034999999999999996,0.001,0.004
2012-12-12,0.99,0.0015,0.0034999999999999996,0.001,0.004
2012-12-13,0.99,0.0015,0.0034999999999999996,0.001,0.004
2012-12-14,0.99,0.0015,0.0034999999999999996,0.001,0.004
2012-12-17,0.99,0.0015,0.0034999999999999996,0.001,0.004
2012-12-18,0.99,0.0015,0.0034999999999999996,0.001,0.004
2012-12-19,0.99,0.0015,0.0034999999999999996,0.001,0.004
2012-12-20,0.99,0.0015,0.0034999999999999996,0.001,0.004
2012-12-21,0.99,0.0015,0.0034999999999999996,0.001,0.004
2012-12-24,0.99,0.0015,0.0034999999999999996,0.001,0.004
2012-12-26,0.99,0.0015,0.0034999999999999996,0.001,0.004
2012-12-27,0.99,0.0015,0.0034999999999999996,0.001,0.004
2012-12-28,0.99,0.0015,0.0034999999999999996,0.001,0.004
2012-12-31,0.99,0.0015,0.0034999999999999996,0.001,0.004
2013-01-02,0.99,0.0015,0.0034999999999999996,0.001,0.004
2013-01-03,0.99,0.0015,0.0034999999999999996,0.001,0.004
2013-01-04,0.99,0.0015,0.0034999999999999996,0.001,0.004
2013-01-07,0.99,0.0015,0.0034999999999999996,0.001,0.004
2013-01-08,0.99,0.0015,0.0034999999999999996,0.001,0.004
2013-01-09,0.99,0.0015,0.0034999999999999996,0.001,0.004
2013-01-10,0.99,0.0015,0.0034999999999999996,0.001,0.004
2013-01-11,0.99,0.0015,0.0034999999999999996,0.001,0.004
2013-01-14,0.99,0.0015,0.0034999999999999996,0.001,0.004
2013-01-15,0.99,0.0015,0.0034999999999999996,0.001,0.004
2013-01-16,0.99,0.0015,0.0034999999999999996,0.001,0.004
2013-01-17,0.99,0.0015,0.0034999999999999996,0.001,0.004
2013-01-18,0.99,0.0015,0.0034999999999999996,0.001,0.004
2013-01-22,0.99,0.0015,0.0034999999999999996,0.001,0.004
2013-01-23,0.99,0.0015,0.0034999999999999996,0.001,0.004
2013-01-24,0.99,0.0015,0.0034999999999999996,0.001,0.004
2013-01-25,0.99,0.0015,0.0034999999999999996,0.001,0.004
2013-01-28,0.99,0.0015,0.0034999999999999996,0.001,0.004
2013-01-29,0.99,0.0015,0.0034999999999999996,0.001,0.004
2013-01-30,0.99,0.0015,0.0034999999999999996,0.001,0.004
2013-01-31,0.99,0.0015,0.0034999999999999996,0.001,0.004
2013-02-01,0.99,0.0015,0.0034999999999999996,0.001,0.004
2013-02-04,0.99,0.0015,0.0034999999999999996,0.001,0.004
2013-02-05,0.99,0.0015,0.0034999999999999996,0.001,0.004
2013-02-06,0.99,0.0015,0.0034999999999999996,0.001,0.004
2013-02-07,0.99,0.0015,0.0034999999999999996,0.001,0.004
2013-02-08,0.99,0.0015,0.0034999999999999996,0.001,0.004
2013-02-11,0.99,0.0015,0.0034999999999999996,0.001,0.004
2013-02-12,0.99,0.0015,0.0034999999999999996,0.001,0.004
2013-02-13,0.99,0.0015,0.0034999999999999996,0.001,0.004
2013-02-14,0.99,0.0015,0.0034999999999999996,0.001,0.004
2013-02-15,0.99,0.0015,0.0034999999999999996,0.001,0.004
2013-02-19,0.99,0.0015,0.0034999999999999996,0.001,0.004
2013-02-20,0.99,0.0015,0.0034999999999999996,0.001,0.004
2013-02-21,0.99,0.0015,0.0034999999999999996,0.001,0.004
2013-02-22,0.99,0.0015,0.0034999999999999996,0.001,0.004
2013-02-25,0.99,0.0015,0.0034999999999999996,0.001,0.004
2013-02-26,0.99,0.0015,0.0034999999999999996,0.001,0.004
2013-02-27,0.99,0.0015,0.0034999999999999996,0.001,0.004
2013-02-28,0.99,0.0015,0.0034999999999999996,0.001,0.004
2013-03-01,0.99,0.0015,0.0034999999999999996,0.001,0.004
2013-03-04,0.99,0.0015,0.0034999999999999996,0.001,0.004
2013-03-05,0.99,0.0015,0.0034999999999999996,0.001,0.004
2013-03-06,0.99,0.0015,0.0034999999999999996,0.001,0.004
2013-03-07,0.99,0.0015,0.0034999999999999996,0.001,0.004
2013-03-08,0.99,0.0015,0.0034999999999999996,0.001,0.004
2013-03-11,0.99,0.0015,0.0034999999999999996,0.001,0.004
2013-03-12,0.99,0.0015,0.0034999999999999996,0.001,0.004
2013-03-13,0.99,0.0015,0.0034999999999999996,0.001,0.004
2013-03-14,0.99,0.0015,0.0034999999999999996,0.001,0.004
2013-03-15,0.99,0.0015,0.0034999999999999996,0.001,0.004
2013-03-18,0.99,0.0015,0.0034999999999999996,0.001,0.004
2013-03-19,0.99,0.0015,0.0034999999999999996,0.001,0.004
2013-03-20,0.99,0.0015,0.0034999999999999996,0.001,0.004
2013-03-21,0.99,0.0015,0.0034999999999999996,0.001,0.004
2013-03-22,0.99,0.0015,0.0034999999999999996,0.001,0.004
2013-03-25,0.99,0.0015,0.0034999999999999996,0.001,0.004
2013-03-26,0.99,0.0015,0.0034999999999999996,0.001,0.004
2013-03-27,0.99,0.0015,0.0034999999999999996,0.001,0.004
2013-03-28,0.99,0.0015,0.0034999999999999996,0.001,0.004
2013-04-01,0.99,0.0015,0.0034999999999999996,0.001,0.004
2013-04-02,0.99,0.0015,0.0034999999999999996,0.001,0.004
2013-04-03,0.99,0.0015,0.0034999999999999996,0.001,0.004
2013-04-04,0.99,0.0015,0.0034999999999999996,0.001,0.004
2013-04-05,0.99,0.0015,0.0034999999999999996,0.001,0.004
2013-04-08,0.99,0.0015,0.0034999999999999996,0.001,0.004
2013-04-09,0.99,0.0015,0.0034999999999999996,0.001,0.004
2013-04-10,0.99,0.0015,0.0034999999999999996,0.001,0.004
2013-04-11,0.99,0.0015,0.0034999999999999996,0.001,0.004
2013-04-12,0.99,0.0015,0.0034999999999999996,0.001,0.004
2013-04-15,0.99,0.0015,0.0034999999999999996,0.001,0.004
2013-04-16,0.99,0.0015,0.0034999999999999996,0.001,0.004
2013-04-17,0.99,0.0015,0.0034999999999999996,0.001,0.004
2013-04-18,0.99,0.0015,0.0034999999999999996,0.001,0.004
2013-04-19,0.99,0.0015,0.0034999999999999996,0.001,0.004
2013-04-22,0.99,0.0015,0.0034999999999999996,0.001,0.004
2013-04-23,0.99,0.0015,0.0034999999999999996,0.001,0.004
2013-04-24,0.99,0.0015,0.0034999999999999996,0.001,0.004
2013-04-25,0.99,0.0015,0.0034999999999999996,0.001,0.004
2013-04-26,0.99,0.0015,0.0034999999999999996,0.001,0.004
2013-04-29,0.99,0.0015,0.0034999999999999996,0.001,0.004
2013-04-30,0.99,0.0015,0.0034999999999999996,0.001,0.004
2013-05-01,0.99,0.0015,0.0034999999999999996,0.001,0.004
2013-05-02,0.99,0.0015,0.0034999999999999996,0.001,0.004
2013-05-03,0.99,0.0015,0.0034999999999999996,0.001,0.004
2013-05-06,0.99,0.0015,0.0034999999999999996,0.001,0.004
2013-05-07,0.99,0.0015,0.0034999999999999996,0.001,0.004
2013-05-08,0.99,0.0015,0.0034999999999999996,0.001,0.004
2013-05-09,0.99,0.0015,0.0034999999999999996,0.001,0.004
2013-05-10,0.99,0.0015,0.0034999999999999996,0.001,0.004
2013-05-13,0.99,0.0015,0.0034999999999999996,0.001,0.004
2013-05-14,0.99,0.0015,0.0034999999999999996,0.001,0.004
2013-05-15,0.99,0.0015,0.0034999999999999996,0.001,0.004
2013-05-16,0.99,0.0015,0.0034999999999999996,0.001,0.004
2013-05-17,0.99,0.0015,0.0034999999999999996,0.001,0.004
2013-05-20,0.99,0.0015,0.0034999999999999996,0.001,0.004
2013-05-21,0.99,0.0015,0.0034999999999999996,0.001,0.004
2013-05-22,0.99,0.0015,0.0034999999999999996,0.001,0.004
2013-05-23,0.99,0.0015,0.0034999999999999996,0.001,0.004
2013-05-24,0.99,0.0015,0.0034999999999999996,0.001,0.004
2013-05-28,0.99,0.0015,0.0034999999999999996,0.001,0.004
2013-05-29,0.99,0.0015,0.0034999999999999996,0.001,0.004
2013-05-30,0.99,0.0015,0.0034999999999999996,0.001,0.004
2013-05-31,0.99,0.0015,0.0034999999999999996,0.001,0.004
2013-06-03,0.99,0.0015,0.0034999999999999996,0.001,0.004
2013-06-04,0.99,0.0015,0.0034999999999999996,0.001,0.004
2013-06-05,0.99,0.0015,0.0034999999999999996,0.001,0.004
2013-06-06,0.99,0.0015,0.0034999999999999996,0.001,0.004
2013-06-07,0.99,0.0015,0.0034999999999999996,0.001,0.004
2013-06-10,0.99,0.0015,0.0034999999999999996,0.001,0.004
2013-06-11,0.99,0.0015,0.0034999999999999996,0.001,0.004
2013-06-12,0.99,0.0015,0.0034999999999999996,0.001,0.004
2013-06-13,0.99,0.0015,0.0034999999999999996,0.001,0.004
2013-06-14,0.99,0.0015,0.0034999999999999996,0.001,0.004
2013-06-17,0.99,0.0015,0.0034999999999999996,0.001,0.004
2013-06-18,0.99,0.0015,0.0034999999999999996,0.001,0.004
2013-06-19,0.99,0.0015,0.0034999999999999996,0.001,0.004
2013-06-20,0.99,0.0015,0.0034999999999999996,0.001,0.004
2013-06-21,0.99,0.0015,0.0034999999999999996,0.001,0.004
2013-06-24,0.99,0.0015,0.0034999999999999996,0.001,0.004
2013-06-25,0.99,0.0015,0.0034999999999999996,0.001,0.004
2013-06-26,0.99,0.0015,0.0034999999999999996,0.001,0.004
2013-06-27,0.99,0.0015,0.0034999999999999996,0.001,0.004
2013-06-28,0.99,0.0015,0.0034999999999999996,0.001,0.004
2013-07-01,0.99,0.0015,0.0034999999999999996,0.001,0.004
2013-07-02,0.99,0.0015,0.0034999999999999996,0.001,0.004
2013-07-03,0.99,0.0015,0.0034999999999999996,0.001,0.004
2013-07-05,0.99,0.0015,0.0034999999999999996,0.001,0.004
2013-07-08,0.99,0.0015,0.0034999999999999996,0.001,0.004
2013-07-09,0.99,0.0015,0.0034999999999999996,0.001,0.004
2013-07-10,0.99,0.0015,0.0034999999999999996,0.001,0.004
2013-07-11,0.99,0.0015,0.0034999999999999996,0.001,0.004
2013-07-12,0.99,0.0015,0.0034999999999999996,0.001,0.004
2013-07-15,0.99,0.0015,0.0034999999999999996,0.001,0.004
2013-07-16,0.99,0.0015,0.0034999999999999996,0.001,0.004
2013-07-17,0.99,0.0015,0.0034999999999999996,0.001,0.004
2013-07-18,0.99,0.0015,0.0034999999999999996,0.001,0.004
2013-07-19,0.99,0.0015,0.0034999999999999996,0.001,0.004
2013-07-22,0.99,0.0015,0.0034999999999999996,0.001,0.004
2013-07-23,0.99,0.0015,0.0034999999999999996,0.001,0.004
2013-07-24,0.99,0.0015,0.0034999999999999996,0.001,0.004
2013-07-25,0.99,0.0015,0.0034999999999999996,0.001,0.004
2013-07-26,0.99,0.0015,0.0034999999999999996,0.001,0.004
2013-07-29,0.99,0.0015,0.0034999999999999996,0.001,0.004
2013-07-30,0.99,0.0015,0.0034999999999999996,0.001,0.004
2013-07-31,0.99,0.0015,0.0034999999999999996,0.001,0.004
2013-08-01,0.99,0.0015,0.0034999999999999996,0.001,0.004
2013-08-02,0.99,0.0015,0.0034999999999999996,0.001,0.004
2013-08-05,0.99,0.0015,0.0034999999999999996,0.001,0.004
2013-08-06,0.99,0.0015,0.0034999999999999996,0.001,0.004
2013-08-07,0.99,0.0015,0.0034999999999999996,0.001,0.004
2013-08-08,0.99,0.0015,0.0034999999999999996,0.001,0.004
2013-08-09,0.99,0.0015,0.0034999999999999996,0.001,0.004
2013-08-12,0.99,0.0015,0.0034999999999999996,0.001,0.004
2013-08-13,0.99,0.0015,0.0034999999999999996,0.001,0.004
2013-08-14,0.99,0.0015,0.0034999999999999996,0.001,0.004
2013-08-15,0.99,0.0015,0.0034999999999999996,0.001,0.004
2013-08-16,0.99,0.0015,0.0034999999999999996,0.001,0.004
2013-08-19,0.99,0.0015,0.0034999999999999996,0.001,0.004
2013-08-20,0.99,0.0015,0.0034999999999999996,0.001,0.004
2013-08-21,0.99,0.0015,0.0034999999999999996,0.001,0.004
2013-08-22,0.99,0.0015,0.0034999999999999996,0.001,0.004
2013-08-23,0.99,0.0015,0.0034999999999999996,0.001,0.004
2013-08-26,0.99,0.0015,0.0034999999999999996,0.001,0.004
2013-08-27,0.99,0.0015,0.0034999999999999996,0.001,0.004
2013-08-28,0.99,0.0015,0.0034999999999999996,0.001,0.004
2013-08-29,0.99,0.0015,0.0034999999999999996,0.001,0.004
2013-08-30,0.99,0.0015,0.0034999999999999996,0.001,0.004
2013-09-03,0.99,0.0015,0.0034999999999999996,0.001,0.004
2013-09-04,0.99,0.0015,0.0034999999999999996,0.001,0.004
2013-09-05,0.99,0.0015,0.0034999999999999996,0.001,0.004
2013-09-06,0.99,0.0015,0.0034999999999999996,0.001,0.004
2013-09-09,0.99,0.0015,0.0034999999999999996,0.001,0.004
2013-09-10,0.99,0.0015,0.0034999999999999996,0.001,0.004
2013-09-11,0.99,0.0015,0.0034999999999999996,0.001,0.004
2013-09-12,0.99,0.0015,0.0034999999999999996,0.001,0.004
2013-09-13,0.99,0.0015,0.0034999999999999996,0.001,0.004
2013-09-16,0.99,0.0015,0.0034999999999999996,0.001,0.004
2013-09-17,0.99,0.0015,0.0034999999999999996,0.001,0.004
2013-09-18,0.99,0.0015,0.0034999999999999996,0.001,0.004
2013-09-19,0.99,0.0015,0.0034999999999999996,0.001,0.004
2013-09-20,0.99,0.0015,0.0034999999999999996,0.001,0.004
2013-09-23,0.99,0.0015,0.0034999999999999996,0.001,0.004
2013-09-24,0.99,0.0015,0.0034999999999999996,0.001,0.004
2013-09-25,0.99,0.0015,0.0034999999999999996,0.001,0.004
2013-09-26,0.99,0.0015,0.0034999999999999996,0.001,0.004
2013-09-27,0.99,0.0015,0.0034999999999999996,0.001,0.004
2013-09-30,0.99,0.0015,0.0034999999999999996,0.001,0.004
2013-10-01,0.99,0.0015,0.0034999999999999996,0.001,0.004
2013-10-02,0.99,0.0015,0.0034999999999999996,0.001,0.004
2013-10-03,0.99,0.0015,0.0034999999999999996,0.001,0.004
2013-10-04,0.99,0.0015,0.0034999999999999996,0.001,0.004
2013-10-07,0.99,0.0015,0.0034999999999999996,0.001,0.004
2013-10-08,0.99,0.0015,0.0034999999999999996,0.001,0.004
2013-10-09,0.99,0.0015,0.0034999999999999996,0.001,0.004
2013-10-10,0.99,0.0015,0.0034999999999999996,0.001,0.004
2013-10-11,0.99,0.0015,0.0034999999999999996,0.001,0.004
2013-10-14,0.99,0.0015,0.0034999999999999996,0.001,0.004
2013-10-15,0.99,0.0015,0.0034999999999999996,0.001,0.004
2013-10-16,0.99,0.0015,0.0034999999999999996,0.001,0.004
2013-10-17,0.99,0.0015,0.0034999999999999996,0.001,0.004
2013-10-18,0.99,0.0015,0.0034999999999999996,0.001,0.004
2013-10-21,0.99,0.0015,0.0034999999999999996,0.001,0.004
2013-10-22,0.99,0.0015,0.0034999999999999996,0.001,0.004
2013-10-23,0.99,0.0015,0.0034999999999999996,0.001,0.004
2013-10-24,0.99,0.0015,0.0034999999999999996,0.001,0.004
2013-10-25,0.99,0.0015,0.0034999999999999996,0.001,0.004
2013-10-28,0.99,0.0015,0.0034999999999999996,0.001,0.004
2013-10-29,0.99,0.0015,0.0034999999999999996,0.001,0.004
2013-10-30,0.99,0.0015,0.0034999999999999996,0.001,0.004
2013-10-31,0.99,0.0015,0.0034999999999999996,0.001,0.004
2013-11-01,0.99,0.0015,0.0034999999999999996,0.001,0.004
2013-11-04,0.99,0.0015,0.0034999999999999996,0.001,0.004
2013-11-05,0.99,0.0015,0.0034999999999999996,0.001,0.004
2013-11-06,0.99,0.0015,0.0034999999999999996,0.001,0.004
2013-11-07,0.99,0.0015,0.0034999999999999996,0.001,0.004
2013-11-08,0.99,0.0015,0.0034999999999999996,0.001,0.004
2013-11-11,0.99,0.0015,0.0034999999999999996,0.001,0.004
2013-11-12,0.99,0.0015,0.0034999999999999996,0.001,0.004
2013-11-13,0.99,0.0015,0.0034999999999999996,0.001,0.004
2013-11-14,0.99,0.0015,0.0034999999999999996,0.001,0.004
2013-11-15,0.99,0.0015,0.0034999999999999996,0.001,0.004
2013-11-18,0.99,0.0015,0.0034999999999999996,0.001,0.004
2013-11-19,0.99,0.0015,0.0034999999999999996,0.001,0.004
2013-11-20,0.99,0.0015,0.0034999999999999996,0.001,0.004
2013-11-21,0.99,0.0015,0.0034999999999999996,0.001,0.004
2013-11-22,0.99,0.0015,0.0034999999999999996,0.001,0.004
2013-11-25,0.99,0.0015,0.0034999999999999996,0.001,0.004
2013-11-26,0.99,0.0015,0.0034999999999999996,0.001,0.004
2013-11-27,0.99,0.0015,0.0034999999999999996,0.001,0.004
2013-11-29,0.99,0.0015,0.0034999999999999996,0.001,0.004
2013-12-02,0.99,0.0015,0.0034999999999999996,0.001,0.004
2013-12-03,0.99,0.0015,0.0034999999999999996,0.001,0.004
2013-12-04,0.99,0.0015,0.0034999999999999996,0.001,0.004
2013-12-05,0.99,0.0015,0.0034999999999999996,0.001,0.004
2013-12-06,0.99,0.0015,0.0034999999999999996,0.001,0.004
2013-12-09,0.99,0.0015,0.0034999999999999996,0.001,0.004
2013-12-10,0.99,0.0015,0.0034999999999999996,0.001,0.004
2013-12-11,0.99,0.0015,0.0034999999999999996,0.001,0.004
2013-12-12,0.99,0.0015,0.0034999999999999996,0.001,0.004
2013-12-13,0.99,0.0015,0.0034999999999999996,0.001,0.004
2013-12-16,0.99,0.0015,0.0034999999999999996,0.001,0.004
2013-12-17,0.99,0.0015,0.0034999999999999996,0.001,0.004
2013-12-18,0.99,0.0015,0.0034999999999999996,0.001,0.004
2013-12-19,0.99,0.0015,0.0034999999999999996,0.001,0.004
2013-12-20,0.99,0.0015,0.0034999999999999996,0.001,0.004
2013-12-23,0.99,0.0015,0.0034999999999999996,0.001,0.004
2013-12-24,0.99,0.0015,0.0034999999999999996,0.001,0.004
2013-12-26,0.99,0.0015,0.0034999999999999996,0.001,0.004
2013-12-27,0.99,0.0015,0.0034999999999999996,0.001,0.004
2013-12-30,0.99,0.0015,0.0034999999999999996,0.001,0.004
2013-12-31,0.99,0.0015,0.0034999999999999996,0.001,0.004
2014-01-02,0.99,0.0015,0.0034999999999999996,0.001,0.004
2014-01-03,0.99,0.0015,0.0034999999999999996,0.001,0.004
2014-01-06,0.99,0.0015,0.0034999999999999996,0.001,0.004
2014-01-07,0.99,0.0015,0.0034999999999999996,0.001,0.004
2014-01-08,0.99,0.0015,0.0034999999999999996,0.001,0.004
2014-01-09,0.99,0.0015,0.0034999999999999996,0.001,0.004
2014-01-10,0.99,0.0015,0.0034999999999999996,0.001,0.004
2014-01-13,0.99,0.0015,0.0034999999999999996,0.001,0.004
2014-01-14,0.99,0.0015,0.0034999999999999996,0.001,0.004
2014-01-15,0.99,0.0015,0.0034999999999999996,0.001,0.004
2014-01-16,0.99,0.0015,0.0034999999999999996,0.001,0.004
2014-01-17,0.99,0.0015,0.0034999999999999996,0.001,0.004
2014-01-21,0.99,0.0015,0.0034999999999999996,0.001,0.004
2014-01-22,0.99,0.0015,0.0034999999999999996,0.001,0.004
2014-01-23,0.99,0.0015,0.0034999999999999996,0.001,0.004
2014-01-24,0.99,0.0015,0.0034999999999999996,0.001,0.004
2014-01-27,0.99,0.0015,0.0034999999999999996,0.001,0.004
2014-01-28,0.99,0.0015,0.0034999999999999996,0.001,0.004
2014-01-29,0.99,0.0015,0.0034999999999999996,0.001,0.004
2014-01-30,0.99,0.0015,0.0034999999999999996,0.001,0.004
2014-01-31,0.99,0.0015,0.0034999999999999996,0.001,0.004
2014-02-03,0.99,0.0015,0.0034999999999999996,0.001,0.004
2014-02-04,0.99,0.0015,0.0034999999999999996,0.001,0.004
2014-02-05,0.99,0.0015,0.0034999999999999996,0.001,0.004
2014-02-06,0.99,0.0015,0.0034999999999999996,0.001,0.004
2014-02-07,0.99,0.0015,0.0034999999999999996,0.001,0.004
2014-02-10,0.99,0.0015,0.0034999999999999996,0.001,0.004
2014-02-11,0.99,0.0015,0.0034999999999999996,0.001,0.004
2014-02-12,0.99,0.0015,0.0034999999999999996,0.001,0.004
2014-02-13,0.99,0.0015,0.0034999999999999996,0.001,0.004
2014-02-14,0.99,0.0015,0.0034999999999999996,0.001,0.004
2014-02-18,0.99,0.0015,0.0034999999999999996,0.001,0.004
2014-02-19,0.99,0.0015,0.0034999999999999996,0.001,0.004
2014-02-20,0.99,0.0015,0.0034999999999999996,0.001,0.004
2014-02-21,0.99,0.0015,0.0034999999999999996,0.001,0.004
2014-02-24,0.99,0.0015,0.0034999999999999996,0.001,0.004
2014-02-25,0.99,0.0015,0.0034999999999999996,0.001,0.004
2014-02-26,0.99,0.0015,0.0034999999999999996,0.001,0.004
2014-02-27,0.99,0.0015,0.0034999999999999996,0.001,0.004
2014-02-28,0.99,0.0015,0.0034999999999999996,0.001,0.004
2014-03-03,0.99,0.0015,0.0034999999999999996,0.001,0.004
2014-03-04,0.99,0.0015,0.0034999999999999996,0.001,0.004
2014-03-05,0.99,0.0015,0.0034999999999999996,0.001,0.004
2014-03-06,0.99,0.0015,0.0034999999999999996,0.001,0.004
2014-03-07,0.99,0.0015,0.0034999999999999996,0.001,0.004
2014-03-10,0.99,0.0015,0.0034999999999999996,0.001,0.004
2014-03-11,0.99,0.0015,0.0034999999999999996,0.001,0.004
2014-03-12,0.99,0.0015,0.0034999999999999996,0.001,0.004
2014-03-13,0.99,0.0015,0.0034999999999999996,0.001,0.004
2014-03-14,0.99,0.0015,0.0034999999999999996,0.001,0.004
2014-03-17,0.99,0.0015,0.0034999999999999996,0.001,0.004
2014-03-18,0.99,0.0015,0.0034999999999999996,0.001,0.004
2014-03-19,0.99,0.0015,0.0034999999999999996,0.001,0.004
2014-03-20,0.99,0.0015,0.0034999999999999996,0.001,0.004
2014-03-21,0.99,0.0015,0.0034999999999999996,0.001,0.004
2014-03-24,0.99,0.0015,0.0034999999999999996,0.001,0.004
2014-03-25,0.99,0.0015,0.0034999999999999996,0.001,0.004
2014-03-26,0.99,0.0015,0.0034999999999999996,0.001,0.004
2014-03-27,0.99,0.0015,0.0034999999999999996,0.001,0.004
2014-03-28,0.99,0.0015,0.0034999999999999996,0.001,0.004
2014-03-31,0.99,0.0015,0.0034999999999999996,0.001,0.004
2014-04-01,0.99,0.0015,0.0034999999999999996,0.001,0.004
2014-04-02,0.99,0.0015,0.0034999999999999996,0.001,0.004
2014-04-03,0.99,0.0015,0.0034999999999999996,0.001,0.004
2014-04-04,0.99,0.0015,0.0034999999999999996,0.001,0.004
2014-04-07,0.99,0.0015,0.0034999999999999996,0.001,0.004
2014-04-08,0.99,0.0015,0.0034999999999999996,0.001,0.004
2014-04-09,0.99,0.0015,0.0034999999999999996,0.001,0.004
2014-04-10,0.99,0.0015,0.0034999999999999996,0.001,0.004
2014-04-11,0.99,0.0015,0.0034999999999999996,0.001,0.004
2014-04-14,0.99,0.0015,0.0034999999999999996,0.001,0.004
2014-04-15,0.99,0.0015,0.0034999999999999996,0.001,0.004
2014-04-16,0.99,0.0015,0.0034999999999999996,0.001,0.004
2014-04-17,0.99,0.0015,0.0034999999999999996,0.001,0.004
2014-04-21,0.99,0.0015,0.0034999999999999996,0.001,0.004
2014-04-22,0.99,0.0015,0.0034999999999999996,0.001,0.004
2014-04-23,0.99,0.0015,0.0034999999999999996,0.001,0.004
2014-04-24,0.99,0.0015,0.0034999999999999996,0.001,0.004
2014-04-25,0.99,0.0015,0.0034999999999999996,0.001,0.004
2014-04-28,0.99,0.0015,0.0034999999999999996,0.001,0.004
2014-04-29,0.99,0.0015,0.0034999999999999996,0.001,0.004
2014-04-30,0.99,0.0015,0.0034999999999999996,0.001,0.004
2014-05-01,0.99,0.0015,0.0034999999999999996,0.001,0.004
2014-05-02,0.99,0.0015,0.0034999999999999996,0.001,0.004
2014-05-05,0.99,0.0015,0.0034999999999999996,0.001,0.004
2014-05-06,0.99,0.0015,0.0034999999999999996,0.001,0.004
2014-05-07,0.99,0.0015,0.0034999999999999996,0.001,0.004
2014-05-08,0.99,0.0015,0.0034999999999999996,0.001,0.004
2014-05-09,0.99,0.0015,0.0034999999999999996,0.001,0.004
2014-05-12,0.99,0.0015,0.0034999999999999996,0.001,0.004
2014-05-13,0.99,0.0015,0.0034999999999999996,0.001,0.004
2014-05-14,0.99,0.0015,0.0034999999999999996,0.001,0.004
2014-05-15,0.99,0.0015,0.0034999999999999996,0.001,0.004
2014-05-16,0.99,0.0015,0.0034999999999999996,0.001,0.004
2014-05-19,0.99,0.0015,0.0034999999999999996,0.001,0.004
2014-05-20,0.99,0.0015,0.0034999999999999996,0.001,0.004
2014-05-21,0.99,0.0015,0.0034999999999999996,0.001,0.004
2014-05-22,0.99,0.0015,0.0034999999999999996,0.001,0.004
2014-05-23,0.99,0.0015,0.0034999999999999996,0.001,0.004
2014-05-27,0.99,0.0015,0.0034999999999999996,0.001,0.004
2014-05-28,0.99,0.0015,0.0034999999999999996,0.001,0.004
2014-05-29,0.99,0.0015,0.0034999999999999996,0.001,0.004
2014-05-30,0.99,0.0015,0.0034999999999999996,0.001,0.004
2014-06-02,0.99,0.0015,0.0034999999999999996,0.001,0.004
2014-06-03,0.99,0.0015,0.0034999999999999996,0.001,0.004
2014-06-04,0.99,0.0015,0.0034999999999999996,0.001,0.004
2014-06-05,0.99,0.0015,0.0034999999999999996,0.001,0.004
2014-06-06,0.99,0.0015,0.0034999999999999996,0.001,0.004
2014-06-09,0.99,0.0015,0.0034999999999999996,0.001,0.004
2014-06-10,0.99,0.0015,0.0034999999999999996,0.001,0.004
2014-06-11,0.99,0.0015,0.0034999999999999996,0.001,0.004
2014-06-12,0.99,0.0015,0.0034999999999999996,0.001,0.004
2014-06-13,0.99,0.0015,0.0034999999999999996,0.001,0.004
2014-06-16,0.99,0.0015,0.0034999999999999996,0.001,0.004
2014-06-17,0.99,0.0015,0.0034999999999999996,0.001,0.004
2014-06-18,0.99,0.0015,0.0034999999999999996,0.001,0.004
2014-06-19,0.99,0.0015,0.0034999999999999996,0.001,0.004
2014-06-20,0.99,0.0015,0.0034999999999999996,0.001,0.004
2014-06-23,0.99,0.0015,0.0034999999999999996,0.001,0.004
2014-06-24,0.99,0.0015,0.0034999999999999996,0.001,0.004
2014-06-25,0.99,0.0015,0.0034999999999999996,0.001,0.004
2014-06-26,0.99,0.0015,0.0034999999999999996,0.001,0.004
2014-06-27,0.99,0.0015,0.0034999999999999996,0.001,0.004
2014-06-30,0.99,0.0015,0.0034999999999999996,0.001,0.004
2014-07-01,0.99,0.0015,0.0034999999999999996,0.001,0.004
2014-07-02,0.99,0.0015,0.0034999999999999996,0.001,0.004
2014-07-03,0.99,0.0015,0.0034999999999999996,0.001,0.004
2014-07-07,0.99,0.0015,0.0034999999999999996,0.001,0.004
2014-07-08,0.99,0.0015,0.0034999999999999996,0.001,0.004
2014-07-09,0.99,0.0015,0.0034999999999999996,0.001,0.004
2014-07-10,0.99,0.0015,0.0034999999999999996,0.001,0.004
2014-07-11,0.99,0.0015,0.0034999999999999996,0.001,0.004
2014-07-14,0.99,0.0015,0.0034999999999999996,0.001,0.004
2014-07-15,0.99,0.0015,0.0034999999999999996,0.001,0.004
2014-07-16,0.99,0.0015,0.0034999999999999996,0.001,0.004
2014-07-17,0.99,0.0015,0.0034999999999999996,0.001,0.004
2014-07-18,0.99,0.0015,0.0034999999999999996,0.001,0.004
2014-07-21,0.99,0.0015,0.0034999999999999996,0.001,0.004
2014-07-22,0.99,0.0015,0.0034999999999999996,0.001,0.004
2014-07-23,0.99,0.0015,0.0034999999999999996,0.001,0.004
2014-07-24,0.99,0.0015,0.0034999999999999996,0.001,0.004
2014-07-25,0.99,0.0015,0.0034999999999999996,0.001,0.004
2014-07-28,0.99,0.0015,0.0034999999999999996,0.001,0.004
2014-07-29,0.99,0.0015,0.0034999999999999996,0.001,0.004
2014-07-30,0.99,0.0015,0.0034999999999999996,0.001,0.004
2014-07-31,0.99,0.0015,0.0034999999999999996,0.001,0.004
2014-08-01,0.99,0.0015,0.0034999999999999996,0.001,0.004
2014-08-04,0.99,0.0015,0.0034999999999999996,0.001,0.004
2014-08-05,0.99,0.0015,0.0034999999999999996,0.001,0.004
2014-08-06,0.99,0.0015,0.0034999999999999996,0.001,0.004
2014-08-07,0.99,0.0015,0.0034999999999999996,0.001,0.004
2014-08-08,0.99,0.0015,0.0034999999999999996,0.001,0.004
2014-08-11,0.99,0.0015,0.0034999999999999996,0.001,0.004
2014-08-12,0.99,0.0015,0.0034999999999999996,0.001,0.004
2014-08-13,0.99,0.0015,0.0034999999999999996,0.001,0.004
2014-08-14,0.99,0.0015,0.0034999999999999996,0.001,0.004
2014-08-15,0.99,0.0015,0.0034999999999999996,0.001,0.004
2014-08-18,0.99,0.0015,0.0034999999999999996,0.001,0.004
2014-08-19,0.99,0.0015,0.0034999999999999996,0.001,0.004
2014-08-20,0.99,0.0015,0.0034999999999999996,0.001,0.004
2014-08-21,0.99,0.0015,0.0034999999999999996,0.001,0.004
2014-08-22,0.99,0.0015,0.0034999999999999996,0.001,0.004
2014-08-25,0.99,0.0015,0.0034999999999999996,0.001,0.004
2014-08-26,0.99,0.0015,0.0034999999999999996,0.001,0.004
2014-08-27,0.99,0.0015,0.0034999999999999996,0.001,0.004
2014-08-28,0.99,0.0015,0.0034999999999999996,0.001,0.004
2014-08-29,0.99,0.0015,0.0034999999999999996,0.001,0.004
2014-09-02,0.99,0.0015,0.0034999999999999996,0.001,0.004
2014-09-03,0.99,0.0015,0.0034999999999999996,0.001,0.004
2014-09-04,0.99,0.0015,0.0034999999999999996,0.001,0.004
2014-09-05,0.99,0.0015,0.0034999999999999996,0.001,0.004
2014-09-08,0.99,0.0015,0.0034999999999999996,0.001,0.004
2014-09-09,0.99,0.0015,0.0034999999999999996,0.001,0.004
2014-09-10,0.99,0.0015,0.0034999999999999996,0.001,0.004
2014-09-11,0.99,0.0015,0.0034999999999999996,0.001,0.004
2014-09-12,0.99,0.0015,0.0034999999999999996,0.001,0.004
2014-09-15,0.99,0.0015,0.0034999999999999996,0.001,0.004
2014-09-16,0.99,0.0015,0.0034999999999999996,0.001,0.004
2014-09-17,0.99,0.0015,0.0034999999999999996,0.001,0.004
2014-09-18,0.99,0.0015,0.0034999999999999996,0.001,0.004
2014-09-19,0.99,0.0015,0.0034999999999999996,0.001,0.004
2014-09-22,0.99,0.0015,0.0034999999999999996,0.001,0.004
2014-09-23,0.99,0.0015,0.0034999999999999996,0.001,0.004
2014-09-24,0.99,0.0015,0.0034999999999999996,0.001,0.004
2014-09-25,0.99,0.0015,0.0034999999999999996,0.001,0.004
2014-09-26,0.99,0.0015,0.0034999999999999996,0.001,0.004
2014-09-29,0.99,0.0015,0.0034999999999999996,0.001,0.004
2014-09-30,0.99,0.0015,0.0034999999999999996,0.001,0.004
2014-10-01,0.99,0.0015,0.0034999999999999996,0.001,0.004
2014-10-02,0.99,0.0015,0.0034999999999999996,0.001,0.004
2014-10-03,0.99,0.0015,0.0034999999999999996,0.001,0.004
2014-10-06,0.99,0.0015,0.0034999999999999996,0.001,0.004
2014-10-07,0.99,0.0015,0.0034999999999999996,0.001,0.004
2014-10-08,0.99,0.0015,0.0034999999999999996,0.001,0.004
2014-10-09,0.99,0.0015,0.0034999999999999996,0.001,0.004
2014-10-10,0.99,0.0015,0.0034999999999999996,0.001,0.004
2014-10-13,0.99,0.0015,0.0034999999999999996,0.001,0.004
2014-10-14,0.99,0.0015,0.0034999999999999996,0.001,0.004
2014-10-15,0.99,0.0015,0.0034999999999999996,0.001,0.004
2014-10-16,0.99,0.0015,0.0034999999999999996,0.001,0.004
2014-10-17,0.99,0.0015,0.0034999999999999996,0.001,0.004
2014-10-20,0.99,0.0015,0.0034999999999999996,0.001,0.004
2014-10-21,0.99,0.0015,0.0034999999999999996,0.001,0.004
2014-10-22,0.99,0.0015,0.0034999999999999996,0.001,0.004
2014-10-23,0.99,0.0015,0.0034999999999999996,0.001,0.004
2014-10-24,0.99,0.0015,0.0034999999999999996,0.001,0.004
2014-10-27,0.99,0.0015,0.0034999999999999996,0.001,0.004
2014-10-28,0.99,0.0015,0.0034999999999999996,0.001,0.004
2014-10-29,0.99,0.0015,0.0034999999999999996,0.001,0.004
2014-10-30,0.99,0.0015,0.0034999999999999996,0.001,0.004
2014-10-31,0.99,0.0015,0.0034999999999999996,0.001,0.004
2014-11-03,0.99,0.0015,0.0034999999999999996,0.001,0.004
2014-11-04,0.99,0.0015,0.0034999999999999996,0.001,0.004
2014-11-05,0.99,0.0015,0.0034999999999999996,0.001,0.004
2014-11-06,0.99,0.0015,0.0034999999999999996,0.001,0.004
2014-11-07,0.99,0.0015,0.0034999999999999996,0.001,0.004
2014-11-10,0.99,0.0015,0.0034999999999999996,0.001,0.004
2014-11-11,0.99,0.0015,0.0034999999999999996,0.001,0.004
2014-11-12,0.99,0.0015,0.0034999999999999996,0.001,0.004
2014-11-13,0.99,0.0015,0.0034999999999999996,0.001,0.004
2014-11-14,0.99,0.0015,0.0034999999999999996,0.001,0.004
2014-11-17,0.99,0.0015,0.0034999999999999996,0.001,0.004
2014-11-18,0.99,0.0015,0.0034999999999999996,0.001,0.004
2014-11-19,0.99,0.0015,0.0034999999999999996,0.001,0.004
2014-11-20,0.99,0.0015,0.0034999999999999996,0.001,0.004
2014-11-21,0.99,0.0015,0.0034999999999999996,0.001,0.004
2014-11-24,0.99,0.0015,0.0034999999999999996,0.001,0.004
2014-11-25,0.99,0.0015,0.0034999999999999996,0.001,0.004
2014-11-26,0.99,0.0015,0.0034999999999999996,0.001,0.004
2014-11-28,0.99,0.0015,0.0034999999999999996,0.001,0.004
2014-12-01,0.99,0.0015,0.0034999999999999996,0.001,0.004
2014-12-02,0.99,0.0015,0.0034999999999999996,0.001,0.004
2014-12-03,0.99,0.0015,0.0034999999999999996,0.001,0.004
2014-12-04,0.99,0.0015,0.0034999999999999996,0.001,0.004
2014-12-05,0.99,0.0015,0.0034999999999999996,0.001,0.004
2014-12-08,0.99,0.0015,0.0034999999999999996,0.001,0.004
2014-12-09,0.99,0.0015,0.0034999999999999996,0.001,0.004
2014-12-10,0.99,0.0015,0.0034999999999999996,0.001,0.004
2014-12-11,0.99,0.0015,0.0034999999999999996,0.001,0.004
2014-12-12,0.99,0.0015,0.0034999999999999996,0.001,0.004
2014-12-15,0.99,0.0015,0.0034999999999999996,0.001,0.004
2014-12-16,0.99,0.0015,0.0034999999999999996,0.001,0.004
2014-12-17,0.99,0.0015,0.0034999999999999996,0.001,0.004
2014-12-18,0.99,0.0015,0.0034999999999999996,0.001,0.004
2014-12-19,0.99,0.0015,0.0034999999999999996,0.001,0.004
2014-12-22,0.99,0.0015,0.0034999999999999996,0.001,0.004
2014-12-23,0.99,0.0015,0.0034999999999999996,0.001,0.004
2014-12-24,0.99,0.0015,0.0034999999999999996,0.001,0.004
2014-12-26,0.99,0.0015,0.0034999999999999996,0.001,0.004
2014-12-29,0.99,0.0015,0.0034999999999999996,0.001,0.004
2014-12-30,0.99,0.0015,0.0034999999999999996,0.001,0.004
2014-12-31,0.99,0.0015,0.0034999999999999996,0.001,0.004
2015-01-02,0.99,0.0015,0.0034999999999999996,0.001,0.004
2015-01-05,0.99,0.0015,0.0034999999999999996,0.001,0.004
2015-01-06,0.99,0.0015,0.0034999999999999996,0.001,0.004
2015-01-07,0.99,0.0015,0.0034999999999999996,0.001,0.004
2015-01-08,0.99,0.0015,0.0034999999999999996,0.001,0.004
2015-01-09,0.99,0.0015,0.0034999999999999996,0.001,0.004
2015-01-12,0.99,0.0015,0.0034999999999999996,0.001,0.004
2015-01-13,0.99,0.0015,0.0034999999999999996,0.001,0.004
2015-01-14,0.99,0.0015,0.0034999999999999996,0.001,0.004
2015-01-15,0.99,0.0015,0.0034999999999999996,0.001,0.004
2015-01-16,0.99,0.0015,0.0034999999999999996,0.001,0.004
2015-01-20,0.99,0.0015,0.0034999999999999996,0.001,0.004
2015-01-21,0.99,0.0015,0.0034999999999999996,0.001,0.004
2015-01-22,0.99,0.0015,0.0034999999999999996,0.001,0.004
2015-01-23,0.99,0.0015,0.0034999999999999996,0.001,0.004
2015-01-26,0.99,0.0015,0.0034999999999999996,0.001,0.004
2015-01-27,0.99,0.0015,0.0034999999999999996,0.001,0.004
2015-01-28,0.99,0.0015,0.0034999999999999996,0.001,0.004
2015-01-29,0.99,0.0015,0.0034999999999999996,0.001,0.004
2015-01-30,0.99,0.0015,0.0034999999999999996,0.001,0.004
2015-02-02,0.99,0.0015,0.0034999999999999996,0.001,0.004
2015-02-03,0.99,0.0015,0.0034999999999999996,0.001,0.004
2015-02-04,0.99,0.0015,0.0034999999999999996,0.001,0.004
2015-02-05,0.99,0.0015,0.0034999999999999996,0.001,0.004
2015-02-06,0.99,0.0015,0.0034999999999999996,0.001,0.004
2015-02-09,0.99,0.0015,0.0034999999999999996,0.001,0.004
2015-02-10,0.99,0.0015,0.0034999999999999996,0.001,0.004
2015-02-11,0.99,0.0015,0.0034999999999999996,0.001,0.004
2015-02-12,0.99,0.0015,0.0034999999999999996,0.001,0.004
2015-02-13,0.99,0.0015,0.0034999999999999996,0.001,0.004
2015-02-17,0.99,0.0015,0.0034999999999999996,0.001,0.004
2015-02-18,0.99,0.0015,0.0034999999999999996,0.001,0.004
2015-02-19,0.99,0.0015,0.0034999999999999996,0.001,0.004
2015-02-20,0.99,0.0015,0.0034999999999999996,0.001,0.004
2015-02-23,0.99,0.0015,0.0034999999999999996,0.001,0.004
2015-02-24,0.99,0.0015,0.0034999999999999996,0.001,0.004
2015-02-25,0.99,0.0015,0.0034999999999999996,0.001,0.004
2015-02-26,0.99,0.0015,0.0034999999999999996,0.001,0.004
2015-02-27,0.99,0.0015,0.0034999999999999996,0.001,0.004
2015-03-02,0.99,0.0015,0.0034999999999999996,0.001,0.004
2015-03-03,0.99,0.0015,0.0034999999999999996,0.001,0.004
2015-03-04,0.99,0.0015,0.0034999999999999996,0.001,0.004
2015-03-05,0.99,0.0015,0.0034999999999999996,0.001,0.004
2015-03-06,0.99,0.0015,0.0034999999999999996,0.001,0.004
2015-03-09,0.99,0.0015,0.0034999999999999996,0.001,0.004
2015-03-10,0.99,0.0015,0.0034999999999999996,0.001,0.004
2015-03-11,0.99,0.0015,0.0034999999999999996,0.001,0.004
2015-03-12,0.99,0.0015,0.0034999999999999996,0.001,0.004
2015-03-13,0.99,0.0015,0.0034999999999999996,0.001,0.004
2015-03-16,0.99,0.0015,0.0034999999999999996,0.001,0.004
2015-03-17,0.99,0.0015,0.0034999999999999996,0.001,0.004
2015-03-18,0.99,0.0015,0.0034999999999999996,0.001,0.004
2015-03-19,0.99,0.0015,0.0034999999999999996,0.001,0.004
2015-03-20,0.99,0.0015,0.0034999999999999996,0.001,0.004
2015-03-23,0.99,0.0015,0.0034999999999999996,0.001,0.004
2015-03-24,0.99,0.0015,0.0034999999999999996,0.001,0.004
2015-03-25,0.99,0.0015,0.0034999999999999996,0.001,0.004
2015-03-26,0.99,0.0015,0.0034999999999999996,0.001,0.004
2015-03-27,0.99,0.0015,0.0034999999999999996,0.001,0.004
2015-03-30,0.99,0.0015,0.0034999999999999996,0.001,0.004
2015-03-31,0.99,0.0015,0.0034999999999999996,0.001,0.004
2015-04-01,0.99,0.0015,0.0034999999999999996,0.001,0.004
2015-04-02,0.99,0.0015,0.0034999999999999996,0.001,0.004
2015-04-06,0.99,0.0015,0.0034999999999999996,0.001,0.004
2015-04-07,0.99,0.0015,0.0034999999999999996,0.001,0.004
2015-04-08,0.99,0.0015,0.0034999999999999996,0.001,0.004
2015-04-09,0.99,0.0015,0.0034999999999999996,0.001,0.004
2015-04-10,0.99,0.0015,0.0034999999999999996,0.001,0.004
2015-04-13,0.99,0.0015,0.0034999999999999996,0.001,0.004
2015-04-14,0.99,0.0015,0.0034999999999999996,0.001,0.004
2015-04-15,0.99,0.0015,0.0034999999999999996,0.001,0.004
2015-04-16,0.99,0.0015,0.0034999999999999996,0.001,0.004
2015-04-17,0.99,0.0015,0.0034999999999999996,0.001,0.004
2015-04-20,0.99,0.0015,0.0034999999999999996,0.001,0.004
2015-04-21,0.99,0.0015,0.0034999999999999996,0.001,0.004
2015-04-22,0.99,0.0015,0.0034999999999999996,0.001,0.004
2015-04-23,0.99,0.0015,0.0034999999999999996,0.001,0.004
2015-04-24,0.99,0.0015,0.0034999999999999996,0.001,0.004
2015-04-27,0.99,0.0015,0.0034999999999999996,0.001,0.004
2015-04-28,0.99,0.0015,0.0034999999999999996,0.001,0.004
2015-04-29,0.99,0.0015,0.0034999999999999996,0.001,0.004
2015-04-30,0.99,0.0015,0.0034999999999999996,0.001,0.004
2015-05-01,0.99,0.0015,0.0034999999999999996,0.001,0.004
2015-05-04,0.99,0.0015,0.0034999999999999996,0.001,0.004
2015-05-05,0.99,0.0015,0.0034999999999999996,0.001,0.004
2015-05-06,0.99,0.0015,0.0034999999999999996,0.001,0.004
2015-05-07,0.99,0.0015,0.0034999999999999996,0.001,0.004
2015-05-08,0.99,0.0015,0.0034999999999999996,0.001,0.004
2015-05-11,0.99,0.0015,0.0034999999999999996,0.001,0.004
2015-05-12,0.99,0.0015,0.0034999999999999996,0.001,0.004
2015-05-13,0.99,0.0015,0.0034999999999999996,0.001,0.004
2015-05-14,0.99,0.0015,0.0034999999999999996,0.001,0.004
2015-05-15,0.99,0.0015,0.0034999999999999996,0.001,0.004
2015-05-18,0.99,0.0015,0.0034999999999999996,0.001,0.004
2015-05-19,0.99,0.0015,0.0034999999999999996,0.001,0.004
2015-05-20,0.99,0.0015,0.0034999999999999996,0.001,0.004
2015-05-21,0.99,0.0015,0.0034999999999999996,0.001,0.004
2015-05-22,0.99,0.0015,0.0034999999999999996,0.001,0.004
2015-05-26,0.99,0.0015,0.0034999999999999996,0.001,0.004
2015-05-27,0.99,0.0015,0.0034999999999999996,0.001,0.004
2015-05-28,0.99,0.0015,0.0034999999999999996,0.001,0.004
2015-05-29,0.99,0.0015,0.0034999999999999996,0.001,0.004
2015-06-01,0.99,0.0015,0.0034999999999999996,0.001,0.004
2015-06-02,0.99,0.0015,0.0034999999999999996,0.001,0.004
2015-06-03,0.99,0.0015,0.0034999999999999996,0.001,0.004
2015-06-04,0.99,0.0015,0.0034999999999999996,0.001,0.004
2015-06-05,0.99,0.0015,0.0034999999999999996,0.001,0.004
2015-06-08,0.99,0.0015,0.0034999999999999996,0.001,0.004
2015-06-09,0.99,0.0015,0.0034999999999999996,0.001,0.004
2015-06-10,0.99,0.0015,0.0034999999999999996,0.001,0.004
2015-06-11,0.99,0.0015,0.0034999999999999996,0.001,0.004
2015-06-12,0.99,0.0015,0.0034999999999999996,0.001,0.004
2015-06-15,0.99,0.0015,0.0034999999999999996,0.001,0.004
2015-06-16,0.99,0.0015,0.0034999999999999996,0.001,0.004
2015-06-17,0.99,0.0015,0.0034999999999999996,0.001,0.004
2015-06-18,0.99,0.0015,0.0034999999999999996,0.001,0.004
2015-06-19,0.99,0.0015,0.0034999999999999996,0.001,0.004
2015-06-22,0.99,0.0015,0.0034999999999999996,0.001,0.004
2015-06-23,0.99,0.0015,0.0034999999999999996,0.001,0.004
2015-06-24,0.99,0.0015,0.0034999999999999996,0.001,0.004
2015-06-25,0.99,0.0015,0.0034999999999999996,0.001,0.004
2015-06-26,0.99,0.0015,0.0034999999999999996,0.001,0.004
2015-06-29,0.99,0.0015,0.0034999999999999996,0.001,0.004
2015-06-30,0.99,0.0015,0.0034999999999999996,0.001,0.004
2015-07-01,0.99,0.0015,0.0034999999999999996,0.001,0.004
2015-07-02,0.99,0.0015,0.0034999999999999996,0.001,0.004
2015-07-06,0.99,0.0015,0.0034999999999999996,0.001,0.004
2015-07-07,0.99,0.0015,0.0034999999999999996,0.001,0.004
2015-07-08,0.99,0.0015,0.0034999999999999996,0.001,0.004
2015-07-09,0.99,0.0015,0.0034999999999999996,0.001,0.004
2015-07-10,0.99,0.0015,0.0034999999999999996,0.001,0.004
2015-07-13,0.99,0.0015,0.0034999999999999996,0.001,0.004
2015-07-14,0.99,0.0015,0.0034999999999999996,0.001,0.004
2015-07-15,0.99,0.0015,0.0034999999999999996,0.001,0.004
2015-07-16,0.99,0.0015,0.0034999999999999996,0.001,0.004
2015-07-17,0.99,0.0015,0.0034999999999999996,0.001,0.004
2015-07-20,0.99,0.0015,0.0034999999999999996,0.001,0.004
2015-07-21,0.99,0.0015,0.0034999999999999996,0.001,0.004
2015-07-22,0.99,0.0015,0.0034999999999999996,0.001,0.004
2015-07-23,0.99,0.0015,0.0034999999999999996,0.001,0.004
2015-07-24,0.99,0.0015,0.0034999999999999996,0.001,0.004
2015-07-27,0.99,0.0015,0.0034999999999999996,0.001,0.004
2015-07-28,0.99,0.0015,0.0034999999999999996,0.001,0.004
2015-07-29,0.99,0.0015,0.0034999999999999996,0.001,0.004
2015-07-30,0.99,0.0015,0.0034999999999999996,0.001,0.004
2015-07-31,0.99,0.0015,0.0034999999999999996,0.001,0.004
2015-08-03,0.99,0.0015,0.0034999999999999996,0.001,0.004
2015-08-04,0.99,0.0015,0.0034999999999999996,0.001,0.004
2015-08-05,0.99,0.0015,0.0034999999999999996,0.001,0.004
2015-08-06,0.99,0.0015,0.0034999999999999996,0.001,0.004
2015-08-07,0.99,0.0015,0.0034999999999999996,0.001,0.004
2015-08-10,0.99,0.0015,0.0034999999999999996,0.001,0.004
2015-08-11,0.99,0.0015,0.0034999999999999996,0.001,0.004
2015-08-12,0.99,0.0015,0.0034999999999999996,0.001,0.004
2015-08-13,0.99,0.0015,0.0034999999999999996,0.001,0.004
2015-08-14,0.99,0.0015,0.0034999999999999996,0.001,0.004
2015-08-17,0.99,0.0015,0.0034999999999999996,0.001,0.004
2015-08-18,0.99,0.0015,0.0034999999999999996,0.001,0.004
2015-08-19,0.99,0.0015,0.0034999999999999996,0.001,0.004
2015-08-20,0.99,0.0015,0.0034999999999999996,0.001,0.004
2015-08-21,0.99,0.0015,0.0034999999999999996,0.001,0.004
2015-08-24,0.99,0.0015,0.0034999999999999996,0.001,0.004
2015-08-25,0.99,0.0015,0.0034999999999999996,0.001,0.004
2015-08-26,0.99,0.0015,0.0034999999999999996,0.001,0.004
2015-08-27,0.99,0.0015,0.0034999999999999996,0.001,0.004
2015-08-28,0.99,0.0015,0.0034999999999999996,0.001,0.004
2015-08-31,0.99,0.0015,0.0034999999999999996,0.001,0.004
2015-09-01,0.99,0.0015,0.0034999999999999996,0.001,0.004
2015-09-02,0.636832825449321,0.054475076182601855,0.12710851109273763,0.036316717455067905,0.14526686982027162
2015-09-03,0.636832825449321,0.054475076182601855,0.12710851109273763,0.036316717455067905,0.14526686982027162
2015-09-04,0.636832825449321,0.054475076182601855,0.12710851109273763,0.036316717455067905,0.14526686982027162
2015-09-08,0.636832825449321,0.054475076182601855,0.12710851109273763,0.036316717455067905,0.14526686982027162
2015-09-09,0.636832825449321,0.054475076182601855,0.12710851109273763,0.036316717455067905,0.14526686982027162
2015-09-10,0.636832825449321,0.054475076182601855,0.12710851109273763,0.036316717455067905,0.14526686982027162
2015-09-11,0.636832825449321,0.054475076182601855,0.12710851109273763,0.036316717455067905,0.14526686982027162
2015-09-14,0.636832825449321,0.054475076182601855,0.12710851109273763,0.036316717455067905,0.14526686982027162
2015-09-15,0.636832825449321,0.054475076182601855,0.12710851109273763,0.036316717455067905,0.14526686982027162
2015-09-16,0.636832825449321,0.054475076182601855,0.12710851109273763,0.036316717455067905,0.14526686982027162
2015-09-17,0.636832825449321,0.054475076182601855,0.12710851109273763,0.036316717455067905,0.14526686982027162
2015-09-18,0.636832825449321,0.054475076182601855,0.12710851109273763,0.036316717455067905,0.14526686982027162
2015-09-21,0.636832825449321,0.054475076182601855,0.12710851109273763,0.036316717455067905,0.14526686982027162
2015-09-22,0.636832825449321,0.054475076182601855,0.12710851109273763,0.036316717455067905,0.14526686982027162
2015-09-23,0.636832825449321,0.054475076182601855,0.12710851109273763,0.036316717455067905,0.14526686982027162
2015-09-24,0.636832825449321,0.054475076182601855,0.12710851109273763,0.036316717455067905,0.14526686982027162
2015-09-25,0.636832825449321,0.054475076182601855,0.12710851109273763,0.036316717455067905,0.14526686982027162
2015-09-28,0.636832825449321,0.054475076182601855,0.12710851109273763,0.036316717455067905,0.14526686982027162
2015-09-29,0.636832825449321,0.054475076182601855,0.12710851109273763,0.036316717455067905,0.14526686982027162
2015-09-30,0.636832825449321,0.054475076182601855,0.12710851109273763,0.036316717455067905,0.14526686982027162
2015-10-01,0.636832825449321,0.054475076182601855,0.12710851109273763,0.036316717455067905,0.14526686982027162
2015-10-02,0.99,0.0015,0.0034999999999999996,0.001,0.004
2015-10-05,0.99,0.0015,0.0034999999999999996,0.001,0.004
2015-10-06,0.99,0.0015,0.0034999999999999996,0.001,0.004
2015-10-07,0.99,0.0015,0.0034999999999999996,0.001,0.004
2015-10-08,0.99,0.0015,0.0034999999999999996,0.001,0.004
2015-10-09,0.99,0.0015,0.0034999999999999996,0.001,0.004
2015-10-12,0.99,0.0015,0.0034999999999999996,0.001,0.004
2015-10-13,0.99,0.0015,0.0034999999999999996,0.001,0.004
2015-10-14,0.99,0.0015,0.0034999999999999996,0.001,0.004
2015-10-15,0.99,0.0015,0.0034999999999999996,0.001,0.004
2015-10-16,0.99,0.0015,0.0034999999999999996,0.001,0.004
2015-10-19,0.99,0.0015,0.0034999999999999996,0.001,0.004
2015-10-20,0.99,0.0015,0.0034999999999999996,0.001,0.004
2015-10-21,0.99,0.0015,0.0034999999999999996,0.001,0.004
2015-10-22,0.99,0.0015,0.0034999999999999996,0.001,0.004
2015-10-23,0.99,0.0015,0.0034999999999999996,0.001,0.004
2015-10-26,0.99,0.0015,0.0034999999999999996,0.001,0.004
2015-10-27,0.99,0.0015,0.0034999999999999996,0.001,0.004
2015-10-28,0.99,0.0015,0.0034999999999999996,0.001,0.004
2015-10-29,0.99,0.0015,0.0034999999999999996,0.001,0.004
2015-10-30,0.99,0.0015,0.0034999999999999996,0.001,0.004
2015-11-02,0.99,0.0015,0.0034999999999999996,0.001,0.004
2015-11-03,0.99,0.0015,0.0034999999999999996,0.001,0.004
2015-11-04,0.99,0.0015,0.0034999999999999996,0.001,0.004
2015-11-05,0.99,0.0015,0.0034999999999999996,0.001,0.004
2015-11-06,0.99,0.0015,0.0034999999999999996,0.001,0.004
2015-11-09,0.99,0.0015,0.0034999999999999996,0.001,0.004
2015-11-10,0.99,0.0015,0.0034999999999999996,0.001,0.004
2015-11-11,0.99,0.0015,0.0034999999999999996,0.001,0.004
2015-11-12,0.99,0.0015,0.0034999999999999996,0.001,0.004
2015-11-13,0.99,0.0015,0.0034999999999999996,0.001,0.004
2015-11-16,0.99,0.0015,0.0034999999999999996,0.001,0.004
2015-11-17,0.99,0.0015,0.0034999999999999996,0.001,0.004
2015-11-18,0.99,0.0015,0.0034999999999999996,0.001,0.004
2015-11-19,0.99,0.0015,0.0034999999999999996,0.001,0.004
2015-11-20,0.99,0.0015,0.0034999999999999996,0.001,0.004
2015-11-23,0.99,0.0015,0.0034999999999999996,0.001,0.004
2015-11-24,0.99,0.0015,0.0034999999999999996,0.001,0.004
2015-11-25,0.99,0.0015,0.0034999999999999996,0.001,0.004
2015-11-27,0.99,0.0015,0.0034999999999999996,0.001,0.004
2015-11-30,0.99,0.0015,0.0034999999999999996,0.001,0.004
2015-12-01,0.99,0.0015,0.0034999999999999996,0.001,0.004
2015-12-02,0.99,0.0015,0.0034999999999999996,0.001,0.004
2015-12-03,0.99,0.0015,0.0034999999999999996,0.001,0.004
2015-12-04,0.99,0.0015,0.0034999999999999996,0.001,0.004
2015-12-07,0.99,0.0015,0.0034999999999999996,0.001,0.004
2015-12-08,0.99,0.0015,0.0034999999999999996,0.001,0.004
2015-12-09,0.99,0.0015,0.0034999999999999996,0.001,0.004
2015-12-10,0.99,0.0015,0.0034999999999999996,0.001,0.004
2015-12-11,0.99,0.0015,0.0034999999999999996,0.001,0.004
2015-12-14,0.99,0.0015,0.0034999999999999996,0.001,0.004
2015-12-15,0.99,0.0015,0.0034999999999999996,0.001,0.004
2015-12-16,0.99,0.0015,0.0034999999999999996,0.001,0.004
2015-12-17,0.99,0.0015,0.0034999999999999996,0.001,0.004
2015-12-18,0.99,0.0015,0.0034999999999999996,0.001,0.004
2015-12-21,0.99,0.0015,0.0034999999999999996,0.001,0.004
2015-12-22,0.99,0.0015,0.0034999999999999996,0.001,0.004
2015-12-23,0.99,0.0015,0.0034999999999999996,0.001,0.004
2015-12-24,0.99,0.0015,0.0034999999999999996,0.001,0.004
2015-12-28,0.99,0.0015,0.0034999999999999996,0.001,0.004
2015-12-29,0.99,0.0015,0.0034999999999999996,0.001,0.004
2015-12-30,0.99,0.0015,0.0034999999999999996,0.001,0.004
2015-12-31,0.99,0.0015,0.0034999999999999996,0.001,0.004
2016-01-04,0.99,0.0015,0.0034999999999999996,0.001,0.004
2016-01-05,0.99,0.0015,0.0034999999999999996,0.001,0.004
2016-01-06,0.99,0.0015,0.0034999999999999996,0.001,0.004
2016-01-07,0.99,0.0015,0.0034999999999999996,0.001,0.004
2016-01-08,0.99,0.0015,0.0034999999999999996,0.001,0.004
2016-01-11,0.99,0.0015,0.0034999999999999996,0.001,0.004
2016-01-12,0.99,0.0015,0.0034999999999999996,0.001,0.004
2016-01-13,0.99,0.0015,0.0034999999999999996,0.001,0.004
2016-01-14,0.99,0.0015,0.0034999999999999996,0.001,0.004
2016-01-15,0.99,0.0015,0.0034999999999999996,0.001,0.004
2016-01-19,0.99,0.0015,0.0034999999999999996,0.001,0.004
2016-01-20,0.99,0.0015,0.0034999999999999996,0.001,0.004
2016-01-21,0.99,0.0015,0.0034999999999999996,0.001,0.004
2016-01-22,0.99,0.0015,0.0034999999999999996,0.001,0.004
2016-01-25,0.99,0.0015,0.0034999999999999996,0.001,0.004
2016-01-26,0.99,0.0015,0.0034999999999999996,0.001,0.004
2016-01-27,0.99,0.0015,0.0034999999999999996,0.001,0.004
2016-01-28,0.99,0.0015,0.0034999999999999996,0.001,0.004
2016-01-29,0.99,0.0015,0.0034999999999999996,0.001,0.004
2016-02-01,0.99,0.0015,0.0034999999999999996,0.001,0.004
2016-02-02,0.8647001594092535,0.020294976088611964,0.04735494420676124,0.013529984059074643,0.05411993623629857
2016-02-03,0.8647001594092535,0.020294976088611964,0.04735494420676124,0.013529984059074643,0.05411993623629857
2016-02-04,0.8647001594092535,0.020294976088611964,0.04735494420676124,0.013529984059074643,0.05411993623629857
2016-02-05,0.8647001594092535,0.020294976088611964,0.04735494420676124,0.013529984059074643,0.05411993623629857
2016-02-08,0.8647001594092535,0.020294976088611964,0.04735494420676124,0.013529984059074643,0.05411993623629857
2016-02-09,0.8647001594092535,0.020294976088611964,0.04735494420676124,0.013529984059074643,0.05411993623629857
2016-02-10,0.8647001594092535,0.020294976088611964,0.04735494420676124,0.013529984059074643,0.05411993623629857
2016-02-11,0.8647001594092535,0.020294976088611964,0.04735494420676124,0.013529984059074643,0.05411993623629857
2016-02-12,0.8647001594092535,0.020294976088611964,0.04735494420676124,0.013529984059074643,0.05411993623629857
2016-02-16,0.8647001594092535,0.020294976088611964,0.04735494420676124,0.013529984059074643,0.05411993623629857
2016-02-17,0.8647001594092535,0.020294976088611964,0.04735494420676124,0.013529984059074643,0.05411993623629857
2016-02-18,0.8647001594092535,0.020294976088611964,0.04735494420676124,0.013529984059074643,0.05411993623629857
2016-02-19,0.8647001594092535,0.020294976088611964,0.04735494420676124,0.013529984059074643,0.05411993623629857
2016-02-22,0.8647001594092535,0.020294976088611964,0.04735494420676124,0.013529984059074643,0.05411993623629857
2016-02-23,0.8647001594092535,0.020294976088611964,0.04735494420676124,0.013529984059074643,0.05411993623629857
2016-02-24,0.8647001594092535,0.020294976088611964,0.04735494420676124,0.013529984059074643,0.05411993623629857
2016-02-25,0.8647001594092535,0.020294976088611964,0.04735494420676124,0.013529984059074643,0.05411993623629857
2016-02-26,0.8647001594092535,0.020294976088611964,0.04735494420676124,0.013529984059074643,0.05411993623629857
2016-02-29,0.8647001594092535,0.020294976088611964,0.04735494420676124,0.013529984059074643,0.05411993623629857
2016-03-01,0.8647001594092535,0.020294976088611964,0.04735494420676124,0.013529984059074643,0.05411993623629857
2016-03-02,0.9107573663068896,0.013386395053966554,0.031234921792588625,0.008924263369311038,0.03569705347724415
2016-03-03,0.9107573663068896,0.013386395053966554,0.031234921792588625,0.008924263369311038,0.03569705347724415
2016-03-04,0.9107573663068896,0.013386395053966554,0.031234921792588625,0.008924263369311038,0.03569705347724415
2016-03-07,0.9107573663068896,0.013386395053966554,0.031234921792588625,0.008924263369311038,0.03569705347724415
2016-03-08,0.9107573663068896,0.013386395053966554,0.031234921792588625,0.008924263369311038,0.03569705347724415
2016-03-09,0.9107573663068896,0.013386395053966554,0.031234921792588625,0.008924263369311038,0.03569705347724415
2016-03-10,0.9107573663068896,0.013386395053966554,0.031234921792588625,0.008924263369311038,0.03569705347724415
2016-03-11,0.9107573663068896,0.013386395053966554,0.031234921792588625,0.008924263369311038,0.03569705347724415
2016-03-14,0.9107573663068896,0.013386395053966554,0.031234921792588625,0.008924263369311038,0.03569705347724415
2016-03-15,0.9107573663068896,0.013386395053966554,0.031234921792588625,0.008924263369311038,0.03569705347724415
2016-03-16,0.9107573663068896,0.013386395053966554,0.031234921792588625,0.008924263369311038,0.03569705347724415
2016-03-17,0.9107573663068896,0.013386395053966554,0.031234921792588625,0.008924263369311038,0.03569705347724415
2016-03-18,0.9107573663068896,0.013386395053966554,0.031234921792588625,0.008924263369311038,0.03569705347724415
2016-03-21,0.9107573663068896,0.013386395053966554,0.031234921792588625,0.008924263369311038,0.03569705347724415
2016-03-22,0.9107573663068896,0.013386395053966554,0.031234921792588625,0.008924263369311038,0.03569705347724415
2016-03-23,0.9107573663068896,0.013386395053966554,0.031234921792588625,0.008924263369311038,0.03569705347724415
2016-03-24,0.9107573663068896,0.013386395053966554,0.031234921792588625,0.008924263369311038,0.03569705347724415
2016-03-28,0.9107573663068896,0.013386395053966554,0.031234921792588625,0.008924263369311038,0.03569705347724415
2016-03-29,0.9107573663068896,0.013386395053966554,0.031234921792588625,0.008924263369311038,0.03569705347724415
2016-03-30,0.9107573663068896,0.013386395053966554,0.031234921792588625,0.008924263369311038,0.03569705347724415
2016-03-31,0.9107573663068896,0.013386395053966554,0.031234921792588625,0.008924263369311038,0.03569705347724415
2016-04-01,0.9107573663068896,0.013386395053966554,0.031234921792588625,0.008924263369311038,0.03569705347724415
2016-04-04,0.99,0.0015,0.0034999999999999996,0.001,0.004
2016-04-05,0.99,0.0015,0.0034999999999999996,0.001,0.004
2016-04-06,0.99,0.0015,0.0034999999999999996,0.001,0.004
2016-04-07,0.99,0.0015,0.0034999999999999996,0.001,0.004
2016-04-08,0.99,0.0015,0.0034999999999999996,0.001,0.004
2016-04-11,0.99,0.0015,0.0034999999999999996,0.001,0.004
2016-04-12,0.99,0.0015,0.0034999999999999996,0.001,0.004
2016-04-13,0.99,0.0015,0.0034999999999999996,0.001,0.004
2016-04-14,0.99,0.0015,0.0034999999999999996,0.001,0.004
2016-04-15,0.99,0.0015,0.0034999999999999996,0.001,0.004
2016-04-18,0.99,0.0015,0.0034999999999999996,0.001,0.004
2016-04-19,0.99,0.0015,0.0034999999999999996,0.001,0.004
2016-04-20,0.99,0.0015,0.0034999999999999996,0.001,0.004
2016-04-21,0.99,0.0015,0.0034999999999999996,0.001,0.004
2016-04-22,0.99,0.0015,0.0034999999999999996,0.001,0.004
2016-04-25,0.99,0.0015,0.0034999999999999996,0.001,0.004
2016-04-26,0.99,0.0015,0.0034999999999999996,0.001,0.004
2016-04-27,0.99,0.0015,0.0034999999999999996,0.001,0.004
2016-04-28,0.99,0.0015,0.0034999999999999996,0.001,0.004
2016-04-29,0.99,0.0015,0.0034999999999999996,0.001,0.004
2016-05-02,0.99,0.0015,0.0034999999999999996,0.001,0.004
2016-05-03,0.99,0.0015,0.0034999999999999996,0.001,0.004
2016-05-04,0.99,0.0015,0.0034999999999999996,0.001,0.004
2016-05-05,0.99,0.0015,0.0034999999999999996,0.001,0.004
2016-05-06,0.99,0.0015,0.0034999999999999996,0.001,0.004
2016-05-09,0.99,0.0015,0.0034999999999999996,0.001,0.004
2016-05-10,0.99,0.0015,0.0034999999999999996,0.001,0.004
2016-05-11,0.99,0.0015,0.0034999999999999996,0.001,0.004
2016-05-12,0.99,0.0015,0.0034999999999999996,0.001,0.004
2016-05-13,0.99,0.0015,0.0034999999999999996,0.001,0.004
2016-05-16,0.99,0.0015,0.0034999999999999996,0.001,0.004
2016-05-17,0.99,0.0015,0.0034999999999999996,0.001,0.004
2016-05-18,0.99,0.0015,0.0034999999999999996,0.001,0.004
2016-05-19,0.99,0.0015,0.0034999999999999996,0.001,0.004
2016-05-20,0.99,0.0015,0.0034999999999999996,0.001,0.004
2016-05-23,0.99,0.0015,0.0034999999999999996,0.001,0.004
2016-05-24,0.99,0.0015,0.0034999999999999996,0.001,0.004
2016-05-25,0.99,0.0015,0.0034999999999999996,0.001,0.004
2016-05-26,0.99,0.0015,0.0034999999999999996,0.001,0.004
2016-05-27,0.99,0.0015,0.0034999999999999996,0.001,0.004
2016-05-31,0.99,0.0015,0.0034999999999999996,0.001,0.004
2016-06-01,0.99,0.0015,0.0034999999999999996,0.001,0.004
2016-06-02,0.99,0.0015,0.0034999999999999996,0.001,0.004
2016-06-03,0.99,0.0015,0.0034999999999999996,0.001,0.004
2016-06-06,0.99,0.0015,0.0034999999999999996,0.001,0.004
2016-06-07,0.99,0.0015,0.0034999999999999996,0.001,0.004
2016-06-08,0.99,0.0015,0.0034999999999999996,0.001,0.004
2016-06-09,0.99,0.0015,0.0034999999999999996,0.001,0.004
2016-06-10,0.99,0.0015,0.0034999999999999996,0.001,0.004
2016-06-13,0.99,0.0015,0.0034999999999999996,0.001,0.004
2016-06-14,0.99,0.0015,0.0034999999999999996,0.001,0.004
2016-06-15,0.99,0.0015,0.0034999999999999996,0.001,0.004
2016-06-16,0.99,0.0015,0.0034999999999999996,0.001,0.004
2016-06-17,0.99,0.0015,0.0034999999999999996,0.001,0.004
2016-06-20,0.99,0.0015,0.0034999999999999996,0.001,0.004
2016-06-21,0.99,0.0015,0.0034999999999999996,0.001,0.004
2016-06-22,0.99,0.0015,0.0034999999999999996,0.001,0.004
2016-06-23,0.99,0.0015,0.0034999999999999996,0.001,0.004
2016-06-24,0.99,0.0015,0.0034999999999999996,0.001,0.004
2016-06-27,0.99,0.0015,0.0034999999999999996,0.001,0.004
2016-06-28,0.99,0.0015,0.0034999999999999996,0.001,0.004
2016-06-29,0.99,0.0015,0.0034999999999999996,0.001,0.004
2016-06-30,0.99,0.0015,0.0034999999999999996,0.001,0.004
2016-07-01,0.99,0.0015,0.0034999999999999996,0.001,0.004
2016-07-05,0.9885107530348191,0.0017233870447771393,0.004021236437813325,0.001148924696518093,0.004595698786072372
2016-07-06,0.9885107530348191,0.0017233870447771393,0.004021236437813325,0.001148924696518093,0.004595698786072372
2016-07-07,0.9885107530348191,0.0017233870447771393,0.004021236437813325,0.001148924696518093,0.004595698786072372
2016-07-08,0.9885107530348191,0.0017233870447771393,0.004021236437813325,0.001148924696518093,0.004595698786072372
2016-07-11,0.9885107530348191,0.0017233870447771393,0.004021236437813325,0.001148924696518093,0.004595698786072372
2016-07-12,0.9885107530348191,0.0017233870447771393,0.004021236437813325,0.001148924696518093,0.004595698786072372
2016-07-13,0.9885107530348191,0.0017233870447771393,0.004021236437813325,0.001148924696518093,0.004595698786072372
2016-07-14,0.9885107530348191,0.0017233870447771393,0.004021236437813325,0.001148924696518093,0.004595698786072372
2016-07-15,0.9885107530348191,0.0017233870447771393,0.004021236437813325,0.001148924696518093,0.004595698786072372
2016-07-18,0.9885107530348191,0.0017233870447771393,0.004021236437813325,0.001148924696518093,0.004595698786072372
2016-07-19,0.9885107530348191,0.0017233870447771393,0.004021236437813325,0.001148924696518093,0.004595698786072372
2016-07-20,0.9885107530348191,0.0017233870447771393,0.004021236437813325,0.001148924696518093,0.004595698786072372
2016-07-21,0.9885107530348191,0.0017233870447771393,0.004021236437813325,0.001148924696518093,0.004595698786072372
2016-07-22,0.9885107530348191,0.0017233870447771393,0.004021236437813325,0.001148924696518093,0.004595698786072372
2016-07-25,0.9885107530348191,0.0017233870447771393,0.004021236437813325,0.001148924696518093,0.004595698786072372
2016-07-26,0.9885107530348191,0.0017233870447771393,0.004021236437813325,0.001148924696518093,0.004595698786072372
2016-07-27,0.9885107530348191,0.0017233870447771393,0.004021236437813325,0.001148924696518093,0.004595698786072372
2016-07-28,0.9885107530348191,0.0017233870447771393,0.004021236437813325,0.001148924696518093,0.004595698786072372
2016-07-29,0.9885107530348191,0.0017233870447771393,0.004021236437813325,0.001148924696518093,0.004595698786072372
2016-08-01,0.9885107530348191,0.0017233870447771393,0.004021236437813325,0.001148924696518093,0.004595698786072372
2016-08-02,0.99,0.0015,0.0034999999999999996,0.001,0.004
2016-08-03,0.99,0.0015,0.0034999999999999996,0.001,0.004
2016-08-04,0.99,0.0015,0.0034999999999999996,0.001,0.004
2016-08-05,0.99,0.0015,0.0034999999999999996,0.001,0.004
2016-08-08,0.99,0.0015,0.0034999999999999996,0.001,0.004
2016-08-09,0.99,0.0015,0.0034999999999999996,0.001,0.004
2016-08-10,0.99,0.0015,0.0034999999999999996,0.001,0.004
2016-08-11,0.99,0.0015,0.0034999999999999996,0.001,0.004
2016-08-12,0.99,0.0015,0.0034999999999999996,0.001,0.004
2016-08-15,0.99,0.0015,0.0034999999999999996,0.001,0.004
2016-08-16,0.99,0.0015,0.0034999999999999996,0.001,0.004
2016-08-17,0.99,0.0015,0.0034999999999999996,0.001,0.004
2016-08-18,0.99,0.0015,0.0034999999999999996,0.001,0.004
2016-08-19,0.99,0.0015,0.0034999999999999996,0.001,0.004
2016-08-22,0.99,0.0015,0.0034999999999999996,0.001,0.004
2016-08-23,0.99,0.0015,0.0034999999999999996,0.001,0.004
2016-08-24,0.99,0.0015,0.0034999999999999996,0.001,0.004
2016-08-25,0.99,0.0015,0.0034999999999999996,0.001,0.004
2016-08-26,0.99,0.0015,0.0034999999999999996,0.001,0.004
2016-08-29,0.99,0.0015,0.0034999999999999996,0.001,0.004
2016-08-30,0.99,0.0015,0.0034999999999999996,0.001,0.004
2016-08-31,0.99,0.0015,0.0034999999999999996,0.001,0.004
2016-09-01,0.99,0.0015,0.0034999999999999996,0.001,0.004
2016-09-02,0.99,0.0015,0.0034999999999999996,0.001,0.004
2016-09-06,0.99,0.0015,0.0034999999999999996,0.001,0.004
2016-09-07,0.99,0.0015,0.0034999999999999996,0.001,0.004
2016-09-08,0.99,0.0015,0.0034999999999999996,0.001,0.004
2016-09-09,0.99,0.0015,0.0034999999999999996,0.001,0.004
2016-09-12,0.99,0.0015,0.0034999999999999996,0.001,0.004
2016-09-13,0.99,0.0015,0.0034999999999999996,0.001,0.004
2016-09-14,0.99,0.0015,0.0034999999999999996,0.001,0.004
2016-09-15,0.99,0.0015,0.0034999999999999996,0.001,0.004
2016-09-16,0.99,0.0015,0.0034999999999999996,0.001,0.004
2016-09-19,0.99,0.0015,0.0034999999999999996,0.001,0.004
2016-09-20,0.99,0.0015,0.0034999999999999996,0.001,0.004
2016-09-21,0.99,0.0015,0.0034999999999999996,0.001,0.004
2016-09-22,0.99,0.0015,0.0034999999999999996,0.001,0.004
2016-09-23,0.99,0.0015,0.0034999999999999996,0.001,0.004
2016-09-26,0.99,0.0015,0.0034999999999999996,0.001,0.004
2016-09-27,0.99,0.0015,0.0034999999999999996,0.001,0.004
2016-09-28,0.99,0.0015,0.0034999999999999996,0.001,0.004
2016-09-29,0.99,0.0015,0.0034999999999999996,0.001,0.004
2016-09-30,0.99,0.0015,0.0034999999999999996,0.001,0.004
2016-10-03,0.99,0.0015,0.0034999999999999996,0.001,0.004
2016-10-04,0.99,0.0015,0.0034999999999999996,0.001,0.004
2016-10-05,0.99,0.0015,0.0034999999999999996,0.001,0.004
2016-10-06,0.99,0.0015,0.0034999999999999996,0.001,0.004
2016-10-07,0.99,0.0015,0.0034999999999999996,0.001,0.004
2016-10-10,0.99,0.0015,0.0034999999999999996,0.001,0.004
2016-10-11,0.99,0.0015,0.0034999999999999996,0.001,0.004
2016-10-12,0.99,0.0015,0.0034999999999999996,0.001,0.004
2016-10-13,0.99,0.0015,0.0034999999999999996,0.001,0.004
2016-10-14,0.99,0.0015,0.0034999999999999996,0.001,0.004
2016-10-17,0.99,0.0015,0.0034999999999999996,0.001,0.004
2016-10-18,0.99,0.0015,0.0034999999999999996,0.001,0.004
2016-10-19,0.99,0.0015,0.0034999999999999996,0.001,0.004
2016-10-20,0.99,0.0015,0.0034999999999999996,0.001,0.004
2016-10-21,0.99,0.0015,0.0034999999999999996,0.001,0.004
2016-10-24,0.99,0.0015,0.0034999999999999996,0.001,0.004
2016-10-25,0.99,0.0015,0.0034999999999999996,0.001,0.004
2016-10-26,0.99,0.0015,0.0034999999999999996,0.001,0.004
2016-10-27,0.99,0.0015,0.0034999999999999996,0.001,0.004
2016-10-28,0.99,0.0015,0.0034999999999999996,0.001,0.004
2016-10-31,0.99,0.0015,0.0034999999999999996,0.001,0.004
2016-11-01,0.99,0.0015,0.0034999999999999996,0.001,0.004
2016-11-02,0.99,0.0015,0.0034999999999999996,0.001,0.004
2016-11-03,0.99,0.0015,0.0034999999999999996,0.001,0.004
2016-11-04,0.99,0.0015,0.0034999999999999996,0.001,0.004
2016-11-07,0.99,0.0015,0.0034999999999999996,0.001,0.004
2016-11-08,0.99,0.0015,0.0034999999999999996,0.001,0.004
2016-11-09,0.99,0.0015,0.0034999999999999996,0.001,0.004
2016-11-10,0.99,0.0015,0.0034999999999999996,0.001,0.004
2016-11-11,0.99,0.0015,0.0034999999999999996,0.001,0.004
2016-11-14,0.99,0.0015,0.0034999999999999996,0.001,0.004
2016-11-15,0.99,0.0015,0.0034999999999999996,0.001,0.004
2016-11-16,0.99,0.0015,0.0034999999999999996,0.001,0.004
2016-11-17,0.99,0.0015,0.0034999999999999996,0.001,0.004
2016-11-18,0.99,0.0015,0.0034999999999999996,0.001,0.004
2016-11-21,0.99,0.0015,0.0034999999999999996,0.001,0.004
2016-11-22,0.99,0.0015,0.0034999999999999996,0.001,0.004
2016-11-23,0.99,0.0015,0.0034999999999999996,0.001,0.004
2016-11-25,0.99,0.0015,0.0034999999999999996,0.001,0.004
2016-11-28,0.99,0.0015,0.0034999999999999996,0.001,0.004
2016-11-29,0.99,0.0015,0.0034999999999999996,0.001,0.004
2016-11-30,0.99,0.0015,0.0034999999999999996,0.001,0.004
2016-12-01,0.99,0.0015,0.0034999999999999996,0.001,0.004
2016-12-02,0.99,0.0015,0.0034999999999999996,0.001,0.004
2016-12-05,0.99,0.0015,0.0034999999999999996,0.001,0.004
2016-12-06,0.99,0.0015,0.0034999999999999996,0.001,0.004
2016-12-07,0.99,0.0015,0.0034999999999999996,0.001,0.004
2016-12-08,0.99,0.0015,0.0034999999999999996,0.001,0.004
2016-12-09,0.99,0.0015,0.0034999999999999996,0.001,0.004
2016-12-12,0.99,0.0015,0.0034999999999999996,0.001,0.004
2016-12-13,0.99,0.0015,0.0034999999999999996,0.001,0.004
2016-12-14,0.99,0.0015,0.0034999999999999996,0.001,0.004
2016-12-15,0.99,0.0015,0.0034999999999999996,0.001,0.004
2016-12-16,0.99,0.0015,0.0034999999999999996,0.001,0.004
2016-12-19,0.99,0.0015,0.0034999999999999996,0.001,0.004
2016-12-20,0.99,0.0015,0.0034999999999999996,0.001,0.004
2016-12-21,0.99,0.0015,0.0034999999999999996,0.001,0.004
2016-12-22,0.99,0.0015,0.0034999999999999996,0.001,0.004
2016-12-23,0.99,0.0015,0.0034999999999999996,0.001,0.004
2016-12-27,0.99,0.0015,0.0034999999999999996,0.001,0.004
2016-12-28,0.99,0.0015,0.0034999999999999996,0.001,0.004
2016-12-29,0.99,0.0015,0.0034999999999999996,0.001,0.004
2016-12-30,0.99,0.0015,0.0034999999999999996,0.001,0.004
2017-01-03,0.99,0.0015,0.0034999999999999996,0.001,0.004
2017-01-04,0.99,0.0015,0.0034999999999999996,0.001,0.004
2017-01-05,0.99,0.0015,0.0034999999999999996,0.001,0.004
2017-01-06,0.99,0.0015,0.0034999999999999996,0.001,0.004
2017-01-09,0.99,0.0015,0.0034999999999999996,0.001,0.004
2017-01-10,0.99,0.0015,0.0034999999999999996,0.001,0.004
2017-01-11,0.99,0.0015,0.0034999999999999996,0.001,0.004
2017-01-12,0.99,0.0015,0.0034999999999999996,0.001,0.004
2017-01-13,0.99,0.0015,0.0034999999999999996,0.001,0.004
2017-01-17,0.99,0.0015,0.0034999999999999996,0.001,0.004
2017-01-18,0.99,0.0015,0.0034999999999999996,0.001,0.004
2017-01-19,0.99,0.0015,0.0034999999999999996,0.001,0.004
2017-01-20,0.99,0.0015,0.0034999999999999996,0.001,0.004
2017-01-23,0.99,0.0015,0.0034999999999999996,0.001,0.004
2017-01-24,0.99,0.0015,0.0034999999999999996,0.001,0.004
2017-01-25,0.99,0.0015,0.0034999999999999996,0.001,0.004
2017-01-26,0.99,0.0015,0.0034999999999999996,0.001,0.004
2017-01-27,0.99,0.0015,0.0034999999999999996,0.001,0.004
2017-01-30,0.99,0.0015,0.0034999999999999996,0.001,0.004
2017-01-31,0.99,0.0015,0.0034999999999999996,0.001,0.004
2017-02-01,0.99,0.0015,0.0034999999999999996,0.001,0.004
2017-02-02,0.99,0.0015,0.0034999999999999996,0.001,0.004
2017-02-03,0.99,0.0015,0.0034999999999999996,0.001,0.004
2017-02-06,0.99,0.0015,0.0034999999999999996,0.001,0.004
2017-02-07,0.99,0.0015,0.0034999999999999996,0.001,0.004
2017-02-08,0.99,0.0015,0.0034999999999999996,0.001,0.004
2017-02-09,0.99,0.0015,0.0034999999999999996,0.001,0.004
2017-02-10,0.99,0.0015,0.0034999999999999996,0.001,0.004
2017-02-13,0.99,0.0015,0.0034999999999999996,0.001,0.004
2017-02-14,0.99,0.0015,0.0034999999999999996,0.001,0.004
2017-02-15,0.99,0.0015,0.0034999999999999996,0.001,0.004
2017-02-16,0.99,0.0015,0.0034999999999999996,0.001,0.004
2017-02-17,0.99,0.0015,0.0034999999999999996,0.001,0.004
2017-02-21,0.99,0.0015,0.0034999999999999996,0.001,0.004
2017-02-22,0.99,0.0015,0.0034999999999999996,0.001,0.004
2017-02-23,0.99,0.0015,0.0034999999999999996,0.001,0.004
2017-02-24,0.99,0.0015,0.0034999999999999996,0.001,0.004
2017-02-27,0.99,0.0015,0.0034999999999999996,0.001,0.004
2017-02-28,0.99,0.0015,0.0034999999999999996,0.001,0.004
2017-03-01,0.99,0.0015,0.0034999999999999996,0.001,0.004
2017-03-02,0.99,0.0015,0.0034999999999999996,0.001,0.004
2017-03-03,0.99,0.0015,0.0034999999999999996,0.001,0.004
2017-03-06,0.99,0.0015,0.0034999999999999996,0.001,0.004
2017-03-07,0.99,0.0015,0.0034999999999999996,0.001,0.004
2017-03-08,0.99,0.0015,0.0034999999999999996,0.001,0.004
2017-03-09,0.99,0.0015,0.0034999999999999996,0.001,0.004
2017-03-10,0.99,0.0015,0.0034999999999999996,0.001,0.004
2017-03-13,0.99,0.0015,0.0034999999999999996,0.001,0.004
2017-03-14,0.99,0.0015,0.0034999999999999996,0.001,0.004
2017-03-15,0.99,0.0015,0.0034999999999999996,0.001,0.004
2017-03-16,0.99,0.0015,0.0034999999999999996,0.001,0.004
2017-03-17,0.99,0.0015,0.0034999999999999996,0.001,0.004
2017-03-20,0.99,0.0015,0.0034999999999999996,0.001,0.004
2017-03-21,0.99,0.0015,0.0034999999999999996,0.001,0.004
2017-03-22,0.99,0.0015,0.0034999999999999996,0.001,0.004
2017-03-23,0.99,0.0015,0.0034999999999999996,0.001,0.004
2017-03-24,0.99,0.0015,0.0034999999999999996,0.001,0.004
2017-03-27,0.99,0.0015,0.0034999999999999996,0.001,0.004
2017-03-28,0.99,0.0015,0.0034999999999999996,0.001,0.004
2017-03-29,0.99,0.0015,0.0034999999999999996,0.001,0.004
2017-03-30,0.99,0.0015,0.0034999999999999996,0.001,0.004
2017-03-31,0.99,0.0015,0.0034999999999999996,0.001,0.004
2017-04-03,0.99,0.0015,0.0034999999999999996,0.001,0.004
2017-04-04,0.99,0.0015,0.0034999999999999996,0.001,0.004
2017-04-05,0.99,0.0015,0.0034999999999999996,0.001,0.004
2017-04-06,0.99,0.0015,0.0034999999999999996,0.001,0.004
2017-04-07,0.99,0.0015,0.0034999999999999996,0.001,0.004
2017-04-10,0.99,0.0015,0.0034999999999999996,0.001,0.004
2017-04-11,0.99,0.0015,0.0034999999999999996,0.001,0.004
2017-04-12,0.99,0.0015,0.0034999999999999996,0.001,0.004
2017-04-13,0.99,0.0015,0.0034999999999999996,0.001,0.004
2017-04-17,0.99,0.0015,0.0034999999999999996,0.001,0.004
2017-04-18,0.99,0.0015,0.0034999999999999996,0.001,0.004
2017-04-19,0.99,0.0015,0.0034999999999999996,0.001,0.004
2017-04-20,0.99,0.0015,0.0034999999999999996,0.001,0.004
2017-04-21,0.99,0.0015,0.0034999999999999996,0.001,0.004
2017-04-24,0.99,0.0015,0.0034999999999999996,0.001,0.004
2017-04-25,0.99,0.0015,0.0034999999999999996,0.001,0.004
2017-04-26,0.99,0.0015,0.0034999999999999996,0.001,0.004
2017-04-27,0.99,0.0015,0.0034999999999999996,0.001,0.004
2017-04-28,0.99,0.0015,0.0034999999999999996,0.001,0.004
2017-05-01,0.99,0.0015,0.0034999999999999996,0.001,0.004
2017-05-02,0.99,0.0015,0.0034999999999999996,0.001,0.004
2017-05-03,0.99,0.0015,0.0034999999999999996,0.001,0.004
2017-05-04,0.99,0.0015,0.0034999999999999996,0.001,0.004
2017-05-05,0.99,0.0015,0.0034999999999999996,0.001,0.004
2017-05-08,0.99,0.0015,0.0034999999999999996,0.001,0.004
2017-05-09,0.99,0.0015,0.0034999999999999996,0.001,0.004
2017-05-10,0.99,0.0015,0.0034999999999999996,0.001,0.004
2017-05-11,0.99,0.0015,0.0034999999999999996,0.001,0.004
2017-05-12,0.99,0.0015,0.0034999999999999996,0.001,0.004
2017-05-15,0.99,0.0015,0.0034999999999999996,0.001,0.004
2017-05-16,0.99,0.0015,0.0034999999999999996,0.001,0.004
2017-05-17,0.99,0.0015,0.0034999999999999996,0.001,0.004
2017-05-18,0.99,0.0015,0.0034999999999999996,0.001,0.004
2017-05-19,0.99,0.0015,0.0034999999999999996,0.001,0.004
2017-05-22,0.99,0.0015,0.0034999999999999996,0.001,0.004
2017-05-23,0.99,0.0015,0.0034999999999999996,0.001,0.004
2017-05-24,0.99,0.0015,0.0034999999999999996,0.001,0.004
2017-05-25,0.99,0.0015,0.0034999999999999996,0.001,0.004
2017-05-26,0.99,0.0015,0.0034999999999999996,0.001,0.004
2017-05-30,0.99,0.0015,0.0034999999999999996,0.001,0.004
2017-05-31,0.99,0.0015,0.0034999999999999996,0.001,0.004
2017-06-01,0.99,0.0015,0.0034999999999999996,0.001,0.004
2017-06-02,0.99,0.0015,0.0034999999999999996,0.001,0.004
2017-06-05,0.99,0.0015,0.0034999999999999996,0.001,0.004
2017-06-06,0.99,0.0015,0.0034999999999999996,0.001,0.004
2017-06-07,0.99,0.0015,0.0034999999999999996,0.001,0.004
2017-06-08,0.99,0.0015,0.0034999999999999996,0.001,0.004
2017-06-09,0.99,0.0015,0.0034999999999999996,0.001,0.004
2017-06-12,0.99,0.0015,0.0034999999999999996,0.001,0.004
2017-06-13,0.99,0.0015,0.0034999999999999996,0.001,0.004
2017-06-14,0.99,0.0015,0.0034999999999999996,0.001,0.004
2017-06-15,0.99,0.0015,0.0034999999999999996,0.001,0.004
2017-06-16,0.99,0.0015,0.0034999999999999996,0.001,0.004
2017-06-19,0.99,0.0015,0.0034999999999999996,0.001,0.004
2017-06-20,0.99,0.0015,0.0034999999999999996,0.001,0.004
2017-06-21,0.99,0.0015,0.0034999999999999996,0.001,0.004
2017-06-22,0.99,0.0015,0.0034999999999999996,0.001,0.004
2017-06-23,0.99,0.0015,0.0034999999999999996,0.001,0.004
2017-06-26,0.99,0.0015,0.0034999999999999996,0.001,0.004
2017-06-27,0.99,0.0015,0.0034999999999999996,0.001,0.004
2017-06-28,0.99,0.0015,0.0034999999999999996,0.001,0.004
2017-06-29,0.99,0.0015,0.0034999999999999996,0.001,0.004
2017-06-30,0.99,0.0015,0.0034999999999999996,0.001,0.004
2017-07-03,0.99,0.0015,0.0034999999999999996,0.001,0.004
2017-07-05,0.99,0.0015,0.0034999999999999996,0.001,0.004
2017-07-06,0.99,0.0015,0.0034999999999999996,0.001,0.004
2017-07-07,0.99,0.0015,0.0034999999999999996,0.001,0.004
2017-07-10,0.99,0.0015,0.0034999999999999996,0.001,0.004
2017-07-11,0.99,0.0015,0.0034999999999999996,0.001,0.004
2017-07-12,0.99,0.0015,0.0034999999999999996,0.001,0.004
2017-07-13,0.99,0.0015,0.0034999999999999996,0.001,0.004
2017-07-14,0.99,0.0015,0.0034999999999999996,0.001,0.004
2017-07-17,0.99,0.0015,0.0034999999999999996,0.001,0.004
2017-07-18,0.99,0.0015,0.0034999999999999996,0.001,0.004
2017-07-19,0.99,0.0015,0.0034999999999999996,0.001,0.004
2017-07-20,0.99,0.0015,0.0034999999999999996,0.001,0.004
2017-07-21,0.99,0.0015,0.0034999999999999996,0.001,0.004
2017-07-24,0.99,0.0015,0.0034999999999999996,0.001,0.004
2017-07-25,0.99,0.0015,0.0034999999999999996,0.001,0.004
2017-07-26,0.99,0.0015,0.0034999999999999996,0.001,0.004
2017-07-27,0.99,0.0015,0.0034999999999999996,0.001,0.004
2017-07-28,0.99,0.0015,0.0034999999999999996,0.001,0.004
2017-07-31,0.99,0.0015,0.0034999999999999996,0.001,0.004
2017-08-01,0.99,0.0015,0.0034999999999999996,0.001,0.004
2017-08-02,0.99,0.0015,0.0034999999999999996,0.001,0.004
2017-08-03,0.99,0.0015,0.0034999999999999996,0.001,0.004
2017-08-04,0.99,0.0015,0.0034999999999999996,0.001,0.004
2017-08-07,0.99,0.0015,0.0034999999999999996,0.001,0.004
2017-08-08,0.99,0.0015,0.0034999999999999996,0.001,0.004
2017-08-09,0.99,0.0015,0.0034999999999999996,0.001,0.004
2017-08-10,0.99,0.0015,0.0034999999999999996,0.001,0.004
2017-08-11,0.99,0.0015,0.0034999999999999996,0.001,0.004
2017-08-14,0.99,0.0015,0.0034999999999999996,0.001,0.004
2017-08-15,0.99,0.0015,0.0034999999999999996,0.001,0.004
2017-08-16,0.99,0.0015,0.0034999999999999996,0.001,0.004
2017-08-17,0.99,0.0015,0.0034999999999999996,0.001,0.004
2017-08-18,0.99,0.0015,0.0034999999999999996,0.001,0.004
2017-08-21,0.99,0.0015,0.0034999999999999996,0.001,0.004
2017-08-22,0.99,0.0015,0.0034999999999999996,0.001,0.004
2017-08-23,0.99,0.0015,0.0034999999999999996,0.001,0.004
2017-08-24,0.99,0.0015,0.0034999999999999996,0.001,0.004
2017-08-25,0.99,0.0015,0.0034999999999999996,0.001,0.004
2017-08-28,0.99,0.0015,0.0034999999999999996,0.001,0.004
2017-08-29,0.99,0.0015,0.0034999999999999996,0.001,0.004
2017-08-30,0.99,0.0015,0.0034999999999999996,0.001,0.004
2017-08-31,0.99,0.0015,0.0034999999999999996,0.001,0.004
2017-09-01,0.99,0.0015,0.0034999999999999996,0.001,0.004
2017-09-05,0.99,0.0015,0.0034999999999999996,0.001,0.004
2017-09-06,0.99,0.0015,0.0034999999999999996,0.001,0.004
2017-09-07,0.99,0.0015,0.0034999999999999996,0.001,0.004
2017-09-08,0.99,0.0015,0.0034999999999999996,0.001,0.004
2017-09-11,0.99,0.0015,0.0034999999999999996,0.001,0.004
2017-09-12,0.99,0.0015,0.0034999999999999996,0.001,0.004
2017-09-13,0.99,0.0015,0.0034999999999999996,0.001,0.004
2017-09-14,0.99,0.0015,0.0034999999999999996,0.001,0.004
2017-09-15,0.99,0.0015,0.0034999999999999996,0.001,0.004
2017-09-18,0.99,0.0015,0.0034999999999999996,0.001,0.004
2017-09-19,0.99,0.0015,0.0034999999999999996,0.001,0.004
2017-09-20,0.99,0.0015,0.0034999999999999996,0.001,0.004
2017-09-21,0.99,0.0015,0.0034999999999999996,0.001,0.004
2017-09-22,0.99,0.0015,0.0034999999999999996,0.001,0.004
2017-09-25,0.99,0.0015,0.0034999999999999996,0.001,0.004
2017-09-26,0.99,0.0015,0.0034999999999999996,0.001,0.004
2017-09-27,0.99,0.0015,0.0034999999999999996,0.001,0.004
2017-09-28,0.99,0.0015,0.0034999999999999996,0.001,0.004
2017-09-29,0.99,0.0015,0.0034999999999999996,0.001,0.004
2017-10-02,0.99,0.0015,0.0034999999999999996,0.001,0.004
2017-10-03,0.99,0.0015,0.0034999999999999996,0.001,0.004
2017-10-04,0.99,0.0015,0.0034999999999999996,0.001,0.004
2017-10-05,0.99,0.0015,0.0034999999999999996,0.001,0.004
2017-10-06,0.99,0.0015,0.0034999999999999996,0.001,0.004
2017-10-09,0.99,0.0015,0.0034999999999999996,0.001,0.004
2017-10-10,0.99,0.0015,0.0034999999999999996,0.001,0.004
2017-10-11,0.99,0.0015,0.0034999999999999996,0.001,0.004
2017-10-12,0.99,0.0015,0.0034999999999999996,0.001,0.004
2017-10-13,0.99,0.0015,0.0034999999999999996,0.001,0.004
2017-10-16,0.99,0.0015,0.0034999999999999996,0.001,0.004
2017-10-17,0.99,0.0015,0.0034999999999999996,0.001,0.004
2017-10-18,0.99,0.0015,0.0034999999999999996,0.001,0.004
2017-10-19,0.99,0.0015,0.0034999999999999996,0.001,0.004
2017-10-20,0.99,0.0015,0.0034999999999999996,0.001,0.004
2017-10-23,0.99,0.0015,0.0034999999999999996,0.001,0.004
2017-10-24,0.99,0.0015,0.0034999999999999996,0.001,0.004
2017-10-25,0.99,0.0015,0.0034999999999999996,0.001,0.004
2017-10-26,0.99,0.0015,0.0034999999999999996,0.001,0.004
2017-10-27,0.99,0.0015,0.0034999999999999996,0.001,0.004
2017-10-30,0.99,0.0015,0.0034999999999999996,0.001,0.004
2017-10-31,0.99,0.0015,0.0034999999999999996,0.001,0.004
2017-11-01,0.99,0.0015,0.0034999999999999996,0.001,0.004
2017-11-02,0.99,0.0015,0.0034999999999999996,0.001,0.004
2017-11-03,0.99,0.0015,0.0034999999999999996,0.001,0.004
2017-11-06,0.99,0.0015,0.0034999999999999996,0.001,0.004
2017-11-07,0.99,0.0015,0.0034999999999999996,0.001,0.004
2017-11-08,0.99,0.0015,0.0034999999999999996,0.001,0.004
2017-11-09,0.99,0.0015,0.0034999999999999996,0.001,0.004
2017-11-10,0.99,0.0015,0.0034999999999999996,0.001,0.004
2017-11-13,0.99,0.0015,0.0034999999999999996,0.001,0.004
2017-11-14,0.99,0.0015,0.0034999999999999996,0.001,0.004
2017-11-15,0.99,0.0015,0.0034999999999999996,0.001,0.004
2017-11-16,0.99,0.0015,0.0034999999999999996,0.001,0.004
2017-11-17,0.99,0.0015,0.0034999999999999996,0.001,0.004
2017-11-20,0.99,0.0015,0.0034999999999999996,0.001,0.004
2017-11-21,0.99,0.0015,0.0034999999999999996,0.001,0.004
2017-11-22,0.99,0.0015,0.0034999999999999996,0.001,0.004
2017-11-24,0.99,0.0015,0.0034999999999999996,0.001,0.004
2017-11-27,0.99,0.0015,0.0034999999999999996,0.001,0.004
2017-11-28,0.99,0.0015,0.0034999999999999996,0.001,0.004
2017-11-29,0.99,0.0015,0.0034999999999999996,0.001,0.004
2017-11-30,0.99,0.0015,0.0034999999999999996,0.001,0.004
2017-12-01,0.99,0.0015,0.0034999999999999996,0.001,0.004
2017-12-04,0.99,0.0015,0.0034999999999999996,0.001,0.004
2017-12-05,0.99,0.0015,0.0034999999999999996,0.001,0.004
2017-12-06,0.99,0.0015,0.0034999999999999996,0.001,0.004
2017-12-07,0.99,0.0015,0.0034999999999999996,0.001,0.004
2017-12-08,0.99,0.0015,0.0034999999999999996,0.001,0.004
2017-12-11,0.99,0.0015,0.0034999999999999996,0.001,0.004
2017-12-12,0.99,0.0015,0.0034999999999999996,0.001,0.004
2017-12-13,0.99,0.0015,0.0034999999999999996,0.001,0.004
2017-12-14,0.99,0.0015,0.0034999999999999996,0.001,0.004
2017-12-15,0.99,0.0015,0.0034999999999999996,0.001,0.004
2017-12-18,0.99,0.0015,0.0034999999999999996,0.001,0.004
2017-12-19,0.99,0.0015,0.0034999999999999996,0.001,0.004
2017-12-20,0.99,0.0015,0.0034999999999999996,0.001,0.004
2017-12-21,0.99,0.0015,0.0034999999999999996,0.001,0.004
2017-12-22,0.99,0.0015,0.0034999999999999996,0.001,0.004
2017-12-26,0.99,0.0015,0.0034999999999999996,0.001,0.004
2017-12-27,0.99,0.0015,0.0034999999999999996,0.001,0.004
2017-12-28,0.99,0.0015,0.0034999999999999996,0.001,0.004
2017-12-29,0.99,0.0015,0.0034999999999999996,0.001,0.004
2018-01-02,0.99,0.0015,0.0034999999999999996,0.001,0.004
2018-01-03,0.99,0.0015,0.0034999999999999996,0.001,0.004
2018-01-04,0.99,0.0015,0.0034999999999999996,0.001,0.004
2018-01-05,0.99,0.0015,0.0034999999999999996,0.001,0.004
2018-01-08,0.99,0.0015,0.0034999999999999996,0.001,0.004
2018-01-09,0.99,0.0015,0.0034999999999999996,0.001,0.004
2018-01-10,0.99,0.0015,0.0034999999999999996,0.001,0.004
2018-01-11,0.99,0.0015,0.0034999999999999996,0.001,0.004
2018-01-12,0.99,0.0015,0.0034999999999999996,0.001,0.004
2018-01-16,0.99,0.0015,0.0034999999999999996,0.001,0.004
2018-01-17,0.99,0.0015,0.0034999999999999996,0.001,0.004
2018-01-18,0.99,0.0015,0.0034999999999999996,0.001,0.004
2018-01-19,0.99,0.0015,0.0034999999999999996,0.001,0.004
2018-01-22,0.99,0.0015,0.0034999999999999996,0.001,0.004
2018-01-23,0.99,0.0015,0.0034999999999999996,0.001,0.004
2018-01-24,0.99,0.0015,0.0034999999999999996,0.001,0.004
2018-01-25,0.99,0.0015,0.0034999999999999996,0.001,0.004
2018-01-26,0.99,0.0015,0.0034999999999999996,0.001,0.004
2018-01-29,0.99,0.0015,0.0034999999999999996,0.001,0.004
2018-01-30,0.99,0.0015,0.0034999999999999996,0.001,0.004
2018-01-31,0.99,0.0015,0.0034999999999999996,0.001,0.004
2018-02-01,0.99,0.0015,0.0034999999999999996,0.001,0.004
2018-02-02,0.99,0.0015,0.0034999999999999996,0.001,0.004
2018-02-05,0.99,0.0015,0.0034999999999999996,0.001,0.004
2018-02-06,0.99,0.0015,0.0034999999999999996,0.001,0.004
2018-02-07,0.99,0.0015,0.0034999999999999996,0.001,0.004
2018-02-08,0.99,0.0015,0.0034999999999999996,0.001,0.004
2018-02-09,0.99,0.0015,0.0034999999999999996,0.001,0.004
2018-02-12,0.99,0.0015,0.0034999999999999996,0.001,0.004
2018-02-13,0.99,0.0015,0.0034999999999999996,0.001,0.004
2018-02-14,0.99,0.0015,0.0034999999999999996,0.001,0.004
2018-02-15,0.99,0.0015,0.0034999999999999996,0.001,0.004
2018-02-16,0.99,0.0015,0.0034999999999999996,0.001,0.004
2018-02-20,0.99,0.0015,0.0034999999999999996,0.001,0.004
2018-02-21,0.99,0.0015,0.0034999999999999996,0.001,0.004
2018-02-22,0.99,0.0015,0.0034999999999999996,0.001,0.004
2018-02-23,0.99,0.0015,0.0034999999999999996,0.001,0.004
2018-02-26,0.99,0.0015,0.0034999999999999996,0.001,0.004
2018-02-27,0.99,0.0015,0.0034999999999999996,0.001,0.004
2018-02-28,0.99,0.0015,0.0034999999999999996,0.001,0.004
2018-03-01,0.99,0.0015,0.0034999999999999996,0.001,0.004
2018-03-02,0.7115993999409331,0.04326009000886003,0.1009402100206734,0.02884006000590669,0.11536024002362676
2018-03-05,0.7115993999409331,0.04326009000886003,0.1009402100206734,0.02884006000590669,0.11536024002362676
2018-03-06,0.7115993999409331,0.04326009000886003,0.1009402100206734,0.02884006000590669,0.11536024002362676
2018-03-07,0.7115993999409331,0.04326009000886003,0.1009402100206734,0.02884006000590669,0.11536024002362676
2018-03-08,0.7115993999409331,0.04326009000886003,0.1009402100206734,0.02884006000590669,0.11536024002362676
2018-03-09,0.7115993999409331,0.04326009000886003,0.1009402100206734,0.02884006000590669,0.11536024002362676
2018-03-12,0.7115993999409331,0.04326009000886003,0.1009402100206734,0.02884006000590669,0.11536024002362676
2018-03-13,0.7115993999409331,0.04326009000886003,0.1009402100206734,0.02884006000590669,0.11536024002362676
2018-03-14,0.7115993999409331,0.04326009000886003,0.1009402100206734,0.02884006000590669,0.11536024002362676
2018-03-15,0.7115993999409331,0.04326009000886003,0.1009402100206734,0.02884006000590669,0.11536024002362676
2018-03-16,0.7115993999409331,0.04326009000886003,0.1009402100206734,0.02884006000590669,0.11536024002362676
2018-03-19,0.7115993999409331,0.04326009000886003,0.1009402100206734,0.02884006000590669,0.11536024002362676
2018-03-20,0.7115993999409331,0.04326009000886003,0.1009402100206734,0.02884006000590669,0.11536024002362676
2018-03-21,0.7115993999409331,0.04326009000886003,0.1009402100206734,0.02884006000590669,0.11536024002362676
2018-03-22,0.7115993999409331,0.04326009000886003,0.1009402100206734,0.02884006000590669,0.11536024002362676
2018-03-23,0.7115993999409331,0.04326009000886003,0.1009402100206734,0.02884006000590669,0.11536024002362676
2018-03-26,0.7115993999409331,0.04326009000886003,0.1009402100206734,0.02884006000590669,0.11536024002362676
2018-03-27,0.7115993999409331,0.04326009000886003,0.1009402100206734,0.02884006000590669,0.11536024002362676
2018-03-28,0.7115993999409331,0.04326009000886003,0.1009402100206734,0.02884006000590669,0.11536024002362676
2018-03-29,0.7115993999409331,0.04326009000886003,0.1009402100206734,0.02884006000590669,0.11536024002362676
2018-04-02,0.7115993999409331,0.04326009000886003,0.1009402100206734,0.02884006000590669,0.11536024002362676
2018-04-03,0.7650147889812431,0.035247781652813524,0.0822448238565649,0.023498521101875686,0.09399408440750275
2018-04-04,0.7650147889812431,0.035247781652813524,0.0822448238565649,0.023498521101875686,0.09399408440750275
2018-04-05,0.7650147889812431,0.035247781652813524,0.0822448238565649,0.023498521101875686,0.09399408440750275
2018-04-06,0.7650147889812431,0.035247781652813524,0.0822448238565649,0.023498521101875686,0.09399408440750275
2018-04-09,0.7650147889812431,0.035247781652813524,0.0822448238565649,0.023498521101875686,0.09399408440750275
2018-04-10,0.7650147889812431,0.035247781652813524,0.0822448238565649,0.023498521101875686,0.09399408440750275
2018-04-11,0.7650147889812431,0.035247781652813524,0.0822448238565649,0.023498521101875686,0.09399408440750275
2018-04-12,0.7650147889812431,0.035247781652813524,0.0822448238565649,0.023498521101875686,0.09399408440750275
2018-04-13,0.7650147889812431,0.035247781652813524,0.0822448238565649,0.023498521101875686,0.09399408440750275
2018-04-16,0.7650147889812431,0.035247781652813524,0.0822448238565649,0.023498521101875686,0.09399408440750275
2018-04-17,0.7650147889812431,0.035247781652813524,0.0822448238565649,0.023498521101875686,0.09399408440750275
2018-04-18,0.7650147889812431,0.035247781652813524,0.0822448238565649,0.023498521101875686,0.09399408440750275
2018-04-19,0.7650147889812431,0.035247781652813524,0.0822448238565649,0.023498521101875686,0.09399408440750275
2018-04-20,0.7650147889812431,0.035247781652813524,0.0822448238565649,0.023498521101875686,0.09399408440750275
2018-04-23,0.7650147889812431,0.035247781652813524,0.0822448238565649,0.023498521101875686,0.09399408440750275
2018-04-24,0.7650147889812431,0.035247781652813524,0.0822448238565649,0.023498521101875686,0.09399408440750275
2018-04-25,0.7650147889812431,0.035247781652813524,0.0822448238565649,0.023498521101875686,0.09399408440750275
2018-04-26,0.7650147889812431,0.035247781652813524,0.0822448238565649,0.023498521101875686,0.09399408440750275
2018-04-27,0.7650147889812431,0.035247781652813524,0.0822448238565649,0.023498521101875686,0.09399408440750275
2018-04-30,0.7650147889812431,0.035247781652813524,0.0822448238565649,0.023498521101875686,0.09399408440750275
2018-05-01,0.7650147889812431,0.035247781652813524,0.0822448238565649,0.023498521101875686,0.09399408440750275
2018-05-02,0.99,0.0015,0.0034999999999999996,0.001,0.004
2018-05-03,0.99,0.0015,0.0034999999999999996,0.001,0.004
2018-05-04,0.99,0.0015,0.0034999999999999996,0.001,0.004
2018-05-07,0.99,0.0015,0.0034999999999999996,0.001,0.004
2018-05-08,0.99,0.0015,0.0034999999999999996,0.001,0.004
2018-05-09,0.99,0.0015,0.0034999999999999996,0.001,0.004
2018-05-10,0.99,0.0015,0.0034999999999999996,0.001,0.004
2018-05-11,0.99,0.0015,0.0034999999999999996,0.001,0.004
2018-05-14,0.99,0.0015,0.0034999999999999996,0.001,0.004
2018-05-15,0.99,0.0015,0.0034999999999999996,0.001,0.004
2018-05-16,0.99,0.0015,0.0034999999999999996,0.001,0.004
2018-05-17,0.99,0.0015,0.0034999999999999996,0.001,0.004
2018-05-18,0.99,0.0015,0.0034999999999999996,0.001,0.004
2018-05-21,0.99,0.0015,0.0034999999999999996,0.001,0.004
2018-05-22,0.99,0.0015,0.0034999999999999996,0.001,0.004
2018-05-23,0.99,0.0015,0.0034999999999999996,0.001,0.004
2018-05-24,0.99,0.0015,0.0034999999999999996,0.001,0.004
2018-05-25,0.99,0.0015,0.0034999999999999996,0.001,0.004
2018-05-29,0.99,0.0015,0.0034999999999999996,0.001,0.004
2018-05-30,0.99,0.0015,0.0034999999999999996,0.001,0.004
2018-05-31,0.99,0.0015,0.0034999999999999996,0.001,0.004
2018-06-01,0.99,0.0015,0.0034999999999999996,0.001,0.004
2018-06-04,0.99,0.0015,0.0034999999999999996,0.001,0.004
2018-06-05,0.99,0.0015,0.0034999999999999996,0.001,0.004
2018-06-06,0.99,0.0015,0.0034999999999999996,0.001,0.004
2018-06-07,0.99,0.0015,0.0034999999999999996,0.001,0.004
2018-06-08,0.99,0.0015,0.0034999999999999996,0.001,0.004
2018-06-11,0.99,0.0015,0.0034999999999999996,0.001,0.004
2018-06-12,0.99,0.0015,0.0034999999999999996,0.001,0.004
2018-06-13,0.99,0.0015,0.0034999999999999996,0.001,0.004
2018-06-14,0.99,0.0015,0.0034999999999999996,0.001,0.004
2018-06-15,0.99,0.0015,0.0034999999999999996,0.001,0.004
2018-06-18,0.99,0.0015,0.0034999999999999996,0.001,0.004
2018-06-19,0.99,0.0015,0.0034999999999999996,0.001,0.004
2018-06-20,0.99,0.0015,0.0034999999999999996,0.001,0.004
2018-06-21,0.99,0.0015,0.0034999999999999996,0.001,0.004
2018-06-22,0.99,0.0015,0.0034999999999999996,0.001,0.004
2018-06-25,0.99,0.0015,0.0034999999999999996,0.001,0.004
2018-06-26,0.99,0.0015,0.0034999999999999996,0.001,0.004
2018-06-27,0.99,0.0015,0.0034999999999999996,0.001,0.004
2018-06-28,0.99,0.0015,0.0034999999999999996,0.001,0.004
2018-06-29,0.99,0.0015,0.0034999999999999996,0.001,0.004
2018-07-02,0.99,0.0015,0.0034999999999999996,0.001,0.004
2018-07-03,0.99,0.0015,0.0034999999999999996,0.001,0.004
2018-07-05,0.99,0.0015,0.0034999999999999996,0.001,0.004
2018-07-06,0.99,0.0015,0.0034999999999999996,0.001,0.004
2018-07-09,0.99,0.0015,0.0034999999999999996,0.001,0.004
2018-07-10,0.99,0.0015,0.0034999999999999996,0.001,0.004
2018-07-11,0.99,0.0015,0.0034999999999999996,0.001,0.004
2018-07-12,0.99,0.0015,0.0034999999999999996,0.001,0.004
2018-07-13,0.99,0.0015,0.0034999999999999996,0.001,0.004
2018-07-16,0.99,0.0015,0.0034999999999999996,0.001,0.004
2018-07-17,0.99,0.0015,0.0034999999999999996,0.001,0.004
2018-07-18,0.99,0.0015,0.0034999999999999996,0.001,0.004
2018-07-19,0.99,0.0015,0.0034999999999999996,0.001,0.004
2018-07-20,0.99,0.0015,0.0034999999999999996,0.001,0.004
2018-07-23,0.99,0.0015,0.0034999999999999996,0.001,0.004
2018-07-24,0.99,0.0015,0.0034999999999999996,0.001,0.004
2018-07-25,0.99,0.0015,0.0034999999999999996,0.001,0.004
2018-07-26,0.99,0.0015,0.0034999999999999996,0.001,0.004
2018-07-27,0.99,0.0015,0.0034999999999999996,0.001,0.004
2018-07-30,0.99,0.0015,0.0034999999999999996,0.001,0.004
2018-07-31,0.99,0.0015,0.0034999999999999996,0.001,0.004
2018-08-01,0.99,0.0015,0.0034999999999999996,0.001,0.004
2018-08-02,0.99,0.0015,0.0034999999999999996,0.001,0.004
2018-08-03,0.99,0.0015,0.0034999999999999996,0.001,0.004
2018-08-06,0.99,0.0015,0.0034999999999999996,0.001,0.004
2018-08-07,0.99,0.0015,0.0034999999999999996,0.001,0.004
2018-08-08,0.99,0.0015,0.0034999999999999996,0.001,0.004
2018-08-09,0.99,0.0015,0.0034999999999999996,0.001,0.004
2018-08-10,0.99,0.0015,0.0034999999999999996,0.001,0.004
2018-08-13,0.99,0.0015,0.0034999999999999996,0.001,0.004
2018-08-14,0.99,0.0015,0.0034999999999999996,0.001,0.004
2018-08-15,0.99,0.0015,0.0034999999999999996,0.001,0.004
2018-08-16,0.99,0.0015,0.0034999999999999996,0.001,0.004
2018-08-17,0.99,0.0015,0.0034999999999999996,0.001,0.004
2018-08-20,0.99,0.0015,0.0034999999999999996,0.001,0.004
2018-08-21,0.99,0.0015,0.0034999999999999996,0.001,0.004
2018-08-22,0.99,0.0015,0.0034999999999999996,0.001,0.004
2018-08-23,0.99,0.0015,0.0034999999999999996,0.001,0.004
2018-08-24,0.99,0.0015,0.0034999999999999996,0.001,0.004
2018-08-27,0.99,0.0015,0.0034999999999999996,0.001,0.004
2018-08-28,0.99,0.0015,0.0034999999999999996,0.001,0.004
2018-08-29,0.99,0.0015,0.0034999999999999996,0.001,0.004
2018-08-30,0.99,0.0015,0.0034999999999999996,0.001,0.004
2018-08-31,0.99,0.0015,0.0034999999999999996,0.001,0.004
2018-09-04,0.99,0.0015,0.0034999999999999996,0.001,0.004
2018-09-05,0.99,0.0015,0.0034999999999999996,0.001,0.004
2018-09-06,0.99,0.0015,0.0034999999999999996,0.001,0.004
2018-09-07,0.99,0.0015,0.0034999999999999996,0.001,0.004
2018-09-10,0.99,0.0015,0.0034999999999999996,0.001,0.004
2018-09-11,0.99,0.0015,0.0034999999999999996,0.001,0.004
2018-09-12,0.99,0.0015,0.0034999999999999996,0.001,0.004
2018-09-13,0.99,0.0015,0.0034999999999999996,0.001,0.004
2018-09-14,0.99,0.0015,0.0034999999999999996,0.001,0.004
2018-09-17,0.99,0.0015,0.0034999999999999996,0.001,0.004
2018-09-18,0.99,0.0015,0.0034999999999999996,0.001,0.004
2018-09-19,0.99,0.0015,0.0034999999999999996,0.001,0.004
2018-09-20,0.99,0.0015,0.0034999999999999996,0.001,0.004
2018-09-21,0.99,0.0015,0.0034999999999999996,0.001,0.004
2018-09-24,0.99,0.0015,0.0034999999999999996,0.001,0.004
2018-09-25,0.99,0.0015,0.0034999999999999996,0.001,0.004
2018-09-26,0.99,0.0015,0.0034999999999999996,0.001,0.004
2018-09-27,0.99,0.0015,0.0034999999999999996,0.001,0.004
2018-09-28,0.99,0.0015,0.0034999999999999996,0.001,0.004
2018-10-01,0.99,0.0015,0.0034999999999999996,0.001,0.004
2018-10-02,0.99,0.0015,0.0034999999999999996,0.001,0.004
2018-10-03,0.99,0.0015,0.0034999999999999996,0.001,0.004
2018-10-04,0.99,0.0015,0.0034999999999999996,0.001,0.004
2018-10-05,0.99,0.0015,0.0034999999999999996,0.001,0.004
2018-10-08,0.99,0.0015,0.0034999999999999996,0.001,0.004
2018-10-09,0.99,0.0015,0.0034999999999999996,0.001,0.004
2018-10-10,0.99,0.0015,0.0034999999999999996,0.001,0.004
2018-10-11,0.99,0.0015,0.0034999999999999996,0.001,0.004
2018-10-12,0.99,0.0015,0.0034999999999999996,0.001,0.004
2018-10-15,0.99,0.0015,0.0034999999999999996,0.001,0.004
2018-10-16,0.99,0.0015,0.0034999999999999996,0.001,0.004
2018-10-17,0.99,0.0015,0.0034999999999999996,0.001,0.004
2018-10-18,0.99,0.0015,0.0034999999999999996,0.001,0.004
2018-10-19,0.99,0.0015,0.0034999999999999996,0.001,0.004
2018-10-22,0.99,0.0015,0.0034999999999999996,0.001,0.004
2018-10-23,0.99,0.0015,0.0034999999999999996,0.001,0.004
2018-10-24,0.99,0.0015,0.0034999999999999996,0.001,0.004
2018-10-25,0.99,0.0015,0.0034999999999999996,0.001,0.004
2018-10-26,0.99,0.0015,0.0034999999999999996,0.001,0.004
2018-10-29,0.99,0.0015,0.0034999999999999996,0.001,0.004
2018-10-30,0.99,0.0015,0.0034999999999999996,0.001,0.004
2018-10-31,0.99,0.0015,0.0034999999999999996,0.001,0.004
2018-11-01,0.99,0.0015,0.0034999999999999996,0.001,0.004
2018-11-02,0.6021445026170462,0.05967832460744306,0.1392494240840338,0.03978554973829538,0.15914219895318152
2018-11-05,0.6021445026170462,0.05967832460744306,0.1392494240840338,0.03978554973829538,0.15914219895318152
2018-11-06,0.6021445026170462,0.05967832460744306,0.1392494240840338,0.03978554973829538,0.15914219895318152
2018-11-07,0.6021445026170462,0.05967832460744306,0.1392494240840338,0.03978554973829538,0.15914219895318152
2018-11-08,0.6021445026170462,0.05967832460744306,0.1392494240840338,0.03978554973829538,0.15914219895318152
2018-11-09,0.6021445026170462,0.05967832460744306,0.1392494240840338,0.03978554973829538,0.15914219895318152
2018-11-12,0.6021445026170462,0.05967832460744306,0.1392494240840338,0.03978554973829538,0.15914219895318152
2018-11-13,0.6021445026170462,0.05967832460744306,0.1392494240840338,0.03978554973829538,0.15914219895318152
2018-11-14,0.6021445026170462,0.05967832460744306,0.1392494240840338,0.03978554973829538,0.15914219895318152
2018-11-15,0.6021445026170462,0.05967832460744306,0.1392494240840338,0.03978554973829538,0.15914219895318152
2018-11-16,0.6021445026170462,0.05967832460744306,0.1392494240840338,0.03978554973829538,0.15914219895318152
2018-11-19,0.6021445026170462,0.05967832460744306,0.1392494240840338,0.03978554973829538,0.15914219895318152
2018-11-20,0.6021445026170462,0.05967832460744306,0.1392494240840338,0.03978554973829538,0.15914219895318152
2018-11-21,0.6021445026170462,0.05967832460744306,0.1392494240840338,0.03978554973829538,0.15914219895318152
2018-11-23,0.6021445026170462,0.05967832460744306,0.1392494240840338,0.03978554973829538,0.15914219895318152
2018-11-26,0.6021445026170462,0.05967832460744306,0.1392494240840338,0.03978554973829538,0.15914219895318152
2018-11-27,0.6021445026170462,0.05967832460744306,0.1392494240840338,0.03978554973829538,0.15914219895318152
2018-11-28,0.6021445026170462,0.05967832460744306,0.1392494240840338,0.03978554973829538,0.15914219895318152
2018-11-29,0.6021445026170462,0.05967832460744306,0.1392494240840338,0.03978554973829538,0.15914219895318152
2018-11-30,0.6021445026170462,0.05967832460744306,0.1392494240840338,0.03978554973829538,0.15914219895318152
2018-12-03,0.6021445026170462,0.05967832460744306,0.1392494240840338,0.03978554973829538,0.15914219895318152
2018-12-04,0.8785025983599815,0.018224610246002797,0.04252409057400652,0.012149740164001863,0.04859896065600745
2018-12-06,0.8785025983599815,0.018224610246002797,0.04252409057400652,0.012149740164001863,0.04859896065600745
2018-12-07,0.8785025983599815,0.018224610246002797,0.04252409057400652,0.012149740164001863,0.04859896065600745
2018-12-10,0.8785025983599815,0.018224610246002797,0.04252409057400652,0.012149740164001863,0.04859896065600745
2018-12-11,0.8785025983599815,0.018224610246002797,0.04252409057400652,0.012149740164001863,0.04859896065600745
2018-12-12,0.8785025983599815,0.018224610246002797,0.04252409057400652,0.012149740164001863,0.04859896065600745
2018-12-13,0.8785025983599815,0.018224610246002797,0.04252409057400652,0.012149740164001863,0.04859896065600745
2018-12-14,0.8785025983599815,0.018224610246002797,0.04252409057400652,0.012149740164001863,0.04859896065600745
2018-12-17,0.8785025983599815,0.018224610246002797,0.04252409057400652,0.012149740164001863,0.04859896065600745
2018-12-18,0.8785025983599815,0.018224610246002797,0.04252409057400652,0.012149740164001863,0.04859896065600745
2018-12-19,0.8785025983599815,0.018224610246002797,0.04252409057400652,0.012149740164001863,0.04859896065600745
2018-12-20,0.8785025983599815,0.018224610246002797,0.04252409057400652,0.012149740164001863,0.04859896065600745
2018-12-21,0.8785025983599815,0.018224610246002797,0.04252409057400652,0.012149740164001863,0.04859896065600745
2018-12-24,0.8785025983599815,0.018224610246002797,0.04252409057400652,0.012149740164001863,0.04859896065600745
2018-12-26,0.8785025983599815,0.018224610246002797,0.04252409057400652,0.012149740164001863,0.04859896065600745
2018-12-27,0.8785025983599815,0.018224610246002797,0.04252409057400652,0.012149740164001863,0.04859896065600745
2018-12-28,0.8785025983599815,0.018224610246002797,0.04252409057400652,0.012149740164001863,0.04859896065600745
2018-12-31,0.8785025983599815,0.018224610246002797,0.04252409057400652,0.012149740164001863,0.04859896065600745
2019-01-02,0.8785025983599815,0.018224610246002797,0.04252409057400652,0.012149740164001863,0.04859896065600745
2019-01-03,0.5886962190297196,0.06169556714554206,0.14395632333959812,0.04113037809702805,0.1645215123881122
2019-01-04,0.5886962190297196,0.06169556714554206,0.14395632333959812,0.04113037809702805,0.1645215123881122
2019-01-07,0.5886962190297196,0.06169556714554206,0.14395632333959812,0.04113037809702805,0.1645215123881122
2019-01-08,0.5886962190297196,0.06169556714554206,0.14395632333959812,0.04113037809702805,0.1645215123881122
2019-01-09,0.5886962190297196,0.06169556714554206,0.14395632333959812,0.04113037809702805,0.1645215123881122
2019-01-10,0.5886962190297196,0.06169556714554206,0.14395632333959812,0.04113037809702805,0.1645215123881122
2019-01-11,0.5886962190297196,0.06169556714554206,0.14395632333959812,0.04113037809702805,0.1645215123881122
2019-01-14,0.5886962190297196,0.06169556714554206,0.14395632333959812,0.04113037809702805,0.1645215123881122
2019-01-15,0.5886962190297196,0.06169556714554206,0.14395632333959812,0.04113037809702805,0.1645215123881122
2019-01-16,0.5886962190297196,0.06169556714554206,0.14395632333959812,0.04113037809702805,0.1645215123881122
2019-01-17,0.5886962190297196,0.06169556714554206,0.14395632333959812,0.04113037809702805,0.1645215123881122
2019-01-18,0.5886962190297196,0.06169556714554206,0.14395632333959812,0.04113037809702805,0.1645215123881122
2019-01-22,0.5886962190297196,0.06169556714554206,0.14395632333959812,0.04113037809702805,0.1645215123881122
2019-01-23,0.5886962190297196,0.06169556714554206,0.14395632333959812,0.04113037809702805,0.1645215123881122
2019-01-24,0.5886962190297196,0.06169556714554206,0.14395632333959812,0.04113037809702805,0.1645215123881122
2019-01-25,0.5886962190297196,0.06169556714554206,0.14395632333959812,0.04113037809702805,0.1645215123881122
2019-01-28,0.5886962190297196,0.06169556714554206,0.14395632333959812,0.04113037809702805,0.1645215123881122
2019-01-29,0.5886962190297196,0.06169556714554206,0.14395632333959812,0.04113037809702805,0.1645215123881122
2019-01-30,0.5886962190297196,0.06169556714554206,0.14395632333959812,0.04113037809702805,0.1645215123881122
2019-01-31,0.5886962190297196,0.06169556714554206,0.14395632333959812,0.04113037809702805,0.1645215123881122
2019-02-01,0.5886962190297196,0.06169556714554206,0.14395632333959812,0.04113037809702805,0.1645215123881122
2019-02-04,0.99,0.0015,0.0034999999999999996,0.001,0.004
2019-02-05,0.99,0.0015,0.0034999999999999996,0.001,0.004
2019-02-06,0.99,0.0015,0.0034999999999999996,0.001,0.004
2019-02-07,0.99,0.0015,0.0034999999999999996,0.001,0.004
2019-02-08,0.99,0.0015,0.0034999999999999996,0.001,0.004
2019-02-11,0.99,0.0015,0.0034999999999999996,0.001,0.004
2019-02-12,0.99,0.0015,0.0034999999999999996,0.001,0.004
2019-02-13,0.99,0.0015,0.0034999999999999996,0.001,0.004
2019-02-14,0.99,0.0015,0.0034999999999999996,0.001,0.004
2019-02-15,0.99,0.0015,0.0034999999999999996,0.001,0.004
2019-02-19,0.99,0.0015,0.0034999999999999996,0.001,0.004
2019-02-20,0.99,0.0015,0.0034999999999999996,0.001,0.004
2019-02-21,0.99,0.0015,0.0034999999999999996,0.001,0.004
2019-02-22,0.99,0.0015,0.0034999999999999996,0.001,0.004
2019-02-25,0.99,0.0015,0.0034999999999999996,0.001,0.004
2019-02-26,0.99,0.0015,0.0034999999999999996,0.001,0.004
2019-02-27,0.99,0.0015,0.0034999999999999996,0.001,0.004
2019-02-28,0.99,0.0015,0.0034999999999999996,0.001,0.004
2019-03-01,0.99,0.0015,0.0034999999999999996,0.001,0.004
2019-03-04,0.99,0.0015,0.0034999999999999996,0.001,0.004
2019-03-05,0.99,0.0015,0.0034999999999999996,0.001,0.004
2019-03-06,0.99,0.0015,0.0034999999999999996,0.001,0.004
2019-03-07,0.99,0.0015,0.0034999999999999996,0.001,0.004
2019-03-08,0.99,0.0015,0.0034999999999999996,0.001,0.004
2019-03-11,0.99,0.0015,0.0034999999999999996,0.001,0.004
2019-03-12,0.99,0.0015,0.0034999999999999996,0.001,0.004
2019-03-13,0.99,0.0015,0.0034999999999999996,0.001,0.004
2019-03-14,0.99,0.0015,0.0034999999999999996,0.001,0.004
2019-03-15,0.99,0.0015,0.0034999999999999996,0.001,0.004
2019-03-18,0.99,0.0015,0.0034999999999999996,0.001,0.004
2019-03-19,0.99,0.0015,0.0034999999999999996,0.001,0.004
2019-03-20,0.99,0.0015,0.0034999999999999996,0.001,0.004
2019-03-21,0.99,0.0015,0.0034999999999999996,0.001,0.004
2019-03-22,0.99,0.0015,0.0034999999999999996,0.001,0.004
2019-03-25,0.99,0.0015,0.0034999999999999996,0.001,0.004
2019-03-26,0.99,0.0015,0.0034999999999999996,0.001,0.004
2019-03-27,0.99,0.0015,0.0034999999999999996,0.001,0.004
2019-03-28,0.99,0.0015,0.0034999999999999996,0.001,0.004
2019-03-29,0.99,0.0015,0.0034999999999999996,0.001,0.004
2019-04-01,0.99,0.0015,0.0034999999999999996,0.001,0.004
2019-04-02,0.99,0.0015,0.0034999999999999996,0.001,0.004
2019-04-03,0.99,0.0015,0.0034999999999999996,0.001,0.004
2019-04-04,0.99,0.0015,0.0034999999999999996,0.001,0.004
2019-04-05,0.99,0.0015,0.0034999999999999996,0.001,0.004
2019-04-08,0.99,0.0015,0.0034999999999999996,0.001,0.004
2019-04-09,0.99,0.0015,0.0034999999999999996,0.001,0.004
2019-04-10,0.99,0.0015,0.0034999999999999996,0.001,0.004
2019-04-11,0.99,0.0015,0.0034999999999999996,0.001,0.004
2019-04-12,0.99,0.0015,0.0034999999999999996,0.001,0.004
2019-04-15,0.99,0.0015,0.0034999999999999996,0.001,0.004
2019-04-16,0.99,0.0015,0.0034999999999999996,0.001,0.004
2019-04-17,0.99,0.0015,0.0034999999999999996,0.001,0.004
2019-04-18,0.99,0.0015,0.0034999999999999996,0.001,0.004
2019-04-22,0.99,0.0015,0.0034999999999999996,0.001,0.004
2019-04-23,0.99,0.0015,0.0034999999999999996,0.001,0.004
2019-04-24,0.99,0.0015,0.0034999999999999996,0.001,0.004
2019-04-25,0.99,0.0015,0.0034999999999999996,0.001,0.004
2019-04-26,0.99,0.0015,0.0034999999999999996,0.001,0.004
2019-04-29,0.99,0.0015,0.0034999999999999996,0.001,0.004
2019-04-30,0.99,0.0015,0.0034999999999999996,0.001,0.004
2019-05-01,0.99,0.0015,0.0034999999999999996,0.001,0.004
2019-05-02,0.99,0.0015,0.0034999999999999996,0.001,0.004
2019-05-03,0.99,0.0015,0.0034999999999999996,0.001,0.004
2019-05-06,0.99,0.0015,0.0034999999999999996,0.001,0.004
2019-05-07,0.99,0.0015,0.0034999999999999996,0.001,0.004
2019-05-08,0.99,0.0015,0.0034999999999999996,0.001,0.004
2019-05-09,0.99,0.0015,0.0034999999999999996,0.001,0.004
2019-05-10,0.99,0.0015,0.0034999999999999996,0.001,0.004
2019-05-13,0.99,0.0015,0.0034999999999999996,0.001,0.004
2019-05-14,0.99,0.0015,0.0034999999999999996,0.001,0.004
2019-05-15,0.99,0.0015,0.0034999999999999996,0.001,0.004
2019-05-16,0.99,0.0015,0.0034999999999999996,0.001,0.004
2019-05-17,0.99,0.0015,0.0034999999999999996,0.001,0.004
2019-05-20,0.99,0.0015,0.0034999999999999996,0.001,0.004
2019-05-21,0.99,0.0015,0.0034999999999999996,0.001,0.004
2019-05-22,0.99,0.0015,0.0034999999999999996,0.001,0.004
2019-05-23,0.99,0.0015,0.0034999999999999996,0.001,0.004
2019-05-24,0.99,0.0015,0.0034999999999999996,0.001,0.004
2019-05-28,0.99,0.0015,0.0034999999999999996,0.001,0.004
2019-05-29,0.99,0.0015,0.0034999999999999996,0.001,0.004
2019-05-30,0.99,0.0015,0.0034999999999999996,0.001,0.004
2019-05-31,0.99,0.0015,0.0034999999999999996,0.001,0.004
2019-06-03,0.99,0.0015,0.0034999999999999996,0.001,0.004
2019-06-04,0.99,0.0015,0.0034999999999999996,0.001,0.004
2019-06-05,0.99,0.0015,0.0034999999999999996,0.001,0.004
2019-06-06,0.99,0.0015,0.0034999999999999996,0.001,0.004
2019-06-07,0.99,0.0015,0.0034999999999999996,0.001,0.004
2019-06-10,0.99,0.0015,0.0034999999999999996,0.001,0.004
2019-06-11,0.99,0.0015,0.0034999999999999996,0.001,0.004
2019-06-12,0.99,0.0015,0.0034999999999999996,0.001,0.004
2019-06-13,0.99,0.0015,0.0034999999999999996,0.001,0.004
2019-06-14,0.99,0.0015,0.0034999999999999996,0.001,0.004
2019-06-17,0.99,0.0015,0.0034999999999999996,0.001,0.004
2019-06-18,0.99,0.0015,0.0034999999999999996,0.001,0.004
2019-06-19,0.99,0.0015,0.0034999999999999996,0.001,0.004
2019-06-20,0.99,0.0015,0.0034999999999999996,0.001,0.004
2019-06-21,0.99,0.0015,0.0034999999999999996,0.001,0.004
2019-06-24,0.99,0.0015,0.0034999999999999996,0.001,0.004
2019-06-25,0.99,0.0015,0.0034999999999999996,0.001,0.004
2019-06-26,0.99,0.0015,0.0034999999999999996,0.001,0.004
2019-06-27,0.99,0.0015,0.0034999999999999996,0.001,0.004
2019-06-28,0.99,0.0015,0.0034999999999999996,0.001,0.004
2019-07-01,0.99,0.0015,0.0034999999999999996,0.001,0.004
2019-07-02,0.99,0.0015,0.0034999999999999996,0.001,0.004
2019-07-03,0.99,0.0015,0.0034999999999999996,0.001,0.004
2019-07-05,0.99,0.0015,0.0034999999999999996,0.001,0.004
2019-07-08,0.99,0.0015,0.0034999999999999996,0.001,0.004
2019-07-09,0.99,0.0015,0.0034999999999999996,0.001,0.004
2019-07-10,0.99,0.0015,0.0034999999999999996,0.001,0.004
2019-07-11,0.99,0.0015,0.0034999999999999996,0.001,0.004
2019-07-12,0.99,0.0015,0.0034999999999999996,0.001,0.004
2019-07-15,0.99,0.0015,0.0034999999999999996,0.001,0.004
2019-07-16,0.99,0.0015,0.0034999999999999996,0.001,0.004
2019-07-17,0.99,0.0015,0.0034999999999999996,0.001,0.004
2019-07-18,0.99,0.0015,0.0034999999999999996,0.001,0.004
2019-07-19,0.99,0.0015,0.0034999999999999996,0.001,0.004
2019-07-22,0.99,0.0015,0.0034999999999999996,0.001,0.004
2019-07-23,0.99,0.0015,0.0034999999999999996,0.001,0.004
2019-07-24,0.99,0.0015,0.0034999999999999996,0.001,0.004
2019-07-25,0.99,0.0015,0.0034999999999999996,0.001,0.004
2019-07-26,0.99,0.0015,0.0034999999999999996,0.001,0.004
2019-07-29,0.99,0.0015,0.0034999999999999996,0.001,0.004
2019-07-30,0.99,0.0015,0.0034999999999999996,0.001,0.004
2019-07-31,0.99,0.0015,0.0034999999999999996,0.001,0.004
2019-08-01,0.99,0.0015,0.0034999999999999996,0.001,0.004
2019-08-02,0.99,0.0015,0.0034999999999999996,0.001,0.004
2019-08-05,0.99,0.0015,0.0034999999999999996,0.001,0.004
2019-08-06,0.99,0.0015,0.0034999999999999996,0.001,0.004
2019-08-07,0.99,0.0015,0.0034999999999999996,0.001,0.004
2019-08-08,0.99,0.0015,0.0034999999999999996,0.001,0.004
2019-08-09,0.99,0.0015,0.0034999999999999996,0.001,0.004
2019-08-12,0.99,0.0015,0.0034999999999999996,0.001,0.004
2019-08-13,0.99,0.0015,0.0034999999999999996,0.001,0.004
2019-08-14,0.99,0.0015,0.0034999999999999996,0.001,0.004
2019-08-15,0.99,0.0015,0.0034999999999999996,0.001,0.004
2019-08-16,0.99,0.0015,0.0034999999999999996,0.001,0.004
2019-08-19,0.99,0.0015,0.0034999999999999996,0.001,0.004
2019-08-20,0.99,0.0015,0.0034999999999999996,0.001,0.004
2019-08-21,0.99,0.0015,0.0034999999999999996,0.001,0.004
2019-08-22,0.99,0.0015,0.0034999999999999996,0.001,0.004
2019-08-23,0.99,0.0015,0.0034999999999999996,0.001,0.004
2019-08-26,0.99,0.0015,0.0034999999999999996,0.001,0.004
2019-08-27,0.99,0.0015,0.0034999999999999996,0.001,0.004
2019-08-28,0.99,0.0015,0.0034999999999999996,0.001,0.004
2019-08-29,0.99,0.0015,0.0034999999999999996,0.001,0.004
2019-08-30,0.99,0.0015,0.0034999999999999996,0.001,0.004
2019-09-03,0.99,0.0015,0.0034999999999999996,0.001,0.004
2019-09-04,0.892350028731042,0.016147495690343704,0.037677489944135306,0.010764997126895805,0.04305998850758322
2019-09-05,0.892350028731042,0.016147495690343704,0.037677489944135306,0.010764997126895805,0.04305998850758322
2019-09-06,0.892350028731042,0.016147495690343704,0.037677489944135306,0.010764997126895805,0.04305998850758322
2019-09-09,0.892350028731042,0.016147495690343704,0.037677489944135306,0.010764997126895805,0.04305998850758322
2019-09-10,0.892350028731042,0.016147495690343704,0.037677489944135306,0.010764997126895805,0.04305998850758322
2019-09-11,0.892350028731042,0.016147495690343704,0.037677489944135306,0.010764997126895805,0.04305998850758322
2019-09-12,0.892350028731042,0.016147495690343704,0.037677489944135306,0.010764997126895805,0.04305998850758322
2019-09-13,0.892350028731042,0.016147495690343704,0.037677489944135306,0.010764997126895805,0.04305998850758322
2019-09-16,0.892350028731042,0.016147495690343704,0.037677489944135306,0.010764997126895805,0.04305998850758322
2019-09-17,0.892350028731042,0.016147495690343704,0.037677489944135306,0.010764997126895805,0.04305998850758322
2019-09-18,0.892350028731042,0.016147495690343704,0.037677489944135306,0.010764997126895805,0.04305998850758322
2019-09-19,0.892350028731042,0.016147495690343704,0.037677489944135306,0.010764997126895805,0.04305998850758322
2019-09-20,0.892350028731042,0.016147495690343704,0.037677489944135306,0.010764997126895805,0.04305998850758322
2019-09-23,0.892350028731042,0.016147495690343704,0.037677489944135306,0.010764997126895805,0.04305998850758322
2019-09-24,0.892350028731042,0.016147495690343704,0.037677489944135306,0.010764997126895805,0.04305998850758322
2019-09-25,0.892350028731042,0.016147495690343704,0.037677489944135306,0.010764997126895805,0.04305998850758322
2019-09-26,0.892350028731042,0.016147495690343704,0.037677489944135306,0.010764997126895805,0.04305998850758322
2019-09-27,0.892350028731042,0.016147495690343704,0.037677489944135306,0.010764997126895805,0.04305998850758322
2019-09-30,0.892350028731042,0.016147495690343704,0.037677489944135306,0.010764997126895805,0.04305998850758322
2019-10-01,0.892350028731042,0.016147495690343704,0.037677489944135306,0.010764997126895805,0.04305998850758322
2019-10-02,0.99,0.0015,0.0034999999999999996,0.001,0.004
2019-10-03,0.99,0.0015,0.0034999999999999996,0.001,0.004
2019-10-04,0.99,0.0015,0.0034999999999999996,0.001,0.004
2019-10-07,0.99,0.0015,0.0034999999999999996,0.001,0.004
2019-10-08,0.99,0.0015,0.0034999999999999996,0.001,0.004
2019-10-09,0.99,0.0015,0.0034999999999999996,0.001,0.004
2019-10-10,0.99,0.0015,0.0034999999999999996,0.001,0.004
2019-10-11,0.99,0.0015,0.0034999999999999996,0.001,0.004
2019-10-14,0.99,0.0015,0.0034999999999999996,0.001,0.004
2019-10-15,0.99,0.0015,0.0034999999999999996,0.001,0.004
2019-10-16,0.99,0.0015,0.0034999999999999996,0.001,0.004
2019-10-17,0.99,0.0015,0.0034999999999999996,0.001,0.004
2019-10-18,0.99,0.0015,0.0034999999999999996,0.001,0.004
2019-10-21,0.99,0.0015,0.0034999999999999996,0.001,0.004
2019-10-22,0.99,0.0015,0.0034999999999999996,0.001,0.004
2019-10-23,0.99,0.0015,0.0034999999999999996,0.001,0.004
2019-10-24,0.99,0.0015,0.0034999999999999996,0.001,0.004
2019-10-25,0.99,0.0015,0.0034999999999999996,0.001,0.004
2019-10-28,0.99,0.0015,0.0034999999999999996,0.001,0.004
2019-10-29,0.99,0.0015,0.0034999999999999996,0.001,0.004
2019-10-30,0.99,0.0015,0.0034999999999999996,0.001,0.004
2019-10-31,0.99,0.0015,0.0034999999999999996,0.001,0.004
2019-11-01,0.99,0.0015,0.0034999999999999996,0.001,0.004
2019-11-04,0.99,0.0015,0.0034999999999999996,0.001,0.004
2019-11-05,0.99,0.0015,0.0034999999999999996,0.001,0.004
2019-11-06,0.99,0.0015,0.0034999999999999996,0.001,0.004
2019-11-07,0.99,0.0015,0.0034999999999999996,0.001,0.004
2019-11-08,0.99,0.0015,0.0034999999999999996,0.001,0.004
2019-11-11,0.99,0.0015,0.0034999999999999996,0.001,0.004
2019-11-12,0.99,0.0015,0.0034999999999999996,0.001,0.004
2019-11-13,0.99,0.0015,0.0034999999999999996,0.001,0.004
2019-11-14,0.99,0.0015,0.0034999999999999996,0.001,0.004
2019-11-15,0.99,0.0015,0.0034999999999999996,0.001,0.004
2019-11-18,0.99,0.0015,0.0034999999999999996,0.001,0.004
2019-11-19,0.99,0.0015,0.0034999999999999996,0.001,0.004
2019-11-20,0.99,0.0015,0.0034999999999999996,0.001,0.004
2019-11-21,0.99,0.0015,0.0034999999999999996,0.001,0.004
2019-11-22,0.99,0.0015,0.0034999999999999996,0.001,0.004
2019-11-25,0.99,0.0015,0.0034999999999999996,0.001,0.004
2019-11-26,0.99,0.0015,0.0034999999999999996,0.001,0.004
2019-11-27,0.99,0.0015,0.0034999999999999996,0.001,0.004
2019-11-29,0.99,0.0015,0.0034999999999999996,0.001,0.004
2019-12-02,0.99,0.0015,0.0034999999999999996,0.001,0.004
2019-12-03,0.99,0.0015,0.0034999999999999996,0.001,0.004
2019-12-04,0.99,0.0015,0.0034999999999999996,0.001,0.004
2019-12-05,0.99,0.0015,0.0034999999999999996,0.001,0.004
2019-12-06,0.99,0.0015,0.0034999999999999996,0.001,0.004
2019-12-09,0.99,0.0015,0.0034999999999999996,0.001,0.004
2019-12-10,0.99,0.0015,0.0034999999999999996,0.001,0.004
2019-12-11,0.99,0.0015,0.0034999999999999996,0.001,0.004
2019-12-12,0.99,0.0015,0.0034999999999999996,0.001,0.004
2019-12-13,0.99,0.0015,0.0034999999999999996,0.001,0.004
2019-12-16,0.99,0.0015,0.0034999999999999996,0.001,0.004
2019-12-17,0.99,0.0015,0.0034999999999999996,0.001,0.004
2019-12-18,0.99,0.0015,0.0034999999999999996,0.001,0.004
2019-12-19,0.99,0.0015,0.0034999999999999996,0.001,0.004
2019-12-20,0.99,0.0015,0.0034999999999999996,0.001,0.004
2019-12-23,0.99,0.0015,0.0034999999999999996,0.001,0.004
2019-12-24,0.99,0.0015,0.0034999999999999996,0.001,0.004
2019-12-26,0.99,0.0015,0.0034999999999999996,0.001,0.004
2019-12-27,0.99,0.0015,0.0034999999999999996,0.001,0.004
2019-12-30,0.99,0.0015,0.0034999999999999996,0.001,0.004
2019-12-31,0.99,0.0015,0.0034999999999999996,0.001,0.004
2020-01-02,0.99,0.0015,0.0034999999999999996,0.001,0.004
2020-01-03,0.99,0.0015,0.0034999999999999996,0.001,0.004
2020-01-06,0.99,0.0015,0.0034999999999999996,0.001,0.004
2020-01-07,0.99,0.0015,0.0034999999999999996,0.001,0.004
2020-01-08,0.99,0.0015,0.0034999999999999996,0.001,0.004
2020-01-09,0.99,0.0015,0.0034999999999999996,0.001,0.004
2020-01-10,0.99,0.0015,0.0034999999999999996,0.001,0.004
2020-01-13,0.99,0.0015,0.0034999999999999996,0.001,0.004
2020-01-14,0.99,0.0015,0.0034999999999999996,0.001,0.004
2020-01-15,0.99,0.0015,0.0034999999999999996,0.001,0.004
2020-01-16,0.99,0.0015,0.0034999999999999996,0.001,0.004
2020-01-17,0.99,0.0015,0.0034999999999999996,0.001,0.004
2020-01-21,0.99,0.0015,0.0034999999999999996,0.001,0.004
2020-01-22,0.99,0.0015,0.0034999999999999996,0.001,0.004
2020-01-23,0.99,0.0015,0.0034999999999999996,0.001,0.004
2020-01-24,0.99,0.0015,0.0034999999999999996,0.001,0.004
2020-01-27,0.99,0.0015,0.0034999999999999996,0.001,0.004
2020-01-28,0.99,0.0015,0.0034999999999999996,0.001,0.004
2020-01-29,0.99,0.0015,0.0034999999999999996,0.001,0.004
2020-01-30,0.99,0.0015,0.0034999999999999996,0.001,0.004
2020-01-31,0.99,0.0015,0.0034999999999999996,0.001,0.004
2020-02-03,0.99,0.0015,0.0034999999999999996,0.001,0.004
2020-02-04,0.99,0.0015,0.0034999999999999996,0.001,0.004
2020-02-05,0.99,0.0015,0.0034999999999999996,0.001,0.004
2020-02-06,0.99,0.0015,0.0034999999999999996,0.001,0.004
2020-02-07,0.99,0.0015,0.0034999999999999996,0.001,0.004
2020-02-10,0.99,0.0015,0.0034999999999999996,0.001,0.004
2020-02-11,0.99,0.0015,0.0034999999999999996,0.001,0.004
2020-02-12,0.99,0.0015,0.0034999999999999996,0.001,0.004
2020-02-13,0.99,0.0015,0.0034999999999999996,0.001,0.004
2020-02-14,0.99,0.0015,0.0034999999999999996,0.001,0.004
2020-02-18,0.99,0.0015,0.0034999999999999996,0.001,0.004
2020-02-19,0.99,0.0015,0.0034999999999999996,0.001,0.004
2020-02-20,0.99,0.0015,0.0034999999999999996,0.001,0.004
2020-02-21,0.99,0.0015,0.0034999999999999996,0.001,0.004
2020-02-24,0.99,0.0015,0.0034999999999999996,0.001,0.004
2020-02-25,0.99,0.0015,0.0034999999999999996,0.001,0.004
2020-02-26,0.99,0.0015,0.0034999999999999996,0.001,0.004
2020-02-27,0.99,0.0015,0.0034999999999999996,0.001,0.004
2020-02-28,0.99,0.0015,0.0034999999999999996,0.001,0.004
2020-03-02,0.99,0.0015,0.0034999999999999996,0.001,0.004
2020-03-03,0.6277797488340109,0.05583303767489839,0.13027708790809625,0.03722202511659893,0.14888810046639572
2020-03-04,0.6277797488340109,0.05583303767489839,0.13027708790809625,0.03722202511659893,0.14888810046639572
2020-03-05,0.6277797488340109,0.05583303767489839,0.13027708790809625,0.03722202511659893,0.14888810046639572
2020-03-06,0.6277797488340109,0.05583303767489839,0.13027708790809625,0.03722202511659893,0.14888810046639572
2020-03-09,0.6277797488340109,0.05583303767489839,0.13027708790809625,0.03722202511659893,0.14888810046639572
2020-03-10,0.6277797488340109,0.05583303767489839,0.13027708790809625,0.03722202511659893,0.14888810046639572
2020-03-11,0.6277797488340109,0.05583303767489839,0.13027708790809625,0.03722202511659893,0.14888810046639572
2020-03-12,0.6277797488340109,0.05583303767489839,0.13027708790809625,0.03722202511659893,0.14888810046639572
2020-03-13,0.6277797488340109,0.05583303767489839,0.13027708790809625,0.03722202511659893,0.14888810046639572
2020-03-16,0.6277797488340109,0.05583303767489839,0.13027708790809625,0.03722202511659893,0.14888810046639572
2020-03-17,0.6277797488340109,0.05583303767489839,0.13027708790809625,0.03722202511659893,0.14888810046639572
2020-03-18,0.6277797488340109,0.05583303767489839,0.13027708790809625,0.03722202511659893,0.14888810046639572
2020-03-19,0.6277797488340109,0.05583303767489839,0.13027708790809625,0.03722202511659893,0.14888810046639572
2020-03-20,0.6277797488340109,0.05583303767489839,0.13027708790809625,0.03722202511659893,0.14888810046639572
2020-03-23,0.6277797488340109,0.05583303767489839,0.13027708790809625,0.03722202511659893,0.14888810046639572
2020-03-24,0.6277797488340109,0.05583303767489839,0.13027708790809625,0.03722202511659893,0.14888810046639572
2020-03-25,0.6277797488340109,0.05583303767489839,0.13027708790809625,0.03722202511659893,0.14888810046639572
2020-03-26,0.6277797488340109,0.05583303767489839,0.13027708790809625,0.03722202511659893,0.14888810046639572
2020-03-27,0.6277797488340109,0.05583303767489839,0.13027708790809625,0.03722202511659893,0.14888810046639572
2020-03-30,0.6277797488340109,0.05583303767489839,0.13027708790809625,0.03722202511659893,0.14888810046639572
2020-03-31,0.6277797488340109,0.05583303767489839,0.13027708790809625,0.03722202511659893,0.14888810046639572
2020-04-01,0.6277797488340109,0.05583303767489839,0.13027708790809625,0.03722202511659893,0.14888810046639572
2020-04-02,0.6158551524459647,0.05762172713310529,0.13445069664391235,0.03841448475540354,0.15365793902161415
2020-04-03,0.6158551524459647,0.05762172713310529,0.13445069664391235,0.03841448475540354,0.15365793902161415
2020-04-06,0.6158551524459647,0.05762172713310529,0.13445069664391235,0.03841448475540354,0.15365793902161415
2020-04-07,0.6158551524459647,0.05762172713310529,0.13445069664391235,0.03841448475540354,0.15365793902161415
2020-04-08,0.6158551524459647,0.05762172713310529,0.13445069664391235,0.03841448475540354,0.15365793902161415
2020-04-09,0.6158551524459647,0.05762172713310529,0.13445069664391235,0.03841448475540354,0.15365793902161415
2020-04-13,0.6158551524459647,0.05762172713310529,0.13445069664391235,0.03841448475540354,0.15365793902161415
2020-04-14,0.6158551524459647,0.05762172713310529,0.13445069664391235,0.03841448475540354,0.15365793902161415
2020-04-15,0.6158551524459647,0.05762172713310529,0.13445069664391235,0.03841448475540354,0.15365793902161415
2020-04-16,0.6158551524459647,0.05762172713310529,0.13445069664391235,0.03841448475540354,0.15365793902161415
2020-04-17,0.6158551524459647,0.05762172713310529,0.13445069664391235,0.03841448475540354,0.15365793902161415
2020-04-20,0.6158551524459647,0.05762172713310529,0.13445069664391235,0.03841448475540354,0.15365793902161415
2020-04-21,0.6158551524459647,0.05762172713310529,0.13445069664391235,0.03841448475540354,0.15365793902161415
2020-04-22,0.6158551524459647,0.05762172713310529,0.13445069664391235,0.03841448475540354,0.15365793902161415
2020-04-23,0.6158551524459647,0.05762172713310529,0.13445069664391235,0.03841448475540354,0.15365793902161415
2020-04-24,0.6158551524459647,0.05762172713310529,0.13445069664391235,0.03841448475540354,0.15365793902161415
2020-04-27,0.6158551524459647,0.05762172713310529,0.13445069664391235,0.03841448475540354,0.15365793902161415
2020-04-28,0.6158551524459647,0.05762172713310529,0.13445069664391235,0.03841448475540354,0.15365793902161415
2020-04-29,0.6158551524459647,0.05762172713310529,0.13445069664391235,0.03841448475540354,0.15365793902161415
2020-04-30,0.6158551524459647,0.05762172713310529,0.13445069664391235,0.03841448475540354,0.15365793902161415
2020-05-01,0.6158551524459647,0.05762172713310529,0.13445069664391235,0.03841448475540354,0.15365793902161415
2020-05-04,0.5360838617008019,0.06958742074487971,0.16237064840471935,0.04639161382991982,0.18556645531967927
2020-05-05,0.5360838617008019,0.06958742074487971,0.16237064840471935,0.04639161382991982,0.18556645531967927
2020-05-06,0.5360838617008019,0.06958742074487971,0.16237064840471935,0.04639161382991982,0.18556645531967927
2020-05-07,0.5360838617008019,0.06958742074487971,0.16237064840471935,0.04639161382991982,0.18556645531967927
2020-05-08,0.5360838617008019,0.06958742074487971,0.16237064840471935,0.04639161382991982,0.18556645531967927
2020-05-11,0.5360838617008019,0.06958742074487971,0.16237064840471935,0.04639161382991982,0.18556645531967927
2020-05-12,0.5360838617008019,0.06958742074487971,0.16237064840471935,0.04639161382991982,0.18556645531967927
2020-05-13,0.5360838617008019,0.06958742074487971,0.16237064840471935,0.04639161382991982,0.18556645531967927
2020-05-14,0.5360838617008019,0.06958742074487971,0.16237064840471935,0.04639161382991982,0.18556645531967927
2020-05-15,0.5360838617008019,0.06958742074487971,0.16237064840471935,0.04639161382991982,0.18556645531967927
2020-05-18,0.5360838617008019,0.06958742074487971,0.16237064840471935,0.04639161382991982,0.18556645531967927
2020-05-19,0.5360838617008019,0.06958742074487971,0.16237064840471935,0.04639161382991982,0.18556645531967927
2020-05-20,0.5360838617008019,0.06958742074487971,0.16237064840471935,0.04639161382991982,0.18556645531967927
2020-05-21,0.5360838617008019,0.06958742074487971,0.16237064840471935,0.04639161382991982,0.18556645531967927
2020-05-22,0.5360838617008019,0.06958742074487971,0.16237064840471935,0.04639161382991982,0.18556645531967927
2020-05-26,0.5360838617008019,0.06958742074487971,0.16237064840471935,0.04639161382991982,0.18556645531967927
2020-05-27,0.5360838617008019,0.06958742074487971,0.16237064840471935,0.04639161382991982,0.18556645531967927
2020-05-28,0.5360838617008019,0.06958742074487971,0.16237064840471935,0.04639161382991982,0.18556645531967927
2020-05-29,0.5360838617008019,0.06958742074487971,0.16237064840471935,0.04639161382991982,0.18556645531967927
2020-06-01,0.5360838617008019,0.06958742074487971,0.16237064840471935,0.04639161382991982,0.18556645531967927
2020-06-02,0.99,0.0015,0.0034999999999999996,0.001,0.004
2020-06-03,0.99,0.0015,0.0034999999999999996,0.001,0.004
2020-06-04,0.99,0.0015,0.0034999999999999996,0.001,0.004
2020-06-05,0.99,0.0015,0.0034999999999999996,0.001,0.004
2020-06-08,0.99,0.0015,0.0034999999999999996,0.001,0.004
2020-06-09,0.99,0.0015,0.0034999999999999996,0.001,0.004
2020-06-10,0.99,0.0015,0.0034999999999999996,0.001,0.004
2020-06-11,0.99,0.0015,0.0034999999999999996,0.001,0.004
2020-06-12,0.99,0.0015,0.0034999999999999996,0.001,0.004
2020-06-15,0.99,0.0015,0.0034999999999999996,0.001,0.004
2020-06-16,0.99,0.0015,0.0034999999999999996,0.001,0.004
2020-06-17,0.99,0.0015,0.0034999999999999996,0.001,0.004
2020-06-18,0.99,0.0015,0.0034999999999999996,0.001,0.004
2020-06-19,0.99,0.0015,0.0034999999999999996,0.001,0.004
2020-06-22,0.99,0.0015,0.0034999999999999996,0.001,0.004
2020-06-23,0.99,0.0015,0.0034999999999999996,0.001,0.004
2020-06-24,0.99,0.0015,0.0034999999999999996,0.001,0.004
2020-06-25,0.99,0.0015,0.0034999999999999996,0.001,0.004
2020-06-26,0.99,0.0015,0.0034999999999999996,0.001,0.004
2020-06-29,0.99,0.0015,0.0034999999999999996,0.001,0.004
2020-06-30,0.99,0.0015,0.0034999999999999996,0.001,0.004
2020-07-01,0.99,0.0015,0.0034999999999999996,0.001,0.004
2020-07-02,0.99,0.0015,0.0034999999999999996,0.001,0.004
2020-07-06,0.99,0.0015,0.0034999999999999996,0.001,0.004
2020-07-07,0.99,0.0015,0.0034999999999999996,0.001,0.004
2020-07-08,0.99,0.0015,0.0034999999999999996,0.001,0.004
2020-07-09,0.99,0.0015,0.0034999999999999996,0.001,0.004
2020-07-10,0.99,0.0015,0.0034999999999999996,0.001,0.004
2020-07-13,0.99,0.0015,0.0034999999999999996,0.001,0.004
2020-07-14,0.99,0.0015,0.0034999999999999996,0.001,0.004
2020-07-15,0.99,0.0015,0.0034999999999999996,0.001,0.004
2020-07-16,0.99,0.0015,0.0034999999999999996,0.001,0.004
2020-07-17,0.99,0.0015,0.0034999999999999996,0.001,0.004
2020-07-20,0.99,0.0015,0.0034999999999999996,0.001,0.004
2020-07-21,0.99,0.0015,0.0034999999999999996,0.001,0.004
2020-07-22,0.99,0.0015,0.0034999999999999996,0.001,0.004
2020-07-23,0.99,0.0015,0.0034999999999999996,0.001,0.004
2020-07-24,0.99,0.0015,0.0034999999999999996,0.001,0.004
2020-07-27,0.99,0.0015,0.0034999999999999996,0.001,0.004
2020-07-28,0.99,0.0015,0.0034999999999999996,0.001,0.004
2020-07-29,0.99,0.0015,0.0034999999999999996,0.001,0.004
2020-07-30,0.99,0.0015,0.0034999999999999996,0.001,0.004
2020-07-31,0.99,0.0015,0.0034999999999999996,0.001,0.004
2020-08-03,0.99,0.0015,0.0034999999999999996,0.001,0.004
2020-08-04,0.99,0.0015,0.0034999999999999996,0.001,0.004
2020-08-05,0.99,0.0015,0.0034999999999999996,0.001,0.004
2020-08-06,0.99,0.0015,0.0034999999999999996,0.001,0.004
2020-08-07,0.99,0.0015,0.0034999999999999996,0.001,0.004
2020-08-10,0.99,0.0015,0.0034999999999999996,0.001,0.004
2020-08-11,0.99,0.0015,0.0034999999999999996,0.001,0.004
2020-08-12,0.99,0.0015,0.0034999999999999996,0.001,0.004
2020-08-13,0.99,0.0015,0.0034999999999999996,0.001,0.004
2020-08-14,0.99,0.0015,0.0034999999999999996,0.001,0.004
2020-08-17,0.99,0.0015,0.0034999999999999996,0.001,0.004
2020-08-18,0.99,0.0015,0.0034999999999999996,0.001,0.004
2020-08-19,0.99,0.0015,0.0034999999999999996,0.001,0.004
2020-08-20,0.99,0.0015,0.0034999999999999996,0.001,0.004
2020-08-21,0.99,0.0015,0.0034999999999999996,0.001,0.004
2020-08-24,0.99,0.0015,0.0034999999999999996,0.001,0.004
2020-08-25,0.99,0.0015,0.0034999999999999996,0.001,0.004
2020-08-26,0.99,0.0015,0.0034999999999999996,0.001,0.004
2020-08-27,0.99,0.0015,0.0034999999999999996,0.001,0.004
2020-08-28,0.99,0.0015,0.0034999999999999996,0.001,0.004
2020-08-31,0.99,0.0015,0.0034999999999999996,0.001,0.004
2020-09-01,0.99,0.0015,0.0034999999999999996,0.001,0.004
2020-09-02,0.99,0.0015,0.0034999999999999996,0.001,0.004
2020-09-03,0.99,0.0015,0.0034999999999999996,0.001,0.004
2020-09-04,0.99,0.0015,0.0034999999999999996,0.001,0.004
2020-09-08,0.99,0.0015,0.0034999999999999996,0.001,0.004
2020-09-09,0.99,0.0015,0.0034999999999999996,0.001,0.004
2020-09-10,0.99,0.0015,0.0034999999999999996,0.001,0.004
2020-09-11,0.99,0.0015,0.0034999999999999996,0.001,0.004
2020-09-14,0.99,0.0015,0.0034999999999999996,0.001,0.004
2020-09-15,0.99,0.0015,0.0034999999999999996,0.001,0.004
2020-09-16,0.99,0.0015,0.0034999999999999996,0.001,0.004
2020-09-17,0.99,0.0015,0.0034999999999999996,0.001,0.004
2020-09-18,0.99,0.0015,0.0034999999999999996,0.001,0.004
2020-09-21,0.99,0.0015,0.0034999999999999996,0.001,0.004
2020-09-22,0.99,0.0015,0.0034999999999999996,0.001,0.004
2020-09-23,0.99,0.0015,0.0034999999999999996,0.001,0.004
2020-09-24,0.99,0.0015,0.0034999999999999996,0.001,0.004
2020-09-25,0.99,0.0015,0.0034999999999999996,0.001,0.004
2020-09-28,0.99,0.0015,0.0034999999999999996,0.001,0.004
2020-09-29,0.99,0.0015,0.0034999999999999996,0.001,0.004
2020-09-30,0.99,0.0015,0.0034999999999999996,0.001,0.004
2020-10-01,0.99,0.0015,0.0034999999999999996,0.001,0.004
2020-10-02,0.7952732496797543,0.030709012548036842,0.07165436261208596,0.020472675032024563,0.08189070012809825
2020-10-05,0.7952732496797543,0.030709012548036842,0.07165436261208596,0.020472675032024563,0.08189070012809825
2020-10-06,0.7952732496797543,0.030709012548036842,0.07165436261208596,0.020472675032024563,0.08189070012809825
2020-10-07,0.7952732496797543,0.030709012548036842,0.07165436261208596,0.020472675032024563,0.08189070012809825
2020-10-08,0.7952732496797543,0.030709012548036842,0.07165436261208596,0.020472675032024563,0.08189070012809825
2020-10-09,0.7952732496797543,0.030709012548036842,0.07165436261208596,0.020472675032024563,0.08189070012809825
2020-10-12,0.7952732496797543,0.030709012548036842,0.07165436261208596,0.020472675032024563,0.08189070012809825
2020-10-13,0.7952732496797543,0.030709012548036842,0.07165436261208596,0.020472675032024563,0.08189070012809825
2020-10-14,0.7952732496797543,0.030709012548036842,0.07165436261208596,0.020472675032024563,0.08189070012809825
2020-10-15,0.7952732496797543,0.030709012548036842,0.07165436261208596,0.020472675032024563,0.08189070012809825
2020-10-16,0.7952732496797543,0.030709012548036842,0.07165436261208596,0.020472675032024563,0.08189070012809825
2020-10-19,0.7952732496797543,0.030709012548036842,0.07165436261208596,0.020472675032024563,0.08189070012809825
2020-10-20,0.7952732496797543,0.030709012548036842,0.07165436261208596,0.020472675032024563,0.08189070012809825
2020-10-21,0.7952732496797543,0.030709012548036842,0.07165436261208596,0.020472675032024563,0.08189070012809825
2020-10-22,0.7952732496797543,0.030709012548036842,0.07165436261208596,0.020472675032024563,0.08189070012809825
2020-10-23,0.7952732496797543,0.030709012548036842,0.07165436261208596,0.020472675032024563,0.08189070012809825
2020-10-26,0.7952732496797543,0.030709012548036842,0.07165436261208596,0.020472675032024563,0.08189070012809825
2020-10-27,0.7952732496797543,0.030709012548036842,0.07165436261208596,0.020472675032024563,0.08189070012809825
2020-10-28,0.7952732496797543,0.030709012548036842,0.07165436261208596,0.020472675032024563,0.08189070012809825
2020-10-29,0.7952732496797543,0.030709012548036842,0.07165436261208596,0.020472675032024563,0.08189070012809825
2020-10-30,0.7952732496797543,0.030709012548036842,0.07165436261208596,0.020472675032024563,0.08189070012809825
2020-11-02,0.7952732496797543,0.030709012548036842,0.07165436261208596,0.020472675032024563,0.08189070012809825
2020-11-03,0.8497397072989161,0.02253904390516259,0.05259110244537937,0.015026029270108394,0.060104117080433575
2020-11-04,0.8497397072989161,0.02253904390516259,0.05259110244537937,0.015026029270108394,0.060104117080433575
2020-11-05,0.8497397072989161,0.02253904390516259,0.05259110244537937,0.015026029270108394,0.060104117080433575
2020-11-06,0.8497397072989161,0.02253904390516259,0.05259110244537937,0.015026029270108394,0.060104117080433575
2020-11-09,0.8497397072989161,0.02253904390516259,0.05259110244537937,0.015026029270108394,0.060104117080433575
2020-11-10,0.8497397072989161,0.02253904390516259,0.05259110244537937,0.015026029270108394,0.060104117080433575
2020-11-11,0.8497397072989161,0.02253904390516259,0.05259110244537937,0.015026029270108394,0.060104117080433575
2020-11-12,0.8497397072989161,0.02253904390516259,0.05259110244537937,0.015026029270108394,0.060104117080433575
2020-11-13,0.8497397072989161,0.02253904390516259,0.05259110244537937,0.015026029270108394,0.060104117080433575
2020-11-16,0.8497397072989161,0.02253904390516259,0.05259110244537937,0.015026029270108394,0.060104117080433575
2020-11-17,0.8497397072989161,0.02253904390516259,0.05259110244537937,0.015026029270108394,0.060104117080433575
2020-11-18,0.8497397072989161,0.02253904390516259,0.05259110244537937,0.015026029270108394,0.060104117080433575
2020-11-19,0.8497397072989161,0.02253904390516259,0.05259110244537937,0.015026029270108394,0.060104117080433575
2020-11-20,0.8497397072989161,0.02253904390516259,0.05259110244537937,0.015026029270108394,0.060104117080433575
2020-11-23,0.8497397072989161,0.02253904390516259,0.05259110244537937,0.015026029270108394,0.060104117080433575
2020-11-24,0.8497397072989161,0.02253904390516259,0.05259110244537937,0.015026029270108394,0.060104117080433575
2020-11-25,0.8497397072989161,0.02253904390516259,0.05259110244537937,0.015026029270108394,0.060104117080433575
2020-11-27,0.8497397072989161,0.02253904390516259,0.05259110244537937,0.015026029270108394,0.060104117080433575
2020-11-30,0.8497397072989161,0.02253904390516259,0.05259110244537937,0.015026029270108394,0.060104117080433575
2020-12-01,0.8497397072989161,0.02253904390516259,0.05259110244537937,0.015026029270108394,0.060104117080433575
2020-12-02,0.99,0.0015,0.0034999999999999996,0.001,0.004
2020-12-03,0.99,0.0015,0.0034999999999999996,0.001,0.004
2020-12-04,0.99,0.0015,0.0034999999999999996,0.001,0.004
2020-12-07,0.99,0.0015,0.0034999999999999996,0.001,0.004
2020-12-08,0.99,0.0015,0.0034999999999999996,0.001,0.004
2020-12-09,0.99,0.0015,0.0034999999999999996,0.001,0.004
2020-12-10,0.99,0.0015,0.0034999999999999996,0.001,0.004
2020-12-11,0.99,0.0015,0.0034999999999999996,0.001,0.004
2020-12-14,0.99,0.0015,0.0034999999999999996,0.001,0.004
2020-12-15,0.99,0.0015,0.0034999999999999996,0.001,0.004
2020-12-16,0.99,0.0015,0.0034999999999999996,0.001,0.004
2020-12-17,0.99,0.0015,0.0034999999999999996,0.001,0.004
2020-12-18,0.99,0.0015,0.0034999999999999996,0.001,0.004
2020-12-21,0.99,0.0015,0.0034999999999999996,0.001,0.004
2020-12-22,0.99,0.0015,0.0034999999999999996,0.001,0.004
2020-12-23,0.99,0.0015,0.0034999999999999996,0.001,0.004
2020-12-24,0.99,0.0015,0.0034999999999999996,0.001,0.004
2020-12-28,0.99,0.0015,0.0034999999999999996,0.001,0.004
2020-12-29,0.99,0.0015,0.0034999999999999996,0.001,0.004
2020-12-30,0.99,0.0015,0.0034999999999999996,0.001,0.004
2020-12-31,0.99,0.0015,0.0034999999999999996,0.001,0.004
2021-01-04,0.99,0.0015,0.0034999999999999996,0.001,0.004
2021-01-05,0.99,0.0015,0.0034999999999999996,0.001,0.004
2021-01-06,0.99,0.0015,0.0034999999999999996,0.001,0.004
2021-01-07,0.99,0.0015,0.0034999999999999996,0.001,0.004
2021-01-08,0.99,0.0015,0.0034999999999999996,0.001,0.004
2021-01-11,0.99,0.0015,0.0034999999999999996,0.001,0.004
2021-01-12,0.99,0.0015,0.0034999999999999996,0.001,0.004
2021-01-13,0.99,0.0015,0.0034999999999999996,0.001,0.004
2021-01-14,0.99,0.0015,0.0034999999999999996,0.001,0.004
2021-01-15,0.99,0.0015,0.0034999999999999996,0.001,0.004
2021-01-19,0.99,0.0015,0.0034999999999999996,0.001,0.004
2021-01-20,0.99,0.0015,0.0034999999999999996,0.001,0.004
2021-01-21,0.99,0.0015,0.0034999999999999996,0.001,0.004
2021-01-22,0.99,0.0015,0.0034999999999999996,0.001,0.004
2021-01-25,0.99,0.0015,0.0034999999999999996,0.001,0.004
2021-01-26,0.99,0.0015,0.0034999999999999996,0.001,0.004
2021-01-27,0.99,0.0015,0.0034999999999999996,0.001,0.004
2021-01-28,0.99,0.0015,0.0034999999999999996,0.001,0.004
2021-01-29,0.99,0.0015,0.0034999999999999996,0.001,0.004
2021-02-01,0.99,0.0015,0.0034999999999999996,0.001,0.004
2021-02-02,0.9515107595155956,0.00727338607266066,0.01697123416954154,0.00484892404844044,0.01939569619376176
2021-02-03,0.9515107595155956,0.00727338607266066,0.01697123416954154,0.00484892404844044,0.01939569619376176
2021-02-04,0.9515107595155956,0.00727338607266066,0.01697123416954154,0.00484892404844044,0.01939569619376176
2021-02-05,0.9515107595155956,0.00727338607266066,0.01697123416954154,0.00484892404844044,0.01939569619376176
2021-02-08,0.9515107595155956,0.00727338607266066,0.01697123416954154,0.00484892404844044,0.01939569619376176
2021-02-09,0.9515107595155956,0.00727338607266066,0.01697123416954154,0.00484892404844044,0.01939569619376176
2021-02-10,0.9515107595155956,0.00727338607266066,0.01697123416954154,0.00484892404844044,0.01939569619376176
2021-02-11,0.9515107595155956,0.00727338607266066,0.01697123416954154,0.00484892404844044,0.01939569619376176
2021-02-12,0.9515107595155956,0.00727338607266066,0.01697123416954154,0.00484892404844044,0.01939569619376176
2021-02-16,0.9515107595155956,0.00727338607266066,0.01697123416954154,0.00484892404844044,0.01939569619376176
2021-02-17,0.9515107595155956,0.00727338607266066,0.01697123416954154,0.00484892404844044,0.01939569619376176
2021-02-18,0.9515107595155956,0.00727338607266066,0.01697123416954154,0.00484892404844044,0.01939569619376176
2021-02-19,0.9515107595155956,0.00727338607266066,0.01697123416954154,0.00484892404844044,0.01939569619376176
2021-02-22,0.9515107595155956,0.00727338607266066,0.01697123416954154,0.00484892404844044,0.01939569619376176
2021-02-23,0.9515107595155956,0.00727338607266066,0.01697123416954154,0.00484892404844044,0.01939569619376176
2021-02-24,0.9515107595155956,0.00727338607266066,0.01697123416954154,0.00484892404844044,0.01939569619376176
2021-02-25,0.9515107595155956,0.00727338607266066,0.01697123416954154,0.00484892404844044,0.01939569619376176
2021-02-26,0.9515107595155956,0.00727338607266066,0.01697123416954154,0.00484892404844044,0.01939569619376176
2021-03-01,0.9515107595155956,0.00727338607266066,0.01697123416954154,0.00484892404844044,0.01939569619376176
2021-03-02,0.9632463488237591,0.005513047676436143,0.01286377791168433,0.0036753651176240952,0.014701460470496381
2021-03-03,0.9632463488237591,0.005513047676436143,0.01286377791168433,0.0036753651176240952,0.014701460470496381
2021-03-04,0.9632463488237591,0.005513047676436143,0.01286377791168433,0.0036753651176240952,0.014701460470496381
2021-03-05,0.9632463488237591,0.005513047676436143,0.01286377791168433,0.0036753651176240952,0.014701460470496381
2021-03-08,0.9632463488237591,0.005513047676436143,0.01286377791168433,0.0036753651176240952,0.014701460470496381
2021-03-09,0.9632463488237591,0.005513047676436143,0.01286377791168433,0.0036753651176240952,0.014701460470496381
2021-03-10,0.9632463488237591,0.005513047676436143,0.01286377791168433,0.0036753651176240952,0.014701460470496381
2021-03-11,0.9632463488237591,0.005513047676436143,0.01286377791168433,0.0036753651176240952,0.014701460470496381
2021-03-12,0.9632463488237591,0.005513047676436143,0.01286377791168433,0.0036753651176240952,0.014701460470496381
2021-03-15,0.9632463488237591,0.005513047676436143,0.01286377791168433,0.0036753651176240952,0.014701460470496381
2021-03-16,0.9632463488237591,0.005513047676436143,0.01286377791168433,0.0036753651176240952,0.014701460470496381
2021-03-17,0.9632463488237591,0.005513047676436143,0.01286377791168433,0.0036753651176240952,0.014701460470496381
2021-03-18,0.9632463488237591,0.005513047676436143,0.01286377791168433,0.0036753651176240952,0.014701460470496381
2021-03-19,0.9632463488237591,0.005513047676436143,0.01286377791168433,0.0036753651176240952,0.014701460470496381
2021-03-22,0.9632463488237591,0.005513047676436143,0.01286377791168433,0.0036753651176240952,0.014701460470496381
2021-03-23,0.9632463488237591,0.005513047676436143,0.01286377791168433,0.0036753651176240952,0.014701460470496381
2021-03-24,0.9632463488237591,0.005513047676436143,0.01286377791168433,0.0036753651176240952,0.014701460470496381
2021-03-25,0.9632463488237591,0.005513047676436143,0.01286377791168433,0.0036753651176240952,0.014701460470496381
2021-03-26,0.9632463488237591,0.005513047676436143,0.01286377791168433,0.0036753651176240952,0.014701460470496381
2021-03-29,0.9632463488237591,0.005513047676436143,0.01286377791168433,0.0036753651176240952,0.014701460470496381
2021-03-30,0.9632463488237591,0.005513047676436143,0.01286377791168433,0.0036753651176240952,0.014701460470496381
2021-03-31,0.9632463488237591,0.005513047676436143,0.01286377791168433,0.0036753651176240952,0.014701460470496381
2021-04-01,0.9632463488237591,0.005513047676436143,0.01286377791168433,0.0036753651176240952,0.014701460470496381
2021-04-05,0.99,0.0015,0.0034999999999999996,0.001,0.004
2021-04-06,0.99,0.0015,0.0034999999999999996,0.001,0.004
2021-04-07,0.99,0.0015,0.0034999999999999996,0.001,0.004
2021-04-08,0.99,0.0015,0.0034999999999999996,0.001,0.004
2021-04-09,0.99,0.0015,0.0034999999999999996,0.001,0.004
2021-04-12,0.99,0.0015,0.0034999999999999996,0.001,0.004
2021-04-13,0.99,0.0015,0.0034999999999999996,0.001,0.004
2021-04-14,0.99,0.0015,0.0034999999999999996,0.001,0.004
2021-04-15,0.99,0.0015,0.0034999999999999996,0.001,0.004
2021-04-16,0.99,0.0015,0.0034999999999999996,0.001,0.004
2021-04-19,0.99,0.0015,0.0034999999999999996,0.001,0.004
2021-04-20,0.99,0.0015,0.0034999999999999996,0.001,0.004
2021-04-21,0.99,0.0015,0.0034999999999999996,0.001,0.004
2021-04-22,0.99,0.0015,0.0034999999999999996,0.001,0.004
2021-04-23,0.99,0.0015,0.0034999999999999996,0.001,0.004
2021-04-26,0.99,0.0015,0.0034999999999999996,0.001,0.004
2021-04-27,0.99,0.0015,0.0034999999999999996,0.001,0.004
2021-04-28,0.99,0.0015,0.0034999999999999996,0.001,0.004
2021-04-29,0.99,0.0015,0.0034999999999999996,0.001,0.004
2021-04-30,0.99,0.0015,0.0034999999999999996,0.001,0.004
2021-05-03,0.99,0.0015,0.0034999999999999996,0.001,0.004
2021-05-04,0.99,0.0015,0.0034999999999999996,0.001,0.004
2021-05-05,0.99,0.0015,0.0034999999999999996,0.001,0.004
2021-05-06,0.99,0.0015,0.0034999999999999996,0.001,0.004
2021-05-07,0.99,0.0015,0.0034999999999999996,0.001,0.004
2021-05-10,0.99,0.0015,0.0034999999999999996,0.001,0.004
2021-05-11,0.99,0.0015,0.0034999999999999996,0.001,0.004
2021-05-12,0.99,0.0015,0.0034999999999999996,0.001,0.004
2021-05-13,0.99,0.0015,0.0034999999999999996,0.001,0.004
2021-05-14,0.99,0.0015,0.0034999999999999996,0.001,0.004
2021-05-17,0.99,0.0015,0.0034999999999999996,0.001,0.004
2021-05-18,0.99,0.0015,0.0034999999999999996,0.001,0.004
2021-05-19,0.99,0.0015,0.0034999999999999996,0.001,0.004
2021-05-20,0.99,0.0015,0.0034999999999999996,0.001,0.004
2021-05-21,0.99,0.0015,0.0034999999999999996,0.001,0.004
2021-05-24,0.99,0.0015,0.0034999999999999996,0.001,0.004
2021-05-25,0.99,0.0015,0.0034999999999999996,0.001,0.004
2021-05-26,0.99,0.0015,0.0034999999999999996,0.001,0.004
2021-05-27,0.99,0.0015,0.0034999999999999996,0.001,0.004
2021-05-28,0.99,0.0015,0.0034999999999999996,0.001,0.004
2021-06-01,0.99,0.0015,0.0034999999999999996,0.001,0.004
2021-06-02,0.99,0.0015,0.0034999999999999996,0.001,0.004
2021-06-03,0.99,0.0015,0.0034999999999999996,0.001,0.004
2021-06-04,0.99,0.0015,0.0034999999999999996,0.001,0.004
2021-06-07,0.99,0.0015,0.0034999999999999996,0.001,0.004
2021-06-08,0.99,0.0015,0.0034999999999999996,0.001,0.004
2021-06-09,0.99,0.0015,0.0034999999999999996,0.001,0.004
2021-06-10,0.99,0.0015,0.0034999999999999996,0.001,0.004
2021-06-11,0.99,0.0015,0.0034999999999999996,0.001,0.004
2021-06-14,0.99,0.0015,0.0034999999999999996,0.001,0.004
2021-06-15,0.99,0.0015,0.0034999999999999996,0.001,0.004
2021-06-16,0.99,0.0015,0.0034999999999999996,0.001,0.004
2021-06-17,0.99,0.0015,0.0034999999999999996,0.001,0.004
2021-06-18,0.99,0.0015,0.0034999999999999996,0.001,0.004
2021-06-21,0.99,0.0015,0.0034999999999999996,0.001,0.004
2021-06-22,0.99,0.0015,0.0034999999999999996,0.001,0.004
2021-06-23,0.99,0.0015,0.0034999999999999996,0.001,0.004
2021-06-24,0.99,0.0015,0.0034999999999999996,0.001,0.004
2021-06-25,0.99,0.0015,0.0034999999999999996,0.001,0.004
2021-06-28,0.99,0.0015,0.0034999999999999996,0.001,0.004
2021-06-29,0.99,0.0015,0.0034999999999999996,0.001,0.004
2021-06-30,0.99,0.0015,0.0034999999999999996,0.001,0.004
2021-07-01,0.99,0.0015,0.0034999999999999996,0.001,0.004
2021-07-02,0.99,0.0015,0.0034999999999999996,0.001,0.004
2021-07-06,0.99,0.0015,0.0034999999999999996,0.001,0.004
2021-07-07,0.99,0.0015,0.0034999999999999996,0.001,0.004
2021-07-08,0.99,0.0015,0.0034999999999999996,0.001,0.004
2021-07-09,0.99,0.0015,0.0034999999999999996,0.001,0.004
2021-07-12,0.99,0.0015,0.0034999999999999996,0.001,0.004
2021-07-13,0.99,0.0015,0.0034999999999999996,0.001,0.004
2021-07-14,0.99,0.0015,0.0034999999999999996,0.001,0.004
2021-07-15,0.99,0.0015,0.0034999999999999996,0.001,0.004
2021-07-16,0.99,0.0015,0.0034999999999999996,0.001,0.004
2021-07-19,0.99,0.0015,0.0034999999999999996,0.001,0.004
2021-07-20,0.99,0.0015,0.0034999999999999996,0.001,0.004
2021-07-21,0.99,0.0015,0.0034999999999999996,0.001,0.004
2021-07-22,0.99,0.0015,0.0034999999999999996,0.001,0.004
2021-07-23,0.99,0.0015,0.0034999999999999996,0.001,0.004
2021-07-26,0.99,0.0015,0.0034999999999999996,0.001,0.004
2021-07-27,0.99,0.0015,0.0034999999999999996,0.001,0.004
2021-07-28,0.99,0.0015,0.0034999999999999996,0.001,0.004
2021-07-29,0.99,0.0015,0.0034999999999999996,0.001,0.004
2021-07-30,0.99,0.0015,0.0034999999999999996,0.001,0.004
2021-08-02,0.99,0.0015,0.0034999999999999996,0.001,0.004
2021-08-03,0.99,0.0015,0.0034999999999999996,0.001,0.004
2021-08-04,0.99,0.0015,0.0034999999999999996,0.001,0.004
2021-08-05,0.99,0.0015,0.0034999999999999996,0.001,0.004
2021-08-06,0.99,0.0015,0.0034999999999999996,0.001,0.004
2021-08-09,0.99,0.0015,0.0034999999999999996,0.001,0.004
2021-08-10,0.99,0.0015,0.0034999999999999996,0.001,0.004
2021-08-11,0.99,0.0015,0.0034999999999999996,0.001,0.004
2021-08-12,0.99,0.0015,0.0034999999999999996,0.001,0.004
2021-08-13,0.99,0.0015,0.0034999999999999996,0.001,0.004
2021-08-16,0.99,0.0015,0.0034999999999999996,0.001,0.004
2021-08-17,0.99,0.0015,0.0034999999999999996,0.001,0.004
2021-08-18,0.99,0.0015,0.0034999999999999996,0.001,0.004
2021-08-19,0.99,0.0015,0.0034999999999999996,0.001,0.004
2021-08-20,0.99,0.0015,0.0034999999999999996,0.001,0.004
2021-08-23,0.99,0.0015,0.0034999999999999996,0.001,0.004
2021-08-24,0.99,0.0015,0.0034999999999999996,0.001,0.004
2021-08-25,0.99,0.0015,0.0034999999999999996,0.001,0.004
2021-08-26,0.99,0.0015,0.0034999999999999996,0.001,0.004
2021-08-27,0.99,0.0015,0.0034999999999999996,0.001,0.004
2021-08-30,0.99,0.0015,0.0034999999999999996,0.001,0.004
2021-08-31,0.99,0.0015,0.0034999999999999996,0.001,0.004
2021-09-01,0.99,0.0015,0.0034999999999999996,0.001,0.004
2021-09-02,0.99,0.0015,0.0034999999999999996,0.001,0.004
2021-09-03,0.99,0.0015,0.0034999999999999996,0.001,0.004
2021-09-07,0.99,0.0015,0.0034999999999999996,0.001,0.004
2021-09-08,0.99,0.0015,0.0034999999999999996,0.001,0.004
2021-09-09,0.99,0.0015,0.0034999999999999996,0.001,0.004
2021-09-10,0.99,0.0015,0.0034999999999999996,0.001,0.004
2021-09-13,0.99,0.0015,0.0034999999999999996,0.001,0.004
2021-09-14,0.99,0.0015,0.0034999999999999996,0.001,0.004
2021-09-15,0.99,0.0015,0.0034999999999999996,0.001,0.004
2021-09-16,0.99,0.0015,0.0034999999999999996,0.001,0.004
2021-09-17,0.99,0.0015,0.0034999999999999996,0.001,0.004
2021-09-20,0.99,0.0015,0.0034999999999999996,0.001,0.004
2021-09-21,0.99,0.0015,0.0034999999999999996,0.001,0.004
2021-09-22,0.99,0.0015,0.0034999999999999996,0.001,0.004
2021-09-23,0.99,0.0015,0.0034999999999999996,0.001,0.004
2021-09-24,0.99,0.0015,0.0034999999999999996,0.001,0.004
2021-09-27,0.99,0.0015,0.0034999999999999996,0.001,0.004
2021-09-28,0.99,0.0015,0.0034999999999999996,0.001,0.004
2021-09-29,0.99,0.0015,0.0034999999999999996,0.001,0.004
2021-09-30,0.99,0.0015,0.0034999999999999996,0.001,0.004
2021-10-01,0.99,0.0015,0.0034999999999999996,0.001,0.004
2021-10-04,0.99,0.0015,0.0034999999999999996,0.001,0.004
2021-10-05,0.99,0.0015,0.0034999999999999996,0.001,0.004
2021-10-06,0.99,0.0015,0.0034999999999999996,0.001,0.004
2021-10-07,0.99,0.0015,0.0034999999999999996,0.001,0.004
2021-10-08,0.99,0.0015,0.0034999999999999996,0.001,0.004
2021-10-11,0.99,0.0015,0.0034999999999999996,0.001,0.004
2021-10-12,0.99,0.0015,0.0034999999999999996,0.001,0.004
2021-10-13,0.99,0.0015,0.0034999999999999996,0.001,0.004
2021-10-14,0.99,0.0015,0.0034999999999999996,0.001,0.004
2021-10-15,0.99,0.0015,0.0034999999999999996,0.001,0.004
2021-10-18,0.99,0.0015,0.0034999999999999996,0.001,0.004
2021-10-19,0.99,0.0015,0.0034999999999999996,0.001,0.004
2021-10-20,0.99,0.0015,0.0034999999999999996,0.001,0.004
2021-10-21,0.99,0.0015,0.0034999999999999996,0.001,0.004
2021-10-22,0.99,0.0015,0.0034999999999999996,0.001,0.004
2021-10-25,0.99,0.0015,0.0034999999999999996,0.001,0.004
2021-10-26,0.99,0.0015,0.0034999999999999996,0.001,0.004
2021-10-27,0.99,0.0015,0.0034999999999999996,0.001,0.004
2021-10-28,0.99,0.0015,0.0034999999999999996,0.001,0.004
2021-10-29,0.99,0.0015,0.0034999999999999996,0.001,0.004
2021-11-01,0.99,0.0015,0.0034999999999999996,0.001,0.004
2021-11-02,0.99,0.0015,0.0034999999999999996,0.001,0.004
2021-11-03,0.99,0.0015,0.0034999999999999996,0.001,0.004
2021-11-04,0.99,0.0015,0.0034999999999999996,0.001,0.004
2021-11-05,0.99,0.0015,0.0034999999999999996,0.001,0.004
2021-11-08,0.99,0.0015,0.0034999999999999996,0.001,0.004
2021-11-09,0.99,0.0015,0.0034999999999999996,0.001,0.004
2021-11-10,0.99,0.0015,0.0034999999999999996,0.001,0.004
2021-11-11,0.99,0.0015,0.0034999999999999996,0.001,0.004
2021-11-12,0.99,0.0015,0.0034999999999999996,0.001,0.004
2021-11-15,0.99,0.0015,0.0034999999999999996,0.001,0.004
2021-11-16,0.99,0.0015,0.0034999999999999996,0.001,0.004
2021-11-17,0.99,0.0015,0.0034999999999999996,0.001,0.004
2021-11-18,0.99,0.0015,0.0034999999999999996,0.001,0.004
2021-11-19,0.99,0.0015,0.0034999999999999996,0.001,0.004
2021-11-22,0.99,0.0015,0.0034999999999999996,0.001,0.004
2021-11-23,0.99,0.0015,0.0034999999999999996,0.001,0.004
2021-11-24,0.99,0.0015,0.0034999999999999996,0.001,0.004
2021-11-26,0.99,0.0015,0.0034999999999999996,0.001,0.004
2021-11-29,0.99,0.0015,0.0034999999999999996,0.001,0.004
2021-11-30,0.99,0.0015,0.0034999999999999996,0.001,0.004
2021-12-01,0.99,0.0015,0.0034999999999999996,0.001,0.004
2021-12-02,0.99,0.0015,0.0034999999999999996,0.001,0.004
2021-12-03,0.99,0.0015,0.0034999999999999996,0.001,0.004
2021-12-06,0.99,0.0015,0.0034999999999999996,0.001,0.004
2021-12-07,0.99,0.0015,0.0034999999999999996,0.001,0.004
2021-12-08,0.99,0.0015,0.0034999999999999996,0.001,0.004
2021-12-09,0.99,0.0015,0.0034999999999999996,0.001,0.004
2021-12-10,0.99,0.0015,0.0034999999999999996,0.001,0.004
2021-12-13,0.99,0.0015,0.0034999999999999996,0.001,0.004
2021-12-14,0.99,0.0015,0.0034999999999999996,0.001,0.004
2021-12-15,0.99,0.0015,0.0034999999999999996,0.001,0.004
2021-12-16,0.99,0.0015,0.0034999999999999996,0.001,0.004
2021-12-17,0.99,0.0015,0.0034999999999999996,0.001,0.004
2021-12-20,0.99,0.0015,0.0034999999999999996,0.001,0.004
2021-12-21,0.99,0.0015,0.0034999999999999996,0.001,0.004
2021-12-22,0.99,0.0015,0.0034999999999999996,0.001,0.004
2021-12-23,0.99,0.0015,0.0034999999999999996,0.001,0.004
2021-12-27,0.99,0.0015,0.0034999999999999996,0.001,0.004
2021-12-28,0.99,0.0015,0.0034999999999999996,0.001,0.004
2021-12-29,0.99,0.0015,0.0034999999999999996,0.001,0.004
2021-12-30,0.99,0.0015,0.0034999999999999996,0.001,0.004
2021-12-31,0.99,0.0015,0.0034999999999999996,0.001,0.004
2022-01-03,0.99,0.0015,0.0034999999999999996,0.001,0.004
2022-01-04,0.9704873414697053,0.0044268987795441994,0.010329430485603131,0.0029512658530294667,0.011805063412117867
2022-01-05,0.9704873414697053,0.0044268987795441994,0.010329430485603131,0.0029512658530294667,0.011805063412117867
2022-01-06,0.9704873414697053,0.0044268987795441994,0.010329430485603131,0.0029512658530294667,0.011805063412117867
2022-01-07,0.9704873414697053,0.0044268987795441994,0.010329430485603131,0.0029512658530294667,0.011805063412117867
2022-01-10,0.9704873414697053,0.0044268987795441994,0.010329430485603131,0.0029512658530294667,0.011805063412117867
2022-01-11,0.9704873414697053,0.0044268987795441994,0.010329430485603131,0.0029512658530294667,0.011805063412117867
2022-01-12,0.9704873414697053,0.0044268987795441994,0.010329430485603131,0.0029512658530294667,0.011805063412117867
2022-01-13,0.9704873414697053,0.0044268987795441994,0.010329430485603131,0.0029512658530294667,0.011805063412117867
2022-01-14,0.9704873414697053,0.0044268987795441994,0.010329430485603131,0.0029512658530294667,0.011805063412117867
2022-01-18,0.9704873414697053,0.0044268987795441994,0.010329430485603131,0.0029512658530294667,0.011805063412117867
2022-01-19,0.9704873414697053,0.0044268987795441994,0.010329430485603131,0.0029512658530294667,0.011805063412117867
2022-01-20,0.9704873414697053,0.0044268987795441994,0.010329430485603131,0.0029512658530294667,0.011805063412117867
2022-01-21,0.9704873414697053,0.0044268987795441994,0.010329430485603131,0.0029512658530294667,0.011805063412117867
2022-01-24,0.9704873414697053,0.0044268987795441994,0.010329430485603131,0.0029512658530294667,0.011805063412117867
2022-01-25,0.9704873414697053,0.0044268987795441994,0.010329430485603131,0.0029512658530294667,0.011805063412117867
2022-01-26,0.9704873414697053,0.0044268987795441994,0.010329430485603131,0.0029512658530294667,0.011805063412117867
2022-01-27,0.9704873414697053,0.0044268987795441994,0.010329430485603131,0.0029512658530294667,0.011805063412117867
2022-01-28,0.9704873414697053,0.0044268987795441994,0.010329430485603131,0.0029512658530294667,0.011805063412117867
2022-01-31,0.9704873414697053,0.0044268987795441994,0.010329430485603131,0.0029512658530294667,0.011805063412117867
2022-02-01,0.9704873414697053,0.0044268987795441994,0.010329430485603131,0.0029512658530294667,0.011805063412117867
2022-02-02,0.7648018726352777,0.03527971910470835,0.08231934457765282,0.02351981273647223,0.09407925094588893
2022-02-03,0.7648018726352777,0.03527971910470835,0.08231934457765282,0.02351981273647223,0.09407925094588893
2022-02-04,0.7648018726352777,0.03527971910470835,0.08231934457765282,0.02351981273647223,0.09407925094588893
2022-02-07,0.7648018726352777,0.03527971910470835,0.08231934457765282,0.02351981273647223,0.09407925094588893
2022-02-08,0.7648018726352777,0.03527971910470835,0.08231934457765282,0.02351981273647223,0.09407925094588893
2022-02-09,0.7648018726352777,0.03527971910470835,0.08231934457765282,0.02351981273647223,0.09407925094588893
2022-02-10,0.7648018726352777,0.03527971910470835,0.08231934457765282,0.02351981273647223,0.09407925094588893
2022-02-11,0.7648018726352777,0.03527971910470835,0.08231934457765282,0.02351981273647223,0.09407925094588893
2022-02-14,0.7648018726352777,0.03527971910470835,0.08231934457765282,0.02351981273647223,0.09407925094588893
2022-02-15,0.7648018726352777,0.03527971910470835,0.08231934457765282,0.02351981273647223,0.09407925094588893
2022-02-16,0.7648018726352777,0.03527971910470835,0.08231934457765282,0.02351981273647223,0.09407925094588893
2022-02-17,0.7648018726352777,0.03527971910470835,0.08231934457765282,0.02351981273647223,0.09407925094588893
2022-02-18,0.7648018726352777,0.03527971910470835,0.08231934457765282,0.02351981273647223,0.09407925094588893
2022-02-22,0.7648018726352777,0.03527971910470835,0.08231934457765282,0.02351981273647223,0.09407925094588893
2022-02-23,0.7648018726352777,0.03527971910470835,0.08231934457765282,0.02351981273647223,0.09407925094588893
2022-02-24,0.7648018726352777,0.03527971910470835,0.08231934457765282,0.02351981273647223,0.09407925094588893
2022-02-25,0.7648018726352777,0.03527971910470835,0.08231934457765282,0.02351981273647223,0.09407925094588893
2022-02-28,0.7648018726352777,0.03527971910470835,0.08231934457765282,0.02351981273647223,0.09407925094588893
2022-03-01,0.7648018726352777,0.03527971910470835,0.08231934457765282,0.02351981273647223,0.09407925094588893
2022-03-02,0.6722114143974554,0.04916828784038169,0.11472600496089061,0.03277885856025447,0.13111543424101788
2022-03-03,0.6722114143974554,0.04916828784038169,0.11472600496089061,0.03277885856025447,0.13111543424101788
2022-03-04,0.6722114143974554,0.04916828784038169,0.11472600496089061,0.03277885856025447,0.13111543424101788
2022-03-07,0.6722114143974554,0.04916828784038169,0.11472600496089061,0.03277885856025447,0.13111543424101788
2022-03-08,0.6722114143974554,0.04916828784038169,0.11472600496089061,0.03277885856025447,0.13111543424101788
2022-03-09,0.6722114143974554,0.04916828784038169,0.11472600496089061,0.03277885856025447,0.13111543424101788
2022-03-10,0.6722114143974554,0.04916828784038169,0.11472600496089061,0.03277885856025447,0.13111543424101788
2022-03-11,0.6722114143974554,0.04916828784038169,0.11472600496089061,0.03277885856025447,0.13111543424101788
2022-03-14,0.6722114143974554,0.04916828784038169,0.11472600496089061,0.03277885856025447,0.13111543424101788
2022-03-15,0.6722114143974554,0.04916828784038169,0.11472600496089061,0.03277885856025447,0.13111543424101788
2022-03-16,0.6722114143974554,0.04916828784038169,0.11472600496089061,0.03277885856025447,0.13111543424101788
2022-03-17,0.6722114143974554,0.04916828784038169,0.11472600496089061,0.03277885856025447,0.13111543424101788
2022-03-18,0.6722114143974554,0.04916828784038169,0.11472600496089061,0.03277885856025447,0.13111543424101788
2022-03-21,0.6722114143974554,0.04916828784038169,0.11472600496089061,0.03277885856025447,0.13111543424101788
2022-03-22,0.6722114143974554,0.04916828784038169,0.11472600496089061,0.03277885856025447,0.13111543424101788
2022-03-23,0.6722114143974554,0.04916828784038169,0.11472600496089061,0.03277885856025447,0.13111543424101788
2022-03-24,0.6722114143974554,0.04916828784038169,0.11472600496089061,0.03277885856025447,0.13111543424101788
2022-03-25,0.6722114143974554,0.04916828784038169,0.11472600496089061,0.03277885856025447,0.13111543424101788
2022-03-28,0.6722114143974554,0.04916828784038169,0.11472600496089061,0.03277885856025447,0.13111543424101788
2022-03-29,0.6722114143974554,0.04916828784038169,0.11472600496089061,0.03277885856025447,0.13111543424101788
2022-03-30,0.6722114143974554,0.04916828784038169,0.11472600496089061,0.03277885856025447,0.13111543424101788
2022-03-31,0.6722114143974554,0.04916828784038169,0.11472600496089061,0.03277885856025447,0.13111543424101788
2022-04-01,0.6722114143974554,0.04916828784038169,0.11472600496089061,0.03277885856025447,0.13111543424101788
2022-04-04,0.8262597664471294,0.026061035032930592,0.06080908174350472,0.017374023355287066,0.06949609342114826
2022-04-05,0.8262597664471294,0.026061035032930592,0.06080908174350472,0.017374023355287066,0.06949609342114826
2022-04-06,0.8262597664471294,0.026061035032930592,0.06080908174350472,0.017374023355287066,0.06949609342114826
2022-04-07,0.8262597664471294,0.026061035032930592,0.06080908174350472,0.017374023355287066,0.06949609342114826
2022-04-08,0.8262597664471294,0.026061035032930592,0.06080908174350472,0.017374023355287066,0.06949609342114826
2022-04-11,0.8262597664471294,0.026061035032930592,0.06080908174350472,0.017374023355287066,0.06949609342114826
2022-04-12,0.8262597664471294,0.026061035032930592,0.06080908174350472,0.017374023355287066,0.06949609342114826
2022-04-13,0.8262597664471294,0.026061035032930592,0.06080908174350472,0.017374023355287066,0.06949609342114826
2022-04-14,0.8262597664471294,0.026061035032930592,0.06080908174350472,0.017374023355287066,0.06949609342114826
2022-04-18,0.8262597664471294,0.026061035032930592,0.06080908174350472,0.017374023355287066,0.06949609342114826
2022-04-19,0.8262597664471294,0.026061035032930592,0.06080908174350472,0.017374023355287066,0.06949609342114826
2022-04-20,0.8262597664471294,0.026061035032930592,0.06080908174350472,0.017374023355287066,0.06949609342114826
2022-04-21,0.8262597664471294,0.026061035032930592,0.06080908174350472,0.017374023355287066,0.06949609342114826
2022-04-22,0.8262597664471294,0.026061035032930592,0.06080908174350472,0.017374023355287066,0.06949609342114826
2022-04-25,0.8262597664471294,0.026061035032930592,0.06080908174350472,0.017374023355287066,0.06949609342114826
2022-04-26,0.8262597664471294,0.026061035032930592,0.06080908174350472,0.017374023355287066,0.06949609342114826
2022-04-27,0.8262597664471294,0.026061035032930592,0.06080908174350472,0.017374023355287066,0.06949609342114826
2022-04-28,0.8262597664471294,0.026061035032930592,0.06080908174350472,0.017374023355287066,0.06949609342114826
2022-04-29,0.8262597664471294,0.026061035032930592,0.06080908174350472,0.017374023355287066,0.06949609342114826
2022-05-02,0.8262597664471294,0.026061035032930592,0.06080908174350472,0.017374023355287066,0.06949609342114826
2022-05-03,0.6189952484479004,0.05715071273281494,0.13335166304323487,0.03810047515520996,0.15240190062083983
2022-05-04,0.6189952484479004,0.05715071273281494,0.13335166304323487,0.03810047515520996,0.15240190062083983
2022-05-05,0.6189952484479004,0.05715071273281494,0.13335166304323487,0.03810047515520996,0.15240190062083983
2022-05-06,0.6189952484479004,0.05715071273281494,0.13335166304323487,0.03810047515520996,0.15240190062083983
2022-05-09,0.6189952484479004,0.05715071273281494,0.13335166304323487,0.03810047515520996,0.15240190062083983
2022-05-10,0.6189952484479004,0.05715071273281494,0.13335166304323487,0.03810047515520996,0.15240190062083983
2022-05-11,0.6189952484479004,0.05715071273281494,0.13335166304323487,0.03810047515520996,0.15240190062083983
2022-05-12,0.6189952484479004,0.05715071273281494,0.13335166304323487,0.03810047515520996,0.15240190062083983
2022-05-13,0.6189952484479004,0.05715071273281494,0.13335166304323487,0.03810047515520996,0.15240190062083983
2022-05-16,0.6189952484479004,0.05715071273281494,0.13335166304323487,0.03810047515520996,0.15240190062083983
2022-05-17,0.6189952484479004,0.05715071273281494,0.13335166304323487,0.03810047515520996,0.15240190062083983
2022-05-18,0.6189952484479004,0.05715071273281494,0.13335166304323487,0.03810047515520996,0.15240190062083983
2022-05-19,0.6189952484479004,0.05715071273281494,0.13335166304323487,0.03810047515520996,0.15240190062083983
2022-05-20,0.6189952484479004,0.05715071273281494,0.13335166304323487,0.03810047515520996,0.15240190062083983
2022-05-23,0.6189952484479004,0.05715071273281494,0.13335166304323487,0.03810047515520996,0.15240190062083983
2022-05-24,0.6189952484479004,0.05715071273281494,0.13335166304323487,0.03810047515520996,0.15240190062083983
2022-05-25,0.6189952484479004,0.05715071273281494,0.13335166304323487,0.03810047515520996,0.15240190062083983
2022-05-26,0.6189952484479004,0.05715071273281494,0.13335166304323487,0.03810047515520996,0.15240190062083983
2022-05-27,0.6189952484479004,0.05715071273281494,0.13335166304323487,0.03810047515520996,0.15240190062083983
2022-05-31,0.6189952484479004,0.05715071273281494,0.13335166304323487,0.03810047515520996,0.15240190062083983
2022-06-01,0.6189952484479004,0.05715071273281494,0.13335166304323487,0.03810047515520996,0.15240190062083983
2022-06-02,0.5095487945825934,0.07356768081261099,0.17165792189609227,0.049045120541740664,0.19618048216696266
2022-06-03,0.5095487945825934,0.07356768081261099,0.17165792189609227,0.049045120541740664,0.19618048216696266
2022-06-06,0.5095487945825934,0.07356768081261099,0.17165792189609227,0.049045120541740664,0.19618048216696266
2022-06-07,0.5095487945825934,0.07356768081261099,0.17165792189609227,0.049045120541740664,0.19618048216696266
2022-06-08,0.5095487945825934,0.07356768081261099,0.17165792189609227,0.049045120541740664,0.19618048216696266
2022-06-09,0.5095487945825934,0.07356768081261099,0.17165792189609227,0.049045120541740664,0.19618048216696266
2022-06-10,0.5095487945825934,0.07356768081261099,0.17165792189609227,0.049045120541740664,0.19618048216696266
2022-06-13,0.5095487945825934,0.07356768081261099,0.17165792189609227,0.049045120541740664,0.19618048216696266
2022-06-14,0.5095487945825934,0.07356768081261099,0.17165792189609227,0.049045120541740664,0.19618048216696266
2022-06-15,0.5095487945825934,0.07356768081261099,0.17165792189609227,0.049045120541740664,0.19618048216696266
2022-06-16,0.5095487945825934,0.07356768081261099,0.17165792189609227,0.049045120541740664,0.19618048216696266
2022-06-17,0.5095487945825934,0.07356768081261099,0.17165792189609227,0.049045120541740664,0.19618048216696266
2022-06-21,0.5095487945825934,0.07356768081261099,0.17165792189609227,0.049045120541740664,0.19618048216696266
2022-06-22,0.5095487945825934,0.07356768081261099,0.17165792189609227,0.049045120541740664,0.19618048216696266
2022-06-23,0.5095487945825934,0.07356768081261099,0.17165792189609227,0.049045120541740664,0.19618048216696266
2022-06-24,0.5095487945825934,0.07356768081261099,0.17165792189609227,0.049045120541740664,0.19618048216696266
2022-06-27,0.5095487945825934,0.07356768081261099,0.17165792189609227,0.049045120541740664,0.19618048216696266
2022-06-28,0.5095487945825934,0.07356768081261099,0.17165792189609227,0.049045120541740664,0.19618048216696266
2022-06-29,0.5095487945825934,0.07356768081261099,0.17165792189609227,0.049045120541740664,0.19618048216696266
2022-06-30,0.5095487945825934,0.07356768081261099,0.17165792189609227,0.049045120541740664,0.19618048216696266
2022-07-01,0.5095487945825934,0.07356768081261099,0.17165792189609227,0.049045120541740664,0.19618048216696266
2022-07-05,0.5966997263968686,0.06049504104046971,0.141155095761096,0.04033002736031314,0.16132010944125255
2022-07-06,0.5966997263968686,0.06049504104046971,0.141155095761096,0.04033002736031314,0.16132010944125255
2022-07-07,0.5966997263968686,0.06049504104046971,0.141155095761096,0.04033002736031314,0.16132010944125255
2022-07-08,0.5966997263968686,0.06049504104046971,0.141155095761096,0.04033002736031314,0.16132010944125255
2022-07-11,0.5966997263968686,0.06049504104046971,0.141155095761096,0.04033002736031314,0.16132010944125255
2022-07-12,0.5966997263968686,0.06049504104046971,0.141155095761096,0.04033002736031314,0.16132010944125255
2022-07-13,0.5966997263968686,0.06049504104046971,0.141155095761096,0.04033002736031314,0.16132010944125255
2022-07-14,0.5966997263968686,0.06049504104046971,0.141155095761096,0.04033002736031314,0.16132010944125255
2022-07-15,0.5966997263968686,0.06049504104046971,0.141155095761096,0.04033002736031314,0.16132010944125255
2022-07-18,0.5966997263968686,0.06049504104046971,0.141155095761096,0.04033002736031314,0.16132010944125255
2022-07-19,0.5966997263968686,0.06049504104046971,0.141155095761096,0.04033002736031314,0.16132010944125255
2022-07-20,0.5966997263968686,0.06049504104046971,0.141155095761096,0.04033002736031314,0.16132010944125255
2022-07-21,0.5966997263968686,0.06049504104046971,0.141155095761096,0.04033002736031314,0.16132010944125255
2022-07-22,0.5966997263968686,0.06049504104046971,0.141155095761096,0.04033002736031314,0.16132010944125255
2022-07-25,0.5966997263968686,0.06049504104046971,0.141155095761096,0.04033002736031314,0.16132010944125255
2022-07-26,0.5966997263968686,0.06049504104046971,0.141155095761096,0.04033002736031314,0.16132010944125255
2022-07-27,0.5966997263968686,0.06049504104046971,0.141155095761096,0.04033002736031314,0.16132010944125255
2022-07-28,0.5966997263968686,0.06049504104046971,0.141155095761096,0.04033002736031314,0.16132010944125255
2022-07-29,0.5966997263968686,0.06049504104046971,0.141155095761096,0.04033002736031314,0.16132010944125255
2022-08-01,0.5966997263968686,0.06049504104046971,0.141155095761096,0.04033002736031314,0.16132010944125255
2022-08-02,0.99,0.0015,0.0034999999999999996,0.001,0.004
2022-08-03,0.99,0.0015,0.0034999999999999996,0.001,0.004
2022-08-04,0.99,0.0015,0.0034999999999999996,0.001,0.004
2022-08-05,0.99,0.0015,0.0034999999999999996,0.001,0.004
2022-08-08,0.99,0.0015,0.0034999999999999996,0.001,0.004
2022-08-09,0.99,0.0015,0.0034999999999999996,0.001,0.004
2022-08-10,0.99,0.0015,0.0034999999999999996,0.001,0.004
2022-08-11,0.99,0.0015,0.0034999999999999996,0.001,0.004
2022-08-12,0.99,0.0015,0.0034999999999999996,0.001,0.004
2022-08-15,0.99,0.0015,0.0034999999999999996,0.001,0.004
2022-08-16,0.99,0.0015,0.0034999999999999996,0.001,0.004
2022-08-17,0.99,0.0015,0.0034999999999999996,0.001,0.004
2022-08-18,0.99,0.0015,0.0034999999999999996,0.001,0.004
2022-08-19,0.99,0.0015,0.0034999999999999996,0.001,0.004
2022-08-22,0.99,0.0015,0.0034999999999999996,0.001,0.004
2022-08-23,0.99,0.0015,0.0034999999999999996,0.001,0.004
2022-08-24,0.99,0.0015,0.0034999999999999996,0.001,0.004
2022-08-25,0.99,0.0015,0.0034999999999999996,0.001,0.004
2022-08-26,0.99,0.0015,0.0034999999999999996,0.001,0.004
2022-08-29,0.99,0.0015,0.0034999999999999996,0.001,0.004
2022-08-30,0.99,0.0015,0.0034999999999999996,0.001,0.004
2022-08-31,0.99,0.0015,0.0034999999999999996,0.001,0.004
2022-09-01,0.99,0.0015,0.0034999999999999996,0.001,0.004
2022-09-02,0.8788579331188369,0.018171310032174474,0.042399723408407114,0.012114206688116316,0.048456826752465265
2022-09-06,0.8788579331188369,0.018171310032174474,0.042399723408407114,0.012114206688116316,0.048456826752465265
2022-09-07,0.8788579331188369,0.018171310032174474,0.042399723408407114,0.012114206688116316,0.048456826752465265
2022-09-08,0.8788579331188369,0.018171310032174474,0.042399723408407114,0.012114206688116316,0.048456826752465265
2022-09-09,0.8788579331188369,0.018171310032174474,0.042399723408407114,0.012114206688116316,0.048456826752465265
2022-09-12,0.8788579331188369,0.018171310032174474,0.042399723408407114,0.012114206688116316,0.048456826752465265
2022-09-13,0.8788579331188369,0.018171310032174474,0.042399723408407114,0.012114206688116316,0.048456826752465265
2022-09-14,0.8788579331188369,0.018171310032174474,0.042399723408407114,0.012114206688116316,0.048456826752465265
2022-09-15,0.8788579331188369,0.018171310032174474,0.042399723408407114,0.012114206688116316,0.048456826752465265
2022-09-16,0.8788579331188369,0.018171310032174474,0.042399723408407114,0.012114206688116316,0.048456826752465265
2022-09-19,0.8788579331188369,0.018171310032174474,0.042399723408407114,0.012114206688116316,0.048456826752465265
2022-09-20,0.8788579331188369,0.018171310032174474,0.042399723408407114,0.012114206688116316,0.048456826752465265
2022-09-21,0.8788579331188369,0.018171310032174474,0.042399723408407114,0.012114206688116316,0.048456826752465265
2022-09-22,0.8788579331188369,0.018171310032174474,0.042399723408407114,0.012114206688116316,0.048456826752465265
2022-09-23,0.8788579331188369,0.018171310032174474,0.042399723408407114,0.012114206688116316,0.048456826752465265
2022-09-26,0.8788579331188369,0.018171310032174474,0.042399723408407114,0.012114206688116316,0.048456826752465265
2022-09-27,0.8788579331188369,0.018171310032174474,0.042399723408407114,0.012114206688116316,0.048456826752465265
2022-09-28,0.8788579331188369,0.018171310032174474,0.042399723408407114,0.012114206688116316,0.048456826752465265
2022-09-29,0.8788579331188369,0.018171310032174474,0.042399723408407114,0.012114206688116316,0.048456826752465265
2022-09-30,0.8788579331188369,0.018171310032174474,0.042399723408407114,0.012114206688116316,0.048456826752465265
2022-10-03,0.8788579331188369,0.018171310032174474,0.042399723408407114,0.012114206688116316,0.048456826752465265
2022-10-04,0.705547148045107,0.04416792779323395,0.10305849818421255,0.029445285195489303,0.11778114078195721
2022-10-05,0.705547148045107,0.04416792779323395,0.10305849818421255,0.029445285195489303,0.11778114078195721
2022-10-06,0.705547148045107,0.04416792779323395,0.10305849818421255,0.029445285195489303,0.11778114078195721
2022-10-07,0.705547148045107,0.04416792779323395,0.10305849818421255,0.029445285195489303,0.11778114078195721
2022-10-10,0.705547148045107,0.04416792779323395,0.10305849818421255,0.029445285195489303,0.11778114078195721
2022-10-11,0.705547148045107,0.04416792779323395,0.10305849818421255,0.029445285195489303,0.11778114078195721
2022-10-12,0.705547148045107,0.04416792779323395,0.10305849818421255,0.029445285195489303,0.11778114078195721
2022-10-13,0.705547148045107,0.04416792779323395,0.10305849818421255,0.029445285195489303,0.11778114078195721
2022-10-14,0.705547148045107,0.04416792779323395,0.10305849818421255,0.029445285195489303,0.11778114078195721
2022-10-17,0.705547148045107,0.04416792779323395,0.10305849818421255,0.029445285195489303,0.11778114078195721
2022-10-18,0.705547148045107,0.04416792779323395,0.10305849818421255,0.029445285195489303,0.11778114078195721
2022-10-19,0.705547148045107,0.04416792779323395,0.10305849818421255,0.029445285195489303,0.11778114078195721
2022-10-20,0.705547148045107,0.04416792779323395,0.10305849818421255,0.029445285195489303,0.11778114078195721
2022-10-21,0.705547148045107,0.04416792779323395,0.10305849818421255,0.029445285195489303,0.11778114078195721
2022-10-24,0.705547148045107,0.04416792779323395,0.10305849818421255,0.029445285195489303,0.11778114078195721
2022-10-25,0.705547148045107,0.04416792779323395,0.10305849818421255,0.029445285195489303,0.11778114078195721
2022-10-26,0.705547148045107,0.04416792779323395,0.10305849818421255,0.029445285195489303,0.11778114078195721
2022-10-27,0.705547148045107,0.04416792779323395,0.10305849818421255,0.029445285195489303,0.11778114078195721
2022-10-28,0.705547148045107,0.04416792779323395,0.10305849818421255,0.029445285195489303,0.11778114078195721
2022-10-31,0.705547148045107,0.04416792779323395,0.10305849818421255,0.029445285195489303,0.11778114078195721
2022-11-01,0.705547148045107,0.04416792779323395,0.10305849818421255,0.029445285195489303,0.11778114078195721
2022-11-02,0.6896355650298391,0.04655466524552413,0.10862755223955631,0.031036443497016092,0.12414577398806437
2022-11-03,0.6896355650298391,0.04655466524552413,0.10862755223955631,0.031036443497016092,0.12414577398806437
2022-11-04,0.6896355650298391,0.04655466524552413,0.10862755223955631,0.031036443497016092,0.12414577398806437
2022-11-07,0.6896355650298391,0.04655466524552413,0.10862755223955631,0.031036443497016092,0.12414577398806437
2022-11-08,0.6896355650298391,0.04655466524552413,0.10862755223955631,0.031036443497016092,0.12414577398806437
2022-11-09,0.6896355650298391,0.04655466524552413,0.10862755223955631,0.031036443497016092,0.12414577398806437
2022-11-10,0.6896355650298391,0.04655466524552413,0.10862755223955631,0.031036443497016092,0.12414577398806437
2022-11-11,0.6896355650298391,0.04655466524552413,0.10862755223955631,0.031036443497016092,0.12414577398806437
2022-11-14,0.6896355650298391,0.04655466524552413,0.10862755223955631,0.031036443497016092,0.12414577398806437
2022-11-15,0.6896355650298391,0.04655466524552413,0.10862755223955631,0.031036443497016092,0.12414577398806437
2022-11-16,0.6896355650298391,0.04655466524552413,0.10862755223955631,0.031036443497016092,0.12414577398806437
2022-11-17,0.6896355650298391,0.04655466524552413,0.10862755223955631,0.031036443497016092,0.12414577398806437
2022-11-18,0.6896355650298391,0.04655466524552413,0.10862755223955631,0.031036443497016092,0.12414577398806437
2022-11-21,0.6896355650298391,0.04655466524552413,0.10862755223955631,0.031036443497016092,0.12414577398806437
2022-11-22,0.6896355650298391,0.04655466524552413,0.10862755223955631,0.031036443497016092,0.12414577398806437
2022-11-23,0.6896355650298391,0.04655466524552413,0.10862755223955631,0.031036443497016092,0.12414577398806437
2022-11-25,0.6896355650298391,0.04655466524552413,0.10862755223955631,0.031036443497016092,0.12414577398806437
2022-11-28,0.6896355650298391,0.04655466524552413,0.10862755223955631,0.031036443497016092,0.12414577398806437
2022-11-29,0.6896355650298391,0.04655466524552413,0.10862755223955631,0.031036443497016092,0.12414577398806437
2022-11-30,0.6896355650298391,0.04655466524552413,0.10862755223955631,0.031036443497016092,0.12414577398806437
2022-12-01,0.6896355650298391,0.04655466524552413,0.10862755223955631,0.031036443497016092,0.12414577398806437
2022-12-02,0.7963747754988199,0.030543783675177023,0.07126882857541304,0.02036252245011802,0.08145008980047208
2022-12-05,0.7963747754988199,0.030543783675177023,0.07126882857541304,0.02036252245011802,0.08145008980047208
2022-12-06,0.7963747754988199,0.030543783675177023,0.07126882857541304,0.02036252245011802,0.08145008980047208
2022-12-07,0.7963747754988199,0.030543783675177023,0.07126882857541304,0.02036252245011802,0.08145008980047208
2022-12-08,0.7963747754988199,0.030543783675177023,0.07126882857541304,0.02036252245011802,0.08145008980047208
2022-12-09,0.7963747754988199,0.030543783675177023,0.07126882857541304,0.02036252245011802,0.08145008980047208
2022-12-12,0.7963747754988199,0.030543783675177023,0.07126882857541304,0.02036252245011802,0.08145008980047208
2022-12-13,0.7963747754988199,0.030543783675177023,0.07126882857541304,0.02036252245011802,0.08145008980047208
2022-12-14,0.7963747754988199,0.030543783675177023,0.07126882857541304,0.02036252245011802,0.08145008980047208
2022-12-15,0.7963747754988199,0.030543783675177023,0.07126882857541304,0.02036252245011802,0.08145008980047208
2022-12-16,0.7963747754988199,0.030543783675177023,0.07126882857541304,0.02036252245011802,0.08145008980047208
2022-12-19,0.7963747754988199,0.030543783675177023,0.07126882857541304,0.02036252245011802,0.08145008980047208
2022-12-20,0.7963747754988199,0.030543783675177023,0.07126882857541304,0.02036252245011802,0.08145008980047208
2022-12-21,0.7963747754988199,0.030543783675177023,0.07126882857541304,0.02036252245011802,0.08145008980047208
2022-12-22,0.7963747754988199,0.030543783675177023,0.07126882857541304,0.02036252245011802,0.08145008980047208
2022-12-23,0.7963747754988199,0.030543783675177023,0.07126882857541304,0.02036252245011802,0.08145008980047208
2022-12-27,0.7963747754988199,0.030543783675177023,0.07126882857541304,0.02036252245011802,0.08145008980047208
2022-12-28,0.7963747754988199,0.030543783675177023,0.07126882857541304,0.02036252245011802,0.08145008980047208
2022-12-29,0.7963747754988199,0.030543783675177023,0.07126882857541304,0.02036252245011802,0.08145008980047208
2022-12-30,0.7963747754988199,0.030543783675177023,0.07126882857541304,0.02036252245011802,0.08145008980047208
2023-01-03,0.7963747754988199,0.030543783675177023,0.07126882857541304,0.02036252245011802,0.08145008980047208
2023-01-04,0.9434270849545965,0.00848593725681052,0.01980052026589121,0.005657291504540347,0.022629166018161388
2023-01-05,0.9434270849545965,0.00848593725681052,0.01980052026589121,0.005657291504540347,0.022629166018161388
2023-01-06,0.9434270849545965,0.00848593725681052,0.01980052026589121,0.005657291504540347,0.022629166018161388
2023-01-09,0.9434270849545965,0.00848593725681052,0.01980052026589121,0.005657291504540347,0.022629166018161388
2023-01-10,0.9434270849545965,0.00848593725681052,0.01980052026589121,0.005657291504540347,0.022629166018161388
2023-01-11,0.9434270849545965,0.00848593725681052,0.01980052026589121,0.005657291504540347,0.022629166018161388
2023-01-12,0.9434270849545965,0.00848593725681052,0.01980052026589121,0.005657291504540347,0.022629166018161388
2023-01-13,0.9434270849545965,0.00848593725681052,0.01980052026589121,0.005657291504540347,0.022629166018161388
2023-01-17,0.9434270849545965,0.00848593725681052,0.01980052026589121,0.005657291504540347,0.022629166018161388
2023-01-18,0.9434270849545965,0.00848593725681052,0.01980052026589121,0.005657291504540347,0.022629166018161388
2023-01-19,0.9434270849545965,0.00848593725681052,0.01980052026589121,0.005657291504540347,0.022629166018161388
2023-01-20,0.9434270849545965,0.00848593725681052,0.01980052026589121,0.005657291504540347,0.022629166018161388
2023-01-23,0.9434270849545965,0.00848593725681052,0.01980052026589121,0.005657291504540347,0.022629166018161388
2023-01-24,0.9434270849545965,0.00848593725681052,0.01980052026589121,0.005657291504540347,0.022629166018161388
2023-01-25,0.9434270849545965,0.00848593725681052,0.01980052026589121,0.005657291504540347,0.022629166018161388
2023-01-26,0.9434270849545965,0.00848593725681052,0.01980052026589121,0.005657291504540347,0.022629166018161388
2023-01-27,0.9434270849545965,0.00848593725681052,0.01980052026589121,0.005657291504540347,0.022629166018161388
2023-01-30,0.9434270849545965,0.00848593725681052,0.01980052026589121,0.005657291504540347,0.022629166018161388
2023-01-31,0.9434270849545965,0.00848593725681052,0.01980052026589121,0.005657291504540347,0.022629166018161388
2023-02-01,0.9434270849545965,0.00848593725681052,0.01980052026589121,0.005657291504540347,0.022629166018161388
2023-02-02,0.99,0.0015,0.0034999999999999996,0.001,0.004
2023-02-03,0.99,0.0015,0.0034999999999999996,0.001,0.004
2023-02-06,0.99,0.0015,0.0034999999999999996,0.001,0.004
2023-02-07,0.99,0.0015,0.0034999999999999996,0.001,0.004
2023-02-08,0.99,0.0015,0.0034999999999999996,0.001,0.004
2023-02-09,0.99,0.0015,0.0034999999999999996,0.001,0.004
2023-02-10,0.99,0.0015,0.0034999999999999996,0.001,0.004
2023-02-13,0.99,0.0015,0.0034999999999999996,0.001,0.004
2023-02-14,0.99,0.0015,0.0034999999999999996,0.001,0.004
2023-02-15,0.99,0.0015,0.0034999999999999996,0.001,0.004
2023-02-16,0.99,0.0015,0.0034999999999999996,0.001,0.004
2023-02-17,0.99,0.0015,0.0034999999999999996,0.001,0.004
2023-02-21,0.99,0.0015,0.0034999999999999996,0.001,0.004
2023-02-22,0.99,0.0015,0.0034999999999999996,0.001,0.004
2023-02-23,0.99,0.0015,0.0034999999999999996,0.001,0.004
2023-02-24,0.99,0.0015,0.0034999999999999996,0.001,0.004
2023-02-27,0.99,0.0015,0.0034999999999999996,0.001,0.004
2023-02-28,0.99,0.0015,0.0034999999999999996,0.001,0.004
2023-03-01,0.99,0.0015,0.0034999999999999996,0.001,0.004
2023-03-02,0.9265098076976533,0.01102352884535199,0.02572156730582131,0.00734901923023466,0.02939607692093864
2023-03-03,0.9265098076976533,0.01102352884535199,0.02572156730582131,0.00734901923023466,0.02939607692093864
2023-03-06,0.9265098076976533,0.01102352884535199,0.02572156730582131,0.00734901923023466,0.02939607692093864
2023-03-07,0.9265098076976533,0.01102352884535199,0.02572156730582131,0.00734901923023466,0.02939607692093864
2023-03-08,0.9265098076976533,0.01102352884535199,0.02572156730582131,0.00734901923023466,0.02939607692093864
2023-03-09,0.9265098076976533,0.01102352884535199,0.02572156730582131,0.00734901923023466,0.02939607692093864
2023-03-10,0.9265098076976533,0.01102352884535199,0.02572156730582131,0.00734901923023466,0.02939607692093864
2023-03-13,0.9265098076976533,0.01102352884535199,0.02572156730582131,0.00734901923023466,0.02939607692093864
2023-03-14,0.9265098076976533,0.01102352884535199,0.02572156730582131,0.00734901923023466,0.02939607692093864
2023-03-15,0.9265098076976533,0.01102352884535199,0.02572156730582131,0.00734901923023466,0.02939607692093864
2023-03-16,0.9265098076976533,0.01102352884535199,0.02572156730582131,0.00734901923023466,0.02939607692093864
2023-03-17,0.9265098076976533,0.01102352884535199,0.02572156730582131,0.00734901923023466,0.02939607692093864
2023-03-20,0.9265098076976533,0.01102352884535199,0.02572156730582131,0.00734901923023466,0.02939607692093864
2023-03-21,0.9265098076976533,0.01102352884535199,0.02572156730582131,0.00734901923023466,0.02939607692093864
2023-03-22,0.9265098076976533,0.01102352884535199,0.02572156730582131,0.00734901923023466,0.02939607692093864
2023-03-23,0.9265098076976533,0.01102352884535199,0.02572156730582131,0.00734901923023466,0.02939607692093864
2023-03-24,0.9265098076976533,0.01102352884535199,0.02572156730582131,0.00734901923023466,0.02939607692093864
2023-03-27,0.9265098076976533,0.01102352884535199,0.02572156730582131,0.00734901923023466,0.02939607692093864
2023-03-28,0.9265098076976533,0.01102352884535199,0.02572156730582131,0.00734901923023466,0.02939607692093864
2023-03-29,0.9265098076976533,0.01102352884535199,0.02572156730582131,0.00734901923023466,0.02939607692093864
2023-03-30,0.9265098076976533,0.01102352884535199,0.02572156730582131,0.00734901923023466,0.02939607692093864
2023-03-31,0.9265098076976533,0.01102352884535199,0.02572156730582131,0.00734901923023466,0.02939607692093864
2023-04-03,0.9265098076976533,0.01102352884535199,0.02572156730582131,0.00734901923023466,0.02939607692093864
2023-04-04,0.99,0.0015,0.0034999999999999996,0.001,0.004
2023-04-05,0.99,0.0015,0.0034999999999999996,0.001,0.004
2023-04-06,0.99,0.0015,0.0034999999999999996,0.001,0.004
2023-04-10,0.99,0.0015,0.0034999999999999996,0.001,0.004
2023-04-11,0.99,0.0015,0.0034999999999999996,0.001,0.004
2023-04-12,0.99,0.0015,0.0034999999999999996,0.001,0.004
2023-04-13,0.99,0.0015,0.0034999999999999996,0.001,0.004
2023-04-14,0.99,0.0015,0.0034999999999999996,0.001,0.004
2023-04-17,0.99,0.0015,0.0034999999999999996,0.001,0.004
2023-04-18,0.99,0.0015,0.0034999999999999996,0.001,0.004
2023-04-19,0.99,0.0015,0.0034999999999999996,0.001,0.004
2023-04-20,0.99,0.0015,0.0034999999999999996,0.001,0.004
2023-04-21,0.99,0.0015,0.0034999999999999996,0.001,0.004
2023-04-24,0.99,0.0015,0.0034999999999999996,0.001,0.004
2023-04-25,0.99,0.0015,0.0034999999999999996,0.001,0.004
2023-04-26,0.99,0.0015,0.0034999999999999996,0.001,0.004
2023-04-27,0.99,0.0015,0.0034999999999999996,0.001,0.004
2023-04-28,0.99,0.0015,0.0034999999999999996,0.001,0.004
2023-05-01,0.99,0.0015,0.0034999999999999996,0.001,0.004
2023-05-02,0.99,0.0015,0.0034999999999999996,0.001,0.004
2023-05-03,0.99,0.0015,0.0034999999999999996,0.001,0.004
2023-05-04,0.99,0.0015,0.0034999999999999996,0.001,0.004
2023-05-05,0.99,0.0015,0.0034999999999999996,0.001,0.004
2023-05-08,0.99,0.0015,0.0034999999999999996,0.001,0.004
2023-05-09,0.99,0.0015,0.0034999999999999996,0.001,0.004
2023-05-10,0.99,0.0015,0.0034999999999999996,0.001,0.004
2023-05-11,0.99,0.0015,0.0034999999999999996,0.001,0.004
2023-05-12,0.99,0.0015,0.0034999999999999996,0.001,0.004
2023-05-15,0.99,0.0015,0.0034999999999999996,0.001,0.004
2023-05-16,0.99,0.0015,0.0034999999999999996,0.001,0.004
2023-05-17,0.99,0.0015,0.0034999999999999996,0.001,0.004
2023-05-18,0.99,0.0015,0.0034999999999999996,0.001,0.004
2023-05-19,0.99,0.0015,0.0034999999999999996,0.001,0.004
2023-05-22,0.99,0.0015,0.0034999999999999996,0.001,0.004
2023-05-23,0.99,0.0015,0.0034999999999999996,0.001,0.004
2023-05-24,0.99,0.0015,0.0034999999999999996,0.001,0.004
2023-05-25,0.99,0.0015,0.0034999999999999996,0.001,0.004
2023-05-26,0.99,0.0015,0.0034999999999999996,0.001,0.004
2023-05-30,0.99,0.0015,0.0034999999999999996,0.001,0.004
2023-05-31,0.99,0.0015,0.0034999999999999996,0.001,0.004
2023-06-01,0.99,0.0015,0.0034999999999999996,0.001,0.004
2023-06-02,0.99,0.0015,0.0034999999999999996,0.001,0.004
2023-06-05,0.99,0.0015,0.0034999999999999996,0.001,0.004
2023-06-06,0.99,0.0015,0.0034999999999999996,0.001,0.004
2023-06-07,0.99,0.0015,0.0034999999999999996,0.001,0.004
2023-06-08,0.99,0.0015,0.0034999999999999996,0.001,0.004
2023-06-09,0.99,0.0015,0.0034999999999999996,0.001,0.004
2023-06-12,0.99,0.0015,0.0034999999999999996,0.001,0.004
2023-06-13,0.99,0.0015,0.0034999999999999996,0.001,0.004
2023-06-14,0.99,0.0015,0.0034999999999999996,0.001,0.004
2023-06-15,0.99,0.0015,0.0034999999999999996,0.001,0.004
2023-06-16,0.99,0.0015,0.0034999999999999996,0.001,0.004
2023-06-20,0.99,0.0015,0.0034999999999999996,0.001,0.004
2023-06-21,0.99,0.0015,0.0034999999999999996,0.001,0.004
2023-06-22,0.99,0.0015,0.0034999999999999996,0.001,0.004
2023-06-23,0.99,0.0015,0.0034999999999999996,0.001,0.004
2023-06-26,0.99,0.0015,0.0034999999999999996,0.001,0.004
2023-06-27,0.99,0.0015,0.0034999999999999996,0.001,0.004
2023-06-28,0.99,0.0015,0.0034999999999999996,0.001,0.004
2023-06-29,0.99,0.0015,0.0034999999999999996,0.001,0.004
2023-06-30,0.99,0.0015,0.0034999999999999996,0.001,0.004
2023-07-03,0.99,0.0015,0.0034999999999999996,0.001,0.004
2023-07-05,0.99,0.0015,0.0034999999999999996,0.001,0.004
2023-07-06,0.99,0.0015,0.0034999999999999996,0.001,0.004
2023-07-07,0.99,0.0015,0.0034999999999999996,0.001,0.004
2023-07-10,0.99,0.0015,0.0034999999999999996,0.001,0.004
2023-07-11,0.99,0.0015,0.0034999999999999996,0.001,0.004
2023-07-12,0.99,0.0015,0.0034999999999999996,0.001,0.004
2023-07-13,0.99,0.0015,0.0034999999999999996,0.001,0.004
2023-07-14,0.99,0.0015,0.0034999999999999996,0.001,0.004
2023-07-17,0.99,0.0015,0.0034999999999999996,0.001,0.004
2023-07-18,0.99,0.0015,0.0034999999999999996,0.001,0.004
2023-07-19,0.99,0.0015,0.0034999999999999996,0.001,0.004
2023-07-20,0.99,0.0015,0.0034999999999999996,0.001,0.004
2023-07-21,0.99,0.0015,0.0034999999999999996,0.001,0.004
2023-07-24,0.99,0.0015,0.0034999999999999996,0.001,0.004
2023-07-25,0.99,0.0015,0.0034999999999999996,0.001,0.004
2023-07-26,0.99,0.0015,0.0034999999999999996,0.001,0.004
2023-07-27,0.99,0.0015,0.0034999999999999996,0.001,0.004
2023-07-28,0.99,0.0015,0.0034999999999999996,0.001,0.004
2023-07-31,0.99,0.0015,0.0034999999999999996,0.001,0.004
2023-08-01,0.99,0.0015,0.0034999999999999996,0.001,0.004
2023-08-02,0.99,0.0015,0.0034999999999999996,0.001,0.004
2023-08-03,0.99,0.0015,0.0034999999999999996,0.001,0.004
2023-08-04,0.99,0.0015,0.0034999999999999996,0.001,0.004
2023-08-07,0.99,0.0015,0.0034999999999999996,0.001,0.004
2023-08-08,0.99,0.0015,0.0034999999999999996,0.001,0.004
2023-08-09,0.99,0.0015,0.0034999999999999996,0.001,0.004
2023-08-10,0.99,0.0015,0.0034999999999999996,0.001,0.004
2023-08-11,0.99,0.0015,0.0034999999999999996,0.001,0.004
2023-08-14,0.99,0.0015,0.0034999999999999996,0.001,0.004
2023-08-15,0.99,0.0015,0.0034999999999999996,0.001,0.004
2023-08-16,0.99,0.0015,0.0034999999999999996,0.001,0.004
2023-08-17,0.99,0.0015,0.0034999999999999996,0.001,0.004
2023-08-18,0.99,0.0015,0.0034999999999999996,0.001,0.004
2023-08-21,0.99,0.0015,0.0034999999999999996,0.001,0.004
2023-08-22,0.99,0.0015,0.0034999999999999996,0.001,0.004
2023-08-23,0.99,0.0015,0.0034999999999999996,0.001,0.004
2023-08-24,0.99,0.0015,0.0034999999999999996,0.001,0.004
2023-08-25,0.99,0.0015,0.0034999999999999996,0.001,0.004
2023-08-28,0.99,0.0015,0.0034999999999999996,0.001,0.004
2023-08-29,0.99,0.0015,0.0034999999999999996,0.001,0.004
2023-08-30,0.99,0.0015,0.0034999999999999996,0.001,0.004
2023-08-31,0.99,0.0015,0.0034999999999999996,0.001,0.004
2023-09-01,0.99,0.0015,0.0034999999999999996,0.001,0.004
2023-09-05,0.99,0.0015,0.0034999999999999996,0.001,0.004
2023-09-06,0.99,0.0015,0.0034999999999999996,0.001,0.004
2023-09-07,0.99,0.0015,0.0034999999999999996,0.001,0.004
2023-09-08,0.99,0.0015,0.0034999999999999996,0.001,0.004
2023-09-11,0.99,0.0015,0.0034999999999999996,0.001,0.004
2023-09-12,0.99,0.0015,0.0034999999999999996,0.001,0.004
2023-09-13,0.99,0.0015,0.0034999999999999996,0.001,0.004
2023-09-14,0.99,0.0015,0.0034999999999999996,0.001,0.004
2023-09-15,0.99,0.0015,0.0034999999999999996,0.001,0.004
2023-09-18,0.99,0.0015,0.0034999999999999996,0.001,0.004
2023-09-19,0.99,0.0015,0.0034999999999999996,0.001,0.004
2023-09-20,0.99,0.0015,0.0034999999999999996,0.001,0.004
2023-09-21,0.99,0.0015,0.0034999999999999996,0.001,0.004
2023-09-22,0.99,0.0015,0.0034999999999999996,0.001,0.004
2023-09-25,0.99,0.0015,0.0034999999999999996,0.001,0.004
2023-09-26,0.99,0.0015,0.0034999999999999996,0.001,0.004
2023-09-27,0.99,0.0015,0.0034999999999999996,0.001,0.004
2023-09-28,0.99,0.0015,0.0034999999999999996,0.001,0.004
2023-09-29,0.99,0.0015,0.0034999999999999996,0.001,0.004
2023-10-02,0.99,0.0015,0.0034999999999999996,0.001,0.004
2023-10-03,0.99,0.0015,0.0034999999999999996,0.001,0.004
2023-10-04,0.99,0.0015,0.0034999999999999996,0.001,0.004
2023-10-05,0.99,0.0015,0.0034999999999999996,0.001,0.004
2023-10-06,0.99,0.0015,0.0034999999999999996,0.001,0.004
2023-10-09,0.99,0.0015,0.0034999999999999996,0.001,0.004
2023-10-10,0.99,0.0015,0.0034999999999999996,0.001,0.004
2023-10-11,0.99,0.0015,0.0034999999999999996,0.001,0.004
2023-10-12,0.99,0.0015,0.0034999999999999996,0.001,0.004
2023-10-13,0.99,0.0015,0.0034999999999999996,0.001,0.004
2023-10-16,0.99,0.0015,0.0034999999999999996,0.001,0.004
2023-10-17,0.99,0.0015,0.0034999999999999996,0.001,0.004
2023-10-18,0.99,0.0015,0.0034999999999999996,0.001,0.004
2023-10-19,0.99,0.0015,0.0034999999999999996,0.001,0.004
2023-10-20,0.99,0.0015,0.0034999999999999996,0.001,0.004
2023-10-23,0.99,0.0015,0.0034999999999999996,0.001,0.004
2023-10-24,0.99,0.0015,0.0034999999999999996,0.001,0.004
2023-10-25,0.99,0.0015,0.0034999999999999996,0.001,0.004
2023-10-26,0.99,0.0015,0.0034999999999999996,0.001,0.004
2023-10-27,0.99,0.0015,0.0034999999999999996,0.001,0.004
2023-10-30,0.99,0.0015,0.0034999999999999996,0.001,0.004
2023-10-31,0.99,0.0015,0.0034999999999999996,0.001,0.004
2023-11-01,0.99,0.0015,0.0034999999999999996,0.001,0.004
2023-11-02,0.99,0.0015,0.0034999999999999996,0.001,0.004
2023-11-03,0.99,0.0015,0.0034999999999999996,0.001,0.004
2023-11-06,0.99,0.0015,0.0034999999999999996,0.001,0.004
2023-11-07,0.99,0.0015,0.0034999999999999996,0.001,0.004
2023-11-08,0.99,0.0015,0.0034999999999999996,0.001,0.004
2023-11-09,0.99,0.0015,0.0034999999999999996,0.001,0.004
2023-11-10,0.99,0.0015,0.0034999999999999996,0.001,0.004
2023-11-13,0.99,0.0015,0.0034999999999999996,0.001,0.004
2023-11-14,0.99,0.0015,0.0034999999999999996,0.001,0.004
2023-11-15,0.99,0.0015,0.0034999999999999996,0.001,0.004
2023-11-16,0.99,0.0015,0.0034999999999999996,0.001,0.004
2023-11-17,0.99,0.0015,0.0034999999999999996,0.001,0.004
2023-11-20,0.99,0.0015,0.0034999999999999996,0.001,0.004
2023-11-21,0.99,0.0015,0.0034999999999999996,0.001,0.004
2023-11-22,0.99,0.0015,0.0034999999999999996,0.001,0.004
2023-11-24,0.99,0.0015,0.0034999999999999996,0.001,0.004
2023-11-27,0.99,0.0015,0.0034999999999999996,0.001,0.004
2023-11-28,0.99,0.0015,0.0034999999999999996,0.001,0.004
2023-11-29,0.99,0.0015,0.0034999999999999996,0.001,0.004
2023-11-30,0.99,0.0015,0.0034999999999999996,0.001,0.004
2023-12-01,0.99,0.0015,0.0034999999999999996,0.001,0.004
2023-12-04,0.99,0.0015,0.0034999999999999996,0.001,0.004
2023-12-05,0.99,0.0015,0.0034999999999999996,0.001,0.004
2023-12-06,0.99,0.0015,0.0034999999999999996,0.001,0.004
2023-12-07,0.99,0.0015,0.0034999999999999996,0.001,0.004
2023-12-08,0.99,0.0015,0.0034999999999999996,0.001,0.004
2023-12-11,0.99,0.0015,0.0034999999999999996,0.001,0.004
2023-12-12,0.99,0.0015,0.0034999999999999996,0.001,0.004
2023-12-13,0.99,0.0015,0.0034999999999999996,0.001,0.004
2023-12-14,0.99,0.0015,0.0034999999999999996,0.001,0.004
2023-12-15,0.99,0.0015,0.0034999999999999996,0.001,0.004
2023-12-18,0.99,0.0015,0.0034999999999999996,0.001,0.004
2023-12-19,0.99,0.0015,0.0034999999999999996,0.001,0.004
2023-12-20,0.99,0.0015,0.0034999999999999996,0.001,0.004
2023-12-21,0.99,0.0015,0.0034999999999999996,0.001,0.004
2023-12-22,0.99,0.0015,0.0034999999999999996,0.001,0.004
2023-12-26,0.99,0.0015,0.0034999999999999996,0.001,0.004
2023-12-27,0.99,0.0015,0.0034999999999999996,0.001,0.004
2023-12-28,0.99,0.0015,0.0034999999999999996,0.001,0.004
2023-12-29,0.99,0.0015,0.0034999999999999996,0.001,0.004
2024-01-02,0.99,0.0015,0.0034999999999999996,0.001,0.004
2024-01-03,0.99,0.0015,0.0034999999999999996,0.001,0.004
2024-01-04,0.99,0.0015,0.0034999999999999996,0.001,0.004
2024-01-05,0.99,0.0015,0.0034999999999999996,0.001,0.004
2024-01-08,0.99,0.0015,0.0034999999999999996,0.001,0.004
2024-01-09,0.99,0.0015,0.0034999999999999996,0.001,0.004
2024-01-10,0.99,0.0015,0.0034999999999999996,0.001,0.004
2024-01-11,0.99,0.0015,0.0034999999999999996,0.001,0.004
2024-01-12,0.99,0.0015,0.0034999999999999996,0.001,0.004
2024-01-16,0.99,0.0015,0.0034999999999999996,0.001,0.004
2024-01-17,0.99,0.0015,0.0034999999999999996,0.001,0.004
2024-01-18,0.99,0.0015,0.0034999999999999996,0.001,0.004
2024-01-19,0.99,0.0015,0.0034999999999999996,0.001,0.004
2024-01-22,0.99,0.0015,0.0034999999999999996,0.001,0.004
2024-01-23,0.99,0.0015,0.0034999999999999996,0.001,0.004
2024-01-24,0.99,0.0015,0.0034999999999999996,0.001,0.004
2024-01-25,0.99,0.0015,0.0034999999999999996,0.001,0.004
2024-01-26,0.99,0.0015,0.0034999999999999996,0.001,0.004
2024-01-29,0.99,0.0015,0.0034999999999999996,0.001,0.004
2024-01-30,0.99,0.0015,0.0034999999999999996,0.001,0.004
2024-01-31,0.99,0.0015,0.0034999999999999996,0.001,0.004
2024-02-01,0.99,0.0015,0.0034999999999999996,0.001,0.004
2024-02-02,0.99,0.0015,0.0034999999999999996,0.001,0.004
2024-02-05,0.99,0.0015,0.0034999999999999996,0.001,0.004
2024-02-06,0.99,0.0015,0.0034999999999999996,0.001,0.004
2024-02-07,0.99,0.0015,0.0034999999999999996,0.001,0.004
2024-02-08,0.99,0.0015,0.0034999999999999996,0.001,0.004
2024-02-09,0.99,0.0015,0.0034999999999999996,0.001,0.004
2024-02-12,0.99,0.0015,0.0034999999999999996,0.001,0.004
2024-02-13,0.99,0.0015,0.0034999999999999996,0.001,0.004
2024-02-14,0.99,0.0015,0.0034999999999999996,0.001,0.004
2024-02-15,0.99,0.0015,0.0034999999999999996,0.001,0.004
2024-02-16,0.99,0.0015,0.0034999999999999996,0.001,0.004
2024-02-20,0.99,0.0015,0.0034999999999999996,0.001,0.004
2024-02-21,0.99,0.0015,0.0034999999999999996,0.001,0.004
2024-02-22,0.99,0.0015,0.0034999999999999996,0.001,0.004
2024-02-23,0.99,0.0015,0.0034999999999999996,0.001,0.004
2024-02-26,0.99,0.0015,0.0034999999999999996,0.001,0.004
2024-02-27,0.99,0.0015,0.0034999999999999996,0.001,0.004
2024-02-28,0.99,0.0015,0.0034999999999999996,0.001,0.004
2024-02-29,0.99,0.0015,0.0034999999999999996,0.001,0.004
2024-03-01,0.99,0.0015,0.0034999999999999996,0.001,0.004
2024-03-04,0.99,0.0015,0.0034999999999999996,0.001,0.004
2024-03-05,0.99,0.0015,0.0034999999999999996,0.001,0.004
2024-03-06,0.99,0.0015,0.0034999999999999996,0.001,0.004
2024-03-07,0.99,0.0015,0.0034999999999999996,0.001,0.004
2024-03-08,0.99,0.0015,0.0034999999999999996,0.001,0.004
2024-03-11,0.99,0.0015,0.0034999999999999996,0.001,0.004
2024-03-12,0.99,0.0015,0.0034999999999999996,0.001,0.004
2024-03-13,0.99,0.0015,0.0034999999999999996,0.001,0.004
2024-03-14,0.99,0.0015,0.0034999999999999996,0.001,0.004
2024-03-15,0.99,0.0015,0.0034999999999999996,0.001,0.004
2024-03-18,0.99,0.0015,0.0034999999999999996,0.001,0.004
2024-03-19,0.99,0.0015,0.0034999999999999996,0.001,0.004
2024-03-20,0.99,0.0015,0.0034999999999999996,0.001,0.004
2024-03-21,0.99,0.0015,0.0034999999999999996,0.001,0.004
2024-03-22,0.99,0.0015,0.0034999999999999996,0.001,0.004
2024-03-25,0.99,0.0015,0.0034999999999999996,0.001,0.004
2024-03-26,0.99,0.0015,0.0034999999999999996,0.001,0.004
2024-03-27,0.99,0.0015,0.0034999999999999996,0.001,0.004
2024-03-28,0.99,0.0015,0.0034999999999999996,0.001,0.004
2024-04-01,0.99,0.0015,0.0034999999999999996,0.001,0.004
2024-04-02,0.99,0.0015,0.0034999999999999996,0.001,0.004
2024-04-03,0.99,0.0015,0.0034999999999999996,0.001,0.004
2024-04-04,0.99,0.0015,0.0034999999999999996,0.001,0.004
2024-04-05,0.99,0.0015,0.0034999999999999996,0.001,0.004
2024-04-08,0.99,0.0015,0.0034999999999999996,0.001,0.004
2024-04-09,0.99,0.0015,0.0034999999999999996,0.001,0.004
2024-04-10,0.99,0.0015,0.0034999999999999996,0.001,0.004
2024-04-11,0.99,0.0015,0.0034999999999999996,0.001,0.004
2024-04-12,0.99,0.0015,0.0034999999999999996,0.001,0.004
2024-04-15,0.99,0.0015,0.0034999999999999996,0.001,0.004
2024-04-16,0.99,0.0015,0.0034999999999999996,0.001,0.004
2024-04-17,0.99,0.0015,0.0034999999999999996,0.001,0.004
2024-04-18,0.99,0.0015,0.0034999999999999996,0.001,0.004
2024-04-19,0.99,0.0015,0.0034999999999999996,0.001,0.004
2024-04-22,0.99,0.0015,0.0034999999999999996,0.001,0.004
2024-04-23,0.99,0.0015,0.0034999999999999996,0.001,0.004
2024-04-24,0.99,0.0015,0.0034999999999999996,0.001,0.004
2024-04-25,0.99,0.0015,0.0034999999999999996,0.001,0.004
2024-04-26,0.99,0.0015,0.0034999999999999996,0.001,0.004
2024-04-29,0.99,0.0015,0.0034999999999999996,0.001,0.004
2024-04-30,0.99,0.0015,0.0034999999999999996,0.001,0.004
2024-05-01,0.99,0.0015,0.0034999999999999996,0.001,0.004
2024-05-02,0.99,0.0015,0.0034999999999999996,0.001,0.004
2024-05-03,0.99,0.0015,0.0034999999999999996,0.001,0.004
2024-05-06,0.99,0.0015,0.0034999999999999996,0.001,0.004
2024-05-07,0.99,0.0015,0.0034999999999999996,0.001,0.004
2024-05-08,0.99,0.0015,0.0034999999999999996,0.001,0.004
2024-05-09,0.99,0.0015,0.0034999999999999996,0.001,0.004
2024-05-10,0.99,0.0015,0.0034999999999999996,0.001,0.004
2024-05-13,0.99,0.0015,0.0034999999999999996,0.001,0.004
2024-05-14,0.99,0.0015,0.0034999999999999996,0.001,0.004
2024-05-15,0.99,0.0015,0.0034999999999999996,0.001,0.004
2024-05-16,0.99,0.0015,0.0034999999999999996,0.001,0.004
2024-05-17,0.99,0.0015,0.0034999999999999996,0.001,0.004
2024-05-20,0.99,0.0015,0.0034999999999999996,0.001,0.004
2024-05-21,0.99,0.0015,0.0034999999999999996,0.001,0.004
2024-05-22,0.99,0.0015,0.0034999999999999996,0.001,0.004
2024-05-23,0.99,0.0015,0.0034999999999999996,0.001,0.004
2024-05-24,0.99,0.0015,0.0034999999999999996,0.001,0.004
2024-05-28,0.99,0.0015,0.0034999999999999996,0.001,0.004
2024-05-29,0.99,0.0015,0.0034999999999999996,0.001,0.004
2024-05-30,0.99,0.0015,0.0034999999999999996,0.001,0.004
2024-05-31,0.99,0.0015,0.0034999999999999996,0.001,0.004
2024-06-03,0.99,0.0015,0.0034999999999999996,0.001,0.004
2024-06-04,0.99,0.0015,0.0034999999999999996,0.001,0.004
2024-06-05,0.99,0.0015,0.0034999999999999996,0.001,0.004
2024-06-06,0.99,0.0015,0.0034999999999999996,0.001,0.004
2024-06-07,0.99,0.0015,0.0034999999999999996,0.001,0.004
2024-06-10,0.99,0.0015,0.0034999999999999996,0.001,0.004
2024-06-11,0.99,0.0015,0.0034999999999999996,0.001,0.004
2024-06-12,0.99,0.0015,0.0034999999999999996,0.001,0.004
2024-06-13,0.99,0.0015,0.0034999999999999996,0.001,0.004
2024-06-14,0.99,0.0015,0.0034999999999999996,0.001,0.004
2024-06-17,0.99,0.0015,0.0034999999999999996,0.001,0.004
2024-06-18,0.99,0.0015,0.0034999999999999996,0.001,0.004
2024-06-20,0.99,0.0015,0.0034999999999999996,0.001,0.004
2024-06-21,0.99,0.0015,0.0034999999999999996,0.001,0.004
2024-06-24,0.99,0.0015,0.0034999999999999996,0.001,0.004
2024-06-25,0.99,0.0015,0.0034999999999999996,0.001,0.004
2024-06-26,0.99,0.0015,0.0034999999999999996,0.001,0.004
2024-06-27,0.99,0.0015,0.0034999999999999996,0.001,0.004
2024-06-28,0.99,0.0015,0.0034999999999999996,0.001,0.004
2024-07-01,0.99,0.0015,0.0034999999999999996,0.001,0.004
2024-07-02,0.99,0.0015,0.0034999999999999996,0.001,0.004
2024-07-03,0.99,0.0015,0.0034999999999999996,0.001,0.004
2024-07-05,0.99,0.0015,0.0034999999999999996,0.001,0.004
2024-07-08,0.99,0.0015,0.0034999999999999996,0.001,0.004
2024-07-09,0.99,0.0015,0.0034999999999999996,0.001,0.004
2024-07-10,0.99,0.0015,0.0034999999999999996,0.001,0.004
2024-07-11,0.99,0.0015,0.0034999999999999996,0.001,0.004
2024-07-12,0.99,0.0015,0.0034999999999999996,0.001,0.004
2024-07-15,0.99,0.0015,0.0034999999999999996,0.001,0.004
2024-07-16,0.99,0.0015,0.0034999999999999996,0.001,0.004
2024-07-17,0.99,0.0015,0.0034999999999999996,0.001,0.004
2024-07-18,0.99,0.0015,0.0034999999999999996,0.001,0.004
2024-07-19,0.99,0.0015,0.0034999999999999996,0.001,0.004
2024-07-22,0.99,0.0015,0.0034999999999999996,0.001,0.004
2024-07-23,0.99,0.0015,0.0034999999999999996,0.001,0.004
2024-07-24,0.99,0.0015,0.0034999999999999996,0.001,0.004
2024-07-25,0.99,0.0015,0.0034999999999999996,0.001,0.004
2024-07-26,0.99,0.0015,0.0034999999999999996,0.001,0.004
2024-07-29,0.99,0.0015,0.0034999999999999996,0.001,0.004
2024-07-30,0.99,0.0015,0.0034999999999999996,0.001,0.004
2024-07-31,0.99,0.0015,0.0034999999999999996,0.001,0.004
2024-08-01,0.99,0.0015,0.0034999999999999996,0.001,0.004
2024-08-02,0.853406827272993,0.021988975909051054,0.05130761045445245,0.014659317272700704,0.058637269090802815
2024-08-05,0.853406827272993,0.021988975909051054,0.05130761045445245,0.014659317272700704,0.058637269090802815
2024-08-06,0.853406827272993,0.021988975909051054,0.05130761045445245,0.014659317272700704,0.058637269090802815
2024-08-07,0.853406827272993,0.021988975909051054,0.05130761045445245,0.014659317272700704,0.058637269090802815
2024-08-08,0.853406827272993,0.021988975909051054,0.05130761045445245,0.014659317272700704,0.058637269090802815
2024-08-09,0.853406827272993,0.021988975909051054,0.05130761045445245,0.014659317272700704,0.058637269090802815
2024-08-12,0.853406827272993,0.021988975909051054,0.05130761045445245,0.014659317272700704,0.058637269090802815
2024-08-13,0.853406827272993,0.021988975909051054,0.05130761045445245,0.014659317272700704,0.058637269090802815
2024-08-14,0.853406827272993,0.021988975909051054,0.05130761045445245,0.014659317272700704,0.058637269090802815
2024-08-15,0.853406827272993,0.021988975909051054,0.05130761045445245,0.014659317272700704,0.058637269090802815
2024-08-16,0.853406827272993,0.021988975909051054,0.05130761045445245,0.014659317272700704,0.058637269090802815
2024-08-19,0.853406827272993,0.021988975909051054,0.05130761045445245,0.014659317272700704,0.058637269090802815
2024-08-20,0.853406827272993,0.021988975909051054,0.05130761045445245,0.014659317272700704,0.058637269090802815
2024-08-21,0.853406827272993,0.021988975909051054,0.05130761045445245,0.014659317272700704,0.058637269090802815
2024-08-22,0.853406827272993,0.021988975909051054,0.05130761045445245,0.014659317272700704,0.058637269090802815
2024-08-23,0.853406827272993,0.021988975909051054,0.05130761045445245,0.014659317272700704,0.058637269090802815
2024-08-26,0.853406827272993,0.021988975909051054,0.05130761045445245,0.014659317272700704,0.058637269090802815
2024-08-27,0.853406827272993,0.021988975909051054,0.05130761045445245,0.014659317272700704,0.058637269090802815
2024-08-28,0.853406827272993,0.021988975909051054,0.05130761045445245,0.014659317272700704,0.058637269090802815
2024-08-29,0.853406827272993,0.021988975909051054,0.05130761045445245,0.014659317272700704,0.058637269090802815
2024-08-30,0.853406827272993,0.021988975909051054,0.05130761045445245,0.014659317272700704,0.058637269090802815
2024-09-03,0.853406827272993,0.021988975909051054,0.05130761045445245,0.014659317272700704,0.058637269090802815
2024-09-04,0.9613713490790763,0.0057942976381385475,0.013520027822323276,0.003862865092092365,0.01545146036836946
2024-09-05,0.9613713490790763,0.0057942976381385475,0.013520027822323276,0.003862865092092365,0.01545146036836946
2024-09-06,0.9613713490790763,0.0057942976381385475,0.013520027822323276,0.003862865092092365,0.01545146036836946
2024-09-09,0.9613713490790763,0.0057942976381385475,0.013520027822323276,0.003862865092092365,0.01545146036836946
2024-09-10,0.9613713490790763,0.0057942976381385475,0.013520027822323276,0.003862865092092365,0.01545146036836946
2024-09-11,0.9613713490790763,0.0057942976381385475,0.013520027822323276,0.003862865092092365,0.01545146036836946
2024-09-12,0.9613713490790763,0.0057942976381385475,0.013520027822323276,0.003862865092092365,0.01545146036836946
2024-09-13,0.9613713490790763,0.0057942976381385475,0.013520027822323276,0.003862865092092365,0.01545146036836946
2024-09-16,0.9613713490790763,0.0057942976381385475,0.013520027822323276,0.003862865092092365,0.01545146036836946
2024-09-17,0.9613713490790763,0.0057942976381385475,0.013520027822323276,0.003862865092092365,0.01545146036836946
2024-09-18,0.9613713490790763,0.0057942976381385475,0.013520027822323276,0.003862865092092365,0.01545146036836946
2024-09-19,0.9613713490790763,0.0057942976381385475,0.013520027822323276,0.003862865092092365,0.01545146036836946
2024-09-20,0.9613713490790763,0.0057942976381385475,0.013520027822323276,0.003862865092092365,0.01545146036836946
2024-09-23,0.9613713490790763,0.0057942976381385475,0.013520027822323276,0.003862865092092365,0.01545146036836946
2024-09-24,0.9613713490790763,0.0057942976381385475,0.013520027822323276,0.003862865092092365,0.01545146036836946
2024-09-25,0.9613713490790763,0.0057942976381385475,0.013520027822323276,0.003862865092092365,0.01545146036836946
2024-09-26,0.9613713490790763,0.0057942976381385475,0.013520027822323276,0.003862865092092365,0.01545146036836946
2024-09-27,0.9613713490790763,0.0057942976381385475,0.013520027822323276,0.003862865092092365,0.01545146036836946
2024-09-30,0.9613713490790763,0.0057942976381385475,0.013520027822323276,0.003862865092092365,0.01545146036836946
2024-10-01,0.9613713490790763,0.0057942976381385475,0.013520027822323276,0.003862865092092365,0.01545146036836946
2024-10-02,0.99,0.0015,0.0034999999999999996,0.001,0.004
2024-10-03,0.99,0.0015,0.0034999999999999996,0.001,0.004
2024-10-04,0.99,0.0015,0.0034999999999999996,0.001,0.004
2024-10-07,0.99,0.0015,0.0034999999999999996,0.001,0.004
2024-10-08,0.99,0.0015,0.0034999999999999996,0.001,0.004
2024-10-09,0.99,0.0015,0.0034999999999999996,0.001,0.004
2024-10-10,0.99,0.0015,0.0034999999999999996,0.001,0.004
2024-10-11,0.99,0.0015,0.0034999999999999996,0.001,0.004
2024-10-14,0.99,0.0015,0.0034999999999999996,0.001,0.004
2024-10-15,0.99,0.0015,0.0034999999999999996,0.001,0.004
2024-10-16,0.99,0.0015,0.0034999999999999996,0.001,0.004
2024-10-17,0.99,0.0015,0.0034999999999999996,0.001,0.004
2024-10-18,0.99,0.0015,0.0034999999999999996,0.001,0.004
2024-10-21,0.99,0.0015,0.0034999999999999996,0.001,0.004
2024-10-22,0.99,0.0015,0.0034999999999999996,0.001,0.004
2024-10-23,0.99,0.0015,0.0034999999999999996,0.001,0.004
2024-10-24,0.99,0.0015,0.0034999999999999996,0.001,0.004
2024-10-25,0.99,0.0015,0.0034999999999999996,0.001,0.004
2024-10-28,0.99,0.0015,0.0034999999999999996,0.001,0.004
2024-10-29,0.99,0.0015,0.0034999999999999996,0.001,0.004
2024-10-30,0.99,0.0015,0.0034999999999999996,0.001,0.004
2024-10-31,0.99,0.0015,0.0034999999999999996,0.001,0.004
2024-11-01,0.99,0.0015,0.0034999999999999996,0.001,0.004
2024-11-04,0.99,0.0015,0.0034999999999999996,0.001,0.004
2024-11-05,0.99,0.0015,0.0034999999999999996,0.001,0.004
2024-11-06,0.99,0.0015,0.0034999999999999996,0.001,0.004
2024-11-07,0.99,0.0015,0.0034999999999999996,0.001,0.004
2024-11-08,0.99,0.0015,0.0034999999999999996,0.001,0.004
2024-11-11,0.99,0.0015,0.0034999999999999996,0.001,0.004
2024-11-12,0.99,0.0015,0.0034999999999999996,0.001,0.004
2024-11-13,0.99,0.0015,0.0034999999999999996,0.001,0.004
2024-11-14,0.99,0.0015,0.0034999999999999996,0.001,0.004
2024-11-15,0.99,0.0015,0.0034999999999999996,0.001,0.004
2024-11-18,0.99,0.0015,0.0034999999999999996,0.001,0.004
2024-11-19,0.99,0.0015,0.0034999999999999996,0.001,0.004
2024-11-20,0.99,0.0015,0.0034999999999999996,0.001,0.004
2024-11-21,0.99,0.0015,0.0034999999999999996,0.001,0.004
2024-11-22,0.99,0.0015,0.0034999999999999996,0.001,0.004
2024-11-25,0.99,0.0015,0.0034999999999999996,0.001,0.004
2024-11-26,0.99,0.0015,0.0034999999999999996,0.001,0.004
2024-11-27,0.99,0.0015,0.0034999999999999996,0.001,0.004
2024-11-29,0.99,0.0015,0.0034999999999999996,0.001,0.004
2024-12-02,0.99,0.0015,0.0034999999999999996,0.001,0.004
2024-12-03,0.99,0.0015,0.0034999999999999996,0.001,0.004
2024-12-04,0.99,0.0015,0.0034999999999999996,0.001,0.004
2024-12-05,0.99,0.0015,0.0034999999999999996,0.001,0.004
2024-12-06,0.99,0.0015,0.0034999999999999996,0.001,0.004
2024-12-09,0.99,0.0015,0.0034999999999999996,0.001,0.004
2024-12-10,0.99,0.0015,0.0034999999999999996,0.001,0.004
2024-12-11,0.99,0.0015,0.0034999999999999996,0.001,0.004
2024-12-12,0.99,0.0015,0.0034999999999999996,0.001,0.004
2024-12-13,0.99,0.0015,0.0034999999999999996,0.001,0.004
2024-12-16,0.99,0.0015,0.0034999999999999996,0.001,0.004
2024-12-17,0.99,0.0015,0.0034999999999999996,0.001,0.004
2024-12-18,0.99,0.0015,0.0034999999999999996,0.001,0.004
2024-12-19,0.99,0.0015,0.0034999999999999996,0.001,0.004
2024-12-20,0.99,0.0015,0.0034999999999999996,0.001,0.004
2024-12-23,0.99,0.0015,0.0034999999999999996,0.001,0.004
2024-12-24,0.99,0.0015,0.0034999999999999996,0.001,0.004
2024-12-26,0.99,0.0015,0.0034999999999999996,0.001,0.004
2024-12-27,0.99,0.0015,0.0034999999999999996,0.001,0.004
2024-12-30,0.99,0.0015,0.0034999999999999996,0.001,0.004
2024-12-31,0.99,0.0015,0.0034999999999999996,0.001,0.004
2025-01-02,0.99,0.0015,0.0034999999999999996,0.001,0.004
2025-01-03,0.99,0.0015,0.0034999999999999996,0.001,0.004
2025-01-06,0.99,0.0015,0.0034999999999999996,0.001,0.004
2025-01-07,0.99,0.0015,0.0034999999999999996,0.001,0.004
2025-01-08,0.99,0.0015,0.0034999999999999996,0.001,0.004
2025-01-10,0.99,0.0015,0.0034999999999999996,0.001,0.004
2025-01-13,0.99,0.0015,0.0034999999999999996,0.001,0.004
2025-01-14,0.99,0.0015,0.0034999999999999996,0.001,0.004
2025-01-15,0.99,0.0015,0.0034999999999999996,0.001,0.004
2025-01-16,0.99,0.0015,0.0034999999999999996,0.001,0.004
2025-01-17,0.99,0.0015,0.0034999999999999996,0.001,0.004
2025-01-21,0.99,0.0015,0.0034999999999999996,0.001,0.004
2025-01-22,0.99,0.0015,0.0034999999999999996,0.001,0.004
2025-01-23,0.99,0.0015,0.0034999999999999996,0.001,0.004
2025-01-24,0.99,0.0015,0.0034999999999999996,0.001,0.004
2025-01-27,0.99,0.0015,0.0034999999999999996,0.001,0.004
2025-01-28,0.99,0.0015,0.0034999999999999996,0.001,0.004
2025-01-29,0.99,0.0015,0.0034999999999999996,0.001,0.004
2025-01-30,0.99,0.0015,0.0034999999999999996,0.001,0.004
2025-01-31,0.99,0.0015,0.0034999999999999996,0.001,0.004
2025-02-03,0.99,0.0015,0.0034999999999999996,0.001,0.004
2025-02-04,0.99,0.0015,0.0034999999999999996,0.001,0.004
2025-02-05,0.99,0.0015,0.0034999999999999996,0.001,0.004
2025-02-06,0.99,0.0015,0.0034999999999999996,0.001,0.004
2025-02-07,0.99,0.0015,0.0034999999999999996,0.001,0.004
2025-02-10,0.99,0.0015,0.0034999999999999996,0.001,0.004
2025-02-11,0.99,0.0015,0.0034999999999999996,0.001,0.004
2025-02-12,0.99,0.0015,0.0034999999999999996,0.001,0.004
2025-02-13,0.99,0.0015,0.0034999999999999996,0.001,0.004
2025-02-14,0.99,0.0015,0.0034999999999999996,0.001,0.004
2025-02-18,0.99,0.0015,0.0034999999999999996,0.001,0.004
2025-02-19,0.99,0.0015,0.0034999999999999996,0.001,0.004
2025-02-20,0.99,0.0015,0.0034999999999999996,0.001,0.004
2025-02-21,0.99,0.0015,0.0034999999999999996,0.001,0.004
2025-02-24,0.99,0.0015,0.0034999999999999996,0.001,0.004
2025-02-25,0.99,0.0015,0.0034999999999999996,0.001,0.004
2025-02-26,0.99,0.0015,0.0034999999999999996,0.001,0.004
2025-02-27,0.99,0.0015,0.0034999999999999996,0.001,0.004
2025-02-28,0.99,0.0015,0.0034999999999999996,0.001,0.004
2025-03-03,0.99,0.0015,0.0034999999999999996,0.001,0.004
2025-03-04,0.99,0.0015,0.0034999999999999996,0.001,0.004
2025-03-05,0.99,0.0015,0.0034999999999999996,0.001,0.004
2025-03-06,0.99,0.0015,0.0034999999999999996,0.001,0.004
2025-03-07,0.99,0.0015,0.0034999999999999996,0.001,0.004
2025-03-10,0.99,0.0015,0.0034999999999999996,0.001,0.004
2025-03-11,0.99,0.0015,0.0034999999999999996,0.001,0.004
2025-03-12,0.99,0.0015,0.0034999999999999996,0.001,0.004
2025-03-13,0.99,0.0015,0.0034999999999999996,0.001,0.004
2025-03-14,0.99,0.0015,0.0034999999999999996,0.001,0.004
2025-03-17,0.99,0.0015,0.0034999999999999996,0.001,0.004
2025-03-18,0.99,0.0015,0.0034999999999999996,0.001,0.004
2025-03-19,0.99,0.0015,0.0034999999999999996,0.001,0.004
2025-03-20,0.99,0.0015,0.0034999999999999996,0.001,0.004
2025-03-21,0.99,0.0015,0.0034999999999999996,0.001,0.004
2025-03-24,0.99,0.0015,0.0034999999999999996,0.001,0.004
2025-03-25,0.99,0.0015,0.0034999999999999996,0.001,0.004
2025-03-26,0.99,0.0015,0.0034999999999999996,0.001,0.004
2025-03-27,0.99,0.0015,0.0034999999999999996,0.001,0.004
2025-03-28,0.99,0.0015,0.0034999999999999996,0.001,0.004
2025-03-31,0.99,0.0015,0.0034999999999999996,0.001,0.004
2025-04-01,0.99,0.0015,0.0034999999999999996,0.001,0.004
2025-04-02,0.798508752905692,0.030223687064146198,0.0705219364830078,0.0201491247094308,0.0805964988377232
2025-04-03,0.798508752905692,0.030223687064146198,0.0705219364830078,0.0201491247094308,0.0805964988377232
2025-04-04,0.798508752905692,0.030223687064146198,0.0705219364830078,0.0201491247094308,0.0805964988377232
2025-04-07,0.798508752905692,0.030223687064146198,0.0705219364830078,0.0201491247094308,0.0805964988377232
2025-04-08,0.798508752905692,0.030223687064146198,0.0705219364830078,0.0201491247094308,0.0805964988377232
2025-04-09,0.798508752905692,0.030223687064146198,0.0705219364830078,0.0201491247094308,0.0805964988377232
2025-04-10,0.798508752905692,0.030223687064146198,0.0705219364830078,0.0201491247094308,0.0805964988377232
2025-04-11,0.798508752905692,0.030223687064146198,0.0705219364830078,0.0201491247094308,0.0805964988377232
2025-04-14,0.798508752905692,0.030223687064146198,0.0705219364830078,0.0201491247094308,0.0805964988377232
2025-04-15,0.798508752905692,0.030223687064146198,0.0705219364830078,0.0201491247094308,0.0805964988377232
2025-04-16,0.798508752905692,0.030223687064146198,0.0705219364830078,0.0201491247094308,0.0805964988377232
2025-04-17,0.798508752905692,0.030223687064146198,0.0705219364830078,0.0201491247094308,0.0805964988377232
2025-04-21,0.798508752905692,0.030223687064146198,0.0705219364830078,0.0201491247094308,0.0805964988377232
2025-04-22,0.798508752905692,0.030223687064146198,0.0705219364830078,0.0201491247094308,0.0805964988377232
2025-04-23,0.798508752905692,0.030223687064146198,0.0705219364830078,0.0201491247094308,0.0805964988377232
2025-04-24,0.798508752905692,0.030223687064146198,0.0705219364830078,0.0201491247094308,0.0805964988377232
2025-04-25,0.798508752905692,0.030223687064146198,0.0705219364830078,0.0201491247094308,0.0805964988377232
2025-04-28,0.798508752905692,0.030223687064146198,0.0705219364830078,0.0201491247094308,0.0805964988377232
2025-04-29,0.798508752905692,0.030223687064146198,0.0705219364830078,0.0201491247094308,0.0805964988377232
2025-04-30,0.798508752905692,0.030223687064146198,0.0705219364830078,0.0201491247094308,0.0805964988377232
2025-05-01,0.798508752905692,0.030223687064146198,0.0705219364830078,0.0201491247094308,0.0805964988377232
2025-05-02,0.6753805114882038,0.04869292327676945,0.1136168209791287,0.03246194885117964,0.12984779540471855
2025-05-05,0.6753805114882038,0.04869292327676945,0.1136168209791287,0.03246194885117964,0.12984779540471855
2025-05-06,0.6753805114882038,0.04869292327676945,0.1136168209791287,0.03246194885117964,0.12984779540471855
2025-05-07,0.6753805114882038,0.04869292327676945,0.1136168209791287,0.03246194885117964,0.12984779540471855
2025-05-08,0.6753805114882038,0.04869292327676945,0.1136168209791287,0.03246194885117964,0.12984779540471855
2025-05-09,0.6753805114882038,0.04869292327676945,0.1136168209791287,0.03246194885117964,0.12984779540471855
2025-05-12,0.6753805114882038,0.04869292327676945,0.1136168209791287,0.03246194885117964,0.12984779540471855
2025-05-13,0.6753805114882038,0.04869292327676945,0.1136168209791287,0.03246194885117964,0.12984779540471855
2025-05-14,0.6753805114882038,0.04869292327676945,0.1136168209791287,0.03246194885117964,0.12984779540471855
2025-05-15,0.6753805114882038,0.04869292327676945,0.1136168209791287,0.03246194885117964,0.12984779540471855
2025-05-16,0.6753805114882038,0.04869292327676945,0.1136168209791287,0.03246194885117964,0.12984779540471855
2025-05-19,0.6753805114882038,0.04869292327676945,0.1136168209791287,0.03246194885117964,0.12984779540471855
2025-05-20,0.6753805114882038,0.04869292327676945,0.1136168209791287,0.03246194885117964,0.12984779540471855
2025-05-21,0.6753805114882038,0.04869292327676945,0.1136168209791287,0.03246194885117964,0.12984779540471855
2025-05-22,0.6753805114882038,0.04869292327676945,0.1136168209791287,0.03246194885117964,0.12984779540471855
2025-05-23,0.6753805114882038,0.04869292327676945,0.1136168209791287,0.03246194885117964,0.12984779540471855
2025-05-27,0.6753805114882038,0.04869292327676945,0.1136168209791287,0.03246194885117964,0.12984779540471855
2025-05-28,0.6753805114882038,0.04869292327676945,0.1136168209791287,0.03246194885117964,0.12984779540471855
2025-05-29,0.6753805114882038,0.04869292327676945,0.1136168209791287,0.03246194885117964,0.12984779540471855
2025-05-30,0.6753805114882038,0.04869292327676945,0.1136168209791287,0.03246194885117964,0.12984779540471855
2025-06-02,0.6753805114882038,0.04869292327676945,0.1136168209791287,0.03246194885117964,0.12984779540471855
2025-06-03,0.99,0.0015,0.0034999999999999996,0.001,0.004
2025-06-04,0.99,0.0015,0.0034999999999999996,0.001,0.004
2025-06-05,0.99,0.0015,0.0034999999999999996,0.001,0.004
2025-06-06,0.99,0.0015,0.0034999999999999996,0.001,0.004
2025-06-09,0.99,0.0015,0.0034999999999999996,0.001,0.004
2025-06-10,0.99,0.0015,0.0034999999999999996,0.001,0.004
2025-06-11,0.99,0.0015,0.0034999999999999996,0.001,0.004
2025-06-12,0.99,0.0015,0.0034999999999999996,0.001,0.004
2025-06-13,0.99,0.0015,0.0034999999999999996,0.001,0.004
2025-06-16,0.99,0.0015,0.0034999999999999996,0.001,0.004
2025-06-17,0.99,0.0015,0.0034999999999999996,0.001,0.004
2025-06-18,0.99,0.0015,0.0034999999999999996,0.001,0.004
2025-06-20,0.99,0.0015,0.0034999999999999996,0.001,0.004
2025-06-23,0.99,0.0015,0.0034999999999999996,0.001,0.004
2025-06-24,0.99,0.0015,0.0034999999999999996,0.001,0.004
2025-06-25,0.99,0.0015,0.0034999999999999996,0.001,0.004
2025-06-26,0.99,0.0015,0.0034999999999999996,0.001,0.004
2025-06-27,0.99,0.0015,0.0034999999999999996,0.001,0.004
2025-06-30,0.99,0.0015,0.0034999999999999996,0.001,0.004
2025-07-01,0.99,0.0015,0.0034999999999999996,0.001,0.004
2025-07-02,0.99,0.0015,0.0034999999999999996,0.001,0.004
2025-07-03,0.99,0.0015,0.0034999999999999996,0.001,0.004
2025-07-07,0.99,0.0015,0.0034999999999999996,0.001,0.004
2025-07-08,0.99,0.0015,0.0034999999999999996,0.001,0.004
2025-07-09,0.99,0.0015,0.0034999999999999996,0.001,0.004
2025-07-10,0.99,0.0015,0.0034999999999999996,0.001,0.004
2025-07-11,0.99,0.0015,0.0034999999999999996,0.001,0.004
2025-07-14,0.99,0.0015,0.0034999999999999996,0.001,0.004
2025-07-15,0.99,0.0015,0.0034999999999999996,0.001,0.004
2025-07-16,0.99,0.0015,0.0034999999999999996,0.001,0.004
2025-07-17,0.99,0.0015,0.0034999999999999996,0.001,0.004
2025-07-18,0.99,0.0015,0.0034999999999999996,0.001,0.004
2025-07-21,0.99,0.0015,0.0034999999999999996,0.001,0.004
2025-07-22,0.99,0.0015,0.0034999999999999996,0.001,0.004
2025-07-23,0.99,0.0015,0.0034999999999999996,0.001,0.004
2025-07-24,0.99,0.0015,0.0034999999999999996,0.001,0.004
2025-07-25,0.99,0.0015,0.0034999999999999996,0.001,0.004
2025-07-28,0.99,0.0015,0.0034999999999999996,0.001,0.004
2025-07-29,0.99,0.0015,0.0034999999999999996,0.001,0.004
2025-07-30,0.99,0.0015,0.0034999999999999996,0.001,0.004
2025-07-31,0.99,0.0015,0.0034999999999999996,0.001,0.004
2025-08-01,0.99,0.0015,0.0034999999999999996,0.001,0.004
2025-08-04,0.99,0.0015,0.0034999999999999996,0.001,0.004
2025-08-05,0.99,0.0015,0.0034999999999999996,0.001,0.004
2025-08-06,0.99,0.0015,0.0034999999999999996,0.001,0.004
2025-08-07,0.99,0.0015,0.0034999999999999996,0.001,0.004
2025-08-08,0.99,0.0015,0.0034999999999999996,0.001,0.004
2025-08-11,0.99,0.0015,0.0034999999999999996,0.001,0.004
2025-08-12,0.99,0.0015,0.0034999999999999996,0.001,0.004
2025-08-13,0.99,0.0015,0.0034999999999999996,0.001,0.004
2025-08-14,0.99,0.0015,0.0034999999999999996,0.001,0.004
2025-08-15,0.99,0.0015,0.0034999999999999996,0.001,0.004
2025-08-18,0.99,0.0015,0.0034999999999999996,0.001,0.004
2025-08-19,0.99,0.0015,0.0034999999999999996,0.001,0.004
2025-08-20,0.99,0.0015,0.0034999999999999996,0.001,0.004
2025-08-21,0.99,0.0015,0.0034999999999999996,0.001,0.004
2025-08-22,0.99,0.0015,0.0034999999999999996,0.001,0.004
2025-08-25,0.99,0.0015,0.0034999999999999996,0.001,0.004
2025-08-26,0.99,0.0015,0.0034999999999999996,0.001,0.004
2025-08-27,0.99,0.0015,0.0034999999999999996,0.001,0.004
2025-08-28,0.99,0.0015,0.0034999999999999996,0.001,0.004
2025-08-29,0.99,0.0015,0.0034999999999999996,0.001,0.004
2025-09-02,0.99,0.0015,0.0034999999999999996,0.001,0.004
2025-09-03,0.99,0.0015,0.0034999999999999996,0.001,0.004
2025-09-04,0.99,0.0015,0.0034999999999999996,0.001,0.004
2025-09-05,0.99,0.0015,0.0034999999999999996,0.001,0.004
2025-09-08,0.99,0.0015,0.0034999999999999996,0.001,0.004
2025-09-09,0.99,0.0015,0.0034999999999999996,0.001,0.004
2025-09-10,0.99,0.0015,0.0034999999999999996,0.001,0.004
2025-09-11,0.99,0.0015,0.0034999999999999996,0.001,0.004
2025-09-12,0.99,0.0015,0.0034999999999999996,0.001,0.004
2025-09-15,0.99,0.0015,0.0034999999999999996,0.001,0.004
2025-09-16,0.99,0.0015,0.0034999999999999996,0.001,0.004
2025-09-17,0.99,0.0015,0.0034999999999999996,0.001,0.004
2025-09-18,0.99,0.0015,0.0034999999999999996,0.001,0.004
2025-09-19,0.99,0.0015,0.0034999999999999996,0.001,0.004
2025-09-22,0.99,0.0015,0.0034999999999999996,0.001,0.004
2025-09-23,0.99,0.0015,0.0034999999999999996,0.001,0.004
2025-09-24,0.99,0.0015,0.0034999999999999996,0.001,0.004
2025-09-25,0.99,0.0015,0.0034999999999999996,0.001,0.004
2025-09-26,0.99,0.0015,0.0034999999999999996,0.001,0.004
2025-09-29,0.99,0.0015,0.0034999999999999996,0.001,0.004
2025-09-30,0.99,0.0015,0.0034999999999999996,0.001,0.004
2025-10-01,0.99,0.0015,0.0034999999999999996,0.001,0.004
2025-10-02,0.99,0.0015,0.0034999999999999996,0.001,0.004
2025-10-03,0.99,0.0015,0.0034999999999999996,0.001,0.004
2025-10-06,0.99,0.0015,0.0034999999999999996,0.001,0.004
2025-10-07,0.99,0.0015,0.0034999999999999996,0.001,0.004
2025-10-08,0.99,0.0015,0.0034999999999999996,0.001,0.004
2025-10-09,0.99,0.0015,0.0034999999999999996,0.001,0.004
2025-10-10,0.99,0.0015,0.0034999999999999996,0.001,0.004
2025-10-13,0.99,0.0015,0.0034999999999999996,0.001,0.004
2025-10-14,0.99,0.0015,0.0034999999999999996,0.001,0.004
2025-10-15,0.99,0.0015,0.0034999999999999996,0.001,0.004
2025-10-16,0.99,0.0015,0.0034999999999999996,0.001,0.004
2025-10-17,0.99,0.0015,0.0034999999999999996,0.001,0.004
2025-10-20,0.99,0.0015,0.0034999999999999996,0.001,0.004
2025-10-21,0.99,0.0015,0.0034999999999999996,0.001,0.004
2025-10-22,0.99,0.0015,0.0034999999999999996,0.001,0.004
2025-10-23,0.99,0.0015,0.0034999999999999996,0.001,0.004
2025-10-24,0.99,0.0015,0.0034999999999999996,0.001,0.004
2025-10-27,0.99,0.0015,0.0034999999999999996,0.001,0.004
2025-10-28,0.99,0.0015,0.0034999999999999996,0.001,0.004
2025-10-29,0.99,0.0015,0.0034999999999999996,0.001,0.004
2025-10-30,0.99,0.0015,0.0034999999999999996,0.001,0.004
2025-10-31,0.99,0.0015,0.0034999999999999996,0.001,0.004
2025-11-03,0.99,0.0015,0.0034999999999999996,0.001,0.004
2025-11-04,0.99,0.0015,0.0034999999999999996,0.001,0.004
2025-11-05,0.99,0.0015,0.0034999999999999996,0.001,0.004
2025-11-06,0.99,0.0015,0.0034999999999999996,0.001,0.004
2025-11-07,0.99,0.0015,0.0034999999999999996,0.001,0.004
2025-11-10,0.99,0.0015,0.0034999999999999996,0.001,0.004
2025-11-11,0.99,0.0015,0.0034999999999999996,0.001,0.004
2025-11-12,0.99,0.0015,0.0034999999999999996,0.001,0.004
2025-11-13,0.99,0.0015,0.0034999999999999996,0.001,0.004
2025-11-14,0.99,0.0015,0.0034999999999999996,0.001,0.004
2025-11-17,0.99,0.0015,0.0034999999999999996,0.001,0.004
2025-11-18,0.99,0.0015,0.0034999999999999996,0.001,0.004
2025-11-19,0.99,0.0015,0.0034999999999999996,0.001,0.004
2025-11-20,0.99,0.0015,0.0034999999999999996,0.001,0.004
2025-11-21,0.99,0.0015,0.0034999999999999996,0.001,0.004
2025-11-24,0.99,0.0015,0.0034999999999999996,0.001,0.004
2025-11-25,0.99,0.0015,0.0034999999999999996,0.001,0.004
2025-11-26,0.99,0.0015,0.0034999999999999996,0.001,0.004
2025-11-28,0.99,0.0015,0.0034999999999999996,0.001,0.004
2025-12-01,0.99,0.0015,0.0034999999999999996,0.001,0.004
2025-12-02,0.99,0.0015,0.0034999999999999996,0.001,0.004
2025-12-03,0.99,0.0015,0.0034999999999999996,0.001,0.004
2025-12-04,0.99,0.0015,0.0034999999999999996,0.001,0.004
2025-12-05,0.99,0.0015,0.0034999999999999996,0.001,0.004
2025-12-08,0.99,0.0015,0.0034999999999999996,0.001,0.004
2025-12-09,0.99,0.0015,0.0034999999999999996,0.001,0.004
2025-12-10,0.99,0.0015,0.0034999999999999996,0.001,0.004
2025-12-11,0.99,0.0015,0.0034999999999999996,0.001,0.004
2025-12-12,0.99,0.0015,0.0034999999999999996,0.001,0.004
2025-12-15,0.99,0.0015,0.0034999999999999996,0.001,0.004
2025-12-16,0.99,0.0015,0.0034999999999999996,0.001,0.004
2025-12-17,0.99,0.0015,0.0034999999999999996,0.001,0.004
2025-12-18,0.99,0.0015,0.0034999999999999996,0.001,0.004
2025-12-19,0.99,0.0015,0.0034999999999999996,0.001,0.004
2025-12-22,0.99,0.0015,0.0034999999999999996,0.001,0.004
2025-12-23,0.99,0.0015,0.0034999999999999996,0.001,0.004
2025-12-24,0.99,0.0015,0.0034999999999999996,0.001,0.004
2025-12-26,0.99,0.0015,0.0034999999999999996,0.001,0.004
2025-12-29,0.99,0.0015,0.0034999999999999996,0.001,0.004
2025-12-30,0.99,0.0015,0.0034999999999999996,0.001,0.004
2025-12-31,0.99,0.0015,0.0034999999999999996,0.001,0.004
2026-01-02,0.99,0.0015,0.0034999999999999996,0.001,0.004
2026-01-05,0.99,0.0015,0.0034999999999999996,0.001,0.004
2026-01-06,0.99,0.0015,0.0034999999999999996,0.001,0.004
2026-01-07,0.99,0.0015,0.0034999999999999996,0.001,0.004
2026-01-08,0.99,0.0015,0.0034999999999999996,0.001,0.004
2026-01-09,0.99,0.0015,0.0034999999999999996,0.001,0.004
2026-01-12,0.99,0.0015,0.0034999999999999996,0.001,0.004
2026-01-13,0.99,0.0015,0.0034999999999999996,0.001,0.004
2026-01-14,0.99,0.0015,0.0034999999999999996,0.001,0.004
2026-01-15,0.99,0.0015,0.0034999999999999996,0.001,0.004
2026-01-16,0.99,0.0015,0.0034999999999999996,0.001,0.004
2026-01-20,0.99,0.0015,0.0034999999999999996,0.001,0.004
2026-01-21,0.99,0.0015,0.0034999999999999996,0.001,0.004
2026-01-22,0.99,0.0015,0.0034999999999999996,0.001,0.004
2026-01-23,0.99,0.0015,0.0034999999999999996,0.001,0.004
2026-01-26,0.99,0.0015,0.0034999999999999996,0.001,0.004
2026-01-27,0.99,0.0015,0.0034999999999999996,0.001,0.004
2026-01-28,0.99,0.0015,0.0034999999999999996,0.001,0.004
2026-01-29,0.99,0.0015,0.0034999999999999996,0.001,0.004
2026-01-30,0.99,0.0015,0.0034999999999999996,0.001,0.004
2026-02-02,0.99,0.0015,0.0034999999999999996,0.001,0.004
2026-02-03,0.99,0.0015,0.0034999999999999996,0.001,0.004
2026-02-04,0.99,0.0015,0.0034999999999999996,0.001,0.004
2026-02-05,0.99,0.0015,0.0034999999999999996,0.001,0.004
2026-02-06,0.99,0.0015,0.0034999999999999996,0.001,0.004
2026-02-09,0.99,0.0015,0.0034999999999999996,0.001,0.004
2026-02-10,0.99,0.0015,0.0034999999999999996,0.001,0.004
2026-02-11,0.99,0.0015,0.0034999999999999996,0.001,0.004
2026-02-12,0.99,0.0015,0.0034999999999999996,0.001,0.004
2026-02-13,0.99,0.0015,0.0034999999999999996,0.001,0.004
2026-02-17,0.99,0.0015,0.0034999999999999996,0.001,0.004
2026-02-18,0.99,0.0015,0.0034999999999999996,0.001,0.004
2026-02-19,0.99,0.0015,0.0034999999999999996,0.001,0.004
2026-02-20,0.99,0.0015,0.0034999999999999996,0.001,0.004
2026-02-23,0.99,0.0015,0.0034999999999999996,0.001,0.004
2026-02-24,0.99,0.0015,0.0034999999999999996,0.001,0.004
2026-02-25,0.99,0.0015,0.0034999999999999996,0.001,0.004
2026-02-26,0.99,0.0015,0.0034999999999999996,0.001,0.004
2026-02-27,0.99,0.0015,0.0034999999999999996,0.001,0.004
2026-03-02,0.99,0.0015,0.0034999999999999996,0.001,0.004
2026-03-03,0.99,0.0015,0.0034999999999999996,0.001,0.004
2026-03-04,0.99,0.0015,0.0034999999999999996,0.001,0.004
2026-03-05,0.99,0.0015,0.0034999999999999996,0.001,0.004
2026-03-06,0.99,0.0015,0.0034999999999999996,0.001,0.004
2026-03-09,0.99,0.0015,0.0034999999999999996,0.001,0.004
2026-03-10,0.99,0.0015,0.0034999999999999996,0.001,0.004
2026-03-11,0.99,0.0015,0.0034999999999999996,0.001,0.004
2026-03-12,0.99,0.0015,0.0034999999999999996,0.001,0.004
2026-03-13,0.99,0.0015,0.0034999999999999996,0.001,0.004
2026-03-16,0.99,0.0015,0.0034999999999999996,0.001,0.004
2026-03-17,0.99,0.0015,0.0034999999999999996,0.001,0.004
2026-03-18,0.99,0.0015,0.0034999999999999996,0.001,0.004
2026-03-19,0.99,0.0015,0.0034999999999999996,0.001,0.004
2026-03-20,0.99,0.0015,0.0034999999999999996,0.001,0.004
2026-03-23,0.99,0.0015,0.0034999999999999996,0.001,0.004
2026-03-24,0.99,0.0015,0.0034999999999999996,0.001,0.004
2026-03-25,0.99,0.0015,0.0034999999999999996,0.001,0.004
2026-03-26,0.99,0.0015,0.0034999999999999996,0.001,0.004
2026-03-27,0.99,0.0015,0.0034999999999999996,0.001,0.004
2026-03-30,0.99,0.0015,0.0034999999999999996,0.001,0.004
2026-03-31,0.99,0.0015,0.0034999999999999996,0.001,0.004
2026-04-01,0.99,0.0015,0.0034999999999999996,0.001,0.004
2026-04-02,0.959472848148974,0.006079072777653885,0.014184503147859065,0.00405271518510259,0.01621086074041036
2026-04-06,0.959472848148974,0.006079072777653885,0.014184503147859065,0.00405271518510259,0.01621086074041036
2026-04-07,0.959472848148974,0.006079072777653885,0.014184503147859065,0.00405271518510259,0.01621086074041036
2026-04-08,0.959472848148974,0.006079072777653885,0.014184503147859065,0.00405271518510259,0.01621086074041036
2026-04-09,0.959472848148974,0.006079072777653885,0.014184503147859065,0.00405271518510259,0.01621086074041036
2026-04-10,0.959472848148974,0.006079072777653885,0.014184503147859065,0.00405271518510259,0.01621086074041036
2026-04-13,0.959472848148974,0.006079072777653885,0.014184503147859065,0.00405271518510259,0.01621086074041036
2026-04-14,0.959472848148974,0.006079072777653885,0.014184503147859065,0.00405271518510259,0.01621086074041036
2026-04-15,0.959472848148974,0.006079072777653885,0.014184503147859065,0.00405271518510259,0.01621086074041036
2026-04-16,0.959472848148974,0.006079072777653885,0.014184503147859065,0.00405271518510259,0.01621086074041036
2026-04-17,0.959472848148974,0.006079072777653885,0.014184503147859065,0.00405271518510259,0.01621086074041036
2026-04-20,0.959472848148974,0.006079072777653885,0.014184503147859065,0.00405271518510259,0.01621086074041036
2026-04-21,0.959472848148974,0.006079072777653885,0.014184503147859065,0.00405271518510259,0.01621086074041036
2026-04-22,0.959472848148974,0.006079072777653885,0.014184503147859065,0.00405271518510259,0.01621086074041036
2026-04-23,0.959472848148974,0.006079072777653885,0.014184503147859065,0.00405271518510259,0.01621086074041036
2026-04-24,0.959472848148974,0.006079072777653885,0.014184503147859065,0.00405271518510259,0.01621086074041036
2026-04-27,0.959472848148974,0.006079072777653885,0.014184503147859065,0.00405271518510259,0.01621086074041036
2026-04-28,0.959472848148974,0.006079072777653885,0.014184503147859065,0.00405271518510259,0.01621086074041036
2026-04-29,0.959472848148974,0.006079072777653885,0.014184503147859065,0.00405271518510259,0.01621086074041036
2026-04-30,0.959472848148974,0.006079072777653885,0.014184503147859065,0.00405271518510259,0.01621086074041036
2026-05-01,0.959472848148974,0.006079072777653885,0.014184503147859065,0.00405271518510259,0.01621086074041036
2026-05-04,0.99,0.0015,0.0034999999999999996,0.001,0.004
2026-05-05,0.99,0.0015,0.0034999999999999996,0.001,0.004
2026-05-06,0.99,0.0015,0.0034999999999999996,0.001,0.004
2026-05-07,0.99,0.0015,0.0034999999999999996,0.001,0.004
2026-05-08,0.99,0.0015,0.0034999999999999996,0.001,0.004
2026-05-11,0.99,0.0015,0.0034999999999999996,0.001,0.004
2026-05-12,0.99,0.0015,0.0034999999999999996,0.001,0.004
2026-05-13,0.99,0.0015,0.0034999999999999996,0.001,0.004
2026-05-14,0.99,0.0015,0.0034999999999999996,0.001,0.004
2026-05-15,0.99,0.0015,0.0034999999999999996,0.001,0.004
2026-05-18,0.99,0.0015,0.0034999999999999996,0.001,0.004
2026-05-19,0.99,0.0015,0.0034999999999999996,0.001,0.004
2026-05-20,0.99,0.0015,0.0034999999999999996,0.001,0.004
2026-05-21,0.99,0.0015,0.0034999999999999996,0.001,0.004
2026-05-22,0.99,0.0015,0.0034999999999999996,0.001,0.004
2026-05-26,0.99,0.0015,0.0034999999999999996,0.001,0.004
2026-05-27,0.99,0.0015,0.0034999999999999996,0.001,0.004
2026-05-28,0.99,0.0015,0.0034999999999999996,0.001,0.004
2026-05-29,0.99,0.0015,0.0034999999999999996,0.001,0.004
2026-06-01,0.99,0.0015,0.0034999999999999996,0.001,0.004
2026-06-02,0.99,0.0015,0.0034999999999999996,0.001,0.004
2026-06-03,0.99,0.0015,0.0034999999999999996,0.001,0.004
2026-06-04,0.99,0.0015,0.0034999999999999996,0.001,0.004
2026-06-05,0.99,0.0015,0.0034999999999999996,0.001,0.004
2026-06-08,0.99,0.0015,0.0034999999999999996,0.001,0.004
2026-06-09,0.99,0.0015,0.0034999999999999996,0.001,0.004
2026-06-10,0.99,0.0015,0.0034999999999999996,0.001,0.004
2026-06-11,0.99,0.0015,0.0034999999999999996,0.001,0.004
2026-06-12,0.99,0.0015,0.0034999999999999996,0.001,0.004
2026-06-15,0.99,0.0015,0.0034999999999999996,0.001,0.004
2026-06-16,0.99,0.0015,0.0034999999999999996,0.001,0.004
2026-06-17,0.99,0.0015,0.0034999999999999996,0.001,0.004
2026-06-18,0.99,0.0015,0.0034999999999999996,0.001,0.004
2026-06-22,0.99,0.0015,0.0034999999999999996,0.001,0.004
2026-06-23,0.99,0.0015,0.0034999999999999996,0.001,0.004
2026-06-24,0.99,0.0015,0.0034999999999999996,0.001,0.004
2026-06-25,0.99,0.0015,0.0034999999999999996,0.001,0.004
2026-06-26,0.99,0.0015,0.0034999999999999996,0.001,0.004
2026-06-29,0.99,0.0015,0.0034999999999999996,0.001,0.004
2026-06-30,0.99,0.0015,0.0034999999999999996,0.001,0.004
2026-07-01,0.99,0.0015,0.0034999999999999996,0.001,0.004
2026-07-02,0.6360754567586707,0.054588681486199386,0.12737359013446523,0.036392454324132927,0.1455698172965317
2026-07-06,0.6360754567586707,0.054588681486199386,0.12737359013446523,0.036392454324132927,0.1455698172965317
2026-07-07,0.6360754567586707,0.054588681486199386,0.12737359013446523,0.036392454324132927,0.1455698172965317
2026-07-08,0.6360754567586707,0.054588681486199386,0.12737359013446523,0.036392454324132927,0.1455698172965317
2026-07-09,0.6360754567586707,0.054588681486199386,0.12737359013446523,0.036392454324132927,0.1455698172965317
2026-07-10,0.6360754567586707,0.054588681486199386,0.12737359013446523,0.036392454324132927,0.1455698172965317
2026-07-13,0.6360754567586707,0.054588681486199386,0.12737359013446523,0.036392454324132927,0.1455698172965317
2026-07-14,0.6360754567586707,0.054588681486199386,0.12737359013446523,0.036392454324132927,0.1455698172965317
2026-07-15,0.6360754567586707,0.054588681486199386,0.12737359013446523,0.036392454324132927,0.1455698172965317
2026-07-16,0.6360754567586707,0.054588681486199386,0.12737359013446523,0.036392454324132927,0.1455698172965317
2026-07-17,0.6360754567586707,0.054588681486199386,0.12737359013446523,0.036392454324132927,0.1455698172965317
2026-07-20,0.6360754567586707,0.054588681486199386,0.12737359013446523,0.036392454324132927,0.1455698172965317
2026-07-21,0.6360754567586707,0.054588681486199386,0.12737359013446523,0.036392454324132927,0.1455698172965317
2026-07-22,0.6360754567586707,0.054588681486199386,0.12737359013446523,0.036392454324132927,0.1455698172965317
2026-07-23,0.6360754567586707,0.054588681486199386,0.12737359013446523,0.036392454324132927,0.1455698172965317
2026-07-24,0.6360754567586707,0.054588681486199386,0.12737359013446523,0.036392454324132927,0.1455698172965317
2026-07-27,0.6360754567586707,0.054588681486199386,0.12737359013446523,0.036392454324132927,0.1455698172965317
2026-07-28,0.6360754567586707,0.054588681486199386,0.12737359013446523,0.036392454324132927,0.1455698172965317
2026-07-29,0.6360754567586707,0.054588681486199386,0.12737359013446523,0.036392454324132927,0.1455698172965317
2026-07-30,0.6360754567586707,0.054588681486199386,0.12737359013446523,0.036392454324132927,0.1455698172965317
2026-07-31,0.6360754567586707,0.054588681486199386,0.12737359013446523,0.036392454324132927,0.1455698172965317
2026-08-03,0.6360754567586707,0.054588681486199386,0.12737359013446523,0.036392454324132927,0.1455698172965317
2026-08-04,0.9460531066767781,0.008092033998483288,0.01888141266312767,0.005394689332322192,0.021578757329288767
2026-08-05,0.9460531066767781,0.008092033998483288,0.01888141266312767,0.005394689332322192,0.021578757329288767
2026-08-06,0.9460531066767781,0.008092033998483288,0.01888141266312767,0.005394689332322192,0.021578757329288767
2026-08-07,0.9460531066767781,0.008092033998483288,0.01888141266312767,0.005394689332322192,0.021578757329288767
2026-08-10,0.9460531066767781,0.008092033998483288,0.01888141266312767,0.005394689332322192,0.021578757329288767
